case,steel_element,steel_ip,steel_section_point,first_supported_unload_time_s,first_UHPC_PEEQ_gt1e_5_s,first_DAMAGEC_gt1e_4_s,first_DAMAGET_gt1e_4_s,first_Poisson_corrected_epsstar_y_gt1e_4_s,first_local_w_gt1mm_s,UHPC_plastic_precedes_unload,UHPC_epsstar_precedes_unload,local_w_1mm_precedes_unload,unload_P_over_Pu,UHPC_PEEQ_at_unload,UHPC_DAMAGEC_at_unload,UHPC_DAMAGET_at_unload,w_at_unload_mm,q_R2_at_unload,n_supported_unload_increments,max_raw_local_w_accel_before_unload_mm_s2
BH032,3939,3,5,2.200000762939453,2.200000762939453,2.200000762939453,2.200000762939453,2.25,1.7100005149841309,False,False,True,0.9315094353422024,1.0058549378300086e-05,0.0023010950535535,0.0004318440333008,1.117142949972158,0.5433656421101678,155,3148.3287829291125
BH032,3939,4,1,2.1700000762939453,2.200000762939453,2.200000762939453,2.200000762939453,2.2400007247924805,1.7100005149841309,False,False,True,0.9349501462047892,0.0,0.0,0.0,1.765416121149901,0.5440542664597636,157,694.3512395291544
BH032,3939,4,5,2.200000762939453,2.200000762939453,2.200000762939453,2.200000762939453,2.2400007247924805,1.7100005149841309,False,False,True,0.9315094353422024,1.893752778414637e-05,0.0043323393911123,0.0008313627913594,1.117142949972158,0.5433656421101678,154,3148.3287829291125
BH032,3940,1,1,2.220000743865967,2.2100000381469727,2.200000762939453,2.200000762939453,2.309999942779541,1.720001220703125,True,False,True,0.930355435505378,3.094874045928009e-05,0.0070801451802253,0.0011962531134486,2.4777372019143917,0.549338354556614,176,1050.6952069999156
BH032,3940,1,5,2.1700000762939453,2.2100000381469727,2.200000762939453,2.200000762939453,2.309999942779541,1.720001220703125,False,False,True,0.9349501462047892,0.0,0.0,0.0,1.7326869620068088,0.5440542664597636,138,661.6386249271503
BH032,3940,2,1,2.220000743865967,2.2100000381469727,2.190000057220459,2.200000762939453,2.3299999237060547,1.720001220703125,True,False,True,0.930355435505378,2.2418947992264293e-05,0.0051287845708429,0.0008384839748032,2.4777372019143917,0.549338354556614,180,1050.6952069999156
BH032,3940,2,5,2.1700000762939453,2.2100000381469727,2.190000057220459,2.200000762939453,2.3299999237060547,1.720001220703125,False,False,True,0.9349501462047892,0.0,0.0,0.0,1.7326869620068088,0.5440542664597636,154,661.6386249271503
BH032,3940,3,1,2.25,2.2100000381469727,2.200000762939453,2.200000762939453,2.25,1.720001220703125,True,False,True,0.9393645981332588,6.783020216971636e-05,0.0155175197869539,0.0029355878941714,2.6785783602680526,0.5569912106701215,162,1050.6952069999156
BH032,3940,3,5,2.1700000762939453,2.2100000381469727,2.200000762939453,2.200000762939453,2.25,1.720001220703125,False,False,True,0.9349501462047892,0.0,0.0,0.0,1.7326869620068088,0.5440542664597636,163,661.6386249271503
BH032,3940,4,1,2.25,2.2100000381469727,2.200000762939453,2.200000762939453,2.260000705718994,1.720001220703125,True,False,True,0.9393645981332588,6.110304093454033e-05,0.0139785464853048,0.0025996682234108,2.6785783602680526,0.5569912106701215,166,1050.6952069999156
BH032,3940,4,5,2.1700000762939453,2.2100000381469727,2.200000762939453,2.200000762939453,2.260000705718994,1.720001220703125,False,False,True,0.9349501462047892,0.0,0.0,0.0,1.7326869620068088,0.5440542664597636,163,661.6386249271503
BH032,3943,1,1,2.1700000762939453,2.220000743865967,2.2100000381469727,2.2100000381469727,2.40000057220459,1.8500003814697263,False,False,True,0.9349501462047892,0.0,0.0,0.0,1.111823049737459,0.5440542664597636,146,10104.834828775418
BH032,3943,1,5,2.200000762939453,2.220000743865967,2.2100000381469727,2.2100000381469727,2.40000057220459,1.8500003814697263,False,False,True,0.9315094353422024,0.0,0.0,0.0,-2.189143917112852,0.5433656421101678,138,13480.300263805726
BH032,3943,2,1,2.1700000762939453,2.220000743865967,2.190000057220459,2.200000762939453,2.4200005531311035,1.8500003814697263,False,False,True,0.9349501462047892,0.0,0.0,0.0,1.111823049737459,0.5440542664597636,142,10104.834828775418
BH032,3943,2,5,2.200000762939453,2.220000743865967,2.190000057220459,2.200000762939453,2.4200005531311035,1.8500003814697263,False,False,True,0.9315094353422024,8.132235961966217e-06,0.0018604121869429,0.0003395506064407,-2.189143917112852,0.5433656421101678,143,13480.300263805726
BH032,3943,3,1,2.1700000762939453,2.220000743865967,2.200000762939453,2.200000762939453,2.369999885559082,1.8500003814697263,False,False,True,0.9349501462047892,0.0,0.0,0.0,1.111823049737459,0.5440542664597636,148,10104.834828775418
BH032,3943,3,5,2.200000762939453,2.220000743865967,2.200000762939453,2.200000762939453,2.369999885559082,1.8500003814697263,False,False,True,0.9315094353422024,4.072158844792284e-06,0.0009315881179645,0.0001558932417538,-2.189143917112852,0.5433656421101678,141,13480.300263805726
BH032,3943,4,1,2.1700000762939453,2.220000743865967,2.200000762939453,2.200000762939453,2.40000057220459,1.8500003814697263,False,False,True,0.9349501462047892,0.0,0.0,0.0,1.111823049737459,0.5440542664597636,142,10104.834828775418
BH032,3943,4,5,2.200000762939453,2.220000743865967,2.200000762939453,2.200000762939453,2.40000057220459,1.8500003814697263,False,False,True,0.9315094353422024,6.380522336257855e-06,0.0014596725814044,0.0002516111126169,-2.189143917112852,0.5433656421101678,142,13480.300263805726
BH032,3944,1,1,2.200000762939453,2.200000762939453,2.190000057220459,2.190000057220459,2.460000514984131,1.9200010299682615,False,False,True,0.9315094353422024,1.1548660950211342e-05,0.0026419879868626,0.000487058685394,0.1741306647470093,0.5433656421101678,173,5104.8628244822
BH032,3944,1,5,2.1800007820129395,2.200000762939453,2.190000057220459,2.190000057220459,2.460000514984131,1.9200010299682615,False,False,True,0.9361911662756114,0.0,0.0,0.0,0.6332850907875915,0.5895648036156111,159,3807.154227910639
BH032,3944,2,1,2.2100000381469727,2.200000762939453,2.1800007820129395,2.1800007820129395,2.530001163482666,1.9200010299682615,True,False,True,0.9291291063031646,1.6052150385803543e-05,0.0036722517106682,0.0007234349031932,0.2312341223901034,0.5682717469071539,159,5104.8628244822
BH032,3944,2,5,2.1800007820129395,2.200000762939453,2.1800007820129395,2.1800007820129395,2.530001163482666,1.9200010299682615,False,False,True,0.9361911662756114,2.1504893084056675e-06,0.0004919675993733,0.0001020235504256,0.6332850907875915,0.5895648036156111,162,3807.154227910639
BH032,3944,3,1,2.2100000381469727,2.200000762939453,2.200000762939453,2.200000762939453,2.4500012397766118,1.9200010299682615,True,False,True,0.9291291063031646,1.2670193427766208e-05,0.0028985610697418,0.0005332283908501,0.2312341223901034,0.5682717469071539,171,5104.8628244822
BH032,3944,3,5,2.1800007820129395,2.200000762939453,2.200000762939453,2.200000762939453,2.4500012397766118,1.9200010299682615,False,False,True,0.9361911662756114,0.0,0.0,0.0,0.6332850907875915,0.5895648036156111,151,3807.154227910639
BH032,3944,4,1,2.2100000381469727,2.200000762939453,2.190000057220459,2.190000057220459,2.470001220703125,1.9200010299682615,True,False,True,0.9291291063031646,1.6986066839308478e-05,0.003885903628543,0.0007442322093993,0.2312341223901034,0.5682717469071539,156,5104.8628244822
BH032,3944,4,5,2.1800007820129395,2.200000762939453,2.190000057220459,2.190000057220459,2.470001220703125,1.9200010299682615,False,False,True,0.9361911662756114,0.0,0.0,0.0,0.6332850907875915,0.5895648036156111,152,3807.154227910639
BH032,3945,1,1,2.2100000381469727,2.220000743865967,2.200000762939453,2.2100000381469727,4.670000553131104,2.160000801086426,False,False,True,0.9291291063031646,2.893960072469781e-06,0.0006620514323003,0.000127617153339,1.5606154879918537,0.5682717469071539,185,961.1000289534727
BH032,3945,2,1,2.2100000381469727,2.220000743865967,2.220000743865967,2.220000743865967,,2.160000801086426,False,False,True,0.9291291063031646,0.0,0.0,0.0,1.5606154879918537,0.5682717469071539,183,961.1000289534727
BH032,3945,3,1,2.2100000381469727,2.220000743865967,2.220000743865967,2.220000743865967,,2.160000801086426,False,False,True,0.9291291063031646,0.0,0.0,0.0,1.5606154879918537,0.5682717469071539,160,961.1000289534727
BH032,3945,4,1,2.2100000381469727,2.2300000190734863,2.220000743865967,2.220000743865967,,2.160000801086426,False,False,True,0.9291291063031646,0.0,0.0,0.0,1.5606154879918537,0.5682717469071539,170,961.1000289534727
BH032,3988,1,1,2.190000057220459,2.1700000762939453,2.1000008583068848,2.1100001335144043,2.200000762939453,1.7900004386901855,True,False,True,0.9339128807579702,4.257287946529687e-05,0.0097394008189439,0.0024321291130036,1.299367910490175,0.5334532296602421,166,8234.287077859108
BH032,3988,1,5,2.1700000762939453,2.1700000762939453,2.1000008583068848,2.1100001335144043,2.200000762939453,1.7900004386901855,False,False,True,0.9349501462047892,1.6046913515310735e-05,0.0036710535641759,0.0008987031178548,1.5317075979892651,0.5440542664597636,149,818.9467942469828
BH032,3988,2,1,2.190000057220459,2.1700000762939453,2.130000114440918,2.140000820159912,2.200000762939453,1.7900004386901855,True,False,True,0.9339128807579702,4.785549026564695e-05,0.010947904549539,0.0027400366961956,1.299367910490175,0.5334532296602421,149,8234.287077859108
BH032,3988,2,5,2.1700000762939453,2.1700000762939453,2.130000114440918,2.140000820159912,2.200000762939453,1.7900004386901855,False,False,True,0.9349501462047892,1.5178294233919589e-05,0.0034723395947366,0.0008317261235788,1.5317075979892651,0.5440542664597636,156,818.9467942469828
BH032,3988,3,1,2.190000057220459,2.1800007820129395,2.1700000762939453,2.1800007820129395,2.2100000381469727,1.7900004386901855,True,False,True,0.9339128807579702,2.3105536456569095e-05,0.0052858553826808,0.0012455076212063,1.299367910490175,0.5334532296602421,161,8234.287077859108
BH032,3988,3,5,2.1800007820129395,2.1800007820129395,2.1700000762939453,2.1800007820129395,2.2100000381469727,1.7900004386901855,False,False,True,0.9361911662756114,2.265787588839885e-05,0.0051834438927471,0.0012205390958115,1.7618602567666046,0.5895648036156111,140,7265.238690006592
BH032,3988,4,1,2.190000057220459,2.1800007820129395,2.1700000762939453,2.1700000762939453,2.2100000381469727,1.7900004386901855,True,False,True,0.9339128807579702,2.968724220409058e-05,0.0067915525287389,0.0016300969291478,1.299367910490175,0.5334532296602421,148,8234.287077859108
BH032,3988,4,5,2.1800007820129395,2.1800007820129395,2.1700000762939453,2.1700000762939453,2.2100000381469727,1.7900004386901855,False,False,True,0.9361911662756114,2.5490944608463902e-05,0.0058315652422606,0.0013889253605157,1.7618602567666046,0.5895648036156111,153,7265.238690006592
BH032,3989,1,1,2.1700000762939453,2.1700000762939453,2.140000820159912,2.150000095367432,2.200000762939453,1.7900004386901855,False,False,True,0.9349501462047892,1.2826157217205036e-05,0.0029342407360672,0.0007017436437308,1.5186005304027568,0.5440542664597636,164,596.9434656480926
BH032,3989,1,5,2.200000762939453,2.1700000762939453,2.140000820159912,2.150000095367432,2.200000762939453,1.7900004386901855,True,False,True,0.9315094353422024,7.305335020646453e-05,0.0167124196887016,0.0041645155288279,0.7923556715182662,0.5433656421101678,152,3075.880578062713
BH032,3989,2,1,2.1700000762939453,2.1700000762939453,2.150000095367432,2.150000095367432,2.200000762939453,1.7900004386901855,False,False,True,0.9349501462047892,1.1770705896196889e-05,0.0026927851140499,0.0006394312367774,1.5186005304027568,0.5440542664597636,157,596.9434656480926
BH032,3989,2,5,2.200000762939453,2.1700000762939453,2.150000095367432,2.150000095367432,2.200000762939453,1.7900004386901855,True,False,True,0.9315094353422024,7.707306940574199e-05,0.0176320113241672,0.0044136135838925,0.7923556715182662,0.5433656421101678,156,3075.880578062713
BH032,3989,3,1,2.1700000762939453,2.1800007820129395,2.1700000762939453,2.1800007820129395,2.2100000381469727,1.7900004386901855,False,False,True,0.9349501462047892,5.9001109775636e-07,0.0001349768863292,3.1066683732206e-05,1.5186005304027568,0.5440542664597636,172,596.9434656480926
BH032,3989,3,5,2.220000743865967,2.1800007820129395,2.1700000762939453,2.1800007820129395,2.2100000381469727,1.7900004386901855,True,True,True,0.930355435505378,0.0001004530568025,0.0229806527495384,0.0055816196836531,0.4170047654910234,0.549338354556614,149,3373.63909438046
BH032,3989,4,1,2.1700000762939453,2.1800007820129395,2.1700000762939453,2.1800007820129395,2.2100000381469727,1.7900004386901855,False,False,True,0.9349501462047892,9.08295760382316e-07,0.0002077909011859,4.8042555135907605e-05,1.5186005304027568,0.5440542664597636,172,596.9434656480926
BH032,3989,4,5,2.2300000190734863,2.1800007820129395,2.1700000762939453,2.1800007820129395,2.2100000381469727,1.7900004386901855,True,True,True,0.934560796600502,0.0001041476352838,0.0238258615136146,0.0057993810623884,0.7640733623314283,0.5508860327448025,160,3373.63909438046
BH032,3990,1,1,2.25,2.1800007820129395,2.1700000762939453,2.1700000762939453,2.2100000381469727,1.8100004196166992,True,True,True,0.9393645981332588,0.0001384186180075,0.0316660366952419,0.0075490083545446,2.333495791362035,0.5569912106701215,169,906.5281200709244
BH032,3990,1,5,2.1700000762939453,2.1800007820129395,2.1700000762939453,2.1700000762939453,2.2100000381469727,1.8100004196166992,False,False,True,0.9349501462047892,6.755774393241154e-06,0.0015455189859494,0.0003531689289957,1.491490173200099,0.5440542664597636,160,583.186467309162
BH032,3990,2,1,2.25,2.1800007820129395,2.1700000762939453,2.1700000762939453,2.2100000381469727,1.8100004196166992,True,True,True,0.9393645981332588,0.0001323789765592,0.0302843488752841,0.0072151441127061,2.333495791362035,0.5569912106701215,170,906.5281200709244
BH032,3990,2,5,2.1700000762939453,2.1800007820129395,2.1700000762939453,2.1700000762939453,2.2100000381469727,1.8100004196166992,False,False,True,0.9349501462047892,7.09610549165518e-06,0.0016233766218647,0.0003715599887073,1.491490173200099,0.5440542664597636,171,583.186467309162
BH032,3990,3,1,2.220000743865967,2.1800007820129395,2.1800007820129395,2.1800007820129395,2.220000743865967,1.8100004196166992,True,False,True,0.930355435505378,8.392997551709414e-05,0.0192006658762693,0.0041867806576192,2.159027409099167,0.549338354556614,178,906.5281200709244
BH032,3990,3,5,2.1700000762939453,2.1800007820129395,2.1800007820129395,2.1800007820129395,2.220000743865967,1.8100004196166992,False,False,True,0.9349501462047892,0.0,0.0,0.0,1.491490173200099,0.5440542664597636,148,583.186467309162
BH032,3990,4,1,2.220000743865967,2.1800007820129395,2.1800007820129395,2.1800007820129395,2.220000743865967,1.8100004196166992,True,False,True,0.930355435505378,8.107674511848018e-05,0.0185479335486888,0.0040587713010609,2.159027409099167,0.549338354556614,178,906.5281200709244
BH032,3990,4,5,2.1700000762939453,2.1800007820129395,2.1800007820129395,2.1800007820129395,2.220000743865967,1.8100004196166992,False,False,True,0.9349501462047892,0.0,0.0,0.0,1.491490173200099,0.5440542664597636,158,583.186467309162
BH032,3993,1,1,2.1700000762939453,2.200000762939453,2.1800007820129395,2.1800007820129395,2.2300000190734863,1.9400010108947756,False,False,True,0.9349501462047892,0.0,0.0,0.0,0.8765952504891086,0.5440542664597636,150,10008.473128227766
BH032,3993,1,5,2.200000762939453,2.200000762939453,2.1800007820129395,2.1800007820129395,2.2300000190734863,1.9400010108947756,False,False,True,0.9315094353422024,3.3772328606573865e-05,0.0077260979451239,0.0015213160077109,-2.437721005728546,0.5433656421101678,139,13417.204541455929
BH032,3993,2,1,2.1700000762939453,2.200000762939453,2.1800007820129395,2.1800007820129395,2.220000743865967,1.9400010108947756,False,False,True,0.9349501462047892,5.6076650878367225e-08,1.2828659237129614e-05,2.8172639758849982e-06,0.8765952504891086,0.5440542664597636,140,10008.473128227766
BH032,3993,2,5,2.200000762939453,2.200000762939453,2.1800007820129395,2.1800007820129395,2.220000743865967,1.9400010108947756,False,False,True,0.9315094353422024,3.625980389188044e-05,0.0082951579242944,0.0016805143095552,-2.437721005728546,0.5433656421101678,141,13417.204541455929
BH032,3993,3,1,2.1700000762939453,2.200000762939453,2.200000762939453,2.200000762939453,2.320000648498535,1.9400010108947756,False,False,True,0.9349501462047892,0.0,0.0,0.0,0.8765952504891086,0.5440542664597636,150,10008.473128227766
BH032,3993,3,5,2.200000762939453,2.200000762939453,2.200000762939453,2.200000762939453,2.320000648498535,1.9400010108947756,False,False,True,0.9315094353422024,1.7000305888359435e-05,0.0038891611620783,0.0007436813903041,-2.437721005728546,0.5433656421101678,136,13417.204541455929
BH032,3993,4,1,2.1700000762939453,2.200000762939453,2.200000762939453,2.200000762939453,2.3900012969970703,1.9400010108947756,False,False,True,0.9349501462047892,0.0,0.0,0.0,0.8765952504891086,0.5440542664597636,145,10008.473128227766
BH032,3993,4,5,2.200000762939453,2.200000762939453,2.200000762939453,2.200000762939453,2.3900012969970703,1.9400010108947756,False,False,True,0.9315094353422024,1.5917279597488232e-05,0.0036413972266018,0.0007094506872817,-2.437721005728546,0.5433656421101678,138,13417.204541455929
BH032,3994,1,1,2.2100000381469727,2.200000762939453,2.1800007820129395,2.190000057220459,2.40000057220459,2.160000801086426,True,False,True,0.9291291063031646,2.370341280766297e-05,0.0054226317442953,0.0010823613265529,-0.0654116384611228,0.5682717469071539,166,5172.851602630921
BH032,3994,1,5,2.1800007820129395,2.200000762939453,2.1800007820129395,2.190000057220459,2.40000057220459,2.160000801086426,False,False,True,0.9361911662756114,1.5419931287397048e-06,0.0003527618828229,7.161271787481382e-05,0.405410750509129,0.5895648036156111,144,3858.093544329856
BH032,3994,2,1,2.2100000381469727,2.190000057220459,2.1800007820129395,2.1800007820129395,2.410001277923584,2.160000801086426,True,False,True,0.9291291063031646,2.68314342974918e-05,0.0061382292769849,0.0012803027639165,-0.0654116384611228,0.5682717469071539,162,5172.851602630921
BH032,3994,2,5,2.1800007820129395,2.190000057220459,2.1800007820129395,2.1800007820129395,2.410001277923584,2.160000801086426,False,False,True,0.9361911662756114,4.617002559825778e-06,0.0010562320239841,0.0002199012669734,0.405410750509129,0.5895648036156111,155,3858.093544329856
BH032,3994,3,1,2.200000762939453,2.220000743865967,2.220000743865967,2.220000743865967,,2.160000801086426,False,False,True,0.9315094353422024,0.0,0.0,0.0,-0.0613284066036347,0.5433656421101678,167,5172.851602630921
BH032,3994,3,5,2.1800007820129395,2.220000743865967,2.220000743865967,2.220000743865967,,2.160000801086426,False,False,True,0.9361911662756114,0.0,0.0,0.0,0.405410750509129,0.5895648036156111,160,3858.093544329856
BH032,3994,4,1,2.200000762939453,2.2400007247924805,2.220000743865967,2.220000743865967,,2.160000801086426,False,False,True,0.9315094353422024,0.0,0.0,0.0,-0.0613284066036347,0.5433656421101678,157,5172.851602630921
BH032,3994,4,5,2.1800007820129395,2.2400007247924805,2.220000743865967,2.220000743865967,,2.160000801086426,False,False,True,0.9361911662756114,0.0,0.0,0.0,0.405410750509129,0.5895648036156111,158,3858.093544329856
BH032,3995,1,1,2.2100000381469727,2.220000743865967,2.200000762939453,2.200000762939453,4.190000057220459,2.1700000762939453,False,False,True,0.9291291063031646,5.467667506309226e-06,0.001250838744454,0.0002479632385075,1.3166885002736477,0.5682717469071539,183,1048.1820874087261
BH032,3995,2,1,2.2100000381469727,2.220000743865967,2.200000762939453,2.200000762939453,,2.1700000762939453,False,False,True,0.9291291063031646,2.6179263841186184e-06,0.0005989032215438,0.0001216833697981,1.3166885002736477,0.5682717469071539,180,1048.1820874087261
BH032,3995,3,1,2.2100000381469727,,,,,2.1700000762939453,False,False,True,0.9291291063031646,0.0,0.0,0.0,1.3166885002736477,0.5682717469071539,179,1048.1820874087261
BH032,3995,4,1,2.2100000381469727,,,,,2.1700000762939453,False,False,True,0.9291291063031646,0.0,0.0,0.0,1.3166885002736477,0.5682717469071539,174,1048.1820874087261
BH032,4089,1,1,2.1700000762939453,2.190000057220459,2.1800007820129395,2.1800007820129395,2.260000705718994,1.9300003051757808,False,False,True,0.9349501462047892,0.0,0.0,0.0,1.2274488663507863,0.5440542664597636,163,478.5301028145857
BH032,4089,1,5,2.2300000190734863,2.190000057220459,2.1800007820129395,2.1800007820129395,2.260000705718994,1.9300003051757808,True,False,True,0.934560796600502,5.408938523032703e-05,0.0123740322887897,0.0026400433853268,1.3105910546434982,0.5508860327448025,159,1130.3741782900256
BH032,4089,2,1,2.1700000762939453,2.190000057220459,2.1800007820129395,2.1800007820129395,2.260000705718994,1.9300003051757808,False,False,True,0.9349501462047892,0.0,0.0,0.0,1.2274488663507863,0.5440542664597636,167,478.5301028145857
BH032,4089,2,5,2.220000743865967,2.190000057220459,2.1800007820129395,2.1800007820129395,2.260000705718994,1.9300003051757808,True,False,True,0.930355435505378,5.8701371017377824e-05,0.0134291173890233,0.0029348989482969,1.1844571155030317,0.549338354556614,152,1130.3741782900256
BH032,4089,3,1,2.190000057220459,2.200000762939453,2.160000801086426,2.160000801086426,2.410001277923584,1.9300003051757808,False,False,True,0.9339128807579702,4.907195489067817e-06,0.0011226194910705,0.0002791314618661,1.377224851330156,0.5334532296602421,175,1130.3741782900256
BH032,4089,3,5,2.2300000190734863,2.200000762939453,2.160000801086426,2.160000801086426,2.410001277923584,1.9300003051757808,True,False,True,0.934560796600502,2.873795347113628e-05,0.0065743834711611,0.0014403157401829,1.3105910546434982,0.5508860327448025,170,1130.3741782900256
BH032,4089,4,1,2.190000057220459,2.220000743865967,2.160000801086426,2.160000801086426,2.4500012397766118,1.9300003051757808,False,False,True,0.9339128807579702,5.127348686073674e-06,0.0011729840189218,0.0002911933406721,1.377224851330156,0.5334532296602421,176,1130.3741782900256
BH032,4089,4,5,2.220000743865967,2.220000743865967,2.160000801086426,2.160000801086426,2.4500012397766118,1.9300003051757808,False,False,True,0.930355435505378,1.2602178685483524e-05,0.0028830014634877,0.0006124692736193,1.1844571155030317,0.549338354556614,162,1130.3741782900256
BH032,4094,1,1,2.200000762939453,2.200000762939453,2.190000057220459,2.200000762939453,,2.369999885559082,False,False,False,0.9315094353422024,1.492614501330536e-05,0.0034146551042795,0.000685452367179,0.7311003547158117,0.5433656421101678,159,1709.9364334238094
BH032,4094,1,5,2.1800007820129395,2.200000762939453,2.190000057220459,2.200000762939453,,2.369999885559082,False,False,False,0.9361911662756114,0.0,0.0,0.0,0.7371756261324901,0.5895648036156111,166,1292.0983662323724
BH032,4094,2,1,2.200000762939453,2.220000743865967,2.1800007820129395,2.190000057220459,,2.369999885559082,False,False,False,0.9315094353422024,7.3687865551619325e-06,0.001685757888481,0.0003618994378484,0.7311003547158117,0.5433656421101678,156,1709.9364334238094
BH032,4094,2,5,2.1800007820129395,2.220000743865967,2.1800007820129395,2.190000057220459,,2.369999885559082,False,False,False,0.9361911662756114,1.563711180097016e-06,0.0003577303141355,8.175655239028856e-05,0.7371756261324901,0.5895648036156111,151,1292.0983662323724
BH032,4094,3,1,2.200000762939453,2.1800007820129395,2.1800007820129395,2.1800007820129395,4.059999942779541,2.369999885559082,True,False,False,0.9315094353422024,1.3438892892736476e-05,0.0030744166579097,0.0007523577078245,0.7311003547158117,0.5433656421101678,168,1709.9364334238094
BH032,4094,3,5,2.200000762939453,2.1800007820129395,2.1800007820129395,2.1800007820129395,4.059999942779541,2.369999885559082,True,False,False,0.9315094353422024,1.3438892892736476e-05,0.0030744166579097,0.0007523577078245,0.7311003547158117,0.5433656421101678,167,1709.9364334238094
BH032,4094,4,1,2.200000762939453,2.530001163482666,2.1800007820129395,2.1800007820129395,,2.369999885559082,False,False,False,0.9315094353422024,3.5789473713521147e-06,0.0008187560597434,0.0001929144927999,0.7311003547158117,0.5433656421101678,169,1709.9364334238094
BH032,4094,4,5,2.200000762939453,2.530001163482666,2.1800007820129395,2.1800007820129395,,2.369999885559082,False,False,False,0.9315094353422024,3.5789473713521147e-06,0.0008187560597434,0.0001929144927999,0.7311003547158117,0.5433656421101678,153,1709.9364334238094
BH032,4284,1,1,2.4900012016296387,,,,,,False,False,False,0.9898018241059172,0.0,0.0,0.0,0.558366959181014,0.623644808760214,168,100.32266527071528
BH032,4284,1,5,2.4900012016296387,,,,,,False,False,False,0.9898018241059172,0.0,0.0,0.0,0.558366959181014,0.623644808760214,129,100.32266527071528
BH032,4284,2,1,2.4900012016296387,,,,,,False,False,False,0.9898018241059172,0.0,0.0,0.0,0.558366959181014,0.623644808760214,165,100.32266527071528
BH032,4284,2,5,2.4900012016296387,,,,,,False,False,False,0.9898018241059172,0.0,0.0,0.0,0.558366959181014,0.623644808760214,125,100.32266527071528
BH032,4284,3,1,2.4900012016296387,2.470001220703125,2.3600006103515625,2.410001277923584,,,True,False,False,0.9898018241059172,1.2452846931410022e-05,0.0028488389216363,0.000342901883414,0.558366959181014,0.623644808760214,128,100.32266527071528
BH032,4284,3,5,2.4900012016296387,2.470001220703125,2.3600006103515625,2.410001277923584,,,True,False,False,0.9898018241059172,1.2452846931410022e-05,0.0028488389216363,0.000342901883414,0.558366959181014,0.623644808760214,115,100.32266527071528
BH032,4284,4,1,2.4900012016296387,2.530001163482666,2.369999885559082,2.4200005531311035,,,False,False,False,0.9898018241059172,9.476368177274708e-06,0.0021679094061255,0.0002553022641222,0.558366959181014,0.623644808760214,125,100.32266527071528
BH032,4284,4,5,2.4900012016296387,2.530001163482666,2.369999885559082,2.4200005531311035,,,False,False,False,0.9898018241059172,9.476368177274708e-06,0.0021679094061255,0.0002553022641222,0.558366959181014,0.623644808760214,114,100.32266527071528
BH032,4285,1,1,2.4900012016296387,,,,,,False,False,False,0.9898018241059172,0.0,0.0,0.0,0.5871722407726625,0.623644808760214,159,119.4976276506183
BH032,4285,1,5,2.4900012016296387,,,,,,False,False,False,0.9898018241059172,0.0,0.0,0.0,0.5871722407726625,0.623644808760214,120,119.4976276506183
BH032,4285,2,1,2.4900012016296387,,,,,,False,False,False,0.9898018241059172,0.0,0.0,0.0,0.5871722407726625,0.623644808760214,160,119.4976276506183
BH032,4285,2,5,2.4900012016296387,,,,,,False,False,False,0.9898018241059172,0.0,0.0,0.0,0.5871722407726625,0.623644808760214,118,119.4976276506183
BH032,4285,3,1,2.4900012016296387,2.4800004959106445,2.3900012969970703,2.4200005531311035,,,True,False,False,0.9898018241059172,1.0357991413911805e-05,0.0023695984855294,0.0003138969477731,0.5871722407726625,0.623644808760214,158,119.4976276506183
BH032,4285,3,5,2.4900012016296387,2.4800004959106445,2.3900012969970703,2.4200005531311035,,,True,False,False,0.9898018241059172,1.0357991413911805e-05,0.0023695984855294,0.0003138969477731,0.5871722407726625,0.623644808760214,109,119.4976276506183
BH032,4285,4,1,2.4900012016296387,2.470001220703125,2.3900012969970703,2.4200005531311035,,,True,False,False,0.9898018241059172,1.1324540537316352e-05,0.0025907158851623,0.0003344223659951,0.5871722407726625,0.623644808760214,157,119.4976276506183
BH032,4285,4,5,2.4900012016296387,2.470001220703125,2.3900012969970703,2.4200005531311035,,,True,False,False,0.9898018241059172,1.1324540537316352e-05,0.0025907158851623,0.0003344223659951,0.5871722407726625,0.623644808760214,105,119.4976276506183
BH032,4298,1,1,2.7200002670288086,2.300000667572021,2.2400007247924805,2.2400007247924805,2.4800004959106445,,True,True,False,0.8316460024864885,8.255989814642817e-05,0.0188872348517179,0.0046658273786306,0.0209731492030803,0.6710651103729932,39,431.4717822165392
BH032,4298,1,5,2.2100000381469727,2.300000667572021,2.2400007247924805,2.2400007247924805,2.4800004959106445,,False,False,False,0.9291291063031646,0.0,0.0,0.0,-0.0675532785695395,0.5682717469071539,44,431.4717822165392
BH032,4298,2,1,2.7200002670288086,2.200000762939453,2.190000057220459,2.190000057220459,2.40000057220459,,True,True,False,0.8316460024864885,0.0001184010980068,0.027086628600955,0.0071988068521022,0.0209731492030803,0.6710651103729932,44,431.4717822165392
BH032,4298,2,5,2.2100000381469727,2.200000762939453,2.190000057220459,2.190000057220459,2.40000057220459,,True,False,False,0.9291291063031646,1.4712622032675426e-05,0.0033658077009022,0.0010279169073328,-0.0675532785695395,0.5682717469071539,51,431.4717822165392
BH032,4298,3,1,2.7200002670288086,2.140000820159912,2.040000915527344,2.0500001907348637,2.300000667572021,,True,True,False,0.8316460024864885,0.0001451290590921,0.0332011878490448,0.0068310969509184,0.0209731492030803,0.6710651103729932,47,431.4717822165392
BH032,4298,3,5,2.7200002670288086,2.140000820159912,2.040000915527344,2.0500001907348637,2.300000667572021,,True,True,False,0.8316460024864885,0.0001451290590921,0.0332011878490448,0.0068310969509184,0.0209731492030803,0.6710651103729932,46,431.4717822165392
BH032,4298,4,1,2.7200002670288086,2.1700000762939453,2.1700000762939453,2.1700000762939453,2.410001277923584,,True,True,False,0.8316460024864885,0.000101029050711,0.0231124237179756,0.0045731803402304,0.0209731492030803,0.6710651103729932,52,431.4717822165392
BH032,4298,4,5,2.2100000381469727,2.1700000762939453,2.1700000762939453,2.1700000762939453,2.410001277923584,,True,False,False,0.9291291063031646,2.415756171103567e-05,0.0055265268310904,0.0012144640786573,-0.0675532785695395,0.5682717469071539,49,431.4717822165392
BH032,4332,1,1,4.340000629425049,,2.560000419616699,,5.0,,False,False,False,0.4409155318345669,3.989239303336944e-06,0.0009126185905188,8.781526412349194e-05,0.1267023221025811,0.5062182239744202,10,5.92720097590099
BH032,4332,1,5,4.440000057220459,,2.560000419616699,,5.0,,False,False,False,0.4373698591590481,3.989239303336944e-06,0.0009126185905188,8.781526412349194e-05,0.1267841087442132,0.5050431508689743,16,5.92720097590099
BH032,4332,3,1,4.880000591278076,,2.4500012397766118,2.530001163482666,,,False,False,False,0.4264102160780635,9.545911780151071e-06,0.002183818956837,0.0002224756899522,0.1278279423745355,0.5027771189428356,1,5.92720097590099
BH032,4332,3,5,4.570000171661377,,2.4500012397766118,2.530001163482666,,,False,False,False,0.4335176500530248,9.545911780151071e-06,0.002183818956837,0.0002224756899522,0.1270588985710458,0.5041826712652465,7,5.92720097590099
BH032,4347,1,1,4.5500006675720215,2.6100010871887207,2.4200005531311035,2.460000514984131,,,True,False,False,0.4340256884314497,1.0585876225377431e-05,0.0024217315949499,0.0003100805333815,0.037847278492819,0.5043104272327825,5,6.947285664978901
BH032,4347,1,5,2.2100000381469727,2.6100010871887207,2.4200005531311035,2.460000514984131,,,False,False,False,0.9291291063031646,0.0,0.0,0.0,0.0034708456956103,0.5682717469071539,6,6.947285664978901
BH032,4347,2,1,4.330000400543213,,2.530001163482666,2.62000036239624,4.690000057220459,,False,False,False,0.4408782653837624,3.981366262451047e-06,0.0009108174126595,0.0001063292511389,0.037712387258814,0.5068765114579176,5,6.947285664978901
BH032,4347,2,5,2.2100000381469727,,2.530001163482666,2.62000036239624,4.690000057220459,,False,False,False,0.9291291063031646,0.0,0.0,0.0,0.0034708456956103,0.5682717469071539,9,6.947285664978901
BH032,4347,3,1,4.5500006675720215,,2.530001163482666,2.62000036239624,4.690000057220459,,False,False,False,0.4340256884314497,3.981366262451047e-06,0.0009108174126595,0.0001063292511389,0.037847278492819,0.5043104272327825,5,6.947285664978901
BH032,4347,3,5,2.2100000381469727,,2.530001163482666,2.62000036239624,4.690000057220459,,False,False,False,0.9291291063031646,0.0,0.0,0.0,0.0034708456956103,0.5682717469071539,9,6.947285664978901
BH032,4347,4,1,4.330000400543213,2.6100010871887207,2.4200005531311035,2.460000514984131,,,True,False,False,0.4408782653837624,1.0585876225377431e-05,0.0024217315949499,0.0003100805333815,0.037712387258814,0.5068765114579176,5,6.947285664978901
BH032,4347,4,5,2.2100000381469727,2.6100010871887207,2.4200005531311035,2.460000514984131,,,False,False,False,0.9291291063031646,0.0,0.0,0.0,0.0034708456956103,0.5682717469071539,8,6.947285664978901
BH032,4348,1,1,2.7300009727478027,2.1700000762939453,2.1700000762939453,2.1700000762939453,2.410001277923584,,True,True,False,0.7844870277035333,0.000101029050711,0.0231124237179756,0.0045731803402304,0.0107933027731295,0.6598822222178449,45,8.06433710119918
BH032,4348,1,5,2.2100000381469727,2.1700000762939453,2.1700000762939453,2.1700000762939453,2.410001277923584,,True,False,False,0.9291291063031646,2.415756171103567e-05,0.0055265268310904,0.0012144640786573,-0.0006311510803623,0.5682717469071539,56,8.06433710119918
BH032,4348,2,1,2.289999961853028,2.140000820159912,2.040000915527344,2.0500001907348637,2.300000667572021,,True,False,False,0.955796290004535,6.42637605778873e-05,0.0147016253322362,0.0034815857652574,-0.0016774602444309,0.5674019188699218,61,8.06433710119918
BH032,4348,2,5,2.260000705718994,2.140000820159912,2.040000915527344,2.0500001907348637,2.300000667572021,,True,False,False,0.9435644511128094,5.655001950799488e-05,0.0129369515925645,0.0031180470250546,-0.0008668220509228,0.5607958479150963,63,8.06433710119918
BH032,4348,3,1,2.7200002670288086,2.140000820159912,2.040000915527344,2.0500001907348637,2.300000667572021,,True,True,False,0.8316460024864885,0.0001451290590921,0.0332011878490448,0.0068310969509184,0.0100934333081517,0.6710651103729932,47,8.06433710119918
BH032,4348,3,5,2.2100000381469727,2.140000820159912,2.040000915527344,2.0500001907348637,2.300000667572021,,True,False,False,0.9291291063031646,4.598110535880551e-05,0.0105191012844443,0.0026030456647276,-0.0006311510803623,0.5682717469071539,57,8.06433710119918
BH032,4348,4,1,2.2100000381469727,2.1700000762939453,2.1700000762939453,2.1700000762939453,2.410001277923584,,True,False,False,0.9291291063031646,2.415756171103567e-05,0.0055265268310904,0.0012144640786573,-0.0006311510803623,0.5682717469071539,66,8.06433710119918
BH032,4348,4,5,2.260000705718994,2.1700000762939453,2.1700000762939453,2.1700000762939453,2.410001277923584,,True,False,False,0.9435644511128094,3.07021509797778e-05,0.007023733574897,0.0015244075329974,-0.0008668220509228,0.5607958479150963,67,8.06433710119918
BH032,4349,1,1,2.289999961853028,1.9800009727478027,1.960000991821289,1.960000991821289,2.160000801086426,,True,True,False,0.955796290004535,0.0001588675950188,0.036344151943922,0.0053065875545144,-0.004465277617575,0.5674019188699218,52,6.168102725129939
BH032,4349,1,5,2.7200002670288086,1.9800009727478027,1.960000991821289,1.960000991821289,2.160000801086426,,True,True,False,0.8316460024864885,0.0002768668346107,0.0633388459682464,0.0074916626326739,-0.0003486259662136,0.6710651103729932,65,6.168102725129939
BH032,4349,2,1,2.289999961853028,1.910000324249268,1.8600010871887207,1.8600010871887207,2.080000877380371,,True,True,False,0.955796290004535,0.0002264799259137,0.0518118292093277,0.0080656288191676,-0.004465277617575,0.5674019188699218,58,6.168102725129939
BH032,4349,2,5,2.2699999809265137,1.910000324249268,1.8600010871887207,1.8600010871887207,2.080000877380371,,True,True,False,0.9483495130796114,0.0002185517369071,0.0499981008470058,0.0078854467719793,-0.0037296138745833,0.5606437544679479,54,6.168102725129939
BH032,4349,3,1,2.7200002670288086,1.910000324249268,1.8600010871887207,1.8600010871887207,2.080000877380371,,True,True,False,0.8316460024864885,0.0003551429545041,0.0812460780143737,0.0101684760302305,-0.0003486259662136,0.6710651103729932,50,6.168102725129939
BH032,4349,3,5,2.3499999046325684,1.910000324249268,1.8600010871887207,1.8600010871887207,2.080000877380371,,True,True,False,0.9764529131567332,0.0002635486307553,0.0602920427918434,0.0088146924972534,-0.0046002413137235,0.5791545375682015,62,6.168102725129939
BH032,4349,4,1,2.289999961853028,1.9800009727478027,1.960000991821289,1.960000991821289,2.160000801086426,,True,True,False,0.955796290004535,0.0001588675950188,0.036344151943922,0.0053065875545144,-0.004465277617575,0.5674019188699218,59,6.168102725129939
BH032,4349,4,5,2.7200002670288086,1.9800009727478027,1.960000991821289,1.960000991821289,2.160000801086426,,True,True,False,0.8316460024864885,0.0002768668346107,0.0633388459682464,0.0074916626326739,-0.0003486259662136,0.6710651103729932,52,6.168102725129939
BH032,4370,1,1,2.830000877380371,2.3900012969970703,2.3600006103515625,2.369999885559082,,,True,False,False,0.6558015926691856,4.846201773034409e-05,0.0110866595059633,0.0017014906043186,-0.0044109816967743,0.6198792959837518,27,5.883160915701078
BH032,4370,1,5,2.8500008583068848,2.3900012969970703,2.3600006103515625,2.369999885559082,,,True,False,False,0.644822909125936,4.846201773034409e-05,0.0110866595059633,0.0017014906043186,-0.0031736945795189,0.6109804825702372,31,5.883160915701078
BH032,4370,2,1,2.8100008964538574,2.40000057220459,2.369999885559082,2.369999885559082,,,True,False,False,0.659869284686528,4.62162570329383e-05,0.0105728963389992,0.0016430672258138,-0.0036773613927315,0.6209797767527794,45,5.883160915701078
BH032,4370,2,5,2.8100008964538574,2.40000057220459,2.369999885559082,2.369999885559082,,,True,False,False,0.659869284686528,4.62162570329383e-05,0.0105728963389992,0.0016430672258138,-0.0036773613927315,0.6209797767527794,47,5.883160915701078
BH032,4370,3,1,2.830000877380371,2.40000057220459,2.369999885559082,2.369999885559082,,,True,False,False,0.6558015926691856,4.62162570329383e-05,0.0105728963389992,0.0016430672258138,-0.0044109816967743,0.6198792959837518,27,5.883160915701078
BH032,4370,3,5,2.8500008583068848,2.40000057220459,2.369999885559082,2.369999885559082,,,True,False,False,0.644822909125936,4.62162570329383e-05,0.0105728963389992,0.0016430672258138,-0.0031736945795189,0.6109804825702372,32,5.883160915701078
BH032,4370,4,1,2.8100008964538574,2.3900012969970703,2.3600006103515625,2.369999885559082,,,True,False,False,0.659869284686528,4.846201773034409e-05,0.0110866595059633,0.0017014906043186,-0.0036773613927315,0.6209797767527794,45,5.883160915701078
BH032,4370,4,5,2.8100008964538574,2.3900012969970703,2.3600006103515625,2.369999885559082,,,True,False,False,0.659869284686528,4.846201773034409e-05,0.0110866595059633,0.0017014906043186,-0.0036773613927315,0.6209797767527794,46,5.883160915701078
BH032,4371,1,1,2.8100008964538574,2.4500012397766118,2.40000057220459,2.4200005531311035,,,True,False,False,0.659869284686528,2.685169420146849e-05,0.0061428640037775,0.0007781702443026,0.0028815445498292,0.6209797767527794,53,7.218504874399837
BH032,4371,1,5,2.8100008964538574,2.4500012397766118,2.40000057220459,2.4200005531311035,,,True,False,False,0.659869284686528,2.685169420146849e-05,0.0061428640037775,0.0007781702443026,0.0028815445498292,0.6209797767527794,46,7.218504874399837
BH032,4371,2,1,2.680000305175781,2.4300012588500977,2.3900012969970703,2.40000057220459,,,True,False,False,0.9539340718719336,3.170246782246977e-05,0.0072525758296251,0.0009274658514186,-0.0017611209380669,0.6876538175174614,94,7.218504874399837
BH032,4371,2,5,2.700000286102295,2.4300012588500977,2.3900012969970703,2.40000057220459,,,True,False,False,0.9132548479038288,3.170246782246977e-05,0.0072525758296251,0.0009274658514186,-0.0012478387153661,0.6856381833784277,85,7.218504874399837
BH032,4371,3,1,2.8100008964538574,2.4300012588500977,2.3900012969970703,2.40000057220459,,,True,False,False,0.659869284686528,3.170246782246977e-05,0.0072525758296251,0.0009274658514186,0.0028815445498292,0.6209797767527794,53,7.218504874399837
BH032,4371,3,5,2.8100008964538574,2.4300012588500977,2.3900012969970703,2.40000057220459,,,True,False,False,0.659869284686528,3.170246782246977e-05,0.0072525758296251,0.0009274658514186,0.0028815445498292,0.6209797767527794,44,7.218504874399837
BH032,4371,4,1,2.680000305175781,2.4500012397766118,2.40000057220459,2.4200005531311035,,,True,False,False,0.9539340718719336,2.685169420146849e-05,0.0061428640037775,0.0007781702443026,-0.0017611209380669,0.6876538175174614,92,7.218504874399837
BH032,4371,4,5,2.700000286102295,2.4500012397766118,2.40000057220459,2.4200005531311035,,,True,False,False,0.9132548479038288,2.685169420146849e-05,0.0061428640037775,0.0007781702443026,-0.0012478387153661,0.6856381833784277,85,7.218504874399837
BH032,4372,1,1,2.6900010108947754,2.530001163482666,2.4500012397766118,2.470001220703125,,,True,False,False,0.9373731426456428,1.7616453988011926e-05,0.004030117765069,0.0003817927499767,0.0114224291500102,0.6866612670767378,75,7.215262440666162
BH032,4372,1,5,2.700000286102295,2.530001163482666,2.4500012397766118,2.470001220703125,,,True,False,False,0.9132548479038288,1.7616453988011926e-05,0.004030117765069,0.0003817927499767,0.011515444298921,0.6856381833784277,65,7.215262440666162
BH032,4372,2,1,2.680000305175781,2.6000003814697266,2.470001220703125,2.530001163482666,,,True,False,False,0.9539340718719336,1.3869256690668408e-05,0.0031728707253932,0.0002961726277135,0.0112467326300304,0.6876538175174614,42,7.215262440666162
BH032,4372,2,5,2.700000286102295,2.6000003814697266,2.470001220703125,2.530001163482666,,,True,False,False,0.9132548479038288,1.3869256690668408e-05,0.0031728707253932,0.0002961726277135,0.011515444298921,0.6856381833784277,24,7.215262440666162
BH032,4372,3,1,2.680000305175781,2.6000003814697266,2.470001220703125,2.530001163482666,,,True,False,False,0.9539340718719336,1.3869256690668408e-05,0.0031728707253932,0.0002961726277135,0.0112467326300304,0.6876538175174614,77,7.215262440666162
BH032,4372,3,5,2.700000286102295,2.6000003814697266,2.470001220703125,2.530001163482666,,,True,False,False,0.9132548479038288,1.3869256690668408e-05,0.0031728707253932,0.0002961726277135,0.011515444298921,0.6856381833784277,65,7.215262440666162
BH032,4372,4,1,2.680000305175781,2.530001163482666,2.4500012397766118,2.470001220703125,,,True,False,False,0.9539340718719336,1.7616453988011926e-05,0.004030117765069,0.0003817927499767,0.0112467326300304,0.6876538175174614,42,7.215262440666162
BH032,4372,4,5,2.700000286102295,2.530001163482666,2.4500012397766118,2.470001220703125,,,True,False,False,0.9132548479038288,1.7616453988011926e-05,0.004030117765069,0.0003817927499767,0.011515444298921,0.6856381833784277,24,7.215262440666162
BH032,4400,1,1,2.3900012969970703,1.8600010871887207,1.7900004386901855,1.8000011444091797,2.309999942779541,,True,True,False,0.9838473188472812,8.730497938813642e-05,0.0199727676808834,0.0062282569706439,-0.0101499559358941,0.5866461041408517,6,0.7914269190425873
BH032,4400,1,5,2.710000991821289,1.8600010871887207,1.7900004386901855,1.8000011444091797,2.309999942779541,,True,True,False,0.8783294522036981,0.0002407308493275,0.0550720132887363,0.0103651862591505,-0.0125760654982735,0.6803502707367975,10,1.1768017009030953
BH032,4400,2,1,2.3900012969970703,2.1200008392333984,2.09000015258789,2.1000008583068848,2.280000686645508,,True,True,False,0.9838473188472812,9.730861347634344e-05,0.0222612991929054,0.003848582971841,-0.0101499559358941,0.5866461041408517,7,0.7914269190425873
BH032,4400,2,5,2.710000991821289,2.1200008392333984,2.09000015258789,2.1000008583068848,2.280000686645508,,True,True,False,0.8783294522036981,0.0003623731317929,0.0829001292586326,0.0086504705250263,-0.0125760654982735,0.6803502707367975,10,1.1768017009030953
BH032,4400,3,1,2.3900012969970703,2.1200008392333984,2.09000015258789,2.1000008583068848,2.280000686645508,,True,True,False,0.9838473188472812,9.730861347634344e-05,0.0222612991929054,0.003848582971841,-0.0101499559358941,0.5866461041408517,6,0.7914269190425873
BH032,4400,3,5,2.710000991821289,2.1200008392333984,2.09000015258789,2.1000008583068848,2.280000686645508,,True,True,False,0.8783294522036981,0.0003623731317929,0.0829001292586326,0.0086504705250263,-0.0125760654982735,0.6803502707367975,10,1.1768017009030953
BH032,4400,4,1,2.3900012969970703,1.8600010871887207,1.7900004386901855,1.8000011444091797,2.309999942779541,,True,True,False,0.9838473188472812,8.730497938813642e-05,0.0199727676808834,0.0062282569706439,-0.0101499559358941,0.5866461041408517,7,0.7914269190425873
BH032,4400,4,5,2.710000991821289,1.8600010871887207,1.7900004386901855,1.8000011444091797,2.309999942779541,,True,True,False,0.8783294522036981,0.0002407308493275,0.0550720132887363,0.0103651862591505,-0.0125760654982735,0.6803502707367975,9,1.1768017009030953
BH032,4417,1,1,2.710000991821289,,,,,,False,False,False,0.8783294522036981,0.0,0.0,0.0,0.1441330522642222,0.6803502707367975,5,5.407200872272669
BH032,4417,1,5,2.62000036239624,,,,,,False,False,False,0.9872701850571686,0.0,0.0,0.0,0.1436588683022493,0.672975436258829,7,5.407200872272669
BH032,4417,3,1,2.7200002670288086,,,,,,False,False,False,0.8316460024864885,0.0,0.0,0.0,0.1437221622725752,0.6710651103729932,6,5.407200872272669
BH032,4417,3,5,2.62000036239624,,,,,,False,False,False,0.9872701850571686,0.0,0.0,0.0,0.1436588683022493,0.672975436258829,7,5.407200872272669
BH032,4430,1,1,2.7400002479553223,2.55000114440918,2.530001163482666,2.6000003814697266,2.6100010871887207,,True,True,False,0.7493312637015522,0.0003042020252905,0.0695923194289207,0.0024488451890647,-0.0141310600704809,0.6487167560600591,40,8.304593658049058
BH032,4430,1,5,2.7300009727478027,2.55000114440918,2.530001163482666,2.6000003814697266,2.6100010871887207,,True,True,False,0.7844870277035333,0.0002746863756328,0.0628400221467018,0.0019395537674427,-0.0120757614483219,0.6598822222178449,32,4.902724409436741
BH032,4430,2,1,2.7400002479553223,2.540000438690185,2.520000457763672,2.5700011253356934,2.6100010871887207,,True,True,False,0.7493312637015522,0.0002953664516098,0.0675709992647171,0.002939716912806,-0.0141310600704809,0.6487167560600591,48,8.304593658049058
BH032,4430,2,5,2.7300009727478027,2.540000438690185,2.520000457763672,2.5700011253356934,2.6100010871887207,,True,True,False,0.7844870277035333,0.0002667644876055,0.0610277317464351,0.0022364249452948,-0.0120757614483219,0.6598822222178449,39,4.902724409436741
BH032,4430,3,1,2.7400002479553223,2.540000438690185,2.520000457763672,2.5700011253356934,2.6100010871887207,,True,True,False,0.7493312637015522,0.0002953664516098,0.0675709992647171,0.002939716912806,-0.0141310600704809,0.6487167560600591,39,8.304593658049058
BH032,4430,3,5,2.7300009727478027,2.540000438690185,2.520000457763672,2.5700011253356934,2.6100010871887207,,True,True,False,0.7844870277035333,0.0002667644876055,0.0610277317464351,0.0022364249452948,-0.0120757614483219,0.6598822222178449,30,4.902724409436741
BH032,4430,4,1,2.7400002479553223,2.55000114440918,2.530001163482666,2.6000003814697266,2.6100010871887207,,True,True,False,0.7493312637015522,0.0003042020252905,0.0695923194289207,0.0024488451890647,-0.0141310600704809,0.6487167560600591,46,8.304593658049058
BH032,4430,4,5,2.7300009727478027,2.55000114440918,2.530001163482666,2.6000003814697266,2.6100010871887207,,True,True,False,0.7844870277035333,0.0002746863756328,0.0628400221467018,0.0019395537674427,-0.0120757614483219,0.6598822222178449,37,4.902724409436741
BH032,4431,1,1,2.7400002479553223,2.530001163482666,2.5100011825561523,2.560000419616699,2.580000400543213,,True,True,False,0.7493312637015522,0.0004223945434205,0.0966312289237976,0.0033382941037416,-0.0179083226510458,0.6487167560600591,63,8.27414947796667
BH032,4431,1,5,2.7300009727478027,2.530001163482666,2.5100011825561523,2.560000419616699,2.580000400543213,,True,True,False,0.7844870277035333,0.0003913408145308,0.0895270630717277,0.0029158366378396,-0.0158071510635969,0.6598822222178449,55,4.824354661174628
BH032,4431,2,1,2.7400002479553223,2.530001163482666,2.5100011825561523,2.560000419616699,2.580000400543213,,True,True,False,0.7493312637015522,0.0004347318317741,0.0994536355137825,0.0032783253118395,-0.0179083226510458,0.6487167560600591,56,8.27414947796667
BH032,4431,2,5,2.7400002479553223,2.530001163482666,2.5100011825561523,2.560000419616699,2.580000400543213,,True,True,False,0.7493312637015522,0.0004347318317741,0.0994536355137825,0.0032783253118395,-0.0179083226510458,0.6487167560600591,58,8.27414947796667
BH032,4431,3,1,2.7400002479553223,2.530001163482666,2.5100011825561523,2.560000419616699,2.580000400543213,,True,True,False,0.7493312637015522,0.0004347318317741,0.0994536355137825,0.0032783253118395,-0.0179083226510458,0.6487167560600591,65,8.27414947796667
BH032,4431,3,5,2.7300009727478027,2.530001163482666,2.5100011825561523,2.560000419616699,2.580000400543213,,True,True,False,0.7844870277035333,0.0004068014677613,0.0930639952421188,0.0029090805910527,-0.0158071510635969,0.6598822222178449,54,4.824354661174628
BH032,4431,4,1,2.7400002479553223,2.530001163482666,2.5100011825561523,2.560000419616699,2.580000400543213,,True,True,False,0.7493312637015522,0.0004223945434205,0.0966312289237976,0.0033382941037416,-0.0179083226510458,0.6487167560600591,56,8.27414947796667
BH032,4431,4,5,2.7400002479553223,2.530001163482666,2.5100011825561523,2.560000419616699,2.580000400543213,,True,True,False,0.7493312637015522,0.0004223945434205,0.0966312289237976,0.0033382941037416,-0.0179083226510458,0.6487167560600591,58,8.27414947796667
BH032,4432,1,1,2.8700008392333984,2.500000476837158,2.4900012016296387,2.500000476837158,2.55000114440918,,True,True,False,0.6400876771375387,0.00094466219889,0.203618124127388,0.010304681956768,-0.0222331004433033,0.6118464182734336,42,8.451338656910794
BH032,4432,1,5,3.9800009727478023,2.500000476837158,2.4900012016296387,2.500000476837158,2.55000114440918,,True,True,False,0.4627113975053484,0.0022119157947599,0.3841365575790405,0.0323560610413551,-0.0509854824373032,0.5155735937227909,44,8.451338656910794
BH032,4432,2,1,2.8700008392333984,2.500000476837158,2.4900012016296387,2.500000476837158,2.55000114440918,,True,True,False,0.6400876771375387,0.0009914487600326,0.2112682610750198,0.0086385523900389,-0.0222331004433033,0.6118464182734336,25,8.451338656910794
BH032,4432,2,5,3.9800009727478023,2.500000476837158,2.4900012016296387,2.500000476837158,2.55000114440918,,True,True,False,0.4627113975053484,0.0023163820151239,0.3958794176578522,0.023322906345129,-0.0509854824373032,0.5155735937227909,17,8.451338656910794
BH032,4432,3,1,2.8700008392333984,2.500000476837158,2.4900012016296387,2.500000476837158,2.55000114440918,,True,True,False,0.6400876771375387,0.0009914487600326,0.2112682610750198,0.0086385523900389,-0.0222331004433033,0.6118464182734336,42,8.451338656910794
BH032,4432,3,5,3.9800009727478023,2.500000476837158,2.4900012016296387,2.500000476837158,2.55000114440918,,True,True,False,0.4627113975053484,0.0023163820151239,0.3958794176578522,0.023322906345129,-0.0509854824373032,0.5155735937227909,46,8.451338656910794
BH032,4432,4,1,2.8700008392333984,2.500000476837158,2.4900012016296387,2.500000476837158,2.55000114440918,,True,True,False,0.6400876771375387,0.00094466219889,0.203618124127388,0.010304681956768,-0.0222331004433033,0.6118464182734336,26,8.451338656910794
BH032,4432,4,5,3.9800009727478023,2.500000476837158,2.4900012016296387,2.500000476837158,2.55000114440918,,True,True,False,0.4627113975053484,0.0022119157947599,0.3841365575790405,0.0323560610413551,-0.0509854824373032,0.5155735937227909,17,8.451338656910794
BH032,4440,1,1,4.889999866485596,2.530001163482666,2.5100011825561523,2.530001163482666,2.6000003814697266,,True,True,False,0.4262494151659579,0.0184883475303649,0.872158408164978,0.2934348285198211,-0.0446694718755037,0.5027980444570996,3,17.640111821753646
BH032,4440,1,5,4.610000133514404,2.530001163482666,2.5100011825561523,2.530001163482666,2.6000003814697266,,True,True,False,0.4330235730002393,0.0184854492545127,0.8721404671669006,0.2934348285198211,-0.0423201977412797,0.504029406092507,7,17.640111821753646
BH032,4440,2,1,4.889999866485596,2.520000457763672,2.5100011825561523,2.530001163482666,2.580000400543213,,True,True,False,0.4262494151659579,0.0203745085746049,0.8831362128257751,0.0843103379011154,-0.0446694718755037,0.5027980444570996,2,17.640111821753646
BH032,4440,2,5,4.880000591278076,2.520000457763672,2.5100011825561523,2.530001163482666,2.580000400543213,,True,True,False,0.4264102160780635,0.0203745085746049,0.8831362128257751,0.0843103379011154,-0.0446421508179166,0.5027771189428356,3,17.640111821753646
BH032,4440,3,1,4.889999866485596,2.520000457763672,2.5100011825561523,2.530001163482666,2.580000400543213,,True,True,False,0.4262494151659579,0.0203745085746049,0.8831362128257751,0.0843103379011154,-0.0446694718755037,0.5027980444570996,3,17.640111821753646
BH032,4440,3,5,4.610000133514404,2.520000457763672,2.5100011825561523,2.530001163482666,2.580000400543213,,True,True,False,0.4330235730002393,0.0203745085746049,0.8831362128257751,0.0843103379011154,-0.0423201977412797,0.504029406092507,7,17.640111821753646
BH032,4440,4,1,4.889999866485596,2.530001163482666,2.5100011825561523,2.530001163482666,2.6000003814697266,,True,True,False,0.4262494151659579,0.0184883475303649,0.872158408164978,0.2934348285198211,-0.0446694718755037,0.5027980444570996,2,17.640111821753646
BH032,4440,4,5,4.880000591278076,2.530001163482666,2.5100011825561523,2.530001163482666,2.6000003814697266,,True,True,False,0.4264102160780635,0.0184883475303649,0.872158408164978,0.2934348285198211,-0.0446421508179166,0.5027771189428356,4,17.640111821753646
BH032,4459,1,1,2.160000801086426,2.1800007820129395,2.1700000762939453,2.1700000762939453,2.2100000381469727,2.0600008964538574,False,False,True,0.93623683976486,0.0,0.0,0.0,0.8747422245886844,0.581988921117151,142,2378.507319905033
BH032,4459,1,5,2.200000762939453,2.1800007820129395,2.1700000762939453,2.1700000762939453,2.2100000381469727,2.0600008964538574,True,False,True,0.9315094353422024,6.336357910186052e-05,0.0144956912845373,0.0032441893126815,0.187438470618695,0.5433656421101678,161,2589.0227946283826
BH032,4459,2,1,2.160000801086426,2.1800007820129395,2.1700000762939453,2.1700000762939453,2.220000743865967,2.0600008964538574,False,False,True,0.93623683976486,0.0,0.0,0.0,0.8747422245886844,0.581988921117151,141,2378.507319905033
BH032,4459,2,5,2.200000762939453,2.1800007820129395,2.1700000762939453,2.1700000762939453,2.220000743865967,2.0600008964538574,True,False,True,0.9315094353422024,5.748108378611505e-05,0.0131499525159597,0.002959149191156,0.187438470618695,0.5433656421101678,166,2589.0227946283826
BH032,4459,3,1,2.160000801086426,2.1700000762939453,2.1700000762939453,2.1700000762939453,2.1800007820129395,2.0600008964538574,False,False,True,0.93623683976486,0.0,0.0,0.0,0.8747422245886844,0.581988921117151,180,2378.507319905033
BH032,4459,3,5,2.200000762939453,2.1700000762939453,2.1700000762939453,2.1700000762939453,2.1800007820129395,2.0600008964538574,True,True,True,0.9315094353422024,7.211780030047521e-05,0.0164983943104743,0.0039730505086481,0.187438470618695,0.5433656421101678,183,2589.0227946283826
BH032,4459,4,1,2.2100000381469727,2.1700000762939453,2.1700000762939453,2.1700000762939453,2.1800007820129395,2.0600008964538574,True,True,True,0.9291291063031646,9.288897854276e-05,0.0212502181529998,0.0055578709580004,0.1650529321472786,0.5682717469071539,179,2589.0227946283826
BH032,4459,4,5,2.200000762939453,2.1700000762939453,2.1700000762939453,2.1700000762939453,2.1800007820129395,2.0600008964538574,True,True,True,0.9315094353422024,9.288897854276e-05,0.0212502181529998,0.0055578709580004,0.187438470618695,0.5433656421101678,189,2589.0227946283826
BH032,4506,1,1,2.2100000381469727,,2.440000534057617,2.530001163482666,,1.910000324249268,False,False,True,0.9291291063031646,0.0,0.0,0.0,1.8999391684459692,0.5682717469071539,192,584.9814399689529
BH032,4506,1,5,2.25,,2.440000534057617,2.530001163482666,,1.910000324249268,False,False,True,0.9393645981332588,1.892210121923199e-07,4.3288106098771095e-05,9.638623851060402e-06,1.9858312465678667,0.5569912106701215,205,584.9814399689529
BH032,4506,2,1,2.2100000381469727,,2.220000743865967,2.220000743865967,,1.910000324249268,False,False,True,0.9291291063031646,0.0,0.0,0.0,1.8999391684459692,0.5682717469071539,193,584.9814399689529
BH032,4506,2,5,2.200000762939453,,2.220000743865967,2.220000743865967,,1.910000324249268,False,False,True,0.9315094353422024,0.0,0.0,0.0,1.834876734931974,0.5433656421101678,202,584.9814399689529
BH032,4506,3,1,2.2400007247924805,,,,,1.910000324249268,False,False,True,0.9371707789040437,0.0,0.0,0.0,1.9851638393421576,0.5579202659931566,194,584.9814399689529
BH032,4506,3,5,2.2300000190734863,,,,,1.910000324249268,False,False,True,0.934560796600502,0.0,0.0,0.0,1.9435018232852552,0.5508860327448025,195,584.9814399689529
BH032,4506,4,1,2.2100000381469727,,,,,1.910000324249268,False,False,True,0.9291291063031646,0.0,0.0,0.0,1.8999391684459692,0.5682717469071539,196,584.9814399689529
BH032,4506,4,5,2.2300000190734863,,,,,1.910000324249268,False,False,True,0.934560796600502,0.0,0.0,0.0,1.9435018232852552,0.5508860327448025,191,584.9814399689529
BH032,4540,1,1,2.6000003814697266,1.7100005149841309,1.660001277923584,1.660001277923584,1.9400010108947756,1.620001196861267,True,True,True,0.9863804243959196,0.001317954622209,0.2646557688713074,0.2117249816656112,-8.032815421887584,0.6657281452923118,8,2279.88661789348
BH032,4540,1,5,2.580000400543213,1.7100005149841309,1.660001277923584,1.660001277923584,1.9400010108947756,1.620001196861267,True,True,True,0.986582049774118,0.0011965011944994,0.2447967231273651,0.1952689886093139,-7.641809258722716,0.6553840882144999,11,2279.88661789348
BH032,4540,2,1,2.220000743865967,1.7100005149841309,1.660001277923584,1.660001277923584,1.9300003051757808,1.620001196861267,True,True,True,0.930355435505378,0.0004507465928327,0.1031173318624496,0.0689695253968238,-3.423821955683615,0.549338354556614,11,912.4788793454093
BH032,4540,2,5,2.580000400543213,1.7100005149841309,1.660001277923584,1.660001277923584,1.9300003051757808,1.620001196861267,True,True,True,0.986582049774118,0.0012543167686089,0.2542502284049988,0.1944784075021743,-7.641809258722716,0.6553840882144999,8,2279.88661789348
BH032,4540,3,1,2.7400002479553223,1.7300004959106443,1.6900005340576172,1.6900005340576172,1.950000286102295,1.620001196861267,True,True,True,0.7493312637015522,0.0030955406837165,0.4730208218097687,0.4752018451690674,-19.43573905875816,0.6487167560600591,6,5126.5582056563735
BH032,4540,3,5,2.580000400543213,1.7300004959106443,1.6900005340576172,1.6900005340576172,1.950000286102295,1.620001196861267,True,True,True,0.986582049774118,0.001023962162435,0.2165845930576324,0.1735673546791076,-7.641809258722716,0.6553840882144999,11,2279.88661789348
BH032,4540,4,1,2.220000743865967,1.720001220703125,1.6700005531311035,1.6700005531311035,1.9200010299682615,1.620001196861267,True,True,True,0.930355435505378,0.0004256273678038,0.0973708108067512,0.0649187937378883,-3.423821955683615,0.549338354556614,9,912.4788793454093
BH032,4540,4,5,2.580000400543213,1.720001220703125,1.6700005531311035,1.6700005531311035,1.9200010299682615,1.620001196861267,True,True,True,0.986582049774118,0.0010738872224465,0.2247479110956192,0.1759223490953445,-7.641809258722716,0.6553840882144999,9,2279.88661789348
BH032,4601,1,1,2.200000762939453,2.7400002479553223,2.7300009727478027,2.7300009727478027,2.760000228881836,,False,False,False,0.9315094353422024,0.0,0.0,0.0,-0.0083797507679492,0.5433656421101678,4,1.1677136711642517
BH032,4601,1,5,2.7300009727478027,2.7400002479553223,2.7300009727478027,2.7300009727478027,2.760000228881836,,False,False,False,0.7844870277035333,3.25556356983725e-06,0.0007447754614986,0.0001034803863149,-0.0125980816239552,0.6598822222178449,8,1.676086699825153
BH032,4601,2,1,2.7300009727478027,2.2699999809265137,2.200000762939453,2.2100000381469727,2.650001049041748,,True,True,False,0.7844870277035333,0.0002473802887834,0.0565932095050811,0.005980119574815,-0.0125980816239552,0.6598822222178449,3,1.676086699825153
BH032,4601,2,5,2.7300009727478027,2.2699999809265137,2.200000762939453,2.2100000381469727,2.650001049041748,,True,True,False,0.7844870277035333,0.0002473802887834,0.0565932095050811,0.005980119574815,-0.0125980816239552,0.6598822222178449,6,1.676086699825153
BH032,4601,3,1,2.200000762939453,2.2699999809265137,2.200000762939453,2.2100000381469727,2.650001049041748,,False,False,False,0.9315094353422024,9.40681275096722e-07,0.0002151997177861,4.5583947212435305e-05,-0.0083797507679492,0.5433656421101678,4,1.1677136711642517
BH032,4601,3,5,2.7300009727478027,2.2699999809265137,2.200000762939453,2.2100000381469727,2.650001049041748,,True,True,False,0.7844870277035333,0.0002473802887834,0.0565932095050811,0.005980119574815,-0.0125980816239552,0.6598822222178449,7,1.676086699825153
BH032,4601,4,1,2.7300009727478027,2.7400002479553223,2.7300009727478027,2.7300009727478027,2.760000228881836,,False,False,False,0.7844870277035333,3.25556356983725e-06,0.0007447754614986,0.0001034803863149,-0.0125980816239552,0.6598822222178449,3,1.676086699825153
BH032,4601,4,5,2.7300009727478027,2.7400002479553223,2.7300009727478027,2.7300009727478027,2.760000228881836,,False,False,False,0.7844870277035333,3.25556356983725e-06,0.0007447754614986,0.0001034803863149,-0.0125980816239552,0.6598822222178449,6,1.676086699825153
BH032,4629,1,1,3.760000228881836,2.160000801086426,2.1100001335144043,2.1100001335144043,,,True,False,False,0.47762209623252,5.010154927731492e-05,0.0114617347717285,0.0021875277161598,0.052813219219659,0.5235925352321676,2,7.628151385089188
BH032,4629,2,1,3.690000534057617,2.190000057220459,2.140000820159912,2.140000820159912,,,True,False,False,0.4834326540968872,4.564905975712463e-05,0.0104431388899683,0.0018576486036181,0.0527060859374082,0.5269546212615268,4,7.628151385089188
BH032,4629,3,1,3.760000228881836,2.190000057220459,2.140000820159912,2.140000820159912,,,True,False,False,0.47762209623252,4.564905975712463e-05,0.0104431388899683,0.0018576486036181,0.052813219219659,0.5235925352321676,2,7.628151385089188
BH032,4629,4,1,3.690000534057617,2.160000801086426,2.1100001335144043,2.1100001335144043,,,True,False,False,0.4834326540968872,5.010154927731492e-05,0.0114617347717285,0.0021875277161598,0.0527060859374082,0.5269546212615268,4,7.628151385089188
BH032,4631,1,1,3.050000667572021,2.6000003814697266,2.470001220703125,2.530001163482666,,,True,False,False,0.5822641847278791,1.2073849575244822e-05,0.0027621355839073,0.0003421722794882,0.0142855490667761,0.5794455248487711,10,6.223514889926812
BH032,4631,1,5,3.5700008869171143,2.6000003814697266,2.470001220703125,2.530001163482666,,,True,False,False,0.4951535407727976,1.2073849575244822e-05,0.0027621355839073,0.0003421722794882,0.0162207361005677,0.5330312523351368,7,6.223514889926812
BH032,4631,2,1,3.010000705718994,2.4200005531311035,2.340000629425049,2.369999885559082,,,True,False,False,0.5925639865718376,2.823565955623053e-05,0.0064594740979373,0.0010257023386657,0.0136938590060539,0.5862623750696451,25,6.223514889926812
BH032,4631,2,5,2.9800000190734863,2.4200005531311035,2.340000629425049,2.369999885559082,,,True,False,False,0.6009694763913732,2.823565955623053e-05,0.0064594740979373,0.0010257023386657,0.013552639231238,0.5900350841600701,23,6.223514889926812
BH032,4631,3,1,3.050000667572021,2.4200005531311035,2.340000629425049,2.369999885559082,,,True,False,False,0.5822641847278791,2.823565955623053e-05,0.0064594740979373,0.0010257023386657,0.0142855490667761,0.5794455248487711,11,6.223514889926812
BH032,4631,3,5,3.5300002098083496,2.4200005531311035,2.340000629425049,2.369999885559082,,,True,False,False,0.4994588243954704,2.823565955623053e-05,0.0064594740979373,0.0010257023386657,0.0161476048547906,0.5354800524826926,10,6.223514889926812
BH032,4631,4,1,3.010000705718994,2.6000003814697266,2.470001220703125,2.530001163482666,,,True,False,False,0.5925639865718376,1.2073849575244822e-05,0.0027621355839073,0.0003421722794882,0.0136938590060539,0.5862623750696451,26,6.223514889926812
BH032,4631,4,5,2.9800000190734863,2.6000003814697266,2.470001220703125,2.530001163482666,,,True,False,False,0.6009694763913732,1.2073849575244822e-05,0.0027621355839073,0.0003421722794882,0.013552639231238,0.5900350841600701,23,6.223514889926812
BH032,4632,1,1,2.970000743865967,2.369999885559082,2.309999942779541,2.320000648498535,,,True,False,False,0.6040729270248014,5.025078644393943e-05,0.0114958770573139,0.0022192185278981,0.0047217913741,0.5931635892386539,43,6.687100319510314
BH032,4632,1,5,2.9800000190734863,2.369999885559082,2.309999942779541,2.320000648498535,,,True,False,False,0.6009694763913732,5.025078644393943e-05,0.0114958770573139,0.0022192185278981,0.0052077711219591,0.5900350841600701,37,6.687100319510314
BH032,4632,2,1,2.940000057220459,2.380000591278076,2.3299999237060547,2.340000629425049,,,True,False,False,0.610941118212374,4.647694368031807e-05,0.0106325335800647,0.0020229956135153,0.0048714056470481,0.5965893009685286,40,6.687100319510314
BH032,4632,2,5,2.940000057220459,2.380000591278076,2.3299999237060547,2.340000629425049,,,True,False,False,0.610941118212374,4.647694368031807e-05,0.0106325335800647,0.0020229956135153,0.0048714056470481,0.5965893009685286,31,6.687100319510314
BH032,4632,3,1,2.970000743865967,2.380000591278076,2.3299999237060547,2.340000629425049,,,True,False,False,0.6040729270248014,4.647694368031807e-05,0.0106325335800647,0.0020229956135153,0.0047217913741,0.5931635892386539,41,6.687100319510314
BH032,4632,3,5,2.9800000190734863,2.380000591278076,2.3299999237060547,2.340000629425049,,,True,False,False,0.6009694763913732,4.647694368031807e-05,0.0106325335800647,0.0020229956135153,0.0052077711219591,0.5900350841600701,39,6.687100319510314
BH032,4632,4,1,2.940000057220459,2.369999885559082,2.309999942779541,2.320000648498535,,,True,False,False,0.610941118212374,5.025078644393943e-05,0.0114958770573139,0.0022192185278981,0.0048714056470481,0.5965893009685286,40,6.687100319510314
BH032,4632,4,5,2.940000057220459,2.369999885559082,2.309999942779541,2.320000648498535,,,True,False,False,0.610941118212374,5.025078644393943e-05,0.0114958770573139,0.0022192185278981,0.0048714056470481,0.5965893009685286,29,6.687100319510314
BH032,4633,1,1,3.2800004482269287,2.3900012969970703,2.3299999237060547,2.3499999046325684,,,True,False,False,0.5358396641200878,4.193927816231735e-05,0.0095944516360759,0.0017757482128217,0.0093140925440529,0.5552165250044026,22,6.867499569034669
BH032,4633,1,5,3.1700005531311035,2.3900012969970703,2.3299999237060547,2.3499999046325684,,,True,False,False,0.5542480715762405,4.193927816231735e-05,0.0095944516360759,0.0017757482128217,0.0087341527420594,0.5653621798605635,17,6.867499569034669
BH032,4633,2,1,3.660000324249268,2.460000514984131,2.3900012969970703,2.410001277923584,,,True,False,False,0.4860427513322125,2.5255101718357764e-05,0.005777611862868,0.0009448829223401,0.0102224091141218,0.5284084811097347,6,6.867499569034669
BH032,4633,2,5,3.7799999713897705,2.460000514984131,2.3900012969970703,2.410001277923584,,,True,False,False,0.4760426193348729,2.5255101718357764e-05,0.005777611862868,0.0009448829223401,0.0102732727637894,0.5228525111570901,2,6.867499569034669
BH032,4633,3,1,3.2800004482269287,2.460000514984131,2.3900012969970703,2.410001277923584,,,True,False,False,0.5358396641200878,2.5255101718357764e-05,0.005777611862868,0.0009448829223401,0.0093140925440529,0.5552165250044026,24,6.867499569034669
BH032,4633,3,5,3.1700005531311035,2.460000514984131,2.3900012969970703,2.410001277923584,,,True,False,False,0.5542480715762405,2.5255101718357764e-05,0.005777611862868,0.0009448829223401,0.0087341527420594,0.5653621798605635,18,6.867499569034669
BH032,4633,4,1,3.660000324249268,2.3900012969970703,2.3299999237060547,2.3499999046325684,,,True,False,False,0.4860427513322125,4.193927816231735e-05,0.0095944516360759,0.0017757482128217,0.0102224091141218,0.5284084811097347,6,6.867499569034669
BH032,4633,4,5,3.7799999713897705,2.3900012969970703,2.3299999237060547,2.3499999046325684,,,True,False,False,0.4760426193348729,4.193927816231735e-05,0.0095944516360759,0.0017757482128217,0.0102732727637894,0.5228525111570901,2,6.867499569034669
BH032,4679,1,5,2.200000762939453,,2.5100011825561523,,,2.0000009536743164,False,False,True,0.9315094353422024,0.0,0.0,0.0,-1.6038799020225032,0.5433656421101678,129,1047.1357414760776
BH032,4679,2,5,2.4900012016296387,,2.440000534057617,2.500000476837158,,2.0000009536743164,False,False,True,0.9898018241059172,3.1903839499136666e-06,0.0007298643467947,9.402187424711884e-05,-2.2559444679835297,0.623644808760214,124,1047.1357414760776
BH032,4679,3,1,2.4900012016296387,1.9900002479553225,1.9200010299682615,1.9200010299682615,2.500000476837158,2.0000009536743164,True,False,True,0.9898018241059172,6.280587695073336e-05,0.0143681047484278,0.0041470536962151,-2.2559444679835297,0.623644808760214,145,1047.1357414760776
BH032,4679,3,5,2.200000762939453,1.9900002479553225,1.9200010299682615,1.9200010299682615,2.500000476837158,2.0000009536743164,True,False,True,0.9315094353422024,2.076570308418013e-05,0.0047505716793239,0.0020892675966024,-1.6038799020225032,0.5433656421101678,157,1047.1357414760776
BH032,4679,4,1,2.4900012016296387,1.9900002479553225,1.890000343322754,1.890000343322754,2.500000476837158,2.0000009536743164,True,False,True,0.9898018241059172,6.354567449307069e-05,0.0145373484119772,0.0043657249771058,-2.2559444679835297,0.623644808760214,153,1047.1357414760776
BH032,4679,4,5,2.4900012016296387,1.9900002479553225,1.890000343322754,1.890000343322754,2.500000476837158,2.0000009536743164,True,False,True,0.9898018241059172,6.354567449307069e-05,0.0145373484119772,0.0043657249771058,-2.2559444679835297,0.623644808760214,147,1047.1357414760776
BH032,4681,1,1,2.4900012016296387,,,,,2.340000629425049,False,False,True,0.9898018241059172,0.0,0.0,0.0,-1.2361626750824366,0.623644808760214,167,270.80071980279183
BH032,4681,1,5,2.4900012016296387,,,,,2.340000629425049,False,False,True,0.9898018241059172,0.0,0.0,0.0,-1.2361626750824366,0.623644808760214,152,270.80071980279183
BH032,4681,2,1,2.4900012016296387,,,,,2.340000629425049,False,False,True,0.9898018241059172,0.0,0.0,0.0,-1.2361626750824366,0.623644808760214,176,270.80071980279183
BH032,4681,2,5,2.4900012016296387,,,,,2.340000629425049,False,False,True,0.9898018241059172,0.0,0.0,0.0,-1.2361626750824366,0.623644808760214,152,270.80071980279183
BH032,4681,3,1,2.4900012016296387,,,,,2.340000629425049,False,False,True,0.9898018241059172,0.0,0.0,0.0,-1.2361626750824366,0.623644808760214,166,270.80071980279183
BH032,4681,3,5,2.4900012016296387,,,,,2.340000629425049,False,False,True,0.9898018241059172,0.0,0.0,0.0,-1.2361626750824366,0.623644808760214,177,270.80071980279183
BH032,4681,4,1,2.4900012016296387,,,,,2.340000629425049,False,False,True,0.9898018241059172,0.0,0.0,0.0,-1.2361626750824366,0.623644808760214,184,270.80071980279183
BH032,4681,4,5,2.4900012016296387,,,,,2.340000629425049,False,False,True,0.9898018241059172,0.0,0.0,0.0,-1.2361626750824366,0.623644808760214,198,270.80071980279183
BH032,4694,1,1,2.4900012016296387,,,,,2.070000171661377,False,False,True,0.9898018241059172,0.0,0.0,0.0,-1.371243376121689,0.623644808760214,166,928.4336821789523
BH032,4694,1,5,2.4900012016296387,,,,,2.070000171661377,False,False,True,0.9898018241059172,0.0,0.0,0.0,-1.371243376121689,0.623644808760214,169,928.4336821789523
BH032,4694,2,1,2.4900012016296387,,,,,2.070000171661377,False,False,True,0.9898018241059172,0.0,0.0,0.0,-1.371243376121689,0.623644808760214,166,928.4336821789523
BH032,4694,2,5,2.4900012016296387,,,,,2.070000171661377,False,False,True,0.9898018241059172,0.0,0.0,0.0,-1.371243376121689,0.623644808760214,161,928.4336821789523
BH032,4694,3,1,2.4900012016296387,,,,,2.070000171661377,False,False,True,0.9898018241059172,0.0,0.0,0.0,-1.371243376121689,0.623644808760214,200,928.4336821789523
BH032,4694,3,5,2.4900012016296387,,,,,2.070000171661377,False,False,True,0.9898018241059172,0.0,0.0,0.0,-1.371243376121689,0.623644808760214,194,928.4336821789523
BH032,4694,4,1,2.4900012016296387,,,,,2.070000171661377,False,False,True,0.9898018241059172,0.0,0.0,0.0,-1.371243376121689,0.623644808760214,199,928.4336821789523
BH032,4694,4,5,2.4900012016296387,,,,,2.070000171661377,False,False,True,0.9898018241059172,0.0,0.0,0.0,-1.371243376121689,0.623644808760214,194,928.4336821789523
BH032,4714,1,1,2.1700000762939453,2.150000095367432,2.1100001335144043,2.1100001335144043,2.2100000381469727,1.7300004959106443,True,False,True,0.9349501462047892,1.711846016405616e-05,0.0039161914028227,0.0008479863754473,2.026142969756701,0.5440542664597636,22,586.7320705545641
BH032,4714,1,5,2.1800007820129395,2.150000095367432,2.1100001335144043,2.1100001335144043,2.2100000381469727,1.7300004959106443,True,False,True,0.9361911662756114,2.298268373124301e-05,0.0052577503956854,0.0011345418170094,2.168908650939246,0.5895648036156111,8,728.4344033091518
BH032,4714,2,1,2.1700000762939453,2.1700000762939453,2.1200008392333984,2.1200008392333984,2.2100000381469727,1.7300004959106443,False,False,True,0.9349501462047892,1.2592441635206342e-05,0.0028807737398892,0.00060008559376,2.026142969756701,0.5440542664597636,26,586.7320705545641
BH032,4714,2,5,2.1800007820129395,2.1700000762939453,2.1200008392333984,2.1200008392333984,2.2100000381469727,1.7300004959106443,True,False,True,0.9361911662756114,1.4357450709212571e-05,0.0032845551613718,0.0006833223160356,2.168908650939246,0.5895648036156111,6,728.4344033091518
BH032,4714,3,1,2.2100000381469727,2.200000762939453,2.190000057220459,2.200000762939453,2.289999961853028,1.7300004959106443,True,False,True,0.9291291063031646,4.0335329686058685e-05,0.0092275161296129,0.0018655675230547,2.319429705598206,0.5682717469071539,12,1118.3405678195327
BH032,4714,3,5,2.1800007820129395,2.200000762939453,2.190000057220459,2.200000762939453,2.289999961853028,1.7300004959106443,False,False,True,0.9361911662756114,0.0,0.0,0.0,2.168908650939246,0.5895648036156111,4,728.4344033091518
BH032,4714,4,1,2.2100000381469727,2.2100000381469727,2.200000762939453,2.2100000381469727,2.320000648498535,1.7300004959106443,False,False,True,0.9291291063031646,2.3997003154363483e-05,0.0054897964000701,0.00104150257539,2.319429705598206,0.5682717469071539,14,1118.3405678195327
BH032,4714,4,5,2.1800007820129395,2.2100000381469727,2.200000762939453,2.2100000381469727,2.320000648498535,1.7300004959106443,False,False,True,0.9361911662756114,0.0,0.0,0.0,2.168908650939246,0.5895648036156111,6,728.4344033091518
BH032,4780,1,1,2.680000305175781,2.4300012588500977,2.3900012969970703,2.40000057220459,,,True,False,False,0.9539340718719336,3.170246782246977e-05,0.0072525758296251,0.0009274658514186,-0.3070260766797895,0.6876538175174614,83,127.15897436027802
BH032,4780,1,5,2.700000286102295,2.4300012588500977,2.3900012969970703,2.40000057220459,,,True,False,False,0.9132548479038288,3.170246782246977e-05,0.0072525758296251,0.0009274658514186,-0.3003883454726465,0.6856381833784277,85,127.15897436027802
BH032,4780,2,1,2.680000305175781,2.4500012397766118,2.40000057220459,2.4200005531311035,,,True,False,False,0.9539340718719336,2.685169420146849e-05,0.0061428640037775,0.0007781702443026,-0.3070260766797895,0.6876538175174614,80,127.15897436027802
BH032,4780,2,5,2.700000286102295,2.4500012397766118,2.40000057220459,2.4200005531311035,,,True,False,False,0.9132548479038288,2.685169420146849e-05,0.0061428640037775,0.0007781702443026,-0.3003883454726465,0.6856381833784277,85,127.15897436027802
BH032,4780,3,1,2.680000305175781,2.340000629425049,2.2400007247924805,2.2400007247924805,,,True,False,False,0.9539340718719336,5.36416337126866e-05,0.0122716007754206,0.0021435138769447,-0.3070260766797895,0.6876538175174614,88,127.15897436027802
BH032,4780,3,5,2.700000286102295,2.340000629425049,2.2400007247924805,2.2400007247924805,,,True,False,False,0.9132548479038288,5.36416337126866e-05,0.0122716007754206,0.0021435138769447,-0.3003883454726465,0.6856381833784277,88,127.15897436027802
BH032,4780,4,1,2.680000305175781,2.4200005531311035,2.380000591278076,2.380000591278076,,,True,False,False,0.9539340718719336,3.3285166864516214e-05,0.0076146502979099,0.001054833875969,-0.3070260766797895,0.6876538175174614,85,127.15897436027802
BH032,4780,4,5,2.700000286102295,2.4200005531311035,2.380000591278076,2.380000591278076,,,True,False,False,0.9132548479038288,3.3285166864516214e-05,0.0076146502979099,0.001054833875969,-0.3003883454726465,0.6856381833784277,88,127.15897436027802
BH032,4789,1,1,2.4800004959106445,2.640000343322754,2.4900012016296387,2.520000457763672,,,False,False,False,0.9988059975777462,0.0,0.0,0.0,-0.4535911146267816,0.6169610259718261,100,161.89804381546165
BH032,4789,1,5,2.3900012969970703,2.640000343322754,2.4900012016296387,2.520000457763672,,,False,False,False,0.9838473188472812,0.0,0.0,0.0,-0.4018879299605612,0.5866461041408517,174,161.89804381546165
BH032,4789,2,1,2.4900012016296387,2.62000036239624,2.4900012016296387,2.530001163482666,,,False,False,False,0.9898018241059172,1.1747077905965853e-06,0.0002687379892449,5.16336367581971e-05,-0.456771693545392,0.623644808760214,99,161.89804381546165
BH032,4789,2,5,2.3900012969970703,2.62000036239624,2.4900012016296387,2.530001163482666,,,False,False,False,0.9838473188472812,0.0,0.0,0.0,-0.4018879299605612,0.5866461041408517,169,161.89804381546165
BH032,4789,3,1,2.4900012016296387,2.3499999046325684,2.309999942779541,2.309999942779541,,,True,False,False,0.9898018241059172,3.715488855959848e-05,0.0084999268874526,0.0021114472765475,-0.456771693545392,0.623644808760214,97,161.89804381546165
BH032,4789,3,5,2.3900012969970703,2.3499999046325684,2.309999942779541,2.309999942779541,,,True,False,False,0.9838473188472812,1.9344803149579093e-05,0.0044255121611058,0.0011132375802844,-0.4018879299605612,0.5866461041408517,177,161.89804381546165
BH032,4789,4,1,2.4800004959106445,2.3499999046325684,2.309999942779541,2.309999942779541,,,True,False,False,0.9988059975777462,3.4710141335381195e-05,0.0079406416043639,0.0019639178644865,-0.4535911146267816,0.6169610259718261,97,161.89804381546165
BH032,4789,4,5,2.3900012969970703,2.3499999046325684,2.309999942779541,2.309999942779541,,,True,False,False,0.9838473188472812,1.7920199752552435e-05,0.0040996056050062,0.0010280244750902,-0.4018879299605612,0.5866461041408517,175,161.89804381546165
BH032,4790,1,1,2.4800004959106445,,,,,,False,False,False,0.9988059975777462,0.0,0.0,0.0,-0.4342021342290108,0.6169610259718261,97,153.18804062332364
BH032,4790,1,5,2.4900012016296387,,,,,,False,False,False,0.9898018241059172,0.0,0.0,0.0,-0.4367581312902205,0.623644808760214,161,153.18804062332364
BH032,4790,2,1,2.4900012016296387,,,,,,False,False,False,0.9898018241059172,0.0,0.0,0.0,-0.4367581312902205,0.623644808760214,94,153.18804062332364
BH032,4790,2,5,2.4900012016296387,,,,,,False,False,False,0.9898018241059172,0.0,0.0,0.0,-0.4367581312902205,0.623644808760214,156,153.18804062332364
BH032,4790,3,1,2.4900012016296387,,2.4900012016296387,2.530001163482666,,,False,False,False,0.9898018241059172,4.894849325864925e-07,0.0001119794978876,1.981888271984644e-05,-0.4367581312902205,0.623644808760214,92,153.18804062332364
BH032,4790,3,5,2.4900012016296387,,2.4900012016296387,2.530001163482666,,,False,False,False,0.9898018241059172,4.894849325864925e-07,0.0001119794978876,1.981888271984644e-05,-0.4367581312902205,0.623644808760214,177,153.18804062332364
BH032,4790,4,1,2.4900012016296387,2.4200005531311035,2.340000629425049,2.3499999046325684,,,True,False,False,0.9898018241059172,1.980530214495957e-05,0.0045308601111173,0.0009770296746864,-0.4367581312902205,0.623644808760214,95,153.18804062332364
BH032,4790,4,5,2.3900012969970703,2.4200005531311035,2.340000629425049,2.3499999046325684,,,False,False,False,0.9838473188472812,7.274712061189348e-06,0.0016642364207655,0.0003733640187419,-0.3888340894743861,0.5866461041408517,171,153.18804062332364
BH032,4812,1,1,2.1800007820129395,2.2300000190734863,2.200000762939453,2.200000762939453,2.3299999237060547,1.6300004720687866,False,False,True,0.9361911662756114,0.0,0.0,0.0,2.558480343117074,0.5895648036156111,2,728.8059438807694
BH032,4812,1,5,2.160000801086426,2.2300000190734863,2.200000762939453,2.200000762939453,2.3299999237060547,1.6300004720687866,False,False,True,0.93623683976486,0.0,0.0,0.0,2.4282305757096214,0.581988921117151,4,728.8059438807694
BH032,4812,2,1,2.1800007820129395,2.2300000190734863,2.2100000381469727,2.220000743865967,2.340000629425049,1.6300004720687866,False,False,True,0.9361911662756114,0.0,0.0,0.0,2.558480343117074,0.5895648036156111,4,728.8059438807694
BH032,4812,2,5,2.160000801086426,2.2300000190734863,2.2100000381469727,2.220000743865967,2.340000629425049,1.6300004720687866,False,False,True,0.93623683976486,0.0,0.0,0.0,2.4282305757096214,0.581988921117151,4,728.8059438807694
BH032,4812,3,1,2.1800007820129395,2.25,2.220000743865967,2.2300000190734863,2.320000648498535,1.6300004720687866,False,False,True,0.9361911662756114,0.0,0.0,0.0,2.558480343117074,0.5895648036156111,3,728.8059438807694
BH032,4812,3,5,2.200000762939453,2.25,2.220000743865967,2.2300000190734863,2.320000648498535,1.6300004720687866,False,False,True,0.9315094353422024,0.0,0.0,0.0,2.948613293895928,0.5433656421101678,4,910.5947163049907
BH032,4812,4,1,4.920000553131104,2.220000743865967,2.220000743865967,2.220000743865967,2.309999942779541,1.6300004720687866,True,True,True,0.4256918660622806,0.0258238613605499,0.8915650248527527,0.0124087575823068,54.003022292517954,0.5027505938040322,2,4545.206496069772
BH032,4812,4,5,2.200000762939453,2.220000743865967,2.220000743865967,2.220000743865967,2.309999942779541,1.6300004720687866,False,False,True,0.9315094353422024,0.0,0.0,0.0,2.948613293895928,0.5433656421101678,4,910.5947163049907
BH032,4813,1,1,2.1700000762939453,2.2100000381469727,2.190000057220459,2.190000057220459,2.309999942779541,1.6300004720687866,False,False,True,0.9349501462047892,0.0,0.0,0.0,2.470670803785949,0.5440542664597636,4,732.1529316494323
BH032,4813,1,5,2.220000743865967,2.2100000381469727,2.190000057220459,2.190000057220459,2.309999942779541,1.6300004720687866,True,False,True,0.930355435505378,2.364704050705768e-05,0.0054097352549433,0.0008160252473317,3.362419373685997,0.549338354556614,8,968.1004879861166
BH032,4813,2,1,2.1700000762939453,2.2100000381469727,2.1800007820129395,2.190000057220459,2.309999942779541,1.6300004720687866,False,False,True,0.9349501462047892,2.4169773382709536e-07,5.529321060748771e-05,8.769179657974746e-06,2.470670803785949,0.5440542664597636,5,732.1529316494323
BH032,4813,2,5,2.220000743865967,2.2100000381469727,2.1800007820129395,2.190000057220459,2.309999942779541,1.6300004720687866,True,False,True,0.930355435505378,2.1996389477862976e-05,0.0050321156159043,0.0007407901575788,3.362419373685997,0.549338354556614,7,968.1004879861166
BH032,4813,3,1,3.070000648498535,2.2400007247924805,2.2100000381469727,2.2100000381469727,2.340000629425049,1.6300004720687866,True,True,True,0.5768199166056395,0.0079293195158243,0.7226418256759644,0.1041382849216461,32.11975723908789,0.5785526733185902,4,4822.619972505858
BH032,4813,3,5,4.96999979019165,2.2400007247924805,2.2100000381469727,2.2100000381469727,2.340000629425049,1.6300004720687866,True,True,True,0.4246856601168503,0.0118894930928945,0.8060344457626343,0.4317142963409424,55.02882622913785,0.5027201126057237,1,4822.619972505858
BH032,4813,4,1,3.070000648498535,2.2400007247924805,2.2100000381469727,2.220000743865967,2.340000629425049,1.6300004720687866,True,True,True,0.5768199166056395,0.0089642079547047,0.7501204013824463,0.012305598706007,32.11975723908789,0.5785526733185902,4,4822.619972505858
BH032,4813,4,5,3.070000648498535,2.2400007247924805,2.2100000381469727,2.220000743865967,2.340000629425049,1.6300004720687866,True,True,True,0.5768199166056395,0.0089642079547047,0.7501204013824463,0.012305598706007,32.11975723908789,0.5785526733185902,7,4822.619972505858
BH032,4863,1,1,2.3900012969970703,2.410001277923584,2.380000591278076,2.40000057220459,2.470001220703125,1.8100004196166992,False,False,True,0.9838473188472812,2.901948846556479e-06,0.0006638790364377,4.886367605649866e-05,3.2849072128015555,0.5866461041408517,4,749.0003255904427
BH032,4863,1,5,4.610000133514404,2.410001277923584,2.380000591278076,2.40000057220459,2.470001220703125,1.8100004196166992,True,True,True,0.4330235730002393,0.0085641909390687,0.7404481172561646,0.5230698585510254,42.14073007237661,0.504029406092507,12,3790.6434019997587
BH032,4863,2,1,2.3900012969970703,2.40000057220459,2.369999885559082,2.3900012969970703,2.470001220703125,1.8100004196166992,False,False,True,0.9838473188472812,5.743934707425069e-06,0.0013140403898432,0.0001009399056783,3.2849072128015555,0.5866461041408517,2,749.0003255904427
BH032,4863,2,5,4.610000133514404,2.40000057220459,2.369999885559082,2.3900012969970703,2.470001220703125,1.8100004196166992,True,True,True,0.4330235730002393,0.0104564912617206,0.7819613814353943,0.0366208478808403,42.14073007237661,0.504029406092507,13,3790.6434019997587
BH032,4863,3,1,3.0799999237060547,2.320000648498535,2.280000686645508,2.289999961853028,2.440000534057617,1.8100004196166992,True,True,True,0.5720312770035968,0.0045080659911036,0.5740148425102234,0.25618976354599,24.866149614392477,0.5753155178828175,4,3790.6434019997587
BH032,4863,3,5,2.2100000381469727,2.320000648498535,2.280000686645508,2.289999961853028,2.440000534057617,1.8100004196166992,False,False,True,0.9291291063031646,0.0,0.0,0.0,2.3700124580849606,0.5682717469071539,6,749.0003255904427
BH032,4863,4,1,3.0799999237060547,2.340000629425049,2.289999961853028,2.300000667572021,2.440000534057617,1.8100004196166992,True,True,True,0.5720312770035968,0.0052531794644892,0.6195311546325684,0.0712778866291046,24.866149614392477,0.5753155178828175,4,3790.6434019997587
BH032,4863,4,5,3.0799999237060547,2.340000629425049,2.289999961853028,2.300000667572021,2.440000534057617,1.8100004196166992,True,True,True,0.5720312770035968,0.0052531794644892,0.6195311546325684,0.0712778866291046,24.866149614392477,0.5753155178828175,8,3790.6434019997587
BH032,4907,1,1,4.980000019073486,2.650001049041748,2.640000343322754,2.6700010299682617,2.6900010108947754,2.680000305175781,True,True,True,0.4246701612684778,0.0115114878863096,0.8003498911857605,0.5654466152191162,-1.754421591312078,0.5026957028879052,1,279.61820585758505
BH032,4907,1,5,4.990000247955322,2.650001049041748,2.640000343322754,2.6700010299682617,2.6900010108947754,2.680000305175781,True,True,True,0.4243269878489827,0.0115114878863096,0.8003498911857605,0.5654466152191162,-1.7539909775706377,0.5027063354475152,1,279.61820585758505
BH032,4907,2,5,4.940000057220459,2.640000343322754,2.6300010681152344,2.660000324249268,2.6900010108947754,2.680000305175781,True,True,True,0.42519944607335,0.0133381513878703,0.8256892561912537,0.3143313229084015,-1.7541682715804534,0.5027047056272278,2,279.61820585758505
BH032,4907,3,1,4.330000400543213,2.640000343322754,2.6300010681152344,2.660000324249268,2.6900010108947754,2.680000305175781,True,True,True,0.4408782653837624,0.0119061069563031,0.8062842488288879,0.3143313229084015,-1.7702262093681396,0.5068765114579176,3,279.61820585758505
BH032,4907,3,5,4.990000247955322,2.640000343322754,2.6300010681152344,2.660000324249268,2.6900010108947754,2.680000305175781,True,True,True,0.4243269878489827,0.0133424997329711,0.8257426023483276,0.3143313229084015,-1.7539909775706377,0.5027063354475152,1,279.61820585758505
BH032,4907,4,1,4.330000400543213,2.650001049041748,2.640000343322754,2.6700010299682617,2.6900010108947754,2.680000305175781,True,True,True,0.4408782653837624,0.0099945338442921,0.7732672691345215,0.5609757304191589,-1.7702262093681396,0.5068765114579176,2,279.61820585758505
BH032,4907,4,5,4.940000057220459,2.650001049041748,2.640000343322754,2.6700010299682617,2.6900010108947754,2.680000305175781,True,True,True,0.42519944607335,0.0115083893761038,0.8003032803535461,0.5654376745223999,-1.7541682715804534,0.5027047056272278,2,279.61820585758505
BH032,4910,1,5,4.610000133514404,2.5100011825561523,2.500000476837158,2.5100011825561523,2.560000419616699,2.6300010681152344,True,True,True,0.4330235730002393,0.0229675956070423,0.8915650248527527,0.0202653855085372,-2.61992034289154,0.504029406092507,6,364.1033287174405
BH032,4910,2,5,4.610000133514404,2.5100011825561523,2.500000476837158,2.520000457763672,2.560000419616699,2.6300010681152344,True,True,True,0.4330235730002393,0.023947425186634,0.8915650248527527,0.0333829149603843,-2.61992034289154,0.504029406092507,9,364.1033287174405
BH032,4910,3,5,4.610000133514404,2.5100011825561523,2.500000476837158,2.520000457763672,2.560000419616699,2.6300010681152344,True,True,True,0.4330235730002393,0.023947425186634,0.8915650248527527,0.0333829149603843,-2.61992034289154,0.504029406092507,7,364.1033287174405
BH032,4910,4,5,4.610000133514404,2.5100011825561523,2.500000476837158,2.5100011825561523,2.560000419616699,2.6300010681152344,True,True,True,0.4330235730002393,0.0229675956070423,0.8915650248527527,0.0202653855085372,-2.61992034289154,0.504029406092507,9,364.1033287174405
BH032,4911,1,1,4.889999866485596,2.520000457763672,2.5100011825561523,2.530001163482666,2.580000400543213,2.6000003814697266,True,True,True,0.4262494151659579,0.0203745085746049,0.8831362128257751,0.0843103379011154,-2.675844220123923,0.5027980444570996,3,360.0555697088082
BH032,4911,1,5,4.610000133514404,2.520000457763672,2.5100011825561523,2.530001163482666,2.580000400543213,2.6000003814697266,True,True,True,0.4330235730002393,0.0203745085746049,0.8831362128257751,0.0843103379011154,-2.66451009928461,0.504029406092507,11,360.0555697088082
BH032,4911,2,1,4.889999866485596,2.530001163482666,2.5100011825561523,2.530001163482666,2.6000003814697266,2.6000003814697266,True,True,True,0.4262494151659579,0.0184883475303649,0.872158408164978,0.2934348285198211,-2.675844220123923,0.5027980444570996,3,360.0555697088082
BH032,4911,2,5,4.460000514984131,2.530001163482666,2.5100011825561523,2.530001163482666,2.6000003814697266,2.6000003814697266,True,True,True,0.4369147031287713,0.0178732015192508,0.8681156039237976,0.2934348285198211,-2.6770626582307164,0.5050463064730684,12,360.0555697088082
BH032,4911,3,1,4.960000514984131,2.530001163482666,2.5100011825561523,2.530001163482666,2.6000003814697266,2.6000003814697266,True,True,True,0.4248717897300562,0.0184883475303649,0.872158408164978,0.2934348285198211,-2.675851789913551,0.5027103179658676,1,360.0555697088082
BH032,4911,3,5,4.610000133514404,2.530001163482666,2.5100011825561523,2.530001163482666,2.6000003814697266,2.6000003814697266,True,True,True,0.4330235730002393,0.0184854492545127,0.8721404671669006,0.2934348285198211,-2.66451009928461,0.504029406092507,12,360.0555697088082
BH032,4911,4,1,4.889999866485596,2.520000457763672,2.5100011825561523,2.530001163482666,2.580000400543213,2.6000003814697266,True,True,True,0.4262494151659579,0.0203745085746049,0.8831362128257751,0.0843103379011154,-2.675844220123923,0.5027980444570996,2,360.0555697088082
BH032,4911,4,5,4.460000514984131,2.520000457763672,2.5100011825561523,2.530001163482666,2.580000400543213,2.6000003814697266,True,True,True,0.4369147031287713,0.0197476707398891,0.8795401453971863,0.0843103379011154,-2.6770626582307164,0.5050463064730684,12,360.0555697088082
BH032,4912,1,1,4.900000095367432,2.580000400543213,2.5700011253356934,2.6000003814697266,2.660000324249268,2.580000400543213,True,True,True,0.425984724870273,0.0138657996430993,0.8318517208099365,0.3990874588489532,-2.529500219071512,0.5027516493753026,5,352.3512824115106
BH032,4912,1,5,4.460000514984131,2.580000400543213,2.5700011253356934,2.6000003814697266,2.660000324249268,2.580000400543213,True,True,True,0.4369147031287713,0.0131680751219391,0.8236037492752075,0.3990874588489532,-2.523982438479585,0.5050463064730684,11,352.3512824115106
BH032,4912,2,1,4.87000036239624,2.590001106262207,2.5700011253356934,2.580000400543213,2.6700010299682617,2.580000400543213,True,True,True,0.426548318755572,0.0124881174415349,0.8146598935127258,0.6055097579956055,-2.5289471475915715,0.5027644543203041,4,352.3512824115106
BH032,4912,2,5,4.460000514984131,2.590001106262207,2.5700011253356934,2.580000400543213,2.6700010299682617,2.580000400543213,True,True,True,0.4369147031287713,0.0118279140442609,0.805108368396759,0.6024579405784607,-2.523982438479585,0.5050463064730684,10,352.3512824115106
BH032,4912,3,1,4.87000036239624,2.590001106262207,2.5700011253356934,2.580000400543213,2.6700010299682617,2.580000400543213,True,True,True,0.426548318755572,0.0124881174415349,0.8146598935127258,0.6055097579956055,-2.5289471475915715,0.5027644543203041,5,352.3512824115106
BH032,4912,3,5,4.460000514984131,2.590001106262207,2.5700011253356934,2.580000400543213,2.6700010299682617,2.580000400543213,True,True,True,0.4369147031287713,0.0118279140442609,0.805108368396759,0.6024579405784607,-2.523982438479585,0.5050463064730684,11,352.3512824115106
BH032,4912,4,1,4.78000020980835,2.580000400543213,2.5700011253356934,2.6000003814697266,2.660000324249268,2.580000400543213,True,True,True,0.4287270194853944,0.0138603160157799,0.8317899703979492,0.3990874588489532,-2.5264644950123647,0.5029664224187965,5,352.3512824115106
BH032,4912,4,5,4.460000514984131,2.580000400543213,2.5700011253356934,2.6000003814697266,2.660000324249268,2.580000400543213,True,True,True,0.4369147031287713,0.0131680751219391,0.8236037492752075,0.3990874588489532,-2.523982438479585,0.5050463064730684,10,352.3512824115106
BH032,4913,1,5,4.330000400543213,2.6900010108947754,2.6700010299682617,2.6900010108947754,2.710000991821289,2.5700011253356934,True,True,True,0.4408782653837624,0.0089600766077637,0.7500205039978027,0.4390442669391632,-2.308891932612449,0.5068765114579176,10,337.82642283682014
BH032,4913,2,5,4.380000591278076,2.680000305175781,2.660000324249268,2.6900010108947754,2.710000991821289,2.5700011253356934,True,True,True,0.4395850630068596,0.0085389437153935,0.7398377060890198,0.5953413844108582,-2.303720991436599,0.5061477359816411,10,337.82642283682014
BH032,4913,3,1,4.400000095367432,2.680000305175781,2.660000324249268,2.6900010108947754,2.710000991821289,2.5700011253356934,True,True,True,0.4385433861683665,0.0086039323359727,0.7414090633392334,0.5966261625289917,-2.300426165995482,0.505769513518225,1,337.82642283682014
BH032,4913,3,5,4.330000400543213,2.680000305175781,2.660000324249268,2.6900010108947754,2.710000991821289,2.5700011253356934,True,True,True,0.4408782653837624,0.0083849765360355,0.7361108660697937,0.5921518206596375,-2.308891932612449,0.5068765114579176,10,337.82642283682014
BH032,4913,4,1,4.400000095367432,2.6900010108947754,2.6700010299682617,2.6900010108947754,2.710000991821289,2.5700011253356934,True,True,True,0.4385433861683665,0.0092420782893896,0.7566555142402649,0.4390442669391632,-2.300426165995482,0.505769513518225,1,337.82642283682014
BH032,4913,4,5,4.380000591278076,2.6900010108947754,2.6700010299682617,2.6900010108947754,2.710000991821289,2.5700011253356934,True,True,True,0.4395850630068596,0.0091596068814396,0.7547358870506287,0.4390442669391632,-2.303720991436599,0.5061477359816411,11,337.82642283682014
BH032,4914,1,1,4.400000095367432,2.700000286102295,2.6900010108947754,2.710000991821289,2.7200002670288086,2.5700011253356934,True,True,True,0.4385433861683665,0.0070275953039526,0.6941301822662354,0.4052471816539764,-2.136627690376097,0.505769513518225,7,305.43168475702237
BH032,4914,1,5,4.380000591278076,2.700000286102295,2.6900010108947754,2.710000991821289,2.7200002670288086,2.5700011253356934,True,True,True,0.4395850630068596,0.0069973128847777,0.6931596398353577,0.4036721587181091,-2.1397653979789646,0.5061477359816411,13,305.43168475702237
BH032,4914,2,1,4.820000171661377,2.700000286102295,2.6900010108947754,2.710000991821289,2.7200002670288086,2.5700011253356934,True,True,True,0.4274707558698505,0.007023028563708,0.6939838528633118,0.4654021859169006,-2.13555188617937,0.5028829133446613,4,305.43168475702237
BH032,4914,2,5,4.330000400543213,2.700000286102295,2.6900010108947754,2.710000991821289,2.7200002670288086,2.5700011253356934,True,True,True,0.4408782653837624,0.0067503741011023,0.6849362850189209,0.4398544430732727,-2.1448771219422573,0.5068765114579176,18,305.43168475702237
BH032,4914,3,1,4.340000629425049,2.700000286102295,2.6900010108947754,2.710000991821289,2.7200002670288086,2.5700011253356934,True,True,True,0.4409155318345669,0.006766484118998,0.6856259703636169,0.4411982595920563,-2.1424333911947566,0.5062182239744202,8,305.43168475702237
BH032,4914,3,5,4.380000591278076,2.700000286102295,2.6900010108947754,2.710000991821289,2.7200002670288086,2.5700011253356934,True,True,True,0.4395850630068596,0.0068096020258963,0.6871436834335327,0.4449162185192108,-2.1397653979789646,0.5061477359816411,13,305.43168475702237
BH032,4914,4,1,4.340000629425049,2.700000286102295,2.6900010108947754,2.710000991821289,2.7200002670288086,2.5700011253356934,True,True,True,0.4409155318345669,0.006948574911803,0.6915976405143738,0.3997967839241028,-2.1424333911947566,0.5062182239744202,6,305.43168475702237
BH032,4914,4,5,4.330000400543213,2.700000286102295,2.6900010108947754,2.710000991821289,2.7200002670288086,2.5700011253356934,True,True,True,0.4408782653837624,0.0069292481057345,0.6909782290458679,0.3981625139713287,-2.1448771219422573,0.5068765114579176,18,305.43168475702237
BH032,4920,1,1,3.390000820159912,2.530001163482666,2.5100011825561523,2.560000419616699,2.580000400543213,2.660000324249268,True,True,True,0.5178816221177401,0.0012594213476404,0.2550849020481109,0.0252526812255382,-1.540194369287998,0.5453561150663082,52,114.32385997237765
BH032,4920,1,5,2.7300009727478027,2.530001163482666,2.5100011825561523,2.560000419616699,2.580000400543213,2.660000324249268,True,True,True,0.7844870277035333,0.0004068014677613,0.0930639952421188,0.0029090805910527,-1.182614613823422,0.6598822222178449,49,104.96885619893881
BH032,4920,2,1,3.390000820159912,2.530001163482666,2.5100011825561523,2.560000419616699,2.580000400543213,2.660000324249268,True,True,True,0.5178816221177401,0.0012454891111701,0.2528068125247955,0.0240584090352058,-1.540194369287998,0.5453561150663082,52,114.32385997237765
BH032,4920,2,5,2.7300009727478027,2.530001163482666,2.5100011825561523,2.560000419616699,2.580000400543213,2.660000324249268,True,True,True,0.7844870277035333,0.0003913408145308,0.0895270630717277,0.0029158366378396,-1.182614613823422,0.6598822222178449,42,104.96885619893881
BH032,4920,3,1,3.390000820159912,2.530001163482666,2.5100011825561523,2.560000419616699,2.580000400543213,2.660000324249268,True,True,True,0.5178816221177401,0.0012454891111701,0.2528068125247955,0.0240584090352058,-1.540194369287998,0.5453561150663082,51,114.32385997237765
BH032,4920,3,5,2.7300009727478027,2.530001163482666,2.5100011825561523,2.560000419616699,2.580000400543213,2.660000324249268,True,True,True,0.7844870277035333,0.0003913408145308,0.0895270630717277,0.0029158366378396,-1.182614613823422,0.6598822222178449,50,104.96885619893881
BH032,4920,4,1,3.390000820159912,2.530001163482666,2.5100011825561523,2.560000419616699,2.580000400543213,2.660000324249268,True,True,True,0.5178816221177401,0.0012594213476404,0.2550849020481109,0.0252526812255382,-1.540194369287998,0.5453561150663082,51,114.32385997237765
BH032,4920,4,5,2.7300009727478027,2.530001163482666,2.5100011825561523,2.560000419616699,2.580000400543213,2.660000324249268,True,True,True,0.7844870277035333,0.0004068014677613,0.0930639952421188,0.0029090805910527,-1.182614613823422,0.6598822222178449,43,104.96885619893881
BH032,4934,2,1,2.6300010681152344,,,,,,False,False,False,0.983661567798749,0.0,0.0,0.0,-0.2440269822546928,0.6762200825420626,8,57.712282122695285
BH032,4934,2,5,2.6300010681152344,,,,,,False,False,False,0.983661567798749,0.0,0.0,0.0,-0.2440269822546928,0.6762200825420626,14,57.712282122695285
BH032,4934,4,1,2.700000286102295,,,,,,False,False,False,0.9132548479038288,0.0,0.0,0.0,-0.2081080408315031,0.6856381833784277,7,57.712282122695285
BH032,4934,4,5,2.62000036239624,,,,,,False,False,False,0.9872701850571686,0.0,0.0,0.0,-0.2465790407150747,0.672975436258829,11,57.712282122695285
BH032,4957,1,1,2.200000762939453,2.3600006103515625,2.220000743865967,2.220000743865967,,1.8600010871887207,False,False,True,0.9315094353422024,0.0,0.0,0.0,1.4345169761282432,0.5433656421101678,158,1544.7729322654354
BH032,4957,1,5,2.1800007820129395,2.3600006103515625,2.220000743865967,2.220000743865967,,1.8600010871887207,False,False,True,0.9361911662756114,0.0,0.0,0.0,1.3995714075161283,0.5895648036156111,162,1178.2483127297205
BH032,4957,2,1,2.200000762939453,2.4500012397766118,2.200000762939453,2.220000743865967,,1.8600010871887207,False,False,True,0.9315094353422024,1.1726351658580825e-06,0.0002682638296391,5.0646805902943015e-05,1.4345169761282432,0.5433656421101678,160,1544.7729322654354
BH032,4957,2,5,2.1800007820129395,2.4500012397766118,2.200000762939453,2.220000743865967,,1.8600010871887207,False,False,True,0.9361911662756114,0.0,0.0,0.0,1.3995714075161283,0.5895648036156111,167,1178.2483127297205
BH032,4957,3,1,2.200000762939453,,2.5100011825561523,2.530001163482666,,1.8600010871887207,False,False,True,0.9315094353422024,0.0,0.0,0.0,1.4345169761282432,0.5433656421101678,169,1544.7729322654354
BH032,4957,3,5,2.200000762939453,,2.5100011825561523,2.530001163482666,,1.8600010871887207,False,False,True,0.9315094353422024,0.0,0.0,0.0,1.4345169761282432,0.5433656421101678,165,1544.7729322654354
BH032,4957,4,1,2.200000762939453,,2.4800004959106445,2.530001163482666,,1.8600010871887207,False,False,True,0.9315094353422024,0.0,0.0,0.0,1.4345169761282432,0.5433656421101678,165,1544.7729322654354
BH032,4957,4,5,2.200000762939453,,2.4800004959106445,2.530001163482666,,1.8600010871887207,False,False,True,0.9315094353422024,0.0,0.0,0.0,1.4345169761282432,0.5433656421101678,181,1544.7729322654354
BH032,4962,1,1,2.1700000762939453,2.260000705718994,2.2300000190734863,2.2400007247924805,2.380000591278076,1.6500000953674316,False,False,True,0.9349501462047892,0.0,0.0,0.0,1.9584255595540108,0.5440542664597636,152,767.6717650485184
BH032,4962,1,5,2.220000743865967,2.260000705718994,2.2300000190734863,2.2400007247924805,2.380000591278076,1.6500000953674316,False,False,True,0.930355435505378,0.0,0.0,0.0,2.174414325274894,0.549338354556614,150,1371.6684401700732
BH032,4962,2,1,2.1700000762939453,2.220000743865967,2.2100000381469727,2.2100000381469727,2.3900012969970703,1.6500000953674316,False,False,True,0.9349501462047892,0.0,0.0,0.0,1.9584255595540108,0.5440542664597636,152,767.6717650485184
BH032,4962,2,5,2.220000743865967,2.220000743865967,2.2100000381469727,2.2100000381469727,2.3900012969970703,1.6500000953674316,False,False,True,0.930355435505378,1.014782174024731e-05,0.0023215177934616,0.0003488191287033,2.174414325274894,0.549338354556614,166,1371.6684401700732
BH032,4962,3,1,2.220000743865967,2.2400007247924805,2.2100000381469727,2.2100000381469727,2.380000591278076,1.6500000953674316,False,False,True,0.930355435505378,6.248516911000479e-06,0.0014294736320152,0.0002105135208694,2.174414325274894,0.549338354556614,144,1371.6684401700732
BH032,4962,3,5,2.220000743865967,2.2400007247924805,2.2100000381469727,2.2100000381469727,2.380000591278076,1.6500000953674316,False,False,True,0.930355435505378,6.248516911000479e-06,0.0014294736320152,0.0002105135208694,2.174414325274894,0.549338354556614,163,1371.6684401700732
BH032,4962,4,1,2.190000057220459,2.2100000381469727,2.2100000381469727,2.2100000381469727,2.380000591278076,1.6500000953674316,False,False,True,0.9339128807579702,2.2954230871619077e-07,5.251240872894414e-05,9.924560799845494e-06,2.2666435429325293,0.5334532296602421,144,1371.6684401700732
BH032,4962,4,5,2.220000743865967,2.2100000381469727,2.2100000381469727,2.2100000381469727,2.380000591278076,1.6500000953674316,True,False,True,0.930355435505378,1.2070994671375956e-05,0.0027614824939519,0.0004555065243039,2.174414325274894,0.549338354556614,166,1371.6684401700732
BH032,5003,1,1,2.2100000381469727,2.140000820159912,2.040000915527344,2.0500001907348637,2.300000667572021,,True,False,False,0.9291291063031646,4.598110535880551e-05,0.0105191012844443,0.0026030456647276,-0.2298536520006847,0.5682717469071539,6,61.90956990737855
BH032,5003,1,5,2.260000705718994,2.140000820159912,2.040000915527344,2.0500001907348637,2.300000667572021,,True,False,False,0.9435644511128094,5.655001950799488e-05,0.0129369515925645,0.0031180470250546,-0.2321706111236682,0.5607958479150963,17,61.90956990737855
BH032,5003,2,1,2.2100000381469727,2.1700000762939453,2.1700000762939453,2.1700000762939453,2.410001277923584,,True,False,False,0.9291291063031646,2.415756171103567e-05,0.0055265268310904,0.0012144640786573,-0.2298536520006847,0.5682717469071539,1,61.90956990737855
BH032,5003,2,5,2.2100000381469727,2.1700000762939453,2.1700000762939453,2.1700000762939453,2.410001277923584,,True,False,False,0.9291291063031646,2.415756171103567e-05,0.0055265268310904,0.0012144640786573,-0.2298536520006847,0.5682717469071539,1,61.90956990737855
BH032,5003,3,1,4.490000247955322,2.1700000762939453,2.1700000762939453,2.1700000762939453,2.410001277923584,,True,True,False,0.4358215315533713,0.000101029050711,0.0231124237179756,0.0045731803402304,-0.1449755939392069,0.5046894211718428,8,61.90956990737855
BH032,5003,3,5,2.2699999809265137,2.1700000762939453,2.1700000762939453,2.1700000762939453,2.410001277923584,,True,False,False,0.9483495130796114,3.4505919757066295e-05,0.0078939218074083,0.0016974202590063,-0.2371218756634278,0.5606437544679479,15,61.90956990737855
BH032,5003,4,5,2.2100000381469727,2.140000820159912,2.040000915527344,2.0500001907348637,2.300000667572021,,True,False,False,0.9291291063031646,4.598110535880551e-05,0.0105191012844443,0.0026030456647276,-0.2298536520006847,0.5682717469071539,1,61.90956990737855
BH032,5019,1,1,3.9600000381469727,,2.4500012397766118,2.530001163482666,,,False,False,False,0.4639844016118259,9.545911780151071e-06,0.002183818956837,0.0002224756899522,-0.2191451265903589,0.516088330233384,2,74.92932556322364
BH032,5019,1,5,4.0500006675720215,,2.4500012397766118,2.530001163482666,,,False,False,False,0.4578362286730307,9.545911780151071e-06,0.002183818956837,0.0002224756899522,-0.2191926296279737,0.5134376729551079,2,74.92932556322364
BH032,5019,2,1,4.340000629425049,,2.560000419616699,,5.0,,False,False,False,0.4409155318345669,3.989239303336944e-06,0.0009126185905188,8.781526412349194e-05,-0.2211146148605821,0.5062182239744202,33,74.92932556322364
BH032,5019,2,5,4.380000591278076,,2.560000419616699,,5.0,,False,False,False,0.4395850630068596,3.989239303336944e-06,0.0009126185905188,8.781526412349194e-05,-0.219612711974101,0.5061477359816411,28,74.92932556322364
BH032,5019,4,1,4.389999866485596,,2.4500012397766118,2.530001163482666,,,False,False,False,0.4396389423678411,9.545911780151071e-06,0.002183818956837,0.0002224756899522,-0.219197101838824,0.5058188048283284,31,74.92932556322364
BH032,5019,4,5,4.450000286102295,,2.4500012397766118,2.530001163482666,,,False,False,False,0.437148562108046,9.545911780151071e-06,0.002183818956837,0.0002224756899522,-0.2201631645750508,0.5052238114462986,18,74.92932556322364
BH032,5038,1,1,4.960000514984131,2.580000400543213,2.5700011253356934,2.5700011253356934,2.6700010299682617,2.55000114440918,True,True,True,0.4248717897300562,0.0068108481355011,0.6871836185455322,0.6319611668586731,-2.338621893943774,0.5027103179658676,2,282.4503258589891
BH032,5038,1,5,4.929999828338623,2.580000400543213,2.5700011253356934,2.5700011253356934,2.6700010299682617,2.55000114440918,True,True,True,0.4254259845548715,0.0068097789771854,0.6871493458747864,0.6318803429603577,-2.338429013319883,0.5027540211009575,4,282.4503258589891
BH032,5038,2,1,4.960000514984131,2.5700011253356934,2.5700011253356934,2.5700011253356934,2.6700010299682617,2.55000114440918,True,True,True,0.4248717897300562,0.0066811931319534,0.6819747090339661,0.5607163906097412,-2.338621893943774,0.5027103179658676,2,282.4503258589891
BH032,5038,2,5,4.929999828338623,2.5700011253356934,2.5700011253356934,2.5700011253356934,2.6700010299682617,2.55000114440918,True,True,True,0.4254259845548715,0.00668062036857,0.6819501519203186,0.5607026219367981,-2.338429013319883,0.5027540211009575,3,282.4503258589891
BH032,5038,3,1,4.960000514984131,2.5700011253356934,2.5700011253356934,2.5700011253356934,2.6700010299682617,2.55000114440918,True,True,True,0.4248717897300562,0.0066811931319534,0.6819747090339661,0.5607163906097412,-2.338621893943774,0.5027103179658676,2,282.4503258589891
BH032,5038,3,5,4.929999828338623,2.5700011253356934,2.5700011253356934,2.5700011253356934,2.6700010299682617,2.55000114440918,True,True,True,0.4254259845548715,0.00668062036857,0.6819501519203186,0.5607026219367981,-2.338429013319883,0.5027540211009575,4,282.4503258589891
BH032,5038,4,1,4.960000514984131,2.580000400543213,2.5700011253356934,2.5700011253356934,2.6700010299682617,2.55000114440918,True,True,True,0.4248717897300562,0.0068108481355011,0.6871836185455322,0.6319611668586731,-2.338621893943774,0.5027103179658676,2,282.4503258589891
BH032,5038,4,5,4.929999828338623,2.580000400543213,2.5700011253356934,2.5700011253356934,2.6700010299682617,2.55000114440918,True,True,True,0.4254259845548715,0.0068097789771854,0.6871493458747864,0.6318803429603577,-2.338429013319883,0.5027540211009575,3,282.4503258589891
