case,steel_element,steel_ip,steel_section_point,first_supported_unload_time_s,first_UHPC_PEEQ_gt1e_5_s,first_DAMAGEC_gt1e_4_s,first_DAMAGET_gt1e_4_s,first_Poisson_corrected_epsstar_y_gt1e_4_s,first_local_w_gt1mm_s,UHPC_plastic_precedes_unload,UHPC_epsstar_precedes_unload,local_w_1mm_precedes_unload,unload_P_over_Pu,UHPC_PEEQ_at_unload,UHPC_DAMAGEC_at_unload,UHPC_DAMAGET_at_unload,w_at_unload_mm,q_R2_at_unload,n_supported_unload_increments,max_raw_local_w_accel_before_unload_mm_s2
BH050,9827,3,5,2.570000171661377,2.250000476837158,2.2400012016296387,2.2400012016296387,2.270000457763672,2.220001220703125,True,True,True,0.687427124023305,0.0017299451865255,0.3235652148723602,0.0159557927399873,-0.6909060688758205,0.7086709615795239,40,83.14051406091417
BH050,9827,4,1,2.52000093460083,2.250000476837158,2.2400012016296387,2.2400012016296387,2.270000457763672,2.220001220703125,True,True,True,0.7120120660946423,0.0016494886949658,0.3134430348873138,0.0159005299210548,-0.7033486274537598,0.728738180657096,59,83.14051406091417
BH050,9827,4,5,2.570000171661377,2.250000476837158,2.2400012016296387,2.2400012016296387,2.270000457763672,2.220001220703125,True,True,True,0.687427124023305,0.0017299451865255,0.3235652148723602,0.0159557927399873,-0.6909060688758205,0.7086709615795239,71,83.14051406091417
BH050,9828,1,1,2.52000093460083,2.250000476837158,2.2400012016296387,2.250000476837158,2.270000457763672,2.2300004959106445,True,True,True,0.7120120660946423,0.0016259268159046,0.3104927837848663,0.0189678315073251,-0.7301142561867735,0.728738180657096,90,78.94106094718529
BH050,9828,1,5,2.570000171661377,2.250000476837158,2.2400012016296387,2.250000476837158,2.270000457763672,2.2300004959106445,True,True,True,0.687427124023305,0.0017053284682333,0.3204715251922607,0.0192027781158685,-0.7213096520770171,0.7086709615795239,75,78.94106094718529
BH050,9828,2,1,2.52000093460083,2.250000476837158,2.2400012016296387,2.250000476837158,2.270000457763672,2.2300004959106445,True,True,True,0.7120120660946423,0.0016259268159046,0.3104927837848663,0.0189678315073251,-0.7301142561867735,0.728738180657096,115,78.94106094718529
BH050,9828,2,5,2.59000015258789,2.250000476837158,2.2400012016296387,2.250000476837158,2.270000457763672,2.2300004959106445,True,True,True,0.6739816428122024,0.0018712962046265,0.341329425573349,0.0202673152089118,-0.6942906216559949,0.6994280907343093,84,92.41393382400358
BH050,9828,3,1,2.52000093460083,2.250000476837158,2.2400012016296387,2.250000476837158,2.270000457763672,2.2300004959106445,True,True,True,0.7120120660946423,0.0016259268159046,0.3104927837848663,0.0189678315073251,-0.7301142561867735,0.728738180657096,108,78.94106094718529
BH050,9828,3,5,2.570000171661377,2.250000476837158,2.2400012016296387,2.250000476837158,2.270000457763672,2.2300004959106445,True,True,True,0.687427124023305,0.0017053284682333,0.3204715251922607,0.0192027781158685,-0.7213096520770171,0.7086709615795239,79,78.94106094718529
BH050,9828,4,1,2.52000093460083,2.250000476837158,2.2400012016296387,2.250000476837158,2.270000457763672,2.2300004959106445,True,True,True,0.7120120660946423,0.0016259268159046,0.3104927837848663,0.0189678315073251,-0.7301142561867735,0.728738180657096,122,78.94106094718529
BH050,9828,4,5,2.5500001907348637,2.250000476837158,2.2400012016296387,2.250000476837158,2.270000457763672,2.2300004959106445,True,True,True,0.6991807634093842,0.0016872038831934,0.3181937336921692,0.0191400740295648,-0.7279779661865009,0.7172229144794136,90,78.94106094718529
BH050,9829,1,1,2.52000093460083,2.2600011825561523,2.250000476837158,2.2600011825561523,2.280001163482666,2.2300004959106445,True,True,True,0.7120120660946423,0.0013750287471339,0.2739880383014679,0.0157138407230377,-0.7790860863090927,0.728738180657096,96,76.23127970834238
BH050,9829,1,5,2.5500001907348637,2.2600011825561523,2.250000476837158,2.2600011825561523,2.280001163482666,2.2300004959106445,True,True,True,0.6991807634093842,0.0014391065342351,0.2844655215740204,0.0159551817923784,-0.7780509920833529,0.7172229144794136,66,76.23127970834238
BH050,9829,2,1,2.52000093460083,2.2600011825561523,2.250000476837158,2.2600011825561523,2.280001163482666,2.2300004959106445,True,True,True,0.7120120660946423,0.0013750287471339,0.2739880383014679,0.0157138407230377,-0.7790860863090927,0.728738180657096,89,76.23127970834238
BH050,9829,2,5,2.5500001907348637,2.2600011825561523,2.250000476837158,2.2600011825561523,2.280001163482666,2.2300004959106445,True,True,True,0.6991807634093842,0.0014391065342351,0.2844655215740204,0.0159551817923784,-0.7780509920833529,0.7172229144794136,57,76.23127970834238
BH050,9829,3,1,2.52000093460083,2.2600011825561523,2.250000476837158,2.2600011825561523,2.280001163482666,2.2300004959106445,True,True,True,0.7120120660946423,0.0013750287471339,0.2739880383014679,0.0157138407230377,-0.7790860863090927,0.728738180657096,92,76.23127970834238
BH050,9829,3,5,2.5500001907348637,2.2600011825561523,2.250000476837158,2.2600011825561523,2.280001163482666,2.2300004959106445,True,True,True,0.6991807634093842,0.0014391065342351,0.2844655215740204,0.0159551817923784,-0.7780509920833529,0.7172229144794136,69,76.23127970834238
BH050,9829,4,1,2.52000093460083,2.2600011825561523,2.250000476837158,2.2600011825561523,2.280001163482666,2.2300004959106445,True,True,True,0.7120120660946423,0.0013750287471339,0.2739880383014679,0.0157138407230377,-0.7790860863090927,0.728738180657096,89,76.23127970834238
BH050,9829,4,5,2.5500001907348637,2.2600011825561523,2.250000476837158,2.2600011825561523,2.280001163482666,2.2300004959106445,True,True,True,0.6991807634093842,0.0014391065342351,0.2844655215740204,0.0159551817923784,-0.7780509920833529,0.7172229144794136,60,76.23127970834238
BH050,9844,1,1,2.59000015258789,2.2400012016296387,2.210000514984131,2.220001220703125,2.310000419616699,,True,True,False,0.6739816428122024,0.0002323636872461,0.0531578585505485,0.0137331830337643,-0.7757397773578132,0.6994280907343093,53,36.502160679153405
BH050,9844,1,5,2.3200011253356934,2.2400012016296387,2.210000514984131,2.220001220703125,2.310000419616699,,True,True,False,0.8352970979953322,7.27170699974522e-05,0.0166354905813932,0.0031396611593663,-0.7380733535381703,0.837195929173792,69,36.502160679153405
BH050,9844,2,1,2.59000015258789,2.2400012016296387,2.210000514984131,2.220001220703125,2.310000419616699,,True,True,False,0.6739816428122024,0.0002323636872461,0.0531578585505485,0.0137331830337643,-0.7757397773578132,0.6994280907343093,52,36.502160679153405
BH050,9844,2,5,2.510000228881836,2.2400012016296387,2.210000514984131,2.220001220703125,2.310000419616699,,True,True,False,0.7162154280664899,0.0001867318933364,0.0427186675369739,0.0103261489421129,-0.7505178045635165,0.7326755020095009,67,36.502160679153405
BH050,9844,3,1,2.59000015258789,2.2400012016296387,2.210000514984131,2.220001220703125,2.310000419616699,,True,True,False,0.6739816428122024,0.0002323636872461,0.0531578585505485,0.0137331830337643,-0.7757397773578132,0.6994280907343093,48,36.502160679153405
BH050,9844,3,5,2.3200011253356934,2.2400012016296387,2.210000514984131,2.220001220703125,2.310000419616699,,True,True,False,0.8352970979953322,7.27170699974522e-05,0.0166354905813932,0.0031396611593663,-0.7380733535381703,0.837195929173792,69,36.502160679153405
BH050,9844,4,1,2.59000015258789,2.2400012016296387,2.210000514984131,2.220001220703125,2.310000419616699,,True,True,False,0.6739816428122024,0.0002323636872461,0.0531578585505485,0.0137331830337643,-0.7757397773578132,0.6994280907343093,45,36.502160679153405
BH050,9844,4,5,2.3200011253356934,2.2400012016296387,2.210000514984131,2.220001220703125,2.310000419616699,,True,True,False,0.8352970979953322,7.27170699974522e-05,0.0166354905813932,0.0031396611593663,-0.7380733535381703,0.837195929173792,74,36.502160679153405
BH050,9866,1,1,2.2400012016296387,,,,,,False,False,False,0.9406577960276442,0.0,0.0,0.0,-0.1658687758295687,0.9015556110089412,11,200.11947722136213
BH050,9866,1,5,2.250000476837158,,,,,,False,False,False,0.9324049185579808,0.0,0.0,0.0,-0.1697077097024744,0.8977089729372956,8,200.11947722136213
BH050,9866,2,1,2.2400012016296387,,,,,,False,False,False,0.9406577960276442,0.0,0.0,0.0,-0.1658687758295687,0.9015556110089412,11,200.11947722136213
BH050,9866,2,5,2.190000534057617,,,,,,False,False,False,0.9595276240318236,0.0,0.0,0.0,-0.1841223400393705,0.908399063041444,11,200.11947722136213
BH050,9866,3,1,2.250000476837158,,,,,,False,False,False,0.9324049185579808,0.0,0.0,0.0,-0.1697077097024744,0.8977089729372956,10,200.11947722136213
BH050,9866,3,5,2.250000476837158,,,,,,False,False,False,0.9324049185579808,0.0,0.0,0.0,-0.1697077097024744,0.8977089729372956,8,200.11947722136213
BH050,9866,4,1,2.250000476837158,,,,,,False,False,False,0.9324049185579808,0.0,0.0,0.0,-0.1697077097024744,0.8977089729372956,10,200.11947722136213
BH050,9866,4,5,2.190000534057617,,,,,,False,False,False,0.9595276240318236,0.0,0.0,0.0,-0.1841223400393705,0.908399063041444,11,200.11947722136213
BH050,9867,1,1,2.190000534057617,,,,,,False,False,False,0.9595276240318236,0.0,0.0,0.0,-0.1867170977756919,0.908399063041444,13,238.58992370138057
BH050,9867,1,5,2.190000534057617,,,,,,False,False,False,0.9595276240318236,0.0,0.0,0.0,-0.1867170977756919,0.908399063041444,11,238.58992370138057
BH050,9867,2,1,2.190000534057617,,,,,,False,False,False,0.9595276240318236,0.0,0.0,0.0,-0.1867170977756919,0.908399063041444,13,238.58992370138057
BH050,9867,2,5,2.2400012016296387,,,,,,False,False,False,0.9406577960276442,0.0,0.0,0.0,-0.1720990665954618,0.9015556110089412,11,238.58992370138057
BH050,9867,3,1,2.2400012016296387,,,,,,False,False,False,0.9406577960276442,0.0,0.0,0.0,-0.1720990665954618,0.9015556110089412,11,238.58992370138057
BH050,9867,3,5,2.190000534057617,,,,,,False,False,False,0.9595276240318236,0.0,0.0,0.0,-0.1867170977756919,0.908399063041444,10,238.58992370138057
BH050,9867,4,1,2.2400012016296387,,,,,,False,False,False,0.9406577960276442,0.0,0.0,0.0,-0.1720990665954618,0.9015556110089412,9,238.58992370138057
BH050,9867,4,5,2.2400012016296387,,,,,,False,False,False,0.9406577960276442,0.0,0.0,0.0,-0.1720990665954618,0.9015556110089412,11,238.58992370138057
BH050,9868,1,1,2.190000534057617,,,,,,False,False,False,0.9595276240318236,0.0,0.0,0.0,-0.171087132498715,0.908399063041444,12,324.8083994442095
BH050,9868,1,5,2.250000476837158,,,,,,False,False,False,0.9324049185579808,0.0,0.0,0.0,-0.1640617344251849,0.8977089729372956,9,324.8083994442095
BH050,9868,2,1,2.190000534057617,,,,,,False,False,False,0.9595276240318236,0.0,0.0,0.0,-0.171087132498715,0.908399063041444,12,324.8083994442095
BH050,9868,2,5,2.270000457763672,,,,,,False,False,False,0.908979263935024,0.0,0.0,0.0,-0.1431332535478083,0.8854281722114009,10,324.8083994442095
BH050,9868,3,1,2.190000534057617,,,,,,False,False,False,0.9595276240318236,0.0,0.0,0.0,-0.171087132498715,0.908399063041444,12,324.8083994442095
BH050,9868,3,5,2.250000476837158,,,,,,False,False,False,0.9324049185579808,0.0,0.0,0.0,-0.1640617344251849,0.8977089729372956,9,324.8083994442095
BH050,9868,4,1,2.190000534057617,,,,,,False,False,False,0.9595276240318236,0.0,0.0,0.0,-0.171087132498715,0.908399063041444,12,324.8083994442095
BH050,9868,4,5,2.270000457763672,,,,,,False,False,False,0.908979263935024,0.0,0.0,0.0,-0.1431332535478083,0.8854281722114009,10,324.8083994442095
BH050,9878,2,1,4.37000036239624,,,,,,False,False,False,0.4393168361811539,0.0,0.0,0.0,0.3185682727878745,0.5013727519902574,8,152.8938463956206
BH050,9878,3,5,4.160000324249268,,,,,,False,False,False,0.4461845273479818,0.0,0.0,0.0,0.3176603292349271,0.5061125682447865,1,152.8938463956206
BH050,9895,1,1,2.15000057220459,,,,,,False,False,False,0.983765100043012,0.0,0.0,0.0,-0.138954530370475,0.9025118111178668,31,19.815629212291974
BH050,9895,1,5,2.15000057220459,,,,,,False,False,False,0.983765100043012,0.0,0.0,0.0,-0.138954530370475,0.9025118111178668,42,19.815629212291974
BH050,9895,2,1,2.15000057220459,,,,,,False,False,False,0.983765100043012,0.0,0.0,0.0,-0.138954530370475,0.9025118111178668,32,19.815629212291974
BH050,9895,2,5,2.160001277923584,,,,,,False,False,False,0.9774838435660383,0.0,0.0,0.0,-0.1399304520871392,0.903850997542582,52,19.815629212291974
BH050,9895,3,1,2.1800012588500977,,,,,,False,False,False,0.9649578667919008,0.0,0.0,0.0,-0.1336657377774214,0.9064026815444682,31,20.256369133061852
BH050,9895,3,5,2.1700005531311035,,,,,,False,False,False,0.9719808493391028,0.0,0.0,0.0,-0.1386295062536399,0.9052139060426664,40,20.256369133061852
BH050,9895,4,1,2.1800012588500977,,,,,,False,False,False,0.9649578667919008,0.0,0.0,0.0,-0.1336657377774214,0.9064026815444682,36,20.256369133061852
BH050,9895,4,5,2.160001277923584,,,,,,False,False,False,0.9774838435660383,0.0,0.0,0.0,-0.1399304520871392,0.903850997542582,45,19.815629212291974
BH050,9896,1,1,2.1800012588500977,,,,,,False,False,False,0.9649578667919008,0.0,0.0,0.0,-0.13616901915095,0.9064026815444682,67,17.837077262586696
BH050,9896,1,5,1.920000076293945,,,,,,False,False,False,0.9455492776358546,0.0,0.0,0.0,-0.1659762541762908,0.7600074304719999,78,17.837077262586696
BH050,9896,2,1,2.1800012588500977,,,,,,False,False,False,0.9649578667919008,0.0,0.0,0.0,-0.13616901915095,0.9064026815444682,74,17.837077262586696
BH050,9896,2,5,1.8100008964538572,,,,,,False,False,False,0.8744755918310068,0.0,0.0,0.0,-0.1568171291021257,0.6771704207885354,86,17.837077262586696
BH050,9896,3,1,2.15000057220459,,,,,,False,False,False,0.983765100043012,0.0,0.0,0.0,-0.1400753845012401,0.9025118111178668,59,17.837077262586696
BH050,9896,3,5,1.920000076293945,,,,,,False,False,False,0.9455492776358546,0.0,0.0,0.0,-0.1659762541762908,0.7600074304719999,78,17.837077262586696
BH050,9896,4,1,2.15000057220459,,,,,,False,False,False,0.983765100043012,0.0,0.0,0.0,-0.1400753845012401,0.9025118111178668,72,17.837077262586696
BH050,9896,4,5,1.8100008964538572,,,,,,False,False,False,0.8744755918310068,0.0,0.0,0.0,-0.1568171291021257,0.6771704207885354,83,17.837077262586696
BH050,9897,1,1,2.1800012588500977,,2.0999999046325684,2.1400012969970703,,,False,False,False,0.9649578667919008,5.876536761206808e-06,0.0013443757779896,0.0002369218273088,-0.1332702162693912,0.9064026815444682,69,13.43011577732234
BH050,9897,1,5,1.920000076293945,,2.0999999046325684,2.1400012969970703,,,False,False,False,0.9455492776358546,0.0,0.0,0.0,-0.151729232094766,0.7600074304719999,92,13.43011577732234
BH050,9897,2,1,2.1800012588500977,,2.0999999046325684,2.1400012969970703,,,False,False,False,0.9649578667919008,5.876536761206808e-06,0.0013443757779896,0.0002369218273088,-0.1332702162693912,0.9064026815444682,75,13.43011577732234
BH050,9897,2,5,1.920000076293945,,2.0999999046325684,2.1400012969970703,,,False,False,False,0.9455492776358546,0.0,0.0,0.0,-0.151729232094766,0.7600074304719999,97,13.43011577732234
BH050,9897,3,1,2.15000057220459,,2.0999999046325684,2.1400012969970703,,,False,False,False,0.983765100043012,4.530099886324024e-06,0.0010363513138145,0.0001832791895139,-0.1362412115491729,0.9025118111178668,76,13.43011577732234
BH050,9897,3,5,1.920000076293945,,2.0999999046325684,2.1400012969970703,,,False,False,False,0.9455492776358546,0.0,0.0,0.0,-0.151729232094766,0.7600074304719999,90,13.43011577732234
BH050,9897,4,1,2.15000057220459,,2.0999999046325684,2.1400012969970703,,,False,False,False,0.983765100043012,4.530099886324024e-06,0.0010363513138145,0.0001832791895139,-0.1362412115491729,0.9025118111178668,78,13.43011577732234
BH050,9897,4,5,1.920000076293945,,2.0999999046325684,2.1400012969970703,,,False,False,False,0.9455492776358546,0.0,0.0,0.0,-0.151729232094766,0.7600074304719999,94,13.43011577732234
BH050,9898,1,1,2.1800012588500977,1.77000093460083,1.710000991821289,1.710000991821289,2.1100006103515625,,True,True,False,0.9649578667919008,6.754857895430177e-05,0.0154530936852097,0.0057133510708808,-0.1119593865100289,0.9064026815444682,95,12.417971133813763
BH050,9898,1,5,1.920000076293945,1.77000093460083,1.710000991821289,1.710000991821289,2.1100006103515625,,True,False,False,0.9455492776358546,3.2490355806658044e-05,0.0074328207410871,0.0034387137275189,-0.1274609540733287,0.7600074304719999,119,12.417971133813763
BH050,9898,2,1,2.1800012588500977,1.77000093460083,1.710000991821289,1.710000991821289,2.1100006103515625,,True,True,False,0.9649578667919008,6.754857895430177e-05,0.0154530936852097,0.0057133510708808,-0.1119593865100289,0.9064026815444682,101,12.417971133813763
BH050,9898,2,5,1.920000076293945,1.77000093460083,1.710000991821289,1.710000991821289,2.1100006103515625,,True,False,False,0.9455492776358546,3.2490355806658044e-05,0.0074328207410871,0.0034387137275189,-0.1274609540733287,0.7600074304719999,140,12.417971133813763
BH050,9898,3,1,2.1800012588500977,1.77000093460083,1.710000991821289,1.710000991821289,2.1100006103515625,,True,True,False,0.9649578667919008,6.754857895430177e-05,0.0154530936852097,0.0057133510708808,-0.1119593865100289,0.9064026815444682,96,12.417971133813763
BH050,9898,3,5,1.920000076293945,1.77000093460083,1.710000991821289,1.710000991821289,2.1100006103515625,,True,False,False,0.9455492776358546,3.2490355806658044e-05,0.0074328207410871,0.0034387137275189,-0.1274609540733287,0.7600074304719999,118,12.417971133813763
BH050,9898,4,1,2.1800012588500977,1.77000093460083,1.710000991821289,1.710000991821289,2.1100006103515625,,True,True,False,0.9649578667919008,6.754857895430177e-05,0.0154530936852097,0.0057133510708808,-0.1119593865100289,0.9064026815444682,104,12.417971133813763
BH050,9898,4,5,1.920000076293945,1.77000093460083,1.710000991821289,1.710000991821289,2.1100006103515625,,True,False,False,0.9455492776358546,3.2490355806658044e-05,0.0074328207410871,0.0034387137275189,-0.1274609540733287,0.7600074304719999,137,12.417971133813763
BH050,9899,1,1,2.1800012588500977,,,,,,False,False,False,0.9649578667919008,0.0,0.0,0.0,-0.0765103364251971,0.9064026815444682,85,12.912485720768576
BH050,9899,1,5,2.1800012588500977,,,,,,False,False,False,0.9649578667919008,0.0,0.0,0.0,-0.0765103364251971,0.9064026815444682,128,12.912485720768576
BH050,9899,2,1,2.1800012588500977,,,,,,False,False,False,0.9649578667919008,0.0,0.0,0.0,-0.0765103364251971,0.9064026815444682,85,12.912485720768576
BH050,9899,2,5,2.1800012588500977,,,,,,False,False,False,0.9649578667919008,0.0,0.0,0.0,-0.0765103364251971,0.9064026815444682,123,12.912485720768576
BH050,9899,3,1,2.1800012588500977,,,,,,False,False,False,0.9649578667919008,0.0,0.0,0.0,-0.0765103364251971,0.9064026815444682,90,12.912485720768576
BH050,9899,3,5,2.1800012588500977,,,,,,False,False,False,0.9649578667919008,0.0,0.0,0.0,-0.0765103364251971,0.9064026815444682,126,12.912485720768576
BH050,9899,4,1,2.1800012588500977,,,,,,False,False,False,0.9649578667919008,0.0,0.0,0.0,-0.0765103364251971,0.9064026815444682,88,12.912485720768576
BH050,9899,4,5,2.1800012588500977,,,,,,False,False,False,0.9649578667919008,0.0,0.0,0.0,-0.0765103364251971,0.9064026815444682,128,12.912485720768576
BH050,9909,1,5,1.8000001907348633,,,,,1.4100008010864258,False,False,True,0.8654362325011453,0.0,0.0,0.0,2.736504472489381,0.6683306907740489,177,5255.028772650518
BH050,9909,2,5,1.8000001907348633,,,,,1.4100008010864258,False,False,True,0.8654362325011453,0.0,0.0,0.0,2.736504472489381,0.6683306907740489,176,5255.028772650518
BH050,9909,3,5,2.010000705718994,,,,,1.4100008010864258,False,False,True,0.988266084545478,0.0,0.0,0.0,4.692173218182677,0.8320613398910238,188,5255.028772650518
BH050,9909,4,5,1.8000001907348633,,,,,1.4100008010864258,False,False,True,0.8654362325011453,0.0,0.0,0.0,2.736504472489381,0.6683306907740489,194,5255.028772650518
BH050,9924,1,5,1.830000877380371,1.950000762939453,1.920000076293945,1.920000076293945,2.0,1.080000877380371,False,False,True,0.8911766414218666,0.0,0.0,0.0,4.18108074820429,0.690982743832022,208,5609.562417762247
BH050,9924,2,5,1.830000877380371,1.950000762939453,1.920000076293945,1.920000076293945,2.0,1.080000877380371,False,False,True,0.8911766414218666,0.0,0.0,0.0,4.18108074820429,0.690982743832022,210,5609.562417762247
BH050,9924,3,1,2.220001220703125,1.950000762939453,1.920000076293945,1.920000076293945,1.9900007247924805,1.080000877380371,True,True,True,0.9491895016152916,0.0004673433431889,0.1069141700863838,0.0352284237742424,14.352408001537084,0.9074884201650316,174,5609.562417762247
BH050,9924,3,5,1.8500008583068848,1.950000762939453,1.920000076293945,1.920000076293945,1.9900007247924805,1.080000877380371,False,False,True,0.9056764334552162,0.0,0.0,0.0,4.620905099567457,0.6989947620268528,208,5609.562417762247
BH050,9924,4,1,2.220001220703125,1.950000762939453,1.920000076293945,1.920000076293945,1.9900007247924805,1.080000877380371,True,True,True,0.9491895016152916,0.0004673433431889,0.1069141700863838,0.0352284237742424,14.352408001537084,0.9074884201650316,173,5609.562417762247
BH050,9924,4,5,1.820000171661377,1.950000762939453,1.920000076293945,1.920000076293945,1.9900007247924805,1.080000877380371,False,False,True,0.8837485549348055,0.0,0.0,0.0,4.25974735732838,0.6856034763984711,203,5609.562417762247
BH050,10032,1,1,3.700000762939453,,2.1700005531311035,2.1700005531311035,,,False,False,False,0.4670360941455997,3.5730222407437395e-06,0.0008174005779437,0.0001903662487166,-0.1299741465813571,0.524164781205896,7,142.00208531803764
BH050,10032,1,5,3.2400007247924805,,2.1700005531311035,2.1700005531311035,,,False,False,False,0.5090347133333755,3.5730222407437395e-06,0.0008174005779437,0.0001903662487166,-0.1429887458167869,0.5622829650864054,28,142.00208531803764
BH050,10032,2,1,3.410000324249268,,2.1700005531311035,2.1700005531311035,,,False,False,False,0.4879307671099242,3.5730222407437395e-06,0.0008174005779437,0.0001903662487166,-0.1394728951845373,0.5444500925888733,15,142.00208531803764
BH050,10032,2,5,2.940000534057617,,2.1700005531311035,2.1700005531311035,,,False,False,False,0.5672080762256116,3.5730222407437395e-06,0.0008174005779437,0.0001903662487166,-0.1468869974850847,0.6087937434791717,62,142.00208531803764
BH050,10032,3,1,3.720000505447388,,2.1700005531311035,2.1700005531311035,,,False,False,False,0.4656123477325922,3.5730222407437395e-06,0.0008174005779437,0.0001903662487166,-0.1301795525621256,0.523188242022181,6,142.00208531803764
BH050,10032,3,5,3.039999961853028,,2.1700005531311035,2.1700005531311035,,,False,False,False,0.5456498410344317,3.5730222407437395e-06,0.0008174005779437,0.0001903662487166,-0.1506534223101029,0.5919661829068679,31,142.00208531803764
BH050,10032,4,1,3.650000810623169,,2.1700005531311035,2.1700005531311035,,,False,False,False,0.4683170586665826,3.5730222407437395e-06,0.0008174005779437,0.0001903662487166,-0.1322613648502608,0.5266395762853596,14,142.00208531803764
BH050,10032,4,5,2.6000008583068848,,2.1700005531311035,2.1700005531311035,,,False,False,False,0.6621582656186814,3.5730222407437395e-06,0.0008174005779437,0.0001903662487166,-0.1287016302997974,0.692007474399597,65,142.00208531803764
BH050,10033,1,1,2.9300012588500977,,,,,,False,False,False,0.5690241256579684,0.0,0.0,0.0,-0.1642242725606337,0.6108029521562403,63,124.43665440453017
BH050,10033,1,5,2.540000915527344,,,,,,False,False,False,0.7041968955216038,0.0,0.0,0.0,-0.1518827792423872,0.7211709996918085,97,124.43665440453017
BH050,10033,2,1,2.6100001335144043,,,,,,False,False,False,0.6543080017741534,0.0,0.0,0.0,-0.1545468981564015,0.6862465270247199,83,124.43665440453017
BH050,10033,2,5,2.290000438690185,,,,,,False,False,False,0.8802132312727491,0.0,0.0,0.0,-0.1177514788436935,0.8669745109239227,109,124.43665440453017
BH050,10033,3,1,2.690000057220459,,,,,,False,False,False,0.6258943003296836,0.0,0.0,0.0,-0.1507598352238362,0.6618431332415003,71,124.43665440453017
BH050,10033,3,5,2.540000915527344,,,,,,False,False,False,0.7041968955216038,0.0,0.0,0.0,-0.1518827792423872,0.7211709996918085,102,124.43665440453017
BH050,10033,4,1,2.6100001335144043,,,,,,False,False,False,0.6543080017741534,0.0,0.0,0.0,-0.1545468981564015,0.6862465270247199,92,124.43665440453017
BH050,10033,4,5,2.290000438690185,,,,,,False,False,False,0.8802132312727491,0.0,0.0,0.0,-0.1177514788436935,0.8669745109239227,110,124.43665440453017
BH050,10034,1,1,2.52000093460083,,,,,,False,False,False,0.7120120660946423,0.0,0.0,0.0,-0.1645198296322166,0.728738180657096,101,126.22975639919918
BH050,10034,1,5,2.270000457763672,,,,,,False,False,False,0.908979263935024,0.0,0.0,0.0,-0.1351533616266773,0.8854281722114009,127,126.22975639919918
BH050,10034,2,1,2.290000438690185,,,,,,False,False,False,0.8802132312727491,0.0,0.0,0.0,-0.131989757669187,0.8669745109239227,107,126.22975639919918
BH050,10034,2,5,2.270000457763672,,,,,,False,False,False,0.908979263935024,0.0,0.0,0.0,-0.1351533616266773,0.8854281722114009,122,126.22975639919918
BH050,10034,3,1,2.52000093460083,,,,,,False,False,False,0.7120120660946423,0.0,0.0,0.0,-0.1645198296322166,0.728738180657096,95,126.22975639919918
BH050,10034,3,5,2.270000457763672,,,,,,False,False,False,0.908979263935024,0.0,0.0,0.0,-0.1351533616266773,0.8854281722114009,126,126.22975639919918
BH050,10034,4,1,2.340001106262207,,,,,,False,False,False,0.8089892047655041,0.0,0.0,0.0,-0.1459240584046661,0.818388560644023,103,126.22975639919918
BH050,10034,4,5,2.270000457763672,,,,,,False,False,False,0.908979263935024,0.0,0.0,0.0,-0.1351533616266773,0.8854281722114009,118,126.22975639919918
BH050,10035,1,1,2.290000438690185,,2.1700005531311035,2.1700005531311035,,,False,False,False,0.8802132312727491,2.97673295790446e-06,0.0006809874321334,0.00016257489915,-0.1226886953142185,0.8669745109239227,106,138.45826357015864
BH050,10035,1,5,2.270000457763672,,2.1700005531311035,2.1700005531311035,,,False,False,False,0.908979263935024,2.97673295790446e-06,0.0006809874321334,0.00016257489915,-0.1244053127502827,0.8854281722114009,122,138.45826357015864
BH050,10035,2,1,2.290000438690185,,2.1700005531311035,2.1700005531311035,,,False,False,False,0.8802132312727491,2.97673295790446e-06,0.0006809874321334,0.00016257489915,-0.1226886953142185,0.8669745109239227,110,138.45826357015864
BH050,10035,2,5,2.280001163482666,,2.1700005531311035,2.1700005531311035,,,False,False,False,0.8949375366149795,2.97673295790446e-06,0.0006809874321334,0.00016257489915,-0.1208321578419784,0.8768687490204936,120,138.45826357015864
BH050,10035,3,1,2.310000419616699,,2.1700005531311035,2.1700005531311035,,,False,False,False,0.8486771703715174,2.97673295790446e-06,0.0006809874321334,0.00016257489915,-0.1254887351654101,0.8470691581571742,103,138.45826357015864
BH050,10035,3,5,2.270000457763672,,2.1700005531311035,2.1700005531311035,,,False,False,False,0.908979263935024,2.97673295790446e-06,0.0006809874321334,0.00016257489915,-0.1244053127502827,0.8854281722114009,126,138.45826357015864
BH050,10035,4,1,2.290000438690185,,2.1700005531311035,2.1700005531311035,,,False,False,False,0.8802132312727491,2.97673295790446e-06,0.0006809874321334,0.00016257489915,-0.1226886953142185,0.8669745109239227,111,138.45826357015864
BH050,10035,4,5,2.280001163482666,,2.1700005531311035,2.1700005531311035,,,False,False,False,0.8949375366149795,2.97673295790446e-06,0.0006809874321334,0.00016257489915,-0.1208321578419784,0.8768687490204936,113,138.45826357015864
BH050,10048,1,1,4.929999828338623,2.2600011825561523,2.1400012969970703,2.15000057220459,4.019999980926514,,True,True,False,0.4276093440138547,9.286755812354386e-05,0.0212453175336122,0.014580626040697,0.3089018861270015,0.4983788394222528,2,57.281833335650624
BH050,10048,1,5,4.960000514984131,2.2600011825561523,2.1400012969970703,2.15000057220459,4.019999980926514,,True,True,False,0.4267207633188069,9.286755812354386e-05,0.0212453175336122,0.014580626040697,0.3093516012937936,0.4983755888839954,2,57.281833335650624
BH050,10048,3,1,4.929999828338623,2.2600011825561523,2.1400012969970703,2.15000057220459,4.019999980926514,,True,True,False,0.4276093440138547,9.286755812354386e-05,0.0212453175336122,0.014580626040697,0.3089018861270015,0.4983788394222528,2,57.281833335650624
BH032,2266,2,5,2.710000991821289,,,,,,False,False,False,0.8783294522036981,0.0,0.0,0.0,-0.3995294508675548,0.6803502707367975,4,52.54339955535518
BH032,2266,4,5,2.710000991821289,,,,,,False,False,False,0.8783294522036981,0.0,0.0,0.0,-0.3995294508675548,0.6803502707367975,4,52.54339955535518
BH032,2267,1,1,2.6300010681152344,,,,,,False,False,False,0.983661567798749,0.0,0.0,0.0,-0.4424653423374893,0.6762200825420626,7,52.83710199262647
BH032,2267,1,5,2.6300010681152344,,,,,,False,False,False,0.983661567798749,0.0,0.0,0.0,-0.4424653423374893,0.6762200825420626,11,52.83710199262647
BH032,2267,2,5,2.710000991821289,,,,,,False,False,False,0.8783294522036981,0.0,0.0,0.0,-0.3963191746121577,0.6803502707367975,5,52.83710199262647
BH032,2267,3,1,2.6300010681152344,,,,,,False,False,False,0.983661567798749,0.0,0.0,0.0,-0.4424653423374893,0.6762200825420626,9,52.83710199262647
BH032,2267,3,5,2.6300010681152344,,,,,,False,False,False,0.983661567798749,0.0,0.0,0.0,-0.4424653423374893,0.6762200825420626,16,52.83710199262647
BH032,2267,4,1,2.7200002670288086,,,,,,False,False,False,0.8316460024864885,0.0,0.0,0.0,-0.3869985358573408,0.6710651103729932,1,52.83710199262647
BH032,2267,4,5,2.710000991821289,,,,,,False,False,False,0.8783294522036981,0.0,0.0,0.0,-0.3963191746121577,0.6803502707367975,5,52.83710199262647
BH032,2286,1,1,4.340000629425049,2.640000343322754,2.6300010681152344,2.6700010299682617,2.700000286102295,2.560000419616699,True,True,True,0.4409155318345669,0.005072992760688,0.6085290312767029,0.1497503668069839,-2.206192954365753,0.5062182239744202,13,224.31296403394845
BH032,2286,1,5,4.340000629425049,2.640000343322754,2.6300010681152344,2.6700010299682617,2.700000286102295,2.560000419616699,True,True,True,0.4409155318345669,0.005072992760688,0.6085290312767029,0.1497503668069839,-2.206192954365753,0.5062182239744202,18,224.31296403394845
BH032,2286,2,1,4.340000629425049,2.640000343322754,2.6000003814697266,2.640000343322754,2.710000991821289,2.560000419616699,True,True,True,0.4409155318345669,0.0054257898591458,0.6274698376655579,0.1670817583799362,-2.206192954365753,0.5062182239744202,13,224.31296403394845
BH032,2286,2,5,4.340000629425049,2.640000343322754,2.6000003814697266,2.640000343322754,2.710000991821289,2.560000419616699,True,True,True,0.4409155318345669,0.0054257898591458,0.6274698376655579,0.1670817583799362,-2.206192954365753,0.5062182239744202,23,224.31296403394845
BH032,2286,3,1,4.340000629425049,2.640000343322754,2.6000003814697266,2.640000343322754,2.710000991821289,2.560000419616699,True,True,True,0.4409155318345669,0.0052279708907008,0.6179921627044678,0.225544735789299,-2.206192954365753,0.5062182239744202,10,224.31296403394845
BH032,2286,3,5,4.340000629425049,2.640000343322754,2.6000003814697266,2.640000343322754,2.710000991821289,2.560000419616699,True,True,True,0.4409155318345669,0.0052279708907008,0.6179921627044678,0.225544735789299,-2.206192954365753,0.5062182239744202,17,224.31296403394845
BH032,2286,4,1,4.340000629425049,2.640000343322754,2.6300010681152344,2.6700010299682617,2.700000286102295,2.560000419616699,True,True,True,0.4409155318345669,0.0048915855586528,0.5974526405334473,0.2086689919233322,-2.206192954365753,0.5062182239744202,12,224.31296403394845
BH032,2286,4,5,4.340000629425049,2.640000343322754,2.6300010681152344,2.6700010299682617,2.700000286102295,2.560000419616699,True,True,True,0.4409155318345669,0.0048915855586528,0.5974526405334473,0.2086689919233322,-2.206192954365753,0.5062182239744202,22,224.31296403394845
BH032,2287,1,1,4.580000400543213,2.700000286102295,2.6900010108947754,2.710000991821289,2.7200002670288086,2.55000114440918,True,True,True,0.4333159814502223,0.0070165474899113,0.6937761306762695,0.4647632539272308,-2.2970762062598347,0.5041311311081275,6,283.4996675957986
BH032,2287,1,5,4.340000629425049,2.700000286102295,2.6900010108947754,2.710000991821289,2.7200002670288086,2.55000114440918,True,True,True,0.4409155318345669,0.006766484118998,0.6856259703636169,0.4411982595920563,-2.3105504317965564,0.5062182239744202,22,283.4996675957986
BH032,2287,2,1,4.349999904632568,2.700000286102295,2.6900010108947754,2.710000991821289,2.7200002670288086,2.55000114440918,True,True,True,0.4408510981853487,0.006956965662539,0.6918665766716003,0.4004867970943451,-2.311442892112231,0.5067121728370363,10,283.4996675957986
BH032,2287,2,5,4.340000629425049,2.700000286102295,2.6900010108947754,2.710000991821289,2.7200002670288086,2.55000114440918,True,True,True,0.4409155318345669,0.006948574911803,0.6915976405143738,0.3997967839241028,-2.3105504317965564,0.5062182239744202,22,283.4996675957986
BH032,2287,3,1,4.340000629425049,2.700000286102295,2.6900010108947754,2.700000286102295,2.7200002670288086,2.55000114440918,True,True,True,0.4409155318345669,0.0067841215059161,0.6863270401954651,0.4311547577381134,-2.3105504317965564,0.5062182239744202,13,283.4996675957986
BH032,2287,3,5,4.340000629425049,2.700000286102295,2.6900010108947754,2.700000286102295,2.7200002670288086,2.55000114440918,True,True,True,0.4409155318345669,0.0067841215059161,0.6863270401954651,0.4311547577381134,-2.3105504317965564,0.5062182239744202,19,283.4996675957986
BH032,2287,4,1,4.340000629425049,2.700000286102295,2.6900010108947754,2.710000991821289,2.7200002670288086,2.55000114440918,True,True,True,0.4409155318345669,0.0065671703778207,0.6770934462547302,0.4837646782398224,-2.3105504317965564,0.5062182239744202,13,283.4996675957986
BH032,2287,4,5,4.340000629425049,2.700000286102295,2.6900010108947754,2.710000991821289,2.7200002670288086,2.55000114440918,True,True,True,0.4409155318345669,0.0065671703778207,0.6770934462547302,0.4837646782398224,-2.3105504317965564,0.5062182239744202,22,283.4996675957986
BH032,2288,1,1,4.330000400543213,2.680000305175781,2.660000324249268,2.6900010108947754,2.710000991821289,2.55000114440918,True,True,True,0.4408782653837624,0.0083849765360355,0.7361108660697937,0.5921518206596375,-2.517567727223778,0.5068765114579176,4,323.49468267293446
BH032,2288,1,5,4.340000629425049,2.680000305175781,2.660000324249268,2.6900010108947754,2.710000991821289,2.55000114440918,True,True,True,0.4409155318345669,0.0084288381040096,0.7371753454208374,0.5930879712104797,-2.5148628685364547,0.5062182239744202,2,323.49468267293446
BH032,2288,2,1,4.330000400543213,2.6900010108947754,2.6700010299682617,2.6900010108947754,2.710000991821289,2.55000114440918,True,True,True,0.4408782653837624,0.0089600766077637,0.7500205039978027,0.4390442669391632,-2.517567727223778,0.5068765114579176,4,323.49468267293446
BH032,2288,2,5,4.340000629425049,2.6900010108947754,2.6700010299682617,2.6900010108947754,2.710000991821289,2.55000114440918,True,True,True,0.4409155318345669,0.0090142413973808,0.7513301968574524,0.4390442669391632,-2.5148628685364547,0.5062182239744202,5,323.49468267293446
BH032,2288,3,1,4.330000400543213,2.680000305175781,2.6700010299682617,2.6900010108947754,2.710000991821289,2.55000114440918,True,True,True,0.4408782653837624,0.0084837200120091,0.7385023832321167,0.4608537852764129,-2.517567727223778,0.5068765114579176,3,323.49468267293446
BH032,2288,3,5,4.330000400543213,2.680000305175781,2.6700010299682617,2.6900010108947754,2.710000991821289,2.55000114440918,True,True,True,0.4408782653837624,0.0084837200120091,0.7385023832321167,0.4608537852764129,-2.517567727223778,0.5068765114579176,3,323.49468267293446
BH032,2288,4,1,4.330000400543213,2.680000305175781,2.660000324249268,2.6900010108947754,2.710000991821289,2.55000114440918,True,True,True,0.4408782653837624,0.0082450471818447,0.732447624206543,0.6197100877761841,-2.517567727223778,0.5068765114579176,3,323.49468267293446
BH032,2288,4,5,4.330000400543213,2.680000305175781,2.660000324249268,2.6900010108947754,2.710000991821289,2.55000114440918,True,True,True,0.4408782653837624,0.0082450471818447,0.732447624206543,0.6197100877761841,-2.517567727223778,0.5068765114579176,7,323.49468267293446
BH032,2289,1,1,4.87000036239624,2.590001106262207,2.5700011253356934,2.580000400543213,2.6700010299682617,2.55000114440918,True,True,True,0.426548318755572,0.0124881174415349,0.8146598935127258,0.6055097579956055,-2.762012863986936,0.5027644543203041,5,342.86570696853414
BH032,2289,1,5,4.78000020980835,2.590001106262207,2.5700011253356934,2.580000400543213,2.6700010299682617,2.55000114440918,True,True,True,0.4287270194853944,0.0124811371788382,0.8145609498023987,0.6054717898368835,-2.760121787486875,0.5029664224187965,9,342.86570696853414
BH032,2289,2,1,4.87000036239624,2.580000400543213,2.5700011253356934,2.6000003814697266,2.660000324249268,2.55000114440918,True,True,True,0.426548318755572,0.0138657996430993,0.8318517208099365,0.3990874588489532,-2.762012863986936,0.5027644543203041,3,342.86570696853414
BH032,2289,2,5,4.809999942779541,2.580000400543213,2.5700011253356934,2.6000003814697266,2.660000324249268,2.55000114440918,True,True,True,0.4278583928959894,0.0138657996430993,0.8318517208099365,0.3990874588489532,-2.761096383000239,0.5029085010285324,7,342.86570696853414
BH032,2289,3,1,4.78000020980835,2.580000400543213,2.5700011253356934,2.580000400543213,2.660000324249268,2.55000114440918,True,True,True,0.4287270194853944,0.0128714460879564,0.8199663758277893,0.4092466831207275,-2.760121787486875,0.5029664224187965,6,342.86570696853414
BH032,2289,3,5,4.78000020980835,2.580000400543213,2.5700011253356934,2.580000400543213,2.660000324249268,2.55000114440918,True,True,True,0.4287270194853944,0.0128714460879564,0.8199663758277893,0.4092466831207275,-2.760121787486875,0.5029664224187965,7,342.86570696853414
BH032,2289,4,1,4.87000036239624,2.580000400543213,2.5700011253356934,2.580000400543213,2.6700010299682617,2.55000114440918,True,True,True,0.426548318755572,0.0117613580077886,0.8041074872016907,0.6375241279602051,-2.762012863986936,0.5027644543203041,3,342.86570696853414
BH032,2289,4,5,4.809999942779541,2.580000400543213,2.5700011253356934,2.580000400543213,2.6700010299682617,2.55000114440918,True,True,True,0.4278583928959894,0.0117613580077886,0.8041074872016907,0.6375241279602051,-2.761096383000239,0.5029085010285324,7,342.86570696853414
BH032,2290,1,1,4.889999866485596,2.530001163482666,2.5100011825561523,2.530001163482666,2.6000003814697266,2.560000419616699,True,True,True,0.4262494151659579,0.0184883475303649,0.872158408164978,0.2934348285198211,-2.9329285809837247,0.5027980444570996,5,346.97567844168134
BH032,2290,1,5,4.809999942779541,2.530001163482666,2.5100011825561523,2.530001163482666,2.6000003814697266,2.560000419616699,True,True,True,0.4278583928959894,0.0184883475303649,0.872158408164978,0.2934348285198211,-2.932122249376803,0.5029085010285324,8,346.97567844168134
BH032,2290,2,1,4.980000019073486,2.520000457763672,2.5100011825561523,2.530001163482666,2.580000400543213,2.560000419616699,True,True,True,0.4246701612684778,0.0203745085746049,0.8831362128257751,0.0843103379011154,-2.9323811719448445,0.5026957028879052,1,346.97567844168134
BH032,2290,2,5,4.809999942779541,2.520000457763672,2.5100011825561523,2.530001163482666,2.580000400543213,2.560000419616699,True,True,True,0.4278583928959894,0.0203745085746049,0.8831362128257751,0.0843103379011154,-2.932122249376803,0.5029085010285324,5,346.97567844168134
BH032,2290,3,1,4.889999866485596,2.520000457763672,2.5100011825561523,2.520000457763672,2.580000400543213,2.560000419616699,True,True,True,0.4262494151659579,0.0207187626510858,0.8851110935211182,0.0773256495594978,-2.9329285809837247,0.5027980444570996,7,346.97567844168134
BH032,2290,3,5,4.809999942779541,2.520000457763672,2.5100011825561523,2.520000457763672,2.580000400543213,2.560000419616699,True,True,True,0.4278583928959894,0.0207187626510858,0.8851110935211182,0.0773256495594978,-2.932122249376803,0.5029085010285324,9,346.97567844168134
BH032,2290,4,1,4.980000019073486,2.520000457763672,2.500000476837158,2.520000457763672,2.6000003814697266,2.560000419616699,True,True,True,0.4246701612684778,0.018540620803833,0.8724822998046875,0.3002221584320068,-2.9323811719448445,0.5026957028879052,1,346.97567844168134
BH032,2290,4,5,4.809999942779541,2.520000457763672,2.500000476837158,2.520000457763672,2.6000003814697266,2.560000419616699,True,True,True,0.4278583928959894,0.018540620803833,0.8724822998046875,0.3002221584320068,-2.932122249376803,0.5029085010285324,6,346.97567844168134
BH032,2291,1,5,4.809999942779541,2.5100011825561523,2.500000476837158,2.520000457763672,2.560000419616699,2.5700011253356934,True,True,True,0.4278583928959894,0.0239494293928146,0.8915650248527527,0.0333829149603843,-2.9026790459816763,0.5029085010285324,5,341.3198576107257
BH032,2291,2,1,4.920000553131104,2.5100011825561523,2.500000476837158,2.5100011825561523,2.560000419616699,2.5700011253356934,True,True,True,0.4256918660622806,0.0229715127497911,0.8915650248527527,0.0202653855085372,-2.901942749829969,0.5027505938040322,2,341.3198576107257
BH032,2291,2,5,4.809999942779541,2.5100011825561523,2.500000476837158,2.5100011825561523,2.560000419616699,2.5700011253356934,True,True,True,0.4278583928959894,0.0229715127497911,0.8915650248527527,0.0202653855085372,-2.9026790459816763,0.5029085010285324,6,341.3198576107257
BH032,2291,3,5,4.809999942779541,2.5100011825561523,2.500000476837158,2.5100011825561523,2.560000419616699,2.5700011253356934,True,True,True,0.4278583928959894,0.0243069287389516,0.8915650248527527,0.0187570378184318,-2.9026790459816763,0.5029085010285324,4,341.3198576107257
BH032,2291,4,5,4.809999942779541,2.5100011825561523,2.500000476837158,2.5100011825561523,2.560000419616699,2.5700011253356934,True,True,True,0.4278583928959894,0.0246975123882293,0.8915650248527527,0.0292584728449583,-2.9026790459816763,0.5029085010285324,5,341.3198576107257
BH032,2293,2,5,4.96999979019165,2.5700011253356934,2.560000419616699,2.580000400543213,2.650001049041748,2.640000343322754,True,True,True,0.4246856601168503,0.0186296757310628,0.8730341196060181,0.2869784832000732,-2.3369452153436328,0.5027201126057237,1,303.57179283881317
BH032,2294,1,1,4.340000629425049,2.640000343322754,2.6300010681152344,2.660000324249268,2.6900010108947754,2.6700010299682617,True,True,True,0.4409155318345669,0.0119615979492664,0.8071187734603882,0.3143313229084015,-1.9955836447487365,0.5062182239744202,3,244.26148391333084
BH032,2294,1,5,4.940000057220459,2.640000343322754,2.6300010681152344,2.660000324249268,2.6900010108947754,2.6700010299682617,True,True,True,0.42519944607335,0.0133381513878703,0.8256892561912537,0.3143313229084015,-1.9823395825399368,0.5027047056272278,2,244.26148391333084
BH032,2294,2,1,4.340000629425049,2.650001049041748,2.640000343322754,2.6700010299682617,2.6900010108947754,2.6700010299682617,True,True,True,0.4409155318345669,0.0100565645843744,0.7744347453117371,0.5611644387245178,-1.9955836447487365,0.5062182239744202,3,244.26148391333084
BH032,2294,2,5,4.580000400543213,2.650001049041748,2.640000343322754,2.6700010299682617,2.6900010108947754,2.6700010299682617,True,True,True,0.4333159814502223,0.0114779807627201,0.7998459935188293,0.5653586387634277,-1.9745364109339356,0.5041311311081275,2,244.26148391333084
BH032,2294,3,1,4.330000400543213,2.650001049041748,2.640000343322754,2.660000324249268,2.6900010108947754,2.6700010299682617,True,True,True,0.4408782653837624,0.009491741657257,0.7624666094779968,0.5986267328262329,-1.998232028037069,0.5068765114579176,6,244.26148391333084
BH032,2294,3,5,4.349999904632568,2.650001049041748,2.640000343322754,2.660000324249268,2.6900010108947754,2.6700010299682617,True,True,True,0.4408510981853487,0.0095873633399605,0.7646923065185547,0.5993383526802063,-1.9952560278299425,0.5067121728370363,7,244.26148391333084
BH032,2294,4,1,4.330000400543213,2.650001049041748,2.6300010681152344,2.660000324249268,2.6900010108947754,2.6700010299682617,True,True,True,0.4408782653837624,0.0113335736095905,0.7976743578910828,0.364084243774414,-1.998232028037069,0.5068765114579176,7,244.26148391333084
BH032,2294,4,5,4.580000400543213,2.650001049041748,2.6300010681152344,2.660000324249268,2.6900010108947754,2.6700010299682617,True,True,True,0.4333159814502223,0.0125982351601123,0.8162208199501038,0.364084243774414,-1.9745364109339356,0.5041311311081275,4,244.26148391333084
BH032,2295,1,1,4.340000629425049,2.6300010681152344,2.580000400543213,2.6300010681152344,2.680000305175781,2.700000286102295,True,True,True,0.4409155318345669,0.007011498324573,0.6936143040657043,0.3699374794960022,-1.6806243380835797,0.5062182239744202,5,168.04786211407787
BH032,2295,1,5,4.349999904632568,2.6300010681152344,2.580000400543213,2.6300010681152344,2.680000305175781,2.700000286102295,True,True,True,0.4408510981853487,0.0070521067827939,0.694915771484375,0.3699374794960022,-1.6810353120952388,0.5067121728370363,6,168.04786211407787
BH032,2295,2,1,4.340000629425049,2.6300010681152344,2.6100010871887207,2.650001049041748,2.6700010299682617,2.700000286102295,True,True,True,0.4409155318345669,0.0064184009097516,0.6707246899604797,0.4408155679702759,-1.6806243380835797,0.5062182239744202,5,168.04786211407787
BH032,2295,2,5,4.580000400543213,2.6300010681152344,2.6100010871887207,2.650001049041748,2.6700010299682617,2.700000286102295,True,True,True,0.4333159814502223,0.0073027885518968,0.7029499411582947,0.4584774971008301,-1.6715734028865594,0.5041311311081275,5,168.04786211407787
BH032,2295,3,1,4.580000400543213,2.640000343322754,2.6100010871887207,2.640000343322754,2.6700010299682617,2.700000286102295,True,True,True,0.4333159814502223,0.0069350451231002,0.6911640167236328,0.5085029602050781,-1.6715734028865594,0.5041311311081275,3,168.04786211407787
BH032,2295,3,5,4.580000400543213,2.640000343322754,2.6100010871887207,2.640000343322754,2.6700010299682617,2.700000286102295,True,True,True,0.4333159814502223,0.0069350451231002,0.6911640167236328,0.5085029602050781,-1.6715734028865594,0.5041311311081275,5,168.04786211407787
BH032,2295,4,1,4.580000400543213,2.6300010681152344,2.580000400543213,2.6300010681152344,2.680000305175781,2.700000286102295,True,True,True,0.4333159814502223,0.0077201654203236,0.716143012046814,0.4223393499851227,-1.6715734028865594,0.5041311311081275,3,168.04786211407787
BH032,2295,4,5,4.920000553131104,2.6300010681152344,2.580000400543213,2.6300010681152344,2.680000305175781,2.700000286102295,True,True,True,0.4256918660622806,0.0077413618564605,0.716801643371582,0.4223393499851227,-1.6767316184711858,0.5027505938040322,2,168.04786211407787
BH032,2312,1,1,5.0,2.530001163482666,2.500000476837158,2.520000457763672,2.6300010681152344,2.55000114440918,True,True,True,0.4242707957344159,0.0106940595433115,0.786301851272583,0.4712565243244171,-2.6644741576850404,0.5027114880111674,1,281.7174853787767
BH032,2312,1,5,4.960000514984131,2.530001163482666,2.500000476837158,2.520000457763672,2.6300010681152344,2.55000114440918,True,True,True,0.4248717897300562,0.0106922602280974,0.7862695455551147,0.4712565243244171,-2.664547232977034,0.5027103179658676,2,281.7174853787767
BH032,2312,2,1,5.0,2.520000457763672,2.500000476837158,2.500000476837158,2.6300010681152344,2.55000114440918,True,True,True,0.4242707957344159,0.0082762297242879,0.7334209680557251,0.7909219264984131,-2.6644741576850404,0.5027114880111674,1,281.7174853787767
BH032,2312,2,5,4.960000514984131,2.520000457763672,2.500000476837158,2.500000476837158,2.6300010681152344,2.55000114440918,True,True,True,0.4248717897300562,0.0082739973440766,0.7333515882492065,0.7908550500869751,-2.664547232977034,0.5027103179658676,2,281.7174853787767
BH032,2312,3,1,5.0,2.62000036239624,2.5700011253356934,2.62000036239624,2.6900010108947754,2.55000114440918,True,True,True,0.4242707957344159,0.0096715586259961,0.7666520476341248,0.6683836579322815,-2.6644741576850404,0.5027114880111674,1,281.7174853787767
BH032,2312,3,5,4.960000514984131,2.62000036239624,2.5700011253356934,2.62000036239624,2.6900010108947754,2.55000114440918,True,True,True,0.4248717897300562,0.0096706021577119,0.7666297554969788,0.6683748960494995,-2.664547232977034,0.5027103179658676,2,281.7174853787767
BH032,2312,4,1,5.0,2.62000036239624,2.580000400543213,2.6300010681152344,2.680000305175781,2.55000114440918,True,True,True,0.4242707957344159,0.0112042762339115,0.7954562902450562,0.4342720508575439,-2.6644741576850404,0.5027114880111674,1,281.7174853787767
BH032,2312,4,5,4.960000514984131,2.62000036239624,2.580000400543213,2.6300010681152344,2.680000305175781,2.55000114440918,True,True,True,0.4248717897300562,0.0112020913511514,0.7954171299934387,0.4342720508575439,-2.664547232977034,0.5027103179658676,2,281.7174853787767
BH032,2313,1,1,4.910000324249268,2.5700011253356934,2.5700011253356934,2.5700011253356934,2.6700010299682617,2.540000438690185,True,True,True,0.4258124780183305,0.0066798496991395,0.6819171905517578,0.560684084892273,-2.4801755294642,0.5027329105083335,5,273.8109144393685
BH032,2313,1,5,4.929999828338623,2.5700011253356934,2.5700011253356934,2.5700011253356934,2.6700010299682617,2.540000438690185,True,True,True,0.4254259845548715,0.00668062036857,0.6819501519203186,0.5607026219367981,-2.480145131096405,0.5027540211009575,5,273.8109144393685
BH032,2313,2,1,4.910000324249268,2.580000400543213,2.5700011253356934,2.5700011253356934,2.6700010299682617,2.540000438690185,True,True,True,0.4258124780183305,0.0068090669810771,0.6871265172958374,0.6318266987800598,-2.4801755294642,0.5027329105083335,5,273.8109144393685
BH032,2313,2,5,4.929999828338623,2.580000400543213,2.5700011253356934,2.5700011253356934,2.6700010299682617,2.540000438690185,True,True,True,0.4254259845548715,0.0068097789771854,0.6871493458747864,0.6318803429603577,-2.480145131096405,0.5027540211009575,5,273.8109144393685
BH032,2313,3,1,4.910000324249268,2.680000305175781,2.660000324249268,2.680000305175781,2.700000286102295,2.540000438690185,True,True,True,0.4258124780183305,0.0068538216874003,0.6885608434677124,0.6749538779258728,-2.4801755294642,0.5027329105083335,5,273.8109144393685
BH032,2313,3,5,4.929999828338623,2.680000305175781,2.660000324249268,2.680000305175781,2.700000286102295,2.540000438690185,True,True,True,0.4254259845548715,0.0068543478846549,0.6885777115821838,0.6749703884124756,-2.480145131096405,0.5027540211009575,6,273.8109144393685
BH032,2313,4,1,4.910000324249268,2.680000305175781,2.660000324249268,2.6900010108947754,2.700000286102295,2.540000438690185,True,True,True,0.4258124780183305,0.0076052788645029,0.7125732898712158,0.53709876537323,-2.4801755294642,0.5027329105083335,5,273.8109144393685
BH032,2313,4,5,4.929999828338623,2.680000305175781,2.660000324249268,2.6900010108947754,2.700000286102295,2.540000438690185,True,True,True,0.4254259845548715,0.0076062488369643,0.7126034498214722,0.53709876537323,-2.480145131096405,0.5027540211009575,5,273.8109144393685
BH032,2314,1,1,4.910000324249268,2.540000438690185,2.5100011825561523,2.520000457763672,2.62000036239624,2.55000114440918,True,True,True,0.4258124780183305,0.0070031401701271,0.6933464407920837,0.417130172252655,-2.3491132051348123,0.5027329105083335,3,247.90877346475423
BH032,2314,1,5,4.960000514984131,2.540000438690185,2.5100011825561523,2.520000457763672,2.62000036239624,2.55000114440918,True,True,True,0.4248717897300562,0.0070053273811936,0.6934165358543396,0.4172101318836212,-2.349493840383319,0.5027103179658676,3,247.90877346475423
BH032,2314,2,1,4.96999979019165,2.540000438690185,2.500000476837158,2.540000438690185,2.6100010871887207,2.55000114440918,True,True,True,0.4246856601168503,0.0069834194146096,0.6927143931388855,0.4285419583320617,-2.34952566926254,0.5027201126057237,2,247.90877346475423
BH032,2314,2,5,4.960000514984131,2.540000438690185,2.500000476837158,2.540000438690185,2.6100010871887207,2.55000114440918,True,True,True,0.4248717897300562,0.0069827209226787,0.69269198179245,0.4284965991973877,-2.349493840383319,0.5027103179658676,4,247.90877346475423
BH032,2314,3,1,4.96999979019165,2.580000400543213,2.5700011253356934,2.580000400543213,2.660000324249268,2.55000114440918,True,True,True,0.4246856601168503,0.0065314285457134,0.6755633354187012,0.518259584903717,-2.34952566926254,0.5027201126057237,2,247.90877346475423
BH032,2314,3,5,4.960000514984131,2.580000400543213,2.5700011253356934,2.580000400543213,2.660000324249268,2.55000114440918,True,True,True,0.4248717897300562,0.0065313526429235,0.6755601167678833,0.5182527303695679,-2.349493840383319,0.5027103179658676,2,247.90877346475423
BH032,2314,4,1,4.96999979019165,2.5700011253356934,2.560000419616699,2.580000400543213,2.6700010299682617,2.55000114440918,True,True,True,0.4246856601168503,0.0064842463470995,0.6735435128211975,0.513316810131073,-2.34952566926254,0.5027201126057237,2,247.90877346475423
BH032,2314,4,5,4.960000514984131,2.5700011253356934,2.560000419616699,2.580000400543213,2.6700010299682617,2.55000114440918,True,True,True,0.4248717897300562,0.0064842463470995,0.6735435128211975,0.513316810131073,-2.349493840383319,0.5027103179658676,3,247.90877346475423
BH032,2332,1,1,4.170000553131104,,2.560000419616699,,5.0,,False,False,False,0.4511656008669111,3.989239303336944e-06,0.0009126185905188,8.781526412349194e-05,-0.3783605714275114,0.5101373174928838,37,64.83274548746091
BH032,2332,1,5,4.170000553131104,,2.560000419616699,,5.0,,False,False,False,0.4511656008669111,3.989239303336944e-06,0.0009126185905188,8.781526412349194e-05,-0.3783605714275114,0.5101373174928838,31,64.83274548746091
BH032,2332,2,5,4.0500006675720215,,2.4500012397766118,2.530001163482666,,,False,False,False,0.4578362286730307,9.545911780151071e-06,0.002183818956837,0.0002224756899522,-0.3781998996624384,0.5134376729551079,2,64.83274548746091
BH032,2332,3,1,4.340000629425049,,,,,,False,False,False,0.4409155318345669,0.0,0.0,0.0,-0.3802858907948228,0.5062182239744202,31,64.83274548746091
BH032,2332,3,5,4.420000553131104,,,,,,False,False,False,0.4379798034570907,0.0,0.0,0.0,-0.3792034108781087,0.5053677564954839,16,64.83274548746091
BH032,2332,4,1,3.9600000381469727,,,,,,False,False,False,0.4639844016118259,0.0,0.0,0.0,-0.3781668712397827,0.516088330233384,1,64.83274548746091
BH032,2332,4,5,4.0500006675720215,,,,,,False,False,False,0.4578362286730307,0.0,0.0,0.0,-0.3781998996624384,0.5134376729551079,1,64.83274548746091
BH032,2359,1,1,2.4900012016296387,,,,,,False,False,False,0.9898018241059172,0.0,0.0,0.0,-0.4368131532761947,0.623644808760214,151,37.541050002262885
BH032,2359,1,5,2.4900012016296387,,,,,,False,False,False,0.9898018241059172,0.0,0.0,0.0,-0.4368131532761947,0.623644808760214,155,37.541050002262885
BH032,2359,2,1,2.4900012016296387,,,,,,False,False,False,0.9898018241059172,0.0,0.0,0.0,-0.4368131532761947,0.623644808760214,149,37.541050002262885
BH032,2359,2,5,2.4900012016296387,,,,,,False,False,False,0.9898018241059172,0.0,0.0,0.0,-0.4368131532761947,0.623644808760214,176,37.541050002262885
BH032,2359,3,1,2.4900012016296387,,,,,,False,False,False,0.9898018241059172,0.0,0.0,0.0,-0.4368131532761947,0.623644808760214,167,37.541050002262885
BH032,2359,3,5,2.4900012016296387,,,,,,False,False,False,0.9898018241059172,0.0,0.0,0.0,-0.4368131532761947,0.623644808760214,166,37.541050002262885
BH032,2359,4,1,2.4900012016296387,,,,,,False,False,False,0.9898018241059172,0.0,0.0,0.0,-0.4368131532761947,0.623644808760214,163,37.541050002262885
BH032,2359,4,5,2.4900012016296387,,,,,,False,False,False,0.9898018241059172,0.0,0.0,0.0,-0.4368131532761947,0.623644808760214,191,37.541050002262885
BH032,2387,1,1,4.690000057220459,2.6900010108947754,2.6700010299682617,2.700000286102295,2.7200002670288086,2.5700011253356934,True,True,True,0.4312097837186979,0.0043513453565537,0.5640727281570435,0.0275844857096672,-2.361361243961185,0.5035810532502827,4,257.2078605260724
BH032,2387,1,5,4.580000400543213,2.6900010108947754,2.6700010299682617,2.700000286102295,2.7200002670288086,2.5700011253356934,True,True,True,0.4333159814502223,0.0043501728214323,0.5639983415603638,0.0275840889662504,-2.360678115150797,0.5041311311081275,5,257.2078605260724
BH032,2387,2,1,4.690000057220459,2.680000305175781,2.640000343322754,2.6900010108947754,2.7200002670288086,2.5700011253356934,True,True,True,0.4312097837186979,0.0046155648306012,0.5806047320365906,0.0343242995440959,-2.361361243961185,0.5035810532502827,4,257.2078605260724
BH032,2387,2,5,4.460000514984131,2.680000305175781,2.640000343322754,2.6900010108947754,2.7200002670288086,2.5700011253356934,True,True,True,0.4369147031287713,0.0045088869519531,0.5740669369697571,0.0340708047151565,-2.367365338833188,0.5050463064730684,8,257.2078605260724
BH032,2387,3,1,4.340000629425049,2.6700010299682617,2.6300010681152344,2.6700010299682617,2.7200002670288086,2.5700011253356934,True,True,True,0.4409155318345669,0.0042967735789716,0.5606107711791992,0.0555129088461399,-2.374868252051411,0.5062182239744202,2,257.2078605260724
BH032,2387,3,5,4.580000400543213,2.6700010299682617,2.6300010681152344,2.6700010299682617,2.7200002670288086,2.5700011253356934,True,True,True,0.4333159814502223,0.0044715022668242,0.5716952681541443,0.0563206039369106,-2.360678115150797,0.5041311311081275,7,257.2078605260724
BH032,2387,4,1,4.340000629425049,2.680000305175781,2.650001049041748,2.6900010108947754,2.7200002670288086,2.5700011253356934,True,True,True,0.4409155318345669,0.0040395953692495,0.5442957282066345,0.0529520288109779,-2.374868252051411,0.5062182239744202,2,257.2078605260724
BH032,2387,4,5,4.440000057220459,2.680000305175781,2.650001049041748,2.6900010108947754,2.7200002670288086,2.5700011253356934,True,True,True,0.4373698591590481,0.0041081942617893,0.5486475825309753,0.0532742626965045,-2.366356291836324,0.5050431508689743,7,257.2078605260724
BH032,2388,1,1,4.330000400543213,2.650001049041748,2.6300010681152344,2.650001049041748,2.710000991821289,2.5700011253356934,True,True,True,0.4408782653837624,0.0055761076509952,0.6340956687927246,0.0336793325841426,-2.6011917296791385,0.5068765114579176,5,301.63776750480423
BH032,2388,1,5,4.460000514984131,2.650001049041748,2.6300010681152344,2.650001049041748,2.710000991821289,2.5700011253356934,True,True,True,0.4369147031287713,0.0056695006787776,0.6382123231887817,0.0336793325841426,-2.5870468327023604,0.5050463064730684,2,301.63776750480423
BH032,2388,2,1,4.330000400543213,2.660000324249268,2.640000343322754,2.660000324249268,2.710000991821289,2.5700011253356934,True,True,True,0.4408782653837624,0.0059026074595749,0.648487389087677,0.0386233180761337,-2.6011917296791385,0.5068765114579176,5,301.63776750480423
BH032,2388,2,5,4.460000514984131,2.660000324249268,2.640000343322754,2.660000324249268,2.710000991821289,2.5700011253356934,True,True,True,0.4369147031287713,0.0059875817969441,0.6522329449653625,0.0386233180761337,-2.5870468327023604,0.5050463064730684,4,301.63776750480423
BH032,2388,3,1,4.860000133514404,2.640000343322754,2.62000036239624,2.650001049041748,2.710000991821289,2.5700011253356934,True,True,True,0.4267129975075864,0.0062663378193974,0.6642149090766907,0.0467808879911899,-2.5837130258248946,0.5028163008519582,1,301.63776750480423
BH032,2388,3,5,4.460000514984131,2.640000343322754,2.62000036239624,2.650001049041748,2.710000991821289,2.5700011253356934,True,True,True,0.4369147031287713,0.0060604480095207,0.6554008722305298,0.0467808879911899,-2.5870468327023604,0.5050463064730684,2,301.63776750480423
BH032,2388,4,1,4.860000133514404,2.640000343322754,2.580000400543213,2.640000343322754,2.710000991821289,2.5700011253356934,True,True,True,0.4267129975075864,0.0058346390724182,0.6454914212226868,0.0464224144816398,-2.5837130258248946,0.5028163008519582,1,301.63776750480423
BH032,2388,4,5,4.460000514984131,2.640000343322754,2.580000400543213,2.640000343322754,2.710000991821289,2.5700011253356934,True,True,True,0.4369147031287713,0.0056397761218249,0.6369020938873291,0.0464224144816398,-2.5870468327023604,0.5050463064730684,3,301.63776750480423
BH032,2390,1,1,4.960000514984131,2.500000476837158,2.4900012016296387,2.500000476837158,2.5700011253356934,2.5700011253356934,True,True,True,0.4248717897300562,0.0168933793902397,0.8605906963348389,0.0627501755952835,-3.0807235378542392,0.5027103179658676,1,368.21099050627663
BH032,2390,1,5,4.820000171661377,2.500000476837158,2.4900012016296387,2.500000476837158,2.5700011253356934,2.5700011253356934,True,True,True,0.4274707558698505,0.0168837159872055,0.8605121374130249,0.0627501755952835,-3.082500769486675,0.5028829133446613,1,368.21099050627663
BH032,2390,2,1,4.960000514984131,2.500000476837158,2.4900012016296387,2.500000476837158,2.560000419616699,2.5700011253356934,True,True,True,0.4248717897300562,0.0190918818116188,0.875778079032898,0.0251843258738517,-3.0807235378542392,0.5027103179658676,1,368.21099050627663
BH032,2390,2,5,4.87000036239624,2.500000476837158,2.4900012016296387,2.500000476837158,2.560000419616699,2.5700011253356934,True,True,True,0.426548318755572,0.0190918818116188,0.875778079032898,0.0251843258738517,-3.081181837952231,0.5027644543203041,1,368.21099050627663
BH032,2390,3,1,4.960000514984131,2.500000476837158,2.4800004959106445,2.4900012016296387,2.560000419616699,2.5700011253356934,True,True,True,0.4248717897300562,0.019697867333889,0.8792544603347778,0.0244120135903358,-3.0807235378542392,0.5027103179658676,1,368.21099050627663
BH032,2390,4,1,4.960000514984131,2.500000476837158,2.470001220703125,2.4900012016296387,2.560000419616699,2.5700011253356934,True,True,True,0.4248717897300562,0.0173748172819614,0.8644635081291199,0.0614823885262012,-3.0807235378542392,0.5027103179658676,1,368.21099050627663
BH032,2390,4,5,4.87000036239624,2.500000476837158,2.470001220703125,2.4900012016296387,2.560000419616699,2.5700011253356934,True,True,True,0.426548318755572,0.0173748172819614,0.8644635081291199,0.0614823885262012,-3.081181837952231,0.5027644543203041,2,368.21099050627663
BH032,2391,1,5,4.87000036239624,2.4900012016296387,2.470001220703125,2.4900012016296387,2.540000438690185,2.590001106262207,True,True,True,0.426548318755572,0.0232135131955146,0.8915650248527527,0.022287979722023,-3.103358222119008,0.5027644543203041,1,383.5114569739117
BH032,2391,3,5,4.87000036239624,2.4800004959106445,2.440000534057617,2.470001220703125,2.530001163482666,2.590001106262207,True,True,True,0.426548318755572,0.0242293253540992,0.8915650248527527,0.0178702045232057,-3.103358222119008,0.5027644543203041,1,383.5114569739117
BH032,2394,1,1,4.349999904632568,2.6300010681152344,2.6100010871887207,2.640000343322754,2.6900010108947754,2.6900010108947754,True,True,True,0.4408510981853487,0.0067481780424714,0.6848422884941101,0.0254225600510835,-2.1669777486081183,0.5067121728370363,2,223.26183415444075
BH032,2394,2,1,4.349999904632568,2.650001049041748,2.6300010681152344,2.660000324249268,2.6900010108947754,2.6900010108947754,True,True,True,0.4408510981853487,0.005713970400393,0.6401724815368652,0.0317037738859653,-2.1669777486081183,0.5067121728370363,2,223.26183415444075
BH032,2412,3,1,4.960000514984131,2.560000419616699,2.520000457763672,2.55000114440918,2.650001049041748,2.560000419616699,True,True,True,0.4248717897300562,0.0092929741367697,0.7578401565551758,0.0536190308630466,-2.7251337429920213,0.5027103179658676,1,314.90757442708195
BH032,2412,4,1,4.960000514984131,2.5700011253356934,2.530001163482666,2.5700011253356934,2.6700010299682617,2.560000419616699,True,True,True,0.4248717897300562,0.0078545631840825,0.7203190326690674,0.0716431587934494,-2.7251337429920213,0.5027103179658676,1,314.90757442708195
BH032,2413,1,1,4.929999828338623,2.640000343322754,2.6000003814697266,2.640000343322754,2.700000286102295,2.560000419616699,True,True,True,0.4254259845548715,0.0040402188897132,0.5443353056907654,0.0459304228425025,-2.519272777633862,0.5027540211009575,4,265.80502707457515
BH032,2413,2,1,4.929999828338623,2.650001049041748,2.62000036239624,2.650001049041748,2.700000286102295,2.560000419616699,True,True,True,0.4254259845548715,0.004267452750355,0.5587506890296936,0.0653297677636146,-2.519272777633862,0.5027540211009575,4,265.80502707457515
BH032,2413,3,1,4.940000057220459,2.640000343322754,2.6100010871887207,2.650001049041748,2.700000286102295,2.560000419616699,True,True,True,0.42519944607335,0.0042960471473634,0.5605646967887878,0.0745685845613479,-2.519367906643668,0.5027047056272278,4,265.80502707457515
BH032,2413,4,1,4.940000057220459,2.6300010681152344,2.5700011253356934,2.6300010681152344,2.700000286102295,2.560000419616699,True,True,True,0.42519944607335,0.0039671096019446,0.5396973490715027,0.0612355917692184,-2.519367906643668,0.5027047056272278,4,265.80502707457515
BH032,2458,1,1,2.4900012016296387,,,,,,False,False,False,0.9898018241059172,0.0,0.0,0.0,-0.4359586313156214,0.623644808760214,176,35.73400142591905
BH032,2458,1,5,2.200000762939453,,,,,,False,False,False,0.9315094353422024,0.0,0.0,0.0,-0.3557899547031034,0.5433656421101678,165,25.869246599666365
BH032,2458,2,1,2.4900012016296387,,,,,,False,False,False,0.9898018241059172,0.0,0.0,0.0,-0.4359586313156214,0.623644808760214,176,35.73400142591905
BH032,2458,2,5,2.200000762939453,,,,,,False,False,False,0.9315094353422024,0.0,0.0,0.0,-0.3557899547031034,0.5433656421101678,179,25.869246599666365
BH032,2458,3,5,2.4900012016296387,,,,,,False,False,False,0.9898018241059172,0.0,0.0,0.0,-0.4359586313156214,0.623644808760214,159,35.73400142591905
BH032,2458,4,5,2.200000762939453,,,,,,False,False,False,0.9315094353422024,0.0,0.0,0.0,-0.3557899547031034,0.5433656421101678,169,25.869246599666365
BH032,2459,1,1,2.4900012016296387,,,,,,False,False,False,0.9898018241059172,0.0,0.0,0.0,-0.4636471932379079,0.623644808760214,191,40.766412384160496
BH032,2459,1,5,2.4900012016296387,,,,,,False,False,False,0.9898018241059172,0.0,0.0,0.0,-0.4636471932379079,0.623644808760214,200,40.766412384160496
BH032,2459,2,1,2.4900012016296387,,,,,,False,False,False,0.9898018241059172,0.0,0.0,0.0,-0.4636471932379079,0.623644808760214,192,40.766412384160496
BH032,2459,2,5,2.4900012016296387,,,,,,False,False,False,0.9898018241059172,0.0,0.0,0.0,-0.4636471932379079,0.623644808760214,219,40.766412384160496
BH032,2459,3,1,2.4900012016296387,,,,,,False,False,False,0.9898018241059172,0.0,0.0,0.0,-0.4636471932379079,0.623644808760214,196,40.766412384160496
BH032,2459,3,5,2.4900012016296387,,,,,,False,False,False,0.9898018241059172,0.0,0.0,0.0,-0.4636471932379079,0.623644808760214,198,40.766412384160496
BH032,2459,4,1,2.4900012016296387,,,,,,False,False,False,0.9898018241059172,0.0,0.0,0.0,-0.4636471932379079,0.623644808760214,196,40.766412384160496
BH032,2459,4,5,2.4900012016296387,,,,,,False,False,False,0.9898018241059172,0.0,0.0,0.0,-0.4636471932379079,0.623644808760214,217,40.766412384160496
BH032,2460,1,1,2.4900012016296387,,,,,,False,False,False,0.9898018241059172,0.0,0.0,0.0,-0.4867346343688926,0.623644808760214,193,44.81543799386593
BH032,2460,1,5,2.4900012016296387,,,,,,False,False,False,0.9898018241059172,0.0,0.0,0.0,-0.4867346343688926,0.623644808760214,190,44.81543799386593
BH032,2460,2,1,2.4900012016296387,,,,,,False,False,False,0.9898018241059172,0.0,0.0,0.0,-0.4867346343688926,0.623644808760214,193,44.81543799386593
BH032,2460,2,5,2.4900012016296387,,,,,,False,False,False,0.9898018241059172,0.0,0.0,0.0,-0.4867346343688926,0.623644808760214,152,44.81543799386593
BH032,2460,3,1,2.4900012016296387,,,,,,False,False,False,0.9898018241059172,0.0,0.0,0.0,-0.4867346343688926,0.623644808760214,194,44.81543799386593
BH032,2460,3,5,2.4900012016296387,,,,,,False,False,False,0.9898018241059172,0.0,0.0,0.0,-0.4867346343688926,0.623644808760214,186,44.81543799386593
BH032,2460,4,1,2.4900012016296387,,,,,,False,False,False,0.9898018241059172,0.0,0.0,0.0,-0.4867346343688926,0.623644808760214,194,44.81543799386593
BH032,2460,4,5,2.4900012016296387,,,,,,False,False,False,0.9898018241059172,0.0,0.0,0.0,-0.4867346343688926,0.623644808760214,156,44.81543799386593
BH032,2490,2,1,4.960000514984131,2.440000534057617,2.410001277923584,2.4200005531311035,2.4900012016296387,2.62000036239624,True,True,True,0.4248717897300562,0.0167412441223859,0.8593540787696838,0.1807543933391571,-2.8767138330947937,0.5027103179658676,1,408.4011366547526
BH032,2490,2,5,4.820000171661377,2.440000534057617,2.410001277923584,2.4200005531311035,2.4900012016296387,2.62000036239624,True,True,True,0.4274707558698505,0.0167216081172227,0.8591944575309753,0.1807543933391571,-2.880453786007857,0.5028829133446613,2,408.4011366547526
BH032,2490,4,5,4.820000171661377,2.410001277923584,2.40000057220459,2.40000057220459,2.4900012016296387,2.62000036239624,True,True,True,0.4274707558698505,0.0186423528939485,0.873112678527832,0.0627591758966445,-2.880453786007857,0.5028829133446613,2,408.4011366547526
BH032,2491,1,5,4.820000171661377,2.410001277923584,2.40000057220459,2.40000057220459,2.4800004959106445,2.6300010681152344,True,True,True,0.4274707558698505,0.0216586869210004,0.8905031681060791,0.0510460510849952,-2.983993070507834,0.5028829133446613,3,434.21282741149963
BH032,2491,2,5,4.960000514984131,2.40000057220459,2.380000591278076,2.40000057220459,2.470001220703125,2.6300010681152344,True,True,True,0.4248717897300562,0.0213900227099657,0.888961911201477,0.0588265918195247,-2.9796368055888887,0.5027103179658676,2,434.21282741149963
BH032,2491,3,1,4.920000553131104,2.40000057220459,2.380000591278076,2.40000057220459,2.470001220703125,2.6300010681152344,True,True,True,0.4256918660622806,0.0221299137920141,0.8915650248527527,0.0502346791326999,-2.980967956075094,0.5027505938040322,1,434.21282741149963
BH032,2491,3,5,4.820000171661377,2.40000057220459,2.380000591278076,2.40000057220459,2.470001220703125,2.6300010681152344,True,True,True,0.4274707558698505,0.0221274849027395,0.8915650248527527,0.0502346791326999,-2.983993070507834,0.5028829133446613,3,434.21282741149963
BH032,2491,4,1,4.920000553131104,2.410001277923584,2.40000057220459,2.40000057220459,2.4800004959106445,2.6300010681152344,True,True,True,0.4256918660622806,0.0224389135837554,0.8915650248527527,0.0443289503455162,-2.980967956075094,0.5027505938040322,1,434.21282741149963
BH032,2491,4,5,4.960000514984131,2.410001277923584,2.40000057220459,2.40000057220459,2.4800004959106445,2.6300010681152344,True,True,True,0.4248717897300562,0.0224389135837554,0.8915650248527527,0.0443289503455162,-2.9796368055888887,0.5027103179658676,2,434.21282741149963
BH032,2492,1,5,4.920000553131104,2.460000514984131,2.4500012397766118,2.4500012397766118,2.500000476837158,2.660000324249268,True,True,True,0.4256918660622806,0.0200313013046979,0.8811672925949097,0.0609595067799091,-2.782352471483184,0.5027505938040322,2,394.8021624651342
BH032,2492,3,5,4.920000553131104,2.440000534057617,2.410001277923584,2.4300012588500977,2.4900012016296387,2.660000324249268,True,True,True,0.4256918660622806,0.0216278284788131,0.8903261423110962,0.0438457317650318,-2.782352471483184,0.5027505938040322,1,394.8021624651342
BH032,2512,1,1,4.960000514984131,2.460000514984131,2.410001277923584,2.4200005531311035,2.540000438690185,2.6000003814697266,True,True,True,0.4248717897300562,0.0087679587304592,0.7453751564025879,0.2656519114971161,-2.4423771260643807,0.5027103179658676,2,354.18412867149306
BH032,2512,2,1,4.960000514984131,2.4200005531311035,2.369999885559082,2.3900012969970703,2.5100011825561523,2.6000003814697266,True,True,True,0.4248717897300562,0.0101621784269809,0.776422381401062,0.1622790545225143,-2.4423771260643807,0.5027103179658676,2,354.18412867149306
BH032,2512,2,5,2.5700011253356934,2.4200005531311035,2.369999885559082,2.3900012969970703,2.5100011825561523,2.6000003814697266,True,True,False,0.9850242170236516,0.0001268118357984,0.0290107540786266,0.0039925356395542,-0.9489865276238514,0.6559490156539909,1,158.23058620161288
BH032,2512,3,1,4.960000514984131,2.4200005531311035,2.369999885559082,2.3900012969970703,2.5100011825561523,2.6000003814697266,True,True,True,0.4248717897300562,0.0106117017567157,0.7848241329193115,0.1469304859638214,-2.4423771260643807,0.5027103179658676,3,354.18412867149306
BH032,2512,4,1,4.960000514984131,2.460000514984131,2.410001277923584,2.4300012588500977,2.540000438690185,2.6000003814697266,True,True,True,0.4248717897300562,0.0091456873342394,0.7544119358062744,0.2310379296541214,-2.4423771260643807,0.5027103179658676,3,354.18412867149306
BH032,2512,4,5,2.5700011253356934,2.460000514984131,2.410001277923584,2.4300012588500977,2.540000438690185,2.6000003814697266,True,True,False,0.9850242170236516,9.302493708673865e-05,0.0212813206017017,0.0025446142535656,-0.9489865276238514,0.6559490156539909,1,158.23058620161288
BH032,2513,1,1,4.940000057220459,2.4900012016296387,2.460000514984131,2.4900012016296387,2.6000003814697266,2.6000003814697266,True,True,True,0.42519944607335,0.0047664274461567,0.5898149013519287,0.2329713553190231,-2.246382666229788,0.5027047056272278,4,271.5580781644453
BH032,2513,1,5,2.5700011253356934,2.4900012016296387,2.460000514984131,2.4900012016296387,2.6000003814697266,2.6000003814697266,True,False,False,0.9850242170236516,5.551273352466524e-05,0.0126996524631977,0.0013540284708142,-0.9461160127332056,0.6559490156539909,1,145.11612417576242
BH032,2513,2,1,4.940000057220459,2.4900012016296387,2.440000534057617,2.4800004959106445,2.6000003814697266,2.6000003814697266,True,True,True,0.42519944607335,0.0049652592279016,0.6019536256790161,0.2165487110614776,-2.246382666229788,0.5027047056272278,4,271.5580781644453
BH032,2513,2,5,2.5700011253356934,2.4900012016296387,2.440000534057617,2.4800004959106445,2.6000003814697266,2.6000003814697266,True,False,False,0.9850242170236516,5.390476144384593e-05,0.0123317958787083,0.0012972400290891,-0.9461160127332056,0.6559490156539909,1,145.11612417576242
BH032,2513,3,1,4.929999828338623,2.4900012016296387,2.460000514984131,2.4900012016296387,2.6000003814697266,2.6000003814697266,True,True,True,0.4254259845548715,0.0052157850004732,0.6172482371330261,0.1946371495723724,-2.2464120513186563,0.5027540211009575,3,271.5580781644453
BH032,2513,3,5,2.5700011253356934,2.4900012016296387,2.460000514984131,2.4900012016296387,2.6000003814697266,2.6000003814697266,True,False,False,0.9850242170236516,5.166603659745306e-05,0.0118196429684758,0.0011708646779879,-0.9461160127332056,0.6559490156539909,1,145.11612417576242
BH032,2513,4,1,4.929999828338623,2.4900012016296387,2.4800004959106445,2.4900012016296387,2.6000003814697266,2.6000003814697266,True,True,True,0.4254259845548715,0.0049307723529636,0.5998481512069702,0.2136208564043045,-2.2464120513186563,0.5027540211009575,4,271.5580781644453
BH032,2513,4,5,2.5700011253356934,2.4900012016296387,2.4800004959106445,2.4900012016296387,2.6000003814697266,2.6000003814697266,True,False,False,0.9850242170236516,5.308806066750549e-05,0.012144960463047,0.0012289659352973,-0.9461160127332056,0.6559490156539909,1,145.11612417576242
BH032,2530,1,1,2.4900012016296387,,,,,,False,False,False,0.9898018241059172,0.0,0.0,0.0,-0.5122289482264267,0.623644808760214,169,30.85000631116993
BH032,2530,1,5,2.4900012016296387,,,,,,False,False,False,0.9898018241059172,0.0,0.0,0.0,-0.5122289482264267,0.623644808760214,141,30.85000631116993
BH032,2530,2,1,2.4900012016296387,,,,,,False,False,False,0.9898018241059172,0.0,0.0,0.0,-0.5122289482264267,0.623644808760214,170,30.85000631116993
BH032,2530,2,5,2.4900012016296387,,,,,,False,False,False,0.9898018241059172,0.0,0.0,0.0,-0.5122289482264267,0.623644808760214,174,30.85000631116993
BH032,2530,3,1,2.4900012016296387,,,,,,False,False,False,0.9898018241059172,0.0,0.0,0.0,-0.5122289482264267,0.623644808760214,178,30.85000631116993
BH032,2530,3,5,2.4900012016296387,,,,,,False,False,False,0.9898018241059172,0.0,0.0,0.0,-0.5122289482264267,0.623644808760214,149,30.85000631116993
BH032,2530,4,1,2.4900012016296387,,,,,,False,False,False,0.9898018241059172,0.0,0.0,0.0,-0.5122289482264267,0.623644808760214,179,30.85000631116993
BH032,2530,4,5,2.4900012016296387,,,,,,False,False,False,0.9898018241059172,0.0,0.0,0.0,-0.5122289482264267,0.623644808760214,187,30.85000631116993
BH032,2535,1,1,2.4900012016296387,,,,,,False,False,False,0.9898018241059172,0.0,0.0,0.0,-0.5457198582062185,0.623644808760214,175,34.99734251599923
BH032,2535,1,5,2.4900012016296387,,,,,,False,False,False,0.9898018241059172,0.0,0.0,0.0,-0.5457198582062185,0.623644808760214,152,34.99734251599923
BH032,2535,2,1,2.4900012016296387,,,,,,False,False,False,0.9898018241059172,0.0,0.0,0.0,-0.5457198582062185,0.623644808760214,175,34.99734251599923
BH032,2535,2,5,2.4900012016296387,,,,,,False,False,False,0.9898018241059172,0.0,0.0,0.0,-0.5457198582062185,0.623644808760214,147,34.99734251599923
BH032,2535,3,1,2.4900012016296387,,,,,,False,False,False,0.9898018241059172,0.0,0.0,0.0,-0.5457198582062185,0.623644808760214,192,34.99734251599923
BH032,2535,3,5,2.4900012016296387,,,,,,False,False,False,0.9898018241059172,0.0,0.0,0.0,-0.5457198582062185,0.623644808760214,157,34.99734251599923
BH032,2535,4,1,2.4900012016296387,,,,,,False,False,False,0.9898018241059172,0.0,0.0,0.0,-0.5457198582062185,0.623644808760214,192,34.99734251599923
BH032,2535,4,5,2.4900012016296387,,,,,,False,False,False,0.9898018241059172,0.0,0.0,0.0,-0.5457198582062185,0.623644808760214,156,34.99734251599923
BH032,2544,1,1,2.4900012016296387,,,,,,False,False,False,0.9898018241059172,0.0,0.0,0.0,-0.4062011922439958,0.623644808760214,164,40.242933610881316
BH032,2544,1,5,2.4900012016296387,,,,,,False,False,False,0.9898018241059172,0.0,0.0,0.0,-0.4062011922439958,0.623644808760214,155,40.242933610881316
BH032,2544,2,1,2.4900012016296387,,,,,,False,False,False,0.9898018241059172,0.0,0.0,0.0,-0.4062011922439958,0.623644808760214,166,40.242933610881316
BH032,2544,2,5,2.4900012016296387,,,,,,False,False,False,0.9898018241059172,0.0,0.0,0.0,-0.4062011922439958,0.623644808760214,162,40.242933610881316
BH032,2544,3,1,2.4900012016296387,,,,,,False,False,False,0.9898018241059172,0.0,0.0,0.0,-0.4062011922439958,0.623644808760214,191,40.242933610881316
BH032,2544,3,5,2.4900012016296387,,,,,,False,False,False,0.9898018241059172,0.0,0.0,0.0,-0.4062011922439958,0.623644808760214,154,40.242933610881316
BH032,2544,4,1,2.4900012016296387,,,,,,False,False,False,0.9898018241059172,0.0,0.0,0.0,-0.4062011922439958,0.623644808760214,191,40.242933610881316
BH032,2544,4,5,2.4900012016296387,,,,,,False,False,False,0.9898018241059172,0.0,0.0,0.0,-0.4062011922439958,0.623644808760214,165,40.242933610881316
BH032,2552,1,5,2.4900012016296387,1.4700005054473877,1.4400001764297483,1.4400001764297483,1.5900005102157593,,True,True,False,0.9898018241059172,0.001031459425576,0.2178104668855667,0.2624525427818298,-0.2329253325605617,0.623644808760214,164,16.5506203541329
BH032,2552,3,5,2.4900012016296387,1.1300004720687866,1.0800002813339231,1.0800002813339231,1.3500003814697266,,True,True,False,0.9898018241059172,0.0014240976888686,0.2820113897323608,0.3305220007896423,-0.2329253325605617,0.623644808760214,169,16.5506203541329
BH032,2552,4,5,2.4900012016296387,1.4500014781951904,1.410000920295715,1.410000920295715,1.5700005292892456,,True,True,False,0.9898018241059172,0.0010561745148152,0.2218516767024994,0.2601834833621979,-0.2329253325605617,0.623644808760214,183,16.5506203541329
BH032,2558,1,5,2.4900012016296387,,,,,,False,False,False,0.9898018241059172,0.0,0.0,0.0,-0.4748132662376103,0.623644808760214,178,39.33511591759888
BH032,2558,2,5,2.4900012016296387,,,,,,False,False,False,0.9898018241059172,0.0,0.0,0.0,-0.4748132662376103,0.623644808760214,187,39.33511591759888
BH032,2558,3,1,2.4900012016296387,,,,,,False,False,False,0.9898018241059172,0.0,0.0,0.0,-0.4748132662376103,0.623644808760214,184,39.33511591759888
BH032,2558,3,5,2.200000762939453,,,,,,False,False,False,0.9315094353422024,0.0,0.0,0.0,-0.3837358224174975,0.5433656421101678,178,29.29899741663111
BH032,2558,4,1,2.4900012016296387,,,,,,False,False,False,0.9898018241059172,0.0,0.0,0.0,-0.4748132662376103,0.623644808760214,183,39.33511591759888
BH032,2558,4,5,2.200000762939453,,,,,,False,False,False,0.9315094353422024,0.0,0.0,0.0,-0.3837358224174975,0.5433656421101678,199,29.29899741663111
BH032,2559,1,1,2.4900012016296387,,,,,,False,False,False,0.9898018241059172,0.0,0.0,0.0,-0.5065505033200074,0.623644808760214,197,44.5904114118851
BH032,2559,1,5,2.4900012016296387,,,,,,False,False,False,0.9898018241059172,0.0,0.0,0.0,-0.5065505033200074,0.623644808760214,209,44.5904114118851
BH032,2559,2,1,2.4900012016296387,,,,,,False,False,False,0.9898018241059172,0.0,0.0,0.0,-0.5065505033200074,0.623644808760214,197,44.5904114118851
BH032,2559,2,5,2.4900012016296387,,,,,,False,False,False,0.9898018241059172,0.0,0.0,0.0,-0.5065505033200074,0.623644808760214,174,44.5904114118851
BH032,2559,3,1,2.4900012016296387,,,,,,False,False,False,0.9898018241059172,0.0,0.0,0.0,-0.5065505033200074,0.623644808760214,202,44.5904114118851
BH032,2559,3,5,2.4900012016296387,,,,,,False,False,False,0.9898018241059172,0.0,0.0,0.0,-0.5065505033200074,0.623644808760214,210,44.5904114118851
BH032,2559,4,1,2.4900012016296387,,,,,,False,False,False,0.9898018241059172,0.0,0.0,0.0,-0.5065505033200074,0.623644808760214,202,44.5904114118851
BH032,2559,4,5,2.4900012016296387,,,,,,False,False,False,0.9898018241059172,0.0,0.0,0.0,-0.5065505033200074,0.623644808760214,178,44.5904114118851
BH032,2560,1,1,2.4900012016296387,,,,,,False,False,False,0.9898018241059172,0.0,0.0,0.0,-0.531119663715327,0.623644808760214,189,48.96072528519384
BH032,2560,1,5,2.4900012016296387,,,,,,False,False,False,0.9898018241059172,0.0,0.0,0.0,-0.531119663715327,0.623644808760214,132,48.96072528519384
BH032,2560,2,1,2.4900012016296387,,,,,,False,False,False,0.9898018241059172,0.0,0.0,0.0,-0.531119663715327,0.623644808760214,189,48.96072528519384
BH032,2560,2,5,2.4900012016296387,,,,,,False,False,False,0.9898018241059172,0.0,0.0,0.0,-0.531119663715327,0.623644808760214,100,48.96072528519384
BH032,2560,3,1,2.4900012016296387,,,,,,False,False,False,0.9898018241059172,0.0,0.0,0.0,-0.531119663715327,0.623644808760214,193,48.96072528519384
BH032,2560,3,5,2.4900012016296387,,,,,,False,False,False,0.9898018241059172,0.0,0.0,0.0,-0.531119663715327,0.623644808760214,131,48.96072528519384
BH032,2560,4,1,2.4900012016296387,,,,,,False,False,False,0.9898018241059172,0.0,0.0,0.0,-0.531119663715327,0.623644808760214,192,48.96072528519384
BH032,2560,4,5,2.4900012016296387,,,,,,False,False,False,0.9898018241059172,0.0,0.0,0.0,-0.531119663715327,0.623644808760214,100,48.96072528519384
BH032,2591,1,5,4.920000553131104,2.40000057220459,2.380000591278076,2.3900012969970703,2.470001220703125,2.680000305175781,True,True,True,0.4256918660622806,0.0218095928430557,0.8913689255714417,0.0468026138842105,-2.2904207816543427,0.5027505938040322,1,393.5043433999923
BH032,2591,2,5,4.820000171661377,2.40000057220459,2.380000591278076,2.3900012969970703,2.4800004959106445,2.680000305175781,True,True,True,0.4274707558698505,0.0216687265783548,0.8905608057975769,0.0593961030244827,-2.2946144451079067,0.5028829133446613,3,393.5043433999923
BH032,2591,3,1,4.920000553131104,2.40000057220459,2.380000591278076,2.3900012969970703,2.4800004959106445,2.680000305175781,True,True,True,0.4256918660622806,0.0220065750181674,0.8915650248527527,0.0519310906529426,-2.2904207816543427,0.5027505938040322,1,393.5043433999923
BH032,2591,3,5,4.920000553131104,2.40000057220459,2.380000591278076,2.3900012969970703,2.4800004959106445,2.680000305175781,True,True,True,0.4256918660622806,0.0220065750181674,0.8915650248527527,0.0519310906529426,-2.2904207816543427,0.5027505938040322,1,393.5043433999923
BH032,2591,4,1,4.920000553131104,2.40000057220459,2.380000591278076,2.3900012969970703,2.470001220703125,2.680000305175781,True,True,True,0.4256918660622806,0.0221674181520938,0.8915650248527527,0.0412744842469692,-2.2904207816543427,0.5027505938040322,1,393.5043433999923
BH032,2591,4,5,4.820000171661377,2.40000057220459,2.380000591278076,2.3900012969970703,2.470001220703125,2.680000305175781,True,True,True,0.4274707558698505,0.0221522990614175,0.8915650248527527,0.0412744842469692,-2.2946144451079067,0.5028829133446613,3,393.5043433999923
BH032,2629,1,1,2.4900012016296387,2.4800004959106445,2.380000591278076,2.4200005531311035,,,True,False,False,0.9898018241059172,1.0476507668499837e-05,0.0023967113811522,0.0002730047854129,-0.5283171204691405,0.623644808760214,172,38.61885301026836
BH032,2629,1,5,2.4900012016296387,2.4800004959106445,2.380000591278076,2.4200005531311035,,,True,False,False,0.9898018241059172,1.0476507668499837e-05,0.0023967113811522,0.0002730047854129,-0.5283171204691405,0.623644808760214,164,38.61885301026836
BH032,2629,2,1,2.4900012016296387,2.540000438690185,2.380000591278076,2.4200005531311035,,,False,False,False,0.9898018241059172,8.465792234346736e-06,0.0019367199856787,0.0002220913593191,-0.5283171204691405,0.623644808760214,173,38.61885301026836
BH032,2629,2,5,2.4900012016296387,2.540000438690185,2.380000591278076,2.4200005531311035,,,False,False,False,0.9898018241059172,8.465792234346736e-06,0.0019367199856787,0.0002220913593191,-0.5283171204691405,0.623644808760214,166,38.61885301026836
BH032,2629,3,1,2.4900012016296387,,,,,,False,False,False,0.9898018241059172,0.0,0.0,0.0,-0.5283171204691405,0.623644808760214,179,38.61885301026836
BH032,2629,3,5,2.4900012016296387,,,,,,False,False,False,0.9898018241059172,0.0,0.0,0.0,-0.5283171204691405,0.623644808760214,165,38.61885301026836
BH032,2629,4,1,2.4900012016296387,,,,,,False,False,False,0.9898018241059172,0.0,0.0,0.0,-0.5283171204691405,0.623644808760214,178,38.61885301026836
BH032,2629,4,5,2.4900012016296387,,,,,,False,False,False,0.9898018241059172,0.0,0.0,0.0,-0.5283171204691405,0.623644808760214,173,38.61885301026836
BH032,2630,1,1,2.4900012016296387,,2.460000514984131,2.540000438690185,,,False,False,False,0.9898018241059172,2.00728936761152e-06,0.0004592077457346,5.039663665229455e-05,-0.5374342466219182,0.623644808760214,203,39.59258983885655
BH032,2630,1,5,2.4900012016296387,,2.460000514984131,2.540000438690185,,,False,False,False,0.9898018241059172,2.00728936761152e-06,0.0004592077457346,5.039663665229455e-05,-0.5374342466219182,0.623644808760214,201,39.59258983885655
BH032,2630,2,1,2.4900012016296387,,2.410001277923584,2.4500012397766118,,,False,False,False,0.9898018241059172,6.003206635796232e-06,0.0013733539963141,0.0001673903461778,-0.5374342466219182,0.623644808760214,203,39.59258983885655
BH032,2630,2,5,2.4900012016296387,,2.410001277923584,2.4500012397766118,,,False,False,False,0.9898018241059172,6.003206635796232e-06,0.0013733539963141,0.0001673903461778,-0.5374342466219182,0.623644808760214,206,39.59258983885655
BH032,2630,3,1,2.4900012016296387,,,,,,False,False,False,0.9898018241059172,0.0,0.0,0.0,-0.5374342466219182,0.623644808760214,198,39.59258983885655
BH032,2630,3,5,2.4900012016296387,,,,,,False,False,False,0.9898018241059172,0.0,0.0,0.0,-0.5374342466219182,0.623644808760214,196,39.59258983885655
BH032,2630,4,1,2.4900012016296387,,,,,,False,False,False,0.9898018241059172,0.0,0.0,0.0,-0.5374342466219182,0.623644808760214,198,39.59258983885655
BH032,2630,4,5,2.4900012016296387,,,,,,False,False,False,0.9898018241059172,0.0,0.0,0.0,-0.5374342466219182,0.623644808760214,201,39.59258983885655
BH032,2631,1,1,2.4900012016296387,,2.460000514984131,2.530001163482666,,,False,False,False,0.9898018241059172,1.4845666100882229e-06,0.0003396244137547,4.0422128222417086e-05,-0.5491547396566026,0.623644808760214,178,40.5887529570493
BH032,2631,1,5,2.4900012016296387,,2.460000514984131,2.530001163482666,,,False,False,False,0.9898018241059172,1.4845666100882229e-06,0.0003396244137547,4.0422128222417086e-05,-0.5491547396566026,0.623644808760214,177,40.5887529570493
BH032,2631,2,1,2.4900012016296387,,2.530001163482666,,,,False,False,False,0.9898018241059172,3.728075057551905e-07,8.528719627065584e-05,1.0188324267801365e-05,-0.5491547396566026,0.623644808760214,178,40.5887529570493
BH032,2631,2,5,2.4900012016296387,,2.530001163482666,,,,False,False,False,0.9898018241059172,3.728075057551905e-07,8.528719627065584e-05,1.0188324267801365e-05,-0.5491547396566026,0.623644808760214,161,40.5887529570493
BH032,2631,3,1,2.4900012016296387,,,,,,False,False,False,0.9898018241059172,0.0,0.0,0.0,-0.5491547396566026,0.623644808760214,182,40.5887529570493
BH032,2631,3,5,2.4900012016296387,,,,,,False,False,False,0.9898018241059172,0.0,0.0,0.0,-0.5491547396566026,0.623644808760214,177,40.5887529570493
BH032,2631,4,1,2.4900012016296387,,2.6000003814697266,,,,False,False,False,0.9898018241059172,0.0,0.0,0.0,-0.5491547396566026,0.623644808760214,182,40.5887529570493
BH032,2631,4,5,2.4900012016296387,,2.6000003814697266,,,,False,False,False,0.9898018241059172,0.0,0.0,0.0,-0.5491547396566026,0.623644808760214,171,40.5887529570493
BH032,2634,1,1,2.4900012016296387,2.309999942779541,2.2400007247924805,2.2400007247924805,,,True,False,False,0.9898018241059172,2.890172800107393e-05,0.0066118505783379,0.0011749746045097,-0.594528848444585,0.623644808760214,181,43.466861753326604
BH032,2634,1,5,2.4900012016296387,2.309999942779541,2.2400007247924805,2.2400007247924805,,,True,False,False,0.9898018241059172,2.890172800107393e-05,0.0066118505783379,0.0011749746045097,-0.594528848444585,0.623644808760214,176,43.466861753326604
BH032,2634,2,1,2.4900012016296387,2.340000629425049,2.25,2.260000705718994,,,True,False,False,0.9898018241059172,2.7359927116776817e-05,0.0062591326422989,0.0010869934922084,-0.594528848444585,0.623644808760214,180,43.466861753326604
BH032,2634,2,5,2.4900012016296387,2.340000629425049,2.25,2.260000705718994,,,True,False,False,0.9898018241059172,2.7359927116776817e-05,0.0062591326422989,0.0010869934922084,-0.594528848444585,0.623644808760214,172,43.466861753326604
BH032,2634,3,1,2.4900012016296387,,,,,,False,False,False,0.9898018241059172,0.0,0.0,0.0,-0.594528848444585,0.623644808760214,174,43.466861753326604
BH032,2634,3,5,2.4900012016296387,,,,,,False,False,False,0.9898018241059172,0.0,0.0,0.0,-0.594528848444585,0.623644808760214,176,43.466861753326604
BH032,2634,4,1,2.4900012016296387,,,,,,False,False,False,0.9898018241059172,0.0,0.0,0.0,-0.594528848444585,0.623644808760214,175,43.466861753326604
BH032,2634,4,5,2.4900012016296387,,,,,,False,False,False,0.9898018241059172,0.0,0.0,0.0,-0.594528848444585,0.623644808760214,169,43.466861753326604
BH032,2635,1,1,2.4900012016296387,2.410001277923584,2.309999942779541,2.3499999046325684,,,True,False,False,0.9898018241059172,1.8379709217697385e-05,0.004204727243632,0.0006718245567753,-0.5980754587977761,0.623644808760214,203,44.18673819901631
BH032,2635,1,5,2.4900012016296387,2.410001277923584,2.309999942779541,2.3499999046325684,,,True,False,False,0.9898018241059172,1.8379709217697385e-05,0.004204727243632,0.0006718245567753,-0.5980754587977761,0.623644808760214,194,44.18673819901631
BH032,2635,2,1,2.4900012016296387,2.4200005531311035,2.340000629425049,2.3499999046325684,,,True,False,False,0.9898018241059172,1.6742194929975085e-05,0.0038301129825413,0.0006107162334956,-0.5980754587977761,0.623644808760214,203,44.18673819901631
BH032,2635,2,5,2.4900012016296387,2.4200005531311035,2.340000629425049,2.3499999046325684,,,True,False,False,0.9898018241059172,1.6742194929975085e-05,0.0038301129825413,0.0006107162334956,-0.5980754587977761,0.623644808760214,190,44.18673819901631
BH032,2635,3,1,2.4900012016296387,,,,,,False,False,False,0.9898018241059172,0.0,0.0,0.0,-0.5980754587977761,0.623644808760214,205,44.18673819901631
BH032,2635,3,5,2.4900012016296387,,,,,,False,False,False,0.9898018241059172,0.0,0.0,0.0,-0.5980754587977761,0.623644808760214,193,44.18673819901631
BH032,2635,4,1,2.4900012016296387,,,,,,False,False,False,0.9898018241059172,0.0,0.0,0.0,-0.5980754587977761,0.623644808760214,205,44.18673819901631
BH032,2635,4,5,2.4900012016296387,,,,,,False,False,False,0.9898018241059172,0.0,0.0,0.0,-0.5980754587977761,0.623644808760214,193,44.18673819901631
BH032,2636,1,1,2.4900012016296387,2.6000003814697266,2.4200005531311035,2.440000534057617,,,False,False,False,0.9898018241059172,7.11990833224263e-06,0.0016288220649585,0.0002521825663279,-0.5948422645572475,0.623644808760214,177,44.19199086817536
BH032,2636,1,5,2.4900012016296387,2.6000003814697266,2.4200005531311035,2.440000534057617,,,False,False,False,0.9898018241059172,7.11990833224263e-06,0.0016288220649585,0.0002521825663279,-0.5948422645572475,0.623644808760214,174,44.19199086817536
BH032,2636,2,1,2.4900012016296387,2.590001106262207,2.4200005531311035,2.440000534057617,,,False,False,False,0.9898018241059172,6.921432941453531e-06,0.0015834167134016,0.0002487332967575,-0.5948422645572475,0.623644808760214,177,44.19199086817536
BH032,2636,2,5,2.4900012016296387,2.590001106262207,2.4200005531311035,2.440000534057617,,,False,False,False,0.9898018241059172,6.921432941453531e-06,0.0015834167134016,0.0002487332967575,-0.5948422645572475,0.623644808760214,179,44.19199086817536
BH032,2636,3,1,2.4900012016296387,,,,,,False,False,False,0.9898018241059172,0.0,0.0,0.0,-0.5948422645572475,0.623644808760214,183,44.19199086817536
BH032,2636,3,5,2.4900012016296387,,,,,,False,False,False,0.9898018241059172,0.0,0.0,0.0,-0.5948422645572475,0.623644808760214,177,44.19199086817536
BH032,2636,4,1,2.4900012016296387,,,,,,False,False,False,0.9898018241059172,0.0,0.0,0.0,-0.5948422645572475,0.623644808760214,183,44.19199086817536
BH032,2636,4,5,2.4900012016296387,,,,,,False,False,False,0.9898018241059172,0.0,0.0,0.0,-0.5948422645572475,0.623644808760214,176,44.19199086817536
BH032,2643,1,5,2.4900012016296387,2.470001220703125,2.369999885559082,2.40000057220459,,,True,False,False,0.9898018241059172,1.1134016858704854e-05,0.0025471299886703,0.0004158937954343,-0.477477131831893,0.623644808760214,159,39.007252504303366
BH032,2643,2,5,2.4900012016296387,2.4800004959106445,2.40000057220459,2.4200005531311035,,,True,False,False,0.9898018241059172,1.0301783731847536e-05,0.0023567399475723,0.0003827352193184,-0.477477131831893,0.623644808760214,165,39.007252504303366
BH032,2643,3,1,2.4900012016296387,,,,,,False,False,False,0.9898018241059172,0.0,0.0,0.0,-0.477477131831893,0.623644808760214,178,39.007252504303366
BH032,2643,3,5,2.4900012016296387,,,,,,False,False,False,0.9898018241059172,0.0,0.0,0.0,-0.477477131831893,0.623644808760214,159,39.007252504303366
BH032,2643,4,1,2.4900012016296387,,,,,,False,False,False,0.9898018241059172,0.0,0.0,0.0,-0.477477131831893,0.623644808760214,178,39.007252504303366
BH032,2643,4,5,2.4900012016296387,,,,,,False,False,False,0.9898018241059172,0.0,0.0,0.0,-0.477477131831893,0.623644808760214,173,39.007252504303366
BH032,2644,1,1,2.4900012016296387,,2.4800004959106445,,,,False,False,False,0.9898018241059172,4.453750364064035e-07,0.0001018884795485,1.54042209032923e-05,-0.4388176499607996,0.623644808760214,198,37.31708513000594
BH032,2644,1,5,2.4900012016296387,,2.4800004959106445,,,,False,False,False,0.9898018241059172,4.453750364064035e-07,0.0001018884795485,1.54042209032923e-05,-0.4388176499607996,0.623644808760214,194,37.31708513000594
BH032,2644,2,1,2.4900012016296387,,2.460000514984131,2.530001163482666,,,False,False,False,0.9898018241059172,2.221504246335826e-06,0.0005082137067802,7.85821393947117e-05,-0.4388176499607996,0.623644808760214,198,37.31708513000594
BH032,2644,2,5,2.4900012016296387,,2.460000514984131,2.530001163482666,,,False,False,False,0.9898018241059172,2.221504246335826e-06,0.0005082137067802,7.85821393947117e-05,-0.4388176499607996,0.623644808760214,202,37.31708513000594
BH032,2644,3,1,2.4900012016296387,,,,,,False,False,False,0.9898018241059172,0.0,0.0,0.0,-0.4388176499607996,0.623644808760214,198,37.31708513000594
BH032,2644,3,5,2.4900012016296387,,,,,,False,False,False,0.9898018241059172,0.0,0.0,0.0,-0.4388176499607996,0.623644808760214,190,37.31708513000594
BH032,2644,4,1,2.4900012016296387,,,,,,False,False,False,0.9898018241059172,0.0,0.0,0.0,-0.4388176499607996,0.623644808760214,198,37.31708513000594
BH032,2644,4,5,2.4900012016296387,,,,,,False,False,False,0.9898018241059172,0.0,0.0,0.0,-0.4388176499607996,0.623644808760214,195,37.31708513000594
BH032,2645,1,5,2.4900012016296387,,,,,,False,False,False,0.9898018241059172,0.0,0.0,0.0,-0.399458022153817,0.623644808760214,153,34.98709794848892
BH032,2645,2,5,2.4900012016296387,,,,,,False,False,False,0.9898018241059172,0.0,0.0,0.0,-0.399458022153817,0.623644808760214,147,34.98709794848892
BH032,2645,3,1,2.4900012016296387,,,,,,False,False,False,0.9898018241059172,0.0,0.0,0.0,-0.399458022153817,0.623644808760214,153,34.98709794848892
BH032,2645,3,5,2.4900012016296387,,,,,,False,False,False,0.9898018241059172,0.0,0.0,0.0,-0.399458022153817,0.623644808760214,156,34.98709794848892
BH032,2645,4,1,2.4900012016296387,,,,,,False,False,False,0.9898018241059172,0.0,0.0,0.0,-0.399458022153817,0.623644808760214,153,34.98709794848892
BH032,2645,4,5,2.4900012016296387,,,,,,False,False,False,0.9898018241059172,0.0,0.0,0.0,-0.399458022153817,0.623644808760214,151,34.98709794848892
BH032,2651,1,1,2.4900012016296387,1.360000729560852,1.3000001907348633,1.3000001907348633,1.6900005340576172,,True,True,False,0.9898018241059172,0.0006287685246206,0.1438434273004531,0.0394264012575149,-0.1120685549743354,0.623644808760214,141,10.263300516667927
BH032,2651,1,5,2.4900012016296387,1.360000729560852,1.3000001907348633,1.3000001907348633,1.6900005340576172,,True,True,False,0.9898018241059172,0.0006287685246206,0.1438434273004531,0.0394264012575149,-0.1120685549743354,0.623644808760214,150,10.263300516667927
BH032,2651,2,1,2.4900012016296387,1.6900005340576172,1.6500000953674316,1.660001277923584,1.840001106262207,,True,True,False,0.9898018241059172,0.0006797076785005,0.1554967761039734,0.0306430198252201,-0.1120685549743354,0.623644808760214,141,10.263300516667927
BH032,2651,2,5,2.4900012016296387,1.6900005340576172,1.6500000953674316,1.660001277923584,1.840001106262207,,True,True,False,0.9898018241059172,0.0006797076785005,0.1554967761039734,0.0306430198252201,-0.1120685549743354,0.623644808760214,149,10.263300516667927
BH032,2651,3,1,2.4900012016296387,1.8100004196166992,1.7900004386901855,1.7900004386901855,1.910000324249268,,True,True,False,0.9898018241059172,0.0005979610141366,0.1367955803871154,0.0293323192745447,-0.1120685549743354,0.623644808760214,142,10.263300516667927
BH032,2651,3,5,2.4900012016296387,1.8100004196166992,1.7900004386901855,1.7900004386901855,1.910000324249268,,True,True,False,0.9898018241059172,0.0005979610141366,0.1367955803871154,0.0293323192745447,-0.1120685549743354,0.623644808760214,149,10.263300516667927
BH032,2651,4,1,2.4900012016296387,1.4400001764297483,1.3900002241134644,1.4000005722045898,1.7900004386901855,,True,True,False,0.9898018241059172,0.0005422583781182,0.1240524873137474,0.0354788042604923,-0.1120685549743354,0.623644808760214,141,10.263300516667927
BH032,2651,4,5,2.4900012016296387,1.4400001764297483,1.3900002241134644,1.4000005722045898,1.7900004386901855,,True,True,False,0.9898018241059172,0.0005422583781182,0.1240524873137474,0.0354788042604923,-0.1120685549743354,0.623644808760214,145,10.263300516667927
BH032,2652,1,1,2.4900012016296387,1.410000920295715,1.360000729560852,1.360000729560852,1.660001277923584,,True,True,False,0.9898018241059172,0.0008965614251792,0.1957530826330185,0.084886223077774,-0.2421053118091038,0.623644808760214,185,19.37235608937445
BH032,2652,1,5,2.4900012016296387,1.410000920295715,1.360000729560852,1.360000729560852,1.660001277923584,,True,True,False,0.9898018241059172,0.0008965614251792,0.1957530826330185,0.084886223077774,-0.2421053118091038,0.623644808760214,197,19.37235608937445
BH032,2652,2,1,2.4900012016296387,1.7500004768371582,1.720001220703125,1.720001220703125,1.8800010681152344,,True,True,False,0.9898018241059172,0.0006650687428191,0.1521478295326233,0.0536213852465152,-0.2421053118091038,0.623644808760214,185,19.37235608937445
BH032,2652,2,5,2.4900012016296387,1.7500004768371582,1.720001220703125,1.720001220703125,1.8800010681152344,,True,True,False,0.9898018241059172,0.0006650687428191,0.1521478295326233,0.0536213852465152,-0.2421053118091038,0.623644808760214,201,19.37235608937445
BH032,2652,3,1,2.4900012016296387,1.7300004959106443,1.700001239776611,1.700001239776611,1.87000036239624,,True,True,False,0.9898018241059172,0.000667875399813,0.152789905667305,0.0539738684892654,-0.2421053118091038,0.623644808760214,188,19.37235608937445
BH032,2652,3,5,2.4900012016296387,1.7300004959106443,1.700001239776611,1.700001239776611,1.87000036239624,,True,True,False,0.9898018241059172,0.000667875399813,0.152789905667305,0.0539738684892654,-0.2421053118091038,0.623644808760214,199,19.37235608937445
BH032,2652,4,1,2.4900012016296387,1.4000005722045898,1.3500003814697266,1.3500003814697266,1.6500000953674316,,True,True,False,0.9898018241059172,0.0008990768110379,0.196164384484291,0.0853381007909774,-0.2421053118091038,0.623644808760214,189,19.37235608937445
BH032,2652,4,5,2.4900012016296387,1.4000005722045898,1.3500003814697266,1.3500003814697266,1.6500000953674316,,True,True,False,0.9898018241059172,0.0008990768110379,0.196164384484291,0.0853381007909774,-0.2421053118091038,0.623644808760214,202,19.37235608937445
BH032,2653,1,1,2.4900012016296387,2.130000114440918,2.1200008392333984,2.1200008392333984,2.2100000381469727,,True,True,False,0.9898018241059172,0.00021740453667,0.0497356504201889,0.0143114663660526,-0.3017078609312383,0.623644808760214,170,21.274790902480316
BH032,2653,1,5,2.4900012016296387,2.130000114440918,2.1200008392333984,2.1200008392333984,2.2100000381469727,,True,True,False,0.9898018241059172,0.00021740453667,0.0497356504201889,0.0143114663660526,-0.3017078609312383,0.623644808760214,170,21.274790902480316
BH032,2653,2,1,2.4900012016296387,2.160000801086426,2.150000095367432,2.150000095367432,2.289999961853028,,True,True,False,0.9898018241059172,0.0001617830130271,0.0370111130177974,0.0115748466923832,-0.3017078609312383,0.623644808760214,169,21.274790902480316
BH032,2653,2,5,2.4900012016296387,2.160000801086426,2.150000095367432,2.150000095367432,2.289999961853028,,True,True,False,0.9898018241059172,0.0001617830130271,0.0370111130177974,0.0115748466923832,-0.3017078609312383,0.623644808760214,155,21.274790902480316
BH032,2653,3,1,2.4900012016296387,2.150000095367432,2.130000114440918,2.130000114440918,2.25,,True,True,False,0.9898018241059172,0.0001762835890986,0.0403284095227718,0.0120751159265637,-0.3017078609312383,0.623644808760214,163,21.274790902480316
BH032,2653,4,1,2.4900012016296387,2.1200008392333984,2.1000008583068848,2.1000008583068848,2.1800007820129395,,True,True,False,0.9898018241059172,0.0002294012374477,0.0524801388382911,0.0149603690952062,-0.3017078609312383,0.623644808760214,163,21.274790902480316
BH032,2653,4,5,2.4900012016296387,2.1200008392333984,2.1000008583068848,2.1000008583068848,2.1800007820129395,,True,True,False,0.9898018241059172,0.0002294012374477,0.0524801388382911,0.0149603690952062,-0.3017078609312383,0.623644808760214,151,21.274790902480316
BH032,2659,1,1,2.4900012016296387,,,,,,False,False,False,0.9898018241059172,0.0,0.0,0.0,-0.5611952351169716,0.623644808760214,79,49.328076849618085
BH032,2659,1,5,2.4900012016296387,,,,,,False,False,False,0.9898018241059172,0.0,0.0,0.0,-0.5611952351169716,0.623644808760214,123,49.328076849618085
BH032,2659,2,1,2.4900012016296387,,,,,,False,False,False,0.9898018241059172,0.0,0.0,0.0,-0.5611952351169716,0.623644808760214,53,49.328076849618085
BH032,2659,2,5,2.500000476837158,,,,,,False,False,False,0.9824841093301376,0.0,0.0,0.0,-0.5618350164509305,0.6358550527764391,113,49.328076849618085
BH032,2659,3,1,2.4900012016296387,,,,,,False,False,False,0.9898018241059172,0.0,0.0,0.0,-0.5611952351169716,0.623644808760214,88,49.328076849618085
BH032,2659,3,5,2.4900012016296387,,,,,,False,False,False,0.9898018241059172,0.0,0.0,0.0,-0.5611952351169716,0.623644808760214,119,49.328076849618085
BH032,2659,4,1,2.4900012016296387,,,,,,False,False,False,0.9898018241059172,0.0,0.0,0.0,-0.5611952351169716,0.623644808760214,73,49.328076849618085
BH032,2659,4,5,2.500000476837158,,,,,,False,False,False,0.9824841093301376,0.0,0.0,0.0,-0.5618350164509305,0.6358550527764391,107,49.328076849618085
BH032,2700,1,1,2.190000057220459,1.7300004959106443,1.6900005340576172,1.6900005340576172,1.890000343322754,,True,True,False,0.9339128807579702,0.0003226826374884,0.0738201290369033,0.0175492167472839,-0.0774330281691006,0.5334532296602421,3,4.1127025817138
BH032,2700,1,5,2.7300009727478027,1.7300004959106443,1.6900005340576172,1.6900005340576172,1.890000343322754,,True,True,False,0.7844870277035333,0.0007040596101433,0.1610677689313888,0.0246344879269599,-0.0975068701758209,0.6598822222178449,5,15.66743335146014
BH032,2700,2,1,2.190000057220459,1.4000005722045898,1.340000033378601,1.340000033378601,1.7300004959106443,,True,True,False,0.9339128807579702,0.0003770536859519,0.0862586051225662,0.0292944051325321,-0.0774330281691006,0.5334532296602421,2,4.1127025817138
BH032,2700,2,5,2.7300009727478027,1.4000005722045898,1.340000033378601,1.340000033378601,1.7300004959106443,,True,True,False,0.7844870277035333,0.0006349409813992,0.1452554911375045,0.0337943360209465,-0.0975068701758209,0.6598822222178449,3,15.66743335146014
BH032,2700,3,1,2.190000057220459,1.4900004863739014,1.4500014781951904,1.4500014781951904,1.840001106262207,,True,True,False,0.9339128807579702,0.0003076060384046,0.0703710541129112,0.0249202456325292,-0.0774330281691006,0.5334532296602421,2,4.1127025817138
BH032,2700,3,5,2.190000057220459,1.4900004863739014,1.4500014781951904,1.4500014781951904,1.840001106262207,,True,True,False,0.9339128807579702,0.0003076060384046,0.0703710541129112,0.0249202456325292,-0.0774330281691006,0.5334532296602421,6,4.1127025817138
BH032,2700,4,1,2.190000057220459,1.8600010871887207,1.840001106262207,1.840001106262207,1.960000991821289,,True,True,False,0.9339128807579702,0.0002522447903174,0.0577060617506504,0.0148558411747217,-0.0774330281691006,0.5334532296602421,2,4.1127025817138
BH032,2700,4,5,2.190000057220459,1.8600010871887207,1.840001106262207,1.840001106262207,1.960000991821289,,True,True,False,0.9339128807579702,0.0002522447903174,0.0577060617506504,0.0148558411747217,-0.0774330281691006,0.5334532296602421,3,4.1127025817138
BH032,2701,1,1,2.3900012969970703,1.720001220703125,1.6800012588500977,1.6900005340576172,1.890000343322754,,True,True,False,0.9838473188472812,0.0004612998454831,0.105531595647335,0.0216121301054954,-0.089402708890118,0.5866461041408517,2,4.142776499171403
BH032,2701,1,5,2.7200002670288086,1.720001220703125,1.6800012588500977,1.6900005340576172,1.890000343322754,,True,True,False,0.8316460024864885,0.0006589876720681,0.1507566571235656,0.0242831576615571,-0.0929298019824423,0.6710651103729932,1,7.075310724502257
BH032,2701,2,1,2.3900012969970703,1.4000005722045898,1.340000033378601,1.340000033378601,1.720001220703125,,True,True,False,0.9838473188472812,0.000461632705992,0.1056077405810356,0.0318828932940959,-0.089402708890118,0.5866461041408517,3,4.142776499171403
BH032,2701,2,5,2.710000991821289,1.4000005722045898,1.340000033378601,1.340000033378601,1.720001220703125,,True,True,False,0.8783294522036981,0.000593316159211,0.1357329785823822,0.0336850509047508,-0.0961872635780519,0.6803502707367975,5,7.075310724502257
BH032,2701,3,1,2.3900012969970703,1.4900004863739014,1.4400001764297483,1.4500014781951904,1.830000400543213,,True,True,False,0.9838473188472812,0.0003776260127779,0.0863895267248153,0.0277117229998111,-0.089402708890118,0.5866461041408517,2,4.142776499171403
BH032,2701,3,5,2.3900012969970703,1.4900004863739014,1.4400001764297483,1.4500014781951904,1.830000400543213,,True,True,False,0.9838473188472812,0.0003776260127779,0.0863895267248153,0.0277117229998111,-0.089402708890118,0.5866461041408517,1,4.142776499171403
BH032,2701,4,1,2.3900012969970703,1.8600010871887207,1.830000400543213,1.840001106262207,1.960000991821289,,True,True,False,0.9838473188472812,0.0003834263770841,0.0877164751291275,0.0198800973594188,-0.089402708890118,0.5866461041408517,3,4.142776499171403
BH032,2701,4,5,2.3900012969970703,1.8600010871887207,1.830000400543213,1.840001106262207,1.960000991821289,,True,True,False,0.9838473188472812,0.0003834263770841,0.0877164751291275,0.0198800973594188,-0.089402708890118,0.5866461041408517,6,4.142776499171403
BH032,2730,1,1,2.4900012016296387,2.470001220703125,2.4200005531311035,2.4500012397766118,,,True,False,False,0.9898018241059172,1.2794440408470107e-05,0.0029269850347191,0.0003498143632896,-0.5752256762785375,0.623644808760214,183,48.84511068422213
BH032,2730,1,5,2.4900012016296387,2.470001220703125,2.4200005531311035,2.4500012397766118,,,True,False,False,0.9898018241059172,1.2794440408470107e-05,0.0029269850347191,0.0003498143632896,-0.5752256762785375,0.623644808760214,187,48.84511068422213
