case,frame_index,frame_id,step_time_s,P_over_Pu,element,integration_point,section_point,panel,x_ip_mm,y_ip_mm,z_ip_mm,sigma_x_transverse_MPa,sigma_y_axial_MPa,tau_xy_MPa,LE_x_transverse,LE_y_axial,gamma_xy_engineering,PE_x_transverse,PE_y_axial,PE_xy_engineering,PEEQ,sigma_VM_MPa,sigma_VM_over_fy,w_local_ref_normal_mm,Y_s_MPa,Y_s_max_MPa
BH050,214,1465458,2.1400012969970703,0.9871773222912796,7318,1,1,SHELF_NORMAL_Y_NEG,-29.717559197604437,30.49643744586834,860.5662432702593,282.88433837890625,-46.8985710144043,9.69118881225586,0.0014415271580219,-0.0006396404351107,0.0001223187282448,0.0,0.0,0.0,0.0,309.46995575883443,0.8717463542502378,-20.3441895554587,0.2194852640596562,0.2218656427132889
BH050,214,1465458,2.1400012969970703,0.9871773222912796,7687,4,5,SHELF_NORMAL_Y_POS,-392.1574408023956,-20.81674579952917,689.4337567297406,-58.6830940246582,104.34606170654295,-165.64735412597656,-0.0004184392746537,0.0004659984260797,-0.002047438872978,1.8386621377430856e-05,-0.0001259999262401,4.3289521272527054e-05,0.0001403722853865,320.5811810680884,0.9030455804734884,11.509717204419244,0.2168681539600009,0.3571644698394131
BH050,214,1465458,2.1400012969970703,0.9871773222912796,6592,3,5,SHELF_NORMAL_Y_NEG,592.2175591976044,22.738223297176344,4589.433756729741,-72.26211547851562,175.50466918945312,52.07512283325195,-0.0005822561215609,0.0005494601209647,0.0005826682318001,2.4110335289151408e-05,-0.0004077263001818,-7.457813626388088e-05,0.0004597895604092,238.41454688632464,0.6715902729192244,3.083604472050679,0.1230151815626976,0.379364011692263
BH050,214,1465458,2.1400012969970703,0.9871773222912796,7690,1,1,SHELF_NORMAL_Y_POS,-310.96755919760443,-21.386331148337096,539.4337567297406,-144.0104522705078,-283.63885498046875,-53.74098205566406,-0.0002690269029699,-0.0012263200478628,-0.0006681325030513,1.6972142475424334e-05,-5.916406735195778e-05,1.0161592399526851e-05,6.138136086519808e-05,262.69246294380605,0.7399787688557917,10.894222832095595,0.2043430404259638,0.3371632569319804
BH050,214,1465458,2.1400012969970703,0.9871773222912796,8803,2,1,SHELF_NORMAL_Y_NEG,1246.8452994616207,24.99568236389409,4860.566243270259,-395.5896301269531,-226.9438018798828,34.12567138671875,-0.005798780824989,-0.001643416006118,0.0013318774290382,-0.0042089209891855,-0.0011178322602063,0.0009011652437038,0.0057226228527724,348.8720601784996,0.9827381976859144,-0.0185243355808623,0.3814604784449197,0.4218543590981223
BH050,215,1472448,2.15000057220459,0.983765100043012,5809,3,5,SIDE_NORMAL_X_POS,-1250.0,-24.15470053837925,439.4337567297406,43.602684020996094,-322.77471923828125,169.9085693359375,0.0665316581726074,-0.1231794878840446,0.024043571203947,0.0658493041992187,-0.1215496584773063,0.0218989662826061,0.1551257520914077,454.714551479776,1.2808860605064112,0.0145758720713653,0.4600414740489352,0.4875834578098612
BH050,215,1472448,2.15000057220459,0.983765100043012,8857,1,1,SHELF_NORMAL_Y_NEG,1246.8452994616207,25.009422437046773,2189.4337567297407,-121.82893371582033,-384.6087951660156,-54.91542816162109,0.0011531964410096,-0.00654989015311,-0.0026050133164972,0.0011844262480735,-0.0048601706512272,-0.0019119645003229,0.0052137500606477,353.4923588242161,0.995753123448496,-0.0037390643458971,0.3458875706318988,0.3619825278703239
BH050,215,1472448,2.15000057220459,0.983765100043012,7318,1,1,SHELF_NORMAL_Y_NEG,-29.717559197604437,30.49643744586834,860.5662432702593,271.6201477050781,-67.40618896484375,8.36169719696045,0.001416714861989,-0.000722786586266,0.0001055388565873,0.0,0.0,0.0,0.0,311.1908287417881,0.876593883779685,-20.906366003275625,0.2172066725276371,0.2218656427132889
BH050,215,1472448,2.15000057220459,0.983765100043012,7687,4,5,SHELF_NORMAL_Y_POS,-392.1574408023956,-20.81674579952917,689.4337567297406,-57.30397033691406,111.7696762084961,-169.30477905273438,-0.0004225540033075,0.0005000265664421,-0.0020936026703566,1.8386621377430856e-05,-0.0001259999262401,4.3289521272527054e-05,0.0001403722853865,328.8972124789594,0.9264710210674912,12.093421610864816,0.2285152770669702,0.3571644698394131
BH050,215,1472448,2.15000057220459,0.983765100043012,6592,3,5,SHELF_NORMAL_Y_NEG,592.2175591976044,22.738223297176344,4589.433756729741,-90.65608978271484,150.91835021972656,49.18634796142578,-0.0006357440142892,0.0004569019074551,0.0005462089902721,2.4110335289151408e-05,-0.0004077263001818,-7.457813626388088e-05,0.0004597895604092,227.89127458606612,0.6419472523551158,3.018404531649607,0.1104198845395224,0.379364011692263
BH050,215,1472448,2.15000057220459,0.983765100043012,7690,1,1,SHELF_NORMAL_Y_POS,-310.96755919760443,-21.386331148337096,539.4337567297406,-147.45449829101562,-288.9716491699219,-56.33439254760742,-0.0002779845672193,-0.0012471885420382,-0.0007008618558757,1.6972142475424334e-05,-5.916406735195778e-05,1.0161592399526851e-05,6.138136086519808e-05,268.6223462273478,0.7566826654291487,11.38297507504973,0.2134245011786571,0.3371632569319804
BH050,215,1472448,2.15000057220459,0.983765100043012,8803,2,1,SHELF_NORMAL_Y_NEG,1246.8452994616207,24.99568236389409,4860.566243270259,-393.3445739746094,-225.99737548828125,34.71992111206055,-0.0057957363314926,-0.0016427058726549,0.0013416894944384,-0.0042153988033533,-0.0011184471659362,0.0009034790564328,0.0057305945083498,347.1546413172715,0.9779003980768212,-0.0184663594057805,0.3776622058328823,0.4218543590981223
BH050,216,1479439,2.160001277923584,0.9774838435660383,5809,3,5,SIDE_NORMAL_X_POS,-1250.0,-24.15470053837925,439.4337567297406,32.938167572021484,-374.6547546386719,46.65842056274414,0.0676543787121772,-0.1253373473882675,0.0232378728687763,0.066948153078556,-0.1234714388847351,0.0226488504558801,0.1577264815568924,400.40301419262425,1.1278958146271103,0.019553679303593,0.3747784407659882,0.4875834578098612
BH050,216,1479439,2.160001277923584,0.9774838435660383,8857,1,1,SHELF_NORMAL_Y_NEG,1246.8452994616207,25.009422437046773,2189.4337567297407,-128.90480041503906,-386.3663940429688,-55.23210525512695,0.0011246480280533,-0.0065636164508759,-0.0026171763893216,0.001187669346109,-0.0048756580799818,-0.0019201242830604,0.0052307536825537,353.8964699701887,0.996891464704757,-0.0042992041148268,0.3494144992280046,0.3619825278703239
BH050,216,1479439,2.160001277923584,0.9774838435660383,7318,1,1,SHELF_NORMAL_Y_NEG,-29.717559197604437,30.49643744586834,860.5662432702593,259.1221618652344,-100.30744171142578,6.709714412689209,0.001403959468007,-0.0008643010514788,8.468870510114357e-05,0.0,0.0,0.0,0.0,321.4542262629922,0.9055048627126542,-21.5097158749522,0.2255318074420982,0.2255318074420982
BH050,216,1479439,2.160001277923584,0.9774838435660383,7687,4,5,SHELF_NORMAL_Y_POS,-392.1574408023956,-20.81674579952917,689.4337567297406,-53.77054977416992,128.96588134765625,-167.28518676757812,-0.0004304436733946,0.0005783586530014,-0.0020681051537394,1.8386621377430856e-05,-0.0001259999262401,4.3289521272527054e-05,0.0001403722853865,332.28156441872994,0.9360044068133238,12.845691495321882,0.2340910175251286,0.3571644698394131
BH050,216,1479439,2.160001277923584,0.9774838435660383,6592,3,5,SHELF_NORMAL_Y_NEG,592.2175591976044,22.738223297176344,4589.433756729741,-85.71482849121094,161.04322814941406,47.33557891845703,-0.0006265058764256,0.0004988569417037,0.0005228483350947,2.4110335289151408e-05,-0.0004077263001818,-7.457813626388088e-05,0.0004597895604092,231.964904524793,0.6534222662670226,3.1206038549499686,0.1150219577111684,0.379364011692263
BH050,216,1479439,2.160001277923584,0.9774838435660383,7690,1,1,SHELF_NORMAL_Y_POS,-310.96755919760443,-21.386331148337096,539.4337567297406,-151.52980041503906,-293.7301025390625,-57.87992477416992,-0.0002908394380938,-0.0012643520021811,-0.0007203676505014,1.6972142475424334e-05,-5.916406735195778e-05,1.0161592399526851e-05,6.138136086519808e-05,273.4594061527,0.7703081863456338,11.887178511737286,0.2214606339473539,0.3371632569319804
BH050,216,1479439,2.160001277923584,0.9774838435660383,8803,2,1,SHELF_NORMAL_Y_NEG,1246.8452994616207,24.99568236389409,4860.566243270259,-398.0061340332031,-228.2306365966797,35.330814361572266,-0.0058221877552568,-0.0016473906580358,0.0013519652420654,-0.0042224586941301,-0.0011190887307748,0.0009060410666279,0.0057392683811485,351.291491784182,0.9895534979836113,-0.0184216434757641,0.3865235603710071,0.4218543590981223
BH050,217,1486429,2.1700005531311035,0.9719808493391028,5809,3,5,SIDE_NORMAL_X_POS,-1250.0,-24.15470053837925,439.4337567297406,37.43463897705078,-327.4158935546875,-95.89170837402344,0.0690061375498771,-0.1275418400764465,0.0223719589412212,0.0683468431234359,-0.125898391008377,0.0235820766538381,0.1609579920768737,385.2854455112353,1.0853111141161558,0.0245113085016098,0.339336171331046,0.4875834578098612
BH050,217,1486429,2.1700005531311035,0.9719808493391028,8857,1,1,SHELF_NORMAL_Y_NEG,1246.8452994616207,25.009422437046773,2189.4337567297407,-126.2119140625,-384.92132568359375,-57.017574310302734,0.0011380626820027,-0.0065725473687052,-0.0026461281813681,0.0011901148827746,-0.0048876721411943,-0.001926548895426,0.0052439826540648,353.92828126617195,0.9969810739892168,-0.0048335293491776,0.3480905219829101,0.3619825278703239
BH050,217,1486429,2.1700005531311035,0.9719808493391028,7318,1,1,SHELF_NORMAL_Y_NEG,-29.717559197604437,30.49643744586834,860.5662432702593,250.0850372314453,-124.71837615966795,4.719574451446533,0.0013956369366496,-0.0009696388733573,5.9570407756837085e-05,0.0,0.0,0.0,0.0,330.6874991488218,0.9315140821093572,-22.11187517058884,0.2351213517737647,0.2351213517737647
BH050,217,1486429,2.1700005531311035,0.9719808493391028,7687,4,5,SHELF_NORMAL_Y_POS,-392.1574408023956,-20.81674579952917,689.4337567297406,-42.44401168823242,160.8474578857422,-163.9355926513672,-0.0004218871472403,0.0007166236173361,-0.0020258240401744,1.8386621377430856e-05,-0.0001259999262401,4.3289521272527054e-05,0.0001403722853865,339.3008190866717,0.9557769551737232,13.708838585727689,0.2467127564904323,0.3571644698394131
BH050,217,1486429,2.1700005531311035,0.9719808493391028,6592,3,5,SHELF_NORMAL_Y_NEG,592.2175591976044,22.738223297176344,4589.433756729741,-88.08953094482422,154.0159454345703,49.92041397094727,-0.000627800647635,0.0004681996360886,0.0005554720992222,2.4110335289151408e-05,-0.0004077263001818,-7.457813626388088e-05,0.0004597895604092,229.1811783166996,0.6455807839907031,3.1149709941200703,0.1118914905486342,0.379364011692263
BH050,217,1486429,2.1700005531311035,0.9719808493391028,7690,1,1,SHELF_NORMAL_Y_POS,-310.96755919760443,-21.386331148337096,539.4337567297406,-154.1690216064453,-293.01202392578125,-59.9768180847168,-0.0003047019999939,-0.0012570120161399,-0.0007468329276889,1.6972142475424334e-05,-5.916406735195778e-05,1.0161592399526851e-05,6.138136086519808e-05,274.30350428551,0.7726859275648168,12.366261531920228,0.2229857453476164,0.3371632569319804
BH050,217,1486429,2.1700005531311035,0.9719808493391028,8803,2,1,SHELF_NORMAL_Y_NEG,1246.8452994616207,24.99568236389409,4860.566243270259,-394.2838134765625,-226.14328002929688,36.32394790649414,-0.0058253621682524,-0.0016445274231955,0.0013712415238842,-0.004240630660206,-0.0011209420626983,0.0009127901284955,0.0057617402635514,348.4166491494364,0.9814553497167224,-0.0183935324643913,0.3799594280011716,0.4218543590981223
BH050,218,1493420,2.1800012588500977,0.9649578667919008,5809,3,5,SIDE_NORMAL_X_POS,-1250.0,-24.15470053837925,439.4337567297406,39.51520538330078,-353.8477783203125,3.5459487438201904,0.0702249482274055,-0.1296857297420501,0.024180619046092,0.0695172399282455,-0.1279102712869644,0.0241357814520597,0.1636277139186859,375.2196564293224,1.0569567786741474,0.0303369619744245,0.3282308239193322,0.4875834578098612
BH050,218,1493420,2.1800012588500977,0.9649578667919008,8857,1,1,SHELF_NORMAL_Y_NEG,1246.8452994616207,25.009422437046773,2189.4337567297407,-129.8236846923828,-382.9035034179688,-62.334228515625,0.0011197378626093,-0.0065685212612152,-0.0027195918373763,0.0011922572739422,-0.0048987087793648,-0.0019329023780301,0.0052562491036951,354.1412239141795,0.9975809124343084,-0.0050079273523529,0.3489319893432758,0.3619825278703239
BH050,218,1493420,2.1800012588500977,0.9649578667919008,7318,1,1,SHELF_NORMAL_Y_NEG,-29.717559197604437,30.49643744586834,860.5662432702593,224.5425262451172,-177.3780059814453,2.36740779876709,0.0013483326183632,-0.0011880656238645,2.9883054594392888e-05,0.0,0.0,0.0,0.0,348.89543207234027,0.9828040340065924,-22.47993101929096,0.2567833854498346,0.2567833854498346
BH050,218,1493420,2.1800012588500977,0.9649578667919008,7687,4,5,SHELF_NORMAL_Y_POS,-392.1574408023956,-20.81674579952917,689.4337567297406,-31.735551834106445,187.8002777099609,-161.72906494140625,-0.0004091545706614,0.0008318638429045,-0.0019979837816208,1.8386621377430856e-05,-0.0001259999262401,4.3289521272527054e-05,0.0001403722853865,347.42611638496976,0.9786651165773796,14.541078243317717,0.2617962980274622,0.3571644698394131
BH050,218,1493420,2.1800012588500977,0.9649578667919008,6592,3,5,SHELF_NORMAL_Y_NEG,592.2175591976044,22.738223297176344,4589.433756729741,-86.79834747314453,147.69879150390625,54.97801971435547,-0.0006123355706222,0.0004356553836259,0.0006193056469783,2.4110335289151408e-05,-0.0004077263001818,-7.457813626388088e-05,0.0004597895604092,226.355130529968,0.6376200859999099,3.191559945597103,0.1089776344842677,0.379364011692263
BH050,218,1493420,2.1800012588500977,0.9649578667919008,7690,1,1,SHELF_NORMAL_Y_POS,-310.96755919760443,-21.386331148337096,539.4337567297406,-156.18569946289062,-295.25762939453125,-62.00130844116211,-0.0003112191916443,-0.0012649891432374,-0.0007723830640316,1.6972142475424334e-05,-5.916406735195778e-05,1.0161592399526851e-05,6.138136086519808e-05,277.4680302465481,0.7816000852015439,12.856443504870011,0.2279016617536117,0.3371632569319804
BH050,218,1493420,2.1800012588500977,0.9649578667919008,8803,2,1,SHELF_NORMAL_Y_NEG,1246.8452994616207,24.99568236389409,4860.566243270259,-382.85888671875,-215.7687225341797,37.07749557495117,-0.0057850247249007,-0.0016107977135106,0.0013807516079396,-0.004240630660206,-0.0011209420626983,0.0009127901284955,0.0057617402635514,338.60348181866226,0.953812624841302,-0.0181553273327655,0.3571808490731546,0.4218543590981223
BH050,219,1500410,2.190000534057617,0.9595276240318236,5809,3,5,SIDE_NORMAL_X_POS,-1250.0,-24.15470053837925,439.4337567297406,32.655696868896484,-357.45135498046875,-139.3584747314453,0.0714459419250488,-0.1318498849868774,0.0231447126716375,0.0707661584019661,-0.1300666779279709,0.024903479963541,0.1664705723524093,445.8397046556189,1.255886491987659,0.0379954079199296,0.4524368970555465,0.4875834578098612
BH050,219,1500410,2.190000534057617,0.9595276240318236,8857,1,1,SHELF_NORMAL_Y_NEG,1246.8452994616207,25.009422437046773,2189.4337567297407,-137.88827514648438,-383.0810546875,-61.45602035522461,0.0010827471269294,-0.0065688397735357,-0.0027152092661708,0.001194157404825,-0.0049098958261311,-0.0019396017305552,0.005268832668662,352.5229245381212,0.9930223226425948,-0.0055819746942923,0.3492888214365245,0.3619825278703239
BH050,219,1500410,2.190000534057617,0.9595276240318236,7318,1,1,SHELF_NORMAL_Y_NEG,-29.717559197604437,30.49643744586834,860.5662432702593,236.791259765625,-163.13400268554688,5.733738422393799,0.0013870489783585,-0.001136758015491,7.237050158437341e-05,0.0,0.0,0.0,0.0,348.43957411437714,0.9815199270827524,-23.375558245384973,0.2571506318163172,0.2571506318163172
BH050,219,1500410,2.190000534057617,0.9595276240318236,7687,4,5,SHELF_NORMAL_Y_POS,-392.1574408023956,-20.81674579952917,689.4337567297406,-11.74183750152588,221.1851806640625,-157.4453582763672,-0.0003718873194884,0.0009848061017692,-0.0019865070935338,7.230148185044527e-06,-0.0001060223803506,6.958183575989096e-07,0.0001720860454952,354.9999970010284,0.9999999915521924,15.353258115284536,0.2793050940209141,0.3571644698394131
BH050,219,1500410,2.190000534057617,0.9595276240318236,6592,3,5,SHELF_NORMAL_Y_NEG,592.2175591976044,22.738223297176344,4589.433756729741,-91.31362915039062,151.464599609375,47.80290603637695,-0.0006397367105819,0.0004605132562573,0.0005287464009597,2.4110335289151408e-05,-0.0004077263001818,-7.457813626388088e-05,0.0004597895604092,227.9601709907989,0.6421413267346447,3.3047771636271843,0.1104823323296943,0.379364011692263
BH050,219,1500410,2.190000534057617,0.9595276240318236,7690,1,1,SHELF_NORMAL_Y_POS,-310.96755919760443,-21.386331148337096,539.4337567297406,-156.50198364257812,-289.00128173828125,-64.62008666992188,-0.0003218633937649,-0.0012341710971668,-0.0008054353529587,1.6972142475424334e-05,-5.916406735195778e-05,1.0161592399526851e-05,6.138136086519808e-05,274.43142069891934,0.7730462554899137,13.285594727791429,0.2226555476539596,0.3371632569319804
BH050,219,1500410,2.190000534057617,0.9595276240318236,8803,2,1,SHELF_NORMAL_Y_NEG,1246.8452994616207,24.99568236389409,4860.566243270259,-382.9845886230469,-215.4127960205078,40.34850692749024,-0.0057861567474901,-0.001608891529031,0.0014220379525795,-0.004240630660206,-0.0011209420626983,0.0009127901284955,0.0057617402635514,339.800077660256,0.957183317352834,-0.0177358301199501,0.3588016790764654,0.4218543590981223
BH050,220,1507401,2.2000012397766118,0.9556053688856014,5809,3,5,SIDE_NORMAL_X_POS,-1250.0,-24.15470053837925,439.4337567297406,43.051544189453125,-330.88311767578125,61.85677719116211,0.0728373005986213,-0.1340936869382858,0.0261410530656576,0.0721458569169044,-0.1324236541986465,0.025360245257616,0.1696087568998336,370.2173481018083,1.0428657693008685,0.0435576498500465,0.3155246375911112,0.4875834578098612
BH050,220,1507401,2.2000012397766118,0.9556053688856014,8857,1,1,SHELF_NORMAL_Y_NEG,1246.8452994616207,25.009422437046773,2189.4337567297407,-140.57643127441406,-381.8931274414063,-65.47809600830078,0.0010716584511101,-0.006581790279597,-0.0027799194213002,0.0011978425318375,-0.0049325078725814,-0.0019535494502633,0.0052944007329642,353.2436326439687,0.9950524863210384,-0.0056591904391826,0.3508715776701122,0.3619825278703239
BH050,220,1507401,2.2000012397766118,0.9556053688856014,7318,1,1,SHELF_NORMAL_Y_NEG,-29.717559197604437,30.49643744586834,860.5662432702593,241.2916412353516,-164.39488220214844,-0.1467520743608474,0.0014107316965237,-0.0011494331993162,-1.8488027535568108e-06,0.0,0.0,0.0,0.0,353.432467340043,0.9955844150423746,-24.063920766512236,0.2646801964638539,0.2646801964638539
BH050,220,1507401,2.2000012397766118,0.9556053688856014,7687,4,5,SHELF_NORMAL_Y_POS,-392.1574408023956,-20.81674579952917,689.4337567297406,12.721891403198242,245.6719970703125,-151.25408935546875,-0.0003094637067988,0.001109883072786,-0.0019909378606826,-1.3405055142357014e-05,-6.421426951419562e-05,-8.192002860596403e-05,0.0002355307078687,354.9993842784962,0.9999982655732288,16.10324960261097,0.2867153804312232,0.3571644698394131
BH050,220,1507401,2.2000012397766118,0.9556053688856014,6592,3,5,SHELF_NORMAL_Y_NEG,592.2175591976044,22.738223297176344,4589.433756729741,-105.76925659179688,133.6396026611328,47.15869903564453,-0.0006839532288722,0.0003950365062337,0.0005206172354519,2.4110335289151408e-05,-0.0004077263001818,-7.457813626388088e-05,0.0004597895604092,223.2789043960523,0.6289546602705699,3.271447920180849,0.1051197641771829,0.379364011692263
BH050,220,1507401,2.2000012397766118,0.9556053688856014,7690,1,1,SHELF_NORMAL_Y_POS,-310.96755919760443,-21.386331148337096,539.4337567297406,-155.95132446289062,-283.3914794921875,-67.79412078857422,-0.0003273561305832,-0.0012077463325113,-0.0008454999770037,1.6972142475424334e-05,-5.916406735195778e-05,1.0161592399526851e-05,6.138136086519808e-05,272.44154991976416,0.7674409856894765,13.694676574103942,0.218603537346801,0.3371632569319804
BH050,220,1507401,2.2000012397766118,0.9556053688856014,8803,2,1,SHELF_NORMAL_Y_NEG,1246.8452994616207,24.99568236389409,4860.566243270259,-369.181396484375,-210.9875030517578,39.82437515258789,-0.0057255956344306,-0.0016075207386165,0.0014154183445498,-0.004240630660206,-0.0011209420626983,0.0009127901284955,0.0057617402635514,328.1400790907013,0.924338250959722,-0.0178665137725582,0.3354668630614754,0.4218543590981223
BH050,221,1514391,2.210000514984131,0.952294159903108,5809,3,5,SIDE_NORMAL_X_POS,-1250.0,-24.15470053837925,439.4337567297406,34.40993118286133,-359.9321594238281,-118.53045654296876,0.0740867406129837,-0.1363432258367538,0.0245252884924411,0.0733950287103653,-0.1345444321632385,0.0260212309658527,0.1724422425031662,430.42868279499646,1.212475162802807,0.04928063805104,0.4245434983282518,0.4875834578098612
BH050,221,1514391,2.210000514984131,0.952294159903108,8857,1,1,SHELF_NORMAL_Y_NEG,1246.8452994616207,25.009422437046773,2189.4337567297407,-140.88873291015625,-378.6408996582031,-63.44148254394531,0.0010686361929401,-0.0065860077738761,-0.0027672071009874,0.0012010732898488,-0.0049529555253684,-0.0019665386062115,0.0053176339715719,349.20881216876256,0.9836867948415848,-0.0060867904386046,0.3439226326074808,0.3619825278703239
BH050,221,1514391,2.210000514984131,0.952294159903108,7318,1,1,SHELF_NORMAL_Y_NEG,-29.717559197604437,30.49643744586834,860.5662432702593,243.89007568359372,-163.21592712402344,3.5543243885040283,0.0014239333104342,-0.0011495158541947,4.4945751142222434e-05,2.300247388120624e-06,-2.013760195040959e-06,8.211987534423315e-08,2.507565113774035e-06,354.91752896768253,0.9997676872329084,-24.877262246129582,0.2670880473079397,0.2670880473079397
BH050,221,1514391,2.210000514984131,0.952294159903108,7687,4,5,SHELF_NORMAL_Y_POS,-392.1574408023956,-20.81674579952917,689.4337567297406,24.25408744812012,257.46856689453125,-147.6384735107422,-0.0002876581565942,0.0011884887935593,-0.0020158800762146,-3.036786620214116e-05,-2.612201751617249e-05,-0.0001525099942227,0.0002913721837103,355.0000213264909,1.0000000600746224,16.769434190361903,0.2908023897472954,0.3571644698394131
BH050,221,1514391,2.210000514984131,0.952294159903108,6592,3,5,SHELF_NORMAL_Y_NEG,592.2175591976044,22.738223297176344,4589.433756729741,-92.76463317871094,140.73764038085938,56.4876823425293,-0.0006311608594842,0.0004105529224034,0.0006383605650626,2.4110335289151408e-05,-0.0004077263001818,-7.457813626388088e-05,0.0004597895604092,225.92124942645864,0.6363978857083342,3.4245986324531934,0.1081095809501483,0.379364011692263
BH050,221,1514391,2.210000514984131,0.952294159903108,7690,1,1,SHELF_NORMAL_Y_POS,-310.96755919760443,-21.386331148337096,539.4337567297406,-157.3651885986328,-282.9161682128906,-70.04606628417969,-0.0003349189064465,-0.0012033794773742,-0.0008739260374568,1.6972142475424334e-05,-5.916406735195778e-05,1.0161592399526851e-05,6.138136086519808e-05,273.8677762282137,0.7714585245865174,14.148702585049188,0.2205109500619101,0.3371632569319804
BH050,221,1514391,2.210000514984131,0.952294159903108,8803,2,1,SHELF_NORMAL_Y_NEG,1246.8452994616207,24.99568236389409,4860.566243270259,-369.638427734375,-211.7201232910156,43.24108123779297,-0.0057267639786005,-0.0016104099340736,0.001458543818444,-0.004240630660206,-0.0011209420626983,0.0009127901284955,0.0057617402635514,329.85975457931335,0.9291824072656714,-0.017995456514675,0.3383002431449604,0.4218543590981223
BH050,222,1521382,2.220001220703125,0.9491895016152916,5809,3,5,SIDE_NORMAL_X_POS,-1250.0,-24.15470053837925,439.4337567297406,37.01520538330078,-333.90557861328125,-84.99234771728516,0.0755403637886047,-0.138735219836235,0.0255063772201538,0.0748738646507263,-0.1370590925216674,0.0265790857374668,0.1757937669754028,383.2671939275866,1.079625898387568,0.053585963352188,0.3379857479929373,0.4875834578098612
BH050,222,1521382,2.220001220703125,0.9491895016152916,8857,1,1,SHELF_NORMAL_Y_NEG,1246.8452994616207,25.009422437046773,2189.4337567297407,-144.5614776611328,-382.9225463867188,-65.05005645751953,0.0010584482224658,-0.0066103320568799,-0.0027933227829635,0.0012024843599647,-0.0049618352204561,-0.001972351456061,0.0053277509286999,353.3643696735859,0.9953925906298194,-0.0063016403797068,0.3527639043716732,0.3619825278703239
BH050,222,1521382,2.220001220703125,0.9491895016152916,7318,1,1,SHELF_NORMAL_Y_NEG,-29.717559197604437,30.49643744586834,860.5662432702593,249.6890563964844,-156.23910522460938,2.2069497108459477,0.0014554327353835,-0.0011357639450579,2.8067304810974747e-05,1.5797477317391895e-05,-1.3657626368512863e-05,2.094704854016527e-07,1.7141112039098516e-05,354.65629773401133,0.9990318246028488,-25.70228950157823,0.267425305867242,0.267425305867242
BH050,222,1521382,2.220001220703125,0.9491895016152916,7687,4,5,SHELF_NORMAL_Y_POS,-392.1574408023956,-20.81674579952917,689.4337567297406,41.80880737304688,271.6902770996094,-140.98326110839844,-0.0002404737169854,0.0012754068011417,-0.0020070793107151,-4.765764242620208e-05,1.7289887182414532e-05,-0.0002277240564581,0.0003529950045049,351.8996679769794,0.9912666703576885,17.568166323234653,0.2923187426729968,0.3571644698394131
BH050,222,1521382,2.220001220703125,0.9491895016152916,6592,3,5,SHELF_NORMAL_Y_NEG,592.2175591976044,22.738223297176344,4589.433756729741,-102.01593017578124,133.61129760742188,50.77557373046875,-0.000665690517053,0.0003894318360835,0.0005662663606926,2.4110335289151408e-05,-0.0004077263001818,-7.457813626388088e-05,0.0004597895604092,222.76486780540156,0.6275066698743705,3.3719842967115223,0.1047087447871224,0.379364011692263
BH050,222,1521382,2.220001220703125,0.9491895016152916,7690,1,1,SHELF_NORMAL_Y_POS,-310.96755919760443,-21.386331148337096,539.4337567297406,-156.9463653564453,-278.1453857421875,-72.80811309814453,-0.0003398392000235,-0.0011808238923549,-0.0009087841026484,1.6972142475424334e-05,-5.916406735195778e-05,1.0161592399526851e-05,6.138136086519808e-05,272.4815110683713,0.7675535523052712,14.625521966851752,0.2174464785811499,0.3371632569319804
BH050,222,1521382,2.220001220703125,0.9491895016152916,8803,2,1,SHELF_NORMAL_Y_NEG,1246.8452994616207,24.99568236389409,4860.566243270259,-370.6874694824219,-207.4523468017578,44.31113815307617,-0.0057380734942853,-0.0015881628496572,0.0014720507897436,-0.004240630660206,-0.0011209420626983,0.0009127901284955,0.0057617402635514,330.81130821658417,0.931862840046716,-0.0178598977555489,0.3384152750620767,0.4218543590981223
BH050,223,1528372,2.2300004959106445,0.9458182360496552,5809,3,5,SIDE_NORMAL_X_POS,-1250.0,-24.15470053837925,439.4337567297406,32.45266342163086,-379.393310546875,-75.47201538085938,0.0768099278211593,-0.1410470157861709,0.0260931700468063,0.0760991424322128,-0.1391565799713134,0.0270457603037357,0.1785680055618286,417.6037094895317,1.1763484774353006,0.0582316637596431,0.4063799142059737,0.4875834578098612
BH050,223,1528372,2.2300004959106445,0.9458182360496552,8857,1,1,SHELF_NORMAL_Y_NEG,1246.8452994616207,25.009422437046773,2189.4337567297407,-146.2164306640625,-382.9907531738281,-66.7972412109375,0.0010540536604821,-0.0066308504901826,-0.0028301212005317,0.0012060273438692,-0.0049844309687614,-0.0019871068652719,0.0053535085171461,354.1853116753335,0.9977051033107984,-0.0068029973774377,0.3545753849584042,0.3619825278703239
BH050,223,1528372,2.2300004959106445,0.9458182360496552,7318,1,1,SHELF_NORMAL_Y_NEG,-29.717559197604437,30.49643744586834,860.5662432702593,257.48687744140625,-147.4800567626953,0.4397611021995544,0.0014963988214731,-0.0011180049041286,6.07513175054919e-06,3.163200744893402e-05,-2.703103746171109e-05,5.217287366576784e-07,3.418428605073132e-05,354.9994629114844,0.999998487074604,-26.620168768873075,0.26904088994194,0.26904088994194
BH050,223,1528372,2.2300004959106445,0.9458182360496552,7687,4,5,SHELF_NORMAL_Y_POS,-392.1574408023956,-20.81674579952917,689.4337567297406,43.888370513916016,277.0611877441406,-140.80905151367188,-0.0002459107490722,0.0013190752360969,-0.0020392236765474,-5.535640229936689e-05,3.789957918343134e-05,-0.0002620664599817,0.0003817515389528,354.9801314473247,0.999944032245985,18.25325019583692,0.2984331721656411,0.3571644698394131
BH050,223,1528372,2.2300004959106445,0.9458182360496552,6592,3,5,SHELF_NORMAL_Y_NEG,592.2175591976044,22.738223297176344,4589.433756729741,-111.94219970703124,121.49005889892578,47.91722869873047,-0.0006962236948311,0.0003450495714787,0.0005301894852891,2.4110335289151408e-05,-0.0004077263001818,-7.457813626388088e-05,0.0004597895604092,218.58393660261308,0.6157293988806002,3.2904332009921498,0.1005339918931296,0.379364011692263
BH050,223,1528372,2.2300004959106445,0.9458182360496552,7690,1,1,SHELF_NORMAL_Y_POS,-310.96755919760443,-21.386331148337096,539.4337567297406,-160.8316192626953,-282.0268249511719,-75.45398712158203,-0.0003530468966346,-0.001194009091705,-0.000942183251027,1.6972142475424334e-05,-5.916406735195778e-05,1.0161592399526851e-05,6.138136086519808e-05,277.7175207507035,0.7823028753540944,15.16671758123445,0.225713987565708,0.3371632569319804
BH050,223,1528372,2.2300004959106445,0.9458182360496552,8803,2,1,SHELF_NORMAL_Y_NEG,1246.8452994616207,24.99568236389409,4860.566243270259,-371.4410095214844,-210.58985900878903,43.65286636352539,-0.005737158935517,-0.0016022945055738,0.0014637465355917,-0.004240630660206,-0.0011209420626983,0.0009127901284955,0.0057617402635514,331.37821393646993,0.933459757567521,-0.0176197644132042,0.3406645898989917,0.4218543590981223
BH050,224,1535363,2.2400012016296387,0.9406577960276442,5809,3,5,SIDE_NORMAL_X_POS,-1250.0,-24.15470053837925,439.4337567297406,38.47113037109375,-337.369140625,-118.5259780883789,0.0782497152686119,-0.143365740776062,0.0263291671872138,0.0775707811117172,-0.1416704803705215,0.0278250724077224,0.1818806231021881,412.82218878794487,1.1628794050364644,0.0651362851318633,0.3879459533546693,0.4875834578098612
BH050,224,1535363,2.2400012016296387,0.9406577960276442,8857,1,1,SHELF_NORMAL_Y_NEG,1246.8452994616207,25.009422437046773,2189.4337567297407,-146.0697784423828,-381.8730773925781,-68.73986053466797,0.0010561955859884,-0.0066466545686125,-0.002868743147701,0.0012090797536075,-0.0050054513849318,-0.0020012066233903,0.0053776376880705,354.3427957255753,0.9981487203537333,-0.0075020378301746,0.3543750898064272,0.3619825278703239
BH050,224,1535363,2.2400012016296387,0.9406577960276442,7318,1,1,SHELF_NORMAL_Y_NEG,-29.717559197604437,30.49643744586834,860.5662432702593,264.3009338378906,-139.18927001953125,1.683989644050598,0.001531945541501,-0.0010996890487149,2.1944586478639397e-05,4.616225123754703e-05,-3.901638410752639e-05,6.873418101349671e-07,4.970369627699256e-05,354.9999972195652,0.9999999921677892,-27.69347718969045,0.2701971618776158,0.2701971618776158
BH050,224,1535363,2.2400012016296387,0.9406577960276442,7687,4,5,SHELF_NORMAL_Y_POS,-392.1574408023956,-20.81674579952917,689.4337567297406,43.23656463623047,277.43731689453125,-140.45115661621094,-0.000250357290497,0.0013238165993243,-0.0020379477646201,-5.608872743323445e-05,3.986072988482192e-05,-0.0002652987895999,0.0003844739112537,355.00001553135314,1.0000000437502905,19.08105070717636,0.2984083320942361,0.3571644698394131
BH050,224,1535363,2.2400012016296387,0.9406577960276442,6592,3,5,SHELF_NORMAL_Y_NEG,592.2175591976044,22.738223297176344,4589.433756729741,-95.69683837890624,136.8354949951172,55.18442916870117,-0.000639711972326,0.0003958876186516,0.0006219092756509,2.4110335289151408e-05,-0.0004077263001818,-7.457813626388088e-05,0.0004597895604092,223.85827097373195,0.6305866787992449,3.387685346339852,0.1059614683651975,0.379364011692263
BH050,224,1535363,2.2400012016296387,0.9406577960276442,7690,1,1,SHELF_NORMAL_Y_POS,-310.96755919760443,-21.386331148337096,539.4337567297406,-163.3767547607422,-282.1094055175781,-77.57598876953125,-0.0003652745799627,-0.0011907021980732,-0.0009689666330814,1.6972142475424334e-05,-5.916406735195778e-05,1.0161592399526851e-05,6.138136086519808e-05,279.71711355832383,0.787935531150208,15.793019218038754,0.228812731098023,0.3371632569319804
BH050,224,1535363,2.2400012016296387,0.9406577960276442,8803,2,1,SHELF_NORMAL_Y_NEG,1246.8452994616207,24.99568236389409,4860.566243270259,-371.9526672363281,-206.13168334960935,41.1560173034668,-0.005746123380959,-0.0015799098182469,0.0014322338392958,-0.004240630660206,-0.0011209420626983,0.0009127901284955,0.0057617402635514,330.52879057929374,0.9310670157163204,-0.0177428704531027,0.3379963020402667,0.4218543590981223
BH050,225,1542353,2.250000476837158,0.9324049185579808,5809,3,5,SIDE_NORMAL_X_POS,-1250.0,-24.15470053837925,439.4337567297406,39.6924934387207,-346.2471008300781,-168.5150604248047,0.0795823559165,-0.1456460654735565,0.0265638064593076,0.0788846015930175,-0.1439054310321808,0.0286906454712152,0.1847960352897644,469.4655859766697,1.322438270356816,0.0738660444367951,0.4947569565847929,0.4947569565847929
BH050,225,1542353,2.250000476837158,0.9324049185579808,8857,1,1,SHELF_NORMAL_Y_NEG,1246.8452994616207,25.009422437046773,2189.4337567297407,-145.19863891601562,-378.5771484375,-69.52893829345703,0.0010583070106804,-0.0066511025652289,-0.0028917039744555,0.0012117577716708,-0.0050246203318238,-0.0020142116118222,0.0053997156210243,352.0472058757846,0.9916822700726328,-0.0082825892253739,0.3495480495894615,0.3619825278703239
BH050,225,1542353,2.250000476837158,0.9324049185579808,7318,1,1,SHELF_NORMAL_Y_NEG,-29.717559197604437,30.49643744586834,860.5662432702593,269.959716796875,-132.12466430664062,1.4047163724899292,0.0015676202019676,-0.0010884989751502,1.8615246517583728e-05,6.461714656325057e-05,-5.384122414398007e-05,8.829155149214785e-07,6.925831257831305e-05,354.9780729193787,0.9999382335757148,-28.926276982026188,0.2712622309171079,0.2712622309171079
BH050,225,1542353,2.250000476837158,0.9324049185579808,7687,4,5,SHELF_NORMAL_Y_POS,-392.1574408023956,-20.81674579952917,689.4337567297406,43.72142791748047,278.7165832519531,-139.13287353515625,-0.000255980878137,0.0013457298045977,-0.0020481797400861,-6.219024362508208e-05,5.6261713325511664e-05,-0.0002921732957474,0.000407180894399,354.2350625350051,0.9978452465774792,20.04130112277401,0.2976356122700566,0.3571644698394131
BH050,225,1542353,2.250000476837158,0.9324049185579808,6592,3,5,SHELF_NORMAL_Y_NEG,592.2175591976044,22.738223297176344,4589.433756729741,-105.09487915039062,124.68148040771484,52.49091339111328,-0.0006676348857581,0.0003505754575598,0.0005879127420485,2.4110335289151408e-05,-0.0004077263001818,-7.457813626388088e-05,0.0004597895604092,218.9969823123945,0.616892907922238,3.32945879310417,0.1010096091843561,0.379364011692263
BH050,225,1542353,2.250000476837158,0.9324049185579808,7690,1,1,SHELF_NORMAL_Y_POS,-310.96755919760443,-21.386331148337096,539.4337567297406,-167.05801391601562,-284.3139038085937,-80.4831771850586,-0.0003799339465331,-0.0011960429837927,-0.0010056571336463,1.6972142475424334e-05,-5.916406735195778e-05,1.0161592399526851e-05,6.138136086519808e-05,284.0395839366017,0.8001115040467652,16.523750885469646,0.2356469430013513,0.3371632569319804
BH050,225,1542353,2.250000476837158,0.9324049185579808,8803,2,1,SHELF_NORMAL_Y_NEG,1246.8452994616207,24.99568236389409,4860.566243270259,-370.9061584472656,-202.60794067382807,41.12154769897461,-0.0057461760006845,-0.0015643315855413,0.0014317987952381,-0.004240630660206,-0.0011209420626983,0.0009127901284955,0.0057617402635514,329.4628478408964,0.928064360115201,-0.0177204793099784,0.3348141042500289,0.4218543590981223
BH050,226,1549344,2.2600011825561523,0.921853855047026,5809,3,5,SIDE_NORMAL_X_POS,-1250.0,-24.15470053837925,439.4337567297406,53.57073593139648,-345.716064453125,98.95936584472656,0.0810344517230987,-0.1479901373386383,0.0309778228402137,0.080270230770111,-0.1462323665618896,0.0297288075089454,0.1878257095813751,412.660336391105,1.1624234827918452,0.0855363484996513,0.3863983163670055,0.4947569565847929
BH050,226,1549344,2.2600011825561523,0.921853855047026,8857,1,1,SHELF_NORMAL_Y_NEG,1246.8452994616207,25.009422437046773,2189.4337567297407,-148.5643310546875,-378.4714965820313,-71.29381561279297,0.0010434336727485,-0.0066592628136277,-0.0029236190021038,0.0012133695418015,-0.0050381920300424,-0.0020238577853888,0.005415556486696,352.6089816038243,0.9932647369121812,-0.0090665222402016,0.3514886448749087,0.3619825278703239
BH050,226,1549344,2.2600011825561523,0.921853855047026,7318,1,1,SHELF_NORMAL_Y_NEG,-29.717559197604437,30.49643744586834,860.5662432702593,278.97088623046875,-114.9598617553711,0.4776234626770019,0.0015991347609087,-0.0010283376323059,6.986143489484675e-06,7.738663407508284e-05,-6.386540917446837e-05,9.550008144287858e-07,8.270164107671008e-05,350.8727177572681,0.988373852837375,-30.36586912719423,0.2677237666997157,0.2712622309171079
BH050,226,1549344,2.2600011825561523,0.921853855047026,7687,4,5,SHELF_NORMAL_Y_POS,-392.1574408023956,-20.81674579952917,689.4337567297406,44.42058181762695,280.9150695800781,-138.44046020507812,-0.0002619774313643,0.0013720033457502,-0.0020663032773882,-6.836766260676086e-05,7.287196785910055e-05,-0.0003190389543306,0.0004300397413317,354.83142002857056,0.999525126841044,21.163345252653784,0.2991344991960288,0.3571644698394131
BH050,226,1549344,2.2600011825561523,0.921853855047026,6592,3,5,SHELF_NORMAL_Y_NEG,592.2175591976044,22.738223297176344,4589.433756729741,-108.7238311767578,122.4760513305664,47.73231506347656,-0.000682039593812,0.000345154228853,0.0005278550088405,2.4110335289151408e-05,-0.0004077263001818,-7.457813626388088e-05,0.0004597895604092,216.7312664275671,0.6105106096551186,3.30603205619453,0.0988701399641445,0.379364011692263
BH050,226,1549344,2.2600011825561523,0.921853855047026,7690,1,1,SHELF_NORMAL_Y_POS,-310.96755919760443,-21.386331148337096,539.4337567297406,-171.26588439941406,-285.5748596191406,-82.86222839355469,-0.0003985264338552,-0.0011960284318774,-0.0010356829734519,1.6972142475424334e-05,-5.916406735195778e-05,1.0161592399526851e-05,6.138136086519808e-05,287.3573026629592,0.8094571905998852,17.39296815540293,0.241240234916713,0.3371632569319804
BH050,226,1549344,2.2600011825561523,0.921853855047026,8803,2,1,SHELF_NORMAL_Y_NEG,1246.8452994616207,24.99568236389409,4860.566243270259,-354.1792907714844,-194.6014404296875,41.93283462524414,-0.0056766439229249,-0.0015498289139941,0.001442035427317,-0.004240630660206,-0.0011209420626983,0.0009127901284955,0.0057617402635514,315.6960220422949,0.8892845691332251,-0.0174417423229966,0.3071488920512767,0.4218543590981223
BH050,227,1556334,2.270000457763672,0.908979263935024,5809,3,5,SIDE_NORMAL_X_POS,-1250.0,-24.15470053837925,439.4337567297406,45.28424835205078,-381.7742309570313,94.86942291259766,0.0821876600384712,-0.1500791162252426,0.0321076922118663,0.0814108252525329,-0.1481582820415496,0.0309104081243276,0.190271645784378,438.2821099155453,1.234597492719846,0.0999866219472418,0.4413714091377588,0.4947569565847929
BH050,227,1556334,2.270000457763672,0.908979263935024,8857,1,1,SHELF_NORMAL_Y_NEG,1246.8452994616207,25.009422437046773,2189.4337567297407,-157.26707458496094,-379.6020202636719,-74.53667449951172,0.0010042823851108,-0.0066652167588472,-0.0029741711914539,0.0012148219393566,-0.0050513134337961,-0.0020334874279797,0.0054309777915477,354.68137086644765,0.999102453144923,-0.009870088804983,0.3579640741826069,0.3619825278703239
BH050,227,1556334,2.270000457763672,0.908979263935024,7318,1,1,SHELF_NORMAL_Y_NEG,-29.717559197604437,30.49643744586834,860.5662432702593,285.8968200683594,-106.51145935058594,0.3096770346164703,0.0016338669229298,-0.0010075746104121,4.9816931095847394e-06,9.078691073227674e-05,-7.401539187412709e-05,1.0702862027756057e-06,9.668163693277164e-05,351.472983210604,0.9900647414383212,-31.9583986625678,0.2703240830309515,0.2712622309171079
BH050,227,1556334,2.270000457763672,0.908979263935024,7687,4,5,SHELF_NORMAL_Y_POS,-392.1574408023956,-20.81674579952917,689.4337567297406,44.87339019775391,283.0584411621094,-137.34519958496094,-0.0002687428786884,0.0013974569737911,-0.0020774859003722,-7.419607572956011e-05,8.856361091602594e-05,-0.0003440379514358,0.000451486906968,355.000030885951,1.0000000870026788,22.428427789911865,0.2999405625047754,0.3571644698394131
BH050,227,1556334,2.270000457763672,0.908979263935024,6592,3,5,SHELF_NORMAL_Y_NEG,592.2175591976044,22.738223297176344,4589.433756729741,-100.44283294677734,126.31603240966795,51.74514389038086,-0.0006474350229837,0.0003517350705806,0.0005785022513009,2.4110335289151408e-05,-0.0004077263001818,-7.457813626388088e-05,0.0004597895604092,216.2515262943297,0.6091592289981117,3.3157463032240937,0.098588768555126,0.379364011692263
BH050,227,1556334,2.270000457763672,0.908979263935024,7690,1,1,SHELF_NORMAL_Y_POS,-310.96755919760443,-21.386331148337096,539.4337567297406,-175.83172607421875,-287.9533996582031,-86.29281616210938,-0.0004172251210547,-0.0012009240454062,-0.0010789831867441,1.6972142475424334e-05,-5.916406735195778e-05,1.0161592399526851e-05,6.138136086519808e-05,292.47557734224165,0.8238748657527933,18.35759605541404,0.2495514864311101,0.3371632569319804
BH050,227,1556334,2.270000457763672,0.908979263935024,8803,2,1,SHELF_NORMAL_Y_NEG,1246.8452994616207,24.99568236389409,4860.566243270259,-345.89581298828125,-187.35919189453125,40.66935729980469,-0.0056469533592462,-0.0015267435228452,0.0014260932803153,-0.004240630660206,-0.0011209420626983,0.0009127901284955,0.0057617402635514,308.06267235506976,0.8677821756480838,-0.0174672195327505,0.2916879734365787,0.4218543590981223
BH050,228,1563325,2.280001163482666,0.8949375366149795,5809,3,5,SIDE_NORMAL_X_POS,-1250.0,-24.15470053837925,439.4337567297406,55.24343490600586,-359.41754150390625,128.02175903320312,0.0835312604904174,-0.1522121280431747,0.0342380888760089,0.0827383995056152,-0.1503851264715194,0.0326223224401474,0.1930839866399765,448.6167386053942,1.2637091228320962,0.1143555061864999,0.4540119723379455,0.4947569565847929
BH050,228,1563325,2.280001163482666,0.8949375366149795,8857,1,1,SHELF_NORMAL_Y_NEG,1246.8452994616207,25.009422437046773,2189.4337567297407,-158.31011962890625,-373.5705871582031,-78.4075698852539,0.0009916415438055,-0.0066480166278779,-0.0030336454510688,0.0012160238111391,-0.0050649172626435,-0.0020441128872334,0.0054472438059747,352.0231729158185,0.991614571593855,-0.0107718959159932,0.3522819356386147,0.3619825278703239
BH050,228,1563325,2.280001163482666,0.8949375366149795,7318,1,1,SHELF_NORMAL_Y_NEG,-29.717559197604437,30.49643744586834,860.5662432702593,294.8973999023437,-93.7920379638672,0.5750477910041809,0.0016638240776956,-0.0009624489466659,8.364329005416948e-06,9.556736767990516e-05,-7.752213423373178e-05,1.1035476745746564e-06,0.0001016328678815,351.3138810544646,0.9896165663506046,-33.60426826419345,0.2727652311998346,0.2727652311998346
BH050,228,1563325,2.280001163482666,0.8949375366149795,7687,4,5,SHELF_NORMAL_Y_POS,-392.1574408023956,-20.81674579952917,689.4337567297406,43.71072769165039,282.50946044921875,-136.36404418945312,-0.0002740489144343,0.0013977262424305,-0.0020670779049396,-7.465860107913613e-05,8.981178689282387e-05,-0.0003460121515672,0.0004531873273663,353.7781600180271,0.9965581972338792,23.79603639285311,0.2977547770120836,0.3571644698394131
BH050,228,1563325,2.280001163482666,0.8949375366149795,6592,3,5,SHELF_NORMAL_Y_NEG,592.2175591976044,22.738223297176344,4589.433756729741,-106.06021881103516,112.68699645996094,51.22293472290039,-0.0006548553355969,0.0002937547978945,0.0005719125038012,2.4110335289151408e-05,-0.0004077263001818,-7.457813626388088e-05,0.0004597895604092,209.2130584165177,0.5893325589197682,3.199360847859809,0.092086947878997,0.379364011692263
BH050,228,1563325,2.280001163482666,0.8949375366149795,7690,1,1,SHELF_NORMAL_Y_POS,-310.96755919760443,-21.386331148337096,539.4337567297406,-180.9323883056641,-289.61041259765625,-89.24667358398438,-0.0004395747091621,-0.0012015274260193,-0.0011162637965753,1.6972142475424334e-05,-5.916406735195778e-05,1.0161592399526851e-05,6.138136086519808e-05,296.82608179018285,0.8361298078596701,19.416073491848245,0.2569845996340018,0.3371632569319804
BH050,228,1563325,2.280001163482666,0.8949375366149795,8803,2,1,SHELF_NORMAL_Y_NEG,1246.8452994616207,24.99568236389409,4860.566243270259,-340.5943298339844,-181.7258453369141,40.53519058227539,-0.0056294212117791,-0.0015071248635649,0.0014243992045521,-0.004240630660206,-0.0011209420626983,0.0009127901284955,0.0057617402635514,303.4193350778104,0.8547023523318602,-0.0172767678090617,0.2819803736900771,0.4218543590981223
BH050,229,1570315,2.290000438690185,0.8802132312727491,5809,3,5,SIDE_NORMAL_X_POS,-1250.0,-24.15470053837925,439.4337567297406,39.07304382324219,-357.961669921875,-131.8258819580078,0.0846498385071754,-0.154202789068222,0.0325060971081256,0.0839376449584961,-0.1524068117141723,0.034170065075159,0.1956145465373993,442.4749725857821,1.2464083734810762,0.1334244924097327,0.4453199911485767,0.4947569565847929
BH050,229,1570315,2.290000438690185,0.8802132312727491,8857,1,1,SHELF_NORMAL_Y_NEG,1246.8452994616207,25.009422437046773,2189.4337567297407,-161.57598876953125,-370.9189147949219,-82.6072998046875,0.0009723098482936,-0.0066354563459753,-0.0030908568296581,0.0012164060026407,-0.0050699920393526,-0.002048316411674,0.00545339519158,352.45985449586703,0.992844660551738,-0.0115794409120407,0.3531369036501634,0.3619825278703239
BH050,229,1570315,2.290000438690185,0.8802132312727491,7318,1,1,SHELF_NORMAL_Y_NEG,-29.717559197604437,30.49643744586834,860.5662432702593,305.41864013671875,-79.93368530273438,1.020881414413452,0.0016947227995842,-0.0009105002973228,1.399134907842381e-05,9.556736767990516e-05,-7.752213423373178e-05,1.1035476745746564e-06,0.0001016328678815,352.25885915318514,0.9922784764878456,-35.30050757430647,0.277530887249291,0.277530887249291
BH050,229,1570315,2.290000438690185,0.8802132312727491,7687,4,5,SHELF_NORMAL_Y_POS,-392.1574408023956,-20.81674579952917,689.4337567297406,42.626346588134766,282.4827575683594,-136.12619018554688,-0.0002844907576218,0.0014130984200164,-0.002085770945996,-7.986723358044401e-05,0.0001037192341755,-0.0003677108616102,0.0004720140714198,353.7842913144822,0.9965754684914993,25.149673988779572,0.2975333187354385,0.3571644698394131
BH050,229,1570315,2.290000438690185,0.8802132312727491,6592,3,5,SHELF_NORMAL_Y_NEG,592.2175591976044,22.738223297176344,4589.433756729741,-103.5694580078125,115.96591186523438,47.41177749633789,-0.0006475386908277,0.0003060422022826,0.000523813359905,2.4110335289151408e-05,-0.0004077263001818,-7.457813626388088e-05,0.0004597895604092,207.1928616582101,0.5836418638259439,3.180308440976168,0.090352739972633,0.379364011692263
BH050,229,1570315,2.290000438690185,0.8802132312727491,7690,1,1,SHELF_NORMAL_Y_POS,-310.96755919760443,-21.386331148337096,539.4337567297406,-186.47967529296875,-296.50634765625,-94.87540435791016,-0.0004564632836263,-0.0012269197031855,-0.0011873043840751,1.6972142475424334e-05,-5.916406735195778e-05,1.0161592399526851e-05,6.138136086519808e-05,307.2495779017594,0.8654917687373503,20.462775682779306,0.2740685265321934,0.3371632569319804
BH050,229,1570315,2.290000438690185,0.8802132312727491,8803,2,1,SHELF_NORMAL_Y_NEG,1246.8452994616207,24.99568236389409,4860.566243270259,-331.2380676269531,-175.0845184326172,39.5741081237793,-0.0055936728604137,-0.0014885107520967,0.0014122681459411,-0.004240630660206,-0.0011209420626983,0.0009127901284955,0.0057617402635514,295.087984479852,0.8312337590981748,-0.0169802228813039,0.2661643268789049,0.4218543590981223
BH050,230,1577306,2.30000114440918,0.8635946207624227,5809,3,5,SIDE_NORMAL_X_POS,-1250.0,-24.15470053837925,439.4337567297406,33.53809356689453,-397.8049011230469,-26.10557556152344,0.0857500582933425,-0.1562120914459228,0.0352919213473796,0.0850066989660263,-0.1542305946350097,0.0356216952204704,0.1978760510683059,418.042658468066,1.1775849534311718,0.1537341795394815,0.4112299903230961,0.4947569565847929
BH050,230,1577306,2.30000114440918,0.8635946207624227,8857,1,1,SHELF_NORMAL_Y_NEG,1246.8452994616207,25.009422437046773,2189.4337567297407,-168.6293182373047,-365.9388732910156,-86.67687225341797,0.0009313364280387,-0.0066098854877054,-0.0031502149067819,0.0012169257970526,-0.0050788768567144,-0.0020563104189932,0.0054643847979605,350.9668414337611,0.9886389899542566,-0.0123614222318774,0.3516388363303083,0.3619825278703239
BH050,230,1577306,2.30000114440918,0.8635946207624227,7318,1,1,SHELF_NORMAL_Y_NEG,-29.717559197604437,30.49643744586834,860.5662432702593,315.9296264648437,-64.45189666748047,0.7923638224601746,0.0017231982201337,-0.0008506519370712,1.1107132195320446e-05,9.556736767990516e-05,-7.752213423373178e-05,1.1035476745746564e-06,0.0001016328678815,352.6042016519947,0.99325127225914,-37.01580148451143,0.2820530445791575,0.2820530445791575
BH050,230,1577306,2.30000114440918,0.8635946207624227,7687,4,5,SHELF_NORMAL_Y_POS,-392.1574408023956,-20.81674579952917,689.4337567297406,41.8834114074707,283.081787109375,-136.55369567871094,-0.0002926793240476,0.0014268377562984,-0.0021063976455479,-8.357103070011362e-05,0.0001134664416895,-0.000382938014809,0.0004852096026297,354.9279121219448,0.999796935554774,26.50838888412634,0.2992091111710482,0.3571644698394131
BH050,230,1577306,2.30000114440918,0.8635946207624227,6592,3,5,SHELF_NORMAL_Y_NEG,592.2175591976044,22.738223297176344,4589.433756729741,-102.98313903808594,109.61492156982422,49.7751579284668,-0.0006354440702125,0.0002743584336712,0.0005536435055546,2.4110335289151408e-05,-0.0004077263001818,-7.457813626388088e-05,0.0004597895604092,203.3276806191965,0.5727540299132297,3.0897183440021645,0.0869795672366161,0.379364011692263
BH050,230,1577306,2.30000114440918,0.8635946207624227,7690,1,1,SHELF_NORMAL_Y_POS,-310.96755919760443,-21.386331148337096,539.4337567297406,-191.5106506347656,-303.5916442871094,-101.68792724609376,-0.0004705638275481,-0.0012539881281554,-0.001273279893212,1.6972142475424334e-05,-5.916406735195778e-05,1.0161592399526851e-05,6.138136086519808e-05,318.9427630557244,0.8984303184668292,21.4969884442395,0.293304995742992,0.3371632569319804
BH050,230,1577306,2.30000114440918,0.8635946207624227,8803,2,1,SHELF_NORMAL_Y_NEG,1246.8452994616207,24.99568236389409,4860.566243270259,-319.324951171875,-167.96742248535156,35.71137237548828,-0.0055462084710597,-0.0014713143464177,0.0013635122450068,-0.004240630660206,-0.0011209420626983,0.0009127901284955,0.0057617402635514,283.49814254156007,0.798586317018479,-0.0169300365619852,0.245939073332099,0.4218543590981223
BH050,231,1584296,2.310000419616699,0.8486771703715174,5809,3,5,SIDE_NORMAL_X_POS,-1250.0,-24.15470053837925,439.4337567297406,43.50676727294922,-391.4767150878906,136.42320251464844,0.0869920849800109,-0.1582473665475845,0.0389161258935928,0.0862094089388847,-0.1562820523977279,0.0371946059167385,0.2004027515649795,477.50666397833015,1.3450891943051553,0.1743897959503516,0.5194584030704393,0.5194584030704393
BH050,231,1584296,2.310000419616699,0.8486771703715174,8857,1,1,SHELF_NORMAL_Y_NEG,1246.8452994616207,25.009422437046773,2189.4337567297407,-161.78140258789062,-360.1420593261719,-88.87254333496094,0.0009562738705426,-0.0066062342375516,-0.0031923055648803,0.0012170628178864,-0.0050933957099914,-0.0020706781651824,0.0054830238223075,348.2904312593086,0.9810998063642496,-0.0131692912131383,0.3433778950688083,0.3619825278703239
BH050,231,1584296,2.310000419616699,0.8486771703715174,7318,1,1,SHELF_NORMAL_Y_NEG,-29.717559197604437,30.49643744586834,860.5662432702593,329.6661376953125,-45.8532600402832,0.3276112675666809,0.0017627960769459,-0.0007803717744536,5.241387043497525e-06,9.556736767990516e-05,-7.752213423373178e-05,1.1035476745746564e-06,0.0001016328678815,354.8223117631041,0.999499469755223,-38.76376623873414,0.2909544587751027,0.2909544587751027
BH050,231,1584296,2.310000419616699,0.8486771703715174,7687,4,5,SHELF_NORMAL_Y_POS,-392.1574408023956,-20.81674579952917,689.4337567297406,41.71043014526367,281.9837341308594,-136.58619689941406,-0.0002938597754109,0.0014268570812419,-0.0021147693041712,-8.550706115784124e-05,0.0001185561268357,-0.0003909000079147,0.0004921035724692,354.20374222057114,0.997757020339637,27.8967200946152,0.2978639207702923,0.3571644698394131
BH050,231,1584296,2.310000419616699,0.8486771703715174,6592,3,5,SHELF_NORMAL_Y_NEG,592.2175591976044,22.738223297176344,4589.433756729741,-98.75578308105467,108.23709106445312,51.88276672363281,-0.0006129155517555,0.0002615143021102,0.0005802430096082,2.4110335289151408e-05,-0.0004077263001818,-7.457813626388088e-05,0.0004597895604092,200.58034726570108,0.5650150627202847,3.073223537378976,0.0846600654011217,0.379364011692263
BH050,231,1584296,2.310000419616699,0.8486771703715174,7690,1,1,SHELF_NORMAL_Y_POS,-310.96755919760443,-21.386331148337096,539.4337567297406,-196.30746459960935,-309.0453186035156,-106.96976470947266,-0.0004859036125708,-0.0012734766351059,-0.0013399467570707,1.6972142475424334e-05,-5.916406735195778e-05,1.0161592399526851e-05,6.138136086519808e-05,328.1848844063976,0.924464463116613,22.569208648672785,0.3092043521357839,0.3371632569319804
BH050,231,1584296,2.310000419616699,0.8486771703715174,8803,2,1,SHELF_NORMAL_Y_NEG,1246.8452994616207,24.99568236389409,4860.566243270259,-308.1705627441406,-157.3199920654297,37.012001037597656,-0.0055075688287615,-0.0014358718181028,0.0013799278531223,-0.004240630660206,-0.0011209420626983,0.0009127901284955,0.0057617402635514,274.49398868139417,0.7732225033278709,-0.0169080590285983,0.2286472290325851,0.4218543590981223
BH050,232,1591287,2.3200011253356934,0.8352970979953322,5809,3,5,SIDE_NORMAL_X_POS,-1250.0,-24.15470053837925,439.4337567297406,48.40532302856445,-364.595947265625,49.4062728881836,0.0882076099514961,-0.1602125763893127,0.0393249168992042,0.0874402374029159,-0.1583699285984039,0.0387015901505947,0.2029544562101364,400.3056383120541,1.1276215163719834,0.1993961699043109,0.3703247051671818,0.5194584030704393
BH050,232,1591287,2.3200011253356934,0.8352970979953322,8857,1,1,SHELF_NORMAL_Y_NEG,1246.8452994616207,25.009422437046773,2189.4337567297407,-168.34207153320312,-359.1015930175781,-92.40774536132812,0.0009229157003574,-0.0065916352905333,-0.003236926626414,0.0012170628178864,-0.0050933957099914,-0.0020706781651824,0.0054830238223075,349.940959741343,0.9857491823699804,-0.013890425688272,0.3476774615793914,0.3619825278703239
BH050,232,1591287,2.3200011253356934,0.8352970979953322,7318,1,1,SHELF_NORMAL_Y_NEG,-29.717559197604437,30.49643744586834,860.5662432702593,338.0245666503906,-30.64951705932617,0.7700285315513611,0.0017814674647524,-0.0007188860327005,1.0826386642293072e-05,9.58167147473432e-05,-7.767054194118828e-05,1.1046543022530386e-06,0.0001018837283481,354.3473847920921,0.998161647301668,-40.43297585056735,0.294748604442242,0.294748604442242
BH050,232,1591287,2.3200011253356934,0.8352970979953322,7687,4,5,SHELF_NORMAL_Y_POS,-392.1574408023956,-20.81674579952917,689.4337567297406,40.50777816772461,281.8622436523437,-136.73538208007812,-0.0003039192815776,0.0014394889585673,-0.0021345019340515,-8.989311754703522e-05,0.0001300054427701,-0.0004087697307113,0.0005075927474536,354.62555659011286,0.9989452298313038,29.264942694398485,0.2982188553033466,0.3571644698394131
BH050,232,1591287,2.3200011253356934,0.8352970979953322,6592,3,5,SHELF_NORMAL_Y_NEG,592.2175591976044,22.738223297176344,4589.433756729741,-101.50627899169922,105.15879821777344,46.0263671875,-0.0006217851187102,0.0002505745214875,0.0005063273129053,2.4110335289151408e-05,-0.0004077263001818,-7.457813626388088e-05,0.0004597895604092,195.93737585541945,0.551936270015266,3.00889929911666,0.0807624928437954,0.379364011692263
BH050,232,1591287,2.3200011253356934,0.8352970979953322,7690,1,1,SHELF_NORMAL_Y_POS,-310.96755919760443,-21.386331148337096,539.4337567297406,-199.4416961669922,-310.9787292480469,-111.1501693725586,-0.0004983040271326,-0.0012782979756593,-0.0013927111867815,1.6972142475424334e-05,-5.916406735195778e-05,1.0161592399526851e-05,6.138136086519808e-05,333.9546607494137,0.9407173542237004,23.63300780334657,0.318907198719707,0.3371632569319804
BH050,232,1591287,2.3200011253356934,0.8352970979953322,8803,2,1,SHELF_NORMAL_Y_NEG,1246.8452994616207,24.99568236389409,4860.566243270259,-296.34912109375,-149.08509826660156,36.1888542175293,-0.0054621682502329,-0.0014131132047623,0.001369537319988,-0.004240630660206,-0.0011209420626983,0.0009127901284955,0.0057617402635514,264.190896450749,0.744199708311969,-0.0167030692437235,0.2110564147300185,0.4218543590981223
BH050,233,1598277,2.330000400543213,0.820917491985915,5809,3,5,SIDE_NORMAL_X_POS,-1250.0,-24.15470053837925,439.4337567297406,54.40167236328125,-374.1632080078125,71.63772583007812,0.0893923342227935,-0.1621723771095276,0.0409291088581085,0.0885819271206855,-0.1602740883827209,0.040025170892477,0.2052831202745437,422.7394513425154,1.1908153558944097,0.2265893297011488,0.4101000583591613,0.5194584030704393
BH050,233,1598277,2.330000400543213,0.820917491985915,8857,1,1,SHELF_NORMAL_Y_NEG,1246.8452994616207,25.009422437046773,2189.4337567297407,-169.7092742919922,-355.55426025390625,-95.37506866455078,0.00091109162895,-0.0065778321586549,-0.0032802650239318,0.0012170408153906,-0.005098795518279,-0.0020765701774507,0.0054901386611163,349.52600111379974,0.9845802848276048,-0.0146752301543618,0.3463254763421967,0.3619825278703239
BH050,233,1598277,2.330000400543213,0.820917491985915,7318,1,1,SHELF_NORMAL_Y_NEG,-29.717559197604437,30.49643744586834,860.5662432702593,346.70263671875,-14.549310684204102,1.292952299118042,0.0018084427574649,-0.0006579275941476,1.747026362863835e-05,0.0001041019349941,-8.222329779528081e-05,1.1485569757496703e-06,0.0001101832967833,354.2085548130032,0.9977705769380372,-42.03773614792168,0.2996721066371818,0.2996721066371818
BH050,233,1598277,2.330000400543213,0.820917491985915,7687,4,5,SHELF_NORMAL_Y_POS,-392.1574408023956,-20.81674579952917,689.4337567297406,39.358489990234375,281.0807189941406,-137.043212890625,-0.0003083610499743,0.0014373703161254,-0.0021383911371231,-8.989311754703522e-05,0.0001300054427701,-0.0004087697307113,0.0005075927474536,354.7323995038389,0.9992461957854616,30.58068032440228,0.2979775673297035,0.3571644698394131
BH050,233,1598277,2.330000400543213,0.820917491985915,6592,3,5,SHELF_NORMAL_Y_NEG,592.2175591976044,22.738223297176344,4589.433756729741,-102.95819854736328,99.4305191040039,45.83771514892578,-0.0006204939563758,0.0002248827222501,0.0005039473762735,2.4110335289151408e-05,-0.0004077263001818,-7.457813626388088e-05,0.0004597895604092,192.42477567924973,0.5420416216316893,2.9371360316539152,0.0778930700462677,0.379364011692263
BH050,233,1598277,2.330000400543213,0.820917491985915,7690,1,1,SHELF_NORMAL_Y_POS,-310.96755919760443,-21.386331148337096,539.4337567297406,-203.43019104003903,-314.5213623046875,-115.41416931152344,-0.0005125084426254,-0.0012896955013275,-0.0014465323183685,1.6972142475424334e-05,-5.916406735195778e-05,1.0161592399526851e-05,6.138136086519808e-05,341.0068629608125,0.960582712565669,24.649045051123885,0.331429982275793,0.3371632569319804
BH050,233,1598277,2.330000400543213,0.820917491985915,8803,2,1,SHELF_NORMAL_Y_NEG,1246.8452994616207,24.99568236389409,4860.566243270259,-292.2826232910156,-144.08346557617188,36.85809326171875,-0.0054497136734426,-0.001394749386236,0.0013779863948002,-0.004240630660206,-0.0011209420626983,0.0009127901284955,0.0057617402635514,261.058692166191,0.7353765976512423,-0.0165109750870095,0.2050071594297436,0.4218543590981223
BH050,234,1605268,2.340001106262207,0.8089892047655041,5809,3,5,SIDE_NORMAL_X_POS,-1250.0,-24.15470053837925,439.4337567297406,62.672882080078125,-378.40032958984375,145.28347778320312,0.0906145125627517,-0.1641417145729065,0.0430087447166442,0.0897580608725547,-0.162210464477539,0.0411753766238689,0.2076480239629745,483.8925558093658,1.3630776219982137,0.2498098309792901,0.5260081511165013,0.5260081511165013
BH050,234,1605268,2.340001106262207,0.8089892047655041,8857,1,1,SHELF_NORMAL_Y_NEG,1246.8452994616207,25.009422437046773,2189.4337567297407,-163.39450073242188,-350.14404296875,-93.89331817626952,0.0009338225936517,-0.0065629677847027,-0.0032639834098517,0.0012169935507699,-0.0051009864546358,-0.0020789874251931,0.005493052303791,344.2889312848138,0.9698279754501798,-0.0151591502631578,0.3347437759945432,0.3619825278703239
BH050,234,1605268,2.340001106262207,0.8089892047655041,7318,1,1,SHELF_NORMAL_Y_NEG,-29.717559197604437,30.49643744586834,860.5662432702593,354.736328125,-0.2039427012205124,0.7638922929763794,0.0018323520198464,-0.0006029309006407,1.0819348972290754e-05,0.0001098944267141,-8.51587756187655e-05,1.175118313767598e-06,0.0001159761086455,354.84081017199486,0.9995515779492812,-43.49139735829439,0.305590402380906,0.305590402380906
BH050,234,1605268,2.340001106262207,0.8089892047655041,7687,4,5,SHELF_NORMAL_Y_POS,-392.1574408023956,-20.81674579952917,689.4337567297406,39.08701705932617,279.504638671875,-136.3164825439453,-0.0003095582069363,0.0014357644831761,-0.0021380020771175,-9.206144022755323e-05,0.0001356393331661,-0.0004175659269094,0.0005152153316885,352.8061586781392,0.993820165290533,31.77195281552274,0.2947307230444345,0.3571644698394131
BH050,234,1605268,2.340001106262207,0.8089892047655041,6592,3,5,SHELF_NORMAL_Y_NEG,592.2175591976044,22.738223297176344,4589.433756729741,-92.30363464355467,105.6373519897461,50.5740966796875,-0.0005778105696663,0.0002394979528617,0.000563723500818,2.4110335289151408e-05,-0.0004077263001818,-7.457813626388088e-05,0.0004597895604092,192.621754772117,0.5425964923158226,2.9503063345316924,0.078105858426887,0.379364011692263
BH050,234,1605268,2.340001106262207,0.8089892047655041,7690,1,1,SHELF_NORMAL_Y_POS,-310.96755919760443,-21.386331148337096,539.4337567297406,-205.68923950195312,-318.1670837402344,-119.4440689086914,-0.0005181572632864,-0.0013041098136454,-0.0014973962679505,1.6972142475424334e-05,-5.916406735195778e-05,1.0161592399526851e-05,6.138136086519808e-05,347.7002555736288,0.9794373396440248,25.569595985899497,0.3431182841664686,0.3431182841664686
BH050,234,1605268,2.340001106262207,0.8089892047655041,8803,2,1,SHELF_NORMAL_Y_NEG,1246.8452994616207,24.99568236389409,4860.566243270259,-274.8214111328125,-135.53204345703125,35.35202407836914,-0.0053774216212332,-0.0013786673080176,0.0013589741429314,-0.004240630660206,-0.0011209420626983,0.0009127901284955,0.0057617402635514,245.75990764037724,0.6922814299728937,-0.0165174845300713,0.1815722358887329,0.4218543590981223
BH050,235,1612258,2.3500003814697266,0.800167033330016,5809,3,5,SIDE_NORMAL_X_POS,-1250.0,-24.15470053837925,439.4337567297406,55.468021392822266,-358.02264404296875,-143.93063354492188,0.0917885899543762,-0.1660379022359848,0.0403207279741764,0.0909968465566635,-0.164216086268425,0.0421376787126064,0.2101108878850937,461.804942093056,1.3008589918114253,0.2727478020599151,0.4794461050504792,0.5260081511165013
BH050,235,1612258,2.3500003814697266,0.800167033330016,8857,1,1,SHELF_NORMAL_Y_NEG,1246.8452994616207,25.009422437046773,2189.4337567297407,-171.79571533203125,-349.88250732421875,-98.68968963623048,0.0008925443398766,-0.0065557677298784,-0.0033318391069769,0.0012168758548796,-0.0051073064096271,-0.0020863015670329,0.0055015441030263,347.9111749160753,0.9800314786368318,-0.0157370987539264,0.3427384352599699,0.3619825278703239
BH050,235,1612258,2.3500003814697266,0.800167033330016,7318,1,1,SHELF_NORMAL_Y_NEG,-29.717559197604437,30.49643744586834,860.5662432702593,360.9739074707031,12.837950706481934,0.2300683557987213,0.0018582368502393,-0.0005558592383749,4.118311608181102e-06,0.000124477490317,-9.230418800143524e-05,1.211650101140549e-06,0.0001305605401284,354.7294298714441,0.9992378306237862,-44.82410664337509,0.3099725028452191,0.3099725028452191
BH050,235,1612258,2.3500003814697266,0.800167033330016,7687,4,5,SHELF_NORMAL_Y_POS,-392.1574408023956,-20.81674579952917,689.4337567297406,38.597652435302734,279.6762390136719,-136.83612060546875,-0.0003121867775917,0.0014373188605532,-0.0021445739548653,-9.206144022755323e-05,0.0001356393331661,-0.0004175659269094,0.0005152153316885,353.675137494212,0.9962679929414422,32.86321887288773,0.2959608818512812,0.3571644698394131
BH050,235,1612258,2.3500003814697266,0.800167033330016,6592,3,5,SHELF_NORMAL_Y_NEG,592.2175591976044,22.738223297176344,4589.433756729741,-102.53375244140624,94.42501831054688,44.24454116821289,-0.0006111440598033,0.0001999680389417,0.0004838353197555,2.4110335289151408e-05,-0.0004077263001818,-7.457813626388088e-05,0.0004597895604092,187.03941882381,0.5268716023205916,2.8372890167160203,0.0736116339036844,0.379364011692263
BH050,235,1612258,2.3500003814697266,0.800167033330016,7690,1,1,SHELF_NORMAL_Y_POS,-310.96755919760443,-21.386331148337096,539.4337567297406,-207.8731231689453,-319.9022521972656,-123.264892578125,-0.0005262307240627,-0.0013093460584059,-0.0015456181718036,1.6972142475424334e-05,-5.916406735195778e-05,1.0161592399526851e-05,6.138136086519808e-05,353.0330115594848,0.9944591874915064,26.41157747783084,0.3523102058059514,0.3523102058059514
BH050,235,1612258,2.3500003814697266,0.800167033330016,8803,2,1,SHELF_NORMAL_Y_NEG,1246.8452994616207,24.99568236389409,4860.566243270259,-266.5966491699219,-131.44371032714844,32.60478973388672,-0.0053434413857758,-0.0013708004262298,0.0013243030989542,-0.004240630660206,-0.0011209420626983,0.0009127901284955,0.0057617402635514,237.6930511106519,0.6695578904525405,-0.0164534734118701,0.1701445241999136,0.4218543590981223
BH050,236,1619249,2.3600010871887207,0.7910859322689288,5809,3,5,SIDE_NORMAL_X_POS,-1250.0,-24.15470053837925,439.4337567297406,71.52845001220703,-363.23138427734375,56.45159530639648,0.0931112691760063,-0.1680617928504943,0.043678231537342,0.0922339931130409,-0.1661917269229889,0.0429660566151142,0.2125332355499267,415.4456443823216,1.170269420795272,0.2936384465620092,0.3916194704980069,0.5260081511165013
BH050,236,1619249,2.3600010871887207,0.7910859322689288,8857,1,1,SHELF_NORMAL_Y_NEG,1246.8452994616207,25.009422437046773,2189.4337567297407,-187.74786376953125,-351.34619140625,-102.75062561035156,0.0008172451052814,-0.0065396497957408,-0.0033830979373306,0.0012168758548796,-0.0051073064096271,-0.0020863015670329,0.0055015441030263,352.7066527237208,0.9935398668273824,-0.0162591779728407,0.3557852799828771,0.3619825278703239
BH050,236,1619249,2.3600010871887207,0.7910859322689288,7318,1,1,SHELF_NORMAL_Y_NEG,-29.717559197604437,30.49643744586834,860.5662432702593,365.8295593261719,22.872039794921875,-0.1804793775081634,0.0018795286305248,-0.0005200029700063,-1.077740535038174e-06,0.000136804752401,-9.807835158426316e-05,1.1972598485954222e-06,0.0001428960385965,354.94679342193217,0.999850122315302,-46.01373823827152,0.3139722792846808,0.3139722792846808
BH050,236,1619249,2.3600010871887207,0.7910859322689288,7687,4,5,SHELF_NORMAL_Y_POS,-392.1574408023956,-20.81674579952917,689.4337567297406,37.86237335205078,276.7538757324219,-136.83718872070312,-0.0003114982100669,0.0014241901226341,-0.0021445888560265,-9.206144022755323e-05,0.0001356393331661,-0.0004175659269094,0.0005152153316885,351.73989982672543,0.9908166192302124,33.862471749384085,0.2923360995420109,0.3571644698394131
BH050,236,1619249,2.3600010871887207,0.7910859322689288,6592,3,5,SHELF_NORMAL_Y_NEG,592.2175591976044,22.738223297176344,4589.433756729741,-96.1213607788086,100.44844818115234,45.35945892333984,-0.0005887904553674,0.0002198703441536,0.0004979080404154,2.4110335289151408e-05,-0.0004077263001818,-7.457813626388088e-05,0.0004597895604092,187.5017061488188,0.5281738201375178,2.8579063514043184,0.0739609482355417,0.379364011692263
BH050,236,1619249,2.3600010871887207,0.7910859322689288,7690,1,1,SHELF_NORMAL_Y_POS,-310.96755919760443,-21.386331148337096,539.4337567297406,-208.4355926513672,-320.01080322265625,-124.9168930053711,-0.0005302350618876,-0.0013154497137293,-0.0015774929197505,1.554366281197872e-05,-6.556347943842411e-05,-8.637701398583886e-07,7.187086885096505e-05,354.9131717940712,0.9997554135044258,27.187603226606377,0.3553389779109036,0.3553389779109036
BH050,236,1619249,2.3600010871887207,0.7910859322689288,8803,2,1,SHELF_NORMAL_Y_NEG,1246.8452994616207,24.99568236389409,4860.566243270259,-257.2793884277344,-125.00617218017578,32.25528717041016,-0.005307603161782,-0.0013531104195863,0.0013198920059949,-0.004240630660206,-0.0011209420626983,0.0009127901284955,0.0057617402635514,229.7366446956557,0.6471454780159317,-0.0162740626422401,0.1583448423039845,0.4218543590981223
BH050,237,1626239,2.37000036239624,0.7822230189841085,5809,3,5,SIDE_NORMAL_X_POS,-1250.0,-24.15470053837925,439.4337567297406,59.70684814453125,-375.5893249511719,-156.03688049316406,0.0942638367414474,-0.169973537325859,0.0416829474270343,0.0934257358312606,-0.1680604815483093,0.0436526574194431,0.2148403525352478,490.0000283105212,1.380281769888792,0.3151426272631468,0.5385553506579153,0.5385553506579153
BH050,237,1626239,2.37000036239624,0.7822230189841085,8857,1,1,SHELF_NORMAL_Y_NEG,1246.8452994616207,25.009422437046773,2189.4337567297407,-189.79498291015625,-347.64276123046875,-104.12355041503906,0.0008010528981685,-0.0065320595167577,-0.0034170355647802,0.0012160140322521,-0.0051206690259277,-0.0021029117051512,0.0055201579816639,351.3145517913176,0.9896184557501904,-0.0165793203679497,0.3531475782878758,0.3619825278703239
BH050,237,1626239,2.37000036239624,0.7822230189841085,7318,1,1,SHELF_NORMAL_Y_NEG,-29.717559197604437,30.49643744586834,860.5662432702593,370.2724609375,32.827850341796875,-0.5498006939888,0.0018994003767147,-0.0004838219028897,-5.783655524282949e-06,0.0001495896867709,-0.0001037455149344,1.1526415164553327e-06,0.0001557086070533,355.00002957160456,1.0000000833002944,-47.16329497685078,0.3177465465992857,0.3177465465992857
BH050,237,1626239,2.37000036239624,0.7822230189841085,7687,4,5,SHELF_NORMAL_Y_POS,-392.1574408023956,-20.81674579952917,689.4337567297406,37.381927490234375,273.5108947753906,-136.73741149902344,-0.0003091077669523,0.001409143791534,-0.0021433155052363,-9.206144022755323e-05,0.0001356393331661,-0.0004175659269094,0.0005152153316885,349.38891330120504,0.9841941219752256,34.83975224347986,0.2881114977987684,0.3571644698394131
BH050,237,1626239,2.37000036239624,0.7822230189841085,6592,3,5,SHELF_NORMAL_Y_NEG,592.2175591976044,22.738223297176344,4589.433756729741,-93.59105682373048,96.9098663330078,48.62374496459961,-0.000571354641579,0.0001990078162634,0.0005391067243181,2.4110335289151408e-05,-0.0004077263001818,-7.457813626388088e-05,0.0004597895604092,185.23906348274417,0.5218001788246315,2.8514618057006595,0.0721842862134682,0.379364011692263
BH050,237,1626239,2.37000036239624,0.7822230189841085,7690,1,1,SHELF_NORMAL_Y_POS,-310.96755919760443,-21.386331148337096,539.4337567297406,-208.8614654541016,-319.0260009765625,-125.4432373046875,-0.0005371656152419,-0.0013251514174044,-0.00161048094742,1.2113760931242725e-05,-8.065226575126871e-05,-2.721126111282501e-05,9.676361514721066e-05,354.93165585116026,0.999807481270874,27.941639436193437,0.3551793841229113,0.3553389779109036
BH050,237,1626239,2.37000036239624,0.7822230189841085,8803,2,1,SHELF_NORMAL_Y_NEG,1246.8452994616207,24.99568236389409,4860.566243270259,-263.8543395996094,-124.45296478271484,31.153533935546875,-0.0053403321653604,-0.0013408465310931,0.0013059875927865,-0.004240630660206,-0.0011209420626983,0.0009127901284955,0.0057617402635514,234.90812281574424,0.661713022016181,-0.0163647195449946,0.164903048292611,0.4218543590981223
BH050,238,1633230,2.3800010681152344,0.7757550233833245,5809,3,5,SIDE_NORMAL_X_POS,-1250.0,-24.15470053837925,439.4337567297406,71.46975708007812,-353.3922424316406,-24.05873107910156,0.0956821516156196,-0.1720508784055709,0.0437331274151802,0.0948190987110138,-0.1702285856008529,0.0440370589494705,0.2175529599189758,396.2162648503111,1.1161021545079184,0.3326721384873874,0.3570253182622387,0.5385553506579153
BH050,238,1633230,2.3800010681152344,0.7757550233833245,8857,1,1,SHELF_NORMAL_Y_NEG,1246.8452994616207,25.009422437046773,2189.4337567297407,-181.31643676757807,-342.99981689453125,-102.24486541748048,0.0008347036200575,-0.0065302653238177,-0.003404340473935,0.0012152648996561,-0.0051290774717926,-0.0021139341406524,0.0055321548134088,345.96973499605576,0.9745626337917064,-0.0168883978737856,0.3407940587990413,0.3619825278703239
BH050,238,1633230,2.3800010681152344,0.7757550233833245,7318,1,1,SHELF_NORMAL_Y_NEG,-29.717559197604437,30.49643744586834,860.5662432702593,375.047607421875,44.35641479492188,-2.0828945636749268,0.0019365579355508,-0.0004476947069633,-2.5500849005766213e-05,0.0001803403138183,-0.0001166104557341,7.851375585232745e-07,0.0001865968806669,354.9724601613124,0.9999224229896124,-48.343123006321896,0.3220487816118909,0.3220487816118909
BH050,238,1633230,2.3800010681152344,0.7757550233833245,7687,4,5,SHELF_NORMAL_Y_POS,-392.1574408023956,-20.81674579952917,689.4337567297406,37.05216217041016,267.2220153808594,-136.51373291015625,-0.0003015502297785,0.0013791003730148,-0.0021404994186013,-9.206144022755323e-05,0.0001356393331661,-0.0004175659269094,0.0005152153316885,344.65535335391445,0.9708601502927168,35.77335768876203,0.2798839551999491,0.3571644698394131
BH050,238,1633230,2.3800010681152344,0.7757550233833245,6592,3,5,SHELF_NORMAL_Y_NEG,592.2175591976044,22.738223297176344,4589.433756729741,-102.01349639892578,88.59905242919922,43.953372955322266,-0.0006001360015943,0.0001709298521745,0.0004801589238923,2.4110335289151408e-05,-0.0004077263001818,-7.457813626388088e-05,0.0004597895604092,181.9080581977306,0.5124170653457201,2.7872213978343803,0.0696663322747937,0.379364011692263
BH050,238,1633230,2.3800010681152344,0.7757550233833245,7690,1,1,SHELF_NORMAL_Y_POS,-310.96755919760443,-21.386331148337096,539.4337567297406,-209.4187774658203,-316.0718688964844,-126.95181274414062,-0.0005487277521751,-0.0013293748488649,-0.0016638739034533,7.550308055215282e-06,-0.000100018492958,-6.156619929242879e-05,0.0001289989595534,354.8472270772683,0.999569653738784,28.659120314027263,0.3542370571656257,0.3553389779109036
BH050,238,1633230,2.3800010681152344,0.7757550233833245,8803,2,1,SHELF_NORMAL_Y_NEG,1246.8452994616207,24.99568236389409,4860.566243270259,-247.453125,-119.80748748779295,31.203689575195312,-0.0052674738690257,-0.0013421797193586,0.0013066250830888,-0.004240630660206,-0.0011209420626983,0.0009127901284955,0.0057617402635514,221.04559864983963,0.6226636581685624,-0.0160605468844102,0.1464576238815981,0.4218543590981223
BH050,239,1640220,2.390000343322754,0.7680291224314505,5809,3,5,SIDE_NORMAL_X_POS,-1250.0,-24.15470053837925,439.4337567297406,76.09307098388672,-376.9969177246094,74.24404907226562,0.0969791933894157,-0.174097791314125,0.0451192073523998,0.096059650182724,-0.1721550971269607,0.0441822186112403,0.2199695110321045,439.4772134191657,1.2379639814624384,0.3508085339394099,0.4363427974400761,0.5385553506579153
BH050,239,1640220,2.390000343322754,0.7680291224314505,8857,1,1,SHELF_NORMAL_Y_NEG,1246.8452994616207,25.009422437046773,2189.4337567297407,-172.51995849609375,-330.7693176269531,-96.76311492919922,0.0008568271878175,-0.0065231202170252,-0.0033905475866049,0.0012125022476539,-0.0051685059443116,-0.0021693331655114,0.0055891787633299,331.9585363362647,0.9350944685528584,-0.0172733326791016,0.3138153875594489,0.3619825278703239
BH050,239,1640220,2.390000343322754,0.7680291224314505,7318,1,1,SHELF_NORMAL_Y_NEG,-29.717559197604437,30.49643744586834,860.5662432702593,378.4993286132813,54.00675201416016,-2.398735284805298,0.0019665414001792,-0.0004166898143012,-2.9988317692186683e-05,0.000207603094168,-0.0001274102251045,2.838564796547871e-07,0.0002140574506483,354.61840538638114,0.9989250855954398,-49.42332381406016,0.3251373174508803,0.3251373174508803
BH050,239,1640220,2.390000343322754,0.7680291224314505,7687,4,5,SHELF_NORMAL_Y_POS,-392.1574408023956,-20.81674579952917,689.4337567297406,34.059600830078125,258.2680053710937,-135.8045654296875,-0.0003030379011761,0.0013399966992437,-0.0021315580233931,-9.206144022755323e-05,0.0001356393331661,-0.0004175659269094,0.0005152153316885,338.2226394131334,0.95273982933277,36.65625781647472,0.2683378882746369,0.3571644698394131
BH050,239,1640220,2.390000343322754,0.7680291224314505,6592,3,5,SHELF_NORMAL_Y_NEG,592.2175591976044,22.738223297176344,4589.433756729741,-95.62908935546876,93.13682556152344,45.43831634521485,-0.0005757538601756,0.0001836589217418,0.000498900655657,2.4110335289151408e-05,-0.0004077263001818,-7.457813626388088e-05,0.0004597895604092,181.43842646309784,0.5110941590509799,2.829264450392289,0.0692511235850634,0.379364011692263
BH050,239,1640220,2.390000343322754,0.7680291224314505,7690,1,1,SHELF_NORMAL_Y_POS,-310.96755919760443,-21.386331148337096,539.4337567297406,-209.26361083984372,-314.1026916503906,-127.99793243408205,-0.0005549591733142,-0.0013369404477998,-0.0017077347729355,3.4315617085667327e-06,-0.0001169222814496,-9.222719381796196e-05,0.0001574559719301,354.7843125289993,0.999392429659153,29.32850339407173,0.3534196330765828,0.3553389779109036
BH050,239,1640220,2.390000343322754,0.7680291224314505,8803,2,1,SHELF_NORMAL_Y_NEG,1246.8452994616207,24.99568236389409,4860.566243270259,-239.21112060546875,-112.72743225097656,26.377731323242188,-0.0052377781830728,-0.001319813192822,0.0012457178672775,-0.004240630660206,-0.0011209420626983,0.0009127901284955,0.0057617402635514,212.25252163584045,0.5978944271432125,-0.0160232151737517,0.13487674892724,0.4218543590981223
BH050,240,1647211,2.400001049041748,0.7603297638965457,5809,3,5,SIDE_NORMAL_X_POS,-1250.0,-24.15470053837925,439.4337567297406,82.5406265258789,-359.9313049316406,103.1716537475586,0.0983682125806808,-0.1761503666639328,0.0454007536172866,0.09744194149971,-0.1742818802595138,0.044098611921072,0.2226778417825698,444.978229943254,1.2534598026570536,0.3715688328667288,0.441907935119389,0.5385553506579153
BH050,240,1647211,2.400001049041748,0.7603297638965457,8857,1,1,SHELF_NORMAL_Y_NEG,1246.8452994616207,25.009422437046773,2189.4337567297407,-171.39002990722656,-323.81622314453125,-118.05681610107422,0.0008472870104014,-0.0065433387644588,-0.003739712992683,0.0012075974373146,-0.0052208267152309,-0.0022497409954667,0.0056677968241274,347.19569703233805,0.978016047978417,-0.0175909814090745,0.332970301042054,0.3619825278703239
BH050,240,1647211,2.400001049041748,0.7603297638965457,7318,1,1,SHELF_NORMAL_Y_NEG,-29.717559197604437,30.49643744586834,860.5662432702593,382.1579895019531,62.79977035522461,-2.6028010845184326,0.0019876684527844,-0.0003853624511975,-3.291340181021951e-05,0.0002237596490886,-0.0001334272092208,-6.56222667316797e-08,0.0002303896471858,354.97806951579923,0.9999382239881668,-50.51203451076263,0.329213897250655,0.329213897250655
BH050,240,1647211,2.400001049041748,0.7603297638965457,7687,4,5,SHELF_NORMAL_Y_POS,-392.1574408023956,-20.81674579952917,689.4337567297406,31.066822052001957,250.90359497070312,-135.4764404296875,-0.000306840869598,0.0013086049584671,-0.0021274206228554,-9.206144022755323e-05,0.0001356393331661,-0.0004175659269094,0.0005152153316885,333.44352115308374,0.9392775243748838,37.55463569140813,0.2596598655460426,0.3571644698394131
BH050,240,1647211,2.400001049041748,0.7603297638965457,6592,3,5,SHELF_NORMAL_Y_NEG,592.2175591976044,22.738223297176344,4589.433756729741,-96.45358276367188,88.5238265991211,46.04474639892578,-0.0005730369011871,0.0001624670549063,0.0005065535660833,2.4110335289151408e-05,-0.0004077263001818,-7.457813626388088e-05,0.0004597895604092,178.9931779480972,0.5042061350650626,2.779524769972318,0.0674153757188122,0.379364011692263
BH050,240,1647211,2.400001049041748,0.7603297638965457,7690,1,1,SHELF_NORMAL_Y_POS,-310.96755919760443,-21.386331148337096,539.4337567297406,-208.9029235839844,-311.2040710449219,-129.7731170654297,-0.000561089022085,-0.0013378128642216,-0.0017570205964148,-2.3252252390193467e-07,-0.0001313399261562,-0.0001191038318211,0.0001820787292672,354.96499937737497,0.9999014066968308,30.00803371519083,0.3525884501812726,0.3553389779109036
BH050,240,1647211,2.400001049041748,0.7603297638965457,8803,2,1,SHELF_NORMAL_Y_NEG,1246.8452994616207,24.99568236389409,4860.566243270259,-238.1640625,-114.33444213867188,30.66304397583008,-0.0052303508855402,-0.0013291399227455,0.0012998081510886,-0.004240630660206,-0.0011209420626983,0.0009127901284955,0.0057617402635514,213.03707869720472,0.6001044470343795,-0.015922694043654,0.1357054525429835,0.4218543590981223
BH050,241,1654201,2.410000324249268,0.7552935689934864,5809,3,5,SIDE_NORMAL_X_POS,-1250.0,-24.15470053837925,439.4337567297406,75.63314056396484,-355.0948791503906,-31.7571964263916,0.0996888503432273,-0.1781952083110809,0.0436427816748619,0.0988032892346382,-0.17636039853096,0.0440436452627182,0.2253110855817794,402.1134723350088,1.1327140065774894,0.3928646273549612,0.3658294873627046,0.5385553506579153
BH050,241,1654201,2.410000324249268,0.7552935689934864,8857,1,1,SHELF_NORMAL_Y_NEG,1246.8452994616207,25.009422437046773,2189.4337567297407,-184.83946228027344,-320.1927185058594,-101.75390625,0.0007689676131121,-0.0065688374452292,-0.00363535201177,0.0011998455738648,-0.0052835261449217,-0.002351147821173,0.0057647475041449,329.4940457685882,0.9281522416016568,-0.0180523042520213,0.310944717427396,0.3619825278703239
BH050,241,1654201,2.410000324249268,0.7552935689934864,7318,1,1,SHELF_NORMAL_Y_NEG,-29.717559197604437,30.49643744586834,860.5662432702593,384.775390625,70.09072875976562,-3.1293179988861084,0.0020162598229944,-0.0003632481966633,-4.017130049760453e-05,0.0002502270217519,-0.0001428746036253,-6.784123911529605e-07,0.0002572174998931,355.00000259771986,1.0000000073175208,-51.53824982357555,0.3321433156320544,0.3321433156320544
BH050,241,1654201,2.410000324249268,0.7552935689934864,7687,4,5,SHELF_NORMAL_Y_POS,-392.1574408023956,-20.81674579952917,689.4337567297406,28.392135620117188,245.4209442138672,-135.8653106689453,-0.0003118415770586,0.0012858886038884,-0.0021323452237993,-9.206144022755323e-05,0.0001356393331661,-0.0004175659269094,0.0005152153316885,330.8287720577927,0.9319120339656132,38.407479296399664,0.2545412221179248,0.3571644698394131
BH050,241,1654201,2.410000324249268,0.7552935689934864,6592,3,5,SHELF_NORMAL_Y_NEG,592.2175591976044,22.738223297176344,4589.433756729741,-100.71279907226562,83.11322021484375,43.566593170166016,-0.0005858351360075,0.0001424057118128,0.0004752757668029,2.4110335289151408e-05,-0.0004077263001818,-7.457813626388088e-05,0.0004597895604092,176.39610097891182,0.4968904252927093,2.694239325360703,0.0655540841387782,0.379364011692263
BH050,241,1654201,2.410000324249268,0.7552935689934864,7690,1,1,SHELF_NORMAL_Y_POS,-310.96755919760443,-21.386331148337096,539.4337567297406,-209.53448486328125,-309.18817138671875,-130.63914489746094,-0.0005700442125089,-0.00133828795515,-0.0017892011674121,-3.192506483173929e-06,-0.0001425108494004,-0.0001403549977112,0.0002013840712606,354.8467274664753,0.9995682463844374,30.658748014738983,0.3519480017582419,0.3553389779109036
BH050,241,1654201,2.410000324249268,0.7552935689934864,8803,2,1,SHELF_NORMAL_Y_NEG,1246.8452994616207,24.99568236389409,4860.566243270259,-240.2519073486328,-114.85400390625,19.928667068481445,-0.0052397456020116,-0.0013286239700391,0.0011643269099295,-0.004240630660206,-0.0011209420626983,0.0009127901284955,0.0057617402635514,210.9738917644271,0.5942926528575411,-0.0156920575228275,0.1344666203154422,0.4218543590981223
BH050,242,1661192,2.4200010299682617,0.7508831929699871,5809,3,5,SIDE_NORMAL_X_POS,-1250.0,-24.15470053837925,439.4337567297406,79.85869598388672,-337.4744873046875,-96.71044158935548,0.1011004894971847,-0.1802459210157394,0.0427524521946907,0.1002201214432716,-0.1784905642271042,0.0439731702208519,0.2280506640672683,418.6590998975372,1.1793214081620766,0.4106290050859646,0.3905695162729719,0.5385553506579153
BH050,242,1661192,2.4200010299682617,0.7508831929699871,8857,1,1,SHELF_NORMAL_Y_NEG,1246.8452994616207,25.009422437046773,2189.4337567297407,-178.7069854736328,-322.42645263671875,-103.77978515625,0.0008019902743399,-0.0065886066295206,-0.0036609196104109,0.0011998455738648,-0.0052835261449217,-0.002351147821173,0.0057647475041449,332.544547467762,0.9367452041345408,-0.0185203679444233,0.3139224460459935,0.3619825278703239
BH050,242,1661192,2.4200010299682617,0.7508831929699871,7318,1,1,SHELF_NORMAL_Y_NEG,-29.717559197604437,30.49643744586834,860.5662432702593,386.89593505859375,76.42841339111328,-2.682680130004883,0.0020394513849169,-0.0003431382938288,-3.509470843710005e-05,0.0002723329525906,-0.0001504219544585,-1.2393238648655824e-06,0.0002796931366901,354.9387479444682,0.999827458998502,-52.43677230840329,0.3345707969206427,0.3345707969206427
BH050,242,1661192,2.4200010299682617,0.7508831929699871,7687,4,5,SHELF_NORMAL_Y_POS,-392.1574408023956,-20.81674579952917,689.4337567297406,26.21564483642578,240.8616943359375,-135.88385009765625,-0.0003157642204314,0.0012669205898419,-0.0021325757261365,-9.206144022755323e-05,0.0001356393331661,-0.0004175659269094,0.0005152153316885,328.2994568244737,0.924787202322461,39.11977324956778,0.2498529033364663,0.3571644698394131
BH050,242,1661192,2.4200010299682617,0.7508831929699871,6592,3,5,SHELF_NORMAL_Y_NEG,592.2175591976044,22.738223297176344,4589.433756729741,-94.90213012695312,81.18641662597656,47.44138717651367,-0.0005548241315409,0.0001245898893103,0.0005241787876002,2.4110335289151408e-05,-0.0004077263001818,-7.457813626388088e-05,0.0004597895604092,173.36224523833,0.4883443527840281,2.660251962987921,0.0632825636327695,0.379364011692263
BH050,242,1661192,2.4200010299682617,0.7508831929699871,7690,1,1,SHELF_NORMAL_Y_POS,-310.96755919760443,-21.386331148337096,539.4337567297406,-210.2455139160156,-306.4791259765625,-132.03567504882812,-0.0005803282256238,-0.0013345927000045,-0.001827239524573,-6.085028871893883e-06,-0.0001530020090285,-0.0001607736921869,0.0002197513531427,354.96060047911334,0.999889015434122,31.189226259326844,0.35144641195067,0.3553389779109036
BH050,242,1661192,2.4200010299682617,0.7508831929699871,8803,2,1,SHELF_NORMAL_Y_NEG,1246.8452994616207,24.99568236389409,4860.566243270259,-215.1468505859375,-111.04027557373048,39.81477355957031,-0.0051234369166195,-0.0013466795207932,0.0014153205556795,-0.004240630660206,-0.0011209420626983,0.0009127901284955,0.0057617402635514,198.70529212744836,0.5597332172604178,-0.0156465764817496,0.11751752641291,0.4218543590981223
BH050,243,1668182,2.430000305175781,0.748521385414416,5809,3,5,SIDE_NORMAL_X_POS,-1250.0,-24.15470053837925,439.4337567297406,88.81108093261719,-335.0457458496094,7.095278739929199,0.1025801450014114,-0.1823834776878357,0.0439598746597766,0.1016596853733062,-0.1806265413761139,0.0438706129789352,0.2308020442724228,387.3627030320699,1.0911625437523096,0.428195862344169,0.3357739377874365,0.5385553506579153
BH050,243,1668182,2.430000305175781,0.748521385414416,8857,1,1,SHELF_NORMAL_Y_NEG,1246.8452994616207,25.009422437046773,2189.4337567297407,-171.7180633544922,-314.8448486328125,-89.65118408203125,0.0008206231286749,-0.0065931938588619,-0.0035347361117601,0.0011955950176343,-0.0053147221915423,-0.0024032879155129,0.0058137876912951,314.10480536025227,0.884802268620429,-0.0188847349292015,0.2841882666800138,0.3619825278703239
BH050,243,1668182,2.430000305175781,0.748521385414416,7318,1,1,SHELF_NORMAL_Y_NEG,-29.717559197604437,30.49643744586834,860.5662432702593,388.4505615234375,81.16956329345703,-2.715723991394043,0.0020645353943109,-0.0003304578713141,-3.605856909416616e-05,0.0002967224572785,-0.0001584669807925,-1.786150050975266e-06,0.0003045503690373,354.9283023140887,0.9997980346875738,-53.21710830839328,0.3364733737610169,0.3364733737610169
BH050,243,1668182,2.430000305175781,0.748521385414416,7687,4,5,SHELF_NORMAL_Y_POS,-392.1574408023956,-20.81674579952917,689.4337567297406,24.295726776123047,236.5477752685547,-136.19219970703125,-0.0003188008849974,0.0012487726053223,-0.0021364702843129,-9.206144022755323e-05,0.0001356393331661,-0.0004175659269094,0.0005152153316885,326.2560006954321,0.9190309878744566,39.746729871369794,0.2459733935785713,0.3571644698394131
BH050,243,1668182,2.430000305175781,0.748521385414416,6592,3,5,SHELF_NORMAL_Y_NEG,592.2175591976044,22.738223297176344,4589.433756729741,-106.20830535888672,66.37651824951172,44.18925094604492,-0.0005881439428776,6.916371057741344e-05,0.0004831339465454,2.4110335289151408e-05,-0.0004077263001818,-7.457813626388088e-05,0.0004597895604092,169.09717182305488,0.476330061473394,2.569534922728883,0.0606633307634392,0.379364011692263
BH050,243,1668182,2.430000305175781,0.748521385414416,7690,1,1,SHELF_NORMAL_Y_POS,-310.96755919760443,-21.386331148337096,539.4337567297406,-210.4149627685547,-304.3396301269531,-132.98672485351562,-0.0005863955011591,-0.0013314379611983,-0.0018540325108915,-8.218119546654634e-06,-0.0001604699646122,-0.0001755635021254,0.0002329643029952,354.8462512727708,0.9995669049937204,31.65872813323676,0.3506201307129212,0.3553389779109036
BH050,243,1668182,2.430000305175781,0.748521385414416,8803,2,1,SHELF_NORMAL_Y_NEG,1246.8452994616207,24.99568236389409,4860.566243270259,-232.22140502929688,-117.40122985839844,37.70947265625,-0.0051970463246107,-0.0013526981929317,0.0013887512031942,-0.004240630660206,-0.0011209420626983,0.0009127901284955,0.0057617402635514,211.4539291670834,0.5956448708931927,-0.0154746622611146,0.1336423385509474,0.4218543590981223
BH050,244,1675173,2.4400010108947754,0.743277106223956,5809,3,5,SIDE_NORMAL_X_POS,-1250.0,-24.15470053837925,439.4337567297406,101.3188247680664,-332.09722900390625,155.53953552246094,0.1040658950805664,-0.1844943463802337,0.0457126274704933,0.1030890196561813,-0.1827336251735687,0.0437497720122337,0.2335300147533416,476.21362438247286,1.3414468292464024,0.4467455480070146,0.4947284838969218,0.5385553506579153
BH050,244,1675173,2.4400010108947754,0.743277106223956,8857,1,1,SHELF_NORMAL_Y_NEG,1246.8452994616207,25.009422437046773,2189.4337567297407,-181.65106201171875,-314.7352600097656,-90.69334411621094,0.0007638850365765,-0.0066343559883534,-0.0036461064592003,0.0011872360482811,-0.0053708767518401,-0.0025015112478286,0.0059040221385657,315.5301031455415,0.8888171919592718,-0.018851662791932,0.2892010635188609,0.3619825278703239
BH050,244,1675173,2.4400010108947754,0.743277106223956,7318,1,1,SHELF_NORMAL_Y_NEG,-29.717559197604437,30.49643744586834,860.5662432702593,390.6737060546875,88.05027770996094,-2.708781242370605,0.0020819334313273,-0.0003055674023926,-3.637234840425663e-05,0.0003133238933514,-0.0001637277309782,-2.1876774098927854e-06,0.0003215207543689,354.96743538339933,0.999908268685632,-54.06191823532309,0.3393331377881521,0.3393331377881521
BH050,244,1675173,2.4400010108947754,0.743277106223956,7687,4,5,SHELF_NORMAL_Y_POS,-392.1574408023956,-20.81674579952917,689.4337567297406,22.29876518249512,230.46987915039065,-135.55442810058594,-0.0003196423349436,0.0012221736833453,-0.0021284131798893,-9.206144022755323e-05,0.0001356393331661,-0.0004175659269094,0.0005152153316885,321.86863056296414,0.906672198768913,40.43971125924162,0.2386470039493995,0.3571644698394131
BH050,244,1675173,2.4400010108947754,0.743277106223956,6592,3,5,SHELF_NORMAL_Y_NEG,592.2175591976044,22.738223297176344,4589.433756729741,-103.98158264160156,56.56578063964844,49.5091438293457,-0.0005630473024211,1.829598295444157e-05,0.0005502804997377,2.4110335289151408e-05,-0.0004077263001818,-7.457813626388088e-05,0.0004597895604092,165.06702405519363,0.4649775325498412,2.4996390900880003,0.0580445345516846,0.379364011692263
BH050,244,1675173,2.4400010108947754,0.743277106223956,7690,1,1,SHELF_NORMAL_Y_POS,-310.96755919760443,-21.386331148337096,539.4337567297406,-210.5162811279297,-301.83380126953125,-134.34019470214844,-0.0005931254127062,-0.0013278760015964,-0.0018887517508119,-1.08108561107656e-05,-0.0001692178921075,-0.0001932067680172,0.0002486168523319,354.9953275532138,0.9999868381780672,32.17551396188453,0.3500422655180726,0.3553389779109036
BH050,244,1675173,2.4400010108947754,0.743277106223956,8803,2,1,SHELF_NORMAL_Y_NEG,1246.8452994616207,24.99568236389409,4860.566243270259,-218.72378540039065,-115.43304443359376,48.25654983520508,-0.0051343790255486,-0.0013627948937937,0.0015218640910461,-0.004240630660206,-0.0011209420626983,0.0009127901284955,0.0057617402635514,207.13042609493647,0.583465988999821,-0.0153984962612449,0.1264084091011932,0.4218543590981223
BH050,245,1682163,2.450000286102295,0.7389044356560812,5809,3,5,SIDE_NORMAL_X_POS,-1250.0,-24.15470053837925,439.4337567297406,84.8998794555664,-350.72564697265625,-29.888731002807617,0.1053200736641883,-0.1864775866270065,0.0434291511774063,0.1043960601091384,-0.1846511363983154,0.0438064411282539,0.2359972447156906,403.327463543938,1.136133700123769,0.4667957488857527,0.3652475443529164,0.5385553506579153
BH050,245,1682163,2.450000286102295,0.7389044356560812,8857,1,1,SHELF_NORMAL_Y_NEG,1246.8452994616207,25.009422437046773,2189.4337567297407,-179.195068359375,-311.49468994140625,-102.49620819091795,0.0007652198546566,-0.0066624549217522,-0.0038660741411149,0.0011813717428594,-0.0054111210629343,-0.0025725127197802,0.0059688496403396,323.7868437860459,0.9120756162987208,-0.0188746720082403,0.2984873437006298,0.3619825278703239
BH050,245,1682163,2.450000286102295,0.7389044356560812,7318,1,1,SHELF_NORMAL_Y_NEG,-29.717559197604437,30.49643744586834,860.5662432702593,392.91693115234375,95.41299438476562,-3.001831293106079,0.0021079536527395,-0.0002809405559673,-4.068972702953033e-05,0.0003391497593838,-0.0001715556281851,-2.806554221024271e-06,0.0003480078885331,355.0000088891011,1.0000000250397214,-54.93941568823379,0.3423953482967497,0.3423953482967497
BH050,245,1682163,2.450000286102295,0.7389044356560812,7687,4,5,SHELF_NORMAL_Y_POS,-392.1574408023956,-20.81674579952917,689.4337567297406,19.226316452026367,222.69346618652344,-134.6662139892578,-0.0003232329036109,0.0011889031156897,-0.0021171879488974,-9.206144022755323e-05,0.0001356393331661,-0.0004175659269094,0.0005152153316885,316.36280382558044,0.8911628276776914,41.17588499467989,0.2295161879829919,0.3571644698394131
BH050,245,1682163,2.450000286102295,0.7389044356560812,6592,3,5,SHELF_NORMAL_Y_NEG,592.2175591976044,22.738223297176344,4589.433756729741,-105.38973999023438,54.46231842041016,46.86136245727539,-0.0005668164230883,1.0134441254194826e-05,0.0005168635980226,2.4110335289151408e-05,-0.0004077263001818,-7.457813626388088e-05,0.0004597895604092,162.4834541563668,0.457699870863005,2.5066325100547027,0.0563758774678637,0.379364011692263
BH050,245,1682163,2.450000286102295,0.7389044356560812,7690,1,1,SHELF_NORMAL_Y_POS,-310.96755919760443,-21.386331148337096,539.4337567297406,-210.7821502685547,-300.17608642578125,-135.0585174560547,-0.0005996855907142,-0.0013287160545587,-0.0019169580191373,-1.3665469850820957e-05,-0.0001784855558071,-0.00021235292661,0.0002654349664226,354.9442860365416,0.9998430592578637,32.73432716379025,0.3495064132088251,0.3553389779109036
BH050,245,1682163,2.450000286102295,0.7389044356560812,8803,2,1,SHELF_NORMAL_Y_NEG,1246.8452994616207,24.99568236389409,4860.566243270259,-219.26348876953125,-114.99879455566406,28.79496955871582,-0.0051376326009631,-0.0013598977820947,0.0012762325350195,-0.004240630660206,-0.0011209420626983,0.0009127901284955,0.0057617402635514,196.4016654046977,0.5532441279005569,-0.0151853329630367,0.1173238136183461,0.4218543590981223
BH050,246,1689154,2.460000991821289,0.7360564985082421,5809,3,5,SIDE_NORMAL_X_POS,-1250.0,-24.15470053837925,439.4337567297406,92.16008758544922,-333.4747009277344,-49.162105560302734,0.1068107262253761,-0.188570350408554,0.0432063974440097,0.1058762818574905,-0.186817318201065,0.0438269898295402,0.2387873977422714,397.09275165507376,1.118571131422743,0.4873820898006038,0.3506797730382803,0.5385553506579153
BH050,246,1689154,2.460000991821289,0.7360564985082421,8857,1,1,SHELF_NORMAL_Y_NEG,1246.8452994616207,25.009422437046773,2189.4337567297407,-187.3924865722656,-317.4544982910156,-116.91073608398438,0.0007341092568822,-0.0066794566810131,-0.0040480084717273,0.0011813717428594,-0.0054111210629343,-0.0025725127197802,0.0059688496403396,342.65007709867785,0.965211484785008,-0.0188939172732739,0.3294944008133181,0.3619825278703239
BH050,246,1689154,2.460000991821289,0.7360564985082421,7318,1,1,SHELF_NORMAL_Y_NEG,-29.717559197604437,30.49643744586834,860.5662432702593,394.1959838867188,100.19239807128906,-2.834714889526367,0.0021332874894142,-0.0002670919639058,-3.924112024833448e-05,0.0003652093291748,-0.0001790234091458,-3.467111582722282e-06,0.0003748489543795,354.9051369500405,0.9997327801409592,-55.74711712035285,0.3441871906166029,0.3441871906166029
BH050,246,1689154,2.460000991821289,0.7360564985082421,7687,4,5,SHELF_NORMAL_Y_POS,-392.1574408023956,-20.81674579952917,689.4337567297406,16.763334274291992,215.7306671142578,-133.1839141845703,-0.0003250483423471,0.0011586865875869,-0.0020984879229217,-9.206144022755323e-05,0.0001356393331661,-0.0004175659269094,0.0005152153316885,310.5128496794795,0.8746840836041675,41.86769142770299,0.2203542588189685,0.3571644698394131
BH050,246,1689154,2.460000991821289,0.7360564985082421,6592,3,5,SHELF_NORMAL_Y_NEG,592.2175591976044,22.738223297176344,4589.433756729741,-110.53352355957033,46.07571792602539,45.88786697387695,-0.0005795697798021,-2.308668445039075e-05,0.0005045766592957,2.4110335289151408e-05,-0.0004077263001818,-7.457813626388088e-05,0.0004597895604092,160.4700348103342,0.4520282670713639,2.446305094344528,0.0555130203377788,0.379364011692263
BH050,246,1689154,2.460000991821289,0.7360564985082421,7690,1,1,SHELF_NORMAL_Y_POS,-310.96755919760443,-21.386331148337096,539.4337567297406,-211.0269012451172,-299.08966064453125,-135.50927734375,-0.0006047879578545,-0.0013304344611242,-0.0019380284938961,-1.5994372006389312e-05,-0.0001858357427408,-0.0002277442836202,0.000278890656773,354.90746204043705,0.999739329691372,33.24165359445003,0.3491721246392779,0.3553389779109036
BH050,246,1689154,2.460000991821289,0.7360564985082421,8803,2,1,SHELF_NORMAL_Y_NEG,1246.8452994616207,24.99568236389409,4860.566243270259,-213.32928466796875,-113.8616714477539,22.519441604614254,-0.0051104701124131,-0.0013630212051793,0.0011970247142016,-0.004240630660206,-0.0011209420626983,0.0009127901284955,0.0057617402635514,188.9582248840356,0.5322766898141849,-0.0149305974622731,0.1097732383417353,0.4218543590981223
BH050,247,1696144,2.4700002670288086,0.733773955204119,5809,3,5,SIDE_NORMAL_X_POS,-1250.0,-24.15470053837925,439.4337567297406,98.50835418701172,-355.61407470703125,107.4399185180664,0.108203038573265,-0.1906158924102783,0.0451951324939727,0.1072054281830787,-0.1887460947036743,0.0438391789793968,0.2412773370742797,453.6807594256171,1.277973970213006,0.5030984035784531,0.4545226625280354,0.5385553506579153
BH050,247,1696144,2.4700002670288086,0.733773955204119,8857,1,1,SHELF_NORMAL_Y_NEG,1246.8452994616207,25.009422437046773,2189.4337567297407,-190.7773284912109,-320.50225830078125,-108.47615051269533,0.0007221145206131,-0.0066893333569169,-0.0039415429346263,0.0011813717428594,-0.0054111210629343,-0.0025725127197802,0.0059688496403396,336.5625465174041,0.9480635113166312,-0.0192002279058388,0.3229158779800182,0.3619825278703239
BH050,247,1696144,2.4700002670288086,0.733773955204119,7318,1,1,SHELF_NORMAL_Y_NEG,-29.717559197604437,30.49643744586834,860.5662432702593,395.34368896484375,104.06151580810548,-2.943519115447998,0.0021559093147516,-0.0002562534064054,-4.119229924981482e-05,0.0003878802526742,-0.0001852792047429,-4.045099103677785e-06,0.0003982689231634,354.98078941276657,0.9999458856697648,-56.4404952587305,0.3459166036298153,0.3459166036298153
BH050,247,1696144,2.4700002670288086,0.733773955204119,7687,4,5,SHELF_NORMAL_Y_POS,-392.1574408023956,-20.81674579952917,689.4337567297406,15.540616989135742,209.4021759033203,-131.670654296875,-0.0003217668563593,0.0011297448072582,-0.0020793846342712,-9.206144022755323e-05,0.0001356393331661,-0.0004175659269094,0.0005152153316885,304.7097416328275,0.858337300374162,42.43768315584202,0.2117243008923428,0.3571644698394131
BH050,247,1696144,2.4700002670288086,0.733773955204119,6592,3,5,SHELF_NORMAL_Y_NEG,592.2175591976044,22.738223297176344,4589.433756729741,-102.23699188232422,51.58015441894531,49.81755065917969,-0.000547309522517,-8.447871550743002e-06,0.0005541736027225,2.4110335289151408e-05,-0.0004077263001818,-7.457813626388088e-05,0.0004597895604092,160.72236847647318,0.4527390661309103,2.5172048803956564,0.0551690191366688,0.379364011692263
BH050,247,1696144,2.4700002670288086,0.733773955204119,7690,1,1,SHELF_NORMAL_Y_POS,-310.96755919760443,-21.386331148337096,539.4337567297406,-210.4883575439453,-298.0741882324219,-136.00352478027344,-0.0006058347062207,-0.0013331619556993,-0.0019587737042456,-1.8176644516643137e-05,-0.0001927135308505,-0.0002422367542749,0.0002915178192779,354.8285505742923,0.999517043871246,33.65285391650992,0.3485424378572635,0.3553389779109036
BH050,247,1696144,2.4700002670288086,0.733773955204119,8803,2,1,SHELF_NORMAL_Y_NEG,1246.8452994616207,24.99568236389409,4860.566243270259,-216.96975708007807,-118.36366271972656,28.002647399902344,-0.0051215798594057,-0.0013795712729915,0.0012662346707656,-0.004240630660206,-0.0011209420626983,0.0009127901284955,0.0057617402635514,194.3114555980159,0.5473562129521574,-0.0148186478406908,0.115833929368814,0.4218543590981223
BH050,248,1703135,2.4800009727478027,0.731339319044616,5809,3,5,SIDE_NORMAL_X_POS,-1250.0,-24.15470053837925,439.4337567297406,94.2322998046875,-321.5035095214844,-124.8970718383789,0.109661228954792,-0.1926418393850326,0.0422358214855194,0.1087340787053108,-0.1909440457820892,0.0438123233616352,0.2441301345825195,435.1299618734648,1.2257182024604645,0.5211736977524144,0.4151149241522851,0.5385553506579153
BH050,248,1703135,2.4800009727478027,0.731339319044616,8857,1,1,SHELF_NORMAL_Y_NEG,1246.8452994616207,25.009422437046773,2189.4337567297407,-195.84608459472656,-322.7167358398437,-109.92433166503906,0.0007007342646829,-0.0066927089355885,-0.0039598266594111,0.0011813717428594,-0.0054111210629343,-0.0025725127197802,0.0059688496403396,339.925061404423,0.9575353842378111,-0.0195419260558947,0.3301309986334282,0.3619825278703239
BH050,248,1703135,2.4800009727478027,0.731339319044616,7318,1,1,SHELF_NORMAL_Y_NEG,-29.717559197604437,30.49643744586834,860.5662432702593,396.1755676269531,107.48986053466795,-2.936424493789673,0.0021725760307163,-0.0002455646172165,-4.156565773882903e-05,0.0004054718592669,-0.0001900042407214,-4.508141046244418e-06,0.0004164793062955,354.8945783711833,0.999703037665305,-57.15002140831472,0.3471797417739091,0.3471797417739091
BH050,248,1703135,2.4800009727478027,0.731339319044616,7687,4,5,SHELF_NORMAL_Y_POS,-392.1574408023956,-20.81674579952917,689.4337567297406,13.757770538330078,203.1859893798828,-130.07208251953125,-0.0003213709278497,0.0011021709069609,-0.0020592117216438,-9.206144022755323e-05,0.0001356393331661,-0.0004175659269094,0.0005152153316885,299.05630952193343,0.842412139498404,43.024579026914594,0.2034007246725492,0.3571644698394131
BH050,248,1703135,2.4800009727478027,0.731339319044616,6592,3,5,SHELF_NORMAL_Y_NEG,592.2175591976044,22.738223297176344,4589.433756729741,-108.86127471923828,48.99094772338867,44.58567428588867,-0.0005756933242082,-1.1371440450602677e-05,0.0004881413769908,2.4110335289151408e-05,-0.0004077263001818,-7.457813626388088e-05,0.0004597895604092,159.8366483813615,0.4502440799474971,2.486871949704818,0.0549011715221049,0.379364011692263
BH050,248,1703135,2.4800009727478027,0.731339319044616,7690,1,1,SHELF_NORMAL_Y_POS,-310.96755919760443,-21.386331148337096,539.4337567297406,-210.18679809570312,-297.13232421875,-136.5308837890625,-0.0006078277365304,-0.0013355608098208,-0.0019792856182903,-2.026514084718656e-05,-0.0001992303732549,-0.0002560986904427,0.0003035446279682,354.873023820851,0.9996423206221156,34.077039811460835,0.3482029813688375,0.3553389779109036
BH050,248,1703135,2.4800009727478027,0.731339319044616,8803,2,1,SHELF_NORMAL_Y_NEG,1246.8452994616207,24.99568236389409,4860.566243270259,-209.3680419921875,-116.99303436279295,23.59211540222168,-0.0050866650417447,-0.001383991795592,0.0012105649802833,-0.004240630660206,-0.0011209420626983,0.0009127901284955,0.0057617402635514,186.27267189056104,0.5247117518043973,-0.0144887805558848,0.1074746436458667,0.4218543590981223
BH050,249,1710125,2.4900002479553223,0.7270814099345905,5809,3,5,SIDE_NORMAL_X_POS,-1250.0,-24.15470053837925,439.4337567297406,105.12723541259766,-343.8855285644531,83.28330993652344,0.1111195534467697,-0.1947236210107803,0.0450306758284568,0.110107310116291,-0.1929014921188354,0.0439797043800354,0.2466639131307602,431.5889901745397,1.215743634294478,0.5442698188094973,0.4102701560824694,0.5385553506579153
BH050,249,1710125,2.4900002479553223,0.7270814099345905,8857,1,1,SHELF_NORMAL_Y_NEG,1246.8452994616207,25.009422437046773,2189.4337567297407,-197.31442260742188,-323.1835327148437,-109.25503540039062,0.0006942861364223,-0.0066928183659911,-0.0039513772353529,0.0011813717428594,-0.0054111210629343,-0.0025725127197802,0.0059688496403396,339.73783026638694,0.9570079725813716,-0.0198532428367287,0.3305079532451069,0.3619825278703239
BH050,249,1710125,2.4900002479553223,0.7270814099345905,7318,1,1,SHELF_NORMAL_Y_NEG,-29.717559197604437,30.49643744586834,860.5662432702593,397.8146667480469,113.55606842041016,-2.587566614151001,0.0021924395114183,-0.0002238286397187,-3.768546594073996e-05,0.000426189857535,-0.0001953073515323,-5.031021828472149e-06,0.0004380066820885,354.9609932683091,0.9998901218825608,-57.98123756476481,0.3498150611495106,0.3498150611495106
BH050,249,1710125,2.4900002479553223,0.7270814099345905,7687,4,5,SHELF_NORMAL_Y_POS,-392.1574408023956,-20.81674579952917,689.4337567297406,11.095340728759766,195.1116485595703,-128.26007080078125,-0.0003225371765438,0.0010668497998267,-0.0020363491494208,-9.206144022755323e-05,0.0001356393331661,-0.0004175659269094,0.0005152153316885,292.1964562654146,0.823088609198351,43.73126202465976,0.1933977621084011,0.3571644698394131
BH050,249,1710125,2.4900002479553223,0.7270814099345905,6592,3,5,SHELF_NORMAL_Y_NEG,592.2175591976044,22.738223297176344,4589.433756729741,-104.51329040527344,48.02374267578125,46.42727279663086,-0.0005531788337975,-2.23988427023869e-05,0.0005113849183544,2.4110335289151408e-05,-0.0004077263001818,-7.457813626388088e-05,0.0004597895604092,157.20973912117233,0.4428443355525981,2.4631086775143283,0.0530219392124918,0.379364011692263
BH050,249,1710125,2.4900002479553223,0.7270814099345905,7690,1,1,SHELF_NORMAL_Y_POS,-310.96755919760443,-21.386331148337096,539.4337567297406,-210.36497497558597,-296.4097900390625,-136.87603759765625,-0.0006118163582868,-0.0013382073957473,-0.0019973961170762,-2.2342419470078312e-05,-0.0002056431403616,-0.0002698450698517,0.0003154332516714,354.9128023454479,0.9997543728040786,34.59820498811053,0.3480837463735405,0.3553389779109036
BH050,249,1710125,2.4900002479553223,0.7270814099345905,8803,2,1,SHELF_NORMAL_Y_NEG,1246.8452994616207,24.99568236389409,4860.566243270259,-208.93344116210935,-119.47187042236328,24.98539924621582,-0.0050809378735721,-0.0013966663973405,0.0012281539384275,-0.004240630660206,-0.0011209420626983,0.0009127901284955,0.0057617402635514,186.64900796714403,0.5257718534285747,-0.0144692784587898,0.1082026348499698,0.4218543590981223
BH050,250,1717116,2.5000009536743164,0.7218048514468176,5809,3,5,SIDE_NORMAL_X_POS,-1250.0,-24.15470053837925,439.4337567297406,97.36326599121094,-308.8451538085937,-163.95071411132812,0.1125579997897148,-0.1967085003852844,0.0422450564801692,0.1116344109177589,-0.1950675398111343,0.0443146117031574,0.2494556903839111,464.3001372267029,1.3078877104977549,0.5689445539282617,0.4680834821507565,0.5385553506579153
BH050,250,1717116,2.5000009536743164,0.7218048514468176,8857,1,1,SHELF_NORMAL_Y_NEG,1246.8452994616207,25.009422437046773,2189.4337567297407,-196.20968627929688,-323.3435363769531,-106.1323471069336,0.0006998790777288,-0.0066951946355402,-0.0039119659923017,0.0011813717428594,-0.0054111210629343,-0.0025725127197802,0.0059688496403396,336.74675199754137,0.9485823999930744,-0.0201580553655756,0.3259316838289122,0.3619825278703239
BH050,250,1717116,2.5000009536743164,0.7218048514468176,7318,1,1,SHELF_NORMAL_Y_NEG,-29.717559197604437,30.49643744586834,860.5662432702593,399.2755126953125,119.42532348632812,-2.798724174499512,0.0022112722508609,-0.0002024182904278,-4.082839950569905e-05,0.0004464537487365,-0.0002002327091759,-5.508761205419432e-06,0.0004591447941493,354.9975129985087,0.9999929943619964,-58.87988452456809,0.3523178890067585,0.3523178890067585
BH050,250,1717116,2.5000009536743164,0.7218048514468176,7687,4,5,SHELF_NORMAL_Y_POS,-392.1574408023956,-20.81674579952917,689.4337567297406,7.76165246963501,185.09542846679688,-124.93441772460938,-0.0003241324156988,0.0010230840416625,-0.0019943728111684,-9.206144022755323e-05,0.0001356393331661,-0.0004175659269094,0.0005152153316885,282.3291353995379,0.7952933391536279,44.5126253363131,0.1797471036742084,0.3571644698394131
BH050,250,1717116,2.5000009536743164,0.7218048514468176,6592,3,5,SHELF_NORMAL_Y_NEG,592.2175591976044,22.738223297176344,4589.433756729741,-100.02435302734376,49.10312271118164,47.80018615722656,-0.0005329587147571,-2.369763933529612e-05,0.0005287138628773,2.4110335289151408e-05,-0.0004077263001818,-7.457813626388088e-05,0.0004597895604092,155.50584982351245,0.4380446473901759,2.4704088273240603,0.0517073676111102,0.379364011692263
BH050,250,1717116,2.5000009536743164,0.7218048514468176,7690,1,1,SHELF_NORMAL_Y_POS,-310.96755919760443,-21.386331148337096,539.4337567297406,-210.6671600341797,-295.5341796875,-137.22564697265625,-0.0006173439905978,-0.0013420305913314,-0.0020201781298965,-2.513644176360685e-05,-0.0002141474978998,-0.0002882162807509,0.000331276707584,354.90053805795486,0.9997198255153658,35.16136297221289,0.3478781682318058,0.3553389779109036
BH050,250,1717116,2.5000009536743164,0.7218048514468176,8803,2,1,SHELF_NORMAL_Y_NEG,1246.8452994616207,24.99568236389409,4860.566243270259,-204.80589294433597,-121.01893615722656,46.4439582824707,-0.0050586522556841,-0.0014101822162047,0.0014989899937063,-0.004240630660206,-0.0011209420626983,0.0009127901284955,0.0057617402635514,195.6444969666434,0.5511112590609674,-0.0142876107204385,0.1148905702411091,0.4218543590981223
BH050,251,1724106,2.510000228881836,0.7162154280664899,5809,3,5,SIDE_NORMAL_X_POS,-1250.0,-24.15470053837925,439.4337567297406,103.3543472290039,-323.6128845214844,-53.49977493286133,0.1140395402908325,-0.1987999528646469,0.0439783036708831,0.1130656003952026,-0.1970783770084381,0.0446537844836711,0.2520491778850555,396.7882260194506,1.1177133127308467,0.5916217400285901,0.3470366004011583,0.5385553506579153
BH050,251,1724106,2.510000228881836,0.7162154280664899,8857,1,1,SHELF_NORMAL_Y_NEG,1246.8452994616207,25.009422437046773,2189.4337567297407,-192.94435119628903,-322.29412841796875,-110.09999084472656,0.0007142054382711,-0.006694842595607,-0.0039620520547032,0.0011813717428594,-0.0054111210629343,-0.0025725127197802,0.0059688496403396,339.53235533790183,0.9564291699659206,-0.0203348309391019,0.3284453862386858,0.3619825278703239
BH050,251,1724106,2.510000228881836,0.7162154280664899,7318,1,1,SHELF_NORMAL_Y_NEG,-29.717559197604437,30.49643744586834,860.5662432702593,400.6214294433594,125.56201934814452,-2.4507498741149902,0.0022264374420046,-0.0001786556967999,-3.68522887583822e-05,0.0004640061815734,-0.0002042868873104,-5.924916877120268e-06,0.0004775265697389,354.9345478842717,0.999815627843019,-59.71342939219602,0.354756856766647,0.354756856766647
BH050,251,1724106,2.510000228881836,0.7162154280664899,7687,4,5,SHELF_NORMAL_Y_POS,-392.1574408023956,-20.81674579952917,689.4337567297406,7.391355991363525,180.9215240478516,-122.5359344482422,-0.0003198517952114,0.0010033601429313,-0.0019641048274934,-9.206144022755323e-05,0.0001356393331661,-0.0004175659269094,0.0005152153316885,276.5775484556952,0.7790916857906907,45.22641470498123,0.1724238891569598,0.3571644698394131
BH050,251,1724106,2.510000228881836,0.7162154280664899,6592,3,5,SHELF_NORMAL_Y_NEG,592.2175591976044,22.738223297176344,4589.433756729741,-106.4856414794922,41.68806457519531,44.33821487426758,-0.000553528254386,-5.028220039093867e-05,0.0004850226396229,2.4110335289151408e-05,-0.0004077263001818,-7.457813626388088e-05,0.0004597895604092,153.01600818987188,0.4310310089855546,2.3775102449161976,0.0506117190891742,0.379364011692263
BH050,251,1724106,2.510000228881836,0.7162154280664899,7690,1,1,SHELF_NORMAL_Y_POS,-310.96755919760443,-21.386331148337096,539.4337567297406,-210.2339630126953,-293.7259521484375,-137.8313751220703,-0.000619632541202,-0.0013391220709308,-0.0020392746664583,-2.689459506655112e-05,-0.0002193812979385,-0.0002996778930537,0.0003411104553379,354.56247279401805,0.998767528997234,35.66774150516692,0.346640762107346,0.3553389779109036
BH050,251,1724106,2.510000228881836,0.7162154280664899,8803,2,1,SHELF_NORMAL_Y_NEG,1246.8452994616207,24.99568236389409,4860.566243270259,-193.6844940185547,-118.21728515625,38.68976974487305,-0.0050087575800716,-0.0014127799076959,0.0014011180028319,-0.004240630660206,-0.0011209420626983,0.0009127901284955,0.0057617402635514,181.88691410306592,0.5123575045156786,-0.0140261514126019,0.1010930099274002,0.4218543590981223
BH050,252,1731097,2.52000093460083,0.7120120660946423,5809,3,5,SIDE_NORMAL_X_POS,-1250.0,-24.15470053837925,439.4337567297406,105.9968032836914,-330.4945068359375,-13.657493591308594,0.1154775023460388,-0.2008057683706283,0.0446593314409256,0.1144807040691375,-0.1990468800067901,0.0448319911956787,0.2545963227748871,395.0352945954456,1.1127754777336496,0.6150026930468537,0.3447415584520045,0.5385553506579153
BH050,252,1731097,2.52000093460083,0.7120120660946423,8857,1,1,SHELF_NORMAL_Y_NEG,1246.8452994616207,25.009422437046773,2189.4337567297407,-197.9852752685547,-323.3882751464844,-109.7371597290039,0.0006913245888426,-0.006692829541862,-0.0039574517868459,0.0011813717428594,-0.0054111210629343,-0.0025725127197802,0.0059688496403396,340.40969687723435,0.9589005545837588,-0.0205771928303013,0.3317619892826405,0.3619825278703239
BH050,252,1731097,2.52000093460083,0.7120120660946423,7318,1,1,SHELF_NORMAL_Y_NEG,-29.717559197604437,30.49643744586834,860.5662432702593,401.6490173339844,130.2112274169922,-2.2791879177093506,0.0022463193163275,-0.000162266762345,-3.513760748319328e-05,0.0004856325394939,-0.000208948724321,-6.3756037889106665e-06,0.0005002927500754,354.9553062367159,0.999874102075256,-60.514036538998674,0.3567424307509701,0.3567424307509701
BH050,252,1731097,2.52000093460083,0.7120120660946423,7687,4,5,SHELF_NORMAL_Y_POS,-392.1574408023956,-20.81674579952917,689.4337567297406,7.319608211517334,176.58807373046875,-119.04016876220705,-0.0003138900501653,0.0009824316948652,-0.0019199792295694,-9.206144022755323e-05,0.0001356393331661,-0.0004175659269094,0.0005152153316885,269.17662281572336,0.7582440079316151,45.91975457774565,0.1633959830860245,0.3571644698394131
BH050,252,1731097,2.52000093460083,0.7120120660946423,6592,3,5,SHELF_NORMAL_Y_NEG,592.2175591976044,22.738223297176344,4589.433756729741,-97.64459991455078,46.91202926635742,47.66761779785156,-0.0005182188469916,-3.779788676183671e-05,0.0005270435358397,2.4110335289151408e-05,-0.0004077263001818,-7.457813626388088e-05,0.0004597895604092,152.0937805132728,0.4284331845444304,2.4351508086067573,0.0494939008460126,0.379364011692263
BH050,252,1731097,2.52000093460083,0.7120120660946423,7690,1,1,SHELF_NORMAL_Y_POS,-310.96755919760443,-21.386331148337096,539.4337567297406,-211.2170562744141,-294.4426574707031,-137.64544677734375,-0.0006255887565203,-0.0013477526372298,-0.0020513483323156,-2.912422496592626e-05,-0.0002259700559079,-0.0003141164488624,0.0003535034775268,354.90367580889466,0.9997286642504076,36.15132955552872,0.3477007588989081,0.3553389779109036
BH050,252,1731097,2.52000093460083,0.7120120660946423,8803,2,1,SHELF_NORMAL_Y_NEG,1246.8452994616207,24.99568236389409,4860.566243270259,-201.356689453125,-121.83573150634766,44.923675537109375,-0.0050407396629452,-0.001419169595465,0.0014797995099797,-0.004240630660206,-0.0011209420626983,0.0009127901284955,0.0057617402635514,192.12087907690184,0.5411855748645121,-0.0141152143751251,0.1114672419282785,0.4218543590981223
BH050,253,1738087,2.5300002098083496,0.7082291341916749,5809,3,5,SIDE_NORMAL_X_POS,-1250.0,-24.15470053837925,439.4337567297406,102.50633239746094,-316.8224792480469,-176.22915649414062,0.1169315055012703,-0.2027848660945892,0.0428294166922569,0.1159717291593551,-0.2010974287986755,0.0450539141893386,0.2572514414787292,486.3440024336218,1.369983105446822,0.6354985652899032,0.512602024987786,0.5385553506579153
BH050,253,1738087,2.5300002098083496,0.7082291341916749,8857,1,1,SHELF_NORMAL_Y_NEG,1246.8452994616207,25.009422437046773,2189.4337567297407,-198.57489013671875,-324.3778991699219,-112.15991973876952,0.0006899047875776,-0.0066967634484171,-0.0039880317635834,0.0011813717428594,-0.0054111210629343,-0.0025725127197802,0.0059688496403396,343.481070162064,0.9675523103156732,-0.0208618470636214,0.3367103410401851,0.3619825278703239
BH050,253,1738087,2.5300002098083496,0.7082291341916749,7318,1,1,SHELF_NORMAL_Y_NEG,-29.717559197604437,30.49643744586834,860.5662432702593,402.5838623046875,134.55128479003906,-1.9554109573364256,0.0022569089196622,-0.0001450887066312,-3.127799209323712e-05,0.0004979687510058,-0.0002114566741511,-6.602534995181486e-06,0.000513331964612,354.994520259136,0.9999845641102422,-61.25677757439529,0.3586358926190006,0.3586358926190006
BH050,253,1738087,2.5300002098083496,0.7082291341916749,7687,4,5,SHELF_NORMAL_Y_POS,-392.1574408023956,-20.81674579952917,689.4337567297406,6.7522292137146,171.64410400390625,-116.12960815429688,-0.0003094425483141,0.0009592517744749,-0.0018832441419363,-9.206144022755323e-05,0.0001356393331661,-0.0004175659269094,0.0005152153316885,262.3100615215758,0.7389015817509177,46.55795668042388,0.155070885882359,0.3571644698394131
BH050,253,1738087,2.5300002098083496,0.7082291341916749,6592,3,5,SHELF_NORMAL_Y_NEG,592.2175591976044,22.738223297176344,4589.433756729741,-100.45838928222656,44.34164047241211,45.14781188964844,-0.0005281343474052,-4.61764466308523e-05,0.000495238637086,2.4110335289151408e-05,-0.0004077263001818,-7.457813626388088e-05,0.0004597895604092,150.42451127467018,0.4237310176751273,2.39839043233644,0.0486178109881424,0.379364011692263
BH050,253,1738087,2.5300002098083496,0.7082291341916749,7690,1,1,SHELF_NORMAL_Y_POS,-310.96755919760443,-21.386331148337096,539.4337567297406,-210.87542724609372,-294.1849060058594,-137.4937744140625,-0.000625473621767,-0.0013504765229299,-0.0020570016931742,-3.029277104360517e-05,-0.0002294499572599,-0.0003216975310351,0.0003600262571126,354.5284911011197,0.998671805918647,36.5897011816588,0.3469421575754999,0.3553389779109036
BH050,253,1738087,2.5300002098083496,0.7082291341916749,8803,2,1,SHELF_NORMAL_Y_NEG,1246.8452994616207,24.99568236389409,4860.566243270259,-190.2394256591797,-119.56706237792967,27.399532318115234,-0.0049900747835636,-0.0014243457699194,0.0012586249504238,-0.004240630660206,-0.0011209420626983,0.0009127901284955,0.0057617402635514,173.18532074065618,0.4878459739173413,-0.0138410959362324,0.0941727168909135,0.4218543590981223
BH050,254,1745078,2.540000915527344,0.7041968955216038,5809,3,5,SIDE_NORMAL_X_POS,-1250.0,-24.15470053837925,439.4337567297406,120.52404022216795,-319.9933776855469,126.94654846191406,0.1185741275548935,-0.2049440145492553,0.0468359626829624,0.1175224259495735,-0.203214943408966,0.0452339611947536,0.2600025832653045,451.4808736328255,1.2717771088248604,0.6565416156038425,0.4417597795097608,0.5385553506579153
BH050,254,1745078,2.540000915527344,0.7041968955216038,8857,1,1,SHELF_NORMAL_Y_NEG,1246.8452994616207,25.009422437046773,2189.4337567297407,-197.49609375,-323.9522399902344,-111.91576385498048,0.0006945249042473,-0.0066962782293558,-0.0039849556051194,0.0011813717428594,-0.0054111210629343,-0.0025725127197802,0.0059688496403396,342.84963683704933,0.9657736248930968,-0.0210461439750363,0.335293503308509,0.3619825278703239
BH050,254,1745078,2.540000915527344,0.7041968955216038,7318,1,1,SHELF_NORMAL_Y_NEG,-29.717559197604437,30.49643744586834,860.5662432702593,403.47802734375,139.15805053710938,-2.0601017475128174,0.0022708745673298,-0.0001271944493055,-3.288585867267102e-05,0.0005142649170011,-0.0002146060578525,-6.888987172715133e-06,0.0005306206876412,354.9999970653635,0.9999999917334184,-61.99380270285038,0.360577379154782,0.360577379154782
BH050,254,1745078,2.540000915527344,0.7041968955216038,7687,4,5,SHELF_NORMAL_Y_POS,-392.1574408023956,-20.81674579952917,689.4337567297406,6.71648645401001,165.9921875,-111.9717254638672,-0.0003013864334207,0.0009318684460595,-0.0018307688878849,-9.206144022755323e-05,0.0001356393331661,-0.0004175659269094,0.0005152153316885,253.17313272259707,0.7131637541481608,47.21689757209732,0.1445163881482024,0.3571644698394131
BH050,254,1745078,2.540000915527344,0.7041968955216038,6592,3,5,SHELF_NORMAL_Y_NEG,592.2175591976044,22.738223297176344,4589.433756729741,-102.40851593017578,40.19584274291992,44.087188720703125,-0.0005315613816492,-6.346173177007586e-05,0.0004818511370103,2.4110335289151408e-05,-0.0004077263001818,-7.457813626388088e-05,0.0004597895604092,148.4946030621465,0.4182946565130887,2.3315905463155646,0.0476375042374324,0.379364011692263
BH050,254,1745078,2.540000915527344,0.7041968955216038,7690,1,1,SHELF_NORMAL_Y_POS,-310.96755919760443,-21.386331148337096,539.4337567297406,-210.65855407714844,-296.2838134765625,-136.83685302734375,-0.0006221600924618,-0.0013633911730721,-0.0020539287943392,-3.109301906079054e-05,-0.0002318555634701,-0.0003269155567977,0.0003645220713224,354.85120519724006,0.9995808597105352,37.04054579255387,0.3480406603156957,0.3553389779109036
BH050,254,1745078,2.540000915527344,0.7041968955216038,8803,2,1,SHELF_NORMAL_Y_NEG,1246.8452994616207,24.99568236389409,4860.566243270259,-195.2810821533203,-122.3474578857422,36.17094421386719,-0.0050105229020118,-0.0014305039076134,0.0013693306827917,-0.004240630660206,-0.0011209420626983,0.0009127901284955,0.0057617402635514,182.0342526542954,0.5127725426881561,-0.0138028293941989,0.1023786501996551,0.4218543590981223
BH050,255,1752068,2.5500001907348637,0.6991807634093842,5809,3,5,SIDE_NORMAL_X_POS,-1250.0,-24.15470053837925,439.4337567297406,109.78752899169922,-329.853759765625,60.105865478515625,0.1199666485190391,-0.2069194912910461,0.0461992882192134,0.1189527735114097,-0.2051588743925094,0.0454408749938011,0.2625244259834289,409.7667370122612,1.154272498626088,0.6795826917733595,0.36876307073398,0.5385553506579153
BH050,255,1752068,2.5500001907348637,0.6991807634093842,8857,1,1,SHELF_NORMAL_Y_NEG,1246.8452994616207,25.009422437046773,2189.4337567297407,-198.18544006347656,-322.5642395019531,-112.97843933105467,0.0006891578086651,-0.0066885421983897,-0.0039983624592423,0.0011813717428594,-0.0054111210629343,-0.0025725127197802,0.0059688496403396,343.0597685028579,0.9663655450784728,-0.0211511630054132,0.3353617319157423,0.3619825278703239
BH050,255,1752068,2.5500001907348637,0.6991807634093842,7318,1,1,SHELF_NORMAL_Y_NEG,-29.717559197604437,30.49643744586834,860.5662432702593,404.1821594238281,143.76968383789062,-1.815157532691956,0.0022830897942185,-0.0001086670017684,-3.0073117159190588e-05,0.0005297674797475,-0.0002174331748392,-7.167610419855919e-06,0.0005471347249113,354.8713613475757,0.9996376375988048,-62.76932556913368,0.3622627879077588,0.3622627879077588
BH050,255,1752068,2.5500001907348637,0.6991807634093842,7687,4,5,SHELF_NORMAL_Y_POS,-392.1574408023956,-20.81674579952917,689.4337567297406,6.352621555328369,157.44070434570312,-105.45864868164062,-0.000290700525511,0.0008908890304155,-0.0017485606949776,-9.206144022755323e-05,0.0001356393331661,-0.0004175659269094,0.0005152153316885,239.1492206105988,0.6736597763678839,47.94804243497107,0.1290202676313186,0.3571644698394131
BH050,255,1752068,2.5500001907348637,0.6991807634093842,6592,3,5,SHELF_NORMAL_Y_NEG,592.2175591976044,22.738223297176344,4589.433756729741,-93.70503997802734,44.94948959350586,47.13871383666992,-0.0004962363746017,-5.306020466377959e-05,0.0005203656037338,2.4110335289151408e-05,-0.0004077263001818,-7.457813626388088e-05,0.0004597895604092,147.23878523635733,0.4147571415108657,2.413252075797614,0.0463731416182126,0.379364011692263
BH050,255,1752068,2.5500001907348637,0.6991807634093842,7690,1,1,SHELF_NORMAL_Y_POS,-310.96755919760443,-21.386331148337096,539.4337567297406,-209.8505401611328,-299.3476867675781,-135.09471130371094,-0.000614232965745,-0.0013808425283059,-0.0020349365659058,-3.154675869154744e-05,-0.0002332551521249,-0.0003299131349194,0.0003671158629003,354.3723410222029,0.9982319465414166,37.5197279870724,0.3480694527225577,0.3553389779109036
BH050,255,1752068,2.5500001907348637,0.6991807634093842,8803,2,1,SHELF_NORMAL_Y_NEG,1246.8452994616207,24.99568236389409,4860.566243270259,-189.20069885253903,-120.69815826416016,47.00807189941406,-0.0049833953380584,-0.0014313538558781,0.0015061092562973,-0.004240630660206,-0.0011209420626983,0.0009127901284955,0.0057617402635514,184.81896664562703,0.5206168074524706,-0.0136700675041603,0.1029549802782053,0.4218543590981223
BH050,256,1759059,2.5600008964538574,0.6930590188933251,5809,3,5,SIDE_NORMAL_X_POS,-1250.0,-24.15470053837925,439.4337567297406,108.95299530029295,-325.6918334960937,-116.0874252319336,0.1213762238621711,-0.208827942609787,0.0442903004586696,0.1203724220395088,-0.2070884257555008,0.0457557737827301,0.2650154829025268,440.2952387729578,1.240268278233684,0.7046477553456557,0.4230383282708571,0.5385553506579153
BH050,256,1759059,2.5600008964538574,0.6930590188933251,8857,1,1,SHELF_NORMAL_Y_NEG,1246.8452994616207,25.009422437046773,2189.4337567297407,-196.62841796875,-320.4696960449219,-114.99073791503906,0.0006936650606803,-0.0066806618124246,-0.0040237717330455,0.0011813717428594,-0.0054111210629343,-0.0025725127197802,0.0059688496403396,343.5385290102327,0.9677141662260076,-0.0212958806655542,0.3348341068354009,0.3619825278703239
BH050,256,1759059,2.5600008964538574,0.6930590188933251,7318,1,1,SHELF_NORMAL_Y_NEG,-29.717559197604437,30.49643744586834,860.5662432702593,405.34912109375,149.89285278320312,-1.6476198434829712,0.0023020866792649,-8.439085650024936e-05,-2.8314610972302034e-05,0.0005519913393072,-0.000221161157242,-7.523775366280461e-06,0.0005709392135031,354.999979023242,0.9999999409105408,-63.608324856406085,0.3650623051224672,0.3650623051224672
BH050,256,1759059,2.5600008964538574,0.6930590188933251,7687,4,5,SHELF_NORMAL_Y_POS,-392.1574408023956,-20.81674579952917,689.4337567297406,6.806493759155273,148.6730194091797,-99.20568084716795,-0.0002757285838015,0.0008476631483063,-0.0016696387901902,-9.206144022755323e-05,0.0001356393331661,-0.0004175659269094,0.0005152153316885,225.08521589794125,0.6340428616843415,48.72756216030525,0.1144246880157569,0.3571644698394131
BH050,256,1759059,2.5600008964538574,0.6930590188933251,6592,3,5,SHELF_NORMAL_Y_NEG,592.2175591976044,22.738223297176344,4589.433756729741,-100.93480682373048,38.648624420166016,43.38677978515625,-0.0005221566534601,-7.311864465009421e-05,0.0004730116925202,2.4110335289151408e-05,-0.0004077263001818,-7.457813626388088e-05,0.0004597895604092,145.70442964558126,0.4104350130861444,2.336172373973364,0.0459139991328141,0.379364011692263
BH050,256,1759059,2.5600008964538574,0.6930590188933251,7690,1,1,SHELF_NORMAL_Y_POS,-310.96755919760443,-21.386331148337096,539.4337567297406,-209.83175659179688,-301.18170166015625,-133.8932647705078,-0.0006114735733717,-0.0013897661119699,-0.0020197613630443,-3.154675869154744e-05,-0.0002332551521249,-0.0003299131349194,0.0003671158629003,354.0120294981024,0.9972169845016968,38.0409504405621,0.3481290438347825,0.3553389779109036
BH050,256,1759059,2.5600008964538574,0.6930590188933251,8803,2,1,SHELF_NORMAL_Y_NEG,1246.8452994616207,24.99568236389409,4860.566243270259,-183.8393402099609,-119.97835540771484,36.41987228393555,-0.0049584349617362,-0.0014356665778905,0.0013724737800657,-0.004240630660206,-0.0011209420626983,0.0009127901284955,0.0057617402635514,173.53440111135814,0.4888292989052342,-0.0135129810265372,0.0932431917872272,0.4218543590981223
BH050,257,1766049,2.570000171661377,0.687427124023305,5809,3,5,SIDE_NORMAL_X_POS,-1250.0,-24.15470053837925,439.4337567297406,117.57369995117188,-332.1392822265625,-32.76427459716797,0.1228993013501167,-0.21086385846138,0.0456371568143367,0.1218445524573326,-0.2090806812047958,0.0460510067641735,0.2675852179527282,407.93555262850487,1.1491142327563515,0.7268999864203133,0.3648779455439682,0.5385553506579153
BH050,257,1766049,2.570000171661377,0.687427124023305,8857,1,1,SHELF_NORMAL_Y_NEG,1246.8452994616207,25.009422437046773,2189.4337567297407,-197.1548614501953,-319.4579162597656,-115.86556243896484,0.0006896344712004,-0.0066749700345098,-0.0040348209440708,0.0011813717428594,-0.0054111210629343,-0.0025725127197802,0.0059688496403396,343.82437975368754,0.9685193795878522,-0.0215453976055151,0.3350815948410614,0.3619825278703239
BH050,257,1766049,2.570000171661377,0.687427124023305,7318,1,1,SHELF_NORMAL_Y_NEG,-29.717559197604437,30.49643744586834,860.5662432702593,405.8616333007813,154.59799194335938,-1.790916085243225,0.0023158360272645,-6.504550401587039e-05,-3.0406703444896262e-05,0.0005700799520127,-0.0002238944871351,-7.807363544998225e-06,0.0005904404679313,354.8076001505846,0.999458028593196,-64.40963093301151,0.3666644906528621,0.3666644906528621
BH050,257,1766049,2.570000171661377,0.687427124023305,7687,4,5,SHELF_NORMAL_Y_POS,-392.1574408023956,-20.81674579952917,689.4337567297406,8.36108684539795,145.0747833251953,-94.08708190917967,-0.0002629418158903,0.0008279320318251,-0.0016050331760197,-9.206144022755323e-05,0.0001356393331661,-0.0004175659269094,0.0005152153316885,215.54756926067031,0.607176251438508,49.44042701461184,0.1053788704846047,0.3571644698394131
BH050,257,1766049,2.570000171661377,0.687427124023305,6592,3,5,SHELF_NORMAL_Y_NEG,592.2175591976044,22.738223297176344,4589.433756729741,-96.00830841064452,37.49828720092773,45.19144821166992,-0.000496566935908,-8.587755291955546e-05,0.0004957885248586,2.4110335289151408e-05,-0.0004077263001818,-7.457813626388088e-05,0.0004597895604092,142.65575671433112,0.4018472020122003,2.312334433811691,0.0439170704150137,0.379364011692263
BH050,257,1766049,2.570000171661377,0.687427124023305,7690,1,1,SHELF_NORMAL_Y_POS,-310.96755919760443,-21.386331148337096,539.4337567297406,-208.2870330810547,-302.6304931640625,-133.4510955810547,-0.0006018603453412,-0.0013990475563332,-0.0020141724962741,-3.154675869154744e-05,-0.0002332551521249,-0.0003299131349194,0.0003671158629003,354.06536223808234,0.9973672175720628,38.50131875096594,0.3481745473245893,0.3553389779109036
BH050,257,1766049,2.570000171661377,0.687427124023305,8803,2,1,SHELF_NORMAL_Y_NEG,1246.8452994616207,24.99568236389409,4860.566243270259,-182.79147338867188,-119.31670379638672,29.585391998291016,-0.0049543152563273,-0.0014339871704578,0.0012862128205597,-0.004240630660206,-0.0011209420626983,0.0009127901284955,0.0057617402635514,168.7157631067488,0.475255670723236,-0.0134856277058869,0.0894399710459106,0.4218543590981223
BH050,258,1773040,2.580000877380371,0.6828976715993558,5809,3,5,SIDE_NORMAL_X_POS,-1250.0,-24.15470053837925,439.4337567297406,133.37957763671875,-312.8534545898437,160.4545135498047,0.124561108648777,-0.2129646241664886,0.0483256354928016,0.1234574764966964,-0.2112520486116409,0.0463007986545562,0.270394504070282,484.3889038471505,1.364475785484931,0.7501627918608051,0.5038934724876352,0.5385553506579153
BH050,258,1773040,2.580000877380371,0.6828976715993558,8857,1,1,SHELF_NORMAL_Y_NEG,1246.8452994616207,25.009422437046773,2189.4337567297407,-200.6420440673828,-319.88739013671875,-115.51862335205078,0.0006733354530297,-0.0066719828173518,-0.0040304413996636,0.0011813717428594,-0.0054111210629343,-0.0025725127197802,0.0059688496403396,344.1452737014795,0.9694233062013506,-0.0219167135874426,0.3368616091831034,0.3619825278703239
BH050,258,1773040,2.580000877380371,0.6828976715993558,7318,1,1,SHELF_NORMAL_Y_NEG,-29.717559197604437,30.49643744586834,860.5662432702593,406.84173583984375,160.17152404785156,-1.8078937530517576,0.0023246491327881,-4.112476744921878e-05,-3.0824856366962194e-05,0.0005822206148877,-0.0002255907456856,-8.011373211047612e-06,0.0006035899859853,354.99360515467663,0.9999819863512016,-65.16361479198558,0.3693419574682806,0.3693419574682806
BH050,258,1773040,2.580000877380371,0.6828976715993558,7687,4,5,SHELF_NORMAL_Y_POS,-392.1574408023956,-20.81674579952917,689.4337567297406,13.089406967163086,145.0931854248047,-86.47075653076172,-0.0002400166849838,0.0008211390813812,-0.0015088986838236,-9.206144022755323e-05,0.0001356393331661,-0.0004175659269094,0.0005152153316885,204.34225330138716,0.575611981130668,50.180594134720025,0.09595969019633,0.3571644698394131
BH050,258,1773040,2.580000877380371,0.6828976715993558,6592,3,5,SHELF_NORMAL_Y_NEG,592.2175591976044,22.738223297176344,4589.433756729741,-93.08615112304688,39.51329040527344,45.119903564453125,-0.0004853144637309,-8.035238715820014e-05,0.0004948854912072,2.4110335289151408e-05,-0.0004077263001818,-7.457813626388088e-05,0.0004597895604092,141.46338347637868,0.3984884041588132,2.3178929936042048,0.043025132714229,0.379364011692263
BH050,258,1773040,2.580000877380371,0.6828976715993558,7690,1,1,SHELF_NORMAL_Y_POS,-310.96755919760443,-21.386331148337096,539.4337567297406,-203.02398681640625,-303.2923889160156,-134.6546173095703,-0.000576255202759,-0.001413456397131,-0.0020364287775009,-3.2459545764140785e-05,-0.0002367751003475,-0.0003369826299604,0.0003733267949428,354.9999722771411,0.9999999219074398,38.90854439612797,0.3480560290822713,0.3553389779109036
BH050,258,1773040,2.580000877380371,0.6828976715993558,8803,2,1,SHELF_NORMAL_Y_NEG,1246.8452994616207,24.99568236389409,4860.566243270259,-177.8645477294922,-117.53791046142578,46.421142578125,-0.0049330042675137,-0.001432525110431,0.001498702680692,-0.004240630660206,-0.0011209420626983,0.0009127901284955,0.0057617402635514,176.09627447546904,0.4960458435928706,-0.0133699111117539,0.0934987668742516,0.4218543590981223
BH050,259,1780030,2.59000015258789,0.6739816428122024,5809,3,5,SIDE_NORMAL_X_POS,-1250.0,-24.15470053837925,439.4337567297406,134.5394287109375,-319.4693908691406,157.36178588867188,0.1260478794574737,-0.2149794697761535,0.0484974905848503,0.124929055571556,-0.2132332772016525,0.0465118139982223,0.2729473114013672,487.26889280206177,1.372588430428343,0.7644390127666899,0.5103327695142555,0.5385553506579153
BH050,259,1780030,2.59000015258789,0.6739816428122024,8857,1,1,SHELF_NORMAL_Y_NEG,1246.8452994616207,25.009422437046773,2189.4337567297407,-205.3428192138672,-313.064208984375,-118.92952728271484,0.0006405828753486,-0.0066320239566266,-0.004073497839272,0.0011813717428594,-0.0054111210629343,-0.0025725127197802,0.0059688496403396,343.9797704240332,0.968957099786009,-0.0220791870977459,0.3359092147574695,0.3619825278703239
BH050,259,1780030,2.59000015258789,0.6739816428122024,7318,1,1,SHELF_NORMAL_Y_NEG,-29.717559197604437,30.49643744586834,860.5662432702593,407.4211730957031,165.28184509277344,-3.797064065933228,0.002332865493372,-1.8772569092107005e-05,-5.624738696496934e-05,0.0005950542981736,-0.0002271954872412,-8.327929208462592e-06,0.0006175769376568,354.9845496234911,0.999956477812651,-65.99297127168558,0.3714283415752444,0.3714283415752444
BH050,259,1780030,2.59000015258789,0.6739816428122024,7687,4,5,SHELF_NORMAL_Y_POS,-392.1574408023956,-20.81674579952917,689.4337567297406,20.38029670715332,146.64990234375,-76.38829040527344,-0.000206889148103,0.0008180743316188,-0.0013816439313814,-9.206144022755323e-05,0.0001356393331661,-0.0004175659269094,0.0005152153316885,190.8881729248397,0.5377131631685625,50.95233538626956,0.085704115626769,0.3571644698394131
BH050,259,1780030,2.59000015258789,0.6739816428122024,6592,3,5,SHELF_NORMAL_Y_NEG,592.2175591976044,22.738223297176344,4589.433756729741,-97.55590057373048,33.48844909667969,41.29806137084961,-0.0004982374957762,-0.0001030891144182,0.0004466490354388,2.4110335289151408e-05,-0.0004077263001818,-7.457813626388088e-05,0.0004597895604092,137.92104766520586,0.3885099934231151,2.243428441405781,0.041342880830766,0.379364011692263
BH050,259,1780030,2.59000015258789,0.6739816428122024,7690,1,1,SHELF_NORMAL_Y_POS,-310.96755919760443,-21.386331148337096,539.4337567297406,-195.3394775390625,-301.7418518066406,-135.2403106689453,-0.0005415565101429,-0.0014185064937919,-0.0020465967245399,-3.2809846743475646e-05,-0.0002381652593612,-0.0003397632972337,0.000375769654056,353.7419763370679,0.9964562713720224,39.30689735512673,0.3431794201726991,0.3553389779109036
BH050,259,1780030,2.59000015258789,0.6739816428122024,8803,2,1,SHELF_NORMAL_Y_NEG,1246.8452994616207,24.99568236389409,4860.566243270259,-174.439453125,-116.07622528076172,28.40894889831543,-0.0049185077659785,-0.0014304119395092,0.0012713673058897,-0.004240630660206,-0.0011209420626983,0.0009127901284955,0.0057617402635514,161.47985866884494,0.4548728413206899,-0.0132480059824221,0.0821918108635185,0.4218543590981223
BH050,260,1787021,2.6000008583068848,0.6621582656186814,5809,3,5,SIDE_NORMAL_X_POS,-1250.0,-24.15470053837925,439.4337567297406,111.32293701171876,-319.8548278808594,-85.035400390625,0.1273789256811142,-0.2169097512960434,0.0457090251147747,0.1263720989227295,-0.2151956856250763,0.0467827282845974,0.2754583656787872,414.7290007215146,1.1682507062577876,0.7914242101023795,0.3757524222084626,0.5385553506579153
BH050,260,1787021,2.6000008583068848,0.6621582656186814,8857,1,1,SHELF_NORMAL_Y_NEG,1246.8452994616207,25.009422437046773,2189.4337567297407,-200.39903259277344,-307.153076171875,-119.35669708251952,0.0006559699540957,-0.0066105322912335,-0.0040788897313177,0.0011813717428594,-0.0054111210629343,-0.0025725127197802,0.0059688496403396,340.12889991674024,0.958109577230254,-0.0223122163368218,0.326764456678719,0.3619825278703239
BH050,260,1787021,2.6000008583068848,0.6621582656186814,7318,1,1,SHELF_NORMAL_Y_NEG,-29.717559197604437,30.49643744586834,860.5662432702593,408.2296447753906,173.5166015625,-4.527965545654297,0.0023633604869246,1.591591899341438e-05,-6.704439874738455e-05,0.0006335850339382,-0.000231282407185,-9.89991895039566e-06,0.0006599175976589,354.94554608939177,0.999846608702512,-67.06172613790038,0.3747537976442764,0.3747537976442764
BH050,260,1787021,2.6000008583068848,0.6621582656186814,7687,4,5,SHELF_NORMAL_Y_POS,-392.1574408023956,-20.81674579952917,689.4337567297406,26.262454986572266,145.9794464111328,-66.5732192993164,-0.0001773592521203,0.0008062547422014,-0.0012577606830745,-9.206144022755323e-05,0.0001356393331661,-0.0004175659269094,0.0005152153316885,177.37507508020974,0.4996480988174922,51.94081381827241,0.0758073273582063,0.3571644698394131
BH050,260,1787021,2.6000008583068848,0.6621582656186814,6592,3,5,SHELF_NORMAL_Y_NEG,592.2175591976044,22.738223297176344,4589.433756729741,-87.64195251464844,33.399715423583984,44.86515808105469,-0.0004499815695453,-0.0001179578539449,0.000491670332849,2.4110335289151408e-05,-0.0004077263001818,-7.457813626388088e-05,0.0004597895604092,133.27609062778996,0.3754256074022252,2.2205035559528965,0.0383166595341444,0.379364011692263
BH050,260,1787021,2.6000008583068848,0.6621582656186814,7690,1,1,SHELF_NORMAL_Y_POS,-310.96755919760443,-21.386331148337096,539.4337567297406,-188.5301818847656,-301.0111083984375,-137.1562042236328,-0.0005098095280118,-0.0014261431060731,-0.0020732623524963,-3.305448990431614e-05,-0.0002394231996731,-0.0003422585723455,0.0003779319813475,354.73526877965065,0.9992542782525372,39.872665177178085,0.3422537480248257,0.3553389779109036
BH050,260,1787021,2.6000008583068848,0.6621582656186814,8803,2,1,SHELF_NORMAL_Y_NEG,1246.8452994616207,24.99568236389409,4860.566243270259,-158.5671844482422,-109.956298828125,43.9249153137207,-0.004850358236581,-0.0014238168951123,0.0014671985991299,-0.004240630660206,-0.0011209420626983,0.0009127901284955,0.0057617402635514,159.95834918581167,0.4505868991149624,-0.0130519694228009,0.0771801215536439,0.4218543590981223
BH050,261,1794011,2.6100001335144043,0.6543080017741534,5809,3,5,SIDE_NORMAL_X_POS,-1250.0,-24.15470053837925,439.4337567297406,122.2020492553711,-330.0765686035156,144.9470977783203,0.1288808435201645,-0.2189419716596603,0.0488525331020355,0.1278056353330612,-0.2171628028154373,0.0470237210392952,0.2779347002506256,476.70630218289335,1.3428346540363194,0.8262707308236391,0.4917199653117156,0.5385553506579153
BH050,261,1794011,2.6100001335144043,0.6543080017741534,8857,1,1,SHELF_NORMAL_Y_NEG,1246.8452994616207,25.009422437046773,2189.4337567297407,-204.94847106933597,-304.8451538085937,-119.87438201904295,0.0006305269780568,-0.0065927025862038,-0.0040854276157915,0.0011813717428594,-0.0054111210629343,-0.0025725127197802,0.0059688496403396,339.9507284910832,0.9576076858903751,-0.0223916567797407,0.3272462426090404,0.3619825278703239
BH050,261,1794011,2.6100001335144043,0.6543080017741534,7318,1,1,SHELF_NORMAL_Y_NEG,-29.717559197604437,30.49643744586834,860.5662432702593,408.9134216308594,181.27728271484372,-4.393775939941406,0.0023685309570282,5.1481893024174497e-05,-6.590037810383365e-05,0.0006467295461334,-0.0002323912194697,-1.044952205120353e-05,0.0006745022838003,354.96878944562746,0.9999120829454294,-67.99366851401331,0.3779900901026747,0.3779900901026747
BH050,261,1794011,2.6100001335144043,0.6543080017741534,7687,4,5,SHELF_NORMAL_Y_POS,-392.1574408023956,-20.81674579952917,689.4337567297406,31.212238311767575,145.58889770507812,-57.466552734375,-0.0001527608546894,0.0007971466402523,-0.001142821740359,-9.206144022755323e-05,0.0001356393331661,-0.0004175659269094,0.0005152153316885,165.9318825127044,0.4674137535569138,52.913940960113045,0.0680573146016921,0.3571644698394131
BH050,261,1794011,2.6100001335144043,0.6543080017741534,6592,3,5,SHELF_NORMAL_Y_NEG,592.2175591976044,22.738223297176344,4589.433756729741,-90.94743347167967,24.815210342407227,41.66120147705078,-0.0004535253974609,-0.0001548167056171,0.0004512332961894,2.4110335289151408e-05,-0.0004077263001818,-7.457813626388088e-05,0.0004597895604092,127.8713303937188,0.3602009306865318,2.096024231702369,0.0358108523798892,0.379364011692263
BH050,261,1794011,2.6100001335144043,0.6543080017741534,7690,1,1,SHELF_NORMAL_Y_POS,-310.96755919760443,-21.386331148337096,539.4337567297406,-180.43045043945312,-298.83770751953125,-138.10035705566406,-0.0004742400778923,-0.0014306958764791,-0.0020917351357638,-3.3639083994785324e-05,-0.0002427382278256,-0.0003488196525722,0.0003835926472675,353.7722806580188,0.9965416356563908,40.43774930696025,0.3375950452622577,0.3553389779109036
BH050,261,1794011,2.6100001335144043,0.6543080017741534,8803,2,1,SHELF_NORMAL_Y_NEG,1246.8452994616207,24.99568236389409,4860.566243270259,-155.40733337402344,-107.0134506225586,32.8370475769043,-0.0048393034376204,-0.0014141353312879,0.0013272587675601,-0.004240630660206,-0.0011209420626983,0.0009127901284955,0.0057617402635514,149.0216694473348,0.4197793505558727,-0.0128870927543847,0.0690226738316677,0.4218543590981223
BH050,262,1801002,2.6200008392333984,0.652137552496088,5809,3,5,SIDE_NORMAL_X_POS,-1250.0,-24.15470053837925,439.4337567297406,128.9475555419922,-317.2245788574219,107.60806274414062,0.1304119229316711,-0.2209454327821731,0.0485541447997093,0.1293227076530456,-0.2192187309265136,0.0471967570483684,0.2805342376232147,439.2069273311465,1.2372026122004127,0.842382528856617,0.4170158423258628,0.5385553506579153
BH050,262,1801002,2.6200008392333984,0.652137552496088,8857,1,1,SHELF_NORMAL_Y_NEG,1246.8452994616207,25.009422437046773,2189.4337567297407,-193.53553771972656,-301.2254943847656,-121.34803009033205,0.0006806566379964,-0.0065917409956455,-0.0041040289215743,0.0011813717428594,-0.0054111210629343,-0.0025725127197802,0.0059688496403396,337.7439829479964,0.9513915012619616,-0.0226380137625472,0.319210722602239,0.3619825278703239
BH050,262,1801002,2.6200008392333984,0.652137552496088,7318,1,1,SHELF_NORMAL_Y_NEG,-29.717559197604437,30.49643744586834,860.5662432702593,409.0686340332031,182.9046630859375,-4.254536151885986,0.0023771906271576,5.843169128638692e-05,-6.454748654505238e-05,0.00065699883271,-0.0002331081632291,-1.0853919775399843e-05,0.0006859708228148,355.00000799310754,1.000000022515796,-68.60654867177196,0.3787193446377667,0.3787193446377667
BH050,262,1801002,2.6200008392333984,0.652137552496088,7687,4,5,SHELF_NORMAL_Y_POS,-392.1574408023956,-20.81674579952917,689.4337567297406,31.834943771362305,144.1832733154297,-55.45907211303711,-0.0001476903125876,0.0007894158479757,-0.0011174896499142,-9.206144022755323e-05,0.0001356393331661,-0.0004175659269094,0.0005152153316885,162.60178224431365,0.4580331894206018,53.41132269610839,0.0656664184016863,0.3571644698394131
BH050,262,1801002,2.6200008392333984,0.652137552496088,6592,3,5,SHELF_NORMAL_Y_NEG,592.2175591976044,22.738223297176344,4589.433756729741,-90.72846221923828,23.44930076599121,41.318302154541016,-0.0004504751705098,-0.0001617654197616,0.000446905120043,2.4110335289151408e-05,-0.0004077263001818,-7.457813626388088e-05,0.0004597895604092,126.61219862437544,0.3566540806320435,2.081344383290167,0.0351865148956688,0.379364011692263
BH050,262,1801002,2.6200008392333984,0.652137552496088,7690,1,1,SHELF_NORMAL_Y_POS,-310.96755919760443,-21.386331148337096,539.4337567297406,-178.10130310058594,-297.16259765625,-139.19143676757812,-0.0004653784562833,-0.0014259584713727,-0.0021055054385215,-3.3639083994785324e-05,-0.0002427382278256,-0.0003488196525722,0.0003835926472675,353.86919326902694,0.9968146289268364,40.75898487557586,0.3365038774527474,0.3553389779109036
BH050,262,1801002,2.6200008392333984,0.652137552496088,8803,2,1,SHELF_NORMAL_Y_NEG,1246.8452994616207,24.99568236389409,4860.566243270259,-157.4754180908203,-108.24369049072266,43.87839889526367,-0.0048475577495992,-0.0014170929789543,0.0014666162896901,-0.004240630660206,-0.0011209420626983,0.0009127901284955,0.0057617402635514,158.88808982125045,0.4475720840035224,-0.012899877780795,0.0759782625202642,0.4218543590981223
BH050,263,1807992,2.630000114440918,0.6509938179334348,5809,3,5,SIDE_NORMAL_X_POS,-1250.0,-24.15470053837925,439.4337567297406,119.90526580810548,-311.7694091796875,-59.40174865722656,0.1319121122360229,-0.2229921370744705,0.0464426167309284,0.1308743357658386,-0.2213048785924911,0.0471931733191013,0.2831952273845672,399.4320147132666,1.1251606048261031,0.8573298086327361,0.3475276834796392,0.5385553506579153
BH050,263,1807992,2.630000114440918,0.6509938179334348,8857,1,1,SHELF_NORMAL_Y_NEG,1246.8452994616207,25.009422437046773,2189.4337567297407,-191.43951416015625,-299.36737060546875,-120.0759506225586,0.0006881299777887,-0.0065857819281518,-0.0040879687294363,0.0011813717428594,-0.0054111210629343,-0.0025725127197802,0.0059688496403396,334.9833845651568,0.9436151677891742,-0.022934101645048,0.3140439538277612,0.3619825278703239
BH050,263,1807992,2.630000114440918,0.6509938179334348,7318,1,1,SHELF_NORMAL_Y_NEG,-29.717559197604437,30.49643744586834,860.5662432702593,409.0575866699219,184.1293487548828,-4.361306190490723,0.0023900275118649,6.34227690170519e-05,-6.649832357652485e-05,0.0006716720527037,-0.00023407205299,-1.1457066648290493e-05,0.0007023898069746,354.9215155825338,0.999778917133898,-69.13923316611005,0.3790660446273328,0.3790660446273328
BH050,263,1807992,2.630000114440918,0.6509938179334348,7687,4,5,SHELF_NORMAL_Y_POS,-392.1574408023956,-20.81674579952917,689.4337567297406,31.54724502563477,140.6575469970703,-54.14289474487305,-0.0001439539337297,0.0007727183401584,-0.0011008736910298,-9.206144022755323e-05,0.0001356393331661,-0.0004175659269094,0.0005152153316885,158.5458143571831,0.446607927766713,53.829114174959365,0.0624955382043251,0.3571644698394131
BH050,263,1807992,2.630000114440918,0.6509938179334348,6592,3,5,SHELF_NORMAL_Y_NEG,592.2175591976044,22.738223297176344,4589.433756729741,-86.23471069335938,28.141735076904297,43.21579360961914,-0.0004354947304818,-0.000145530590089,0.0004708529449999,2.4110335289151408e-05,-0.0004077263001818,-7.457813626388088e-05,0.0004597895604092,127.50682890025796,0.3591741659162196,2.11892123621508,0.0352919645353007,0.379364011692263
BH050,263,1807992,2.630000114440918,0.6509938179334348,7690,1,1,SHELF_NORMAL_Y_POS,-310.96755919760443,-21.386331148337096,539.4337567297406,-175.97915649414062,-294.1572265625,-139.66055297851562,-0.0004594522179104,-0.0014144578017294,-0.0021114347036927,-3.3639083994785324e-05,-0.0002427382278256,-0.0003488196525722,0.0003835926472675,352.4866054575705,0.992920015373438,41.04908927535215,0.3328810448117544,0.3553389779109036
BH050,263,1807992,2.630000114440918,0.6509938179334348,8803,2,1,SHELF_NORMAL_Y_NEG,1246.8452994616207,24.99568236389409,4860.566243270259,-150.4664306640625,-107.40806579589844,36.603981018066406,-0.0048147477209568,-0.0014232328394427,0.0013748008059337,-0.004240630660206,-0.0011209420626983,0.0009127901284955,0.0057617402635514,148.44152164765913,0.4181451314018567,-0.0128917326004096,0.0678927489960081,0.4218543590981223
BH050,264,1814983,2.640000820159912,0.6454905791305421,5809,3,5,SIDE_NORMAL_X_POS,-1250.0,-24.15470053837925,439.4337567297406,134.09429931640625,-344.5966186523437,111.07571411132812,0.133559763431549,-0.2252107709646225,0.0488041974604129,0.1324050277471542,-0.2233429253101349,0.0474030449986457,0.2857982516288757,468.9882681014528,1.3210937129618388,0.887132994267661,0.4771130854460604,0.5385553506579153
BH050,264,1814983,2.640000820159912,0.6454905791305421,8857,1,1,SHELF_NORMAL_Y_NEG,1246.8452994616207,25.009422437046773,2189.4337567297407,-195.2760467529297,-297.8586730957031,-123.49402618408205,0.0006673138123005,-0.0065728770568966,-0.0041311117820441,0.0011813717428594,-0.0054111210629343,-0.0025725127197802,0.0059688496403396,338.2900869225219,0.952929822316963,-0.0228781909550462,0.3194685733802989,0.3619825278703239
BH050,264,1814983,2.640000820159912,0.6454905791305421,7318,1,1,SHELF_NORMAL_Y_NEG,-29.717559197604437,30.49643744586834,860.5662432702593,409.4351196289063,189.865234375,-4.167827606201172,0.0023967835586518,8.997054828796536e-05,-6.458933057729155e-05,0.0006849570781923,-0.0002348140696994,-1.1989978702331427e-05,0.0007173232152126,354.9655501889966,0.9999029582788636,-69.88228842434948,0.381483503536651,0.381483503536651
BH050,264,1814983,2.640000820159912,0.6454905791305421,7687,4,5,SHELF_NORMAL_Y_POS,-392.1574408023956,-20.81674579952917,689.4337567297406,31.86034202575684,141.25038146972656,-54.29814529418945,-0.000143297118484,0.000775137450546,-0.001102834008634,-9.206144022755323e-05,0.0001356393331661,-0.0004175659269094,0.0005152153316885,159.0953548712661,0.448155929214834,54.453915424150615,0.0629636946029286,0.3571644698394131
BH050,264,1814983,2.640000820159912,0.6454905791305421,6592,3,5,SHELF_NORMAL_Y_NEG,592.2175591976044,22.738223297176344,4589.433756729741,-91.00193786621094,26.50222969055176,39.77292251586914,-0.0004562500980682,-0.0001465470268158,0.0004274002567399,2.4110335289151408e-05,-0.0004077263001818,-7.457813626388088e-05,0.0004597895604092,127.04775177055323,0.3578809909029669,2.083447267965836,0.0353005281823759,0.379364011692263
BH050,264,1814983,2.640000820159912,0.6454905791305421,7690,1,1,SHELF_NORMAL_Y_POS,-310.96755919760443,-21.386331148337096,539.4337567297406,-174.29437255859375,-288.8500061035156,-140.69869995117188,-0.0004590002063196,-0.0013911516871303,-0.0021245349198579,-3.3639083994785324e-05,-0.0002427382278256,-0.0003488196525722,0.0003835926472675,350.5086250837293,0.987348239672477,41.50558680131091,0.3278441860888178,0.3553389779109036
BH050,264,1814983,2.640000820159912,0.6454905791305421,8803,2,1,SHELF_NORMAL_Y_NEG,1246.8452994616207,24.99568236389409,4860.566243270259,-149.48924255371094,-105.47956085205078,32.5021858215332,-0.0048128082416951,-0.0014152966905385,0.0013230290496721,-0.004240630660206,-0.0011209420626983,0.0009127901284955,0.0057617402635514,144.478676591686,0.406982187582214,-0.0128240027117578,0.0649680189324828,0.4218543590981223
BH050,265,1821973,2.650000095367432,0.6393337204402523,5809,3,5,SIDE_NORMAL_X_POS,-1250.0,-24.15470053837925,439.4337567297406,127.2293930053711,-341.5458984375,98.44979858398438,0.1351571530103683,-0.2273688614368438,0.0488391071557998,0.1340405642986297,-0.2255259156227111,0.0475971773266792,0.2885685265064239,453.1806318118116,1.276565160033272,0.9147797956871312,0.4469032506011086,0.5385553506579153
BH050,265,1821973,2.650000095367432,0.6393337204402523,8857,1,1,SHELF_NORMAL_Y_NEG,1246.8452994616207,25.009422437046773,2189.4337567297407,-191.989013671875,-293.8140869140625,-123.92805480957033,0.0006773753557354,-0.0065580233931541,-0.0041365823708474,0.0011813717428594,-0.0054111210629343,-0.0025725127197802,0.0059688496403396,335.93438436242553,0.9462940404575368,-0.0227707766491505,0.3138022841645171,0.3619825278703239
BH050,265,1821973,2.650000095367432,0.6393337204402523,7318,1,1,SHELF_NORMAL_Y_NEG,-29.717559197604437,30.49643744586834,860.5662432702593,409.646728515625,196.9729461669922,-4.579679489135742,0.0024119615554809,0.0001232983486261,-7.080711657181382e-05,0.0007094462634995,-0.0002356716286158,-1.3009544090891724e-05,0.0007451251149177,354.9399682968036,0.9998308966107144,-70.65552176411953,0.3843007063407237,0.3843007063407237
BH050,265,1821973,2.650000095367432,0.6393337204402523,7687,4,5,SHELF_NORMAL_Y_POS,-392.1574408023956,-20.81674579952917,689.4337567297406,31.28752326965332,135.2535400390625,-52.464988708496094,-0.0001373436389258,0.0007468595867976,-0.0010796918068081,-9.206144022755323e-05,0.0001356393331661,-0.0004175659269094,0.0005152153316885,152.63815396132154,0.4299666308769621,55.10637964632376,0.0580057489403933,0.3571644698394131
BH050,265,1821973,2.650000095367432,0.6393337204402523,6592,3,5,SHELF_NORMAL_Y_NEG,592.2175591976044,22.738223297176344,4589.433756729741,-84.89138793945312,27.05890846252441,42.31447219848633,-0.0004273955710232,-0.000152744614752,0.0004594774509314,2.4110335289151408e-05,-0.0004077263001818,-7.457813626388088e-05,0.0004597895604092,124.92935700342709,0.3519136816997946,2.1138600008551407,0.0339133929838217,0.379364011692263
BH050,265,1821973,2.650000095367432,0.6393337204402523,7690,1,1,SHELF_NORMAL_Y_POS,-310.96755919760443,-21.386331148337096,539.4337567297406,-175.1317138671875,-289.4324035644531,-140.41091918945312,-0.0004622178093995,-0.0013927534455433,-0.0021208964753896,-3.3639083994785324e-05,-0.0002427382278256,-0.0003488196525722,0.0003835926472675,350.5697066677242,0.9875203004724624,42.0221156595108,0.3283580748586228,0.3553389779109036
BH050,265,1821973,2.650000095367432,0.6393337204402523,8803,2,1,SHELF_NORMAL_Y_NEG,1246.8452994616207,24.99568236389409,4860.566243270259,-146.31753540039062,-102.7693862915039,34.04286575317383,-0.0048013404011726,-0.001406755996868,0.0013424780918285,-0.004240630660206,-0.0011209420626983,0.0009127901284955,0.0057617402635514,142.86411282634705,0.4024341206375973,-0.012680291850752,0.0630293586299207,0.4218543590981223
BH050,266,1828964,2.660000801086426,0.6369253513657258,5809,3,5,SIDE_NORMAL_X_POS,-1250.0,-24.15470053837925,439.4337567297406,117.81380462646484,-324.475830078125,-111.893310546875,0.1366655975580215,-0.2293917089700698,0.0461069829761981,0.1356196403503418,-0.2276450395584106,0.0475199036300182,0.2912717461585998,441.534514790977,1.2437591965943016,0.9277098308356804,0.4241603733779672,0.5385553506579153
BH050,266,1828964,2.660000801086426,0.6369253513657258,8857,1,1,SHELF_NORMAL_Y_NEG,1246.8452994616207,25.009422437046773,2189.4337567297407,-203.0565643310547,-295.84246826171875,-124.8324966430664,0.0006266041891649,-0.0065517439506947,-0.0041479985229671,0.0011813717428594,-0.0054111210629343,-0.0025725127197802,0.0059688496403396,339.7520210552068,0.9570479466343852,-0.0229513830931135,0.3233985378344052,0.3619825278703239
BH050,266,1828964,2.660000801086426,0.6369253513657258,7318,1,1,SHELF_NORMAL_Y_NEG,-29.717559197604437,30.49643744586834,860.5662432702593,409.6148681640625,198.8673553466797,-4.987410068511963,0.0024189320392906,0.0001323260512435,-7.641640695510432e-05,0.0007193323108367,-0.0002358825149713,-1.347287070530001e-05,0.0007564246188849,354.89176163832457,0.999695103206548,-71.16859140369982,0.3849582842157745,0.3849582842157745
BH050,266,1828964,2.660000801086426,0.6369253513657258,7687,4,5,SHELF_NORMAL_Y_POS,-392.1574408023956,-20.81674579952917,689.4337567297406,32.33653259277344,134.0490264892578,-51.75468063354492,-0.0001304982433794,0.0007394875283353,-0.0010707217734307,-9.206144022755323e-05,0.0001356393331661,-0.0004175659269094,0.0005152153316885,150.71746093662304,0.4245562279904874,55.49554582846344,0.0567630091171866,0.3571644698394131
BH050,266,1828964,2.660000801086426,0.6369253513657258,6592,3,5,SHELF_NORMAL_Y_NEG,592.2175591976044,22.738223297176344,4589.433756729741,-88.77348327636719,18.90172576904297,41.49840545654297,-0.0004343603213783,-0.0001866899547167,0.0004491809522733,2.4110335289151408e-05,-0.0004077263001818,-7.457813626388088e-05,0.0004597895604092,122.81014442148934,0.3459440687929277,2.060472229029745,0.0333066296305109,0.379364011692263
BH050,266,1828964,2.660000801086426,0.6369253513657258,7690,1,1,SHELF_NORMAL_Y_POS,-310.96755919760443,-21.386331148337096,539.4337567297406,-172.6073760986328,-285.97265625,-141.22161865234375,-0.0004549981676973,-0.0013796309940516,-0.0021311249583959,-3.3639083994785324e-05,-0.0002427382278256,-0.0003488196525722,0.0003835926472675,349.34698123703714,0.9840760034846116,42.28761097294666,0.3247677116462182,0.3553389779109036
BH050,266,1828964,2.660000801086426,0.6369253513657258,8803,2,1,SHELF_NORMAL_Y_NEG,1246.8452994616207,24.99568236389409,4860.566243270259,-145.5562286376953,-103.28463745117188,33.822975158691406,-0.0047969073057174,-0.0014103613793849,0.0013397015864029,-0.004240630660206,-0.0011209420626983,0.0009127901284955,0.0057617402635514,142.3115971057917,0.4008777383261738,-0.0126832063908159,0.0626595699413143,0.4218543590981223
BH050,267,1835954,2.6700000762939453,0.6362875513883439,5809,3,5,SIDE_NORMAL_X_POS,-1250.0,-24.15470053837925,439.4337567297406,119.36439514160156,-318.9997863769531,-86.72180938720703,0.1382724344730377,-0.2315165102481842,0.0464321449398994,0.1372266262769699,-0.2297943383455276,0.0475272759795188,0.2940346896648407,420.2950817668706,1.1839298077940017,0.9451587398191372,0.384689510230573,0.5385553506579153
BH050,267,1835954,2.6700000762939453,0.6362875513883439,8857,1,1,SHELF_NORMAL_Y_NEG,1246.8452994616207,25.009422437046773,2189.4337567297407,-202.4141845703125,-296.8179931640625,-123.7373504638672,0.0006311424076557,-0.0065574017353355,-0.0041341832838952,0.0011813717428594,-0.0054111210629343,-0.0025725127197802,0.0059688496403396,339.0059687211412,0.954946390763778,-0.0231585283522443,0.3224383630757849,0.3619825278703239
BH050,267,1835954,2.6700000762939453,0.6362875513883439,7318,1,1,SHELF_NORMAL_Y_NEG,-29.717559197604437,30.49643744586834,860.5662432702593,409.5984497070313,199.48651123046875,-5.088435649871826,0.0024308920837938,0.0001351150422124,-7.832495612092316e-05,0.000732262909878,-0.0002361234510317,-1.4106333765084855e-05,0.0007712234510108,354.87190500225813,0.9996391690204456,-71.6473752799311,0.3851702455010775,0.3851702455010775
BH050,267,1835954,2.6700000762939453,0.6362875513883439,7687,4,5,SHELF_NORMAL_Y_POS,-392.1574408023956,-20.81674579952917,689.4337567297406,32.709739685058594,133.4304962158203,-50.8611946105957,-0.0001277839328395,0.0007359348237514,-0.0010594426421448,-9.206144022755323e-05,0.0001356393331661,-0.0004175659269094,0.0005152153316885,149.23046252373317,0.4203675000668539,55.88855954705805,0.0557972893618259,0.3571644698394131
BH050,267,1835954,2.6700000762939453,0.6362875513883439,6592,3,5,SHELF_NORMAL_Y_NEG,592.2175591976044,22.738223297176344,4589.433756729741,-89.16558074951172,22.085716247558597,39.94182205200195,-0.0004409020475577,-0.0001706625334918,0.0004295342369005,2.4110335289151408e-05,-0.0004077263001818,-7.457813626388088e-05,0.0004597895604092,123.2623738800662,0.3472179545917357,2.079421725564752,0.03341709850803,0.379364011692263
BH050,267,1835954,2.6700000762939453,0.6362875513883439,7690,1,1,SHELF_NORMAL_Y_POS,-310.96755919760443,-21.386331148337096,539.4337567297406,-171.3367462158203,-283.7369079589844,-141.1369171142578,-0.000452083419077,-0.0013706298777833,-0.0021300597582012,-3.3639083994785324e-05,-0.0002427382278256,-0.0003488196525722,0.0003835926472675,347.8609536416385,0.9798900102581366,42.57643420135236,0.321552063124233,0.3553389779109036
BH050,267,1835954,2.6700000762939453,0.6362875513883439,8803,2,1,SHELF_NORMAL_Y_NEG,1246.8452994616207,24.99568236389409,4860.566243270259,-138.81585693359375,-102.03472900390624,37.31266021728516,-0.0047659976407885,-0.0014141086721792,0.0013837456936016,-0.004240630660206,-0.0011209420626983,0.0009127901284955,0.0057617402635514,140.3338645976659,0.3953066608384954,-0.0126023613439242,0.0602152555332766,0.4218543590981223
BH050,268,1842945,2.6800007820129395,0.6319666647576092,5809,3,5,SIDE_NORMAL_X_POS,-1250.0,-24.15470053837925,439.4337567297406,120.98418426513672,-328.5235290527344,-15.011512756347656,0.1398098915815353,-0.2336046695709228,0.0474246181547641,0.1387424319982528,-0.2318342179059982,0.047614574432373,0.2966373860836029,403.71657100447874,1.137229777477405,0.970414344533097,0.3568403180345474,0.5385553506579153
BH050,268,1842945,2.6800007820129395,0.6319666647576092,8857,1,1,SHELF_NORMAL_Y_NEG,1246.8452994616207,25.009422437046773,2189.4337567297407,-207.677490234375,-295.2886657714844,-124.35890197753906,0.0006033679237589,-0.0065423166379332,-0.0041420175693929,0.0011813717428594,-0.0054111210629343,-0.0025725127197802,0.0059688496403396,339.6997741892843,0.9569007723641813,-0.0233916479194149,0.3246383402342033,0.3619825278703239
BH050,268,1842945,2.6800007820129395,0.6319666647576092,7318,1,1,SHELF_NORMAL_Y_NEG,-29.717559197604437,30.49643744586834,860.5662432702593,409.7296447753906,203.80226135253903,-5.2925519943237305,0.0024423846043646,0.0001556949719088,-8.175412222044542e-05,0.0007493942975997,-0.0002362962404731,-1.4959273357817436e-05,0.000790913181845,354.9562630967612,0.9998767974556652,-72.3416202149107,0.3870555761598149,0.3870555761598149
BH050,268,1842945,2.6800007820129395,0.6319666647576092,7687,4,5,SHELF_NORMAL_Y_POS,-392.1574408023956,-20.81674579952917,689.4337567297406,33.21553039550781,131.82275390625,-50.445838928222656,-0.000122985249618,0.0007273885421454,-0.0010541995288804,-9.206144022755323e-05,0.0001356393331661,-0.0004175659269094,0.0005152153316885,147.43234113723696,0.4153023694006675,56.45198345849336,0.0545560150450833,0.3571644698394131
BH050,268,1842945,2.6800007820129395,0.6319666647576092,6592,3,5,SHELF_NORMAL_Y_NEG,592.2175591976044,22.738223297176344,4589.433756729741,-84.51620483398438,26.061317443847656,40.82307052612305,-0.0004241227579768,-0.0001581332908244,0.0004406589723657,2.4110335289151408e-05,-0.0004077263001818,-7.457813626388088e-05,0.0004597895604092,122.57387181336472,0.3452785121503232,2.106676133219997,0.0327107983559474,0.379364011692263
BH050,268,1842945,2.6800007820129395,0.6319666647576092,7690,1,1,SHELF_NORMAL_Y_POS,-310.96755919760443,-21.386331148337096,539.4337567297406,-170.21585083007812,-281.1334228515625,-142.02102661132812,-0.0004504333192016,-0.001359622227028,-0.0021412142086774,-3.3639083994785324e-05,-0.0002427382278256,-0.0003488196525722,0.0003835926472675,347.37010313180195,0.9785073327656392,42.99281989311263,0.3197404297201976,0.3553389779109036
BH050,268,1842945,2.6800007820129395,0.6319666647576092,8803,2,1,SHELF_NORMAL_Y_NEG,1246.8452994616207,24.99568236389409,4860.566243270259,-140.3631134033203,-101.38357543945312,30.8985652923584,-0.0047744424082338,-0.0014086992014199,0.001302795135416,-0.004240630660206,-0.0011209420626983,0.0009127901284955,0.0057617402635514,136.43343683971685,0.3843195403935686,-0.0126505351725425,0.0580829908789587,0.4218543590981223
BH050,269,1849935,2.690000057220459,0.6258943003296836,5809,3,5,SIDE_NORMAL_X_POS,-1250.0,-24.15470053837925,439.4337567297406,113.1331787109375,-317.0834350585937,-148.90853881835938,0.1412715315818786,-0.2355909943580627,0.0460598543286323,0.1402586847543716,-0.2338879108428955,0.0479398481547832,0.2992275357246399,464.4727512326388,1.3083739471341935,1.0004790827909245,0.4672811627860724,0.5385553506579153
BH050,269,1849935,2.690000057220459,0.6258943003296836,8857,1,1,SHELF_NORMAL_Y_NEG,1246.8452994616207,25.009422437046773,2189.4337567297407,-203.3235015869141,-291.72869873046875,-125.15702056884766,0.0006193172885105,-0.0065313428640365,-0.0041521172970533,0.0011813717428594,-0.0054111210629343,-0.0025725127197802,0.0059688496403396,337.8218743868971,0.9516109137659072,-0.023559925153382,0.3193996273056189,0.3619825278703239
BH050,269,1849935,2.690000057220459,0.6258943003296836,7318,1,1,SHELF_NORMAL_Y_NEG,-29.717559197604437,30.49643744586834,860.5662432702593,409.57073974609375,209.8785552978516,-5.322448253631592,0.0024530843365937,0.0001855522132245,-8.318262553075328e-05,0.0007696982938796,-0.0002361605002079,-1.6010551917133853e-05,0.0008144450257532,354.8549972117217,0.9995915414414698,-73.14870507197924,0.3892667216785813,0.3892667216785813
BH050,269,1849935,2.690000057220459,0.6258943003296836,7687,4,5,SHELF_NORMAL_Y_POS,-392.1574408023956,-20.81674579952917,689.4337567297406,33.5638313293457,130.7176055908203,-49.910247802734375,-0.0001196844168589,0.000721514574252,-0.0010474367300048,-9.206144022755323e-05,0.0001356393331661,-0.0004175659269094,0.0005152153316885,145.94292729100252,0.4111068374394437,57.11253857624931,0.0535555501856903,0.3571644698394131
BH050,269,1849935,2.690000057220459,0.6258943003296836,6592,3,5,SHELF_NORMAL_Y_NEG,592.2175591976044,22.738223297176344,4589.433756729741,-86.78811645507812,21.15464401245117,38.65205001831055,-0.0004280056455172,-0.0001786428329069,0.0004132597532588,2.4110335289151408e-05,-0.0004077263001818,-7.457813626388088e-05,0.0004597895604092,119.57261702031118,0.3368242732966512,2.019489994628059,0.0314704331786037,0.379364011692263
BH050,269,1849935,2.690000057220459,0.6258943003296836,7690,1,1,SHELF_NORMAL_Y_POS,-310.96755919760443,-21.386331148337096,539.4337567297406,-169.33001708984375,-278.677978515625,-142.38052368164062,-0.000449708168162,-0.0013490003766492,-0.0021457450930029,-3.3639083994785324e-05,-0.0002427382278256,-0.0003488196525722,0.0003835926472675,346.3555457967473,0.97564942477957,43.49344025045487,0.3172884072437776,0.3553389779109036
BH050,269,1849935,2.690000057220459,0.6258943003296836,8803,2,1,SHELF_NORMAL_Y_NEG,1246.8452994616207,24.99568236389409,4860.566243270259,-134.39669799804688,-97.72057342529295,36.96025848388672,-0.0047508073039352,-0.0013996033230796,0.0013793007237836,-0.004240630660206,-0.0011209420626983,0.0009127901284955,0.0057617402635514,136.29615779653653,0.3839328388634832,-0.01251981315362,0.05652588309959,0.4218543590981223
BH050,270,1856926,2.700000762939453,0.6217423439026811,5809,3,5,SIDE_NORMAL_X_POS,-1250.0,-24.15470053837925,439.4337567297406,126.69116973876952,-323.0359191894531,60.22357940673828,0.1427843421697616,-0.2376001924276352,0.0489909090101718,0.1416970193386078,-0.2358488142490387,0.0482313446700573,0.3016722798347473,414.98107739484,1.1689607813939151,1.0253393895142646,0.3745279968545988,0.5385553506579153
BH050,270,1856926,2.700000762939453,0.6217423439026811,8857,1,1,SHELF_NORMAL_Y_NEG,1246.8452994616207,25.009422437046773,2189.4337567297407,-204.9394073486328,-290.7651672363281,-125.45703887939452,0.0006100644241087,-0.0065243048593401,-0.0041559096425771,0.0011813717428594,-0.0054111210629343,-0.0025725127197802,0.0059688496403396,337.89600164029355,0.9518197229304044,-0.023930669265277,0.3197135033848823,0.3619825278703239
BH050,270,1856926,2.700000762939453,0.6217423439026811,7318,1,1,SHELF_NORMAL_Y_NEG,-29.717559197604437,30.49643744586834,860.5662432702593,409.5824279785156,212.94371032714844,-5.495018005371094,0.0024640983901917,0.0002007408620556,-8.618524589110166e-05,0.0007851076079532,-0.0002358318015467,-1.6834927009767853e-05,0.0008324373047798,354.9300957185222,0.9998030865310484,-73.82073379658696,0.3906178720559291,0.3906178720559291
BH050,270,1856926,2.700000762939453,0.6217423439026811,7687,4,5,SHELF_NORMAL_Y_POS,-392.1574408023956,-20.81674579952917,689.4337567297406,34.22065353393555,129.85546875,-49.32841110229492,-0.0001152400363935,0.0007163702393881,-0.0010400911560282,-9.206144022755323e-05,0.0001356393331661,-0.0004175659269094,0.0005152153316885,144.53246456288767,0.4071337029940498,57.65718524448518,0.0526712002980739,0.3571644698394131
BH050,270,1856926,2.700000762939453,0.6217423439026811,6592,3,5,SHELF_NORMAL_Y_NEG,592.2175591976044,22.738223297176344,4589.433756729741,-85.07095336914062,17.00624656677246,39.61893081665039,-0.000413627072703,-0.0002012824115809,0.0004254626401234,2.4110335289151408e-05,-0.0004077263001818,-7.457813626388088e-05,0.0004597895604092,116.9700652955873,0.3294931416777107,1.987781524758286,0.0302804676994185,0.379364011692263
BH050,270,1856926,2.700000762939453,0.6217423439026811,7690,1,1,SHELF_NORMAL_Y_POS,-310.96755919760443,-21.386331148337096,539.4337567297406,-167.49497985839844,-276.1012878417969,-143.14466857910156,-0.0004445544618647,-0.0013391508255153,-0.0021553896367549,-3.3639083994785324e-05,-0.0002427382278256,-0.0003488196525722,0.0003835926472675,345.7052186583056,0.9738175173473398,43.8940965702631,0.3150651151564304,0.3553389779109036
BH050,270,1856926,2.700000762939453,0.6217423439026811,8803,2,1,SHELF_NORMAL_Y_NEG,1246.8452994616207,24.99568236389409,4860.566243270259,-132.7447052001953,-96.70748138427734,36.68439483642578,-0.004744260571897,-0.0013970906147733,0.0013758225832134,-0.004240630660206,-0.0011209420626983,0.0009127901284955,0.0057617402635514,134.80846442605963,0.379742153312844,-0.0125219783495342,0.0552789434846221,0.4218543590981223
BH050,271,1863916,2.7100000381469727,0.6198002543617834,5809,3,5,SIDE_NORMAL_X_POS,-1250.0,-24.15470053837925,439.4337567297406,121.1548843383789,-357.00762939453125,116.87840270996094,0.1441734433174133,-0.2396149188280105,0.0498939864337444,0.1430635303258896,-0.2377067506313324,0.0484194122254848,0.3040101230144501,475.7813095869337,1.340229041089954,1.045306110365562,0.4938681913220637,0.5385553506579153
BH050,271,1863916,2.7100000381469727,0.6198002543617834,8857,1,1,SHELF_NORMAL_Y_NEG,1246.8452994616207,25.009422437046773,2189.4337567297407,-193.9851837158203,-286.8062744140625,-124.20146942138672,0.0006574732251465,-0.0065210172906517,-0.0041400771588087,0.0011813717428594,-0.0054111210629343,-0.0025725127197802,0.0059688496403396,332.4604303233216,0.9365082544318918,-0.0241972604377598,0.3073320203712982,0.3619825278703239
BH050,271,1863916,2.7100000381469727,0.6198002543617834,7318,1,1,SHELF_NORMAL_Y_NEG,-29.717559197604437,30.49643744586834,860.5662432702593,409.3948364257813,213.2511138916016,-5.450602054595947,0.0024720770306885,0.0002027635637205,-8.614170656073838e-05,0.0007944401586428,-0.0002355644537601,-1.7352162103634328e-05,0.0008433755137957,354.7751287324209,0.9993665598096364,-74.36449572339602,0.3904340945639233,0.3906178720559291
BH050,271,1863916,2.7100000381469727,0.6198002543617834,7687,4,5,SHELF_NORMAL_Y_POS,-392.1574408023956,-20.81674579952917,689.4337567297406,34.65874481201172,128.61419677734375,-48.43283462524414,-0.0001113054167944,0.0007097069756127,-0.0010287875775247,-9.206144022755323e-05,0.0001356393331661,-0.0004175659269094,0.0005152153316885,142.55683774840958,0.4015685570377734,58.08973907902343,0.0513927837172064,0.3571644698394131
BH050,271,1863916,2.7100000381469727,0.6198002543617834,6592,3,5,SHELF_NORMAL_Y_NEG,592.2175591976044,22.738223297176344,4589.433756729741,-82.40534210205078,19.056589126586918,39.90359878540039,-0.0004036748141516,-0.0001952113379957,0.0004290549550205,2.4110335289151408e-05,-0.0004077263001818,-7.457813626388088e-05,0.0004597895604092,116.19402020090712,0.3273070991574848,1.98688368096696,0.0296993706576763,0.379364011692263
BH050,271,1863916,2.7100000381469727,0.6198002543617834,7690,1,1,SHELF_NORMAL_Y_POS,-310.96755919760443,-21.386331148337096,539.4337567297406,-166.01161193847656,-273.3675537109375,-143.25856018066406,-0.0004413340939208,-0.0013280474813655,-0.0021568194497376,-3.3639083994785324e-05,-0.0002427382278256,-0.0003488196525722,0.0003835926472675,344.2042005440864,0.9695892973072856,44.21242275036733,0.3116823735800458,0.3553389779109036
BH050,271,1863916,2.7100000381469727,0.6198002543617834,8803,2,1,SHELF_NORMAL_Y_NEG,1246.8452994616207,24.99568236389409,4860.566243270259,-135.5011444091797,-96.39993286132812,36.1102294921875,-0.0047580995596945,-0.0013915826566517,0.0013685777084901,-0.004240630660206,-0.0011209420626983,0.0009127901284955,0.0057617402635514,136.0259239634976,0.3831716167985848,-0.0124649279942072,0.0563397615717267,0.4218543590981223
BH050,272,1870907,2.720000743865967,0.6176054817085858,5809,3,5,SIDE_NORMAL_X_POS,-1250.0,-24.15470053837925,439.4337567297406,121.99568939208984,-340.92047119140625,56.38231658935547,0.1456536054611206,-0.2415879964828491,0.0493083260953426,0.1445628851652145,-0.2397566586732864,0.048597365617752,0.3065697848796844,426.8927742307667,1.2025148569880753,1.069009654886179,0.3986320970482579,0.5385553506579153
BH050,272,1870907,2.720000743865967,0.6176054817085858,8857,1,1,SHELF_NORMAL_Y_NEG,1246.8452994616207,25.009422437046773,2189.4337567297407,-202.4476318359375,-288.7836608886719,-125.33163452148438,0.0006192731671035,-0.0065183015540242,-0.0041543347761034,0.0011813717428594,-0.0054111210629343,-0.0025725127197802,0.0059688496403396,336.2164987145923,0.9470887287734996,-0.0241980917163964,0.31590060964804,0.3619825278703239
BH050,272,1870907,2.720000743865967,0.6176054817085858,7318,1,1,SHELF_NORMAL_Y_NEG,-29.717559197604437,30.49643744586834,860.5662432702593,409.3485107421875,216.6676177978516,-5.580873489379883,0.002478176029399,0.0002198097354266,-8.841505768941715e-05,0.0008057375671342,-0.0002351695147808,-1.7981092241825536e-05,0.0008566592005081,354.84071303071755,0.9995513043118804,-74.93044780049054,0.3918921064900502,0.3918921064900502
BH050,272,1870907,2.720000743865967,0.6176054817085858,7687,4,5,SHELF_NORMAL_Y_POS,-392.1574408023956,-20.81674579952917,689.4337567297406,35.48139190673828,128.33053588867188,-48.22070693969727,-0.0001068983037839,0.0007071297150105,-0.0010261128190904,-9.206144022755323e-05,0.0001356393331661,-0.0004175659269094,0.0005152153316885,141.95076367860108,0.3998613061369044,58.55365721278451,0.0510867748844251,0.3571644698394131
BH050,272,1870907,2.720000743865967,0.6176054817085858,6592,3,5,SHELF_NORMAL_Y_NEG,592.2175591976044,22.738223297176344,4589.433756729741,-84.91106414794922,20.064119338989254,37.96333694458008,-0.0004173084162175,-0.0001866712409537,0.0004045672249048,2.4110335289151408e-05,-0.0004077263001818,-7.457813626388088e-05,0.0004597895604092,116.78941852648524,0.328984277539395,1.9592579300895308,0.0300536163379308,0.379364011692263
BH050,272,1870907,2.720000743865967,0.6176054817085858,7690,1,1,SHELF_NORMAL_Y_POS,-310.96755919760443,-21.386331148337096,539.4337567297406,-164.64344787597656,-271.0055236816406,-144.14437866210938,-0.0004381307808216,-0.0013185716234147,-0.0021679906640201,-3.3639083994785324e-05,-0.0002427382278256,-0.0003488196525722,0.0003835926472675,343.8967587543193,0.968723264096674,44.555336039666855,0.3101787888639254,0.3553389779109036
BH050,272,1870907,2.720000743865967,0.6176054817085858,8803,2,1,SHELF_NORMAL_Y_NEG,1246.8452994616207,24.99568236389409,4860.566243270259,-127.66889190673828,-94.2762451171875,31.622583389282227,-0.0047231675125658,-0.0013926846440881,0.0013119347859174,-0.004240630660206,-0.0011209420626983,0.0009127901284955,0.0057617402635514,127.08727689067618,0.3579923292695103,-0.0125162762252753,0.0499292036492327,0.4218543590981223
BH050,273,1877897,2.7300000190734863,0.6142183781394642,5809,3,5,SIDE_NORMAL_X_POS,-1250.0,-24.15470053837925,439.4337567297406,121.99108123779295,-331.4878234863281,11.839618682861328,0.1470093876123428,-0.2434338480234146,0.0489228963851928,0.145932599902153,-0.2416486740112304,0.0487741269171237,0.3088940978050232,406.97062392412965,1.1463961237299427,1.0928142143750716,0.3622784238735693,0.5385553506579153
BH050,273,1877897,2.7300000190734863,0.6142183781394642,8857,1,1,SHELF_NORMAL_Y_NEG,1246.8452994616207,25.009422437046773,2189.4337567297407,-199.6529541015625,-287.7695617675781,-128.52838134765625,0.0006313651101663,-0.0065174628980457,-0.0041946843266487,0.0011813717428594,-0.0054111210629343,-0.0025725127197802,0.0059688496403396,338.7878600090641,0.9543320000255326,-0.0241768524231997,0.3183493454582514,0.3619825278703239
BH050,273,1877897,2.7300000190734863,0.6142183781394642,7318,1,1,SHELF_NORMAL_Y_NEG,-29.717559197604437,30.49643744586834,860.5662432702593,409.1539306640625,219.4100341796875,-5.776960372924805,0.0024856554809957,0.0002339579514227,-9.159104956779628e-05,0.0008181410958059,-0.0002346106921322,-1.868226718215737e-05,0.0008713210118003,354.7891542568342,0.9994060683291104,-75.53077764752568,0.3928519901371128,0.3928519901371128
BH050,273,1877897,2.7300000190734863,0.6142183781394642,7687,4,5,SHELF_NORMAL_Y_POS,-392.1574408023956,-20.81674579952917,689.4337567297406,36.4423713684082,127.95409393310548,-47.42237091064453,-0.0001016847600112,0.0007039022748358,-0.0010160383535549,-9.206144022755323e-05,0.0001356393331661,-0.0004175659269094,0.0005152153316885,140.6555713945835,0.3962128771678408,59.05121319384793,0.050378711378733,0.3571644698394131
BH050,273,1877897,2.7300000190734863,0.6142183781394642,6592,3,5,SHELF_NORMAL_Y_NEG,592.2175591976044,22.738223297176344,4589.433756729741,-81.14540100097656,21.88980484008789,38.82499694824219,-0.0004016861203126,-0.000183292737347,0.0004154419584665,2.4110335289151408e-05,-0.0004077263001818,-7.457813626388088e-05,0.0004597895604092,115.59471361278386,0.3256189115853066,1.9914405446754688,0.0292448838341043,0.379364011692263
BH050,273,1877897,2.7300000190734863,0.6142183781394642,7690,1,1,SHELF_NORMAL_Y_POS,-310.96755919760443,-21.386331148337096,539.4337567297406,-163.11328125,-269.0945129394531,-144.2987823486328,-0.0004334819095674,-0.0013115359470248,-0.002169934567064,-3.3639083994785324e-05,-0.0002427382278256,-0.0003488196525722,0.0003835926472675,342.9159171053928,0.965960329874346,44.93074519353501,0.3077973160696525,0.3553389779109036
BH050,273,1877897,2.7300000190734863,0.6142183781394642,8803,2,1,SHELF_NORMAL_Y_NEG,1246.8452994616207,24.99568236389409,4860.566243270259,-128.62852478027344,-94.38417053222656,33.48997116088867,-0.0047276620753109,-0.0013918131589889,0.0013355100527405,-0.004240630660206,-0.0011209420626983,0.0009127901284955,0.0057617402635514,129.1429708544265,0.3637830164913422,-0.0124143879904937,0.0511906193675762,0.4218543590981223
BH050,274,1884888,2.7400007247924805,0.6112950910664651,5809,3,5,SIDE_NORMAL_X_POS,-1250.0,-24.15470053837925,439.4337567297406,120.78791809082033,-352.7240905761719,100.59139251708984,0.148395225405693,-0.2454153597354889,0.0502093881368637,0.1472937017679214,-0.2435289621353149,0.0489404313266277,0.3112127780914306,460.39624079292577,1.296890819135002,1.1143790996108671,0.4627859369482203,0.5385553506579153
BH050,274,1884888,2.7400007247924805,0.6112950910664651,8857,1,1,SHELF_NORMAL_Y_NEG,1246.8452994616207,25.009422437046773,2189.4337567297407,-198.1823883056641,-286.8937072753906,-126.93383026123048,0.0006372333155013,-0.0065153487958014,-0.0041745621711015,0.0011813717428594,-0.0054111210629343,-0.0025725127197802,0.0059688496403396,336.2492676652429,0.9471810356767404,-0.0240653901292481,0.3140044434484074,0.3619825278703239
BH050,274,1884888,2.7400007247924805,0.6112950910664651,7318,1,1,SHELF_NORMAL_Y_NEG,-29.717559197604437,30.49643744586834,860.5662432702593,409.2353820800781,221.7295379638672,-5.657498836517334,0.0024938913993537,0.0002456934016663,-9.073224646272138e-05,0.0008293617283925,-0.0002340168575756,-1.9331055227667093e-05,0.0008846388082019,354.9563855519024,0.999877142399725,-76.05812418201646,0.3940780543131793,0.3940780543131793
BH050,274,1884888,2.7400007247924805,0.6112950910664651,7687,4,5,SHELF_NORMAL_Y_POS,-392.1574408023956,-20.81674579952917,689.4337567297406,36.9256477355957,127.0536117553711,-46.48042297363281,-9.802864951780066e-05,0.000698827789165,-0.0010041501373052,-9.206144022755323e-05,0.0001356393331661,-0.0004175659269094,0.0005152153316885,138.90959638911684,0.391294637715822,59.48762896566972,0.0493074366327029,0.3571644698394131
BH050,274,1884888,2.7400007247924805,0.6112950910664651,6592,3,5,SHELF_NORMAL_Y_NEG,592.2175591976044,22.738223297176344,4589.433756729741,-83.432373046875,17.077756881713867,38.89923477172852,-0.0004057793412357,-0.0002033216005656,0.0004163773846812,2.4110335289151408e-05,-0.0004077263001818,-7.457813626388088e-05,0.0004597895604092,114.9647764873267,0.3238444408093709,1.9738005027714984,0.0292278455186974,0.379364011692263
BH050,274,1884888,2.7400007247924805,0.6112950910664651,7690,1,1,SHELF_NORMAL_Y_POS,-310.96755919760443,-21.386331148337096,539.4337567297406,-161.6031494140625,-267.0172119140625,-144.59567260742188,-0.0004291773075237,-0.0013036535819992,-0.0021736824419349,-3.3639083994785324e-05,-0.0002427382278256,-0.0003488196525722,0.0003835926472675,342.03314543506855,0.9634736491128691,45.25616341599896,0.3055268501524838,0.3553389779109036
BH050,274,1884888,2.7400007247924805,0.6112950910664651,8803,2,1,SHELF_NORMAL_Y_NEG,1246.8452994616207,24.99568236389409,4860.566243270259,-128.43089294433594,-93.41246795654295,32.341529846191406,-0.0047281198203563,-0.0013873815769329,0.0013210102915763,-0.004240630660206,-0.0011209420626983,0.0009127901284955,0.0057617402635514,127.91114266863124,0.3603130779398062,-0.0123986785251631,0.0503560001167785,0.4218543590981223
BH050,275,1891878,2.75,0.6095153035276923,5809,3,5,SIDE_NORMAL_X_POS,-1250.0,-24.15470053837925,439.4337567297406,123.39397430419922,-342.0526123046875,119.06227111816406,0.1498841494321823,-0.2474316358566284,0.0505414940416812,0.1487852483987808,-0.2455930262804031,0.0490394085645675,0.313759833574295,465.7904753683792,1.3120858461081104,1.13302994366566,0.4714785328238451,0.5385553506579153
BH050,275,1891878,2.75,0.6095153035276923,8857,1,1,SHELF_NORMAL_Y_NEG,1246.8452994616207,25.009422437046773,2189.4337567297407,-189.56475830078125,-283.8504638671875,-130.41224670410156,0.0006746313301846,-0.0065131289884448,-0.0042184647172689,0.0011813717428594,-0.0054111210629343,-0.0025725127197802,0.0059688496403396,337.2238145830413,0.9499262382620882,-0.0239177197501456,0.311769882406949,0.3619825278703239
BH050,275,1891878,2.75,0.6095153035276923,7318,1,1,SHELF_NORMAL_Y_NEG,-29.717559197604437,30.49643744586834,860.5662432702593,408.9534606933594,223.41717529296875,-5.841261863708496,0.0025037883315235,0.0002551465586293,-9.386615420226008e-05,0.0008430781308561,-0.0002331655414309,-2.014593883359339e-05,0.000900998013094,354.814460295872,0.9994773529461184,-76.56014802705783,0.3944420250479518,0.3944420250479518
BH050,275,1891878,2.75,0.6095153035276923,7687,4,5,SHELF_NORMAL_Y_POS,-392.1574408023956,-20.81674579952917,689.4337567297406,37.99763488769531,125.73571014404295,-45.9747428894043,-9.09047230379656e-05,0.0006908685318194,-0.0009977641748264,-9.206144022755323e-05,0.0001356393331661,-0.0004175659269094,0.0005152153316885,137.1738328083292,0.3864051628403639,59.8891699202189,0.0482726647051562,0.3571644698394131
BH050,275,1891878,2.75,0.6095153035276923,6592,3,5,SHELF_NORMAL_Y_NEG,592.2175591976044,22.738223297176344,4589.433756729741,-85.04993438720703,15.690922737121582,37.58295440673828,-0.000411611952586,-0.0002076986274914,0.0003997635212726,2.4110335289151408e-05,-0.0004077263001818,-7.457813626388088e-05,0.0004597895604092,114.24379077522931,0.321813495141491,1.9896715674690704,0.0290121657121682,0.379364011692263
BH050,275,1891878,2.75,0.6095153035276923,7690,1,1,SHELF_NORMAL_Y_POS,-310.96755919760443,-21.386331148337096,539.4337567297406,-160.2243194580078,-265.41656494140625,-144.80450439453125,-0.0004248143814038,-0.001297888229601,-0.0021763162221759,-3.3639083994785324e-05,-0.0002427382278256,-0.0003488196525722,0.0003835926472675,341.316027281603,0.9614535979763464,45.549511517739695,0.3036710638920969,0.3553389779109036
BH050,275,1891878,2.75,0.6095153035276923,8803,2,1,SHELF_NORMAL_Y_NEG,1246.8452994616207,24.99568236389409,4860.566243270259,-126.88581848144533,-91.9912338256836,34.893917083740234,-0.0047226869501173,-0.0013827360235154,0.0013532232260331,-0.004240630660206,-0.0011209420626983,0.0009127901284955,0.0057617402635514,128.61870541926947,0.3623062124486464,-0.0123451162522408,0.0503146465192802,0.4218543590981223
BH050,276,1898869,2.760000705718994,0.6064148985630209,5809,3,5,SIDE_NORMAL_X_POS,-1250.0,-24.15470053837925,439.4337567297406,125.36522674560548,-343.5492248535156,98.61041259765624,0.1513668894767761,-0.249479740858078,0.0504481680691242,0.1502562463283538,-0.2476308047771453,0.0492041818797588,0.316273957490921,453.8542462779285,1.2784626655716294,1.1563892117698389,0.4484024064844246,0.5385553506579153
BH050,276,1898869,2.760000705718994,0.6064148985630209,8857,1,1,SHELF_NORMAL_Y_NEG,1246.8452994616207,25.009422437046773,2189.4337567297407,-192.00498962402344,-282.811767578125,-128.49237060546875,0.0006612815195694,-0.0065045109950006,-0.0041942191310226,0.0011813717428594,-0.0054111210629343,-0.0025725127197802,0.0059688496403396,334.78053905989594,0.9430437719997068,-0.0240836510293822,0.3087360847689592,0.3619825278703239
BH050,276,1898869,2.760000705718994,0.6064148985630209,7318,1,1,SHELF_NORMAL_Y_NEG,-29.717559197604437,30.49643744586834,860.5662432702593,408.4849243164063,226.5662841796875,-6.024895668029785,0.0025126372929662,0.0002722319040913,-9.713979670777916e-05,0.0008587844786234,-0.000232050413615,-2.110159766743891e-05,0.0009198196348734,354.6155681557339,0.9989170933964336,-77.12824457096512,0.3952436723218919,0.3952436723218919
BH050,276,1898869,2.760000705718994,0.6064148985630209,7687,4,5,SHELF_NORMAL_Y_POS,-392.1574408023956,-20.81674579952917,689.4337567297406,38.95248794555664,125.50553894042967,-45.108619689941406,-8.59341089380905e-05,0.0006883577443659,-0.0009868340566754,-9.206144022755323e-05,0.0001356393331661,-0.0004175659269094,0.0005152153316885,135.95788443556364,0.3829799561565173,60.355455232477446,0.0476505584538174,0.3571644698394131
BH050,276,1898869,2.760000705718994,0.6064148985630209,6592,3,5,SHELF_NORMAL_Y_NEG,592.2175591976044,22.738223297176344,4589.433756729741,-79.79972076416016,18.3287353515625,40.16618347167969,-0.0003899679286405,-0.0002025393332587,0.0004323688626755,2.4110335289151408e-05,-0.0004077263001818,-7.457813626388088e-05,0.0004597895604092,114.0461872255374,0.321256865424049,1.9891983605027923,0.0285833786844196,0.379364011692263
BH050,276,1898869,2.760000705718994,0.6064148985630209,7690,1,1,SHELF_NORMAL_Y_POS,-310.96755919760443,-21.386331148337096,539.4337567297406,-158.90638732910156,-263.2467346191406,-145.21466064453125,-0.0004215746594127,-0.0012892729137092,-0.0021815111394971,-3.3639083994785324e-05,-0.0002427382278256,-0.0003488196525722,0.0003835926472675,340.55893564174096,0.9593209454696928,45.897327903296265,0.3016300682731307,0.3553389779109036
BH050,276,1898869,2.760000705718994,0.6064148985630209,8803,2,1,SHELF_NORMAL_Y_NEG,1246.8452994616207,24.99568236389409,4860.566243270259,-120.38077545166016,-89.70065307617188,36.45868682861328,-0.0046944618225097,-0.0013810917735099,0.0013729729689657,-0.004240630660206,-0.0011209420626983,0.0009127901284955,0.0057617402635514,125.4081800386464,0.3532624789821025,-0.0123376000526148,0.0473797633969825,0.4218543590981223
BH050,277,1905859,2.7699999809265137,0.602893613677266,5809,3,5,SIDE_NORMAL_X_POS,-1250.0,-24.15470053837925,439.4337567297406,109.89653778076172,-347.387451171875,-78.98046112060547,0.1527479290962219,-0.2514868080615997,0.0484116673469543,0.1517072170972824,-0.2496421039104461,0.0494091287255287,0.3187544345855713,435.4833040618585,1.2267135325686156,1.1827966911058174,0.4167942135371677,0.5385553506579153
BH050,277,1905859,2.7699999809265137,0.602893613677266,8857,1,1,SHELF_NORMAL_Y_NEG,1246.8452994616207,25.009422437046773,2189.4337567297407,-192.1773834228516,-281.768310546875,-130.93614196777344,0.0006589238182641,-0.0064991936087608,-0.0042250622063875,0.0011813717428594,-0.0054111210629343,-0.0025725127197802,0.0059688496403396,337.05912047522577,0.9494623111978192,-0.0242763562693885,0.3116884558481705,0.3619825278703239
BH050,277,1905859,2.7699999809265137,0.602893613677266,7318,1,1,SHELF_NORMAL_Y_NEG,-29.717559197604437,30.49643744586834,860.5662432702593,408.2885437011719,229.3372039794922,-5.9192094802856445,0.0025219416711479,0.0002871405740734,-9.667687118053436e-05,0.0008730854606255,-0.0002308842522324,-2.1972766262479126e-05,0.0009370531188324,354.6328328568634,0.9989657263573616,-77.74127390590985,0.3963257589303399,0.3963257589303399
BH050,277,1905859,2.7699999809265137,0.602893613677266,7687,4,5,SHELF_NORMAL_Y_POS,-392.1574408023956,-20.81674579952917,689.4337567297406,39.65942001342773,124.68123626708984,-44.21104049682617,-8.130243804771453e-05,0.0006833270308561,-0.0009755101636983,-9.206144022755323e-05,0.0001356393331661,-0.0004175659269094,0.0005152153316885,134.30317591709226,0.3783188054002599,60.86007343435259,0.0466973402431359,0.3571644698394131
BH050,277,1905859,2.7699999809265137,0.602893613677266,6592,3,5,SHELF_NORMAL_Y_NEG,592.2175591976044,22.738223297176344,4589.433756729741,-84.73229217529297,15.351635932922363,36.18230056762695,-0.0004095757612958,-0.0002098077093251,0.0003820863494183,2.4110335289151408e-05,-0.0004077263001818,-7.457813626388088e-05,0.0004597895604092,112.4432745317905,0.3167416183994098,1.955976711966756,0.0281546009517944,0.379364011692263
BH050,277,1905859,2.7699999809265137,0.602893613677266,7690,1,1,SHELF_NORMAL_Y_POS,-310.96755919760443,-21.386331148337096,539.4337567297406,-157.46192932128906,-260.9427490234375,-145.59957885742188,-0.0004179157840553,-0.0012802004348486,-0.002186378929764,-3.3639083994785324e-05,-0.0002427382278256,-0.0003488196525722,0.0003835926472675,339.6977198042927,0.9568949853642048,46.27460660306231,0.2993812011666974,0.3553389779109036
BH050,277,1905859,2.7699999809265137,0.602893613677266,8803,2,1,SHELF_NORMAL_Y_NEG,1246.8452994616207,24.99568236389409,4860.566243270259,-118.77367401123048,-88.19544982910156,34.20379638671875,-0.0046888715587556,-0.0013761202571913,0.0013445087242871,-0.004240630660206,-0.0011209420626983,0.0009127901284955,0.0057617402635514,122.14755201476784,0.3440776113092052,-0.0123073948838941,0.0452631719655683,0.4218543590981223
BH050,278,1912850,2.780000686645508,0.5996405000220116,5809,3,5,SIDE_NORMAL_X_POS,-1250.0,-24.15470053837925,439.4337567297406,118.44612121582033,-345.1578063964844,36.49085998535156,0.1543553471565246,-0.2536612749099731,0.0500394962728023,0.1532763540744781,-0.2518143653869629,0.049579344689846,0.3214371502399444,421.9487491508205,1.188588025776959,1.2075944129542855,0.3909164790578369,0.5385553506579153
BH050,278,1912850,2.780000686645508,0.5996405000220116,8857,1,1,SHELF_NORMAL_Y_NEG,1246.8452994616207,25.009422437046773,2189.4337567297407,-194.05186462402344,-280.1987609863281,-131.6046142578125,0.0006475350819528,-0.0064888442866504,-0.0042334827594459,0.0011813717428594,-0.0054111210629343,-0.0025725127197802,0.0059688496403396,337.2739291279991,0.9500674059943636,-0.0245441854327367,0.3120847190628226,0.3619825278703239
BH050,278,1912850,2.780000686645508,0.5996405000220116,7318,1,1,SHELF_NORMAL_Y_NEG,-29.717559197604437,30.49643744586834,860.5662432702593,408.2034912109375,231.8014373779297,-6.003177165985107,0.0025338882114738,0.0003006914630532,-9.870254143606871e-05,0.0008890296448953,-0.0002294118603458,-2.293890247528907e-05,0.0009563792264088,354.75055322035286,0.9992973330150784,-78.34741543477921,0.3974832567712418,0.3974832567712418
BH050,278,1912850,2.780000686645508,0.5996405000220116,7687,4,5,SHELF_NORMAL_Y_POS,-392.1574408023956,-20.81674579952917,689.4337567297406,40.8114013671875,124.99701690673828,-43.735477447509766,-7.61704141041264e-05,0.0006831849459558,-0.0009695123299024,-9.206144022755323e-05,0.0001356393331661,-0.0004175659269094,0.0005152153316885,133.891363624171,0.3771587707723126,61.351809018111865,0.0466222200469681,0.3571644698394131
BH050,278,1912850,2.780000686645508,0.5996405000220116,6592,3,5,SHELF_NORMAL_Y_NEG,592.2175591976044,22.738223297176344,4589.433756729741,-79.7098617553711,16.232669830322266,38.267208099365234,-0.0003864773898385,-0.0002128465421264,0.0004084006941411,2.4110335289151408e-05,-0.0004077263001818,-7.457813626388088e-05,0.0004597895604092,110.92431269174747,0.3124628526528097,1.9324896293889504,0.0271869349944698,0.379364011692263
BH050,278,1912850,2.780000686645508,0.5996405000220116,7690,1,1,SHELF_NORMAL_Y_POS,-310.96755919760443,-21.386331148337096,539.4337567297406,-155.84481811523438,-258.5862731933594,-145.98272705078125,-0.0004134963382966,-0.0012711165472865,-0.0021912031807005,-3.3639083994785324e-05,-0.0002427382278256,-0.0003488196525722,0.0003835926472675,338.80378849126595,0.9543768689894816,46.63796733729579,0.2970324926062107,0.3553389779109036
BH050,278,1912850,2.780000686645508,0.5996405000220116,8803,2,1,SHELF_NORMAL_Y_NEG,1246.8452994616207,24.99568236389409,4860.566243270259,-118.38636016845705,-87.1488265991211,32.31635284423828,-0.0046885102055966,-0.0013716041576117,0.001320690033026,-0.004240630660206,-0.0011209420626983,0.0009127901284955,0.0057617402635514,120.10851702097264,0.3383338507633032,-0.0122319860095704,0.0440320749061154,0.4218543590981223
BH050,279,1919840,2.789999961853028,0.5966785649209346,5809,3,5,SIDE_NORMAL_X_POS,-1250.0,-24.15470053837925,439.4337567297406,117.63951873779295,-336.2957763671875,-13.296518325805664,0.1558680534362793,-0.2557399570941925,0.0495462268590927,0.1548060327768325,-0.2539373636245727,0.0497145056724548,0.3240474760532379,408.6881097553766,1.1512341119869764,1.2306950863159574,0.3665563332508795,0.5385553506579153
BH050,279,1919840,2.789999961853028,0.5966785649209346,8857,1,1,SHELF_NORMAL_Y_NEG,1246.8452994616207,25.009422437046773,2189.4337567297407,-197.970703125,-280.1010131835937,-130.95591735839844,0.0006283678230829,-0.0064826495945453,-0.0042253066785633,0.0011813717428594,-0.0054111210629343,-0.0025725127197802,0.0059688496403396,337.11354056139714,0.9496156072152032,-0.0248524983742473,0.3130325259246997,0.3619825278703239
BH050,279,1919840,2.789999961853028,0.5966785649209346,7318,1,1,SHELF_NORMAL_Y_NEG,-29.717559197604437,30.49643744586834,860.5662432702593,408.0074462890625,234.4460601806641,-6.041519641876221,0.0025409928057342,0.0003150129050482,-9.992475679609925e-05,0.0009009290370158,-0.0002282074128743,-2.367713204876054e-05,0.0009708715369924,354.80810719804964,0.9994594568959144,-78.9216832840506,0.3985853084640335,0.3985853084640335
BH050,279,1919840,2.789999961853028,0.5966785649209346,7687,4,5,SHELF_NORMAL_Y_POS,-392.1574408023956,-20.81674579952917,689.4337567297406,41.70024871826172,124.7108917236328,-42.825138092041016,-7.143795664887875e-05,0.0006805007578805,-0.0009580228361301,-9.206144022755323e-05,0.0001356393331661,-0.0004175659269094,0.0005152153316885,132.63943385254632,0.3736322080353417,61.81701375440245,0.0459848875646196,0.3571644698394131
BH050,279,1919840,2.789999961853028,0.5966785649209346,6592,3,5,SHELF_NORMAL_Y_NEG,592.2175591976044,22.738223297176344,4589.433756729741,-80.60775756835938,13.79286003112793,37.54219436645508,-0.0003872817615047,-0.0002233831037301,0.0003992511774413,2.4110335289151408e-05,-0.0004077263001818,-7.457813626388088e-05,0.0004597895604092,109.67184761435924,0.3089347820122795,1.898225061593478,0.0267464341558029,0.379364011692263
BH050,279,1919840,2.789999961853028,0.5966785649209346,7690,1,1,SHELF_NORMAL_Y_POS,-310.96755919760443,-21.386331148337096,539.4337567297406,-154.8484649658203,-256.5535888671875,-146.142578125,-0.0004116188792977,-0.001262707170099,-0.0021932157687842,-3.3639083994785324e-05,-0.0002427382278256,-0.0003488196525722,0.0003835926472675,337.8517738127385,0.9516951375006718,46.98543785433576,0.2948687307084855,0.3553389779109036
BH050,279,1919840,2.789999961853028,0.5966785649209346,8803,2,1,SHELF_NORMAL_Y_NEG,1246.8452994616207,24.99568236389409,4860.566243270259,-113.11849975585938,-85.11376190185547,31.82291984558105,-0.004665897693485,-0.0013693966902792,0.0013144615804776,-0.004240630660206,-0.0011209420626983,0.0009127901284955,0.0057617402635514,115.97543308684654,0.3266913608080184,-0.0121810864148422,0.0410241612697175,0.4218543590981223
BH050,280,1926831,2.800000667572021,0.5927013202775346,5809,3,5,SIDE_NORMAL_X_POS,-1250.0,-24.15470053837925,439.4337567297406,107.8799819946289,-331.0797424316406,-149.6191864013672,0.157293900847435,-0.2577548921108246,0.0480084754526615,0.1562864184379577,-0.2559927105903625,0.0498973131179809,0.326559841632843,473.4199677181941,1.3335773738540675,1.254593239995105,0.4871313794217056,0.5385553506579153
BH050,280,1926831,2.800000667572021,0.5927013202775346,8857,1,1,SHELF_NORMAL_Y_NEG,1246.8452994616207,25.009422437046773,2189.4337567297407,-194.766845703125,-277.2897033691406,-133.31214904785156,0.0006398299592547,-0.0064736772328615,-0.0042550382204353,0.0011813717428594,-0.0054111210629343,-0.0025725127197802,0.0059688496403396,337.8361291510989,0.9516510680312644,-0.024828329087718,0.3122095792455719,0.3619825278703239
BH050,280,1926831,2.800000667572021,0.5927013202775346,7318,1,1,SHELF_NORMAL_Y_NEG,-29.717559197604437,30.49643744586834,860.5662432702593,407.6756591796875,236.9342193603516,-6.217337131500244,0.0025500846095383,0.0003291634202469,-0.0001030522107612,0.0009152503334917,-0.0002266193478135,-2.4585187929915264e-05,0.0009884047321975,354.76882497558336,0.999348802748122,-79.49616676268835,0.3994249680037683,0.3994249680037683
BH050,280,1926831,2.800000667572021,0.5927013202775346,7687,4,5,SHELF_NORMAL_Y_POS,-392.1574408023956,-20.81674579952917,689.4337567297406,42.795631408691406,124.76343536376952,-42.65736389160156,-6.619669147767127e-05,0.000679160002619,-0.0009559036116115,-9.206144022755323e-05,0.0001356393331661,-0.0004175659269094,0.0005152153316885,132.35181510228574,0.3728220143726359,62.281194776046966,0.045948314788251,0.3571644698394131
BH050,280,1926831,2.800000667572021,0.5927013202775346,6592,3,5,SHELF_NORMAL_Y_NEG,592.2175591976044,22.738223297176344,4589.433756729741,-81.2115249633789,13.097722053527832,35.65010070800781,-0.0003891995002049,-0.000225878538913,0.0003753693599719,2.4110335289151408e-05,-0.0004077263001818,-7.457813626388088e-05,0.0004597895604092,107.90429617422912,0.3039557638710679,1.8850967047924916,0.0259940771415044,0.379364011692263
BH050,280,1926831,2.800000667572021,0.5927013202775346,7690,1,1,SHELF_NORMAL_Y_POS,-310.96755919760443,-21.386331148337096,539.4337567297406,-153.00213623046875,-254.30520629882807,-146.48428344726562,-0.0004059294587932,-0.0012544866185635,-0.0021975277923047,-3.3639083994785324e-05,-0.0002427382278256,-0.0003488196525722,0.0003835926472675,336.9636296615738,0.9491933229903488,47.32900397931417,0.2925240823033233,0.3553389779109036
BH050,280,1926831,2.800000667572021,0.5927013202775346,8803,2,1,SHELF_NORMAL_Y_NEG,1246.8452994616207,24.99568236389409,4860.566243270259,-114.7284164428711,-84.91524505615234,33.74187469482422,-0.0046740043908357,-0.0013660817639902,0.0013386791106313,-0.004240630660206,-0.0011209420626983,0.0009127901284955,0.0057617402635514,118.51818050007442,0.3338540295776744,-0.012220772024345,0.0424599985993876,0.4218543590981223
BH050,281,1933821,2.809999942779541,0.5890445695274736,5809,3,5,SIDE_NORMAL_X_POS,-1250.0,-24.15470053837925,439.4337567297406,115.62006378173828,-357.5296325683594,-25.96595001220703,0.1586865186691284,-0.2597333490848541,0.0497157424688339,0.1576033234596252,-0.2578315734863281,0.0500439442694187,0.3287770748138428,429.599497107345,1.2101394284713944,1.277916655906678,0.4065406045233507,0.5385553506579153
BH050,281,1933821,2.809999942779541,0.5890445695274736,8857,1,1,SHELF_NORMAL_Y_NEG,1246.8452994616207,25.009422437046773,2189.4337567297407,-195.50323486328125,-275.8167724609375,-132.62399291992188,0.0006341076805256,-0.0064654373563826,-0.0042463433928787,0.0011813717428594,-0.0054111210629343,-0.0025725127197802,0.0059688496403396,336.36394881316204,0.9475040811638368,-0.0249464194908529,0.3098910794819589,0.3619825278703239
BH050,281,1933821,2.809999942779541,0.5890445695274736,7318,1,1,SHELF_NORMAL_Y_NEG,-29.717559197604437,30.49643744586834,860.5662432702593,407.6514587402344,239.18487548828125,-6.324721813201904,0.0025572436861693,0.0003413909871596,-0.0001050921782734,0.0009258209611289,-0.0002253565762657,-2.527006836317014e-05,0.0010014072759076,354.97191352560503,0.9999208831707184,-80.0612067453827,0.4006514226775524,0.4006514226775524
BH050,281,1933821,2.809999942779541,0.5890445695274736,7687,4,5,SHELF_NORMAL_Y_POS,-392.1574408023956,-20.81674579952917,689.4337567297406,43.965065002441406,124.6015625,-41.71186065673828,-6.028392817825079e-05,0.0006766717415302,-0.0009439738932996,-9.206144022755323e-05,0.0001356393331661,-0.0004175659269094,0.0005152153316885,131.1487646977031,0.3694331399935298,62.74807850699991,0.0453911205917352,0.3571644698394131
BH050,281,1933821,2.809999942779541,0.5890445695274736,6592,3,5,SHELF_NORMAL_Y_NEG,592.2175591976044,22.738223297176344,4589.433756729741,-76.67964935302734,15.122955322265623,38.22187805175781,-0.0003701481036841,-0.0002226476499345,0.0004078301717527,2.4110335289151408e-05,-0.0004077263001818,-7.457813626388088e-05,0.0004597895604092,107.93901611227348,0.3040535665134464,1.9014859540235696,0.0257345786491653,0.379364011692263
BH050,281,1933821,2.809999942779541,0.5890445695274736,7690,1,1,SHELF_NORMAL_Y_POS,-310.96755919760443,-21.386331148337096,539.4337567297406,-151.73448181152344,-252.0196990966797,-146.30377197265625,-0.0004031069402117,-0.001245236955583,-0.0021952397655695,-3.3639083994785324e-05,-0.0002427382278256,-0.0003488196525722,0.0003835926472675,335.4274650873759,0.9448660988376786,47.67830438222813,0.2894173639604649,0.3553389779109036
BH050,281,1933821,2.809999942779541,0.5890445695274736,8803,2,1,SHELF_NORMAL_Y_NEG,1246.8452994616207,24.99568236389409,4860.566243270259,-107.51976776123048,-81.84252166748047,33.30644989013672,-0.0046434635296463,-0.0013616640353575,0.0013331832597032,-0.004240630660206,-0.0011209420626983,0.0009127901284955,0.0057617402635514,113.07947958180802,0.3185337453008676,-0.0121588932961597,0.0385128836263075,0.4218543590981223
BH050,282,1940813,2.8200011253356934,0.58641055725661,5809,3,5,SIDE_NORMAL_X_POS,-1250.0,-24.15470053837925,439.4337567297406,109.71236419677734,-342.6116638183594,-119.9006805419922,0.1600858867168426,-0.2616775333881378,0.04860545322299,0.1590540707111358,-0.2598566710948944,0.0501192696392536,0.3312260806560516,458.4068174277441,1.2912868096556172,1.2983216943994895,0.458970365075432,0.5385553506579153
BH050,282,1940813,2.8200011253356934,0.58641055725661,8857,1,1,SHELF_NORMAL_Y_NEG,1246.8452994616207,25.009422437046773,2189.4337567297407,-207.9475860595703,-277.8033447265625,-133.1020050048828,0.0005765940877608,-0.0064569674432277,-0.0042523834854364,0.0011813717428594,-0.0054111210629343,-0.0025725127197802,0.0059688496403396,340.2892786484228,0.9585613483054164,-0.0249148663105352,0.3199498510427864,0.3619825278703239
BH050,282,1940813,2.8200011253356934,0.58641055725661,7318,1,1,SHELF_NORMAL_Y_NEG,-29.717559197604437,30.49643744586834,860.5662432702593,406.8943481445313,242.0150451660156,-6.782054424285889,0.0025591736193746,0.0003574933798518,-0.0001115164850489,0.0009355414076708,-0.0002240966423414,-2.592191412986722e-05,0.0010134309995919,354.6797532723264,0.9990978965417644,-80.56827081648017,0.4010849134195008,0.4010849134195008
BH050,282,1940813,2.8200011253356934,0.58641055725661,7687,4,5,SHELF_NORMAL_Y_POS,-392.1574408023956,-20.81674579952917,689.4337567297406,44.63737106323242,123.10053253173828,-40.49065017700195,-5.483448694576509e-05,0.0006684003164991,-0.0009285631822422,-9.206144022755323e-05,0.0001356393331661,-0.0004175659269094,0.0005152153316885,128.72385214715484,0.3626024004145207,63.164530415669255,0.0439743582645695,0.3571644698394131
BH050,282,1940813,2.8200011253356934,0.58641055725661,6592,3,5,SHELF_NORMAL_Y_NEG,592.2175591976044,22.738223297176344,4589.433756729741,-81.33358764648438,13.100425720214844,34.63343048095703,-0.0003897948772646,-0.000225688345381,0.0003625396057032,2.4110335289151408e-05,-0.0004077263001818,-7.457813626388088e-05,0.0004597895604092,107.00795193656604,0.3014308505255381,1.8890662258909012,0.0255941009048527,0.379364011692263
BH050,282,1940813,2.8200011253356934,0.58641055725661,7690,1,1,SHELF_NORMAL_Y_POS,-310.96755919760443,-21.386331148337096,539.4337567297406,-150.4693145751953,-250.4508209228516,-146.20179748535156,-0.0003992526326328,-0.0012394663644954,-0.0021939564030617,-3.3639083994785324e-05,-0.0002427382278256,-0.0003488196525722,0.0003835926472675,334.374582967136,0.9419002337102422,47.99049966104301,0.2871975035032261,0.3553389779109036
BH050,282,1940813,2.8200011253356934,0.58641055725661,8803,2,1,SHELF_NORMAL_Y_NEG,1246.8452994616207,24.99568236389409,4860.566243270259,-107.31383514404295,-80.21990203857422,34.48777389526367,-0.0046448460780084,-0.0013540845829993,0.0013480939669534,-0.004240630660206,-0.0011209420626983,0.0009127901284955,0.0057617402635514,113.62660867294656,0.3200749540083002,-0.0121033681731065,0.0385526420057913,0.4218543590981223
BH050,283,1947803,2.830000400543213,0.5845067216793806,5809,3,5,SIDE_NORMAL_X_POS,-1250.0,-24.15470053837925,439.4337567297406,120.95951080322266,-343.0428161621094,69.78108215332031,0.1615995913743972,-0.2637273371219635,0.0511054955422878,0.1605129688978195,-0.2618879675865173,0.0502252168953418,0.3336840271949768,434.06458791426377,1.222717149054264,1.3187215472883829,0.41154953914993,0.5385553506579153
BH050,283,1947803,2.830000400543213,0.5845067216793806,8857,1,1,SHELF_NORMAL_Y_NEG,1246.8452994616207,25.009422437046773,2189.4337567297407,-195.9623565673828,-273.5596008300781,-133.27940368652344,0.0006285977433435,-0.0064538475126028,-0.0042546140030026,0.0011813717428594,-0.0054111210629343,-0.0025725127197802,0.0059688496403396,336.0340975236961,0.9465749226019609,-0.0247796960174924,0.3088851651671134,0.3619825278703239
BH050,283,1947803,2.830000400543213,0.5845067216793806,7318,1,1,SHELF_NORMAL_Y_NEG,-29.717559197604437,30.49643744586834,860.5662432702593,406.6842041015625,243.89837646484372,-6.6696367263793945,0.0025633450131863,0.0003680424124468,-0.0001106455383705,0.0009434663807041,-0.0002229947567684,-2.646982466103509e-05,0.0010232843924313,354.71438504214257,0.9991954508229368,-81.0366160899494,0.4018422476392353,0.4018422476392353
BH050,283,1947803,2.830000400543213,0.5845067216793806,7687,4,5,SHELF_NORMAL_Y_POS,-392.1574408023956,-20.81674579952917,689.4337567297406,45.91592788696289,123.56987762451172,-40.030887603759766,-4.931029616273008e-05,0.0006688149878755,-0.0009227559203281,-9.206144022755323e-05,0.0001356393331661,-0.0004175659269094,0.0005152153316885,128.49660457336688,0.3619622664038504,63.55132384323712,0.044041689177489,0.3571644698394131
BH050,283,1947803,2.830000400543213,0.5845067216793806,6592,3,5,SHELF_NORMAL_Y_NEG,592.2175591976044,22.738223297176344,4589.433756729741,-77.31678771972656,12.932713508605955,37.32980346679688,-0.0003700511297211,-0.000232352191233,0.0003965716459788,2.4110335289151408e-05,-0.0004077263001818,-7.457813626388088e-05,0.0004597895604092,106.42179893042076,0.2997797152969599,1.882820552441391,0.0251656900799945,0.379364011692263
BH050,283,1947803,2.830000400543213,0.5845067216793806,7690,1,1,SHELF_NORMAL_Y_POS,-310.96755919760443,-21.386331148337096,539.4337567297406,-149.03768920898438,-248.60614013671875,-146.2080078125,-0.0003949871170334,-0.0012325900606811,-0.0021940357983112,-3.3639083994785324e-05,-0.0002427382278256,-0.0003488196525722,0.0003835926472675,333.310524458485,0.9389028857985492,48.27727318931762,0.284854488526409,0.3553389779109036
BH050,283,1947803,2.830000400543213,0.5845067216793806,8803,2,1,SHELF_NORMAL_Y_NEG,1246.8452994616207,24.99568236389409,4860.566243270259,-112.89385986328124,-81.7406005859375,32.88674545288086,-0.0046697272919118,-0.0013533402234315,0.0013278911355882,-0.004240630660206,-0.0011209420626983,0.0009127901284955,0.0057617402635514,115.94460552668424,0.3266045226103781,-0.0120911722646096,0.0405518562436452,0.4218543590981223
BH050,284,1954794,2.840000629425049,0.5822648646451619,5809,3,5,SIDE_NORMAL_X_POS,-1250.0,-24.15470053837925,439.4337567297406,108.09407806396484,-339.0046691894531,-157.02003479003906,0.1629301458597183,-0.2656352519989013,0.0482009835541248,0.1619119942188263,-0.2638345062732696,0.0501832775771617,0.3360481262207031,487.0510923882192,1.3719749081358288,1.3399006116717538,0.515518391169973,0.5385553506579153
BH050,284,1954794,2.840000629425049,0.5822648646451619,8857,1,1,SHELF_NORMAL_Y_NEG,1246.8452994616207,25.009422437046773,2189.4337567297407,-195.92123413085935,-273.2391052246094,-134.66073608398438,0.0006283291731961,-0.0064523415639996,-0.0042720488272607,0.0011813717428594,-0.0054111210629343,-0.0025725127197802,0.0059688496403396,337.50842571249746,0.950727959753514,-0.0248201004652918,0.3108616758561147,0.3619825278703239
BH050,284,1954794,2.840000629425049,0.5822648646451619,7318,1,1,SHELF_NORMAL_Y_NEG,-29.717559197604437,30.49643744586834,860.5662432702593,406.6270751953125,244.5736846923828,-6.358457088470459,0.00257059186697,0.0003726326103787,-0.0001072978993761,0.0009519754676148,-0.0002217610162915,-2.7049976779380813e-05,0.0010339000727981,354.7292959135698,0.9992374532776612,-81.52182544874796,0.402122628235752,0.402122628235752
BH050,284,1954794,2.840000629425049,0.5822648646451619,7687,4,5,SHELF_NORMAL_Y_POS,-392.1574408023956,-20.81674579952917,689.4337567297406,46.48421096801758,122.67430877685548,-38.90509414672852,-4.524657560978085e-05,0.000663640035782,-0.0009085496421903,-9.206144022755323e-05,0.0001356393331661,-0.0004175659269094,0.0005152153316885,126.68136605419438,0.3568489184625193,63.956184683816126,0.0430313734346462,0.3571644698394131
BH050,284,1954794,2.840000629425049,0.5822648646451619,6592,3,5,SHELF_NORMAL_Y_NEG,592.2175591976044,22.738223297176344,4589.433756729741,-81.58766174316406,8.629548072814941,35.86151885986328,-0.0003845148312393,-0.0002470226609148,0.0003780391416512,2.4110335289151408e-05,-0.0004077263001818,-7.457813626388088e-05,0.0004597895604092,106.26959067686376,0.2993509596531373,1.851763502896984,0.02547852093885,0.379364011692263
BH050,284,1954794,2.840000629425049,0.5822648646451619,7690,1,1,SHELF_NORMAL_Y_POS,-310.96755919760443,-21.386331148337096,539.4337567297406,-147.85662841796875,-247.2128753662109,-146.39334106445312,-0.0003912812971975,-0.0012275450862944,-0.0021963890176266,-3.3639083994785324e-05,-0.0002427382278256,-0.0003488196525722,0.0003835926472675,332.7412763467127,0.93729936999074,48.577303106506,0.2833979350919879,0.3553389779109036
BH050,284,1954794,2.840000629425049,0.5822648646451619,8803,2,1,SHELF_NORMAL_Y_NEG,1246.8452994616207,24.99568236389409,4860.566243270259,-106.05535125732422,-79.48751831054688,35.15797424316406,-0.0046398290432989,-0.0013523593079298,0.0013565534027293,-0.004240630660206,-0.0011209420626983,0.0009127901284955,0.0057617402635514,113.33214848900936,0.3192454887014348,-0.0121127356015078,0.0381740829519698,0.4218543590981223
BH050,285,1961784,2.8499999046325684,0.5804335567162473,5809,3,5,SIDE_NORMAL_X_POS,-1250.0,-24.15470053837925,439.4337567297406,103.1028823852539,-343.88055419921875,-146.32456970214844,0.1643177717924118,-0.267609030008316,0.0485769659280777,0.1633172929286956,-0.265789657831192,0.0504241846501827,0.3384071886539459,478.0917854787342,1.3467374238837584,1.3655012229590258,0.4995163816060731,0.5385553506579153
BH050,285,1961784,2.8499999046325684,0.5804335567162473,8857,1,1,SHELF_NORMAL_Y_NEG,1246.8452994616207,25.009422437046773,2189.4337567297407,-194.6754608154297,-271.7624816894531,-135.15939331054688,0.0006322279805317,-0.0064469971694052,-0.0042783496901392,0.0011813717428594,-0.0054111210629343,-0.0025725127197802,0.0059688496403396,337.1232414751266,0.9496429337327508,-0.0249006175505264,0.3094938386402246,0.3619825278703239
BH050,285,1961784,2.8499999046325684,0.5804335567162473,7318,1,1,SHELF_NORMAL_Y_NEG,-29.717559197604437,30.49643744586834,860.5662432702593,406.3350524902344,247.238525390625,-6.209392070770264,0.0025787071790546,0.0003880614822264,-0.000106334206066,0.0009653898305259,-0.0002196923596784,-2.7967742425971664e-05,0.0010507199913263,354.80847478186047,0.999460492343269,-82.04464442492949,0.4032401267870354,0.4032401267870354
BH050,285,1961784,2.8499999046325684,0.5804335567162473,7687,4,5,SHELF_NORMAL_Y_POS,-392.1574408023956,-20.81674579952917,689.4337567297406,47.794132232666016,122.802001953125,-38.41725540161133,-3.90744608012028e-05,0.0006623494555242,-0.0009023940656334,-9.206144022755323e-05,0.0001356393331661,-0.0004175659269094,0.0005152153316885,126.18657685175162,0.3554551460612722,64.39486222190902,0.0429257427551555,0.3571644698394131
BH050,285,1961784,2.8499999046325684,0.5804335567162473,6592,3,5,SHELF_NORMAL_Y_NEG,592.2175591976044,22.738223297176344,4589.433756729741,-81.61398315429688,4.6355695724487305,37.26396942138672,-0.0003788257308769,-0.000266372837359,0.000395741109969,2.4110335289151408e-05,-0.0004077263001818,-7.457813626388088e-05,0.0004597895604092,105.95502961011998,0.298464872141183,1.8210634378896104,0.025533190387939,0.379364011692263
