case,frame_index,frame_id,step_time_s,P_over_Pu,element,integration_point,section_point,panel,x_ip_mm,y_ip_mm,z_ip_mm,sigma_x_transverse_MPa,sigma_y_axial_MPa,tau_xy_MPa,LE_x_transverse,LE_y_axial,gamma_xy_engineering,PE_x_transverse,PE_y_axial,PE_xy_engineering,PEEQ,sigma_VM_MPa,sigma_VM_over_fy,w_local_ref_normal_mm,Y_s_MPa,Y_s_max_MPa
BH050,285,1961784,2.8499999046325684,0.5804335567162473,7690,1,1,SHELF_NORMAL_Y_POS,-310.96755919760443,-21.386331148337096,539.4337567297406,-146.77296447753906,-245.13694763183597,-146.55747985839844,-0.0003890442021656,-0.0012190481647849,-0.0021984640043228,-3.3639083994785324e-05,-0.0002427382278256,-0.0003488196525722,0.0003835926472675,331.8014984839779,0.9346521084055716,48.90810598047877,0.2812805154859512,0.3553389779109036
BH050,285,1961784,2.8499999046325684,0.5804335567162473,8803,2,1,SHELF_NORMAL_Y_NEG,1246.8452994616207,24.99568236389409,4860.566243270259,-106.40526580810548,-78.61143493652344,33.82413101196289,-0.0046428050845861,-0.0013475966406986,0.0013397136935964,-0.004240630660206,-0.0011209420626983,0.0009127901284955,0.0057617402635514,112.11326050311249,0.3158120014172182,-0.0119281808169721,0.0375329369166774,0.4218543590981223
BH050,286,1968775,2.8600006103515625,0.5812842066458672,5809,3,5,SIDE_NORMAL_X_POS,-1250.0,-24.15470053837925,439.4337567297406,117.17052459716795,-338.348876953125,-29.20520782470703,0.1658315062522888,-0.2696262001991272,0.0501308143138885,0.1647708564996719,-0.267813116312027,0.0504998303949832,0.3408537209033966,412.81017704452216,1.162845569139499,1.3893637032594963,0.3742050438849427,0.5385553506579153
BH050,286,1968775,2.8600006103515625,0.5812842066458672,8857,1,1,SHELF_NORMAL_Y_NEG,1246.8452994616207,25.009422437046773,2189.4337567297407,-193.97000122070312,-272.995849609375,-135.65797424316406,0.0006374501390382,-0.0064540151506662,-0.0042846226133406,0.0011813717428594,-0.0054111210629343,-0.0025725127197802,0.0059688496403396,338.24155262593564,0.952793105988551,-0.0252039909921862,0.311240246025777,0.3619825278703239
BH050,286,1968775,2.8600006103515625,0.5812842066458672,7318,1,1,SHELF_NORMAL_Y_NEG,-29.717559197604437,30.49643744586834,860.5662432702593,406.1929016113281,249.0159454345703,-5.880423545837402,0.0025816604029387,0.0003978958702646,-0.0001025915844365,0.0009716142667457,-0.0002186920028179,-2.837693500623573e-05,0.0010585509007796,354.90399141145485,0.9997295532717038,-82.47347441760826,0.4040766802320182,0.4040766802320182
BH050,286,1968775,2.8600006103515625,0.5812842066458672,7687,4,5,SHELF_NORMAL_Y_POS,-392.1574408023956,-20.81674579952917,689.4337567297406,48.22397613525391,123.0951690673828,-38.382545471191406,-3.7414713006000966e-05,0.000663146842271,-0.0009019569260999,-9.206144022755323e-05,0.0001356393331661,-0.0004175659269094,0.0005152153316885,126.3388040828898,0.3558839551630698,64.76894870191393,0.0430866539843276,0.3571644698394131
BH050,286,1968775,2.8600006103515625,0.5812842066458672,6592,3,5,SHELF_NORMAL_Y_NEG,592.2175591976044,22.738223297176344,4589.433756729741,-83.44784545898438,0.5834433436393738,37.99835968017578,-0.0003818261320702,-0.0002833724720403,0.0004050120478495,2.4110335289151408e-05,-0.0004077263001818,-7.457813626388088e-05,0.0004597895604092,106.50913774417616,0.3000257401244399,1.763159598893144,0.0260853497238345,0.379364011692263
BH050,286,1968775,2.8600006103515625,0.5812842066458672,7690,1,1,SHELF_NORMAL_Y_POS,-310.96755919760443,-21.386331148337096,539.4337567297406,-146.77650451660156,-244.66351318359372,-146.9575958251953,-0.0003897506103385,-0.0012167453533038,-0.0022035031579434,-3.3639083994785324e-05,-0.0002427382278256,-0.0003488196525722,0.0003835926472675,332.08782968632795,0.9354586751727548,49.18941227238706,0.2815596924596876,0.3553389779109036
BH050,286,1968775,2.8600006103515625,0.5812842066458672,8803,2,1,SHELF_NORMAL_Y_NEG,1246.8452994616207,24.99568236389409,4860.566243270259,-102.7807388305664,-78.13066864013672,34.82478332519531,-0.004625919740647,-0.0013505436945706,0.0013523428933694,-0.004240630660206,-0.0011209420626983,0.0009127901284955,0.0057617402635514,110.79824190614636,0.3121077236792856,-0.012133680656178,0.0364308405102378,0.4218543590981223
BH050,287,1975765,2.869999885559082,0.5813414446295584,5809,3,5,SIDE_NORMAL_X_POS,-1250.0,-24.15470053837925,439.4337567297406,129.0817413330078,-348.7641906738281,137.54971313476562,0.1673321276903152,-0.2716695666313171,0.0522851608693599,0.1661976426839828,-0.2697895467281341,0.0505494810640811,0.3432485461235046,489.9769550081674,1.3802167746708942,1.4081124181376603,0.5202318302351295,0.5385553506579153
BH050,287,1975765,2.869999885559082,0.5813414446295584,8857,1,1,SHELF_NORMAL_Y_NEG,1246.8452994616207,25.009422437046773,2189.4337567297407,-192.1561584472656,-272.8459167480469,-135.95626831054688,0.0006460391450673,-0.0064559527672827,-0.0042884009890258,0.0011813717428594,-0.0054111210629343,-0.0025725127197802,0.0059688496403396,338.2191316051679,0.9527299481835716,-0.025483011569622,0.3106241352830367,0.3619825278703239
BH050,287,1975765,2.869999885559082,0.5813414446295584,7318,1,1,SHELF_NORMAL_Y_NEG,-29.717559197604437,30.49643744586834,860.5662432702593,405.8852844238281,249.14669799804688,-5.500643730163574,0.0025831805542111,0.0003995066217612,-9.799319377634674e-05,0.0009748169104568,-0.0002181617601308,-2.857181607396342e-05,0.0010625920258462,354.6586162766746,0.9990383557089424,-82.88010343236202,0.4036350221574133,0.4040766802320182
BH050,287,1975765,2.869999885559082,0.5813414446295584,7687,4,5,SHELF_NORMAL_Y_POS,-392.1574408023956,-20.81674579952917,689.4337567297406,49.28489685058594,124.49496459960938,-37.72314453125,-3.4303135180380195e-05,0.0006683942046947,-0.000893632764928,-9.206144022755323e-05,0.0001356393331661,-0.0004175659269094,0.0005152153316885,126.733510483607,0.3569958041791746,65.09355005156394,0.0435712929341379,0.3571644698394131
BH050,287,1975765,2.869999885559082,0.5813414446295584,6592,3,5,SHELF_NORMAL_Y_NEG,592.2175591976044,22.738223297176344,4589.433756729741,-85.74455261230469,0.9172142744064332,37.56366729736328,-0.0003934613778255,-0.0002784067182801,0.0003995260340161,2.4110335289151408e-05,-0.0004077263001818,-7.457813626388088e-05,0.0004597895604092,108.00325464910333,0.3042345201383192,1.7684391434033655,0.0268661054806141,0.379364011692263
BH050,287,1975765,2.869999885559082,0.5813414446295584,7690,1,1,SHELF_NORMAL_Y_POS,-310.96755919760443,-21.386331148337096,539.4337567297406,-145.26002502441406,-242.55569458007807,-147.4482879638672,-0.0003854592796415,-0.0012087267823517,-0.0022097064647823,-3.3639083994785324e-05,-0.0002427382278256,-0.0003488196525722,0.0003835926472675,331.5465072191649,0.9339338231525772,49.42255616288829,0.279892744613969,0.3553389779109036
BH050,287,1975765,2.869999885559082,0.5813414446295584,8803,2,1,SHELF_NORMAL_Y_NEG,1246.8452994616207,24.99568236389409,4860.566243270259,-103.03579711914062,-78.9870376586914,33.636085510253906,-0.004625913221389,-0.0013543261447921,0.0013373374240472,-0.004240630660206,-0.0011209420626983,0.0009127901284955,0.0057617402635514,110.049961218479,0.3099998907562789,-0.0119935510685872,0.0362136923556199,0.4218543590981223
BH050,288,1982756,2.880000591278076,0.5792839850749779,5809,3,5,SIDE_NORMAL_X_POS,-1250.0,-24.15470053837925,439.4337567297406,123.92931365966795,-345.48419189453125,54.180606842041016,0.1687108427286148,-0.2735976576805115,0.0513430945575237,0.1676064729690551,-0.2717413008213043,0.0506596155464649,0.3456076085567474,431.671211558338,1.2159752438263045,1.4330011711767456,0.407374165086558,0.5385553506579153
BH050,288,1982756,2.880000591278076,0.5792839850749779,8857,1,1,SHELF_NORMAL_Y_NEG,1246.8452994616207,25.009422437046773,2189.4337567297407,-193.05357360839844,-272.6491394042969,-136.79861450195312,0.0006413955707103,-0.0064536919817328,-0.0042990250512957,0.0011813717428594,-0.0054111210629343,-0.0025725127197802,0.0059688496403396,339.28296094349486,0.955726650545056,-0.025566133297585,0.3123505730644871,0.3619825278703239
BH050,288,1982756,2.880000591278076,0.5792839850749779,7318,1,1,SHELF_NORMAL_Y_NEG,-29.717559197604437,30.49643744586834,860.5662432702593,405.6211853027344,252.18540954589844,-5.515843391418457,0.0025878748856484,0.0004164178972132,-9.88011815934442e-05,0.0009852166986092,-0.0002163893950637,-2.9188142434577458e-05,0.0010757483541965,354.85990982797824,0.9996053797971218,-83.39260856578697,0.4051135668759092,0.4051135668759092
BH050,288,1982756,2.880000591278076,0.5792839850749779,7687,4,5,SHELF_NORMAL_Y_POS,-392.1574408023956,-20.81674579952917,689.4337567297406,50.42649459838867,124.01020050048828,-37.09169769287109,-2.805546137096826e-05,0.0006643763044849,-0.0008856665808707,-9.206144022755323e-05,0.0001356393331661,-0.0004175659269094,0.0005152153316885,125.67952734311056,0.3540268375862269,65.52898250541713,0.043085276277844,0.3571644698394131
BH050,288,1982756,2.880000591278076,0.5792839850749779,6592,3,5,SHELF_NORMAL_Y_NEG,592.2175591976044,22.738223297176344,4589.433756729741,-79.67987060546875,5.6647047996521,39.15031051635742,-0.0003709342272486,-0.0002641927858348,0.0004195532237645,2.4110335289151408e-05,-0.0004077263001818,-7.457813626388088e-05,0.0004597895604092,106.91386274102868,0.301165810538109,1.821548829097624,0.0258177791882436,0.379364011692263
BH050,288,1982756,2.880000591278076,0.5792839850749779,7690,1,1,SHELF_NORMAL_Y_POS,-310.96755919760443,-21.386331148337096,539.4337567297406,-144.56085205078125,-241.1621551513672,-147.7519989013672,-0.0003840953286271,-0.0012029794743284,-0.0022135458420962,-3.3639083994785324e-05,-0.0002427382278256,-0.0003488196525722,0.0003835926472675,331.18933849063507,0.9329277140581268,49.75165554075853,0.2788716705970521,0.3553389779109036
BH050,288,1982756,2.880000591278076,0.5792839850749779,8803,2,1,SHELF_NORMAL_Y_NEG,1246.8452994616207,24.99568236389409,4860.566243270259,-109.19883728027344,-79.69036865234375,33.260963439941406,-0.0046548172831535,-0.0013487668475136,0.0013326033949851,-0.004240630660206,-0.0011209420626983,0.0009127901284955,0.0057617402635514,113.54171210131172,0.3198358087360893,-0.0120187926747182,0.0386823846621962,0.4218543590981223
BH050,289,1989747,2.8900012969970703,0.5766227892163666,5809,3,5,SIDE_NORMAL_X_POS,-1250.0,-24.15470053837925,439.4337567297406,112.9089126586914,-341.8160705566406,-88.0850601196289,0.170028954744339,-0.2754747569561004,0.0495551414787769,0.1689826250076294,-0.273651123046875,0.0506672970950603,0.3479160964488983,437.5587537156617,1.2325598696215825,1.457591617880102,0.4197515604327197,0.5385553506579153
BH050,289,1989747,2.8900012969970703,0.5766227892163666,8857,1,1,SHELF_NORMAL_Y_NEG,1246.8452994616207,25.009422437046773,2189.4337567297407,-193.3578186035156,-272.8143920898437,-137.15919494628906,0.0006401532446034,-0.0064540421590209,-0.0043035531416535,0.0011813717428594,-0.0054111210629343,-0.0025725127197802,0.0059688496403396,339.8559652018293,0.9573407470474066,-0.0255235088215326,0.3133063189554399,0.3619825278703239
BH050,289,1989747,2.8900012969970703,0.5766227892163666,7318,1,1,SHELF_NORMAL_Y_NEG,-29.717559197604437,30.49643744586834,860.5662432702593,405.4172058105469,254.0216827392578,-5.222007751464844,0.0025897347368299,0.0004266305768396,-9.54111383180134e-05,0.0009907279163599,-0.0002153902169084,-2.9506794817280024e-05,0.0010827630758285,354.94671900489715,0.9998499126898512,-83.8813978648779,0.4059434949897104,0.4059434949897104
BH050,289,1989747,2.8900012969970703,0.5766227892163666,7687,4,5,SHELF_NORMAL_Y_POS,-392.1574408023956,-20.81674579952917,689.4337567297406,51.614376068115234,123.8542251586914,-36.25875854492188,-2.2062180505599827e-05,0.0006618875195272,-0.0008751539280638,-9.206144022755323e-05,0.0001356393331661,-0.0004175659269094,0.0005152153316885,124.72107706900134,0.3513269776591587,65.94705118514828,0.0426968517643406,0.3571644698394131
BH050,289,1989747,2.8900012969970703,0.5766227892163666,6592,3,5,SHELF_NORMAL_Y_NEG,592.2175591976044,22.738223297176344,4589.433756729741,-82.15034484863281,9.019946098327637,34.7583122253418,-0.0003878138668369,-0.000244307128014,0.00036412285408,2.4110335289151408e-05,-0.0004077263001818,-7.457813626388088e-05,0.0004597895604092,105.8085586099856,0.2980522777746073,1.8393658717232275,0.0252811895565487,0.379364011692263
BH050,289,1989747,2.8900012969970703,0.5766227892163666,7690,1,1,SHELF_NORMAL_Y_POS,-310.96755919760443,-21.386331148337096,539.4337567297406,-143.4552001953125,-239.3839263916016,-147.8526153564453,-0.0003813187940977,-0.0011959506664425,-0.0022148026619106,-3.3639083994785324e-05,-0.0002427382278256,-0.0003488196525722,0.0003835926472675,330.33979051411995,0.9305346211665352,50.06652613304699,0.2769687108690508,0.3553389779109036
BH050,289,1989747,2.8900012969970703,0.5766227892163666,8803,2,1,SHELF_NORMAL_Y_NEG,1246.8452994616207,24.99568236389409,4860.566243270259,-102.26428985595705,-77.21607971191406,33.41355895996094,-0.0046247551217675,-0.0013468576362356,0.0013345299521461,-0.004240630660206,-0.0011209420626983,0.0009127901284955,0.0057617402635514,108.96448116580171,0.306942200467047,-0.0119959763199569,0.0354172670114199,0.4218543590981223
BH050,290,1996737,2.90000057220459,0.5759562437005507,5809,3,5,SIDE_NORMAL_X_POS,-1250.0,-24.15470053837925,439.4337567297406,111.4171371459961,-343.96099853515625,-107.91461181640624,0.1714172214269638,-0.2774085998535156,0.0494660921394825,0.1703752130270004,-0.2755763530731201,0.0508284121751785,0.3502372205257416,451.6445361567365,1.2722381300189762,1.4760580153679506,0.4467427382793938,0.5385553506579153
BH050,290,1996737,2.90000057220459,0.5759562437005507,8857,1,1,SHELF_NORMAL_Y_NEG,1246.8452994616207,25.009422437046773,2189.4337567297407,-193.52117919921875,-272.3200988769531,-137.37355041503906,0.0006386383902281,-0.0064514009281992,-0.0043062618933618,0.0011813717428594,-0.0054111210629343,-0.0025725127197802,0.0059688496403396,339.8874129143262,0.9574293321530316,-0.0254769072566998,0.3132511389681058,0.3619825278703239
BH050,290,1996737,2.90000057220459,0.5759562437005507,7318,1,1,SHELF_NORMAL_Y_NEG,-29.717559197604437,30.49643744586834,860.5662432702593,405.0217895507813,256.165771484375,-5.203138828277588,0.002590988529846,0.0004388094821479,-9.55245050136e-05,0.0009970117826014,-0.0002141940349247,-2.985816718137357e-05,0.0010908022522926,354.9535902957502,0.9998692684387328,-84.29303642527776,0.406703778606761,0.406703778606761
BH050,290,1996737,2.90000057220459,0.5759562437005507,7687,4,5,SHELF_NORMAL_Y_POS,-392.1574408023956,-20.81674579952917,689.4337567297406,52.92667388916016,123.89442443847656,-35.66804504394531,-1.5750503735034727e-05,0.0006601699860766,-0.0008676980505697,-9.206144022755323e-05,0.0001356393331661,-0.0004175659269094,0.0005152153316885,124.13851025665316,0.3496859443849384,66.28913111632693,0.0425456604938062,0.3571644698394131
BH050,290,1996737,2.90000057220459,0.5759562437005507,6592,3,5,SHELF_NORMAL_Y_NEG,592.2175591976044,22.738223297176344,4589.433756729741,-78.93975067138672,5.967758655548096,38.5836181640625,-0.0003677828353829,-0.0002637998550198,0.0004124032566323,2.4110335289151408e-05,-0.0004077263001818,-7.457813626388088e-05,0.0004597895604092,105.85026467448284,0.2981697596464305,1.8153123226898769,0.0252922285241824,0.379364011692263
BH050,290,1996737,2.90000057220459,0.5759562437005507,7690,1,1,SHELF_NORMAL_Y_POS,-310.96755919760443,-21.386331148337096,539.4337567297406,-142.16104125976562,-237.7641143798828,-148.14962768554688,-0.0003773971984628,-0.0011899737874045,-0.0022185374982655,-3.3639083994785324e-05,-0.0002427382278256,-0.0003488196525722,0.0003835926472675,329.8267396900365,0.9290894075775676,50.314889989448346,0.2755354675640961,0.3553389779109036
BH050,290,1996737,2.90000057220459,0.5759562437005507,8803,2,1,SHELF_NORMAL_Y_NEG,1246.8452994616207,24.99568236389409,4860.566243270259,-105.12682342529295,-76.98491668701172,32.4356575012207,-0.0046389871276915,-0.0013415684225037,0.0013221860863268,-0.004240630660206,-0.0011209420626983,0.0009127901284955,0.0057617402635514,109.73314125842737,0.3091074401645841,-0.0119699038759096,0.0360792470000013,0.4218543590981223
BH050,291,2003728,2.910001277923584,0.5747646941867841,5809,3,5,SIDE_NORMAL_X_POS,-1250.0,-24.15470053837925,439.4337567297406,122.83202362060548,-344.68426513671875,31.58202362060547,0.1728789210319519,-0.2793760895729065,0.0512153320014476,0.1717800796031952,-0.2775244116783142,0.0508169420063495,0.3525871634483337,423.3503125124803,1.1925360915844516,1.4954788769010792,0.3928593613593649,0.5385553506579153
BH050,291,2003728,2.910001277923584,0.5747646941867841,8857,1,1,SHELF_NORMAL_Y_NEG,1246.8452994616207,25.009422437046773,2189.4337567297407,-196.91094970703125,-272.863037109375,-138.13926696777344,0.0006229772698134,-0.0064490991644561,-0.0043159183114767,0.0011813717428594,-0.0054111210629343,-0.0025725127197802,0.0059688496403396,341.680860735726,0.9624812978471152,-0.0255773822475699,0.317010880211635,0.3619825278703239
BH050,291,2003728,2.910001277923584,0.5747646941867841,7318,1,1,SHELF_NORMAL_Y_NEG,-29.717559197604437,30.49643744586834,860.5662432702593,404.8846130371094,257.1903381347656,-5.131158828735352,0.0025917561724781,0.0004445541417226,-9.478204447077589e-05,0.0009999397443607,-0.0002136191760655,-3.0023909857845865e-05,0.0010945596732199,354.9999940060339,0.9999999831155884,-84.70115432478477,0.4071504071462959,0.4071504071462959
BH050,291,2003728,2.910001277923584,0.5747646941867841,7687,4,5,SHELF_NORMAL_Y_POS,-392.1574408023956,-20.81674579952917,689.4337567297406,53.97552108764648,123.8328857421875,-34.93789291381836,-1.0569768164714333e-05,0.0006583455251529,-0.0008584816241636,-9.206144022755323e-05,0.0001356393331661,-0.0004175659269094,0.0005152153316885,123.3935371726226,0.3475874286552748,66.63117878453613,0.0422710534158689,0.3571644698394131
BH050,291,2003728,2.910001277923584,0.5747646941867841,6592,3,5,SHELF_NORMAL_Y_NEG,592.2175591976044,22.738223297176344,4589.433756729741,-87.38766479492188,-3.195013999938965,37.07468032836914,-0.0003954474814236,-0.0002959774574264,0.0003933580010198,2.4110335289151408e-05,-0.0004077263001818,-7.457813626388088e-05,0.0004597895604092,107.19702899185204,0.301963461948879,1.750998493867291,0.0268278763390677,0.379364011692263
BH050,291,2003728,2.910001277923584,0.5747646941867841,7690,1,1,SHELF_NORMAL_Y_POS,-310.96755919760443,-21.386331148337096,539.4337567297406,-140.6313934326172,-235.64561462402344,-147.9940643310547,-0.0003730566531885,-0.0011819181963801,-0.0022165693808346,-3.3639083994785324e-05,-0.0002427382278256,-0.0003488196525722,0.0003835926472675,328.4411706853215,0.9251863962966802,50.57038197102399,0.2727235104009862,0.3553389779109036
BH050,291,2003728,2.910001277923584,0.5747646941867841,8803,2,1,SHELF_NORMAL_Y_NEG,1246.8452994616207,24.99568236389409,4860.566243270259,-100.0938491821289,-76.88006591796875,32.44041061401367,-0.0046147289685904,-0.0013483867514878,0.0013222482521086,-0.004240630660206,-0.0011209420626983,0.0009127901284955,0.0057617402635514,106.72976238593492,0.300647217988549,-0.0119620526424164,0.034115888528528,0.4218543590981223
BH050,292,2010718,2.9200005531311035,0.5723574612227196,5809,3,5,SIDE_NORMAL_X_POS,-1250.0,-24.15470053837925,439.4337567297406,126.45396423339844,-357.64825439453125,92.90299987792967,0.1742628216743469,-0.2813082337379455,0.052094180136919,0.1731282621622085,-0.2793896496295929,0.0509217493236064,0.3548319637775421,463.7044540114923,1.3062097296098376,1.518479816794294,0.468961202799568,0.5385553506579153
BH050,292,2010718,2.9200005531311035,0.5723574612227196,8857,1,1,SHELF_NORMAL_Y_NEG,1246.8452994616207,25.009422437046773,2189.4337567297407,-194.3297576904297,-271.5081787109375,-138.5084686279297,0.000633537361864,-0.0064462916925549,-0.0043205874972045,0.0011813717428594,-0.0054111210629343,-0.0025725127197802,0.0059688496403396,340.9874116386816,0.9605279201089622,-0.0256896801611906,0.314826843300669,0.3619825278703239
BH050,292,2010718,2.9200005531311035,0.5723574612227196,7318,1,1,SHELF_NORMAL_Y_NEG,-29.717559197604437,30.49643744586834,860.5662432702593,404.385498046875,259.5184936523437,-5.064929485321045,0.0025950304698199,0.0004584371054079,-9.444816532777622e-05,0.0010090325959026,-0.0002117662370437,-3.052589818253182e-05,0.0011062819976359,354.9773581544276,0.9999362201533172,-85.20259487610475,0.4078977184582732,0.4078977184582732
BH050,292,2010718,2.9200005531311035,0.5723574612227196,7687,4,5,SHELF_NORMAL_Y_POS,-392.1574408023956,-20.81674579952917,689.4337567297406,55.062747955322266,124.64785766601562,-34.42540740966797,-6.478091108874651e-06,0.000660715973936,-0.0008520139963366,-9.206144022755323e-05,0.0001356393331661,-0.0004175659269094,0.0005152153316885,123.5348820748569,0.347985583309456,67.0409167307429,0.0425642941475004,0.3571644698394131
BH050,292,2010718,2.9200005531311035,0.5723574612227196,6592,3,5,SHELF_NORMAL_Y_NEG,592.2175591976044,22.738223297176344,4589.433756729741,-88.24761199951172,-10.870965957641602,40.03633117675781,-0.0003884397738147,-0.0003319878596812,0.0004307383787818,2.4110335289151408e-05,-0.0004077263001818,-7.457813626388088e-05,0.0004597895604092,108.42142583854816,0.3054124671508398,1.6776437516422498,0.0279070051609786,0.379364011692263
BH050,292,2010718,2.9200005531311035,0.5723574612227196,7690,1,1,SHELF_NORMAL_Y_POS,-310.96755919760443,-21.386331148337096,539.4337567297406,-139.4720458984375,-233.91815185546875,-148.5935821533203,-0.0003699417575262,-0.0011752172140404,-0.0022241233382374,-3.3639083994785324e-05,-0.0002427382278256,-0.0003488196525722,0.0003835926472675,328.3066677878734,0.924807514895418,50.87294990307408,0.2718340938479096,0.3553389779109036
BH050,292,2010718,2.9200005531311035,0.5723574612227196,8803,2,1,SHELF_NORMAL_Y_NEG,1246.8452994616207,24.99568236389409,4860.566243270259,-101.48514556884766,-76.33592224121094,32.923282623291016,-0.004622271284461,-0.0013437115121632,0.001328338868916,-0.004240630660206,-0.0011209420626983,0.0009127901284955,0.0057617402635514,107.84838075207324,0.3037982556396429,-0.0119233338573103,0.034717200513372,0.4218543590981223
BH050,293,2017709,2.9300012588500977,0.5690241256579684,5809,3,5,SIDE_NORMAL_X_POS,-1250.0,-24.15470053837925,439.4337567297406,115.90731048583984,-346.6511535644531,-64.12525939941406,0.1755512654781341,-0.283120721578598,0.0502429120242595,0.1744839996099472,-0.2812708914279938,0.0510524846613407,0.357086569070816,431.412883972214,1.2152475604851098,1.5447049208246637,0.4081249837592138,0.5385553506579153
BH050,293,2017709,2.9300012588500977,0.5690241256579684,8857,1,1,SHELF_NORMAL_Y_NEG,1246.8452994616207,25.009422437046773,2189.4337567297407,-193.82408142089844,-270.0334167480469,-139.509521484375,0.0006338421953842,-0.0064398632384836,-0.0043332194909453,0.0011813717428594,-0.0054111210629343,-0.0025725127197802,0.0059688496403396,341.3730532709641,0.961614234566096,-0.025890945099884,0.3147827175375738,0.3619825278703239
BH050,293,2017709,2.9300012588500977,0.5690241256579684,7318,1,1,SHELF_NORMAL_Y_NEG,-29.717559197604437,30.49643744586834,860.5662432702593,403.8439331054688,261.95172119140625,-5.030903339385986,0.0025980763603001,0.0004730004875455,-9.453324310015888e-05,0.0010182308033108,-0.0002097979013342,-3.1040661269798875e-05,0.0011182059533894,354.9604810916007,0.9998886791312696,-85.74082700231452,0.4086911173227583,0.4086911173227583
BH050,293,2017709,2.9300012588500977,0.5690241256579684,7687,4,5,SHELF_NORMAL_Y_POS,-392.1574408023956,-20.81674579952917,689.4337567297406,55.932220458984375,124.47999572753906,-33.80049514770508,-2.012616278079804e-06,0.0006586363306269,-0.0008441270329058,-9.206144022755323e-05,0.0001356393331661,-0.0004175659269094,0.0005152153316885,122.83590873488308,0.3460166443236143,67.49000563109408,0.0422838589014699,0.3571644698394131
BH050,293,2017709,2.9300012588500977,0.5690241256579684,6592,3,5,SHELF_NORMAL_Y_NEG,592.2175591976044,22.738223297176344,4589.433756729741,-90.2240753173828,-13.003835678100586,39.47404861450195,-0.0003949273668695,-0.0003394630912225,0.0004236428358126,2.4110335289151408e-05,-0.0004077263001818,-7.457813626388088e-05,0.0004597895604092,108.6776241994836,0.3061341526746016,1.6162638010853148,0.0282930807017211,0.379364011692263
BH050,293,2017709,2.9300012588500977,0.5690241256579684,7690,1,1,SHELF_NORMAL_Y_POS,-310.96755919760443,-21.386331148337096,539.4337567297406,-138.41258239746094,-232.168701171875,-148.5924072265625,-0.0003673441242426,-0.0011682689655572,-0.0022240865509957,-3.3639083994785324e-05,-0.0002427382278256,-0.0003488196525722,0.0003835926472675,327.3597252944525,0.9221400712519788,51.21519957149759,0.2698484371449569,0.3553389779109036
BH050,293,2017709,2.9300012588500977,0.5690241256579684,8803,2,1,SHELF_NORMAL_Y_NEG,1246.8452994616207,24.99568236389409,4860.566243270259,-99.00323486328124,-74.54946899414062,33.723018646240234,-0.0046128188259899,-0.0013386516366153,0.0013384352205321,-0.004240630660206,-0.0011209420626983,0.0009127901284955,0.0057617402635514,106.72558836936228,0.3006354601953867,-0.0119110988590941,0.0337239720583835,0.4218543590981223
BH050,294,2024699,2.940000534057617,0.5672080762256116,5809,3,5,SIDE_NORMAL_X_POS,-1250.0,-24.15470053837925,439.4337567297406,114.99430847167967,-340.7704162597656,-95.0711669921875,0.1768915653228759,-0.2849714756011963,0.0499240309000015,0.1758368164300918,-0.2831515073776245,0.0511243119835853,0.3593397736549377,442.3238703980389,1.2459827335156026,1.567117205266226,0.4275348921783543,0.5385553506579153
BH050,294,2024699,2.940000534057617,0.5672080762256116,8857,1,1,SHELF_NORMAL_Y_NEG,1246.8452994616207,25.009422437046773,2189.4337567297407,-194.03282165527344,-269.02325439453125,-139.01048278808594,0.0006313596968539,-0.0064346506260335,-0.0043269032612442,0.0011813717428594,-0.0054111210629343,-0.0025725127197802,0.0059688496403396,340.2861283073506,0.958552474105213,-0.0259995135570492,0.3129794594394745,0.3619825278703239
BH050,294,2024699,2.940000534057617,0.5672080762256116,7318,1,1,SHELF_NORMAL_Y_NEG,-29.717559197604437,30.49643744586834,860.5662432702593,403.5343017578125,263.20123291015625,-5.084184646606445,0.0026023434475064,0.000481210561702,-9.563617641106248e-05,0.0010258157271891,-0.0002081066049868,-3.147076859022491e-05,0.0011280911276116,354.9389282073166,0.9998279667811736,-86.21317650521387,0.4090656773570327,0.4090656773570327
BH050,294,2024699,2.940000534057617,0.5672080762256116,7687,4,5,SHELF_NORMAL_Y_POS,-392.1574408023956,-20.81674579952917,689.4337567297406,56.7303466796875,123.81124877929688,-33.37088394165039,2.8358383588056317e-06,0.0006542275077663,-0.0008387028356082,-9.206144022755323e-05,0.0001356393331661,-0.0004175659269094,0.0005152153316885,121.92026155538392,0.3434373564940392,67.88405306884178,0.0418272197176786,0.3571644698394131
BH050,294,2024699,2.940000534057617,0.5672080762256116,6592,3,5,SHELF_NORMAL_Y_NEG,592.2175591976044,22.738223297176344,4589.433756729741,-95.5958023071289,-23.637563705444336,40.95073318481445,-0.0004055176395922,-0.0003832589427474,0.0004422792117111,2.4110335289151408e-05,-0.0004077263001818,-7.457813626388088e-05,0.0004597895604092,111.66256138377976,0.3145424264331823,1.514211535129862,0.0308288352626305,0.379364011692263
BH050,294,2024699,2.940000534057617,0.5672080762256116,7690,1,1,SHELF_NORMAL_Y_POS,-310.96755919760443,-21.386331148337096,539.4337567297406,-137.5548553466797,-230.5455322265625,-148.83444213867188,-0.0003655427717603,-0.0011616317788138,-0.0022271424531936,-3.3639083994785324e-05,-0.0002427382278256,-0.0003488196525722,0.0003835926472675,326.8256367285404,0.9206355964184236,51.51077813955593,0.2685187024332666,0.3553389779109036
BH050,294,2024699,2.940000534057617,0.5672080762256116,8803,2,1,SHELF_NORMAL_Y_NEG,1246.8452994616207,24.99568236389409,4860.566243270259,-97.45964813232422,-73.69957733154297,33.43219375610352,-0.0046065500937402,-0.0013367687352001,0.0013347645290195,-0.004240630660206,-0.0011209420626983,0.0009127901284955,0.0057617402635514,105.35848602143196,0.2967844676660055,-0.0119069233441117,0.0328451297357311,0.4218543590981223
BH050,295,2031690,2.9500012397766118,0.5657597956084711,5809,3,5,SIDE_NORMAL_X_POS,-1250.0,-24.15470053837925,439.4337567297406,127.37503814697266,-355.526123046875,105.15605926513672,0.1783096492290496,-0.2869166731834411,0.0525231957435607,0.1771737486124038,-0.2850051522254944,0.0511963292956352,0.3615610599517822,470.193330873104,1.3244882559805746,1.5856901609541243,0.4819047397626377,0.5385553506579153
BH050,295,2031690,2.9500012397766118,0.5657597956084711,8857,1,1,SHELF_NORMAL_Y_NEG,1246.8452994616207,25.009422437046773,2189.4337567297407,-189.7207946777344,-267.38238525390625,-139.03114318847656,0.0006499029695987,-0.0064329630695283,-0.0043271663598716,0.0011813717428594,-0.0054111210629343,-0.0025725127197802,0.0059688496403396,338.74518091465774,0.954211777224388,-0.0262085699096884,0.3090056257080755,0.3619825278703239
BH050,295,2031690,2.9500012397766118,0.5657597956084711,7318,1,1,SHELF_NORMAL_Y_NEG,-29.717559197604437,30.49643744586834,860.5662432702593,403.2035217285156,264.691650390625,-5.230457305908203,0.0026052792090922,0.000490469741635,-9.786575537873432e-05,0.0010325317271053,-0.0002065642474917,-3.185465175192803e-05,0.0011368765262886,354.9538239856618,0.9998699267201742,-86.64713928208552,0.4095858619907968,0.4095858619907968
BH050,295,2031690,2.9500012397766118,0.5657597956084711,7687,4,5,SHELF_NORMAL_Y_POS,-392.1574408023956,-20.81674579952917,689.4337567297406,57.82110977172852,123.85662841796876,-32.33199691772461,8.065763722697739e-06,0.0006528599769808,-0.0008255933062173,-9.206144022755323e-05,0.0001356393331661,-0.0004175659269094,0.0005152153316885,121.07143141407374,0.3410462856734471,68.23460021089544,0.0415266102026954,0.3571644698394131
BH050,295,2031690,2.9500012397766118,0.5657597956084711,6592,3,5,SHELF_NORMAL_Y_NEG,592.2175591976044,22.738223297176344,4589.433756729741,-90.31951141357422,-18.391040802001957,41.20977783203125,-0.0003875463153235,-0.000365473999409,0.0004455491143744,2.4110335289151408e-05,-0.0004077263001818,-7.457813626388088e-05,0.0004597895604092,109.22230573944071,0.307668466871664,1.5442620344265876,0.0289188590008028,0.379364011692263
BH050,295,2031690,2.9500012397766118,0.5657597956084711,7690,1,1,SHELF_NORMAL_Y_POS,-310.96755919760443,-21.386331148337096,539.4337567297406,-136.0654296875,-228.9193420410156,-148.99620056152344,-0.0003606806276366,-0.0011559017002582,-0.002229175530374,-3.3639083994785324e-05,-0.0002427382278256,-0.0003488196525722,0.0003835926472675,326.14331362647016,0.9187135595111836,51.766033287062754,0.2668398943444382,0.3553389779109036
BH050,295,2031690,2.9500012397766118,0.5657597956084711,8803,2,1,SHELF_NORMAL_Y_NEG,1246.8452994616207,24.99568236389409,4860.566243270259,-99.95417022705078,-73.95574951171875,32.86014175415039,-0.0046183001250028,-0.0013343815226107,0.0013275422388687,-0.004240630660206,-0.0011209420626983,0.0009127901284955,0.0057617402635514,106.33658920598988,0.2995396879041968,-0.0118713673424481,0.033589672640624,0.4218543590981223
BH050,296,2038680,2.960000514984131,0.5633979731906004,5809,3,5,SIDE_NORMAL_X_POS,-1250.0,-24.15470053837925,439.4337567297406,116.049072265625,-346.2257385253906,-60.38303756713867,0.1795632988214492,-0.2886867523193359,0.0505080930888652,0.1784961968660354,-0.2868376672267914,0.0512705035507679,0.3637550473213196,429.48475947234766,1.209816223865768,1.6090789631587783,0.404911027408219,0.5385553506579153
BH050,296,2038680,2.960000514984131,0.5633979731906004,8857,1,1,SHELF_NORMAL_Y_NEG,1246.8452994616207,25.009422437046773,2189.4337567297407,-191.0780487060547,-267.27166748046875,-140.15933227539062,0.0006431580986827,-0.0064304522238671,-0.0043414160609245,0.0011813717428594,-0.0054111210629343,-0.0025725127197802,0.0059688496403396,340.3074073689438,0.9586124151237854,-0.0262630842336689,0.3116075260739835,0.3619825278703239
BH050,296,2038680,2.960000514984131,0.5633979731906004,7318,1,1,SHELF_NORMAL_Y_NEG,-29.717559197604437,30.49643744586834,860.5662432702593,402.7854614257813,266.13641357421875,-5.249410629272461,0.0026067523285746,0.0004994246410205,-9.84274156508036e-05,0.0010381389874964,-0.0002052340714726,-3.21773586620111e-05,0.0011442409595474,354.8964769595452,0.999708385801536,-87.12690060291284,0.4099434096184209,0.4099434096184209
BH050,296,2038680,2.960000514984131,0.5633979731906004,7687,4,5,SHELF_NORMAL_Y_POS,-392.1574408023956,-20.81674579952917,689.4337567297406,59.01383590698242,124.03270721435548,-31.466279983520508,1.360078931611497e-05,0.0006519766175188,-0.0008146647596731,-9.206144022755323e-05,0.0001356393331661,-0.0004175659269094,0.0005152153316885,120.48850478255348,0.3394042388240943,68.6333005585879,0.0413917074715925,0.3571644698394131
BH050,296,2038680,2.960000514984131,0.5633979731906004,6592,3,5,SHELF_NORMAL_Y_NEG,592.2175591976044,22.738223297176344,4589.433756729741,-91.2947769165039,-16.1326961517334,38.56267547607422,-0.0003955721040256,-0.0003530901449266,0.0004121381498407,2.4110335289151408e-05,-0.0004077263001818,-7.457813626388088e-05,0.0004597895604092,107.62624726684088,0.3031725275122278,1.551338193958951,0.028101231763011,0.379364011692263
BH050,296,2038680,2.960000514984131,0.5633979731906004,7690,1,1,SHELF_NORMAL_Y_POS,-310.96755919760443,-21.386331148337096,539.4337567297406,-134.58338928222656,-226.65814208984372,-148.9038848876953,-0.0003567804524209,-0.0011470795143395,-0.0022280139382928,-3.3639083994785324e-05,-0.0002427382278256,-0.0003488196525722,0.0003835926472675,324.8065299211078,0.9149479716087544,52.06673312495048,0.2641295171513307,0.3553389779109036
BH050,296,2038680,2.960000514984131,0.5633979731906004,8803,2,1,SHELF_NORMAL_Y_NEG,1246.8452994616207,24.99568236389409,4860.566243270259,-96.16239166259766,-72.68038940429688,31.66513442993164,-0.0046017440035939,-0.0013337164418771,0.0013124610995873,-0.004240630660206,-0.0011209420626983,0.0009127901284955,0.0057617402635514,102.7062155740434,0.2893132833071645,-0.0118990225281568,0.0314302908000263,0.4218543590981223
BH050,297,2045671,2.970001220703125,0.5604982200837619,5809,3,5,SIDE_NORMAL_X_POS,-1250.0,-24.15470053837925,439.4337567297406,110.23831939697266,-343.3423767089844,-133.39523315429688,0.1808436661958694,-0.2904845774173736,0.0496723316609859,0.1798095554113388,-0.2886579930782318,0.0513561703264713,0.365931749343872,470.392204419537,1.3250484631536252,1.6329216398167,0.4827214471271342,0.5385553506579153
BH050,297,2045671,2.970001220703125,0.5604982200837619,8857,1,1,SHELF_NORMAL_Y_NEG,1246.8452994616207,25.009422437046773,2189.4337567297407,-190.64024353027344,-266.0274353027344,-140.76089477539062,0.0006434755050577,-0.0064250449649989,-0.0043489905074238,0.0011813717428594,-0.0054111210629343,-0.0025725127197802,0.0059688496403396,340.35224728080016,0.9587387247346484,-0.0262584755920158,0.3111687972835535,0.3619825278703239
BH050,297,2045671,2.970001220703125,0.5604982200837619,7318,1,1,SHELF_NORMAL_Y_NEG,-29.717559197604437,30.49643744586834,860.5662432702593,402.2347717285156,268.7219543457031,-5.133426666259766,0.0026086093857884,0.0005148294148966,-9.744233830133452e-05,0.0010464221704751,-0.0002031881740549,-3.2656149414833635e-05,0.0011551826028153,354.9563953194735,0.9998771699140098,-87.60836324757246,0.410919510761085,0.410919510761085
BH050,297,2045671,2.970001220703125,0.5604982200837619,7687,4,5,SHELF_NORMAL_Y_POS,-392.1574408023956,-20.81674579952917,689.4337567297406,60.01357269287109,123.5697784423828,-30.67442512512207,1.912978223117534e-05,0.0006482711760327,-0.0008046697475947,-9.206144022755323e-05,0.0001356393331661,-0.0004175659269094,0.0005152153316885,119.49065336141712,0.3365933897504707,69.03990749663816,0.0409512459265575,0.3571644698394131
BH050,297,2045671,2.970001220703125,0.5604982200837619,6592,3,5,SHELF_NORMAL_Y_NEG,592.2175591976044,22.738223297176344,4589.433756729741,-88.30935668945312,-16.184362411499023,40.326622009277344,-0.0003810049674939,-0.0003576886956579,0.0004344005719758,2.4110335289151408e-05,-0.0004077263001818,-7.457813626388088e-05,0.0004597895604092,107.28445721827909,0.3022097386430396,1.570292797238296,0.0277455214041481,0.379364011692263
BH050,297,2045671,2.970001220703125,0.5604982200837619,7690,1,1,SHELF_NORMAL_Y_POS,-310.96755919760443,-21.386331148337096,539.4337567297406,-133.39932250976562,-225.1226501464844,-149.09776306152344,-0.0003532708797138,-0.001141344429925,-0.0022304637823253,-3.3639083994785324e-05,-0.0002427382278256,-0.0003488196525722,0.0003835926472675,324.2449794426236,0.913366139274996,52.36989362683502,0.2627287871404234,0.3553389779109036
BH050,297,2045671,2.970001220703125,0.5604982200837619,8803,2,1,SHELF_NORMAL_Y_NEG,1246.8452994616207,24.99568236389409,4860.566243270259,-89.33550262451172,-69.13316345214844,31.472959518432617,-0.0045737852342426,-0.001326436875388,0.0013100318610668,-0.004240630660206,-0.0011209420626983,0.0009127901284955,0.0057617402635514,97.75388460619916,0.27536305522873,-0.0118529346912265,0.0282432064833091,0.4218543590981223
BH050,298,2052661,2.9800004959106445,0.558721797302044,5809,3,5,SIDE_NORMAL_X_POS,-1250.0,-24.15470053837925,439.4337567297406,129.49221801757812,-355.15093994140625,125.09087371826172,0.182289645075798,-0.292419970035553,0.0529592745006084,0.1811452209949493,-0.2905083298683166,0.0513807944953441,0.3681456446647644,485.6262839624839,1.3679613632746024,1.652282568881558,0.5120003316216992,0.5385553506579153
BH050,298,2052661,2.9800004959106445,0.558721797302044,8857,1,1,SHELF_NORMAL_Y_NEG,1246.8452994616207,25.009422437046773,2189.4337567297407,-191.86915588378903,-265.3289794921875,-141.62574768066406,0.000636494718492,-0.0064198477193713,-0.0043598893098533,0.0011813717428594,-0.0054111210629343,-0.0025725127197802,0.0059688496403396,341.2892471637095,0.9613781610245338,-0.0262938588678106,0.3126615823850392,0.3619825278703239
BH050,298,2052661,2.9800004959106445,0.558721797302044,7318,1,1,SHELF_NORMAL_Y_NEG,-29.717559197604437,30.49643744586834,860.5662432702593,401.8667907714844,270.0232238769531,-5.130507469177246,0.0026124322321265,0.0005236151628196,-9.78380412561819e-05,0.0010539217619225,-0.0002012679033214,-3.3088697819039226e-05,0.0011651453096419,354.92965340380874,0.9998018405741091,-88.01514741163832,0.4112892345081646,0.4112892345081646
BH050,298,2052661,2.9800004959106445,0.558721797302044,7687,4,5,SHELF_NORMAL_Y_POS,-392.1574408023956,-20.81674579952917,689.4337567297406,60.825565338134766,123.56107330322266,-30.0478458404541,2.30837868002709e-05,0.00064704666147,-0.0007967612473294,-9.206144022755323e-05,0.0001356393331661,-0.0004175659269094,0.0005152153316885,118.99594621686876,0.3351998484982218,69.37386679468725,0.0407986088147034,0.3571644698394131
BH050,298,2052661,2.9800004959106445,0.558721797302044,6592,3,5,SHELF_NORMAL_Y_NEG,592.2175591976044,22.738223297176344,4589.433756729741,-96.58306121826172,-24.677940368652344,39.71913528442383,-0.000408798106946,-0.0003868703497573,0.0004267343319952,2.4110335289151408e-05,-0.0004077263001818,-7.457813626388088e-05,0.0004597895604092,110.84514672727072,0.3122398499359738,1.484738875608563,0.0306042911440056,0.379364011692263
BH050,298,2052661,2.9800004959106445,0.558721797302044,7690,1,1,SHELF_NORMAL_Y_POS,-310.96755919760443,-21.386331148337096,539.4337567297406,-132.25180053710938,-223.14797973632807,-149.1318817138672,-0.0003505750210024,-0.00113342970144,-0.0022308956831693,-3.3639083994785324e-05,-0.0002427382278256,-0.0003488196525722,0.0003835926472675,323.2565419754423,0.9105818083815276,52.61932080675162,0.2606611420018696,0.3553389779109036
BH050,298,2052661,2.9800004959106445,0.558721797302044,8803,2,1,SHELF_NORMAL_Y_NEG,1246.8452994616207,24.99568236389409,4860.566243270259,-93.13681030273438,-70.59938049316406,32.11905670166016,-0.0045900936238467,-0.0013280186103656,0.0013181865215301,-0.004240630660206,-0.0011209420626983,0.0009127901284955,0.0057617402635514,100.88725519666534,0.2841894512582122,-0.0118048433638817,0.0301015340847544,0.4218543590981223
BH050,299,2059652,2.9900012016296387,0.5574270403526078,5809,3,5,SIDE_NORMAL_X_POS,-1250.0,-24.15470053837925,439.4337567297406,112.21099090576172,-343.1064758300781,-114.15660095214844,0.183483138680458,-0.2941265404224396,0.0499448589980602,0.1824401915073394,-0.2922996580600738,0.0513859912753105,0.3702893555164337,455.9702473829953,1.2844232320647757,1.670049938020569,0.4537585405624595,0.5385553506579153
BH050,299,2059652,2.9900012016296387,0.5574270403526078,8857,1,1,SHELF_NORMAL_Y_NEG,1246.8452994616207,25.009422437046773,2189.4337567297407,-191.0218048095703,-264.5495910644531,-141.1964874267578,0.0006394748925231,-0.0064173024147748,-0.0043544652871787,0.0011813717428594,-0.0054111210629343,-0.0025725127197802,0.0059688496403396,340.22113379870024,0.9583693909822542,-0.02630100118245,0.3106497256251159,0.3619825278703239
BH050,299,2059652,2.9900012016296387,0.5574270403526078,7318,1,1,SHELF_NORMAL_Y_NEG,-29.717559197604437,30.49643744586834,860.5662432702593,401.6661071777344,270.7801818847656,-5.110785961151123,0.0026150620542466,0.000528801465407,-9.786193550098687e-05,0.0010586224962025,-0.0002000475069507,-3.3361706300638616e-05,0.0011714018182829,354.92634080573873,0.99979250931194,-88.4061928046371,0.4115276310944922,0.4115276310944922
BH050,299,2059652,2.9900012016296387,0.5574270403526078,7687,4,5,SHELF_NORMAL_Y_POS,-392.1574408023956,-20.81674579952917,689.4337567297406,61.85231399536133,123.34294128417967,-29.18964195251465,2.838645377778448e-05,0.0006444911123253,-0.0007859302568249,-9.206144022755323e-05,0.0001356393331661,-0.0004175659269094,0.0005152153316885,118.178886311138,0.3328982712989803,69.69359285040049,0.0404873986046119,0.3571644698394131
BH050,299,2059652,2.9900012016296387,0.5574270403526078,6592,3,5,SHELF_NORMAL_Y_NEG,592.2175591976044,22.738223297176344,4589.433756729741,-90.8344268798828,-20.587841033935547,41.12458038330078,-0.0003868499188683,-0.0003753872297238,0.0004444734950084,2.4110335289151408e-05,-0.0004077263001818,-7.457813626388088e-05,0.0004597895604092,108.98789336037012,0.3070081503109017,1.5455151146732342,0.029004710693431,0.379364011692263
BH050,299,2059652,2.9900012016296387,0.5574270403526078,7690,1,1,SHELF_NORMAL_Y_POS,-310.96755919760443,-21.386331148337096,539.4337567297406,-131.08836364746094,-222.06460571289065,-149.12741088867188,-0.0003465027257334,-0.0011298643657937,-0.0022308328188955,-3.3639083994785324e-05,-0.0002427382278256,-0.0003488196525722,0.0003835926472675,322.6510753776367,0.9088762686693992,52.85541797590468,0.2593219564608386,0.3553389779109036
BH050,299,2059652,2.9900012016296387,0.5574270403526078,8803,2,1,SHELF_NORMAL_Y_NEG,1246.8452994616207,24.99568236389409,4860.566243270259,-93.95442199707033,-70.07096862792969,33.07984161376953,-0.0045948280021548,-0.0013242637505754,0.0013303110608831,-0.004240630660206,-0.0011209420626983,0.0009127901284955,0.0057617402635514,102.16028809975104,0.2877754594359183,-0.0118130836446366,0.0306757058182586,0.4218543590981223
BH050,300,2066642,3.000000476837158,0.5548938436398532,5809,3,5,SIDE_NORMAL_X_POS,-1250.0,-24.15470053837925,439.4337567297406,128.2021942138672,-353.2613220214844,69.45728302001953,0.1848829686641693,-0.2960093021392822,0.0523015297949314,0.1837472319602966,-0.2941102385520935,0.0514252260327339,0.3724511563777923,448.3204025529421,1.2628743733885694,1.6925836520205433,0.4381468937041164,0.5385553506579153
BH050,300,2066642,3.000000476837158,0.5548938436398532,8857,1,1,SHELF_NORMAL_Y_NEG,1246.8452994616207,25.009422437046773,2189.4337567297407,-190.20098876953125,-263.4859924316406,-142.92697143554688,0.0006419086130335,-0.0064133214764297,-0.0043763266876339,0.0011813717428594,-0.0054111210629343,-0.0025725127197802,0.0059688496403396,341.71676215893706,0.9625824286167242,-0.0262631883955066,0.3122401910953323,0.3619825278703239
BH050,300,2066642,3.000000476837158,0.5548938436398532,7318,1,1,SHELF_NORMAL_Y_NEG,-29.717559197604437,30.49643744586834,860.5662432702593,401.1282043457031,272.7248229980469,-5.102991580963135,0.0026194411329925,0.0005416568019427,-9.832818614086136e-05,0.0010684413136914,-0.0001974201441043,-3.3926189644262195e-05,0.0011845288099721,354.9129026119564,0.9997546552449476,-88.85078830043851,0.4121213094967509,0.4121213094967509
BH050,300,2066642,3.000000476837158,0.5548938436398532,7687,4,5,SHELF_NORMAL_Y_POS,-392.1574408023956,-20.81674579952917,689.4337567297406,62.78897476196289,122.9095230102539,-28.45355987548828,3.356568413437344e-05,0.0006410231580957,-0.0007766404887661,-9.206144022755323e-05,0.0001356393331661,-0.0004175659269094,0.0005152153316885,117.30583305503102,0.3304389663522,70.07297962862262,0.040115220320551,0.3571644698394131
BH050,300,2066642,3.000000476837158,0.5548938436398532,6592,3,5,SHELF_NORMAL_Y_NEG,592.2175591976044,22.738223297176344,4589.433756729741,-92.1908721923828,-18.942707061767575,38.672119140625,-0.0003958292363677,-0.000365424901247,0.0004135198832955,2.4110335289151408e-05,-0.0004077263001818,-7.457813626388088e-05,0.0004597895604092,107.69511027521688,0.3033665078175123,1.543890067441919,0.0283945103117393,0.379364011692263
BH050,300,2066642,3.000000476837158,0.5548938436398532,7690,1,1,SHELF_NORMAL_Y_POS,-310.96755919760443,-21.386331148337096,539.4337567297406,-130.0941619873047,-220.3849029541016,-149.17648315429688,-0.000344125466654,-0.0011231574462726,-0.0022314609959721,-3.3639083994785324e-05,-0.0002427382278256,-0.0003488196525722,0.0003835926472675,321.8448019584178,0.906605075939205,53.14265544359651,0.2576214665192196,0.3553389779109036
BH050,300,2066642,3.000000476837158,0.5548938436398532,8803,2,1,SHELF_NORMAL_Y_NEG,1246.8452994616207,24.99568236389409,4860.566243270259,-92.08733367919922,-69.95735168457031,32.13188934326172,-0.004585918970406,-0.0013264319859445,0.0013183453120291,-0.004240630660206,-0.0011209420626983,0.0009127901284955,0.0057617402635514,100.14637801376324,0.2821024732782063,-0.0118446447902872,0.0296083504746315,0.4218543590981223
BH050,301,2073633,3.0100011825561523,0.5524345877098686,5809,3,5,SIDE_NORMAL_X_POS,-1250.0,-24.15470053837925,439.4337567297406,112.73600006103516,-350.31396484375,-8.054389953613281,0.1860913336277008,-0.2977568805217743,0.0513867698609828,0.1850351691246032,-0.2958939969539642,0.0514887943863868,0.3745777904987335,418.4697055091215,1.1787879028425958,1.7142984578339786,0.3858487411466864,0.5385553506579153
BH050,301,2073633,3.0100011825561523,0.5524345877098686,8857,1,1,SHELF_NORMAL_Y_NEG,1246.8452994616207,25.009422437046773,2189.4337567297407,-193.0819091796875,-263.5543518066406,-142.4727783203125,0.0006280227098613,-0.0064094518311321,-0.0043705822899937,0.0011813717428594,-0.0054111210629343,-0.0025725127197802,0.0059688496403396,341.68614293848253,0.9624961772915,-0.0263222012268354,0.3130615567735933,0.3619825278703239
BH050,301,2073633,3.0100011825561523,0.5524345877098686,7318,1,1,SHELF_NORMAL_Y_NEG,-29.717559197604437,30.49643744586834,860.5662432702593,400.7530822753906,274.1870422363281,-4.9842529296875,0.0026249072980135,0.0005519001279026,-9.736734500620514e-05,0.001077844412066,-0.0001948249264387,-3.4463449992472306e-05,0.0011971581261605,354.9292790390109,0.9998007860253828,-89.31188670683726,0.4126253758647912,0.4126253758647912
BH050,301,2073633,3.0100011825561523,0.5524345877098686,7687,4,5,SHELF_NORMAL_Y_POS,-392.1574408023956,-20.81674579952917,689.4337567297406,64.05277252197266,122.66250610351562,-27.683643341064453,4.006106610177085e-05,0.0006379822734743,-0.0007669224287383,-9.206144022755323e-05,0.0001356393331661,-0.0004175659269094,0.0005152153316885,116.58098814484632,0.3283971497037924,70.44702245703024,0.0398807804394059,0.3571644698394131
BH050,301,2073633,3.0100011825561523,0.5524345877098686,6592,3,5,SHELF_NORMAL_Y_NEG,592.2175591976044,22.738223297176344,4589.433756729741,-89.94141387939453,-19.004854202270508,40.189788818359375,-0.0003848205669783,-0.0003690033045131,0.0004326748021412,2.4110335289151408e-05,-0.0004077263001818,-7.457813626388088e-05,0.0004597895604092,107.6428183026769,0.3032192064864138,1.5239953085783302,0.0282151947244299,0.379364011692263
BH050,301,2073633,3.0100011825561523,0.5524345877098686,7690,1,1,SHELF_NORMAL_Y_POS,-310.96755919760443,-21.386331148337096,539.4337567297406,-128.37042236328125,-218.09310913085935,-149.2015838623047,-0.0003390978963579,-0.0011145427124574,-0.002231775317341,-3.3639083994785324e-05,-0.0002427382278256,-0.0003488196525722,0.0003835926472675,320.6714875624329,0.9032999649645996,53.41972565087399,0.2551299898515479,0.3553389779109036
BH050,301,2073633,3.0100011825561523,0.5524345877098686,8803,2,1,SHELF_NORMAL_Y_NEG,1246.8452994616207,24.99568236389409,4860.566243270259,-86.57137298583984,-66.61030578613281,32.248348236083984,-0.0045640058815479,-0.0013182157417759,0.0013198165688663,-0.004240630660206,-0.0011209420626983,0.0009127901284955,0.0057617402635514,96.35796657532056,0.2714308917614663,-0.0117464144851912,0.0271364448699695,0.4218543590981223
BH050,302,2080623,3.020000457763672,0.5506987556268509,5809,3,5,SIDE_NORMAL_X_POS,-1250.0,-24.15470053837925,439.4337567297406,120.9350128173828,-350.217041015625,18.421607971191406,0.1874061524868011,-0.2995352149009704,0.0517858490347862,0.1863104403018951,-0.2976613640785217,0.0515536405146122,0.376682311296463,425.02802543797486,1.1972620434872532,1.7367482782993036,0.3960240965474304,0.5385553506579153
BH050,302,2080623,3.020000457763672,0.5506987556268509,8857,1,1,SHELF_NORMAL_Y_NEG,1246.8452994616207,25.009422437046773,2189.4337567297407,-191.73521423339844,-261.8197937011719,-143.0418701171875,0.0006320354295894,-0.006402984727174,-0.004377756267786,0.0011813717428594,-0.0054111210629343,-0.0025725127197802,0.0059688496403396,341.31342243586033,0.9614462603827052,-0.0265141374143932,0.3116146656768869,0.3619825278703239
BH050,302,2080623,3.020000457763672,0.5506987556268509,7318,1,1,SHELF_NORMAL_Y_NEG,-29.717559197604437,30.49643744586834,860.5662432702593,400.4031066894531,275.10406494140625,-4.981313228607178,0.0026293005794286,0.0005589693901129,-9.775187209015712e-05,0.0010852748528122,-0.000192722553038,-3.4884815249824896e-05,0.0012071768287569,354.86168090237555,0.999610368739086,-89.75351866007975,0.4127717681876034,0.4127717681876034
BH050,302,2080623,3.020000457763672,0.5506987556268509,7687,4,5,SHELF_NORMAL_Y_POS,-392.1574408023956,-20.81674579952917,689.4337567297406,64.60485076904297,122.4753875732422,-26.86596298217773,4.301537046558224e-05,0.0006362691638059,-0.0007566008716821,-9.206144022755323e-05,0.0001356393331661,-0.0004175659269094,0.0005152153316885,115.8742554148048,0.3264063532811403,70.81538008525861,0.0395792444566368,0.3571644698394131
BH050,302,2080623,3.020000457763672,0.5506987556268509,6592,3,5,SHELF_NORMAL_Y_NEG,592.2175591976044,22.738223297176344,4589.433756729741,-95.627685546875,-26.376354217529297,40.07508087158203,-0.0004016898456029,-0.0003965070354752,0.0004312257224228,2.4110335289151408e-05,-0.0004077263001818,-7.457813626388088e-05,0.0004597895604092,110.1639365603155,0.3103209480572267,1.446145185072692,0.0303463475176995,0.379364011692263
BH050,302,2080623,3.020000457763672,0.5506987556268509,7690,1,1,SHELF_NORMAL_Y_POS,-310.96755919760443,-21.386331148337096,539.4337567297406,-127.54222869873048,-216.37294006347656,-149.45143127441406,-0.0003375812084414,-0.0011074000503867,-0.0022349352948367,-3.3639083994785324e-05,-0.0002427382278256,-0.0003488196525722,0.0003835926472675,320.1480489043658,0.901825489871453,53.69727060303817,0.25385611453138,0.3553389779109036
BH050,302,2080623,3.020000457763672,0.5506987556268509,8803,2,1,SHELF_NORMAL_Y_NEG,1246.8452994616207,24.99568236389409,4860.566243270259,-91.74388122558594,-68.30075073242188,32.89677810668945,-0.0045866598375141,-0.0013188864104449,0.0013280006824061,-0.004240630660206,-0.0011209420626983,0.0009127901284955,0.0057617402635514,100.31126736082776,0.2825669503121909,-0.0117701133222169,0.0294687300717528,0.4218543590981223
BH050,303,2087614,3.030001163482666,0.5487618779169492,5809,3,5,SIDE_NORMAL_X_POS,-1250.0,-24.15470053837925,439.4337567297406,120.88640594482422,-351.5324401855469,2.4704785346984863,0.1886736899614334,-0.3012920618057251,0.0516484566032886,0.1875767558813095,-0.2994115352630615,0.0516174398362636,0.3787663578987121,425.09102872758655,1.1974395175424972,1.7566512221828738,0.3964133807781748,0.5385553506579153
BH050,303,2087614,3.030001163482666,0.5487618779169492,8857,1,1,SHELF_NORMAL_Y_NEG,1246.8452994616207,25.009422437046773,2189.4337567297407,-189.5859375,-260.7853088378906,-142.24493408203125,0.0006409610505215,-0.0064010927453637,-0.004367699380964,0.0011813717428594,-0.0054111210629343,-0.0025725127197802,0.0059688496403396,339.4281095566094,0.956135519877773,-0.0266927849230944,0.3079842298184577,0.3619825278703239
BH050,303,2087614,3.030001163482666,0.5487618779169492,7318,1,1,SHELF_NORMAL_Y_NEG,-29.717559197604437,30.49643744586834,860.5662432702593,400.0665893554688,276.7146911621094,-4.888230800628662,0.0026336284354329,0.000569685245864,-9.704418334877118e-05,0.0010935771279036,-0.0001903179654618,-3.53517934854608e-05,0.0012184141669422,354.9530643715624,0.9998677869621476,-90.1867682186319,0.4134670547481949,0.4134670547481949
BH050,303,2087614,3.030001163482666,0.5487618779169492,7687,4,5,SHELF_NORMAL_Y_POS,-392.1574408023956,-20.81674579952917,689.4337567297406,65.9627685546875,122.72644805908205,-26.086515426635746,4.924234599457122e-05,0.0006355118821375,-0.0007467633113265,-9.206144022755323e-05,0.0001356393331661,-0.0004175659269094,0.0005152153316885,115.58118558420328,0.3255808044625444,71.16952678174319,0.0396323034137378,0.3571644698394131
BH050,303,2087614,3.030001163482666,0.5487618779169492,6592,3,5,SHELF_NORMAL_Y_NEG,592.2175591976044,22.738223297176344,4589.433756729741,-89.90255737304688,-17.77657127380371,39.31222152709961,-0.0003864217433147,-0.0003630983701441,0.0004215985827613,2.4110335289151408e-05,-0.0004077263001818,-7.457813626388088e-05,0.0004597895604092,106.94236472892618,0.3012460978279611,1.5165380329999063,0.0278102817614681,0.379364011692263
BH050,303,2087614,3.030001163482666,0.5487618779169492,7690,1,1,SHELF_NORMAL_Y_POS,-310.96755919760443,-21.386331148337096,539.4337567297406,-126.07971954345705,-214.7676239013672,-149.3167266845703,-0.0003328202583361,-0.0011017295764759,-0.0022332444787025,-3.3639083994785324e-05,-0.0002427382278256,-0.0003488196525722,0.0003835926472675,319.1078826530001,0.8988954440929581,53.96209925805718,0.2517774852829613,0.3553389779109036
BH050,303,2087614,3.030001163482666,0.5487618779169492,8803,2,1,SHELF_NORMAL_Y_NEG,1246.8452994616207,24.99568236389409,4860.566243270259,-88.56568145751953,-67.27853393554688,31.59483528137207,-0.0045727300457656,-0.0013185553252696,0.0013115698238834,-0.004240630660206,-0.0011209420626983,0.0009127901284955,0.0057617402635514,96.98666250808866,0.273201866219968,-0.0117697249914428,0.0276601616202896,0.4218543590981223
BH050,304,2094850,3.039999961853028,0.5456498410344317,5809,3,5,SIDE_NORMAL_X_POS,-1250.0,-24.15470053837925,439.4337567297406,109.04869842529295,-345.8822326660156,-141.29981994628906,0.1898976415395736,-0.3030444085597992,0.0499434061348438,0.18886598944664,-0.3012076020240783,0.0517269149422645,0.3808920383453369,478.6868100684442,1.3484135494885752,1.7850804313957884,0.49966470233236,0.5385553506579153
BH050,304,2094850,3.039999961853028,0.5456498410344317,8857,1,1,SHELF_NORMAL_Y_NEG,1246.8452994616207,25.009422437046773,2189.4337567297407,-188.96478271484372,-259.5728454589844,-144.17359924316406,0.00064220756758,-0.0063961204141378,-0.0043920166790485,0.0011813717428594,-0.0054111210629343,-0.0025725127197802,0.0059688496403396,341.1652166055277,0.9610287791705006,-0.0267752768653522,0.3099366975868413,0.3619825278703239
BH050,304,2094850,3.039999961853028,0.5456498410344317,7318,1,1,SHELF_NORMAL_Y_NEG,-29.717559197604437,30.49643744586834,860.5662432702593,399.4062194824219,278.47125244140625,-4.943864822387695,0.002636790741235,0.0005818322533741,-9.82637793640606e-05,0.0011025024577975,-0.0001876585301943,-3.586959792301059e-05,0.0012305532582104,354.854536146172,0.9995902426652732,-90.67722989651702,0.4137987173660777,0.4137987173660777
BH050,304,2094850,3.039999961853028,0.5456498410344317,7687,4,5,SHELF_NORMAL_Y_POS,-392.1574408023956,-20.81674579952917,689.4337567297406,66.17729187011719,121.66079711914062,-25.37360954284668,5.18355518579483e-05,0.00063002621755,-0.0007377641741186,-9.206144022755323e-05,0.0001356393331661,-0.0004175659269094,0.0005152153316885,114.28500172166692,0.3219295823145547,71.60337745840333,0.0389015864960634,0.3571644698394131
BH050,304,2094850,3.039999961853028,0.5456498410344317,6592,3,5,SHELF_NORMAL_Y_NEG,592.2175591976044,22.738223297176344,4589.433756729741,-90.28180694580078,-21.19163703918457,39.63867950439453,-0.0003832907241303,-0.0003791244234889,0.0004257207619957,2.4110335289151408e-05,-0.0004077263001818,-7.457813626388088e-05,0.0004597895604092,106.77240092982156,0.3007673265628776,1.494466679367042,0.0280031957764824,0.379364011692263
BH050,304,2094850,3.039999961853028,0.5456498410344317,7690,1,1,SHELF_NORMAL_Y_POS,-310.96755919760443,-21.386331148337096,539.4337567297406,-124.95979309082033,-212.9708709716797,-149.5397186279297,-0.0003299991658423,-0.0010946351103484,-0.0022360614966601,-3.3639083994785324e-05,-0.0002427382278256,-0.0003488196525722,0.0003835926472675,318.5045182453535,0.8971958260432493,54.290622418680144,0.2503270298344183,0.3553389779109036
BH050,304,2094850,3.039999961853028,0.5456498410344317,8803,2,1,SHELF_NORMAL_Y_NEG,1246.8452994616207,24.99568236389409,4860.566243270259,-85.52374267578125,-65.2166748046875,32.053096771240234,-0.0045609613880515,-0.0013129758881404,0.0013173558982089,-0.004240630660206,-0.0011209420626983,0.0009127901284955,0.0057617402635514,95.24785644604756,0.2683038209747818,-0.0117415587554708,0.0264498429023348,0.4218543590981223
BH050,305,2103232,3.0500001907348637,0.5423067202593465,5809,3,5,SIDE_NORMAL_X_POS,-1250.0,-24.15470053837925,439.4337567297406,128.4129638671875,-361.5122985839844,108.54508209228516,0.1914945095777511,-0.3052179217338562,0.0531509444117546,0.1903461217880249,-0.3032754957675934,0.0517811141908168,0.3833402991294861,478.4872010738671,1.3478512706306116,1.808244375085724,0.4991731314562251,0.5385553506579153
BH050,305,2103232,3.0500001907348637,0.5423067202593465,8857,1,1,SHELF_NORMAL_Y_NEG,1246.8452994616207,25.009422437046773,2189.4337567297407,-193.0716094970703,-259.421875,-144.61874389648438,0.0006220499635674,-0.0063893920741975,-0.0043976525776088,0.0011813717428594,-0.0054111210629343,-0.0025725127197802,0.0059688496403396,342.3931949322268,0.964487873048526,-0.0268046029116485,0.3128543979837928,0.3619825278703239
BH050,305,2103232,3.0500001907348637,0.5423067202593465,7318,1,1,SHELF_NORMAL_Y_NEG,-29.717559197604437,30.49643744586834,860.5662432702593,398.8922729492188,279.7279968261719,-5.043462753295898,0.0026418615598231,0.0005915795918554,-0.0001000588745228,0.001111886347644,-0.0001847666280809,-3.640758950496093e-05,0.0012433909578248,354.7643876082899,0.9993363031219432,-91.19652843353823,0.4139954729634656,0.4139954729634656
BH050,305,2103232,3.0500001907348637,0.5423067202593465,7687,4,5,SHELF_NORMAL_Y_POS,-392.1574408023956,-20.81674579952917,689.4337567297406,67.76806640625,121.45145416259766,-24.22885131835937,5.9862653870368376e-05,0.0006266968557611,-0.0007233147043734,-9.206144022755323e-05,0.0001356393331661,-0.0004175659269094,0.0005152153316885,113.4616589004692,0.319610306761885,72.02819792601483,0.0386758562668567,0.3571644698394131
BH050,305,2103232,3.0500001907348637,0.5423067202593465,6592,3,5,SHELF_NORMAL_Y_NEG,592.2175591976044,22.738223297176344,4589.433756729741,-94.7952117919922,-24.59908103942871,38.3143196105957,-0.0004002377972938,-0.0003890928055625,0.0004090067814104,2.4110335289151408e-05,-0.0004077263001818,-7.457813626388088e-05,0.0004597895604092,107.99691260087322,0.3042166552137273,1.4370879115746764,0.0291482441352907,0.379364011692263
BH050,305,2103232,3.0500001907348637,0.5423067202593465,7690,1,1,SHELF_NORMAL_Y_POS,-310.96755919760443,-21.386331148337096,539.4337567297406,-123.8123779296875,-211.1277618408203,-149.28041076660156,-0.0003271141613367,-0.0010873581049963,-0.0022327923215925,-3.3639083994785324e-05,-0.0002427382278256,-0.0003488196525722,0.0003835926472675,317.2036090966953,0.8935312932301276,54.61110733363372,0.2479367153511637,0.3553389779109036
BH050,305,2103232,3.0500001907348637,0.5423067202593465,8803,2,1,SHELF_NORMAL_Y_NEG,1246.8452994616207,24.99568236389409,4860.566243270259,-88.42659759521484,-65.14543151855469,31.63471031188965,-0.004575153812766,-0.0013083991361781,0.0013120707590132,-0.004240630660206,-0.0011209420626983,0.0009127901284955,0.0057617402635514,96.46173459718844,0.2717231960484181,-0.0117526055050674,0.0272180205592398,0.4218543590981223
BH050,306,2111621,3.0600006580352783,0.5414901300268254,5809,3,5,SIDE_NORMAL_X_POS,-1250.0,-24.15470053837925,439.4337567297406,125.18374633789062,-355.25811767578125,44.63660430908203,0.1929569393396377,-0.3072504997253418,0.052335437387228,0.1918327212333679,-0.3053445518016815,0.0517722442746162,0.3857964873313904,438.5534425153527,1.235361809902402,1.8301632075912415,0.4212698197693277,0.5385553506579153
BH050,306,2111621,3.0600006580352783,0.5414901300268254,8857,1,1,SHELF_NORMAL_Y_NEG,1246.8452994616207,25.009422437046773,2189.4337567297407,-192.3506317138672,-259.3850402832031,-144.4910125732422,0.0006254926556721,-0.0063902544789016,-0.0043960367329418,0.0011813717428594,-0.0054111210629343,-0.0025725127197802,0.0059688496403396,342.08105242933897,0.963608598392504,-0.0269271893249547,0.3121811854290757,0.3619825278703239
BH050,306,2111621,3.0600006580352783,0.5414901300268254,7318,1,1,SHELF_NORMAL_Y_NEG,-29.717559197604437,30.49643744586834,860.5662432702593,398.6683349609375,280.70721435546875,-5.045656681060791,0.0026464345864951,0.000598897691816,-0.0001004984078463,0.0011189625365659,-0.0001825372455641,-3.6819008528254926e-05,0.001253111870028,354.8242941050472,0.9995050538170344,-91.62792539215828,0.4144225048949362,0.4144225048949362
BH050,306,2111621,3.0600006580352783,0.5414901300268254,7687,4,5,SHELF_NORMAL_Y_POS,-392.1574408023956,-20.81674579952917,689.4337567297406,69.19506072998047,121.43057250976562,-23.51861572265625,6.682028470095247e-05,0.0006245179101824,-0.0007143501425161,-9.206144022755323e-05,0.0001356393331661,-0.0004175659269094,0.0005152153316885,113.09429864814372,0.3185754891497007,72.38921441748376,0.0386734771493852,0.3571644698394131
BH050,306,2111621,3.0600006580352783,0.5414901300268254,6592,3,5,SHELF_NORMAL_Y_NEG,592.2175591976044,22.738223297176344,4589.433756729741,-91.49717712402344,-23.67189598083496,40.30166244506836,-0.0003855784016195,-0.0003893950488418,0.0004340900341048,2.4110335289151408e-05,-0.0004077263001818,-7.457813626388088e-05,0.0004597895604092,107.88351314765929,0.3038972201342515,1.4419999878326777,0.0287760482329194,0.379364011692263
BH050,306,2111621,3.0600006580352783,0.5414901300268254,7690,1,1,SHELF_NORMAL_Y_POS,-310.96755919760443,-21.386331148337096,539.4337567297406,-122.26261138916016,-209.0693359375,-149.4803924560547,-0.0003225907857995,-0.0010796175338327,-0.0022353152744472,-3.3639083994785324e-05,-0.0002427382278256,-0.0003488196525722,0.0003835926472675,316.4331423640325,0.8913609644057253,54.87919318447464,0.2461308016610428,0.3553389779109036
BH050,306,2111621,3.0600006580352783,0.5414901300268254,8803,2,1,SHELF_NORMAL_Y_NEG,1246.8452994616207,24.99568236389409,4860.566243270259,-83.90185546875,-63.74251174926758,31.565248489379883,-0.0045552323572337,-0.0013081842334941,0.0013111929874867,-0.004240630660206,-0.0011209420626983,0.0009127901284955,0.0057617402635514,93.50726647588026,0.2634007506362824,-0.0116614440149679,0.0254592880945801,0.4218543590981223
BH050,307,2120009,3.069999933242798,0.5390980507393184,5809,3,5,SIDE_NORMAL_X_POS,-1250.0,-24.15470053837925,439.4337567297406,114.15869140625,-347.5107421875,-80.93379211425781,0.1943589001893997,-0.3092363774776459,0.0507411770522594,0.1932995915412902,-0.3073839843273163,0.0517628788948059,0.3882158100605011,439.4520798164641,1.237893182581589,1.8540677687694835,0.4234881983014438,0.5385553506579153
BH050,307,2120009,3.069999933242798,0.5390980507393184,8857,1,1,SHELF_NORMAL_Y_NEG,1246.8452994616207,25.009422437046773,2189.4337567297407,-193.72679138183597,-258.73199462890625,-145.69639587402344,0.000617858255282,-0.0063850842416286,-0.0044112629257142,0.0011813717428594,-0.0054111210629343,-0.0025725127197802,0.0059688496403396,343.5568583342702,0.9677657981247048,-0.0268364409010511,0.3145243505153282,0.3619825278703239
BH050,307,2120009,3.069999933242798,0.5390980507393184,7318,1,1,SHELF_NORMAL_Y_NEG,-29.717559197604437,30.49643744586834,860.5662432702593,398.1409301757813,282.4757385253906,-4.890021324157715,0.0026467910502105,0.0006100235623307,-9.884832979878412e-05,0.0011244599008932,-0.0001807721710065,-3.713362821144983e-05,0.001260689808987,354.8454970459165,0.9995647804110324,-92.10710423397045,0.4149988679936101,0.4149988679936101
BH050,307,2120009,3.069999933242798,0.5390980507393184,7687,4,5,SHELF_NORMAL_Y_POS,-392.1574408023956,-20.81674579952917,689.4337567297406,70.46971893310547,121.04340362548828,-22.18123817443848,7.357170397881418e-05,0.0006207827827893,-0.0006974688149057,-9.206144022755323e-05,0.0001356393331661,-0.0004175659269094,0.0005152153316885,112.08752917435844,0.3157395188010097,72.78614175720807,0.0383061499731887,0.3571644698394131
BH050,307,2120009,3.069999933242798,0.5390980507393184,6592,3,5,SHELF_NORMAL_Y_NEG,592.2175591976044,22.738223297176344,4589.433756729741,-87.2414779663086,-18.10348129272461,39.66716003417969,-0.0003730285679921,-0.0003685614501591,0.0004260785644873,2.4110335289151408e-05,-0.0004077263001818,-7.457813626388088e-05,0.0004597895604092,105.26104599461708,0.2965099887172312,1.512497969117988,0.0268989433618702,0.379364011692263
BH050,307,2120009,3.069999933242798,0.5390980507393184,7690,1,1,SHELF_NORMAL_Y_POS,-310.96755919760443,-21.386331148337096,539.4337567297406,-120.6617431640625,-207.0256805419922,-149.19235229492188,-0.0003177953185513,-0.0010720292339101,-0.0022316940594464,-3.3639083994785324e-05,-0.0002427382278256,-0.0003488196525722,0.0003835926472675,314.982353669564,0.8872742356889127,55.17543989454223,0.2434289408437962,0.3553389779109036
BH050,307,2120009,3.069999933242798,0.5390980507393184,8803,2,1,SHELF_NORMAL_Y_NEG,1246.8452994616207,24.99568236389409,4860.566243270259,-81.36072540283203,-63.15714263916016,31.593774795532227,-0.0045437379740178,-0.0013090440770611,0.0013115493347868,-0.004240630660206,-0.0011209420626983,0.0009127901284955,0.0057617402635514,92.00207162025472,0.259160765127478,-0.0116736047881199,0.0245749608196017,0.4218543590981223
BH050,308,2128398,3.080000400543213,0.5363689768454755,5809,3,5,SIDE_NORMAL_X_POS,-1250.0,-24.15470053837925,439.4337567297406,125.44354248046876,-357.33074951171875,39.27256774902344,0.1958882212638855,-0.3113218247890472,0.0523431338369846,0.1947592347860336,-0.3094057738780975,0.0518477633595466,0.3906095027923584,439.1732980104913,1.237107881719694,1.8804310810651952,0.4226204757157727,0.5385553506579153
BH050,308,2128398,3.080000400543213,0.5363689768454755,8857,1,1,SHELF_NORMAL_Y_NEG,1246.8452994616207,25.009422437046773,2189.4337567297407,-188.343017578125,-256.2718200683594,-145.30538940429688,0.0006404140149243,-0.0063809822313487,-0.0044063245877623,0.0011813717428594,-0.0054111210629343,-0.0025725127197802,0.0059688496403396,340.91391683161515,0.960320892483423,-0.0268819030054393,0.3084410127023853,0.3619825278703239
BH050,308,2128398,3.080000400543213,0.5363689768454755,7318,1,1,SHELF_NORMAL_Y_NEG,-29.717559197604437,30.49643744586834,860.5662432702593,397.3733825683594,284.7373352050781,-4.764041423797607,0.0026496837381273,0.0006254079053178,-9.781261906027794e-05,0.0011343662627041,-0.0001774823031155,-3.7688048905693e-05,0.0012744325213134,354.826725982738,0.9995119041767266,-92.6047607696528,0.4156293480353147,0.4156293480353147
BH050,308,2128398,3.080000400543213,0.5363689768454755,7687,4,5,SHELF_NORMAL_Y_POS,-392.1574408023956,-20.81674579952917,689.4337567297406,71.41277313232422,120.38247680664062,-21.573705673217773,7.911206921562552e-05,0.0006162014906294,-0.0006898011197336,-9.206144022755323e-05,0.0001356393331661,-0.0004175659269094,0.0005152153316885,111.31555467532,0.3135649427473802,73.20551998464744,0.0379781672659375,0.3571644698394131
BH050,308,2128398,3.080000400543213,0.5363689768454755,6592,3,5,SHELF_NORMAL_Y_NEG,592.2175591976044,22.738223297176344,4589.433756729741,-96.69683837890624,-28.841041564941406,38.88515853881836,-0.0004032897413708,-0.0004069152637384,0.0004162076220382,2.4110335289151408e-05,-0.0004077263001818,-7.457813626388088e-05,0.0004597895604092,109.22185385677014,0.3076671939627328,1.4064524182340217,0.0301946460711945,0.379364011692263
BH050,308,2128398,3.080000400543213,0.5363689768454755,7690,1,1,SHELF_NORMAL_Y_POS,-310.96755919760443,-21.386331148337096,539.4337567297406,-119.73231506347656,-205.89129638671875,-149.25082397460938,-0.0003149374388158,-0.0010678683174774,-0.0022324370220303,-3.3639083994785324e-05,-0.0002427382278256,-0.0003488196525722,0.0003835926472675,314.4878964312626,0.8858813983979228,55.4936720870617,0.242337280514132,0.3553389779109036
BH050,308,2128398,3.080000400543213,0.5363689768454755,8803,2,1,SHELF_NORMAL_Y_NEG,1246.8452994616207,24.99568236389409,4860.566243270259,-79.16726684570312,-61.732818603515625,31.5797119140625,-0.004535156302154,-0.0013053240254521,0.0013113762252032,-0.004240630660206,-0.0011209420626983,0.0009127901284955,0.0057617402635514,90.46000841674164,0.2548169251175821,-0.0116320328204302,0.0236481206856954,0.4218543590981223
BH050,309,2136787,3.090000867843628,0.5350913854112267,5809,3,5,SIDE_NORMAL_X_POS,-1250.0,-24.15470053837925,439.4337567297406,107.71551513671876,-343.747802734375,-156.32000732421875,0.197230577468872,-0.3132420182228088,0.0498613230884075,0.1962069422006607,-0.3114171326160431,0.0518347211182117,0.3929894566535949,489.9999895959787,1.380281660833743,1.9010506217660497,0.5229492461667203,0.5385553506579153
BH050,309,2136787,3.090000867843628,0.5350913854112267,8857,1,1,SHELF_NORMAL_Y_NEG,1246.8452994616207,25.009422437046773,2189.4337567297407,-191.03884887695312,-255.7947235107422,-145.3604278564453,0.0006266331183724,-0.0063747367821633,-0.0044070156291127,0.0011813717428594,-0.0054111210629343,-0.0025725127197802,0.0059688496403396,341.24626706779407,0.9612570903318144,-0.0269991554872458,0.3095561359970262,0.3619825278703239
BH050,309,2136787,3.090000867843628,0.5350913854112267,7318,1,1,SHELF_NORMAL_Y_NEG,-29.717559197604437,30.49643744586834,860.5662432702593,397.2349853515625,285.6650695800781,-4.804096221923828,0.0026539834216237,0.0006322594708763,-9.867188782664016e-05,0.00114068062976,-0.0001753340766299,-3.80418096028734e-05,0.0012832316569983,354.95527021989693,0.999874000619428,-93.05205520679498,0.4161720005291152,0.4161720005291152
BH050,309,2136787,3.090000867843628,0.5350913854112267,7687,4,5,SHELF_NORMAL_Y_POS,-392.1574408023956,-20.81674579952917,689.4337567297406,72.4614486694336,119.817138671875,-20.626121520996094,8.50258584250696e-05,0.000611933064647,-0.0006778401439078,-9.206144022755323e-05,0.0001356393331661,-0.0004175659269094,0.0005152153316885,110.45811643421456,0.3111496237583508,73.57336891607426,0.0376383399062493,0.3571644698394131
BH050,309,2136787,3.090000867843628,0.5350913854112267,6592,3,5,SHELF_NORMAL_Y_NEG,592.2175591976044,22.738223297176344,4589.433756729741,-91.08796691894533,-22.971342086791992,39.7104606628418,-0.0003846098843496,-0.0003865907492581,0.0004266246105544,2.4110335289151408e-05,-0.0004077263001818,-7.457813626388088e-05,0.0004597895604092,107.06563166943502,0.3015933286462958,1.456404160775281,0.0283235603702875,0.379364011692263
BH050,309,2136787,3.090000867843628,0.5350913854112267,7690,1,1,SHELF_NORMAL_Y_POS,-310.96755919760443,-21.386331148337096,539.4337567297406,-118.2919692993164,-204.11282348632807,-149.09693908691406,-0.0003105366777162,-0.0010613299673423,-0.0022304870653897,-3.3639083994785324e-05,-0.0002427382278256,-0.0003488196525722,0.0003835926472675,313.3685028813373,0.8827281771305278,55.76843660170049,0.2401823781392997,0.3553389779109036
BH050,309,2136787,3.090000867843628,0.5350913854112267,8803,2,1,SHELF_NORMAL_Y_NEG,1246.8452994616207,24.99568236389409,4860.566243270259,-83.09425354003906,-62.37745666503906,31.812522888183597,-0.0045532817021012,-0.0013027335517108,0.0013143214164301,-0.004240630660206,-0.0011209420626983,0.0009127901284955,0.0057617402635514,92.9973317337717,0.2619643147430189,-0.0116441619692998,0.0250517256325779,0.4218543590981223
BH050,310,2145175,3.1000001430511475,0.5327334694516277,5809,3,5,SIDE_NORMAL_X_POS,-1250.0,-24.15470053837925,439.4337567297406,108.18539428710938,-343.1948547363281,-154.51148986816406,0.1986677646636963,-0.3152366280555725,0.049864038825035,0.1976426988840103,-0.3134137094020843,0.0518146008253097,0.3953495323657989,488.0951342057641,1.3749158710021523,1.924651944324376,0.518878639571819,0.5385553506579153
BH050,310,2145175,3.1000001430511475,0.5327334694516277,8857,1,1,SHELF_NORMAL_Y_NEG,1246.8452994616207,25.009422437046773,2189.4337567297407,-189.9503173828125,-255.02001953125,-147.42459106445312,0.0006307861185632,-0.0063725742511451,-0.0044330605305731,0.0011813717428594,-0.0054111210629343,-0.0025725127197802,0.0059688496403396,343.3325355077524,0.967133902838739,-0.0270466481211771,0.3120252005274921,0.3619825278703239
BH050,310,2145175,3.1000001430511475,0.5327334694516277,7318,1,1,SHELF_NORMAL_Y_NEG,-29.717559197604437,30.49643744586834,860.5662432702593,396.6701354980469,286.8956298828125,-4.69030237197876,0.0026583371218293,0.0006421285215765,-9.773999045137316e-05,0.0011495652142912,-0.0001722578599583,-3.854581882478669e-05,0.0012956568971276,354.85119031997573,0.9995808178027484,-93.53019380256204,0.4163099508450157,0.4163099508450157
BH050,310,2145175,3.1000001430511475,0.5327334694516277,7687,4,5,SHELF_NORMAL_Y_POS,-392.1574408023956,-20.81674579952917,689.4337567297406,73.92403411865234,120.1444320678711,-19.968673706054688,9.16489225346595e-05,0.0006113944691605,-0.0006695413030683,-9.206144022755323e-05,0.0001356393331661,-0.0004175659269094,0.0005152153316885,110.5175554863217,0.3113170577079484,73.97218320955076,0.0378898734424323,0.3571644698394131
BH050,310,2145175,3.1000001430511475,0.5327334694516277,6592,3,5,SHELF_NORMAL_Y_NEG,592.2175591976044,22.738223297176344,4589.433756729741,-88.4402084350586,-20.15646743774414,39.519527435302734,-0.0003758574894163,-0.0003767829039134,0.0004242127470206,2.4110335289151408e-05,-0.0004077263001818,-7.457813626388088e-05,0.0004597895604092,105.50208818893502,0.2971889808139014,1.4728060708999728,0.0272308522420323,0.379364011692263
BH050,310,2145175,3.1000001430511475,0.5327334694516277,7690,1,1,SHELF_NORMAL_Y_POS,-310.96755919760443,-21.386331148337096,539.4337567297406,-116.5333251953125,-202.1551513671875,-149.1060333251953,-0.0003048498474527,-0.0010543880052864,-0.0022306013852357,-3.3639083994785324e-05,-0.0002427382278256,-0.0003488196525722,0.0003835926472675,312.3887588136129,0.8799683346862336,56.06518171366652,0.2381216710289291,0.3553389779109036
BH050,310,2145175,3.1000001430511475,0.5327334694516277,8803,2,1,SHELF_NORMAL_Y_NEG,1246.8452994616207,24.99568236389409,4860.566243270259,-79.57148742675781,-61.10672378540039,31.8607177734375,-0.004538036417216,-0.0013017018791288,0.0013149342266842,-0.004240630660206,-0.0011209420626983,0.0009127901284955,0.0057617402635514,90.82189389584128,0.2558363208333557,-0.011589164085845,0.0237671547037188,0.4218543590981223
BH050,311,2153564,3.1100006103515625,0.5296952279389325,5809,3,5,SIDE_NORMAL_X_POS,-1250.0,-24.15470053837925,439.4337567297406,124.38843536376952,-357.5038146972656,30.585622787475582,0.2001776397228241,-0.317295491695404,0.0522234216332435,0.1990533322095871,-0.315378725528717,0.05183782055974,0.3976663947105407,436.5286261930695,1.2296581019523083,1.950340263843433,0.418460706289684,0.5385553506579153
BH050,311,2153564,3.1100006103515625,0.5296952279389325,8857,1,1,SHELF_NORMAL_Y_NEG,1246.8452994616207,25.009422437046773,2189.4337567297407,-189.873779296875,-253.3042755126953,-147.49502563476562,0.0006286586285568,-0.0063643660396337,-0.0044339373707771,0.0011813717428594,-0.0054111210629343,-0.0025725127197802,0.0059688496403396,342.6129240335776,0.9651068282635988,-0.0271158904531179,0.3104721052194223,0.3619825278703239
BH050,311,2153564,3.1100006103515625,0.5296952279389325,7318,1,1,SHELF_NORMAL_Y_NEG,-29.717559197604437,30.49643744586834,860.5662432702593,396.1248779296875,288.6832275390625,-4.529734134674072,0.0026647900231182,0.0006557509768754,-9.636860340833664e-05,0.0011612651869654,-0.0001681093563092,-3.92010661016684e-05,0.0013120990479364,354.9082585428425,0.9997415733601196,-94.03885665817812,0.4169455064672131,0.4169455064672131
BH050,311,2153564,3.1100006103515625,0.5296952279389325,7687,4,5,SHELF_NORMAL_Y_POS,-392.1574408023956,-20.81674579952917,689.4337567297406,75.07392120361328,120.22688293457033,-18.91735076904297,9.711239545140415e-05,0.0006101172766648,-0.0006562698981724,-9.206144022755323e-05,0.0001356393331661,-0.0004175659269094,0.0005152153316885,110.17391691966058,0.3103490617455228,74.39466473114707,0.0378852338013681,0.3571644698394131
BH050,311,2153564,3.1100006103515625,0.5296952279389325,6592,3,5,SHELF_NORMAL_Y_NEG,592.2175591976044,22.738223297176344,4589.433756729741,-94.25243377685548,-25.54686737060547,38.10060119628906,-0.0003962215268984,-0.0003944871714338,0.0004063055675942,2.4110335289151408e-05,-0.0004077263001818,-7.457813626388088e-05,0.0004597895604092,107.16005186082042,0.3018593010163955,1.3923842368737158,0.0288006619387627,0.379364011692263
BH050,311,2153564,3.1100006103515625,0.5296952279389325,7690,1,1,SHELF_NORMAL_Y_POS,-310.96755919760443,-21.386331148337096,539.4337567297406,-115.73785400390624,-200.923095703125,-149.064208984375,-0.0003027835919056,-0.001049566315487,-0.0022300854325294,-3.3639083994785324e-05,-0.0002427382278256,-0.0003488196525722,0.0003835926472675,311.7231921437155,0.8780934989963817,56.38476587668825,0.2368330687374601,0.3553389779109036
BH050,311,2153564,3.1100006103515625,0.5296952279389325,8803,2,1,SHELF_NORMAL_Y_NEG,1246.8452994616207,24.99568236389409,4860.566243270259,-77.56861877441406,-59.77545928955078,31.19673728942871,-0.0045302468352019,-0.0012981578474864,0.0013065548846498,-0.004240630660206,-0.0011209420626983,0.0009127901284955,0.0057617402635514,88.72995881136961,0.24994354594752,-0.0115750671122731,0.0226764615456938,0.4218543590981223
BH050,312,2161952,3.119999885559082,0.5283474004074854,5809,3,5,SIDE_NORMAL_X_POS,-1250.0,-24.15470053837925,439.4337567297406,117.3022003173828,-357.5941162109375,0.018332241103053,0.2015381455421447,-0.3192353546619415,0.0518151819705963,0.2004488110542297,-0.3173301815986633,0.0518153198063373,0.39996537566185,428.46229216616825,1.2069360342708966,1.9734175423828315,0.4042027415708427,0.5385553506579153
BH050,312,2161952,3.119999885559082,0.5283474004074854,8857,1,1,SHELF_NORMAL_Y_NEG,1246.8452994616207,25.009422437046773,2189.4337567297407,-189.2893218994141,-252.92410278320312,-147.43060302734375,0.0006309413583949,-0.0063633760437369,-0.0044330991804599,0.0011813717428594,-0.0054111210629343,-0.0025725127197802,0.0059688496403396,342.2463518768268,0.9640742306389488,-0.0272441387188496,0.3096651868922733,0.3619825278703239
BH050,312,2161952,3.119999885559082,0.5283474004074854,7318,1,1,SHELF_NORMAL_Y_NEG,-29.717559197604437,30.49643744586834,860.5662432702593,395.5585632324219,290.343994140625,-4.585843563079834,0.0026682617608457,0.0006677817436866,-9.755183418747038e-05,0.0011698830639943,-0.000164962359122,-3.9675654988968745e-05,0.0013242842396721,354.93837295811784,0.9998264026989236,-94.4893847220024,0.4174820281207064,0.4174820281207064
BH050,312,2161952,3.119999885559082,0.5283474004074854,7687,4,5,SHELF_NORMAL_Y_POS,-392.1574408023956,-20.81674579952917,689.4337567297406,75.914794921875,119.23339080810548,-18.21652603149414,0.0001026391764753,0.0006040721782483,-0.000647424312774,-9.206144022755323e-05,0.0001356393331661,-0.0004175659269094,0.0005152153316885,109.19525915789548,0.3075922793180154,74.77250151346173,0.0374141688912463,0.3571644698394131
BH050,312,2161952,3.119999885559082,0.5283474004074854,6592,3,5,SHELF_NORMAL_Y_NEG,592.2175591976044,22.738223297176344,4589.433756729741,-90.70030212402344,-23.197662353515625,39.05504608154297,-0.0003823980514425,-0.0003882572054862,0.0004183504206594,2.4110335289151408e-05,-0.0004077263001818,-7.457813626388088e-05,0.0004597895604092,106.0025057879116,0.2985986078532721,1.4164959730897315,0.0278351275570418,0.379364011692263
BH050,312,2161952,3.119999885559082,0.5283474004074854,7690,1,1,SHELF_NORMAL_Y_POS,-310.96755919760443,-21.386331148337096,539.4337567297406,-114.63963317871094,-199.3220672607422,-148.72491455078125,-0.0002997863630298,-0.00104339083191,-0.002225796226412,-3.3639083994785324e-05,-0.0002427382278256,-0.0003488196525722,0.0003835926472675,310.4490681926151,0.8745044174439861,56.67165959053002,0.234613427656385,0.3553389779109036
BH050,312,2161952,3.119999885559082,0.5283474004074854,8803,2,1,SHELF_NORMAL_Y_NEG,1246.8452994616207,24.99568236389409,4860.566243270259,-78.38053131103516,-59.875675201416016,30.955005645751957,-0.0045340410433709,-0.0012974618002772,0.0013035071315243,-0.004240630660206,-0.0011209420626983,0.0009127901284955,0.0057617402635514,88.93904686984943,0.2505325263939421,-0.0116177204305171,0.0228360537988975,0.4218543590981223
BH050,313,2170341,3.130000352859497,0.5274177687570593,5809,3,5,SIDE_NORMAL_X_POS,-1250.0,-24.15470053837925,439.4337567297406,135.4495849609375,-361.0811462402344,102.6257781982422,0.2030239999294281,-0.3212149441242218,0.0531065985560417,0.2018421292304992,-0.3192662000656128,0.0518118105828762,0.4022456407546997,478.7803532770486,1.348677051484644,1.9920706067105656,0.4979416399246908,0.5385553506579153
BH050,313,2170341,3.130000352859497,0.5274177687570593,8857,1,1,SHELF_NORMAL_Y_NEG,1246.8452994616207,25.009422437046773,2189.4337567297407,-191.51190185546875,-252.98458862304688,-148.44586181640625,0.0006202415679581,-0.0063604414463043,-0.0044459383934736,0.0011813717428594,-0.0054111210629343,-0.0025725127197802,0.0059688496403396,344.0014136555177,0.9690180666352612,-0.0273178776953019,0.3128591004702694,0.3619825278703239
BH050,313,2170341,3.130000352859497,0.5274177687570593,7318,1,1,SHELF_NORMAL_Y_NEG,-29.717559197604437,30.49643744586834,860.5662432702593,394.90570068359375,291.5932006835937,-4.61166524887085,0.0026741973124444,0.0006788721075281,-9.847960609477012e-05,0.0011808003764599,-0.0001608915627002,-4.027758041047491e-05,0.0013397901784628,354.8085290066732,0.9994606450892204,-94.9077548172518,0.4175555870630466,0.4175555870630466
BH050,313,2170341,3.130000352859497,0.5274177687570593,7687,4,5,SHELF_NORMAL_Y_POS,-392.1574408023956,-20.81674579952917,689.4337567297406,76.97247314453125,119.46146392822266,-17.385562896728516,0.0001074421743396,0.000603639986366,-0.0006369365146383,-9.206144022755323e-05,0.0001356393331661,-0.0004175659269094,0.0005152153316885,109.12072238372706,0.307382316573879,75.10446336760958,0.0375429573764157,0.3571644698394131
BH050,313,2170341,3.130000352859497,0.5274177687570593,6592,3,5,SHELF_NORMAL_Y_NEG,592.2175591976044,22.738223297176344,4589.433756729741,-89.56917572021484,-21.78353881835937,38.914363861083984,-0.0003789666225202,-0.0003830382484011,0.0004165746795479,2.4110335289151408e-05,-0.0004077263001818,-7.457813626388088e-05,0.0004597895604092,105.30436520182086,0.2966320146530165,1.4418176259570896,0.0273392225295613,0.379364011692263
BH050,313,2170341,3.130000352859497,0.5274177687570593,7690,1,1,SHELF_NORMAL_Y_POS,-310.96755919760443,-21.386331148337096,539.4337567297406,-113.6603012084961,-197.65960693359372,-148.91683959960938,-0.0002974541275762,-0.0010367425857111,-0.0022282050922513,-3.3639083994785324e-05,-0.0002427382278256,-0.0003488196525722,0.0003835926472675,309.9203271360738,0.8730150060171094,56.91496130640098,0.2333860978334068,0.3553389779109036
BH050,313,2170341,3.130000352859497,0.5274177687570593,8803,2,1,SHELF_NORMAL_Y_NEG,1246.8452994616207,24.99568236389409,4860.566243270259,-76.09795379638672,-59.182891845703125,30.837854385375977,-0.0045239618048071,-0.0012974247802048,0.0013020259793847,-0.004240630660206,-0.0011209420626983,0.0009127901284955,0.0057617402635514,87.42274348982242,0.2462612492671054,-0.0115361247793421,0.0220093013435604,0.4218543590981223
BH050,314,2178730,3.140000820159912,0.5253391416218062,5809,3,5,SIDE_NORMAL_X_POS,-1250.0,-24.15470053837925,439.4337567297406,130.00186157226562,-360.5603942871094,83.52588653564453,0.2043849974870681,-0.323127806186676,0.0528543516993522,0.2032303363084793,-0.3211882412433624,0.0518005676567554,0.4045106768608093,463.3654341575132,1.305254744105671,2.014326592877716,0.4686037839661836,0.5385553506579153
BH050,314,2178730,3.140000820159912,0.5253391416218062,8857,1,1,SHELF_NORMAL_Y_NEG,1246.8452994616207,25.009422437046773,2189.4337567297407,-192.71066284179688,-252.37876892089844,-149.3664093017578,0.000613541866187,-0.0063557745888829,-0.0044575501233339,0.0011813717428594,-0.0054111210629343,-0.0025725127197802,0.0059688496403396,345.1482803261674,0.9722486769751196,-0.0272887254278839,0.3146956345192205,0.3619825278703239
BH050,314,2178730,3.140000820159912,0.5253391416218062,7318,1,1,SHELF_NORMAL_Y_NEG,-29.717559197604437,30.49643744586834,860.5662432702593,394.5797424316406,293.1764221191406,-4.504822731018066,0.0026795661542564,0.0006905783666297,-9.763939306139946e-05,0.0011900682002305,-0.0001573526678839,-4.07855368393939e-05,0.0013530207797884,354.99998701508935,0.9999999634227869,-95.34992038828292,0.4183970295247001,0.4183970295247001
BH050,314,2178730,3.140000820159912,0.5253391416218062,7687,4,5,SHELF_NORMAL_Y_POS,-392.1574408023956,-20.81674579952917,689.4337567297406,78.04720306396484,119.32478332519533,-16.462459564208984,0.0001128578369389,0.0006014123791828,-0.0006252847379073,-9.206144022755323e-05,0.0001356393331661,-0.0004175659269094,0.0005152153316885,108.7650768936293,0.3063804982919135,75.46884323435944,0.037499408377203,0.3571644698394131
BH050,314,2178730,3.140000820159912,0.5253391416218062,6592,3,5,SHELF_NORMAL_Y_NEG,592.2175591976044,22.738223297176344,4589.433756729741,-92.76496887207033,-24.43843078613281,38.14806365966797,-0.0003906135389115,-0.0003912728279829,0.0004069027490913,2.4110335289151408e-05,-0.0004077263001818,-7.457813626388088e-05,0.0004597895604092,106.30790356748253,0.2994588832886832,1.410456143203836,0.0282186909807651,0.379364011692263
BH050,314,2178730,3.140000820159912,0.5253391416218062,7690,1,1,SHELF_NORMAL_Y_POS,-310.96755919760443,-21.386331148337096,539.4337567297406,-112.30523681640624,-196.36697387695312,-148.94296264648438,-0.0002927611640188,-0.0010324348695576,-0.0022285392042249,-3.3639083994785324e-05,-0.0002427382278256,-0.0003488196525722,0.0003835926472675,309.3079913412276,0.8712901164541622,57.18688622343728,0.2320570416030338,0.3553389779109036
BH050,314,2178730,3.140000820159912,0.5253391416218062,8803,2,1,SHELF_NORMAL_Y_NEG,1246.8452994616207,24.99568236389409,4860.566243270259,-73.60344696044922,-57.81061172485352,32.130157470703125,-0.0045138634741306,-0.0012943965848535,0.0013183377450332,-0.004240630660206,-0.0011209420626983,0.0009127901284955,0.0057617402635514,87.18666753521775,0.2455962465780781,-0.0115086897864877,0.0215895726601428,0.4218543590981223
BH050,315,2187118,3.150000095367432,0.5232617240577657,5809,3,5,SIDE_NORMAL_X_POS,-1250.0,-24.15470053837925,439.4337567297406,116.0747528076172,-351.46435546875,-63.93687057495117,0.2056664377450943,-0.3249509930610657,0.0509408563375473,0.2045927196741104,-0.3230756819248199,0.0517482347786426,0.4067317843437195,435.9592295649802,1.2280541677886767,2.0368984240467194,0.41762312786987,0.5385553506579153
BH050,315,2187118,3.150000095367432,0.5232617240577657,8857,1,1,SHELF_NORMAL_Y_NEG,1246.8452994616207,25.009422437046773,2189.4337567297407,-191.48733520507807,-251.8447723388672,-149.11476135253906,0.0006187035469338,-0.0063549652695655,-0.0044543780386447,0.0011813717428594,-0.0054111210629343,-0.0025725127197802,0.0059688496403396,344.3453799857529,0.9699869858753604,-0.02723187855851,0.3130267377678629,0.3619825278703239
BH050,315,2187118,3.150000095367432,0.5232617240577657,7318,1,1,SHELF_NORMAL_Y_NEG,-29.717559197604437,30.49643744586834,860.5662432702593,393.6952819824219,294.7001953125,-4.496967315673828,0.0026838555932044,0.0007035055896267,-9.813369979383424e-05,0.0012008759658783,-0.0001531111483927,-4.13790658058133e-05,0.0013685439480468,354.79962207382573,0.9994355551375372,-95.78033619569558,0.4183786761830677,0.4183970295247001
BH050,315,2187118,3.150000095367432,0.5232617240577657,7687,4,5,SHELF_NORMAL_Y_POS,-392.1574408023956,-20.81674579952917,689.4337567297406,78.85040283203125,118.63128662109376,-15.53900146484375,0.0001177660160465,0.0005968740442767,-0.0006136291194707,-9.206144022755323e-05,0.0001356393331661,-0.0004175659269094,0.0005152153316885,107.98622668270036,0.3041865540357756,75.83017682779672,0.0371577723869521,0.3571644698394131
BH050,315,2187118,3.150000095367432,0.5232617240577657,6592,3,5,SHELF_NORMAL_Y_NEG,592.2175591976044,22.738223297176344,4589.433756729741,-92.02717590332033,-26.050830841064453,39.67408752441406,-0.0003846842737402,-0.0004001738270744,0.0004261632857378,2.4110335289151408e-05,-0.0004077263001818,-7.457813626388088e-05,0.0004597895604092,107.10911335034352,0.3017158122544888,1.402493906131644,0.0286450149043012,0.379364011692263
BH050,315,2187118,3.150000095367432,0.5232617240577657,7690,1,1,SHELF_NORMAL_Y_POS,-310.96755919760443,-21.386331148337096,539.4337567297406,-111.1334457397461,-195.03868103027344,-148.79364013671875,-0.0002890051400754,-0.0010276967659592,-0.0022266646847128,-3.3639083994785324e-05,-0.0002427382278256,-0.0003488196525722,0.0003835926472675,308.4380832841405,0.8688396712229309,57.45837338681047,0.2304312011847306,0.3553389779109036
BH050,315,2187118,3.150000095367432,0.5232617240577657,8803,2,1,SHELF_NORMAL_Y_NEG,1246.8452994616207,24.99568236389409,4860.566243270259,-76.21053314208984,-57.92377471923828,30.622982025146484,-0.0045263380743563,-0.0012911478988826,0.0012993103591725,-0.004240630660206,-0.0011209420626983,0.0009127901284955,0.0057617402635514,86.96038391651983,0.2449588279338586,-0.0114990320116925,0.0217392768677904,0.4218543590981223
BH050,316,2195507,3.1600005626678467,0.5219289901170122,5809,3,5,SIDE_NORMAL_X_POS,-1250.0,-24.15470053837925,439.4337567297406,131.98248291015625,-362.3568420410156,97.00370025634766,0.2071058005094528,-0.3268954157829284,0.0529300384223461,0.205938845872879,-0.3249447643756866,0.051706239581108,0.4089271426200866,474.1052267918946,1.3355076811039284,2.05783580650496,0.4895578992943462,0.5385553506579153
BH050,316,2195507,3.1600005626678467,0.5219289901170122,8857,1,1,SHELF_NORMAL_Y_NEG,1246.8452994616207,25.009422437046773,2189.4337567297407,-188.0648498535156,-250.15771484375,-150.3262939453125,0.0006328582530841,-0.0063517554663121,-0.0044696740806102,0.0011813717428594,-0.0054111210629343,-0.0025725127197802,0.0059688496403396,344.52195999454284,0.9704843943508248,-0.0273145089003346,0.3118249113858554,0.3619825278703239
BH050,316,2195507,3.1600005626678467,0.5219289901170122,7318,1,1,SHELF_NORMAL_Y_NEG,-29.717559197604437,30.49643744586834,860.5662432702593,393.08306884765625,295.8793640136719,-4.622807502746582,0.00268897251226,0.000714065216016,-0.0001002766366582,0.0012106944341212,-0.0001491602597525,-4.193357381154783e-05,0.0013827262446284,354.7081049204566,0.9991777603393144,-96.20194307506036,0.418486515125823,0.418486515125823
BH050,316,2195507,3.1600005626678467,0.5219289901170122,7687,4,5,SHELF_NORMAL_Y_POS,-392.1574408023956,-20.81674579952917,689.4337567297406,80.09210205078125,118.80012512207033,-14.86935329437256,0.0001235462259501,0.0005958843394182,-0.0006051745149306,-9.206144022755323e-05,0.0001356393331661,-0.0004175659269094,0.0005152153316885,108.05811305583904,0.3043890508615184,76.18097932330781,0.0373709451526475,0.3571644698394131
BH050,316,2195507,3.1600005626678467,0.5219289901170122,6592,3,5,SHELF_NORMAL_Y_NEG,592.2175591976044,22.738223297176344,4589.433756729741,-89.55885314941406,-21.633373260498047,38.2789421081543,-0.0003791333874687,-0.0003823280276264,0.0004085533437319,2.4110335289151408e-05,-0.0004077263001818,-7.457813626388088e-05,0.0004597895604092,104.62869178127586,0.2947287092430306,1.4487175622479391,0.0270291428791953,0.379364011692263
BH050,316,2195507,3.1600005626678467,0.5219289901170122,7690,1,1,SHELF_NORMAL_Y_POS,-310.96755919760443,-21.386331148337096,539.4337567297406,-109.81085968017578,-193.425048828125,-148.7975616455078,-0.0002849359298124,-0.0010217963717877,-0.0022267163731157,-3.3639083994785324e-05,-0.0002427382278256,-0.0003488196525722,0.0003835926472675,307.6583276579906,0.8666431765013819,57.723469937985335,0.228843389974616,0.3553389779109036
BH050,316,2195507,3.1600005626678467,0.5219289901170122,8803,2,1,SHELF_NORMAL_Y_NEG,1246.8452994616207,24.99568236389409,4860.566243270259,-77.065185546875,-57.886985778808594,31.39388656616211,-0.0045305402018129,-0.0012897267006337,0.0013090359279885,-0.004240630660206,-0.0011209420626983,0.0009127901284955,0.0057617402635514,88.23606398363553,0.2485522929116493,-0.0115170171210345,0.0222807018539049,0.4218543590981223
BH050,317,2203896,3.1700010299682617,0.5199183686297507,5809,3,5,SIDE_NORMAL_X_POS,-1250.0,-24.15470053837925,439.4337567297406,114.68670654296876,-348.8504333496094,-108.01629638671876,0.2083405554294586,-0.3286590576171875,0.0503657460212707,0.2072763442993164,-0.326799601316452,0.0517295338213443,0.4111017286777496,458.1055922362745,1.2904382879895056,2.080619234155673,0.4588346225133793,0.5385553506579153
BH050,317,2203896,3.1700010299682617,0.5199183686297507,8857,1,1,SHELF_NORMAL_Y_NEG,1246.8452994616207,25.009422437046773,2189.4337567297407,-191.88763427734372,-250.6138458251953,-150.20440673828125,0.0006149623659439,-0.0063483947888016,-0.0044681318104267,0.0011813717428594,-0.0054111210629343,-0.0025725127197802,0.0059688496403396,345.28619625768965,0.9726371725568722,-0.027458499486047,0.3141511435929124,0.3619825278703239
BH050,317,2203896,3.1700010299682617,0.5199183686297507,7318,1,1,SHELF_NORMAL_Y_NEG,-29.717559197604437,30.49643744586834,860.5662432702593,392.7220458984375,297.0676574707031,-4.600501537322998,0.0026943068951368,0.0007240017293952,-0.0001004861624096,0.0012195144081488,-0.0001455314049962,-4.242472277837805e-05,0.0013955323956906,354.7932835903456,0.9994177002544946,-96.6485500450924,0.4189846685439154,0.4189846685439154
BH050,317,2203896,3.1700010299682617,0.5199183686297507,7687,4,5,SHELF_NORMAL_Y_POS,-392.1574408023956,-20.81674579952917,689.4337567297406,81.00006866455078,118.87083435058594,-13.952519416809082,0.0001278514391742,0.0005949077894911,-0.0005936016095802,-9.206144022755323e-05,0.0001356393331661,-0.0004175659269094,0.0005152153316885,107.92015118820852,0.3040004258822775,76.54765811215312,0.0374347971097942,0.3571644698394131
BH050,317,2203896,3.1700010299682617,0.5199183686297507,6592,3,5,SHELF_NORMAL_Y_NEG,592.2175591976044,22.738223297176344,4589.433756729741,-93.9065933227539,-27.379302978515625,38.02280807495117,-0.0003918730362784,-0.000403888116125,0.0004053214215673,2.4110335289151408e-05,-0.0004077263001818,-7.457813626388088e-05,0.0004597895604092,106.46210233000392,0.299893246000011,1.378479724121355,0.028602893953944,0.379364011692263
BH050,317,2203896,3.1700010299682617,0.5199183686297507,7690,1,1,SHELF_NORMAL_Y_POS,-310.96755919760443,-21.386331148337096,539.4337567297406,-108.65796661376952,-191.77540588378903,-148.81173706054688,-0.0002817437052726,-0.0010154650080949,-0.0022268700413405,-3.3639083994785324e-05,-0.0002427382278256,-0.0003488196525722,0.0003835926472675,306.8896114592351,0.8644777787584087,57.998345499894576,0.2272981898135812,0.3553389779109036
BH050,317,2203896,3.1700010299682617,0.5199183686297507,8803,2,1,SHELF_NORMAL_Y_NEG,1246.8452994616207,24.99568236389409,4860.566243270259,-69.74714660644531,-55.82341766357422,31.213579177856445,-0.004498008172959,-0.0012903671013191,0.0013067604741081,-0.004240630660206,-0.0011209420626983,0.0009127901284955,0.0057617402635514,83.72727691024966,0.2358514842542244,-0.0114798108222899,0.0198570605962994,0.4218543590981223
BH050,318,2212284,3.180000305175781,0.5178168471485988,5809,3,5,SIDE_NORMAL_X_POS,-1250.0,-24.15470053837925,439.4337567297406,120.33316040039062,-355.77154541015625,-29.41957664489746,0.2097046822309494,-0.3305413126945495,0.0513590052723884,0.2086029201745987,-0.3286391198635101,0.0517308488488197,0.4132558405399322,431.8114298222167,1.2163702248513146,2.1023661966738647,0.4100930897010923,0.5385553506579153
BH050,318,2212284,3.180000305175781,0.5178168471485988,8857,1,1,SHELF_NORMAL_Y_NEG,1246.8452994616207,25.009422437046773,2189.4337567297407,-191.7959899902344,-249.4971618652344,-151.74240112304688,0.0006137816235423,-0.006343113258481,-0.0044875401072204,0.0011813717428594,-0.0054111210629343,-0.0025725127197802,0.0059688496403396,346.7841537487081,0.9768567711231216,-0.0275952486032748,0.315986704615352,0.3619825278703239
BH050,318,2212284,3.180000305175781,0.5178168471485988,7318,1,1,SHELF_NORMAL_Y_NEG,-29.717559197604437,30.49643744586834,860.5662432702593,391.9275512695313,299.1168212890625,-4.625533103942871,0.0026961858384311,0.0007387861842289,-0.0001012952488963,0.0012282263487577,-0.0001418690517311,-4.291804725653492e-05,0.0014082498382776,354.8381907015404,0.9995441991592688,-97.09380165461084,0.419618740059739,0.419618740059739
BH050,318,2212284,3.180000305175781,0.5178168471485988,7687,4,5,SHELF_NORMAL_Y_POS,-392.1574408023956,-20.81674579952917,689.4337567297406,81.92286682128906,117.6493148803711,-12.951889991760254,0.0001341104507446,0.0005876290961168,-0.0005809725262224,-9.206144022755323e-05,0.0001356393331661,-0.0004175659269094,0.0005152153316885,106.8541183509312,0.3009975164814963,76.90986482612658,0.0369136718144436,0.3571644698394131
BH050,318,2212284,3.180000305175781,0.5178168471485988,6592,3,5,SHELF_NORMAL_Y_NEG,592.2175591976044,22.738223297176344,4589.433756729741,-90.01785278320312,-24.927961349487305,39.344459533691406,-0.0003765676519833,-0.0003976502921432,0.000422001699917,2.4110335289151408e-05,-0.0004077263001818,-7.457813626388088e-05,0.0004597895604092,105.47329050423753,0.2971078605753169,1.3973075519943785,0.027677466328487,0.379364011692263
BH050,318,2212284,3.180000305175781,0.5178168471485988,7690,1,1,SHELF_NORMAL_Y_POS,-310.96755919760443,-21.386331148337096,539.4337567297406,-107.27424621582033,-190.61431884765625,-148.56341552734375,-0.0002767156111076,-0.0010118422796949,-0.0022237272933125,-3.3639083994785324e-05,-0.0002427382278256,-0.0003488196525722,0.0003835926472675,305.9523498488852,0.8618376052081274,58.26995629028464,0.2255955187867789,0.3553389779109036
BH050,318,2212284,3.180000305175781,0.5178168471485988,8803,2,1,SHELF_NORMAL_Y_NEG,1246.8452994616207,24.99568236389409,4860.566243270259,-65.6083984375,-53.76609420776367,32.17557907104492,-0.0044809142127633,-0.0012864025775343,0.0013188973534852,-0.004240630660206,-0.0011209420626983,0.0009127901284955,0.0057617402635514,82.30158665756052,0.2318354553734099,-0.0114257625806105,0.018867212794247,0.4218543590981223
BH050,319,2220673,3.1900007724761963,0.5164985792362836,5809,3,5,SIDE_NORMAL_X_POS,-1250.0,-24.15470053837925,439.4337567297406,111.6463851928711,-346.2591247558594,-151.46168518066406,0.2109566330909729,-0.3323020935058594,0.0497814826667308,0.2099101543426513,-0.330459713935852,0.0516937337815761,0.4153839647769928,489.7354414943517,1.3795364549136668,2.125923173377996,0.5220764537128397,0.5385553506579153
BH050,319,2220673,3.1900007724761963,0.5164985792362836,8857,1,1,SHELF_NORMAL_Y_NEG,1246.8452994616207,25.009422437046773,2189.4337567297407,-188.4789581298828,-248.1430206298828,-151.59213256835938,0.0006279131048358,-0.0063413786701858,-0.0044856392778456,0.0011813717428594,-0.0054111210629343,-0.0025725127197802,0.0059688496403396,345.35498015722226,0.9728309300203444,-0.0275573200219447,0.3125800733611311,0.3619825278703239
BH050,319,2220673,3.1900007724761963,0.5164985792362836,7318,1,1,SHELF_NORMAL_Y_NEG,-29.717559197604437,30.49643744586834,860.5662432702593,391.40924072265625,300.06695556640625,-4.506872177124023,0.0027032911311835,0.0007488667615689,-0.0001004225996439,0.0012392230564728,-0.0001371483813272,-4.354366319603287e-05,0.0014243841869756,354.7581260411586,0.999318664904672,-97.52807218168785,0.4196924447760932,0.4196924447760932
BH050,319,2220673,3.1900007724761963,0.5164985792362836,7687,4,5,SHELF_NORMAL_Y_POS,-392.1574408023956,-20.81674579952917,689.4337567297406,82.51737976074219,117.42137145996094,-12.06966495513916,0.0001373278646497,0.0005856581265106,-0.0005698358872905,-9.206144022755323e-05,0.0001356393331661,-0.0004175659269094,0.0005152153316885,106.51114013902888,0.3000313806733207,77.27859249750783,0.0368071310145445,0.3571644698394131
BH050,319,2220673,3.1900007724761963,0.5164985792362836,6592,3,5,SHELF_NORMAL_Y_NEG,592.2175591976044,22.738223297176344,4589.433756729741,-91.09584045410156,-25.11890411376953,37.836082458496094,-0.0003815241507254,-0.0003970078250858,0.0004029630508739,2.4110335289151408e-05,-0.0004077263001818,-7.457813626388088e-05,0.0004597895604092,104.57481158388188,0.2945769340391039,1.4021674451421624,0.0273755332059772,0.379364011692263
BH050,319,2220673,3.1900007724761963,0.5164985792362836,7690,1,1,SHELF_NORMAL_Y_POS,-310.96755919760443,-21.386331148337096,539.4337567297406,-106.98492431640624,-190.1731414794922,-148.63543701171875,-0.0002759534108918,-0.0010101246880367,-0.002224643016234,-3.3639083994785324e-05,-0.0002427382278256,-0.0003488196525722,0.0003835926472675,305.84868485897283,0.8615455911520361,58.55148372715527,0.2253229250217699,0.3553389779109036
BH050,319,2220673,3.1900007724761963,0.5164985792362836,8803,2,1,SHELF_NORMAL_Y_NEG,1246.8452994616207,24.99568236389409,4860.566243270259,-67.84186553955078,-54.51749801635742,31.320653915405277,-0.0044906707480549,-0.0012867958284914,0.0013081053039059,-0.004240630660206,-0.0011209420626983,0.0009127901284955,0.0057617402635514,82.57758548745144,0.2326129168660604,-0.0115085342294075,0.0191971062736178,0.4218543590981223
BH050,320,2229061,3.200000047683716,0.5147487917075058,5809,3,5,SIDE_NORMAL_X_POS,-1250.0,-24.15470053837925,439.4337567297406,114.08395385742188,-348.1583251953125,-132.29180908203125,0.2122447043657302,-0.3340842127799988,0.0499905757606029,0.2111837565898895,-0.3322286903858185,0.0516608394682407,0.4174463450908661,475.86974529570216,1.3404781557625414,2.1447210173829343,0.4939279456414225,0.5385553506579153
BH050,320,2229061,3.200000047683716,0.5147487917075058,8857,1,1,SHELF_NORMAL_Y_NEG,1246.8452994616207,25.009422437046773,2189.4337567297407,-187.72434997558597,-246.8646697998047,-151.95819091796875,0.0006297169020399,-0.0063362838700413,-0.0044902586378157,0.0011813717428594,-0.0054111210629343,-0.0025725127197802,0.0059688496403396,345.12890701910555,0.9721941042791704,-0.0276820662024438,0.3116807051484662,0.3619825278703239
BH050,320,2229061,3.200000047683716,0.5147487917075058,7318,1,1,SHELF_NORMAL_Y_NEG,-29.717559197604437,30.49643744586834,860.5662432702593,390.8301086425781,301.84521484375,-4.5687103271484375,0.0027067351620644,0.0007622332777827,-0.0001017028407659,0.0012480547884479,-0.000133267181809,-4.4043550587957725e-05,0.0014374180464074,354.89594077303,0.999706875416986,-97.91930950323848,0.4204417532643085,0.4204417532643085
BH050,320,2229061,3.200000047683716,0.5147487917075058,7687,4,5,SHELF_NORMAL_Y_POS,-392.1574408023956,-20.81674579952917,689.4337567297406,83.77129364013672,117.31114959716795,-11.160483360290527,0.0001435759477317,0.0005832957685925,-0.0005583622842095,-9.206144022755323e-05,0.0001356393331661,-0.0004175659269094,0.0005152153316885,106.42320171978822,0.2997836668163048,77.59375309549173,0.0369159112264588,0.3571644698394131
BH050,320,2229061,3.200000047683716,0.5147487917075058,6592,3,5,SHELF_NORMAL_Y_NEG,592.2175591976044,22.738223297176344,4589.433756729741,-92.2403793334961,-25.81171989440918,37.47541809082031,-0.0003860727592837,-0.0003987034142483,0.0003984092909377,2.4110335289151408e-05,-0.0004077263001818,-7.457813626388088e-05,0.0004597895604092,104.91363358701189,0.2955313622169349,1.3813730505359387,0.0276642096778714,0.379364011692263
BH050,320,2229061,3.200000047683716,0.5147487917075058,7690,1,1,SHELF_NORMAL_Y_POS,-310.96755919760443,-21.386331148337096,539.4337567297406,-105.45423126220705,-188.02191162109372,-148.5938262939453,-0.0002716539020184,-0.0010019212495535,-0.0022241165861487,-3.3639083994785324e-05,-0.0002427382278256,-0.0003488196525722,0.0003835926472675,304.77123162845595,0.8585105116294534,58.78381670553599,0.2232368242506219,0.3553389779109036
BH050,320,2229061,3.200000047683716,0.5147487917075058,8803,2,1,SHELF_NORMAL_Y_NEG,1246.8452994616207,24.99568236389409,4860.566243270259,-72.98455047607422,-55.535892486572266,31.4392204284668,-0.0045141540467739,-0.0012842494761571,0.0013096035690978,-0.004240630660206,-0.0011209420626983,0.0009127901284955,0.0057617402635514,85.57447959236356,0.2410548720911649,-0.0114754130085244,0.0207580891180333,0.4218543590981223
BH050,321,2237450,3.210000514984131,0.5137056553993523,5809,3,5,SIDE_NORMAL_X_POS,-1250.0,-24.15470053837925,439.4337567297406,115.5475616455078,-356.8894958496094,-90.94232940673828,0.213483527302742,-0.3358281254768371,0.0504645518958568,0.2124026417732238,-0.3339276015758514,0.0516128838062286,0.4194187521934509,454.72033614750376,1.280902355345081,2.167532071785556,0.4537985905016976,0.5385553506579153
BH050,321,2237450,3.210000514984131,0.5137056553993523,8857,1,1,SHELF_NORMAL_Y_NEG,1246.8452994616207,25.009422437046773,2189.4337567297407,-190.1354217529297,-247.0882110595703,-151.8444366455078,0.000618340796791,-0.0063338559120893,-0.0044888127595186,0.0011813717428594,-0.0054111210629343,-0.0025725127197802,0.0059688496403396,345.53442701179546,0.9733364141177336,-0.0277262824260648,0.3130104869970725,0.3619825278703239
BH050,321,2237450,3.210000514984131,0.5137056553993523,7318,1,1,SHELF_NORMAL_Y_NEG,-29.717559197604437,30.49643744586834,860.5662432702593,390.4100646972656,302.3473205566406,-4.66216516494751,0.0027108499780297,0.0007683556759729,-0.0001032813088386,0.0012549350503832,-0.0001301942102145,-4.444261867320165e-05,0.0014476135838776,354.7670943551782,0.9993439277610652,-98.32553857945284,0.420287446445645,0.4204417532643085
BH050,321,2237450,3.210000514984131,0.5137056553993523,7687,4,5,SHELF_NORMAL_Y_POS,-392.1574408023956,-20.81674579952917,689.4337567297406,84.65463256835938,117.06456756591795,-10.550481796264648,0.0001482240477344,0.000580814841669,-0.0005506624584086,-9.206144022755323e-05,0.0001356393331661,-0.0004175659269094,0.0005152153316885,106.27511392142836,0.2993665180885306,77.93898255812385,0.0369328591817464,0.3571644698394131
BH050,321,2237450,3.210000514984131,0.5137056553993523,6592,3,5,SHELF_NORMAL_Y_NEG,592.2175591976044,22.738223297176344,4589.433756729741,-90.24108123779295,-26.68972396850586,39.53587341308594,-0.0003750894975382,-0.0004058773338329,0.0004244152805767,2.4110335289151408e-05,-0.0004077263001818,-7.457813626388088e-05,0.0004597895604092,105.5298082023816,0.2972670653588213,1.3824370486204969,0.0278517785531724,0.379364011692263
BH050,321,2237450,3.210000514984131,0.5137056553993523,7690,1,1,SHELF_NORMAL_Y_POS,-310.96755919760443,-21.386331148337096,539.4337567297406,-104.33544158935548,-186.85427856445312,-148.5198516845703,-0.0002679213066585,-0.0009978855960071,-0.0022231910843402,-3.3639083994785324e-05,-0.0002427382278256,-0.0003488196525722,0.0003835926472675,304.1041288043056,0.8566313487445228,59.047001711486764,0.2219514359550351,0.3553389779109036
BH050,321,2237450,3.210000514984131,0.5137056553993523,8803,2,1,SHELF_NORMAL_Y_NEG,1246.8452994616207,24.99568236389409,4860.566243270259,-66.5088882446289,-53.42406463623047,31.389892578125,-0.0044857850298285,-0.0012834270019084,0.0013089848216623,-0.004240630660206,-0.0011209420626983,0.0009127901284955,0.0057617402635514,81.73349265464229,0.2302351905764571,-0.0113866998026211,0.0187145270862639,0.4218543590981223
BH050,322,2245839,3.220000982284546,0.5125118798223606,5809,3,5,SIDE_NORMAL_X_POS,-1250.0,-24.15470053837925,439.4337567297406,111.87954711914062,-352.7313842773437,-125.47125244140624,0.214704617857933,-0.3375352919101715,0.0499354600906372,0.2136480957269668,-0.3356606960296631,0.0515197068452835,0.4214353263378143,472.8942753016759,1.3320965501455655,2.1856260147621125,0.4890191816042056,0.5385553506579153
BH050,322,2245839,3.220000982284546,0.5125118798223606,8857,1,1,SHELF_NORMAL_Y_NEG,1246.8452994616207,25.009422437046773,2189.4337567297407,-192.13739013671875,-246.8876190185547,-153.36668395996094,0.0006083339103497,-0.0063299690373241,-0.0045080240815877,0.0011813717428594,-0.0054111210629343,-0.0025725127197802,0.0059688496403396,347.84759534102096,0.9798523812423126,-0.0277190282043223,0.3168943534611279,0.3619825278703239
BH050,322,2245839,3.220000982284546,0.5125118798223606,7318,1,1,SHELF_NORMAL_Y_NEG,-29.717559197604437,30.49643744586834,860.5662432702593,389.8024291992188,304.2397155761719,-4.7641143798828125,0.0027134804986417,0.0007822175393812,-0.0001050567952916,0.0012632777215912,-0.0001264047023141,-4.4931577576790005e-05,0.001460030558519,354.94006326489057,0.9998311641264525,-98.69527225416876,0.4211182884950175,0.4211182884950175
BH050,322,2245839,3.220000982284546,0.5125118798223606,7687,4,5,SHELF_NORMAL_Y_POS,-392.1574408023956,-20.81674579952917,689.4337567297406,85.36038208007812,116.27269744873048,-9.543527603149414,0.0001528044085716,0.000575941754505,-0.000537954387255,-9.206144022755323e-05,0.0001356393331661,-0.0004175659269094,0.0005152153316885,105.61197791203516,0.2974985293296765,78.23898196959303,0.0366258045567558,0.3571644698394131
BH050,322,2245839,3.220000982284546,0.5125118798223606,6592,3,5,SHELF_NORMAL_Y_NEG,592.2175591976044,22.738223297176344,4589.433756729741,-91.12821197509766,-25.34111976623535,37.63658142089844,-0.0003813621005974,-0.0003980399051215,0.0004004428628832,2.4110335289151408e-05,-0.0004077263001818,-7.457813626388088e-05,0.0004597895604092,104.33968189618432,0.2939145968906601,1.400316074776639,0.0272917079800797,0.379364011692263
BH050,322,2245839,3.220000982284546,0.5125118798223606,7690,1,1,SHELF_NORMAL_Y_POS,-310.96755919760443,-21.386331148337096,539.4337567297406,-102.80696868896484,-185.1451873779297,-148.32469177246094,-0.0002629922528285,-0.0009918103460222,-0.0022207330912351,-3.3639083994785324e-05,-0.0002427382278256,-0.0003488196525722,0.0003835926472675,303.00897727086203,0.8535464148474987,59.269936802244125,0.2199462141886562,0.3553389779109036
BH050,322,2245839,3.220000982284546,0.5125118798223606,8803,2,1,SHELF_NORMAL_Y_NEG,1246.8452994616207,24.99568236389409,4860.566243270259,-67.16700744628906,-53.35649871826172,30.81758117675781,-0.0044890847057104,-0.0012821353739127,0.0013017629971727,-0.004240630660206,-0.0011209420626983,0.0009127901284955,0.0057617402635514,81.38609480004855,0.2292566050705593,-0.011356929274371,0.0186415440637462,0.4218543590981223
BH050,323,2254227,3.230000257492065,0.510745346430413,5809,3,5,SIDE_NORMAL_X_POS,-1250.0,-24.15470053837925,439.4337567297406,121.6885757446289,-362.8024291992188,-12.430953025817873,0.2159518003463745,-0.3392525315284729,0.0513319782912731,0.2148335576057434,-0.3373136818408966,0.0514896623790264,0.4233450889587402,437.0883306208771,1.231234734143316,2.2055775364295123,0.4207657165320358,0.5385553506579153
BH050,323,2254227,3.230000257492065,0.510745346430413,8857,1,1,SHELF_NORMAL_Y_NEG,1246.8452994616207,25.009422437046773,2189.4337567297407,-188.985595703125,-245.74766540527344,-152.21710205078125,0.0006219738279469,-0.0063290274702012,-0.0044935029000043,0.0011813717428594,-0.0054111210629343,-0.0025725127197802,0.0059688496403396,345.21709106930564,0.972442510054382,-0.0276377046510077,0.3118448716896207,0.3619825278703239
BH050,323,2254227,3.230000257492065,0.510745346430413,7318,1,1,SHELF_NORMAL_Y_NEG,-29.717559197604437,30.49643744586834,860.5662432702593,389.2269592285156,304.79998779296875,-4.5992865562438965,0.0027181098703294,0.0007895833696238,-0.0001034669112414,0.0012715021148324,-0.0001226033491548,-4.542199894785881e-05,0.0014723254134878,354.72206900304906,0.9992170957832368,-99.0836135194726,0.4207927660743638,0.4211182884950175
BH050,323,2254227,3.230000257492065,0.510745346430413,7687,4,5,SHELF_NORMAL_Y_POS,-392.1574408023956,-20.81674579952917,689.4337567297406,86.81595611572266,116.4387435913086,-8.791269302368164,0.0001596283254912,0.0005746287060901,-0.0005284594371914,-9.206144022755323e-05,0.0001356393331661,-0.0004175659269094,0.0005152153316885,105.9155778885096,0.298353740531013,78.56028395943541,0.0369732610864447,0.3571644698394131
BH050,323,2254227,3.230000257492065,0.510745346430413,6592,3,5,SHELF_NORMAL_Y_NEG,592.2175591976044,22.738223297176344,4589.433756729741,-92.10160064697266,-26.001708984375,37.54434585571289,-0.0003851250221487,-0.0003998278407379,0.0003992799611296,2.4110335289151408e-05,-0.0004077263001818,-7.457813626388088e-05,0.0004597895604092,104.8462131506189,0.2953414454947011,1.3887491679992157,0.0276386453377895,0.379364011692263
BH050,323,2254227,3.230000257492065,0.510745346430413,7690,1,1,SHELF_NORMAL_Y_POS,-310.96755919760443,-21.386331148337096,539.4337567297406,-101.56355285644533,-183.3329162597656,-148.3281707763672,-0.0002595980186015,-0.0009848235640674,-0.0022207885049283,-3.3639083994785324e-05,-0.0002427382278256,-0.0003488196525722,0.0003835926472675,302.1752965744365,0.8511980185195395,59.50709358971629,0.2183204025033716,0.3553389779109036
BH050,323,2254227,3.230000257492065,0.510745346430413,8803,2,1,SHELF_NORMAL_Y_NEG,1246.8452994616207,24.99568236389409,4860.566243270259,-71.04468536376953,-53.81365966796875,30.4290828704834,-0.004507228732109,-0.0012787135783582,0.0012968563241884,-0.004240630660206,-0.0011209420626983,0.0009127901284955,0.0057617402635514,83.05341666017961,0.2339532863667031,-0.0114125382505196,0.0195621592277326,0.4218543590981223
BH050,324,2262616,3.2400007247924805,0.5090347133333755,5809,3,5,SIDE_NORMAL_X_POS,-1250.0,-24.15470053837925,439.4337567297406,112.1010284423828,-351.8250732421875,-143.30685424804688,0.2170698493719101,-0.3408344388008117,0.0496538132429122,0.2160136401653289,-0.3389624655246734,0.0514631755650043,0.4252463579177856,487.23509592945913,1.3724932279703077,2.2268414629229776,0.5183244997396428,0.5385553506579153
BH050,324,2262616,3.2400007247924805,0.5090347133333755,8857,1,1,SHELF_NORMAL_Y_NEG,1246.8452994616207,25.009422437046773,2189.4337567297407,-187.5298614501953,-243.96652221679688,-154.80673217773438,0.0006264430703595,-0.0063224965706467,-0.0045261713676154,0.0011813717428594,-0.0054111210629343,-0.0025725127197802,0.0059688496403396,347.6082245444327,0.9791780973082612,-0.0277058796536439,0.3144186972656345,0.3619825278703239
BH050,324,2262616,3.2400007247924805,0.5090347133333755,7318,1,1,SHELF_NORMAL_Y_NEG,-29.717559197604437,30.49643744586834,860.5662432702593,388.7301330566406,305.7428283691406,-4.750400066375732,0.0027229567058384,0.0007989491568878,-0.0001058859488693,0.0012801302364096,-0.0001185401342809,-4.593377525452525e-05,0.0014852909371256,354.6914743755726,0.9991309137340074,-99.48731891645446,0.420948494352984,0.4211182884950175
BH050,324,2262616,3.2400007247924805,0.5090347133333755,7687,4,5,SHELF_NORMAL_Y_POS,-392.1574408023956,-20.81674579952917,689.4337567297406,87.3416976928711,115.54056549072266,-7.853910446166992,0.0001634879154153,0.0005695034051313,-0.0005166301853023,-9.206144022755323e-05,0.0001356393331661,-0.0004175659269094,0.0005152153316885,105.22232184914004,0.2964009066172959,78.89481024849499,0.0366162194189376,0.3571644698394131
BH050,324,2262616,3.2400007247924805,0.5090347133333755,6592,3,5,SHELF_NORMAL_Y_NEG,592.2175591976044,22.738223297176344,4589.433756729741,-90.63886260986328,-26.731834411621094,39.3545036315918,-0.0003769648610614,-0.0004055027675349,0.0004221259150654,2.4110335289151408e-05,-0.0004077263001818,-7.457813626388088e-05,0.0004597895604092,105.60957431948287,0.2974917586464306,1.3753053052085,0.0279210809795159,0.379364011692263
BH050,324,2262616,3.2400007247924805,0.5090347133333755,7690,1,1,SHELF_NORMAL_Y_POS,-310.96755919760443,-21.386331148337096,539.4337567297406,-100.78208923339844,-182.85784912109372,-148.0923614501953,-0.0002564956375863,-0.0009836568497121,-0.0022178057115525,-3.3639083994785324e-05,-0.0002427382278256,-0.0003488196525722,0.0003835926472675,301.59454402886314,0.8495620958559525,59.7645791021299,0.2173509057298114,0.3553389779109036
BH050,324,2262616,3.2400007247924805,0.5090347133333755,8803,2,1,SHELF_NORMAL_Y_NEG,1246.8452994616207,24.99568236389409,4860.566243270259,-65.31250762939453,-52.596412658691406,30.639280319213867,-0.0044811810366809,-0.0012811556225642,0.0012995098950341,-0.004240630660206,-0.0011209420626983,0.0009127901284955,0.0057617402635514,80.0824523212895,0.2255843727360267,-0.0113684891611246,0.0179966795176792,0.4218543590981223
BH050,325,2271004,3.25,0.5079948497424169,5809,3,5,SIDE_NORMAL_X_POS,-1250.0,-24.15470053837925,439.4337567297406,123.21614837646484,-364.8736267089844,4.1144304275512695,0.2183279991149902,-0.3425681889057159,0.0514669045805931,0.2171989828348159,-0.3406158089637756,0.0514155700802803,0.4271577298641205,439.6863555182953,1.238553114136043,2.247539562542957,0.4261286894792448,0.5385553506579153
BH050,325,2271004,3.25,0.5079948497424169,8857,1,1,SHELF_NORMAL_Y_NEG,1246.8452994616207,25.009422437046773,2189.4337567297407,-190.6607666015625,-244.78884887695312,-154.40370178222656,0.0006124423234723,-0.0063219419680535,-0.004521096125245,0.0011813717428594,-0.0054111210629343,-0.0025725127197802,0.0059688496403396,348.0272808924174,0.9803585377251196,-0.0278038069114946,0.3161458390921748,0.3619825278703239
BH050,325,2271004,3.25,0.5079948497424169,7318,1,1,SHELF_NORMAL_Y_NEG,-29.717559197604437,30.49643744586834,860.5662432702593,388.2994384765625,307.3434143066406,-4.6670637130737305,0.0027269809506833,0.0008113915100693,-0.0001053428204613,0.0012885577743873,-0.0001144937123171,-4.644239743356593e-05,0.00149802188389,354.9091397741748,0.9997440557019008,-99.8791731939453,0.4218051220758662,0.4218051220758662
BH050,325,2271004,3.25,0.5079948497424169,7687,4,5,SHELF_NORMAL_Y_POS,-392.1574408023956,-20.81674579952917,689.4337567297406,88.24070739746094,115.00971221923828,-7.322896957397461,0.0001686231407802,0.000565618101973,-0.0005099276313558,-9.206144022755323e-05,0.0001356393331661,-0.0004175659269094,0.0005152153316885,105.00472581030968,0.2957879600290413,79.21619290888677,0.0365680824244078,0.3571644698394131
BH050,325,2271004,3.25,0.5079948497424169,6592,3,5,SHELF_NORMAL_Y_NEG,592.2175591976044,22.738223297176344,4589.433756729741,-90.65553283691406,-23.867326736450195,37.08818435668945,-0.0003812190843746,-0.000391573033994,0.000393520691432,2.4110335289151408e-05,-0.0004077263001818,-7.457813626388088e-05,0.0004597895604092,103.68688419193148,0.2920757301181168,1.3964525466926023,0.0268609522749392,0.379364011692263
BH050,325,2271004,3.25,0.5079948497424169,7690,1,1,SHELF_NORMAL_Y_POS,-310.96755919760443,-21.386331148337096,539.4337567297406,-99.47276306152344,-181.2626800537109,-147.9856414794922,-0.0002524610608816,-0.0009778226958587,-0.0022164415568113,-3.3639083994785324e-05,-0.0002427382278256,-0.0003488196525722,0.0003835926472675,300.6984210114161,0.8470378056659608,60.0043877499179,0.2156828903970017,0.3553389779109036
BH050,325,2271004,3.25,0.5079948497424169,8803,2,1,SHELF_NORMAL_Y_NEG,1246.8452994616207,24.99568236389409,4860.566243270259,-60.75992965698242,-50.514305114746094,31.591873168945312,-0.0044621131382882,-0.0012776745716109,0.0013115353649482,-0.004240630660206,-0.0011209420626983,0.0009127901284955,0.0057617402635514,78.53889354117472,0.2212363198342949,-0.0113317967249835,0.0169889883526275,0.4218543590981223
BH050,326,2279393,3.260000467300415,0.5064918524536867,5809,3,5,SIDE_NORMAL_X_POS,-1250.0,-24.15470053837925,439.4337567297406,108.93678283691406,-355.8302307128906,-140.99609375,0.2193923592567443,-0.3441073596477508,0.0495915971696376,0.2183463126420974,-0.3422202169895172,0.0513716824352741,0.4290047585964203,486.7084051794273,1.3710095920547247,2.268774968214873,0.5184118651149822,0.5385553506579153
BH050,326,2279393,3.260000467300415,0.5064918524536867,8857,1,1,SHELF_NORMAL_Y_NEG,1246.8452994616207,25.009422437046773,2189.4337567297407,-190.78135681152344,-244.2321014404297,-153.74453735351562,0.0006110420217737,-0.006319067440927,-0.0045127528719604,0.0011813717428594,-0.0054111210629343,-0.0025725127197802,0.0059688496403396,346.93524192456874,0.9772823716185036,-0.0279297186247357,0.3144245963726835,0.3619825278703239
BH050,326,2279393,3.260000467300415,0.5064918524536867,7318,1,1,SHELF_NORMAL_Y_NEG,-29.717559197604437,30.49643744586834,860.5662432702593,387.7835998535156,308.3760070800781,-4.720750331878662,0.0027324806433171,0.0008217844879254,-0.000106593761302,0.0012980587780475,-0.0001098682841984,-4.701560828834772e-05,0.0015124287456274,354.9022124122725,0.9997245420064014,-100.28334597586408,0.4220300703204384,0.4220300703204384
BH050,326,2279393,3.260000467300415,0.5064918524536867,7687,4,5,SHELF_NORMAL_Y_POS,-392.1574408023956,-20.81674579952917,689.4337567297406,89.11614227294922,114.48580169677734,-6.480018138885498,0.0001736368139972,0.0005617973511107,-0.0004992894828319,-9.206144022755323e-05,0.0001356393331661,-0.0004175659269094,0.0005152153316885,104.74790936703484,0.2950645334282671,79.55074058607877,0.0365006467600562,0.3571644698394131
BH050,326,2279393,3.260000467300415,0.5064918524536867,6592,3,5,SHELF_NORMAL_Y_NEG,592.2175591976044,22.738223297176344,4589.433756729741,-91.94844818115234,-27.447118759155277,37.70296478271485,-0.0003822813450824,-0.0004070689319632,0.0004012811405118,2.4110335289151408e-05,-0.0004077263001818,-7.457813626388088e-05,0.0004597895604092,104.63595048726329,0.2947491563021501,1.3617696254376908,0.0276457725640956,0.379364011692263
BH050,326,2279393,3.260000467300415,0.5064918524536867,7690,1,1,SHELF_NORMAL_Y_POS,-310.96755919760443,-21.386331148337096,539.4337567297406,-98.42839050292967,-179.89398193359375,-147.9479522705078,-0.0002493864740245,-0.000972693960648,-0.0022159579675644,-3.3639083994785324e-05,-0.0002427382278256,-0.0003488196525722,0.0003835926472675,300.01517867125324,0.8451131793556429,60.254993807694646,0.214381014386606,0.3553389779109036
BH050,326,2279393,3.260000467300415,0.5064918524536867,8803,2,1,SHELF_NORMAL_Y_NEG,1246.8452994616207,24.99568236389409,4860.566243270259,-66.15853118896484,-51.849456787109375,30.739795684814453,-0.0044863801449537,-0.0012762967962771,0.0013007845263928,-0.004240630660206,-0.0011209420626983,0.0009127901284955,0.0057617402635514,80.43530711355001,0.2265783298973239,-0.0114006700585631,0.0181239013263248,0.4218543590981223
BH050,327,2287782,3.27000093460083,0.505520385868434,5809,3,5,SIDE_NORMAL_X_POS,-1250.0,-24.15470053837925,439.4337567297406,118.62276458740234,-351.5674133300781,-108.06815338134766,0.2206236273050308,-0.3457587957382202,0.049919918179512,0.2195365130901336,-0.343877911567688,0.051284521818161,0.4309201240539551,463.045442940301,1.3043533603952142,2.288772832492,0.4690972135368532,0.5385553506579153
BH050,327,2287782,3.27000093460083,0.505520385868434,8857,1,1,SHELF_NORMAL_Y_NEG,1246.8452994616207,25.009422437046773,2189.4337567297407,-189.7359313964844,-242.500732421875,-154.77394104003906,0.0006136005395092,-0.0063121975399553,-0.004525763913989,0.0011813717428594,-0.0054111210629343,-0.0025725127197802,0.0059688496403396,347.3616919478019,0.9784836392895828,-0.0279550824139951,0.3142725475757766,0.3619825278703239
BH050,327,2287782,3.27000093460083,0.505520385868434,7318,1,1,SHELF_NORMAL_Y_NEG,-29.717559197604437,30.49643744586834,860.5662432702593,387.07757568359375,309.6846008300781,-4.697774887084961,0.0027350408490747,0.0008330793934874,-0.0001067850971594,0.0013059508055448,-0.0001059487694874,-4.7496825573034585e-05,0.001524465274997,354.86313465784826,0.9996144638249248,-100.6644057942595,0.4222406909088483,0.4222406909088483
BH050,327,2287782,3.27000093460083,0.505520385868434,7687,4,5,SHELF_NORMAL_Y_POS,-392.1574408023956,-20.81674579952917,689.4337567297406,89.73487854003906,113.48289489746094,-5.326764583587647,0.0001780999591574,0.0005560279823839,-0.0004847311647608,-9.206144022755323e-05,0.0001356393331661,-0.0004175659269094,0.0005152153316885,104.07913015439236,0.2931806483222319,79.86709480316745,0.0361559857295013,0.3571644698394131
BH050,327,2287782,3.27000093460083,0.505520385868434,6592,3,5,SHELF_NORMAL_Y_NEG,592.2175591976044,22.738223297176344,4589.433756729741,-89.34949493408203,-25.19335174560547,38.81776809692383,-0.0003729465825017,-0.0003999138134531,0.000415350892581,2.4110335289151408e-05,-0.0004077263001818,-7.457813626388088e-05,0.0004597895604092,104.34309427588632,0.2939242092278488,1.369958310779475,0.0271495196795266,0.379364011692263
BH050,327,2287782,3.27000093460083,0.505520385868434,7690,1,1,SHELF_NORMAL_Y_POS,-310.96755919760443,-21.386331148337096,539.4337567297406,-97.02648162841795,-178.52964782714844,-147.5947723388672,-0.0002445672580506,-0.0009681126102805,-0.0022115095052868,-3.3639083994785324e-05,-0.0002427382278256,-0.0003488196525722,0.0003835926472675,298.8603690032065,0.8418601943752295,60.494793511039234,0.2124317893091152,0.3553389779109036
BH050,327,2287782,3.27000093460083,0.505520385868434,8803,2,1,SHELF_NORMAL_Y_NEG,1246.8452994616207,24.99568236389409,4860.566243270259,-64.65351867675781,-50.95426559448242,30.71476554870605,-0.0044803731143474,-0.001274146605283,0.0013004750944674,-0.004240630660206,-0.0011209420626983,0.0009127901284955,0.0057617402635514,79.44955988186165,0.2238015771320046,-0.0114201775269809,0.0176108186066282,0.4218543590981223
BH050,328,2296170,3.2800002098083496,0.5034847871159075,5809,3,5,SIDE_NORMAL_X_POS,-1250.0,-24.15470053837925,439.4337567297406,115.33831024169922,-352.5994873046875,-128.8550262451172,0.2217752188444137,-0.3473780453205108,0.0496022552251815,0.2207017242908477,-0.345496267080307,0.0512294620275497,0.4327910840511322,477.6069583670663,1.3453717137100458,2.307224790755145,0.4989459648644475,0.5385553506579153
BH050,328,2296170,3.2800002098083496,0.5034847871159075,8857,1,1,SHELF_NORMAL_Y_NEG,1246.8452994616207,25.009422437046773,2189.4337567297407,-191.40744018554688,-242.02459716796875,-154.26654052734375,0.0006047919159755,-0.0063074398785829,-0.0045193694531917,0.0011813717428594,-0.0054111210629343,-0.0025725127197802,0.0059688496403396,346.8168129800889,0.976948768957997,-0.0279339374618,0.3138103516981954,0.3619825278703239
BH050,328,2296170,3.2800002098083496,0.5034847871159075,7318,1,1,SHELF_NORMAL_Y_NEG,-29.717559197604437,30.49643744586834,860.5662432702593,386.5614318847656,310.36846923828125,-4.928756237030029,0.0027372692711651,0.0008400193182751,-0.0001100514564313,0.0013116649352014,-0.0001030675121,-4.784764678333886e-05,0.0015332169132307,354.7600954893512,0.9993242126460598,-101.0326483953036,0.4221637182061453,0.4222406909088483
BH050,328,2296170,3.2800002098083496,0.5034847871159075,7687,4,5,SHELF_NORMAL_Y_POS,-392.1574408023956,-20.81674579952917,689.4337567297406,90.6177978515625,113.2080307006836,-4.5543413162231445,0.0001827859668992,0.0005534099182114,-0.0004749805957544,-9.206144022755323e-05,0.0001356393331661,-0.0004175659269094,0.0005152153316885,104.07308554981692,0.2931636212670899,80.17288283058745,0.0362334771424589,0.3571644698394131
BH050,328,2296170,3.2800002098083496,0.5034847871159075,6592,3,5,SHELF_NORMAL_Y_NEG,592.2175591976044,22.738223297176344,4589.433756729741,-91.8530731201172,-26.04707145690918,37.05009078979492,-0.000383858627174,-0.000400409422582,0.0003930425154976,2.4110335289151408e-05,-0.0004077263001818,-7.457813626388088e-05,0.0004597895604092,104.12041632931876,0.2932969474065317,1.361704796895159,0.0273046606685022,0.379364011692263
BH050,328,2296170,3.2800002098083496,0.5034847871159075,7690,1,1,SHELF_NORMAL_Y_POS,-310.96755919760443,-21.386331148337096,539.4337567297406,-95.57566833496094,-176.98760986328125,-147.353271484375,-0.0002397703647147,-0.0009627393446862,-0.0022084638476371,-3.3639083994785324e-05,-0.0002427382278256,-0.0003488196525722,0.0003835926472675,297.79619402293383,0.8388625183744615,60.722961965631136,0.2105656561960561,0.3553389779109036
BH050,328,2296170,3.2800002098083496,0.5034847871159075,8803,2,1,SHELF_NORMAL_Y_NEG,1246.8452994616207,24.99568236389409,4860.566243270259,-59.39259338378906,-49.113040924072266,31.197494506835938,-0.0044574989005923,-0.0012728638248518,0.0013065655948594,-0.004240630660206,-0.0011209420626983,0.0009127901284955,0.0057617402635514,77.08742477686657,0.2171476754277931,-0.0112756782821479,0.016315986638544,0.4218543590981223
BH050,329,2304559,3.2900006771087646,0.5012881432381024,5809,3,5,SIDE_NORMAL_X_POS,-1250.0,-24.15470053837925,439.4337567297406,105.81910705566406,-356.1403503417969,-139.6948699951172,0.2229023873805999,-0.3490105867385864,0.0493836440145969,0.221870020031929,-0.3471240997314453,0.0511473342776298,0.4346722662448883,484.00832278810486,1.3634037261636758,2.329685191044556,0.5144112233825748,0.5385553506579153
BH050,329,2304559,3.2900006771087646,0.5012881432381024,8857,1,1,SHELF_NORMAL_Y_NEG,1246.8452994616207,25.009422437046773,2189.4337567297407,-186.6297149658203,-239.4896240234375,-155.55169677734375,0.0006242906674742,-0.0063021052628755,-0.0045355837792158,0.0011813717428594,-0.0054111210629343,-0.0025725127197802,0.0059688496403396,346.5242291172109,0.976124589062566,-0.0278326580675599,0.3113519343021101,0.3619825278703239
BH050,329,2304559,3.2900006771087646,0.5012881432381024,7318,1,1,SHELF_NORMAL_Y_NEG,-29.717559197604437,30.49643744586834,860.5662432702593,385.6694946289063,312.2899169921875,-4.964541912078857,0.002741775708273,0.0008566100732423,-0.0001112639147322,0.0013232917990535,-9.710281301522627e-05,-4.860833723796532e-05,0.0015511156525462,354.822768304704,0.9995007557878984,-101.41974909724584,0.4227227190762427,0.4227227190762427
BH050,329,2304559,3.2900006771087646,0.5012881432381024,7687,4,5,SHELF_NORMAL_Y_POS,-392.1574408023956,-20.81674579952917,689.4337567297406,91.24954223632812,111.3149642944336,-3.8905200958251953,0.0001886097597889,0.0005433025071397,-0.0004666021850425,-9.206144022755323e-05,0.0001356393331661,-0.0004175659269094,0.0005152153316885,102.98285846750537,0.2900925590633953,80.50700004995697,0.0355925857597562,0.3571644698394131
BH050,329,2304559,3.2900006771087646,0.5012881432381024,6592,3,5,SHELF_NORMAL_Y_NEG,592.2175591976044,22.738223297176344,4589.433756729741,-89.83802032470703,-25.24029922485352,37.60084533691406,-0.0003752514894586,-0.0003994255384895,0.0003999932669103,2.4110335289151408e-05,-0.0004077263001818,-7.457813626388088e-05,0.0004597895604092,103.3531557148118,0.2911356499008783,1.3865389663705032,0.0267569179442074,0.379364011692263
BH050,329,2304559,3.2900006771087646,0.5012881432381024,7690,1,1,SHELF_NORMAL_Y_POS,-310.96755919760443,-21.386331148337096,539.4337567297406,-93.80985260009766,-175.54644775390625,-147.48855590820312,-0.0002332999429199,-0.0009583130595274,-0.0022101758513599,-3.3639083994785324e-05,-0.0002427382278256,-0.0003488196525722,0.0003835926472675,297.3339532365313,0.8375604316522007,60.978203067697365,0.2094252122813636,0.3553389779109036
BH050,329,2304559,3.2900006771087646,0.5012881432381024,8803,2,1,SHELF_NORMAL_Y_NEG,1246.8452994616207,24.99568236389409,4860.566243270259,-61.18735885620117,-49.127098083496094,31.039979934692383,-0.0044661886058747,-0.0012703192187473,0.0013045793166384,-0.004240630660206,-0.0011209420626983,0.0009127901284955,0.0057617402635514,77.72932736710536,0.2189558517383249,-0.0113277236104315,0.016653222576385,0.4218543590981223
BH050,330,2312947,3.299999952316284,0.5011279268779089,5809,3,5,SIDE_NORMAL_X_POS,-1250.0,-24.15470053837925,439.4337567297406,117.71129608154295,-358.8531494140625,-68.66217041015625,0.2241239100694656,-0.3506601750850677,0.0502393096685409,0.2230299562215805,-0.3487425148487091,0.0511064939200878,0.4365391135215759,446.1121858079658,1.2566540445294812,2.346704283498669,0.4390131321082248,0.5385553506579153
BH050,330,2312947,3.299999952316284,0.5011279268779089,8857,1,1,SHELF_NORMAL_Y_NEG,1246.8452994616207,25.009422437046773,2189.4337567297407,-190.8839569091797,-240.7889862060547,-156.85153198242188,0.0006055348785594,-0.0063022268004715,-0.0045519839040935,0.0011813717428594,-0.0054111210629343,-0.0025725127197802,0.0059688496403396,349.65765495979304,0.9849511407318112,-0.0279055212236235,0.3174826283043451,0.3619825278703239
BH050,330,2312947,3.299999952316284,0.5011279268779089,7318,1,1,SHELF_NORMAL_Y_NEG,-29.717559197604437,30.49643744586834,860.5662432702593,385.4417419433594,312.25537109375,-4.753117084503174,0.0027480314020067,0.0008605967159382,-0.0001090605946956,0.0013305901084095,-9.329181193606928e-05,-4.907368202111684e-05,0.0015624093357473,354.6551499833869,0.9990285915024982,-101.75356115952236,0.4223623872285631,0.4227227190762427
BH050,330,2312947,3.299999952316284,0.5011279268779089,7687,4,5,SHELF_NORMAL_Y_POS,-392.1574408023956,-20.81674579952917,689.4337567297406,91.9850616455078,111.14704895019533,-2.9573068618774414,0.0001924252574099,0.0005414178594946,-0.0004548232827801,-9.206144022755323e-05,0.0001356393331661,-0.0004175659269094,0.0005152153316885,103.04021980998934,0.2902541403098291,80.7792903752314,0.035692090621672,0.3571644698394131
BH050,330,2312947,3.299999952316284,0.5011279268779089,6592,3,5,SHELF_NORMAL_Y_NEG,592.2175591976044,22.738223297176344,4589.433756729741,-92.01041412353516,-29.437265396118164,38.59589385986328,-0.0003796840901486,-0.000416635593865,0.0004125521809328,2.4110335289151408e-05,-0.0004077263001818,-7.457813626388088e-05,0.0004597895604092,105.32266133150162,0.2966835530464834,1.33283615216061,0.0281089726080824,0.379364011692263
BH050,330,2312947,3.299999952316284,0.5011279268779089,7690,1,1,SHELF_NORMAL_Y_POS,-310.96755919760443,-21.386331148337096,539.4337567297406,-92.60226440429688,-174.0108184814453,-147.23892211914062,-0.00022967721452,-0.0009526132489554,-0.0022070205304771,-3.3639083994785324e-05,-0.0002427382278256,-0.0003488196525722,0.0003835926472675,296.275292691743,0.8345782892725155,61.17747916912495,0.2076264620661027,0.3553389779109036
BH050,330,2312947,3.299999952316284,0.5011279268779089,8803,2,1,SHELF_NORMAL_Y_NEG,1246.8452994616207,24.99568236389409,4860.566243270259,-60.285682678222656,-48.76300811767578,30.59470558166504,-0.0044623389840126,-0.0012698693899437,0.001298964372836,-0.004240630660206,-0.0011209420626983,0.0009127901284955,0.0057617402635514,76.6850134754658,0.2160141224661008,-0.0113314401671523,0.0162242745370069,0.4218543590981223
BH050,331,2321336,3.310000419616699,0.5000673443500125,5809,3,5,SIDE_NORMAL_X_POS,-1250.0,-24.15470053837925,439.4337567297406,112.0464324951172,-354.7821655273437,-132.85121154785156,0.2252501547336578,-0.3522437810897827,0.0493516288697719,0.2241891622543335,-0.3503554165363312,0.0510290004312992,0.4384028315544128,480.7548202572507,1.3542389303021145,2.365119823325104,0.5064264100121824,0.5385553506579153
BH050,331,2321336,3.310000419616699,0.5000673443500125,8857,1,1,SHELF_NORMAL_Y_NEG,1246.8452994616207,25.009422437046773,2189.4337567297407,-190.7081451416016,-240.0518341064453,-156.30783081054688,0.0006053176475688,-0.0062988959252834,-0.0045451135374605,0.0011813717428594,-0.0054111210629343,-0.0025725127197802,0.0059688496403396,348.5843564749206,0.9819277647180862,-0.0281454473990113,0.3156474874673953,0.3619825278703239
BH050,331,2321336,3.310000419616699,0.5000673443500125,7318,1,1,SHELF_NORMAL_Y_NEG,-29.717559197604437,30.49643744586834,860.5662432702593,384.8721618652344,314.3332214355469,-4.796034336090088,0.0027521206066012,0.0008767480612732,-0.0001102268579415,0.0013404701603576,-8.805792458588257e-05,-4.969803194398992e-05,0.0015777638182044,354.9969780617354,0.9999914874978462,-102.1062322653508,0.4235531094983152,0.4235531094983152
BH050,331,2321336,3.310000419616699,0.5000673443500125,7687,4,5,SHELF_NORMAL_Y_POS,-392.1574408023956,-20.81674579952917,689.4337567297406,92.80416107177734,109.75259399414062,-2.192420244216919,0.0001984306873055,0.0005334565066732,-0.0004451688437256,-9.206144022755323e-05,0.0001356393331661,-0.0004175659269094,0.0005152153316885,102.4068694433299,0.2884700547699433,81.07424414381417,0.0353424133518502,0.3571644698394131
BH050,331,2321336,3.310000419616699,0.5000673443500125,6592,3,5,SHELF_NORMAL_Y_NEG,592.2175591976044,22.738223297176344,4589.433756729741,-90.57645416259766,-25.20126724243164,36.77610397338867,-0.0003788916510529,-0.0003981609770562,0.0003895832924172,2.4110335289151408e-05,-0.0004077263001818,-7.457813626388088e-05,0.0004597895604092,103.02427850975036,0.2902092352387334,1.3856934799257474,0.0266662734019329,0.379364011692263
BH050,331,2321336,3.310000419616699,0.5000673443500125,7690,1,1,SHELF_NORMAL_Y_POS,-310.96755919760443,-21.386331148337096,539.4337567297406,-91.48773193359376,-173.007568359375,-146.7178497314453,-0.0002257308806292,-0.0009493642137385,-0.0022004414349794,-3.3639083994785324e-05,-0.0002427382278256,-0.0003488196525722,0.0003835926472675,295.04565080151315,0.831114509300037,61.40301257828053,0.2057326419029347,0.3553389779109036
BH050,331,2321336,3.310000419616699,0.5000673443500125,8803,2,1,SHELF_NORMAL_Y_NEG,1246.8452994616207,24.99568236389409,4860.566243270259,-62.18319320678711,-49.119476318359375,31.46297836303711,-0.0044710175134241,-0.0012688377173617,0.0013099184725433,-0.004240630660206,-0.0011209420626983,0.0009127901284955,0.0057617402635514,78.70720175105046,0.2217104274677477,-0.0112976707648947,0.0170452524628382,0.4218543590981223
BH050,332,2329725,3.3200008869171143,0.4983356619539861,5809,3,5,SIDE_NORMAL_X_POS,-1250.0,-24.15470053837925,439.4337567297406,127.61190795898438,-375.7669372558594,107.4896240234375,0.2264997512102127,-0.353966474533081,0.0522988848388195,0.2253326177597046,-0.3519542813301086,0.0509427189826965,0.4402463436126709,489.9999834865357,1.3802816436240442,2.3878613191096525,0.5258363040218273,0.5385553506579153
BH050,332,2329725,3.3200008869171143,0.4983356619539861,8857,1,1,SHELF_NORMAL_Y_NEG,1246.8452994616207,25.009422437046773,2189.4337567297407,-193.4174346923828,-239.61412048339844,-156.53993225097656,0.0005915272049605,-0.0062928367406129,-0.0045480602420866,0.0011813717428594,-0.0054111210629343,-0.0025725127197802,0.0059688496403396,349.276299575945,0.9838769002139296,-0.028108667711003,0.3173033875062196,0.3619825278703239
BH050,332,2329725,3.3200008869171143,0.4983356619539861,7318,1,1,SHELF_NORMAL_Y_NEG,-29.717559197604437,30.49643744586834,860.5662432702593,384.3712463378906,314.9894104003906,-4.577141761779785,0.0027547939680516,0.0008839389774948,-0.0001078450368368,0.0013465408701449,-8.478837844450027e-05,-5.007884101360105e-05,0.0015872459625825,354.8937335273982,0.9997006578236568,-102.50063519093013,0.4234664336425736,0.4235531094983152
BH050,332,2329725,3.3200008869171143,0.4983356619539861,7687,4,5,SHELF_NORMAL_Y_POS,-392.1574408023956,-20.81674579952917,689.4337567297406,93.6884307861328,109.45320129394533,-0.9382432103157043,0.0002031578042078,0.0005307150422595,-0.000429338630056,-9.206144022755323e-05,0.0001356393331661,-0.0004175659269094,0.0005152153316885,102.49715880880584,0.2887243910107206,81.40798400940515,0.0354578177297927,0.3571644698394131
BH050,332,2329725,3.3200008869171143,0.4983356619539861,6592,3,5,SHELF_NORMAL_Y_NEG,592.2175591976044,22.738223297176344,4589.433756729741,-90.18511199951172,-27.755090713500977,38.16325759887695,-0.0003732745535671,-0.0004111281305085,0.0004070900031365,2.4110335289151408e-05,-0.0004077263001818,-7.457813626388088e-05,0.0004597895604092,103.7781586558567,0.2923328412841033,1.3610179171787484,0.0271579186243336,0.379364011692263
BH050,332,2329725,3.3200008869171143,0.4983356619539861,7690,1,1,SHELF_NORMAL_Y_POS,-310.96755919760443,-21.386331148337096,539.4337567297406,-89.74752807617188,-171.4965057373047,-146.64752197265625,-0.0002194841654272,-0.0009445651667192,-0.0021995527204126,-3.3639083994785324e-05,-0.0002427382278256,-0.0003488196525722,0.0003835926472675,294.2630964195589,0.8289101307593209,61.6518604853952,0.2042096798241141,0.3553389779109036
BH050,332,2329725,3.3200008869171143,0.4983356619539861,8803,2,1,SHELF_NORMAL_Y_NEG,1246.8452994616207,24.99568236389409,4860.566243270259,-59.32022857666016,-47.40626525878906,30.278047561645508,-0.0044596083462238,-0.0012646908871829,0.001294961082749,-0.004240630660206,-0.0011209420626983,0.0009127901284955,0.0057617402635514,75.5273030465972,0.2127529663284428,-0.0112718243151879,0.0156900404680448,0.4218543590981223
BH050,333,2338113,3.330000162124634,0.4972598348608716,5809,3,5,SIDE_NORMAL_X_POS,-1250.0,-24.15470053837925,439.4337567297406,120.0404281616211,-363.1798400878906,-29.862905502319336,0.2275779545307159,-0.3554814755916595,0.0505088940262794,0.2264660745859146,-0.3535411655902862,0.0508862882852554,0.4420723915100097,438.8404533750642,1.2361702911973642,2.406241304766696,0.4251855954919355,0.5385553506579153
BH050,333,2338113,3.330000162124634,0.4972598348608716,8857,1,1,SHELF_NORMAL_Y_NEG,1246.8452994616207,25.009422437046773,2189.4337567297407,-187.66944885253903,-237.4998321533203,-156.67544555664062,0.000616347824689,-0.0062909484840929,-0.0045497603714466,0.0011813717428594,-0.0054111210629343,-0.0025725127197802,0.0059688496403396,347.4134646553045,0.9786294779022662,-0.0281363569431436,0.3123899832922168,0.3619825278703239
BH050,333,2338113,3.330000162124634,0.4972598348608716,7318,1,1,SHELF_NORMAL_Y_NEG,-29.717559197604437,30.49643744586834,860.5662432702593,383.7981567382813,316.0756225585937,-4.966420650482178,0.0027579071465879,0.0008941359119489,-0.0001132268589572,0.0013540091458708,-8.070722833508626e-05,-5.054749271948822e-05,0.0015989639796316,354.92193362181007,0.9997800947093242,-102.86013283820624,0.4237456210730159,0.4237456210730159
BH050,333,2338113,3.330000162124634,0.4972598348608716,7687,4,5,SHELF_NORMAL_Y_POS,-392.1574408023956,-20.81674579952917,689.4337567297406,93.89054107666016,108.40137481689452,-0.0908850952982902,0.0002056709781754,0.0005253117997199,-0.0004186434962321,-9.206144022755323e-05,0.0001356393331661,-0.0004175659269094,0.0005152153316885,101.92375979697,0.287109182526676,81.70375425681215,0.035099288050128,0.3571644698394131
BH050,333,2338113,3.330000162124634,0.4972598348608716,6592,3,5,SHELF_NORMAL_Y_NEG,592.2175591976044,22.738223297176344,4589.433756729741,-91.22652435302734,-27.751697540283203,37.641380310058594,-0.0003783375723287,-0.0004095943004358,0.0004005016235169,2.4110335289151408e-05,-0.0004077263001818,-7.457813626388088e-05,0.0004597895604092,103.97771436872306,0.292894970052741,1.34597268110756,0.0273248975950413,0.379364011692263
BH050,333,2338113,3.330000162124634,0.4972598348608716,7690,1,1,SHELF_NORMAL_Y_POS,-310.96755919760443,-21.386331148337096,539.4337567297406,-88.73931121826172,-170.8386993408203,-146.0955352783203,-0.0002155476686311,-0.0009428388439118,-0.0021925875917077,-3.3639083994785324e-05,-0.0002427382278256,-0.0003488196525722,0.0003835926472675,293.1418331180376,0.8257516425860214,61.87750327127447,0.2025435314101371,0.3553389779109036
BH050,333,2338113,3.330000162124634,0.4972598348608716,8803,2,1,SHELF_NORMAL_Y_NEG,1246.8452994616207,24.99568236389409,4860.566243270259,-57.38393020629883,-47.09066390991211,30.00869369506836,-0.0044506504200398,-0.0012659793719649,0.0012915650149807,-0.004240630660206,-0.0011209420626983,0.0009127901284955,0.0057617402635514,74.22778316827406,0.2090923469528846,-0.0112809923496302,0.0151257408597448,0.4218543590981223
BH050,334,2346502,3.340000629425049,0.4961950967664576,5809,3,5,SIDE_NORMAL_X_POS,-1250.0,-24.15470053837925,439.4337567297406,127.42638397216795,-369.8740234375,60.14297103881836,0.2287442684173584,-0.3570911288261413,0.051555335521698,0.227586880326271,-0.3551080226898193,0.0507966168224811,0.4438750445842743,459.3773141700324,1.294020603295866,2.4244635467367406,0.4636813262451333,0.5385553506579153
BH050,334,2346502,3.340000629425049,0.4961950967664576,8857,1,1,SHELF_NORMAL_Y_NEG,1246.8452994616207,25.009422437046773,2189.4337567297407,-186.84507751464844,-236.62774658203125,-156.6766815185547,0.000619082537014,-0.0062879235483706,-0.0045497869141399,0.0011813717428594,-0.0054111210629343,-0.0025725127197802,0.0059688496403396,346.89161331273004,0.9771594741203664,-0.0281466884942419,0.3111648480347529,0.3619825278703239
BH050,334,2346502,3.340000629425049,0.4961950967664576,7318,1,1,SHELF_NORMAL_Y_NEG,-29.717559197604437,30.49643744586834,860.5662432702593,383.2552795410156,316.8489990234375,-4.796272277832031,0.0027623260393738,0.0009032186935655,-0.0001116123748943,0.001362194889225,-7.616860966663808e-05,-5.108072582515888e-05,0.001611863146536,354.84201902887304,0.999554983179924,-103.20355263674648,0.4237274620964156,0.4237456210730159
BH050,334,2346502,3.340000629425049,0.4961950967664576,7687,4,5,SHELF_NORMAL_Y_POS,-392.1574408023956,-20.81674579952917,689.4337567297406,94.7944793701172,107.45277404785156,0.7144660949707031,0.0002114406088367,0.0005193919641897,-0.0004084789252374,-9.206144022755323e-05,0.0001356393331661,-0.0004175659269094,0.0005152153316885,101.72361369068578,0.2865453906779881,81.98777763643255,0.0350075836638824,0.3571644698394131
BH050,334,2346502,3.340000629425049,0.4961950967664576,6592,3,5,SHELF_NORMAL_Y_NEG,592.2175591976044,22.738223297176344,4589.433756729741,-91.2325210571289,-26.92647171020508,36.77213287353516,-0.0003795693337451,-0.0004055785539094,0.000389527354855,2.4110335289151408e-05,-0.0004077263001818,-7.457813626388088e-05,0.0004597895604092,103.19111952155208,0.290679209919865,1.3502232486525727,0.0269191693570153,0.379364011692263
BH050,334,2346502,3.340000629425049,0.4961950967664576,7690,1,1,SHELF_NORMAL_Y_POS,-310.96755919760443,-21.386331148337096,539.4337567297406,-87.07965087890625,-168.8274383544922,-146.22988891601562,-0.0002104222221532,-0.0009354904177598,-0.002194280270487,-3.3639083994785324e-05,-0.0002427382278256,-0.0003488196525722,0.0003835926472675,292.46141007834456,0.8238349579671678,62.086308901037,0.2010924156560647,0.3553389779109036
BH050,334,2346502,3.340000629425049,0.4961950967664576,8803,2,1,SHELF_NORMAL_Y_NEG,1246.8452994616207,24.99568236389409,4860.566243270259,-54.64220428466797,-46.23951721191406,29.721269607543945,-0.0044385925866663,-0.0012658450286835,0.0012879408895969,-0.004240630660206,-0.0011209420626983,0.0009127901284955,0.0057617402635514,72.43822124274864,0.2040513274443623,-0.0112586381698574,0.0143357085126587,0.4218543590981223
BH050,335,2354890,3.3499999046325684,0.4951326270912855,5809,3,5,SIDE_NORMAL_X_POS,-1250.0,-24.15470053837925,439.4337567297406,127.36886596679688,-377.2855529785156,97.2631378173828,0.2298550754785537,-0.3586663901805877,0.0519509725272655,0.2286868691444397,-0.3566481173038482,0.0507239028811454,0.4456437528133392,484.770052155402,1.365549442691273,2.4444083628818327,0.5150533018944721,0.5385553506579153
BH050,335,2354890,3.3499999046325684,0.4951326270912855,8857,1,1,SHELF_NORMAL_Y_NEG,1246.8452994616207,25.009422437046773,2189.4337567297407,-190.3215789794922,-236.1497344970703,-158.75538635253906,0.0006015137769281,-0.00628053676337,-0.0045759915374219,0.0011813717428594,-0.0054111210629343,-0.0025725127197802,0.0059688496403396,350.2205423316077,0.9865367389622752,-0.0282217970067416,0.3168637752999815,0.3619825278703239
BH050,335,2354890,3.3499999046325684,0.4951326270912855,7318,1,1,SHELF_NORMAL_Y_NEG,-29.717559197604437,30.49643744586834,860.5662432702593,382.65618896484375,317.7825622558594,-4.9856696128845215,0.002765494165942,0.0009127936209551,-0.0001144881825894,0.0013696252135559,-7.19985255273059e-05,-5.156609404366464e-05,0.0016236192313954,354.8022298959711,0.9994429011154116,-103.55707399229246,0.423820765496229,0.423820765496229
BH050,335,2354890,3.3499999046325684,0.4951326270912855,7687,4,5,SHELF_NORMAL_Y_POS,-392.1574408023956,-20.81674579952917,689.4337567297406,95.4474105834961,106.98331451416016,1.5317988395690918,0.0002152936212951,0.000516161439009,-0.0003981634799856,-9.206144022755323e-05,0.0001356393331661,-0.0004175659269094,0.0005152153316885,101.74181366856288,0.2865966582213038,82.28443284025963,0.0350391515779198,0.3571644698394131
BH050,335,2354890,3.3499999046325684,0.4951326270912855,6592,3,5,SHELF_NORMAL_Y_NEG,592.2175591976044,22.738223297176344,4589.433756729741,-88.0915298461914,-24.72764205932617,37.886962890625,-0.0003675263142213,-0.0003994785656686,0.0004035995807498,2.4110335289151408e-05,-0.0004077263001818,-7.457813626388088e-05,0.0004597895604092,102.46728241340406,0.288640232150434,1.3687280373795854,0.0262070592702021,0.379364011692263
BH050,335,2354890,3.3499999046325684,0.4951326270912855,7690,1,1,SHELF_NORMAL_Y_POS,-310.96755919760443,-21.386331148337096,539.4337567297406,-85.43046569824219,-167.63267517089844,-145.9226531982422,-0.0002041567349806,-0.0009320931858383,-0.0021903924643993,-3.3639083994785324e-05,-0.0002427382278256,-0.0003488196525722,0.0003835926472675,291.4762475700582,0.8210598523100231,62.3076381849123,0.1994126958670143,0.3553389779109036
BH050,335,2354890,3.3499999046325684,0.4951326270912855,8803,2,1,SHELF_NORMAL_Y_NEG,1246.8452994616207,24.99568236389409,4860.566243270259,-58.77695846557617,-46.83938980102539,30.424915313720703,-0.0044577796943485,-0.0012627391843125,0.0012968208175152,-0.004240630660206,-0.0011209420626983,0.0009127901284955,0.0057617402635514,75.31672344207425,0.2121597843438711,-0.0112589353329959,0.0155465077251497,0.4218543590981223
BH050,336,2363279,3.3600003719329834,0.4935902458364112,5809,3,5,SIDE_NORMAL_X_POS,-1250.0,-24.15470053837925,439.4337567297406,114.09249877929688,-358.19927978515625,-103.07844543457033,0.2308702617883682,-0.3601060807704925,0.0493453070521354,0.2297943234443664,-0.3582001626491546,0.0506467819213867,0.4474245309829712,462.6739358852674,1.3033068616486403,2.463778322050065,0.4700218089323527,0.5385553506579153
BH050,336,2363279,3.3600003719329834,0.4935902458364112,8857,1,1,SHELF_NORMAL_Y_NEG,1246.8452994616207,25.009422437046773,2189.4337567297407,-186.21170043945312,-235.1005706787109,-158.60443115234375,0.0006199348135851,-0.0062814229167997,-0.0045740595087409,0.0011813717428594,-0.0054111210629343,-0.0025725127197802,0.0059688496403396,348.76165990130744,0.9824272109895984,-0.0282752309137918,0.3132982516369789,0.3619825278703239
BH050,336,2363279,3.3600003719329834,0.4935902458364112,7318,1,1,SHELF_NORMAL_Y_NEG,-29.717559197604437,30.49643744586834,860.5662432702593,382.0673828125,318.64654541015625,-4.7893500328063965,0.0027698923368006,0.0009227073751389,-0.0001125659837271,0.0013781363377347,-6.71407615300268e-05,-5.2121169574093074e-05,0.0016371592646464,354.7329529168774,0.9992477546954294,-103.90338146453428,0.4238437657512796,0.4238437657512796
BH050,336,2363279,3.3600003719329834,0.4935902458364112,7687,4,5,SHELF_NORMAL_Y_POS,-392.1574408023956,-20.81674579952917,689.4337567297406,95.55228424072266,104.98136138916016,2.489940404891968,0.0002187188074458,0.000506289943587,-0.0003860705182887,-9.206144022755323e-05,0.0001356393331661,-0.0004175659269094,0.0005152153316885,100.69119022519293,0.2836371555639237,82.57883781823735,0.0343440434530229,0.3571644698394131
BH050,336,2363279,3.3600003719329834,0.4935902458364112,6592,3,5,SHELF_NORMAL_Y_NEG,592.2175591976044,22.738223297176344,4589.433756729741,-92.17176055908205,-28.579132080078125,37.07747650146485,-0.0003817246761173,-0.0004122334357816,0.0003933831176254,2.4110335289151408e-05,-0.0004077263001818,-7.457813626388088e-05,0.0004597895604092,103.93473484398751,0.2927739009689789,1.333487414283646,0.027443905188358,0.379364011692263
BH050,336,2363279,3.3600003719329834,0.4935902458364112,7690,1,1,SHELF_NORMAL_Y_POS,-310.96755919760443,-21.386331148337096,539.4337567297406,-84.05519104003906,-166.1189422607422,-145.41055297851562,-0.0001996882492676,-0.0009267433197237,-0.0021839246619492,-3.3639083994785324e-05,-0.0002427382278256,-0.0003488196525722,0.0003835926472675,290.05224605933057,0.8170485804488186,62.5326198922531,0.1971992741308585,0.3553389779109036
BH050,336,2363279,3.3600003719329834,0.4935902458364112,8803,2,1,SHELF_NORMAL_Y_NEG,1246.8452994616207,24.99568236389409,4860.566243270259,-56.52189636230469,-45.30312347412109,30.09108543395996,-0.0044490918517112,-0.0012585672084242,0.0012926049530506,-0.004240630660206,-0.0011209420626983,0.0009127901284955,0.0057617402635514,73.50441879772427,0.2070547008386599,-0.0112684328601689,0.0147257408477893,0.4218543590981223
BH050,337,2371668,3.3700008392333984,0.4926880427047806,5809,3,5,SIDE_NORMAL_X_POS,-1250.0,-24.15470053837925,439.4337567297406,116.48373413085938,-364.43853759765625,-66.19038391113281,0.2319761216640472,-0.3616639673709869,0.0497144944965839,0.2308795899152755,-0.3597236573696136,0.0505503937602043,0.4491713941097259,449.4202604365552,1.2659725646100146,2.4809357568799664,0.4454096367361485,0.5385553506579153
BH050,337,2371668,3.3700008392333984,0.4926880427047806,8857,1,1,SHELF_NORMAL_Y_NEG,1246.8452994616207,25.009422437046773,2189.4337567297407,-186.81971740722656,-235.1138916015625,-159.52195739746094,0.0006169995758682,-0.0062805945053696,-0.0045856335200369,0.0011813717428594,-0.0054111210629343,-0.0025725127197802,0.0059688496403396,350.13997590161296,0.9863097912721492,-0.0282342628312945,0.3154916430516387,0.3619825278703239
BH050,337,2371668,3.3700008392333984,0.4926880427047806,7318,1,1,SHELF_NORMAL_Y_NEG,-29.717559197604437,30.49643744586834,860.5662432702593,381.8536376953125,319.5936584472656,-4.773388385772705,0.0027738308999687,0.0009312762413173,-0.0001127719224314,0.0013844813220202,-6.347594171529636e-05,-5.252832488622517e-05,0.0016472910065203,354.94036370699394,0.9998320104422364,-104.22286191048543,0.4244878470697997,0.4244878470697997
BH050,337,2371668,3.3700008392333984,0.4926880427047806,7687,4,5,SHELF_NORMAL_Y_POS,-392.1574408023956,-20.81674579952917,689.4337567297406,96.11756134033205,104.70211791992188,3.369354486465454,0.0002218721492681,0.0005041096592321,-0.0003749701427295,-9.206144022755323e-05,0.0001356393331661,-0.0004175659269094,0.0005152153316885,100.85367867492658,0.2840948695068354,82.84512100688221,0.0344500871171919,0.3571644698394131
BH050,337,2371668,3.3700008392333984,0.4926880427047806,6592,3,5,SHELF_NORMAL_Y_NEG,592.2175591976044,22.738223297176344,4589.433756729741,-90.71824645996094,-26.807605743408203,36.92694854736328,-0.0003772476047743,-0.0004057505575474,0.0003914826666004,2.4110335289151408e-05,-0.0004077263001818,-7.457813626388088e-05,0.0004597895604092,102.9917839863506,0.2901177013700017,1.3550071233009062,0.0267846120007733,0.379364011692263
BH050,337,2371668,3.3700008392333984,0.4926880427047806,7690,1,1,SHELF_NORMAL_Y_POS,-310.96755919760443,-21.386331148337096,539.4337567297406,-82.8373031616211,-165.13475036621094,-145.53358459472656,-0.0001952077873283,-0.0009237386402674,-0.002185471355915,-3.3639083994785324e-05,-0.0002427382278256,-0.0003488196525722,0.0003835926472675,289.8141817267885,0.8163779766951789,62.72938907015297,0.1965527876618196,0.3553389779109036
BH050,337,2371668,3.3700008392333984,0.4926880427047806,8803,2,1,SHELF_NORMAL_Y_NEG,1246.8452994616207,24.99568236389409,4860.566243270259,-56.063323974609375,-45.70438003540039,30.066240310668945,-0.0044462718069553,-0.0012611846905201,0.0012922898167744,-0.004240630660206,-0.0011209420626983,0.0009127901284955,0.0057617402635514,73.35927755761828,0.206645852274981,-0.0112495108763112,0.0146766028214543,0.4218543590981223
BH050,338,2380056,3.380000114440918,0.4915049344368136,5809,3,5,SIDE_NORMAL_X_POS,-1250.0,-24.15470053837925,439.4337567297406,113.05028533935548,-359.2987976074219,-98.80799865722656,0.2330558747053146,-0.3631870448589325,0.0491956509649753,0.2319844961166381,-0.3612766861915588,0.0504432171583175,0.4509498476982116,460.19983307797344,1.2963375579661225,2.500901702870908,0.4656550075286562,0.5385553506579153
BH050,338,2380056,3.380000114440918,0.4915049344368136,8857,1,1,SHELF_NORMAL_Y_NEG,1246.8452994616207,25.009422437046773,2189.4337567297407,-188.4875640869141,-234.9215240478516,-159.52500915527344,0.0006086259963922,-0.0062772221863269,-0.0045856721699237,0.0011813717428594,-0.0054111210629343,-0.0025725127197802,0.0059688496403396,350.4006051578523,0.9870439581911332,-0.0282781447230127,0.3162763418239634,0.3619825278703239
BH050,338,2380056,3.380000114440918,0.4915049344368136,7318,1,1,SHELF_NORMAL_Y_NEG,-29.717559197604437,30.49643744586834,860.5662432702593,381.0210876464844,320.3158569335937,-4.654044628143311,0.0027755619958043,0.0009399795089848,-0.0001117034771596,0.0013912963913753,-5.948340185568668e-05,-5.296621020534076e-05,0.0016582238022238,354.67901210723073,0.9990958087527626,-104.55776517810249,0.4240473978594911,0.4244878470697997
BH050,338,2380056,3.380000114440918,0.4915049344368136,7687,4,5,SHELF_NORMAL_Y_POS,-392.1574408023956,-20.81674579952917,689.4337567297406,96.97562408447266,103.7624740600586,4.084280967712402,0.0002274055150337,0.0004982962855137,-0.0003659464127849,-9.206144022755323e-05,0.0001356393331661,-0.0004175659269094,0.0005152153316885,100.78956327013157,0.2839142627327649,83.12846280339664,0.0344117282929469,0.3571644698394131
BH050,338,2380056,3.380000114440918,0.4915049344368136,6592,3,5,SHELF_NORMAL_Y_NEG,592.2175591976044,22.738223297176344,4589.433756729741,-88.21923828125,-25.142807006835938,37.80489730834961,-0.0003675411571748,-0.0004013084399048,0.0004025636008009,2.4110335289151408e-05,-0.0004077263001818,-7.457813626388088e-05,0.0004597895604092,102.39309667255894,0.2884312582325604,1.3736377857964248,0.0262147931348358,0.379364011692263
BH050,338,2380056,3.380000114440918,0.4915049344368136,7690,1,1,SHELF_NORMAL_Y_POS,-310.96755919760443,-21.386331148337096,539.4337567297406,-81.4592514038086,-163.68887329101562,-145.07876586914062,-0.0001906262914417,-0.0009187231189571,-0.0021797318477183,-3.3639083994785324e-05,-0.0002427382278256,-0.0003488196525722,0.0003835926472675,288.51209457398977,0.8127101255605346,62.943598575182136,0.1945179853286811,0.3553389779109036
BH050,338,2380056,3.380000114440918,0.4915049344368136,8803,2,1,SHELF_NORMAL_Y_NEG,1246.8452994616207,24.99568236389409,4860.566243270259,-57.31833267211914,-45.09176635742188,29.454116821289062,-0.0044532502070069,-0.0012563859345391,0.0012845646124333,-0.004240630660206,-0.0011209420626983,0.0009127901284955,0.0057617402635514,73.05278079486295,0.20578248111229,-0.0112331754456306,0.0146244851424638,0.4218543590981223
BH050,339,2388445,3.390000581741333,0.490661304200909,5809,3,5,SIDE_NORMAL_X_POS,-1250.0,-24.15470053837925,439.4337567297406,111.26148223876952,-360.2384033203125,-114.74115753173828,0.2341099232435226,-0.3646838963031769,0.0489146597683429,0.2330462485551834,-0.3627704977989197,0.0503634810447692,0.4526558816432953,470.88011538463945,1.326422860238421,2.518690708495232,0.4873865631576,0.5385553506579153
BH050,339,2388445,3.390000581741333,0.490661304200909,8857,1,1,SHELF_NORMAL_Y_NEG,1246.8452994616207,25.009422437046773,2189.4337567297407,-191.2509307861328,-235.0199279785156,-160.00917053222656,0.0005953545914962,-0.0062736789695918,-0.0045917876996099,0.0011813717428594,-0.0054111210629343,-0.0025725127197802,0.0059688496403396,351.67073955283985,0.9906218015572954,-0.0283098873580295,0.3189402341177355,0.3619825278703239
BH050,339,2388445,3.390000581741333,0.490661304200909,7318,1,1,SHELF_NORMAL_Y_NEG,-29.717559197604437,30.49643744586834,860.5662432702593,380.6373596191406,321.070556640625,-4.666965484619141,0.0027800016105175,0.0009485982591286,-0.000112342146167,0.0013986948179081,-5.50923214177601e-05,-5.3442192438524216e-05,0.0016701425192877,354.71819046775767,0.9992061703317118,-104.89322642431613,0.4242762676022666,0.4244878470697997
BH050,339,2388445,3.390000581741333,0.490661304200909,7687,4,5,SHELF_NORMAL_Y_POS,-392.1574408023956,-20.81674579952917,689.4337567297406,97.45442962646484,102.64063262939452,4.786872386932373,0.0002313632139703,0.0004921516519971,-0.0003570793196558,-9.206144022755323e-05,0.0001356393331661,-0.0004175659269094,0.0005152153316885,100.4909122892766,0.2830729923641594,83.40459106861627,0.0342014312536453,0.3571644698394131
BH050,339,2388445,3.390000581741333,0.490661304200909,6592,3,5,SHELF_NORMAL_Y_NEG,592.2175591976044,22.738223297176344,4589.433756729741,-92.38423919677734,-29.193675994873047,36.59709167480469,-0.0003818591940216,-0.0004149068554397,0.0003873188106808,2.4110335289151408e-05,-0.0004077263001818,-7.457813626388088e-05,0.0004597895604092,103.48006658810964,0.2914931453186187,1.3306246671974646,0.027310161084381,0.379364011692263
BH050,339,2388445,3.390000581741333,0.490661304200909,7690,1,1,SHELF_NORMAL_Y_POS,-310.96755919760443,-21.386331148337096,539.4337567297406,-80.26165771484375,-162.3463134765625,-144.8308868408203,-0.0001867696701083,-0.0009139436297118,-0.0021765977144241,-3.3639083994785324e-05,-0.0002427382278256,-0.0003488196525722,0.0003835926472675,287.5691782933942,0.8100540233616738,63.15299240653721,0.1929728021140919,0.3553389779109036
BH050,339,2388445,3.390000581741333,0.490661304200909,8803,2,1,SHELF_NORMAL_Y_NEG,1246.8452994616207,24.99568236389409,4860.566243270259,-55.609283447265625,-44.75373840332031,29.600566864013672,-0.0044454564340412,-0.0012572351843118,0.0012864095624536,-0.004240630660206,-0.0011209420626983,0.0009127901284955,0.0057617402635514,72.35431471867435,0.2038149710385192,-0.0112435575714859,0.0142769587600738,0.4218543590981223
BH050,340,2396834,3.400001049041748,0.4897023593256014,5809,3,5,SIDE_NORMAL_X_POS,-1250.0,-24.15470053837925,439.4337567297406,126.2681884765625,-380.5998840332031,84.05998992919922,0.235221117734909,-0.3662255406379699,0.0513504669070243,0.23405522108078,-0.3641915321350097,0.0502900183200836,0.4542694389820099,479.641356389536,1.3511024123648905,2.536744537547228,0.505631787272657,0.5385553506579153
BH050,340,2396834,3.400001049041748,0.4897023593256014,8857,1,1,SHELF_NORMAL_Y_NEG,1246.8452994616207,25.009422437046773,2189.4337567297407,-189.80679321289065,-233.97998046875,-158.6069793701172,0.0006008524214848,-0.0062707560136914,-0.0045740846544504,0.0011813717428594,-0.0054111210629343,-0.0025725127197802,0.0059688496403396,349.042664950673,0.983218774508938,-0.0284091683066715,0.3143873893494996,0.3619825278703239
BH050,340,2396834,3.400001049041748,0.4897023593256014,7318,1,1,SHELF_NORMAL_Y_NEG,-29.717559197604437,30.49643744586834,860.5662432702593,380.3520202636719,321.8565673828125,-4.801852226257324,0.0027833902277052,0.0009563607745803,-0.000114425412903,0.0014046020805835,-5.15511965204496e-05,-5.3823179769096896e-05,0.0016796919517219,354.8375501568692,0.9995423948080822,-105.21702883545748,0.4246822388186819,0.4246822388186819
BH050,340,2396834,3.400001049041748,0.4897023593256014,7687,4,5,SHELF_NORMAL_Y_POS,-392.1574408023956,-20.81674579952917,689.4337567297406,98.11572265625,101.70943450927734,5.475975036621094,0.0002359286590944,0.0004866694507654,-0.0003483827458694,-9.206144022755323e-05,0.0001356393331661,-0.0004175659269094,0.0005152153316885,100.4100011977092,0.2828450737963639,83.67416788284494,0.0341321060423149,0.3571644698394131
BH050,340,2396834,3.400001049041748,0.4897023593256014,6592,3,5,SHELF_NORMAL_Y_NEG,592.2175591976044,22.738223297176344,4589.433756729741,-90.2438735961914,-27.683984756469727,37.18748092651367,-0.0003736684448085,-0.0004106972482986,0.0003947700606659,2.4110335289151408e-05,-0.0004077263001818,-7.457813626388088e-05,0.0004597895604092,102.76563591794454,0.2894806645575902,1.344279319440895,0.0267173576621261,0.379364011692263
BH050,340,2396834,3.400001049041748,0.4897023593256014,7690,1,1,SHELF_NORMAL_Y_POS,-310.96755919760443,-21.386331148337096,539.4337567297406,-79.03781127929688,-160.98953247070312,-144.87786865234375,-0.0001828038220992,-0.0009091358515433,-0.0021771870087832,-3.3639083994785324e-05,-0.0002427382278256,-0.0003488196525722,0.0003835926472675,287.06991372718414,0.8086476443019271,63.353110753958376,0.191965089205833,0.3553389779109036
BH050,340,2396834,3.400001049041748,0.4897023593256014,8803,2,1,SHELF_NORMAL_Y_NEG,1246.8452994616207,24.99568236389409,4860.566243270259,-56.57278823852539,-44.97164916992188,30.632373809814453,-0.0044497977942228,-0.0012568945530802,0.0012994352728128,-0.004240630660206,-0.0011209420626983,0.0009127901284955,0.0057617402635514,74.12007142865517,0.2087889336018455,-0.0112118341171773,0.0148975474940082,0.4218543590981223
BH050,341,2405222,3.410000324249268,0.4879307671099242,5809,3,5,SIDE_NORMAL_X_POS,-1250.0,-24.15470053837925,439.4337567297406,129.02590942382812,-382.4219970703125,95.04651641845705,0.2362172454595565,-0.3676217198371887,0.0514096692204475,0.235035702586174,-0.3655759394168854,0.0502105094492435,0.4558368027210235,489.2219700211936,1.3780900563977283,2.556233616593966,0.5245358960817365,0.5385553506579153
BH050,341,2405222,3.410000324249268,0.4879307671099242,8857,1,1,SHELF_NORMAL_Y_NEG,1246.8452994616207,25.009422437046773,2189.4337567297407,-187.41790771484372,-232.68743896484372,-160.63800048828125,0.0006105685024522,-0.0062679657712578,-0.0045997123233973,0.0011813717428594,-0.0054111210629343,-0.0025725127197802,0.0059688496403396,350.8173670509063,0.9882179353546656,-0.0284461775943246,0.3159939735250433,0.3619825278703239
BH050,341,2405222,3.410000324249268,0.4879307671099242,7318,1,1,SHELF_NORMAL_Y_NEG,-29.717559197604437,30.49643744586834,860.5662432702593,379.8059387207031,322.8011169433594,-4.741857528686523,0.0027861057315021,0.0009658235358074,-0.0001141059474321,0.001411339151673,-4.7474859456997365e-05,-5.426073767011985e-05,0.0016906165983527,354.8503721078757,0.9995785129799316,-105.55463318233652,0.4248851365105969,0.4248851365105969
BH050,341,2405222,3.410000324249268,0.4879307671099242,7687,4,5,SHELF_NORMAL_Y_POS,-392.1574408023956,-20.81674579952917,689.4337567297406,98.5599594116211,100.22149658203124,6.536687850952148,0.0002402520767645,0.0004788004735019,-0.0003349950711708,-9.206144022755323e-05,0.0001356393331661,-0.0004175659269094,0.0005152153316885,100.0438514115082,0.2818136659479104,83.9598140047151,0.0338428995032815,0.3571644698394131
BH050,341,2405222,3.410000324249268,0.4879307671099242,6592,3,5,SHELF_NORMAL_Y_NEG,592.2175591976044,22.738223297176344,4589.433756729741,-89.00559997558594,-26.731325149536133,37.28852081298828,-0.0003690470184665,-0.0004078750498592,0.0003960417234338,2.4110335289151408e-05,-0.0004077263001818,-7.457813626388088e-05,0.0004597895604092,102.12063597260494,0.2876637633031125,1.3591517037406111,0.026273702308827,0.379364011692263
BH050,341,2405222,3.410000324249268,0.4879307671099242,7690,1,1,SHELF_NORMAL_Y_POS,-310.96755919760443,-21.386331148337096,539.4337567297406,-77.3894271850586,-159.7277374267578,-144.4334716796875,-0.0001766402128851,-0.0009054099791683,-0.0021715746261179,-3.3639083994785324e-05,-0.0002427382278256,-0.0003488196525722,0.0003835926472675,285.8739559015858,0.8052787490185516,63.56889262450034,0.1900738627785427,0.3553389779109036
BH050,341,2405222,3.410000324249268,0.4879307671099242,8803,2,1,SHELF_NORMAL_Y_NEG,1246.8452994616207,24.99568236389409,4860.566243270259,-54.682010650634766,-44.17503356933594,29.35454559326172,-0.0044417912140488,-0.0012557833688333,0.0012833069777116,-0.004240630660206,-0.0011209420626983,0.0009127901284955,0.0057617402635514,71.4915677858456,0.2013846979882974,-0.0112025145900904,0.0139187584004286,0.4218543590981223
BH050,342,2413611,3.4200007915496826,0.487542627747658,5809,3,5,SIDE_NORMAL_X_POS,-1250.0,-24.15470053837925,439.4337567297406,105.37220764160156,-364.4860229492188,-138.68446350097656,0.2370252609252929,-0.3688446581363678,0.0483700521290302,0.2359843105077743,-0.3669197559356689,0.0501208677887916,0.4573546648025512,489.9593873076941,1.3801672881906877,2.574060441364105,0.5273898836220927,0.5385553506579153
BH050,342,2413611,3.4200007915496826,0.487542627747658,8857,1,1,SHELF_NORMAL_Y_NEG,1246.8452994616207,25.009422437046773,2189.4337567297407,-189.9269561767578,-232.97262573242188,-160.0767364501953,0.0005988024640828,-0.0062656970694661,-0.0045926277525722,0.0011813717428594,-0.0054111210629343,-0.0025725127197802,0.0059688496403396,350.6770537160896,0.987822686524196,-0.028470141432898,0.3165495166571407,0.3619825278703239
BH050,342,2413611,3.4200007915496826,0.487542627747658,7318,1,1,SHELF_NORMAL_Y_NEG,-29.717559197604437,30.49643744586834,860.5662432702593,379.3306579589844,323.0863647460937,-4.709794521331787,0.0027903274167329,0.0009721635142341,-0.0001141561442636,0.0014182981103658,-4.321020242059603e-05,-5.471567055792548e-05,0.0017019506776705,354.6639681854209,0.999053431508228,-105.87732883595164,0.4245137426865386,0.4248851365105969
BH050,342,2413611,3.4200007915496826,0.487542627747658,7687,4,5,SHELF_NORMAL_Y_POS,-392.1574408023956,-20.81674579952917,689.4337567297406,98.8697280883789,99.26697540283205,7.443930625915527,0.0002431463799439,0.0004737158014904,-0.0003235441690776,-9.206144022755323e-05,0.0001356393331661,-0.0004175659269094,0.0005152153316885,99.90441922734436,0.2814208992319559,84.22957159756308,0.0337013213984381,0.3571644698394131
BH050,342,2413611,3.4200007915496826,0.487542627747658,6592,3,5,SHELF_NORMAL_Y_NEG,592.2175591976044,22.738223297176344,4589.433756729741,-91.35608673095705,-27.82417297363281,36.26803588867188,-0.0003788647591136,-0.0004097591445315,0.0003831599897239,2.4110335289151408e-05,-0.0004077263001818,-7.457813626388088e-05,0.0004597895604092,102.58812263966236,0.2889806271539785,1.339489189896044,0.026736766909636,0.379364011692263
BH050,342,2413611,3.4200007915496826,0.487542627747658,7690,1,1,SHELF_NORMAL_Y_POS,-310.96755919760443,-21.386331148337096,539.4337567297406,-76.10430145263672,-158.4431610107422,-144.31922912597656,-0.0001722705928841,-0.0009010468493215,-0.0021701413206756,-3.3639083994785324e-05,-0.0002427382278256,-0.0003488196525722,0.0003835926472675,285.1701484527228,0.8032961928245713,63.77277520604346,0.1888375676648274,0.3553389779109036
BH050,342,2413611,3.4200007915496826,0.487542627747658,8803,2,1,SHELF_NORMAL_Y_NEG,1246.8452994616207,24.99568236389409,4860.566243270259,-54.763275146484375,-43.20850372314453,30.72161865234375,-0.004443610087037,-0.0012509712250903,0.0013005663640797,-0.004240630660206,-0.0011209420626983,0.0009127901284955,0.0057617402635514,73.01510445492902,0.2056763505772648,-0.0111952022705174,0.0143264874104241,0.4218543590981223
BH050,343,2421999,3.430000066757202,0.4868634153628382,5809,3,5,SIDE_NORMAL_X_POS,-1250.0,-24.15470053837925,439.4337567297406,110.07525634765624,-366.4290466308594,-125.57736206054688,0.2379737794399261,-0.3701651096343994,0.0484463311731815,0.2369064092636108,-0.3682239651679992,0.0500316061079502,0.4588262438774109,483.76709386044325,1.3627242080575863,2.590377093103584,0.5142929132051743,0.5385553506579153
BH050,343,2421999,3.430000066757202,0.4868634153628382,8857,1,1,SHELF_NORMAL_Y_NEG,1246.8452994616207,25.009422437046773,2189.4337567297407,-184.4779815673828,-231.18641662597656,-160.2516632080078,0.0006226531113497,-0.0062649496830999,-0.0045948498882353,0.0011813717428594,-0.0054111210629343,-0.0025725127197802,0.0059688496403396,349.1020883543628,0.9833861643784868,-0.028475458976813,0.3122673031532311,0.3619825278703239
BH050,343,2421999,3.430000066757202,0.4868634153628382,7318,1,1,SHELF_NORMAL_Y_NEG,-29.717559197604437,30.49643744586834,860.5662432702593,379.0838623046875,324.324951171875,-4.665287971496582,0.00279375561513,0.0009825143497437,-0.0001140111562563,0.0014247354120016,-3.92294859921094e-05,-5.513234646059573e-05,0.0017124668229371,354.9791377194381,0.9999412330125016,-106.1733404881986,0.4254310760094696,0.4254310760094696
BH050,343,2421999,3.430000066757202,0.4868634153628382,7687,4,5,SHELF_NORMAL_Y_POS,-392.1574408023956,-20.81674579952917,689.4337567297406,99.3904800415039,98.66248321533205,8.4107084274292,0.0002465537691023,0.0004700226709246,-0.0003113431448582,-9.206144022755323e-05,0.0001356393331661,-0.0004175659269094,0.0005152153316885,100.0942635568656,0.2819556719911707,84.4745486300192,0.0337701906096103,0.3571644698394131
BH050,343,2421999,3.430000066757202,0.4868634153628382,6592,3,5,SHELF_NORMAL_Y_NEG,592.2175591976044,22.738223297176344,4589.433756729741,-90.76488494873048,-29.62000274658203,37.568580627441406,-0.0003733808989636,-0.0004193388158455,0.0003995753359049,2.4110335289151408e-05,-0.0004077263001818,-7.457813626388088e-05,0.0004597895604092,103.25380144125884,0.2908557787077713,1.3245412696947518,0.0271185628163828,0.379364011692263
BH050,343,2421999,3.430000066757202,0.4868634153628382,7690,1,1,SHELF_NORMAL_Y_POS,-310.96755919760443,-21.386331148337096,539.4337567297406,-75.29277038574219,-157.96128845214844,-144.132568359375,-0.0001690299686742,-0.0008998923003673,-0.0021677871700376,-3.3639083994785324e-05,-0.0002427382278256,-0.0003488196525722,0.0003835926472675,284.6928497278586,0.8019516893742495,63.95593381554703,0.1880701629248765,0.3553389779109036
BH050,343,2421999,3.430000066757202,0.4868634153628382,8803,2,1,SHELF_NORMAL_Y_NEG,1246.8452994616207,24.99568236389409,4860.566243270259,-53.47239303588867,-42.900657653808594,29.66644287109375,-0.004437809344381,-0.0012513522524386,0.0012872553197667,-0.004240630660206,-0.0011209420626983,0.0009127901284955,0.0057617402635514,71.03559610802805,0.2001002707268395,-0.0111422680124227,0.0136269203358817,0.4218543590981223
BH050,344,2430388,3.440000534057617,0.4858148696077885,5809,3,5,SIDE_NORMAL_X_POS,-1250.0,-24.15470053837925,439.4337567297406,127.38397216796876,-384.9896240234375,94.18912506103516,0.2389969825744629,-0.3715699911117553,0.0511448197066783,0.2378183901309967,-0.3695144355297088,0.0499564483761787,0.4602801501750946,489.9999677161682,1.3802815992004738,2.6079892815552337,0.5268926267140926,0.5385553506579153
BH050,344,2430388,3.440000534057617,0.4858148696077885,8857,1,1,SHELF_NORMAL_Y_NEG,1246.8452994616207,25.009422437046773,2189.4337567297407,-187.05340576171875,-231.34739685058597,-160.2603302001953,0.0006103869527578,-0.0062619964592158,-0.0045949551276862,0.0011813717428594,-0.0054111210629343,-0.0025725127197802,0.0059688496403396,349.69471893241047,0.9850555462884802,-0.0285058104070403,0.3138795252719531,0.3619825278703239
BH050,344,2430388,3.440000534057617,0.4858148696077885,7318,1,1,SHELF_NORMAL_Y_NEG,-29.717559197604437,30.49643744586834,860.5662432702593,378.6268615722656,324.8006591796875,-4.756380558013916,0.0027962555177509,0.0009888530476018,-0.0001155122226919,0.0014301401097327,-3.58567267539911e-05,-5.548377521336079e-05,0.0017213249811902,354.88502892324567,0.9996761378119596,-106.4815846678318,0.4252978332976986,0.4254310760094696
BH050,344,2430388,3.440000534057617,0.4858148696077885,7687,4,5,SHELF_NORMAL_Y_POS,-392.1574408023956,-20.81674579952917,689.4337567297406,100.05990600585938,97.89412689208984,8.974568367004395,0.0002509230689611,0.0004653175419662,-0.0003042262978851,-9.206144022755323e-05,0.0001356393331661,-0.0004175659269094,0.0005152153316885,100.2077659996466,0.2822753971821031,84.732804015852,0.033805150213534,0.3571644698394131
BH050,344,2430388,3.440000534057617,0.4858148696077885,6592,3,5,SHELF_NORMAL_Y_NEG,592.2175591976044,22.738223297176344,4589.433756729741,-88.68417358398438,-25.369951248168945,36.28701019287109,-0.0003694674524012,-0.0004017371975351,0.0003834026865661,2.4110335289151408e-05,-0.0004077263001818,-7.457813626388088e-05,0.0004597895604092,101.0388303401791,0.2846164234934623,1.368596605367619,0.025686195413985,0.379364011692263
BH050,344,2430388,3.440000534057617,0.4858148696077885,7690,1,1,SHELF_NORMAL_Y_POS,-310.96755919760443,-21.386331148337096,539.4337567297406,-73.78984832763672,-156.72079467773438,-143.9488067626953,-0.0001635407243156,-0.0008960599661804,-0.00216546212323,-3.3639083994785324e-05,-0.0002427382278256,-0.0003488196525722,0.0003835926472675,283.91146936464344,0.799750617928573,64.15433591151253,0.1867232356141247,0.3553389779109036
BH050,344,2430388,3.440000534057617,0.4858148696077885,8803,2,1,SHELF_NORMAL_Y_NEG,1246.8452994616207,24.99568236389409,4860.566243270259,-54.16013717651367,-42.77760696411133,29.062301635742188,-0.0044413260184228,-0.0012497503776103,0.0012796306982636,-0.004240630660206,-0.0011209420626983,0.0009127901284955,0.0057617402635514,70.57092308023253,0.1987913326203733,-0.0110931886946249,0.0135236904472349,0.4218543590981223
BH050,345,2438777,3.450001001358032,0.4849573962366016,5809,3,5,SIDE_NORMAL_X_POS,-1250.0,-24.15470053837925,439.4337567297406,124.23187255859376,-382.11029052734375,58.708473205566406,0.2398716509342193,-0.3728210628032684,0.0505901277065277,0.2387123554944992,-0.3707849979400635,0.0498495958745479,0.4617104232311249,468.243701165122,1.3189963413102028,2.625965088129889,0.4827667957491445,0.5385553506579153
BH050,345,2438777,3.450001001358032,0.4849573962366016,8857,1,1,SHELF_NORMAL_Y_NEG,1246.8452994616207,25.009422437046773,2189.4337567297407,-187.72886657714844,-230.9074249267578,-159.8492889404297,0.0006064666667953,-0.0062588634900748,-0.0045897695235908,0.0011813717428594,-0.0054111210629343,-0.0025725127197802,0.0059688496403396,349.09563530812267,0.9833679867834442,-0.0285171381915734,0.3130599745853284,0.3619825278703239
BH050,345,2438777,3.450001001358032,0.4849573962366016,7318,1,1,SHELF_NORMAL_Y_NEG,-29.717559197604437,30.49643744586834,860.5662432702593,378.1992492675781,325.5179748535156,-4.67466926574707,0.0027987237554043,0.0009964813943952,-0.0001148468218161,0.0014357246691361,-3.233575262129307e-05,-5.584948303294368e-05,0.0017305089859291,354.89650320174206,0.9997084597232172,-106.78533307700884,0.4254483557309227,0.4254483557309227
BH050,345,2438777,3.450001001358032,0.4849573962366016,7687,4,5,SHELF_NORMAL_Y_POS,-392.1574408023956,-20.81674579952917,689.4337567297406,100.57425689697266,97.36349487304688,9.593705177307127,0.000254193029832,0.0004619925748556,-0.0002964115119539,-9.206144022755323e-05,0.0001356393331661,-0.0004175659269094,0.0005152153316885,100.3926674394622,0.2827962463083442,84.98949136580072,0.0338809778890088,0.3571644698394131
BH050,345,2438777,3.450001001358032,0.4849573962366016,6592,3,5,SHELF_NORMAL_Y_NEG,592.2175591976044,22.738223297176344,4589.433756729741,-90.89855194091795,-28.186298370361328,36.62589645385742,-0.0003761196567211,-0.000412180670537,0.0003876787959598,2.4110335289151408e-05,-0.0004077263001818,-7.457813626388088e-05,0.0004597895604092,102.56358675224044,0.2889115119781421,1.3328473826966611,0.0267191130183635,0.379364011692263
BH050,345,2438777,3.450001001358032,0.4849573962366016,7690,1,1,SHELF_NORMAL_Y_POS,-310.96755919760443,-21.386331148337096,539.4337567297406,-72.6065444946289,-155.54400634765625,-143.69869995117188,-0.0001595099747646,-0.0008920693071559,-0.0021623114589601,-3.3639083994785324e-05,-0.0002427382278256,-0.0003488196525722,0.0003835926472675,283.05491428227685,0.797337786710639,64.34777781398006,0.1853521046248975,0.3553389779109036
BH050,345,2438777,3.450001001358032,0.4849573962366016,8803,2,1,SHELF_NORMAL_Y_NEG,1246.8452994616207,24.99568236389409,4860.566243270259,-50.72836685180664,-41.73659896850586,29.29313850402832,-0.0044261692091822,-0.0012496907729655,0.0012825434096157,-0.004240630660206,-0.0011209420626983,0.0009127901284955,0.0057617402635514,69.0821632806676,0.1945976430441341,-0.0111817711361205,0.0128110057601789,0.4218543590981223
BH050,346,2447165,3.460000276565552,0.4841807201599267,5809,3,5,SIDE_NORMAL_X_POS,-1250.0,-24.15470053837925,439.4337567297406,112.60050964355467,-372.6263122558594,-65.32511138916016,0.2406877875328064,-0.3740169405937195,0.0489296913146972,0.2395985275506973,-0.372044175863266,0.0497546419501304,0.4631268382072449,454.1907821147586,1.2794106538443906,2.6426072408233443,0.4558220889018025,0.5385553506579153
BH050,346,2447165,3.460000276565552,0.4841807201599267,8857,1,1,SHELF_NORMAL_Y_NEG,1246.8452994616207,25.009422437046773,2189.4337567297407,-188.61932373046875,-231.2493896484375,-160.2769317626953,0.0006026323535479,-0.0062592448666691,-0.0045951646752655,0.0011813717428594,-0.0054111210629343,-0.0025725127197802,0.0059688496403396,350.0021579569666,0.985921571709765,-0.0285450327577835,0.3147330462259081,0.3619825278703239
BH050,346,2447165,3.460000276565552,0.4841807201599267,7318,1,1,SHELF_NORMAL_Y_NEG,-29.717559197604437,30.49643744586834,860.5662432702593,377.8278503417969,326.0179748535156,-4.795126438140869,0.0028008474037051,0.0010023968061432,-0.0001166728179669,0.0014403694076463,-2.937807039415929e-05,-5.615501504507847e-05,0.0017381763318553,354.8688680660425,0.9996306142705425,-107.08195455305172,0.4254653626130232,0.4254653626130232
BH050,346,2447165,3.460000276565552,0.4841807201599267,7687,4,5,SHELF_NORMAL_Y_POS,-392.1574408023956,-20.81674579952917,689.4337567297406,101.07877349853516,96.27336883544922,10.468451499938965,0.0002582275483291,0.0004559658991638,-0.0002853718178812,-9.206144022755323e-05,0.0001356393331661,-0.0004175659269094,0.0005152153316885,100.41439830450132,0.2828574600126797,85.2358642838301,0.0338147816672917,0.3571644698394131
BH050,346,2447165,3.460000276565552,0.4841807201599267,6592,3,5,SHELF_NORMAL_Y_NEG,592.2175591976044,22.738223297176344,4589.433756729741,-89.97817993164062,-28.406888961791992,37.521968841552734,-0.0003713312908075,-0.0004145901475567,0.0003989881370216,2.4110335289151408e-05,-0.0004077263001818,-7.457813626388088e-05,0.0004597895604092,102.81399941270344,0.2896168997540942,1.3378850878227315,0.0267734915260824,0.379364011692263
BH050,346,2447165,3.460000276565552,0.4841807201599267,7690,1,1,SHELF_NORMAL_Y_POS,-310.96755919760443,-21.386331148337096,539.4337567297406,-71.2110366821289,-154.52972412109375,-143.47296142578125,-0.0001542170648463,-0.0008891752804629,-0.0021594658028334,-3.3639083994785324e-05,-0.0002427382278256,-0.0003488196525722,0.0003835926472675,282.31134853255463,0.7952432353029708,64.53151196798594,0.1841143535167943,0.3553389779109036
BH050,346,2447165,3.460000276565552,0.4841807201599267,8803,2,1,SHELF_NORMAL_Y_NEG,1246.8452994616207,24.99568236389409,4860.566243270259,-52.71817398071289,-42.19913101196289,29.26328659057617,-0.0044351457618176,-0.0012490389635786,0.0012821578420698,-0.004240630660206,-0.0011209420626983,0.0009127901284955,0.0057617402635514,70.0309304646779,0.1972702266610645,-0.0111152826572937,0.0132367889177258,0.4218543590981223
BH050,347,2455554,3.470000743865967,0.4830240831726241,5809,3,5,SIDE_NORMAL_X_POS,-1250.0,-24.15470053837925,439.4337567297406,126.35638427734376,-386.5618896484375,92.84281158447266,0.2416505515575409,-0.3753468096256256,0.0508836209774017,0.2404740750789642,-0.3732863962650299,0.0497121624648571,0.4645199179649353,489.99995514320034,1.380281563783663,2.6599901600167133,0.5269178554708748,0.5385553506579153
BH050,347,2455554,3.470000743865967,0.4830240831726241,8857,1,1,SHELF_NORMAL_Y_NEG,1246.8452994616207,25.009422437046773,2189.4337567297407,-185.79356384277344,-229.84765625,-161.55809020996094,0.0006143085192888,-0.0062565566040575,-0.0046113454736769,0.0011813717428594,-0.0054111210629343,-0.0025725127197802,0.0059688496403396,350.6394555526949,0.9877167762047744,-0.0285449770204576,0.3145308560948049,0.3619825278703239
BH050,347,2455554,3.470000743865967,0.4830240831726241,7318,1,1,SHELF_NORMAL_Y_NEG,-29.717559197604437,30.49643744586834,860.5662432702593,377.5286865234375,326.34356689453125,-4.5858259201049805,0.0028033026028424,0.0010072202421724,-0.0001143210974987,0.0014447470894083,-2.657195000210777e-05,-5.644461998599581e-05,0.0017454189946874,354.8056708038922,0.9994525938137808,-107.38399032337178,0.4253843654998808,0.4254653626130232
BH050,347,2455554,3.470000743865967,0.4830240831726241,7687,4,5,SHELF_NORMAL_Y_POS,-392.1574408023956,-20.81674579952917,689.4337567297406,101.76383972167967,95.59669494628906,11.172016143798828,0.0002625383494887,0.0004516851913649,-0.0002764901146292,-9.206144022755323e-05,0.0001356393331661,-0.0004175659269094,0.0005152153316885,100.70135178471538,0.2836657796752546,85.48652360078566,0.0339372217756507,0.3571644698394131
BH050,347,2455554,3.470000743865967,0.4830240831726241,6592,3,5,SHELF_NORMAL_Y_NEG,592.2175591976044,22.738223297176344,4589.433756729741,-90.19397735595705,-26.548192977905277,35.984405517578125,-0.0003750871983356,-0.0004052539297845,0.0003795837983489,2.4110335289151408e-05,-0.0004077263001818,-7.457813626388088e-05,0.0004597895604092,101.63614173486096,0.2862989908024252,1.3533176863679035,0.026142155744568,0.379364011692263
BH050,347,2455554,3.470000743865967,0.4830240831726241,7690,1,1,SHELF_NORMAL_Y_POS,-310.96755919760443,-21.386331148337096,539.4337567297406,-69.65007019042969,-153.3177490234375,-143.2249755859375,-0.0001484008826082,-0.0008855703053995,-0.002156323287636,-3.3639083994785324e-05,-0.0002427382278256,-0.0003488196525722,0.0003835926472675,281.4587951317237,0.7928416764273908,64.71829794472146,0.182699495790945,0.3553389779109036
BH050,347,2455554,3.470000743865967,0.4830240831726241,8803,2,1,SHELF_NORMAL_Y_NEG,1246.8452994616207,24.99568236389409,4860.566243270259,-52.2397575378418,-41.93141555786133,30.33940315246582,-0.0044331983663141,-0.001248435000889,0.0012957444414496,-0.004240630660206,-0.0011209420626983,0.0009127901284955,0.0057617402635514,71.12093255351022,0.2003406550803104,-0.0111582809407023,0.013514085158206,0.4218543590981223
BH050,348,2463942,3.4800000190734863,0.481925316348875,5809,3,5,SIDE_NORMAL_X_POS,-1250.0,-24.15470053837925,439.4337567297406,125.1392822265625,-386.9982299804688,85.28594207763672,0.2425000071525573,-0.3765644133090973,0.0506718382239341,0.2413288056850433,-0.3745031654834747,0.0495957806706428,0.4658853709697723,485.4659889581464,1.3675098280511164,2.677499023820181,0.5180830434786493,0.5385553506579153
BH050,348,2463942,3.4800000190734863,0.481925316348875,8857,1,1,SHELF_NORMAL_Y_NEG,1246.8452994616207,25.009422437046773,2189.4337567297407,-184.4273834228516,-229.1582946777344,-161.87728881835938,0.0006199366180226,-0.0062552047893404,-0.0046153957955539,0.0011813717428594,-0.0054111210629343,-0.0025725127197802,0.0059688496403396,350.53771409692445,0.9874301805547168,-0.028549182746048,0.3138337140989227,0.3619825278703239
BH050,348,2463942,3.4800000190734863,0.481925316348875,7318,1,1,SHELF_NORMAL_Y_NEG,-29.717559197604437,30.49643744586834,860.5662432702593,376.9104614257813,327.0541076660156,-4.855051040649414,0.0028061347547918,0.0010160017991438,-0.000118180825666,0.0014516059309244,-2.212834806414321e-05,-5.690656689694151e-05,0.0017568110488355,354.72029150252445,0.9992120887395056,-107.69125264370362,0.425297520578109,0.4254653626130232
BH050,348,2463942,3.4800000190734863,0.481925316348875,7687,4,5,SHELF_NORMAL_Y_POS,-392.1574408023956,-20.81674579952917,689.4337567297406,102.25724029541016,94.9567413330078,11.904207229614258,0.0002658647135831,0.0004478608316276,-0.0002672495902515,-9.206144022755323e-05,0.0001356393331661,-0.0004175659269094,0.0005152153316885,100.9378127886439,0.2843318670102644,85.74404482946923,0.0340186351437749,0.3571644698394131
BH050,348,2463942,3.4800000190734863,0.481925316348875,6592,3,5,SHELF_NORMAL_Y_NEG,592.2175591976044,22.738223297176344,4589.433756729741,-88.82355499267578,-27.09319305419922,36.70127487182617,-0.000367640692275,-0.0004098962817806,0.0003886280464939,2.4110335289151408e-05,-0.0004077263001818,-7.457813626388088e-05,0.0004597895604092,101.28228887561822,0.2853022221848401,1.3453897165409812,0.0259287922264211,0.379364011692263
BH050,348,2463942,3.4800000190734863,0.481925316348875,7690,1,1,SHELF_NORMAL_Y_POS,-310.96755919760443,-21.386331148337096,539.4337567297406,-68.59564208984375,-152.29373168945312,-142.9158477783203,-0.0001447735558031,-0.0008821411756798,-0.0021524252369999,-3.3639083994785324e-05,-0.0002427382278256,-0.0003488196525722,0.0003835926472675,280.58309848012715,0.7903749252961328,64.91772226004448,0.1813672005177058,0.3553389779109036
BH050,348,2463942,3.4800000190734863,0.481925316348875,8803,2,1,SHELF_NORMAL_Y_NEG,1246.8452994616207,24.99568236389409,4860.566243270259,-53.47529983520508,-42.04014205932617,29.258256912231445,-0.0044390298426151,-0.0012471632799133,0.0012820936972275,-0.004240630660206,-0.0011209420626983,0.0009127901284955,0.0057617402635514,70.33497584930804,0.198126692533262,-0.0111130243944466,0.0133621715609718,0.4218543590981223
BH050,349,2472331,3.4900004863739014,0.4811758417160025,5809,3,5,SIDE_NORMAL_X_POS,-1250.0,-24.15470053837925,439.4337567297406,118.15377807617188,-379.8275451660156,-1.2956719398498535,0.2433050125837326,-0.3777281641960144,0.0494745634496212,0.2421778738498687,-0.3757116794586181,0.0494912452995777,0.467240422964096,450.679903164768,1.2695208539852618,2.6947788865862607,0.4496951690518717,0.5385553506579153
BH050,349,2472331,3.4900004863739014,0.4811758417160025,8857,1,1,SHELF_NORMAL_Y_NEG,1246.8452994616207,25.009422437046773,2189.4337567297407,-185.9555206298828,-228.90513610839844,-161.51123046875,0.0006121447077021,-0.0062517565675079,-0.0046107554808259,0.0011813717428594,-0.0054111210629343,-0.0025725127197802,0.0059688496403396,350.24059720745225,0.986593231570288,-0.028599507587623,0.3137364930520404,0.3619825278703239
BH050,349,2472331,3.4900004863739014,0.4811758417160025,7318,1,1,SHELF_NORMAL_Y_NEG,-29.717559197604437,30.49643744586834,860.5662432702593,376.708740234375,327.4290466308594,-4.854436874389648,0.0028088092803955,0.0010208619059994,-0.0001184594584628,0.0014558056136593,-1.938407876878045e-05,-5.719315595342778e-05,0.0017638078425079,354.74578016688537,0.9992838877940432,-107.9833108850951,0.4254147150181503,0.4254653626130232
BH050,349,2472331,3.4900004863739014,0.4811758417160025,7687,4,5,SHELF_NORMAL_Y_POS,-392.1574408023956,-20.81674579952917,689.4337567297406,102.682861328125,94.48056030273438,12.548209190368652,0.0002686266088858,0.0004449289990589,-0.0002591210068203,-9.206144022755323e-05,0.0001356393331661,-0.0004175659269094,0.0005152153316885,101.19873850763214,0.2850668690355835,85.98743374657008,0.0341232090361608,0.3571644698394131
BH050,349,2472331,3.4900004863739014,0.4811758417160025,6592,3,5,SHELF_NORMAL_Y_NEG,592.2175591976044,22.738223297176344,4589.433756729741,-90.87117767333984,-29.791282653808597,37.0395736694336,-0.0003736526414286,-0.0004200113471597,0.0003928992664441,2.4110335289151408e-05,-0.0004077263001818,-7.457813626388088e-05,0.0004597895604092,102.73126382746432,0.2893838417675051,1.3100490771900088,0.0269141855538726,0.379364011692263
BH050,349,2472331,3.4900004863739014,0.4811758417160025,7690,1,1,SHELF_NORMAL_Y_POS,-310.96755919760443,-21.386331148337096,539.4337567297406,-67.40069580078125,-151.41896057128906,-142.76205444335938,-0.0001402460620738,-0.0008796348120085,-0.0021504901815205,-3.3639083994785324e-05,-0.0002427382278256,-0.0003488196525722,0.0003835926472675,280.01397229718594,0.7887717529498196,65.10146771874088,0.1804024311760216,0.3553389779109036
BH050,349,2472331,3.4900004863739014,0.4811758417160025,8803,2,1,SHELF_NORMAL_Y_NEG,1246.8452994616207,24.99568236389409,4860.566243270259,-49.60114288330078,-41.2935676574707,29.001840591430664,-0.0044213039800524,-0.0012491820380091,0.0012788539752364,-0.004240630660206,-0.0011209420626983,0.0009127901284955,0.0057617402635514,68.12154012311044,0.1918916623186209,-0.0111369918546457,0.0124382148020934,0.4218543590981223
BH050,350,2480720,3.5000009536743164,0.4803903439589509,5809,3,5,SIDE_NORMAL_X_POS,-1250.0,-24.15470053837925,439.4337567297406,105.2200698852539,-369.5401611328125,-126.17867279052734,0.2440627217292785,-0.3788529336452484,0.0477792024612426,0.2430136948823928,-0.3769053220748901,0.0493720434606075,0.4685767590999603,484.0221149679653,1.36344257737455,2.7116164829032448,0.515655342248629,0.5385553506579153
BH050,350,2480720,3.5000009536743164,0.4803903439589509,8857,1,1,SHELF_NORMAL_Y_NEG,1246.8452994616207,25.009422437046773,2189.4337567297407,-186.00987243652344,-229.17811584472656,-161.81234741210938,0.0006122745689935,-0.0062530264258384,-0.0046145487576723,0.0011813717428594,-0.0054111210629343,-0.0025725127197802,0.0059688496403396,350.7742816363848,0.9880965679898164,-0.0286410750649853,0.3146164116199644,0.3619825278703239
BH050,350,2480720,3.5000009536743164,0.4803903439589509,7318,1,1,SHELF_NORMAL_Y_NEG,-29.717559197604437,30.49643744586834,860.5662432702593,376.3811950683594,328.5069885253906,-4.821264266967773,0.0028101361822336,0.0010295179672539,-0.0001183507265523,0.0014602917945012,-1.6436550140497275e-05,-5.750277341576293e-05,0.0017712981207296,354.97257126292027,0.999922735951888,-108.272280108337,0.426094258574438,0.426094258574438
BH050,350,2480720,3.5000009536743164,0.4803903439589509,7687,4,5,SHELF_NORMAL_Y_POS,-392.1574408023956,-20.81674579952917,689.4337567297406,103.04203033447266,93.52979278564452,13.320159912109377,0.0002717567549552,0.0004397912125568,-0.0002493772190064,-9.206144022755323e-05,0.0001356393331661,-0.0004175659269094,0.0005152153316885,101.29295330294778,0.285332262825205,86.23017783374964,0.0340880471814969,0.3571644698394131
BH050,350,2480720,3.5000009536743164,0.4803903439589509,6592,3,5,SHELF_NORMAL_Y_NEG,592.2175591976044,22.738223297176344,4589.433756729741,-89.64888000488281,-26.63046646118164,35.61394119262695,-0.0003723231202457,-0.0004064473323523,0.0003749056486412,2.4110335289151408e-05,-0.0004077263001818,-7.457813626388088e-05,0.0004597895604092,100.8155263817689,0.2839873982585039,1.3542194141835946,0.0257578540959866,0.379364011692263
BH050,350,2480720,3.5000009536743164,0.4803903439589509,7690,1,1,SHELF_NORMAL_Y_POS,-310.96755919760443,-21.386331148337096,539.4337567297406,-65.82394409179688,-149.93487548828125,-142.65211486816406,-0.0001347521756542,-0.0008747254032641,-0.0021490990184247,-3.3639083994785324e-05,-0.0002427382278256,-0.0003488196525722,0.0003835926472675,279.2719664968449,0.7866815957657604,65.2832353692402,0.1790983221194866,0.3553389779109036
BH050,350,2480720,3.5000009536743164,0.4803903439589509,8803,2,1,SHELF_NORMAL_Y_NEG,1246.8452994616207,24.99568236389409,4860.566243270259,-48.31278991699219,-40.60098648071289,29.71237564086914,-0.0044160541146993,-0.0012476936681196,0.0012878210982307,-0.004240630660206,-0.0011209420626983,0.0009127901284955,0.0057617402635514,68.33370062551474,0.1924892975366612,-0.0111330869262236,0.012383470468038,0.4218543590981223
BH050,351,2489108,3.510000228881836,0.4795255085275144,5809,3,5,SIDE_NORMAL_X_POS,-1250.0,-24.15470053837925,439.4337567297406,105.69383239746094,-371.4984436035156,-120.06398010253906,0.2448877841234207,-0.3800340294837951,0.0477734208106994,0.243833303451538,-0.3780746459960937,0.0492890141904354,0.4698835909366607,481.3454601375537,1.3559027046128274,2.728305306031962,0.511082840021521,0.5385553506579153
BH050,351,2489108,3.510000228881836,0.4795255085275144,8857,1,1,SHELF_NORMAL_Y_NEG,1246.8452994616207,25.009422437046773,2189.4337567297407,-187.70460510253903,-228.1983184814453,-161.2722930908203,0.0006026232731528,-0.0062458049505949,-0.0046077631413936,0.0011813717428594,-0.0054111210629343,-0.0025725127197802,0.0059688496403396,349.9998194787399,0.9859149844471546,-0.0286853107776706,0.3136718643393242,0.3619825278703239
BH050,351,2489108,3.510000228881836,0.4795255085275144,7318,1,1,SHELF_NORMAL_Y_NEG,-29.717559197604437,30.49643744586834,860.5662432702593,375.9158630371094,329.0740966796875,-4.930344581604004,0.0028120859060436,0.0010362883331254,-0.0001200744518428,0.0014653281541541,-1.3095721442368811e-05,-5.784992754342966e-05,0.0017797348555177,354.92428632747186,0.9997867220492164,-108.5591793096882,0.4260666493741095,0.426094258574438
BH050,351,2489108,3.510000228881836,0.4795255085275144,7687,4,5,SHELF_NORMAL_Y_POS,-392.1574408023956,-20.81674579952917,689.4337567297406,103.42112731933594,92.71857452392578,13.912656784057615,0.0002747787802945,0.0004353004042059,-0.0002418983349343,-9.206144022755323e-05,0.0001356393331661,-0.0004175659269094,0.0005152153316885,101.41148945468537,0.2856661674779869,86.47390231870114,0.0340834731704386,0.3571644698394131
BH050,351,2489108,3.510000228881836,0.4795255085275144,6592,3,5,SHELF_NORMAL_Y_NEG,592.2175591976044,22.738223297176344,4589.433756729741,-88.61835479736328,-27.36453437805176,36.97686767578125,-0.0003662491508293,-0.0004115127958357,0.0003921107854694,2.4110335289151408e-05,-0.0004077263001818,-7.457813626388088e-05,0.0004597895604092,101.3848941493594,0.285591251124956,1.3438804282587589,0.025977643020407,0.379364011692263
BH050,351,2489108,3.510000228881836,0.4795255085275144,7690,1,1,SHELF_NORMAL_Y_POS,-310.96755919760443,-21.386331148337096,539.4337567297406,-64.70140075683594,-148.8447265625,-142.17428588867188,-0.0001308933860855,-0.0008710664696991,-0.0021430577617138,-3.3639083994785324e-05,-0.0002427382278256,-0.0003488196525722,0.0003835926472675,278.1207368848312,0.7834386954502288,65.46942841604657,0.1774396835857261,0.3553389779109036
BH050,351,2489108,3.510000228881836,0.4795255085275144,8803,2,1,SHELF_NORMAL_Y_NEG,1246.8452994616207,24.99568236389409,4860.566243270259,-49.613990783691406,-41.11565780639648,28.46431350708008,-0.0044216345995664,-0.0012482962338253,0.0012720728991553,-0.004240630660206,-0.0011209420626983,0.0009127901284955,0.0057617402635514,67.40018517150355,0.1898596765394466,-0.0111078479937032,0.0122232605074053,0.4218543590981223
BH050,352,2497497,3.520000696182251,0.4792856999419418,5809,3,5,SIDE_NORMAL_X_POS,-1250.0,-24.15470053837925,439.4337567297406,107.47064971923828,-371.53607177734375,-129.67379760742188,0.2457093298435211,-0.3811962306499481,0.0475423075258731,0.2446467131376266,-0.3792338073253631,0.0491792485117912,0.4711802005767822,489.8613044205995,1.3798909983678858,2.742974604655525,0.528234799402937,0.5385553506579153
BH050,352,2497497,3.520000696182251,0.4792856999419418,8857,1,1,SHELF_NORMAL_Y_NEG,1246.8452994616207,25.009422437046773,2189.4337567297407,-187.77903747558597,-226.01800537109372,-162.3674774169922,0.0005990897770971,-0.0062351082451641,-0.0046215909533202,0.0011813717428594,-0.0054111210629343,-0.0025725127197802,0.0059688496403396,350.70394257082694,0.9878984297769772,-0.0286660400949926,0.3141426940604526,0.3619825278703239
BH050,352,2497497,3.520000696182251,0.4792856999419418,7318,1,1,SHELF_NORMAL_Y_NEG,-29.717559197604437,30.49643744586834,860.5662432702593,375.6328430175781,329.4681396484375,-4.905970573425293,0.0028156104963272,0.0010422818595543,-0.0001201473351102,0.0014707968803122,-9.43388386076549e-06,-5.823019819217734e-05,0.0017889264272525,354.9118756238198,0.9997517623206192,-108.83117969861252,0.4261017712073846,0.4261017712073846
BH050,352,2497497,3.520000696182251,0.4792856999419418,7687,4,5,SHELF_NORMAL_Y_POS,-392.1574408023956,-20.81674579952917,689.4337567297406,103.84041595458984,91.97952270507812,14.57883644104004,0.0002778908528853,0.0004311021475587,-0.0002334904565941,-9.206144022755323e-05,0.0001356393331661,-0.0004175659269094,0.0005152153316885,101.63414830459324,0.2862933755058965,86.6973542029892,0.0341378880640455,0.3571644698394131
BH050,352,2497497,3.520000696182251,0.4792856999419418,6592,3,5,SHELF_NORMAL_Y_NEG,592.2175591976044,22.738223297176344,4589.433756729741,-90.83804321289062,-29.04068946838379,36.25884628295898,-0.000374582625227,-0.0004164191486779,0.0003830476198345,2.4110335289151408e-05,-0.0004077263001818,-7.457813626388088e-05,0.0004597895604092,101.98541138809335,0.2872828489805447,1.3301396412117987,0.0265319596226745,0.379364011692263
BH050,352,2497497,3.520000696182251,0.4792856999419418,7690,1,1,SHELF_NORMAL_Y_POS,-310.96755919760443,-21.386331148337096,539.4337567297406,-63.71398162841797,-148.2572784423828,-142.15220642089844,-0.0001269548665732,-0.000869657495059,-0.0021427848841995,-3.3639083994785324e-05,-0.0002427382278256,-0.0003488196525722,0.0003835926472675,277.8765551861483,0.782750859679291,65.63535635188288,0.176938767140815,0.3553389779109036
BH050,352,2497497,3.520000696182251,0.4792856999419418,8803,2,1,SHELF_NORMAL_Y_NEG,1246.8452994616207,24.99568236389409,4860.566243270259,-43.72511672973633,-39.21162414550781,29.05105781555176,-0.0043957964517176,-0.001247631967999,0.001279478194192,-0.004240630660206,-0.0011209420626983,0.0009127901284955,0.0057617402635514,65.32071906248702,0.1840020255281324,-0.011081672012532,0.01120352129188,0.4218543590981223
BH050,353,2505885,3.5299999713897705,0.4781433065800422,5809,3,5,SIDE_NORMAL_X_POS,-1250.0,-24.15470053837925,439.4337567297406,122.91344451904295,-390.4842834472656,88.00067901611328,0.2466149479150772,-0.3824579417705536,0.0501636825501918,0.245449811220169,-0.3803803622722626,0.0490531809628009,0.4724613130092621,488.6858063150648,1.3765797360987742,2.759700770092915,0.5266702899253104,0.5385553506579153
BH050,353,2505885,3.5299999713897705,0.4781433065800422,8857,1,1,SHELF_NORMAL_Y_NEG,1246.8452994616207,25.009422437046773,2189.4337567297407,-188.0670928955078,-223.37139892578125,-161.25228881835938,0.0005938347312621,-0.0062218056991696,-0.0046075265854597,0.0011813717428594,-0.0054111210629343,-0.0025725127197802,0.0059688496403396,348.2270891296833,0.9809213778300938,-0.0286131376751771,0.3098649915399064,0.3619825278703239
BH050,353,2505885,3.5299999713897705,0.4781433065800422,7318,1,1,SHELF_NORMAL_Y_NEG,-29.717559197604437,30.49643744586834,860.5662432702593,375.2688903808594,330.0746765136719,-4.935579299926758,0.0028185269329696,0.0010495141614228,-0.0001209104884765,0.0014763603685423,-5.678645266016247e-06,-5.861965837539174e-05,0.0017983062425628,354.9399306844152,0.9998307906603244,-109.10672670605533,0.4262556188004784,0.4262556188004784
BH050,353,2505885,3.5299999713897705,0.4781433065800422,7687,4,5,SHELF_NORMAL_Y_POS,-392.1574408023956,-20.81674579952917,689.4337567297406,104.0573959350586,90.03343963623047,15.111083030700684,0.0002817766217049,0.0004213384818285,-0.0002267725212732,-9.206144022755323e-05,0.0001356393331661,-0.0004175659269094,0.0005152153316885,101.24401768487888,0.2851944160137433,86.9339627218875,0.0337526215578531,0.3571644698394131
BH050,353,2505885,3.5299999713897705,0.4781433065800422,6592,3,5,SHELF_NORMAL_Y_NEG,592.2175591976044,22.738223297176344,4589.433756729741,-90.37519073486328,-28.065488815307617,36.07556915283203,-0.000373754883185,-0.0004123596299905,0.0003807350294664,2.4110335289151408e-05,-0.0004077263001818,-7.457813626388088e-05,0.0004597895604092,101.60345922829976,0.2862069274036613,1.3353042286830497,0.0262573929285674,0.379364011692263
BH050,353,2505885,3.5299999713897705,0.4781433065800422,7690,1,1,SHELF_NORMAL_Y_POS,-310.96755919760443,-21.386331148337096,539.4337567297406,-62.81459045410156,-147.25987243652344,-141.75241088867188,-0.0001240414130734,-0.0008661265601404,-0.0021377394441515,-3.3639083994785324e-05,-0.0002427382278256,-0.0003488196525722,0.0003835926472675,276.8795987514551,0.7799425316942397,65.8185410746347,0.1755166356239376,0.3553389779109036
BH050,353,2505885,3.5299999713897705,0.4781433065800422,8803,2,1,SHELF_NORMAL_Y_NEG,1246.8452994616207,24.99568236389409,4860.566243270259,-50.789947509765625,-40.9913444519043,28.982646942138672,-0.0044275163672864,-0.0012459787540137,0.0012786132283508,-0.004240630660206,-0.0011209420626983,0.0009127901284955,0.0057617402635514,68.54153723305636,0.1930747527691728,-0.0110968978129295,0.0126113056368486,0.4218543590981223
BH050,354,2514274,3.540000438690185,0.4774176900869774,5809,3,5,SIDE_NORMAL_X_POS,-1250.0,-24.15470053837925,439.4337567297406,121.52327728271484,-385.1309509277344,33.72876739501953,0.2473910748958587,-0.3835600614547729,0.0493443869054317,0.2462404370307922,-0.3815102279186249,0.0489188209176063,0.4737233221530914,461.8538955922546,1.3009968889922665,2.775702798725716,0.4724420543016625,0.5385553506579153
BH050,354,2514274,3.540000438690185,0.4774176900869774,8857,1,1,SHELF_NORMAL_Y_NEG,1246.8452994616207,25.009422437046773,2189.4337567297407,-188.40826416015625,-220.8811492919922,-162.02684020996094,0.0005885502323508,-0.0062092286534607,-0.0046172947622835,0.0011813717428594,-0.0054111210629343,-0.0025725127197802,0.0059688496403396,348.4657989500012,0.9815937998591582,-0.0285708607864519,0.3096441504851149,0.3619825278703239
BH050,354,2514274,3.540000438690185,0.4774176900869774,7318,1,1,SHELF_NORMAL_Y_NEG,-29.717559197604437,30.49643744586834,860.5662432702593,374.791259765625,330.650146484375,-4.967653751373291,0.0028202191460877,0.0010562916286289,-0.0001216555101564,0.0014811967266723,-2.387480662946473e-06,-5.895952563150786e-05,0.0018064841860905,354.89048391814634,0.9996915039947784,-109.3827144606734,0.4262293151718506,0.4262556188004784
BH050,354,2514274,3.540000438690185,0.4774176900869774,7687,4,5,SHELF_NORMAL_Y_POS,-392.1574408023956,-20.81674579952917,689.4337567297406,104.51105499267578,89.21707153320312,15.977046966552734,0.0002851673634722,0.0004167130391579,-0.0002158425631932,-9.206144022755323e-05,0.0001356393331661,-0.0004175659269094,0.0005152153316885,101.60646775016342,0.2862154021131364,87.16533371325829,0.0338613934838121,0.3571644698394131
BH050,354,2514274,3.540000438690185,0.4774176900869774,6592,3,5,SHELF_NORMAL_Y_NEG,592.2175591976044,22.738223297176344,4589.433756729741,-87.32927703857422,-25.362945556640625,36.70397567749024,-0.0003629053535405,-0.0004036748141516,0.0003886656777467,2.4110335289151408e-05,-0.0004077263001818,-7.457813626388088e-05,0.0004597895604092,100.48034349045788,0.2830432210998813,1.3704911334469028,0.0253498795980413,0.379364011692263
BH050,354,2514274,3.540000438690185,0.4774176900869774,7690,1,1,SHELF_NORMAL_Y_POS,-310.96755919760443,-21.386331148337096,539.4337567297406,-61.17430114746094,-145.70106506347656,-141.5358123779297,-0.000118349576951,-0.0008609519572928,-0.0021350032184273,-3.3639083994785324e-05,-0.0002427382278256,-0.0003488196525722,0.0003835926472675,275.9621227745835,0.7773580923227705,65.99034938728781,0.1740183531525229,0.3553389779109036
BH050,354,2514274,3.540000438690185,0.4774176900869774,8803,2,1,SHELF_NORMAL_Y_NEG,1246.8452994616207,24.99568236389409,4860.566243270259,-43.646331787109375,-38.78249740600586,29.005998611450195,-0.0043960595503449,-0.00124565907754,0.0012789047323167,-0.004240630660206,-0.0011209420626983,0.0009127901284955,0.0057617402635514,65.11846512736919,0.1834322961334343,-0.011030627558242,0.0111214211624807,0.4218543590981223
BH050,355,2522663,3.5500009059906006,0.4761688032822908,5809,3,5,SIDE_NORMAL_X_POS,-1250.0,-24.15470053837925,439.4337567297406,124.00637817382812,-390.9982299804688,88.23558044433594,0.2481932342052459,-0.3847124576568603,0.0499034263193607,0.2470216155052185,-0.3826302289962768,0.0487899035215377,0.4749716222286224,490.0000255275015,1.3802817620493,2.7919199107118264,0.5295554063773473,0.5385553506579153
BH050,355,2522663,3.5500009059906006,0.4761688032822908,8857,1,1,SHELF_NORMAL_Y_NEG,1246.8452994616207,25.009422437046773,2189.4337567297407,-184.91929626464844,-218.75001525878903,-161.96192932128906,0.0006023763562552,-0.0062039573676884,-0.0046164626255631,0.0011813717428594,-0.0054111210629343,-0.0025725127197802,0.0059688496403396,346.82937602749223,0.9769841578239218,-0.0284673344907293,0.3057696627929788,0.3619825278703239
BH050,355,2522663,3.5500009059906006,0.4761688032822908,7318,1,1,SHELF_NORMAL_Y_NEG,-29.717559197604437,30.49643744586834,860.5662432702593,374.6812744140625,330.9211120605469,-5.071308135986328,0.0028232801705598,0.0010605097049847,-0.0001232559734489,0.0014851988526061,3.506846155687527e-07,-5.92509750276804e-05,0.0018132664263248,354.93950231722715,0.9998295839921892,-109.66415239082214,0.4263724585270892,0.4263724585270892
BH050,355,2522663,3.5500009059906006,0.4761688032822908,7687,4,5,SHELF_NORMAL_Y_POS,-392.1574408023956,-20.81674579952917,689.4337567297406,104.8223114013672,88.10401153564453,16.428997039794922,0.0002882977132685,0.0004108560970053,-0.0002101377904182,-9.206144022755323e-05,0.0001356393331661,-0.0004175659269094,0.0005152153316885,101.60956408970551,0.2862241241963535,87.4029095379465,0.0337619662708208,0.3571644698394131
BH050,355,2522663,3.5500009059906006,0.4761688032822908,6592,3,5,SHELF_NORMAL_Y_NEG,592.2175591976044,22.738223297176344,4589.433756729741,-92.3706283569336,-30.56608390808105,35.90376663208008,-0.0003798001562245,-0.0004215905210003,0.0003785656008403,2.4110335289151408e-05,-0.0004077263001818,-7.457813626388088e-05,0.0004597895604092,102.52049291065174,0.2887901208750753,1.3212083109855082,0.0270023646159768,0.379364011692263
BH050,355,2522663,3.5500009059906006,0.4761688032822908,7690,1,1,SHELF_NORMAL_Y_POS,-310.96755919760443,-21.386331148337096,539.4337567297406,-59.99702072143555,-144.6403350830078,-141.43756103515625,-0.0001141784887295,-0.0008575215470045,-0.0021337666548788,-3.3639083994785324e-05,-0.0002427382278256,-0.0003488196525722,0.0003835926472675,275.4200988707309,0.775831264424594,66.16760176958576,0.1730927705402445,0.3553389779109036
BH050,355,2522663,3.5500009059906006,0.4761688032822908,8803,2,1,SHELF_NORMAL_Y_NEG,1246.8452994616207,24.99568236389409,4860.566243270259,-46.13804244995117,-38.764896392822266,29.749595642089844,-0.0044081704691052,-0.0012419432168826,0.0012882901355624,-0.004240630660206,-0.0011209420626983,0.0009127901284955,0.0057617402635514,67.06724268018853,0.1889218103667282,-0.0111093223062247,0.0117968347536496,0.4218543590981223
BH050,356,2531051,3.56000018119812,0.4756360787688132,5809,3,5,SIDE_NORMAL_X_POS,-1250.0,-24.15470053837925,439.4337567297406,107.97053527832033,-379.23577880859375,-69.28742218017578,0.2488616406917572,-0.3857277333736419,0.0478205867111682,0.2477849274873733,-0.3837275505065918,0.0486952364444732,0.476190984249115,459.1578629062384,1.2934024307217982,2.807313495151586,0.4680979990320227,0.5385553506579153
BH050,356,2531051,3.56000018119812,0.4756360787688132,8857,1,1,SHELF_NORMAL_Y_NEG,1246.8452994616207,25.009422437046773,2189.4337567297407,-184.75436401367188,-216.71116638183597,-163.03514099121094,0.0006002061418257,-0.006194279063493,-0.0046299919486045,0.0011813717428594,-0.0054111210629343,-0.0025725127197802,0.0059688496403396,347.56429985141904,0.9790543657786452,-0.028561288881757,0.3062613177977172,0.3619825278703239
BH050,356,2531051,3.56000018119812,0.4756360787688132,7318,1,1,SHELF_NORMAL_Y_NEG,-29.717559197604437,30.49643744586834,860.5662432702593,374.3112487792969,331.3337707519531,-5.000845432281494,0.0028265393339097,0.0010669415351003,-0.0001227761385962,0.0014908481389284,4.247054221195867e-06,-5.966124081169255e-05,0.0018228682456538,354.88596263535186,0.9996787679869068,-109.93292656682374,0.4263117646903985,0.4263724585270892
BH050,356,2531051,3.56000018119812,0.4756360787688132,7687,4,5,SHELF_NORMAL_Y_POS,-392.1574408023956,-20.81674579952917,689.4337567297406,104.9198760986328,86.90984344482422,17.384923934936523,0.0002905143483076,0.0004049155395478,-0.0001980720553547,-9.206144022755323e-05,0.0001356393331661,-0.0004175659269094,0.0005152153316885,101.7331707106604,0.2865723118610152,87.6314596427295,0.0336784181372848,0.3571644698394131
BH050,356,2531051,3.56000018119812,0.4756360787688132,6592,3,5,SHELF_NORMAL_Y_NEG,592.2175591976044,22.738223297176344,4589.433756729741,-89.09294891357422,-27.581863403320312,36.55958557128906,-0.0003682346723508,-0.0004118777287658,0.0003868424682877,2.4110335289151408e-05,-0.0004077263001818,-7.457813626388088e-05,0.0004597895604092,101.24610155070756,0.2852002860583311,1.3541278018121945,0.0259704036732194,0.379364011692263
BH050,356,2531051,3.56000018119812,0.4756360787688132,7690,1,1,SHELF_NORMAL_Y_POS,-310.96755919760443,-21.386331148337096,539.4337567297406,-59.12178421020508,-143.99893188476562,-141.0178985595703,-0.000110864159069,-0.0008556796819902,-0.002128473483026,-3.3639083994785324e-05,-0.0002427382278256,-0.0003488196525722,0.0003835926472675,274.5464389083058,0.7733702504459318,66.3438774703588,0.1718821354637422,0.3553389779109036
BH050,356,2531051,3.56000018119812,0.4756360787688132,8803,2,1,SHELF_NORMAL_Y_NEG,1246.8452994616207,24.99568236389409,4860.566243270259,-44.64930725097656,-38.12016296386719,28.44705390930176,-0.0044018859043717,-0.001240981509909,0.0012718500802293,-0.004240630660206,-0.0011209420626983,0.0009127901284955,0.0057617402635514,64.59391010079091,0.181954676340256,-0.0110698546471188,0.0109961367063939,0.4218543590981223
BH050,357,2539440,3.570000648498535,0.475153670143918,5809,3,5,SIDE_NORMAL_X_POS,-1250.0,-24.15470053837925,439.4337567297406,107.7941665649414,-376.12310791015625,-107.36457824707033,0.2496105879545211,-0.3867972493171692,0.0472136549651622,0.2485398352146148,-0.3848125040531158,0.0485687293112278,0.4773975908756256,477.7169764399524,1.345681623774514,2.821318738450436,0.5040550167930037,0.5385553506579153
