case,frame_index,frame_id,step_time_s,P_over_Pu,element,integration_point,section_point,panel,x_ip_mm,y_ip_mm,z_ip_mm,sigma_x_transverse_MPa,sigma_y_axial_MPa,tau_xy_MPa,LE_x_transverse,LE_y_axial,gamma_xy_engineering,PE_x_transverse,PE_y_axial,PE_xy_engineering,PEEQ,sigma_VM_MPa,sigma_VM_over_fy,w_local_ref_normal_mm,Y_s_MPa,Y_s_max_MPa
BH050,142,963202,1.4199999570846558,0.5397349956606519,8803,2,1,SHELF_NORMAL_Y_NEG,1246.8452994616207,24.99568236389409,4860.566243270259,-9.63858413696289,-193.5730133056641,11.578611373901367,0.0002351073198951,-0.0009256264311261,0.0001461360225221,0.0,0.0,0.0,0.0,189.99957034964987,0.5352100573229573,-0.0011562379727324,0.0893000175585411,0.0893000175585411
BH050,143,970165,1.430000901222229,0.5486384486538957,5809,3,5,SIDE_NORMAL_X_POS,-1250.0,-24.15470053837925,439.4337567297406,-57.225730895996094,-303.3723449707031,33.949649810791016,0.0027056830003857,-0.0085852872580289,0.0039904927834868,0.0025416566058993,-0.0071958084590733,0.003562044352293,0.0086195422336459,285.3184115367418,0.8037138353147656,-0.1372007792419867,0.2133637181777159,0.3142872653204995
BH050,143,970165,1.430000901222229,0.5486384486538957,8857,1,1,SHELF_NORMAL_Y_NEG,1246.8452994616207,25.009422437046773,2189.4337567297407,-101.36934661865234,-385.7711181640625,-39.784210205078125,0.0004683553706854,-0.0028920827899128,-0.0010502729564905,0.0003986142692156,-0.001167036127299,-0.000548148935195,0.0012291721068322,353.1827911942074,0.9948811019555138,0.0051634495611099,0.339188145867252,0.339188145867252
BH050,143,970165,1.430000901222229,0.5486384486538957,7318,1,1,SHELF_NORMAL_Y_NEG,-29.717559197604437,30.49643744586834,860.5662432702593,34.50217056274414,-126.35385131835938,-10.801139831542969,0.0003515014832373,-0.000663619604893,-0.0001363227929687,0.0,0.0,0.0,0.0,147.86876448712906,0.4165317309496593,-2.862959139546005,0.0487258674763579,0.0487258674763579
BH050,143,970165,1.430000901222229,0.5486384486538957,7687,4,5,SHELF_NORMAL_Y_POS,-392.1574408023956,-20.81674579952917,689.4337567297406,-23.809268951416016,-161.6807861328125,0.3646367192268371,0.0001198754034703,-0.000750170671381,4.60201408714056e-06,0.0,0.0,0.0,0.0,151.1901301375974,0.4258876905284434,1.494474212129426,0.0592167774197002,0.0592167774197002
BH050,143,970165,1.430000901222229,0.5486384486538957,6592,3,5,SHELF_NORMAL_Y_NEG,592.2175591976044,22.738223297176344,4589.433756729741,-22.429323196411133,-153.02545166015625,-4.158304691314697,0.0001139725209213,-0.0007101766532287,-5.248478191788308e-05,0.0,0.0,0.0,0.0,143.3160164671028,0.4037070886397262,0.7909698083287371,0.0531684153416045,0.0531684153416045
BH050,143,970165,1.430000901222229,0.5486384486538957,7690,1,1,SHELF_NORMAL_Y_POS,-310.96755919760443,-21.386331148337096,539.4337567297406,-26.36481666564941,-158.80223083496094,-0.4344292283058166,0.0001032827276503,-0.0007324914913624,-5.483337190526072e-06,0.0,0.0,0.0,0.0,147.4009042040681,0.4152138146593467,1.1826075635157918,0.0568004703988544,0.0568004703988544
BH050,143,970165,1.430000901222229,0.5486384486538957,8803,2,1,SHELF_NORMAL_Y_NEG,1246.8452994616207,24.99568236389409,4860.566243270259,-5.718879699707031,-197.0957946777344,17.11969566345215,0.000259263877524,-0.0009484324255026,0.0002160721633117,0.0,0.0,0.0,0.0,196.5490846186135,0.5536593932918691,-0.0010997196658183,0.0945727636487529,0.0945727636487529
BH050,144,976977,1.440001130104065,0.5569159386182975,5809,3,5,SIDE_NORMAL_X_POS,-1250.0,-24.15470053837925,439.4337567297406,-60.22047805786133,-316.6829833984375,-23.40373039245605,0.0031459636520594,-0.0098520247265696,0.0032406221143901,0.0029770820401608,-0.0084022767841815,0.0035360387992113,0.0103480592370033,294.0867577560354,0.8284134021296772,-0.1322350810654597,0.2279507136881721,0.3142872653204995
BH050,144,976977,1.440001130104065,0.5569159386182975,8857,1,1,SHELF_NORMAL_Y_NEG,1246.8452994616207,25.009422437046773,2189.4337567297407,-95.99980926513672,-377.7687683105469,-29.43075180053711,0.0005490147159434,-0.0031073708087205,-0.0010386905632913,0.0004648624162655,-0.001413352554664,-0.0006672415765933,0.001493502757512,343.8865851415356,0.9686946060324946,0.0058975872839151,0.3213981618344011,0.339188145867252
BH050,144,976977,1.440001130104065,0.5569159386182975,7318,1,1,SHELF_NORMAL_Y_NEG,-29.717559197604437,30.49643744586834,860.5662432702593,20.268970489501957,-152.17929077148438,-10.53944492340088,0.0003200173669029,-0.00076825695578,-0.0001330196391791,0.0,0.0,0.0,0.0,164.27758506886155,0.4627537607573564,-2.677924786862933,0.0624009657140315,0.0624009657140315
BH050,144,976977,1.440001130104065,0.5569159386182975,7687,4,5,SHELF_NORMAL_Y_POS,-392.1574408023956,-20.81674579952917,689.4337567297406,-23.397705078125,-162.8260498046875,-0.0191097985953092,0.0001235395029652,-0.0007563245017081,-2.413986521787592e-07,0.0,0.0,0.0,0.0,152.47957338971187,0.4295199250414419,1.5498713798059942,0.0601279148942358,0.0601279148942358
BH050,144,976977,1.440001130104065,0.5569159386182975,6592,3,5,SHELF_NORMAL_Y_NEG,592.2175591976044,22.738223297176344,4589.433756729741,-23.18230628967285,-156.44776916503906,-4.053382873535156,0.0001153018456534,-0.000725693476852,-5.1160513976356015e-05,0.0,0.0,0.0,0.0,146.40967671798194,0.4124216245576956,0.8046916591256716,0.0555336779600541,0.0555336779600541
BH050,144,976977,1.440001130104065,0.5569159386182975,7690,1,1,SHELF_NORMAL_Y_POS,-310.96755919760443,-21.386331148337096,539.4337567297406,-26.240083694458008,-164.54443359375,-1.0625234842300415,0.0001122511093853,-0.0007605538121424,-1.3410741303232498e-05,0.0,0.0,0.0,0.0,153.1311195625716,0.4313552663734411,1.2234166310628558,0.0611074725979041,0.0611074725979041
BH050,144,976977,1.440001130104065,0.5569159386182975,8803,2,1,SHELF_NORMAL_Y_NEG,1246.8452994616207,24.99568236389409,4860.566243270259,-10.5464506149292,-202.25189208984372,20.84958839416504,0.00024333827605,-0.0009664317476563,0.0002631481620483,0.0,0.0,0.0,0.0,200.46977800010583,0.5647036000002981,-0.0011844993978147,0.0991899476620837,0.0991899476620837
BH050,145,983845,1.4500010013580322,0.5658508546390849,5809,3,5,SIDE_NORMAL_X_POS,-1250.0,-24.15470053837925,439.4337567297406,-28.90179252624512,-277.8537902832031,-88.08513641357422,0.0037499726749956,-0.011034638620913,0.0022934670560061,0.0034855972044169,-0.0097277825698256,0.0034052554983645,0.0121494578197598,305.4251848776887,0.8603526334582781,-0.1363993631554453,0.2267236517052177,0.3142872653204995
BH050,145,983845,1.4500010013580322,0.5658508546390849,8857,1,1,SHELF_NORMAL_Y_NEG,1246.8452994616207,25.009422437046773,2189.4337567297407,-95.27982330322266,-389.61810302734375,-0.2839299142360687,0.0006139520555734,-0.0033274937886744,-0.0007559227524325,0.0005090490449219,-0.0015749188605695,-0.0007523439126089,0.0016677090898156,351.7925649750513,0.990964971760708,0.0068447711792332,0.3364158576293393,0.339188145867252
BH050,145,983845,1.4500010013580322,0.5658508546390849,7318,1,1,SHELF_NORMAL_Y_NEG,-29.717559197604437,30.49643744586834,860.5662432702593,19.715734481811523,-152.374755859375,-11.77662467956543,0.0003176161844749,-0.0007683968869969,-0.0001486341498093,0.0,0.0,0.0,0.0,164.3989759826556,0.463095706993396,-2.724382815208974,0.0625484911314783,0.0625484911314783
BH050,145,983845,1.4500010013580322,0.5658508546390849,7687,4,5,SHELF_NORMAL_Y_POS,-392.1574408023956,-20.81674579952917,689.4337567297406,-23.757722854614254,-164.9143524169922,0.0406321622431278,0.0001248354528797,-0.0007659425027668,5.126276505507121e-07,0.0,0.0,0.0,0.0,154.41239750032798,0.4349645000009239,1.5750530723513751,0.0616734381601005,0.0616734381601005
BH050,145,983845,1.4500010013580322,0.5658508546390849,6592,3,5,SHELF_NORMAL_Y_NEG,592.2175591976044,22.738223297176344,4589.433756729741,-23.26185417175293,-158.08642578125,-3.956810235977173,0.0001173024938907,-0.0007335326517932,-4.994167102267966e-05,0.0,0.0,0.0,0.0,147.99330232977465,0.4168825417740131,0.8494892224429844,0.0567151797981939,0.0567151797981939
BH050,145,983845,1.4500010013580322,0.5658508546390849,7690,1,1,SHELF_NORMAL_Y_POS,-310.96755919760443,-21.386331148337096,539.4337567297406,-29.817462921142575,-170.979248046875,-1.0808104276657104,0.0001042557123582,-0.00078657962149,-1.3641441910294816e-05,0.0,0.0,0.0,0.0,158.2034178592474,0.4456434305894293,1.2483494656173446,0.0656979992750658,0.0656979992750658
BH050,145,983845,1.4500010013580322,0.5658508546390849,8803,2,1,SHELF_NORMAL_Y_NEG,1246.8452994616207,24.99568236389409,4860.566243270259,-10.109955787658691,-207.728271484375,19.20593643188477,0.0002534308296162,-0.0009936483111232,0.0002424028061795,0.0,0.0,0.0,0.0,205.57170603474987,0.579075228266901,-0.0010527060753404,0.1042492625802313,0.1042492625802313
BH050,146,990776,1.4600000381469729,0.5744152907210306,5809,3,5,SIDE_NORMAL_X_POS,-1250.0,-24.15470053837925,439.4337567297406,-11.734216690063477,-295.8240966796875,118.08280181884766,0.0043050809763371,-0.012111896649003,0.0048573003150522,0.0039311647415161,-0.0106928311288356,0.0033669704571366,0.0133683644235134,354.9774193118042,0.9999363924276176,-0.1383923095778751,0.2957087440988083,0.3142872653204995
BH050,146,990776,1.4600000381469729,0.5744152907210306,8857,1,1,SHELF_NORMAL_Y_NEG,1246.8452994616207,25.009422437046773,2189.4337567297407,-105.60848236083984,-385.0600891113281,-10.548416137695312,0.0006381554994732,-0.0035926650743931,-0.0010372623801231,0.0005900264950469,-0.0018772589974105,-0.0009041328448802,0.0019932703580707,345.09798520601163,0.9721070005803144,0.0073440202744809,0.3284229877170503,0.339188145867252
BH050,146,990776,1.4600000381469729,0.5744152907210306,7318,1,1,SHELF_NORMAL_Y_NEG,-29.717559197604437,30.49643744586834,860.5662432702593,19.17304229736328,-156.4770965576172,-11.26894187927246,0.0003209555288776,-0.0007875193259678,-0.0001422265631845,0.0,0.0,0.0,0.0,168.02915354825004,0.4733215592908452,-2.717089107282649,0.0654925918311241,0.0654925918311241
BH050,146,990776,1.4600000381469729,0.5744152907210306,7687,4,5,SHELF_NORMAL_Y_POS,-392.1574408023956,-20.81674579952917,689.4337567297406,-23.628881454467773,-164.21400451660156,-0.5499191880226135,0.0001244418090209,-0.0007627290906384,-6.940945240785368e-06,0.0,0.0,0.0,0.0,153.77020942179138,0.4331555194980039,1.6230502694748985,0.0611558604892802,0.0616734381601005
BH050,146,990776,1.4600000381469729,0.5744152907210306,6592,3,5,SHELF_NORMAL_Y_NEG,592.2175591976044,22.738223297176344,4589.433756729741,-23.623815536499023,-160.85012817382812,-4.070784568786621,0.0001195703298435,-0.0007464221562258,-5.138010965310969e-05,0.0,0.0,0.0,0.0,150.6010242264479,0.4242282372575996,0.8458098914770209,0.0587232545735752,0.0587232545735752
BH050,146,990776,1.4600000381469729,0.5744152907210306,7690,1,1,SHELF_NORMAL_Y_POS,-310.96755919760443,-21.386331148337096,539.4337567297406,-30.952686309814453,-168.62376403808594,0.5241000056266785,9.5313458587043e-05,-0.0007734894752502,6.614724043174647e-06,0.0,0.0,0.0,0.0,155.47832054007563,0.4379671001128891,1.2897997017457772,0.063741330821842,0.0656979992750658
BH050,146,990776,1.4600000381469729,0.5744152907210306,8803,2,1,SHELF_NORMAL_Y_NEG,1246.8452994616207,24.99568236389409,4860.566243270259,-4.403476715087891,-208.0228271484375,13.038593292236328,0.0002815626794472,-0.001003393321298,0.0001645618031034,0.0,0.0,0.0,0.0,207.0914732469089,0.583356262667349,-0.0008776393991876,0.1048158603333747,0.1048158603333747
BH050,147,997714,1.4700013399124146,0.5839781801137541,5809,3,5,SIDE_NORMAL_X_POS,-1250.0,-24.15470053837925,439.4337567297406,11.072684288024902,-298.5438842773437,-40.0427360534668,0.0049348790198564,-0.0131535241380333,0.0026599841658025,0.0044462918303906,-0.0116880387067794,0.0031654117628932,0.0145711423829197,312.03685597283663,0.8789770590784131,-0.1406892936949619,0.2315988407831734,0.3142872653204995
BH050,147,997714,1.4700013399124146,0.5839781801137541,8857,1,1,SHELF_NORMAL_Y_NEG,1246.8452994616207,25.009422437046773,2189.4337567297407,-121.9837417602539,-385.46234130859375,0.6276937127113342,0.0006222369847819,-0.0038467666599899,-0.0010401740437373,0.0006530125974677,-0.0021532624959945,-0.0010480966884642,0.0022945725359022,341.23641821856546,0.9612293470945504,0.0079088446594714,0.3282640150307695,0.339188145867252
BH050,147,997714,1.4700013399124146,0.5839781801137541,7318,1,1,SHELF_NORMAL_Y_NEG,-29.717559197604437,30.49643744586834,860.5662432702593,20.42163848876953,-157.36062622070312,-10.22705078125,0.0003283019177615,-0.0007936193724162,-0.000129076273879,0.0,0.0,0.0,0.0,169.4306628896618,0.4772694729286247,-2.7238828883932062,0.0664539067123283,0.0664539067123283
BH050,147,997714,1.4700013399124146,0.5839781801137541,7687,4,5,SHELF_NORMAL_Y_POS,-392.1574408023956,-20.81674579952917,689.4337567297406,-22.955718994140625,-165.6776580810547,-1.6493576765060425,0.0001298434071941,-0.0007708179764449,-2.0817413314944133e-05,0.0,0.0,0.0,0.0,155.50229194928272,0.4380346252092471,1.6006713185617971,0.0623795121160468,0.0623795121160468
BH050,147,997714,1.4700013399124146,0.5839781801137541,6592,3,5,SHELF_NORMAL_Y_NEG,592.2175591976044,22.738223297176344,4589.433756729741,-24.30959892272949,-163.8406219482422,-4.057147026062012,0.0001205953230964,-0.0007599385571666,-5.120817513670772e-05,0.0,0.0,0.0,0.0,153.30097037961542,0.4318337193791983,0.8399231320863464,0.0608923117235959,0.0608923117235959
BH050,147,997714,1.4700013399124146,0.5839781801137541,7690,1,1,SHELF_NORMAL_Y_POS,-310.96755919760443,-21.386331148337096,539.4337567297406,-30.498788833618164,-168.85279846191406,0.3856347501277923,9.785110160009935e-05,-0.0007752667879685,4.867098141403403e-06,0.0,0.0,0.0,0.0,155.85917992522454,0.4390399434513367,1.2639021457838189,0.0639624675799789,0.0656979992750658
BH050,147,997714,1.4700013399124146,0.5839781801137541,8803,2,1,SHELF_NORMAL_Y_NEG,1246.8452994616207,24.99568236389409,4860.566243270259,-20.881391525268555,-217.21360778808597,13.632564544677734,0.0002149578795069,-0.0010240088449791,0.0001720586587907,0.0,0.0,0.0,0.0,208.9009381972787,0.5884533470345878,-0.0012661098590159,0.1101410925848794,0.1101410925848794
BH050,148,1004685,1.4800009727478027,0.5929036373174634,5809,3,5,SIDE_NORMAL_X_POS,-1250.0,-24.15470053837925,439.4337567297406,42.07185745239258,-287.159912109375,-10.24750518798828,0.0056205228902399,-0.0140994703397154,0.0029924144037067,0.0049980306066572,-0.0126440785825252,0.0031217692885547,0.0156990382820367,310.8492259732991,0.8756316224599975,-0.1450270290205972,0.2227444233130487,0.3142872653204995
BH050,148,1004685,1.4800009727478027,0.5929036373174634,8857,1,1,SHELF_NORMAL_Y_NEG,1246.8452994616207,25.009422437046773,2189.4337567297407,-124.68244934082033,-390.0666809082031,34.21281051635742,0.000664762686938,-0.0041133207269012,-0.0007382900803349,0.0007019323529675,-0.0024013968650251,-0.0011701032053679,0.0025669115129858,350.10685334162446,0.986216488286266,0.0089401760136292,0.3435792253195112,0.3435792253195112
BH050,148,1004685,1.4800009727478027,0.5929036373174634,7318,1,1,SHELF_NORMAL_Y_NEG,-29.717559197604437,30.49643744586834,860.5662432702593,18.273162841796875,-167.4132080078125,-11.39059352874756,0.0003325113211758,-0.0008392898016609,-0.0001437617320334,0.0,0.0,0.0,0.0,178.35216951390228,0.5024004775039501,-2.7894860107341115,0.0741102810920011,0.0741102810920011
BH050,148,1004685,1.4800009727478027,0.5929036373174634,7687,4,5,SHELF_NORMAL_Y_POS,-392.1574408023956,-20.81674579952917,689.4337567297406,-24.85713768005371,-171.596435546875,-0.0630355030298233,0.0001292336237384,-0.0007967822020873,-7.958817036524124e-07,0.0,0.0,0.0,0.0,160.61702799724182,0.4524423323865967,1.6388007778088425,0.0667554090025617,0.0667554090025617
BH050,148,1004685,1.4800009727478027,0.5929036373174634,6592,3,5,SHELF_NORMAL_Y_NEG,592.2175591976044,22.738223297176344,4589.433756729741,-24.297216415405277,-165.80133056640625,-4.008284091949463,0.0001235112431459,-0.0007694741943851,-5.059137038188055e-05,0.0,0.0,0.0,0.0,155.2421468431784,0.4373018220934603,0.8645022483366248,0.062390626310573,0.062390626310573
BH050,148,1004685,1.4800009727478027,0.5929036373174634,7690,1,1,SHELF_NORMAL_Y_POS,-310.96755919760443,-21.386331148337096,539.4337567297406,-30.26133155822754,-170.5559539794922,0.820479154586792,0.0001014845256577,-0.0007838833844289,1.0355373888160102e-05,0.0,0.0,0.0,0.0,157.62566704397403,0.4440159635041522,1.3026695150714611,0.0653176855515819,0.0656979992750658
BH050,148,1004685,1.4800009727478027,0.5929036373174634,8803,2,1,SHELF_NORMAL_Y_NEG,1246.8452994616207,24.99568236389409,4860.566243270259,-7.561681747436523,-216.0264434814453,17.292165756225586,0.0002778884081635,-0.0010376452701166,0.0002182474709115,0.0,0.0,0.0,0.0,214.44844855833455,0.604080136784041,-0.0009382892901585,0.1129141579334409,0.1129141579334409
BH050,149,1011604,1.490001201629639,0.6010352283564205,5809,3,5,SIDE_NORMAL_X_POS,-1250.0,-24.15470053837925,439.4337567297406,45.09310150146485,-267.9230651855469,91.81478881835938,0.0063516595400869,-0.0152130285277962,0.00427090190351,0.005742528475821,-0.0138466395437717,0.0031120970379561,0.0171527657657861,333.447904434434,0.939289871646293,-0.1468979181732208,0.2499915913705109,0.3142872653204995
BH050,149,1011604,1.490001201629639,0.6010352283564205,8857,1,1,SHELF_NORMAL_Y_NEG,1246.8452994616207,25.009422437046773,2189.4337567297407,-124.50592803955078,-389.5690612792969,-15.99014949798584,0.0007134891347959,-0.004362225998193,-0.0014844039687886,0.0007505248649977,-0.0026524644345045,-0.0012825882295146,0.0028411420062184,345.72991880346524,0.9738870952210288,0.0092829506069799,0.3369463865087369,0.3435792253195112
BH050,149,1011604,1.490001201629639,0.6010352283564205,7318,1,1,SHELF_NORMAL_Y_NEG,-29.717559197604437,30.49643744586834,860.5662432702593,22.77134704589844,-169.39854431152344,-13.338488578796388,0.0003572368295863,-0.0008554754313081,-0.0001683455921011,0.0,0.0,0.0,0.0,183.31824768810023,0.5163894301073246,-3.0068623173630185,0.0776474046618549,0.0776474046618549
BH050,149,1011604,1.490001201629639,0.6010352283564205,7687,4,5,SHELF_NORMAL_Y_POS,-392.1574408023956,-20.81674579952917,689.4337567297406,-25.462684631347656,-173.09771728515625,0.8106682896614075,0.0001284791069338,-0.0008031862671487,1.023140885081375e-05,0.0,0.0,0.0,0.0,161.881459721479,0.4560041118914901,1.6737649520503155,0.0678822186677676,0.0678822186677676
BH050,149,1011604,1.490001201629639,0.6010352283564205,6592,3,5,SHELF_NORMAL_Y_NEG,592.2175591976044,22.738223297176344,4589.433756729741,-24.51065826416016,-167.9254913330078,-4.435050010681152,0.0001255676470464,-0.0007794709526933,-5.597779818344861e-05,0.0,0.0,0.0,0.0,157.2984033035991,0.4430940938129551,0.8831841964401972,0.0640312663463793,0.0640312663463793
BH050,149,1011604,1.490001201629639,0.6010352283564205,7690,1,1,SHELF_NORMAL_Y_POS,-310.96755919760443,-21.386331148337096,539.4337567297406,-31.18634033203125,-173.11126708984375,0.772815465927124,0.0001007155005936,-0.0007949444698169,9.753867743711451e-06,0.0,0.0,0.0,0.0,159.8223496799387,0.4502038019153203,1.3216872359977672,0.0672415332709742,0.0672415332709742
BH050,149,1011604,1.490001201629639,0.6010352283564205,8803,2,1,SHELF_NORMAL_Y_NEG,1246.8452994616207,24.99568236389409,4860.566243270259,-8.688745498657227,-219.4115295410156,21.56939125061035,0.000277347076917,-0.0010524315293878,0.0002722312929108,0.0,0.0,0.0,0.0,218.4175326547325,0.6152606553654436,-0.0010654530101453,0.1171866876846113,0.1171866876846113
BH050,150,1018568,1.5000008344650269,0.6103837354829954,5809,3,5,SIDE_NORMAL_X_POS,-1250.0,-24.15470053837925,439.4337567297406,35.90427780151367,-277.2021179199219,91.71131896972656,0.0069229556247591,-0.0162476450204849,0.0043371152132749,0.0063449065200984,-0.0148495687171816,0.0031796193215996,0.0183611270040273,336.6240800569741,0.9482368452309132,-0.1437096099539618,0.2572501879618684,0.3142872653204995
BH050,150,1018568,1.5000008344650269,0.6103837354829954,8857,1,1,SHELF_NORMAL_Y_NEG,1246.8452994616207,25.009422437046773,2189.4337567297407,-140.25160217285156,-396.854736328125,-37.798824310302734,0.0006771484040655,-0.0045379782095551,-0.0018269154243171,0.0007800097810104,-0.0028157662600278,-0.0013498493935912,0.0030195445287972,354.6701769474517,0.9990709209787372,0.0095016003487747,0.3579579505668426,0.3579579505668426
BH050,150,1018568,1.5000008344650269,0.6103837354829954,7318,1,1,SHELF_NORMAL_Y_NEG,-29.717559197604437,30.49643744586834,860.5662432702593,23.20146942138672,-167.7035369873047,-13.078081130981444,0.0003568567626643,-0.0008478754898533,-0.0001650591002544,0.0,0.0,0.0,0.0,181.8429586341983,0.5122336862935164,-3.0692028852297617,0.0763142971999787,0.0776474046618549
BH050,150,1018568,1.5000008344650269,0.6103837354829954,7687,4,5,SHELF_NORMAL_Y_POS,-392.1574408023956,-20.81674579952917,689.4337567297406,-27.35477828979492,-172.5647735595703,0.0289829075336456,0.0001185171931865,-0.0007978463545441,3.65490336662333e-07,0.0,0.0,0.0,0.0,160.64375608042067,0.4525176227617484,1.7792596566940198,0.0672182607805196,0.0678822186677676
BH050,150,1018568,1.5000008344650269,0.6103837354829954,6592,3,5,SHELF_NORMAL_Y_NEG,592.2175591976044,22.738223297176344,4589.433756729741,-25.43391990661621,-171.2854461669922,-4.683437347412109,0.0001259785203728,-0.0007944376557134,-5.911264452151954e-05,0.0,0.0,0.0,0.0,160.29638731931186,0.4515391192093292,0.8797496974077619,0.0665737143822427,0.0665737143822427
BH050,150,1018568,1.5000008344650269,0.6103837354829954,7690,1,1,SHELF_NORMAL_Y_POS,-310.96755919760443,-21.386331148337096,539.4337567297406,-33.64727020263672,-171.22825622558594,2.821574687957764,8.60269065015018e-05,-0.000782222719863,3.56119307980407e-05,0.0,0.0,0.0,0.0,157.20615436348135,0.4428342376436094,1.4086465215372532,0.0655738254897442,0.0672415332709742
BH050,150,1018568,1.5000008344650269,0.6103837354829954,8803,2,1,SHELF_NORMAL_Y_NEG,1246.8452994616207,24.99568236389409,4860.566243270259,-15.986490249633787,-224.3657073974609,21.59600067138672,0.0002491358900442,-0.0010658539831638,0.0002725672966334,0.0,0.0,0.0,0.0,220.0179085160992,0.619768756383378,-0.001307290649959,0.1205202369097429,0.1205202369097429
BH050,151,1025504,1.5100008249282837,0.6185134841247172,5809,3,5,SIDE_NORMAL_X_POS,-1250.0,-24.15470053837925,439.4337567297406,43.76089096069336,-276.00714111328125,112.49078369140624,0.0073924087919294,-0.0169928651303052,0.0047999154776334,0.0067779687233269,-0.0155891273170709,0.0033801503013819,0.0192236807197332,357.9606195887359,1.0083397734893969,-0.1407828860225717,0.2870435008369333,0.3142872653204995
BH050,151,1025504,1.5100008249282837,0.6185134841247172,8857,1,1,SHELF_NORMAL_Y_NEG,1246.8452994616207,25.009422437046773,2189.4337567297407,-140.0091552734375,-401.0935363769531,5.749062538146973,0.0006987671367824,-0.0046405289322137,-0.001301250536926,0.000794272229541,-0.0028973752632737,-0.0013738184934481,0.003107844851911,352.7335771232749,0.9936157102064084,0.0098818721851382,0.3564747493489793,0.3579579505668426
BH050,151,1025504,1.5100008249282837,0.6185134841247172,7318,1,1,SHELF_NORMAL_Y_NEG,-29.717559197604437,30.49643744586834,860.5662432702593,26.03400611877441,-159.54364013671875,-13.953145027160645,0.0003587215906009,-0.0008123877923935,-0.0001761032181093,0.0,0.0,0.0,0.0,175.69739171269734,0.4949222301766122,-3.238386084928047,0.0707029125670869,0.0776474046618549
BH050,151,1025504,1.5100008249282837,0.6185134841247172,7687,4,5,SHELF_NORMAL_Y_POS,-392.1574408023956,-20.81674579952917,689.4337567297406,-37.72403335571289,-168.74459838867188,2.377675771713257,6.261684029595926e-05,-0.0007641984266228,3.000933247676585e-05,0.0,0.0,0.0,0.0,153.45707981710277,0.4322734642735289,1.879793497194846,0.0633307707711099,0.0678822186677676
BH050,151,1025504,1.5100008249282837,0.6185134841247172,6592,3,5,SHELF_NORMAL_Y_NEG,592.2175591976044,22.738223297176344,4589.433756729741,-26.069000244140625,-174.13742065429688,-4.388443946838379,0.0001270495849894,-0.0008073553326539,-5.538928598980419e-05,0.0,0.0,0.0,0.0,162.85460050343465,0.4587453535308017,0.9355944712204172,0.0687602561026082,0.0687602561026082
BH050,151,1025504,1.5100008249282837,0.6185134841247172,7690,1,1,SHELF_NORMAL_Y_POS,-310.96755919760443,-21.386331148337096,539.4337567297406,-54.03972244262695,-207.66012573242188,8.0093994140625,4.00907920266036e-05,-0.0009293796611018,0.0001010899213724,0.0,0.0,0.0,0.0,187.1191473388608,0.5270961896869317,1.571259943839705,0.095821103319962,0.095821103319962
BH050,151,1025504,1.5100008249282837,0.6185134841247172,8803,2,1,SHELF_NORMAL_Y_NEG,1246.8452994616207,24.99568236389409,4860.566243270259,-6.027722358703613,-224.4564666748047,24.838542938232425,0.0002976132673211,-0.0010807958897203,0.0003134917351417,0.0,0.0,0.0,0.0,225.64338512822223,0.635615169375274,-0.0009746368590809,0.1242898587190488,0.1242898587190488
BH050,152,1032411,1.520000457763672,0.6258497406504598,5809,3,5,SIDE_NORMAL_X_POS,-1250.0,-24.15470053837925,439.4337567297406,40.85013961791992,-283.6469421386719,107.76266479492188,0.00774697214365,-0.0176366325467824,0.0050818184390664,0.0071355435065925,-0.0162000246345996,0.0037217384669929,0.0199221037328243,358.5383029065256,1.009967050440917,-0.1345732873809331,0.2895424484473221,0.3142872653204995
BH050,152,1032411,1.520000457763672,0.6258497406504598,8857,1,1,SHELF_NORMAL_Y_NEG,1246.8452994616207,25.009422437046773,2189.4337567297407,-135.00234985351562,-400.3343811035156,11.368326187133787,0.0007286761538125,-0.0046823108568787,-0.0012374381767585,0.0008009782759472,-0.002935548312962,-0.0013809341471642,0.0031488169915974,353.3198062722633,0.9952670599218684,0.0098379432057632,0.3553376227619686,0.3579579505668426
BH050,152,1032411,1.520000457763672,0.6258497406504598,7318,1,1,SHELF_NORMAL_Y_NEG,-29.717559197604437,30.49643744586834,860.5662432702593,26.67026138305664,-169.12649536132812,-14.00313949584961,0.0003757660742849,-0.0008598330896347,-0.0001767335779732,0.0,0.0,0.0,0.0,185.5100694322373,0.5225635758654572,-3.447006978949021,0.0789577158899758,0.0789577158899758
BH050,152,1032411,1.520000457763672,0.6258497406504598,7687,4,5,SHELF_NORMAL_Y_POS,-392.1574408023956,-20.81674579952917,689.4337567297406,-44.369266510009766,-193.62327575683597,-12.56063747406006,6.658933853032067e-05,-0.0008752888534218,-0.0001585322752362,0.0,0.0,0.0,0.0,177.03386919488634,0.4986869554785531,1.9032841888959744,0.0842551479711093,0.0842551479711093
BH050,152,1032411,1.520000457763672,0.6258497406504598,6592,3,5,SHELF_NORMAL_Y_NEG,592.2175591976044,22.738223297176344,4589.433756729741,-25.83733940124512,-175.10165405273438,-4.422854423522949,0.000129578722408,-0.0008123743464238,-5.5823584261816e-05,0.0,0.0,0.0,0.0,163.89838747716138,0.4616855985272151,0.9033560220748544,0.0695729415728067,0.0695729415728067
BH050,152,1032411,1.520000457763672,0.6258497406504598,7690,1,1,SHELF_NORMAL_Y_POS,-310.96755919760443,-21.386331148337096,539.4337567297406,-38.2966423034668,-257.83740234375,-20.8925838470459,0.0001895898894872,-0.0011958950199186,-0.0002636919962242,0.0,0.0,0.0,0.0,243.68412395660164,0.6864341519904271,0.2066382050533774,0.1533011452146987,0.1533011452146987
BH050,152,1032411,1.520000457763672,0.6258497406504598,8803,2,1,SHELF_NORMAL_Y_NEG,1246.8452994616207,24.99568236389409,4860.566243270259,-8.767478942871094,-226.95416259765625,21.305030822753903,0.0002879496605601,-0.0010889308759942,0.0002688934619072,0.0,0.0,0.0,0.0,225.7364786225759,0.6358774045706364,-0.0012637296385467,0.125168473461233,0.125168473461233
BH050,153,1039335,1.530000925064087,0.6354342825171714,5809,3,5,SIDE_NORMAL_X_POS,-1250.0,-24.15470053837925,439.4337567297406,46.93804550170898,-302.76470947265625,65.26791381835938,0.008088644593954,-0.0182060543447732,0.0046498328447341,0.0074198059737682,-0.0166677422821521,0.0038260782603174,0.0204528681933879,347.6500177617197,0.9792958246809006,-0.137698528300243,0.275487609506178,0.3142872653204995
BH050,153,1039335,1.530000925064087,0.6354342825171714,8857,1,1,SHELF_NORMAL_Y_NEG,1246.8452994616207,25.009422437046773,2189.4337567297407,-134.71620178222656,-400.5125732421875,2.284825801849365,0.0007361229509115,-0.0047165188007056,-0.0013578282669186,0.0008067755261436,-0.0029684826731681,-0.0013866783119738,0.0031841380987316,353.01402946813494,0.9944057168116476,0.0097151763109848,0.3548423974094764,0.3579579505668426
BH050,153,1039335,1.530000925064087,0.6354342825171714,7318,1,1,SHELF_NORMAL_Y_NEG,-29.717559197604437,30.49643744586834,860.5662432702593,28.027576446533203,-172.6075897216797,-13.89572048187256,0.0003874258836731,-0.0008787115220911,-0.0001753778051352,0.0,0.0,0.0,0.0,189.7260409914811,0.5344395520886792,-3.595417485567993,0.082483360131892,0.082483360131892
BH050,153,1039335,1.530000925064087,0.6354342825171714,7687,4,5,SHELF_NORMAL_Y_POS,-392.1574408023956,-20.81674579952917,689.4337567297406,-21.712202072143555,-79.03520202636719,30.15440559387207,9.700124792288989e-06,-0.0003520317550282,0.0003805895685218,0.0,0.0,0.0,0.0,87.91938996103377,0.2476602534113627,1.971221886422907,0.0195438023099547,0.0842551479711093
BH050,153,1039335,1.530000925064087,0.6354342825171714,6592,3,5,SHELF_NORMAL_Y_NEG,592.2175591976044,22.738223297176344,4589.433756729741,-26.70102310180664,-178.6320343017578,-4.323584079742432,0.0001305281184613,-0.000828260090202,-5.457080260384828e-05,0.0,0.0,0.0,0.0,167.0591822580772,0.4705892457974005,0.933400621288118,0.0723521709839739,0.0723521709839739
BH050,153,1039335,1.530000925064087,0.6354342825171714,7690,1,1,SHELF_NORMAL_Y_POS,-310.96755919760443,-21.386331148337096,539.4337567297406,159.51361083984375,120.57876586914062,-16.705217361450195,0.0005987422773614,0.0003530081885401,-0.0002108416374539,0.0,0.0,0.0,0.0,146.92538701181397,0.4138743296107435,-2.6029006880553736,0.0707963845233499,0.1533011452146987
BH050,153,1039335,1.530000925064087,0.6354342825171714,8803,2,1,SHELF_NORMAL_Y_NEG,1246.8452994616207,24.99568236389409,4860.566243270259,-18.52185440063477,-231.44027709960935,23.86156463623047,0.0002471310726832,-0.0010965018300339,0.0003011605876963,0.0,0.0,0.0,0.0,226.5592210442289,0.6381949888569828,-0.001301197635955,0.1281893201942532,0.1281893201942532
BH050,154,1046256,1.5400011539459229,0.6440767208854327,5809,3,5,SIDE_NORMAL_X_POS,-1250.0,-24.15470053837925,439.4337567297406,40.32494354248047,-321.5221862792969,-70.03801727294922,0.0084304707124829,-0.0188366193324327,0.0031849918887019,0.0077663986012339,-0.0172168612480163,0.0040689832530915,0.0211011506617069,364.2580856226372,1.026079114429964,-0.1392122794721128,0.3047815925303551,0.3142872653204995
BH050,154,1046256,1.5400011539459229,0.6440767208854327,8857,1,1,SHELF_NORMAL_Y_NEG,1246.8452994616207,25.009422437046773,2189.4337567297407,-147.0024871826172,-403.9234924316406,-1.5701605081558228,0.0006888493080623,-0.0047572450712323,-0.0014132163487374,0.0008141766884364,-0.0030105598270893,-0.0013934118906036,0.0032292369287461,354.1095270804968,0.9974916255788642,0.0095957619057935,0.3619825278703239,0.3619825278703239
BH050,154,1046256,1.5400011539459229,0.6440767208854327,7318,1,1,SHELF_NORMAL_Y_NEG,-29.717559197604437,30.49643744586834,860.5662432702593,26.259357452392575,-176.58624267578125,-13.525571823120115,0.0003846378822345,-0.0008954562363214,-0.0001707060873741,0.0,0.0,0.0,0.0,192.5048557911926,0.5422671994118101,-3.5991571015213326,0.0852671958654243,0.0852671958654243
BH050,154,1046256,1.5400011539459229,0.6440767208854327,7687,4,5,SHELF_NORMAL_Y_POS,-392.1574408023956,-20.81674579952917,689.4337567297406,-89.69305419921875,-150.28025817871094,104.57144165039062,-0.0002165487530874,-0.0005988783668726,0.0013198322849348,0.0,0.0,0.0,0.0,223.50718971539027,0.6295977175081416,-0.336693469657867,0.1237183390831323,0.1237183390831323
BH050,154,1046256,1.5400011539459229,0.6440767208854327,6592,3,5,SHELF_NORMAL_Y_NEG,592.2175591976044,22.738223297176344,4589.433756729741,-26.468318939208984,-181.0058135986328,-4.606031894683838,0.000135115275043,-0.0008401227532885,-5.8135537983616814e-05,0.0,0.0,0.0,0.0,169.51815079582366,0.4775159177347145,0.9235851517043911,0.0743792697148666,0.0743792697148666
BH050,154,1046256,1.5400011539459229,0.6440767208854327,7690,1,1,SHELF_NORMAL_Y_POS,-310.96755919760443,-21.386331148337096,539.4337567297406,315.0787353515625,243.6313934326172,5.564956188201904,0.0011747095268219,0.0007238010293804,7.023812213446945e-05,0.0,0.0,0.0,0.0,286.2877926389816,0.8064444863069903,-4.340097603503541,0.2734265922293558,0.2734265922293558
BH050,154,1046256,1.5400011539459229,0.6440767208854327,8803,2,1,SHELF_NORMAL_Y_NEG,1246.8452994616207,24.99568236389409,4860.566243270259,-12.417536735534668,-232.65577697753903,19.553810119628903,0.0002785341639537,-0.0011112976353615,0.0002467918093316,0.0,0.0,0.0,0.0,229.2181244858951,0.6456848577067468,-0.0012534799728,0.1299566018975198,0.1299566018975198
BH050,155,1053178,1.5500003099441528,0.6528815644725559,5809,3,5,SIDE_NORMAL_X_POS,-1250.0,-24.15470053837925,439.4337567297406,29.79758071899414,-316.43927001953125,7.726054668426514,0.0088268518447875,-0.0195490885525941,0.0043829414062201,0.0082212574779987,-0.0179693326354026,0.004285461269319,0.0219956096261739,332.6107452871658,0.9369316768652558,-0.1378764686479035,0.2593884491262399,0.3142872653204995
BH050,155,1053178,1.5500003099441528,0.6528815644725559,8857,1,1,SHELF_NORMAL_Y_NEG,1246.8452994616207,25.009422437046773,2189.4337567297407,-140.27401733398438,-401.2485046386719,0.0607255361974239,0.0007253265357576,-0.0047968598082661,-0.0014010587474331,0.0008218822185881,-0.0030533492099493,-0.0014018367510288,0.0032751171384006,352.69311558582643,0.9935017340445816,0.0093252407910921,0.3565565637303762,0.3619825278703239
BH050,155,1053178,1.5500003099441528,0.6528815644725559,7318,1,1,SHELF_NORMAL_Y_NEG,-29.717559197604437,30.49643744586834,860.5662432702593,28.63706398010254,-183.2855529785156,-14.32817268371582,0.0004059350758325,-0.000931438000407,-0.0001808359520509,0.0,0.0,0.0,0.0,200.69460647630297,0.5653369196515576,-3.748225074605329,0.0924672421552232,0.0924672421552232
BH050,155,1053178,1.5500003099441528,0.6528815644725559,7687,4,5,SHELF_NORMAL_Y_POS,-392.1574408023956,-20.81674579952917,689.4337567297406,-114.95812225341795,-258.2728881835937,81.38038635253906,-0.0001819199096644,-0.0010863245697692,0.0010271280771121,0.0,0.0,0.0,0.0,264.76025048492374,0.745803522492743,-1.906746040774974,0.1925327607927006,0.1925327607927006
BH050,155,1053178,1.5500003099441528,0.6528815644725559,6592,3,5,SHELF_NORMAL_Y_NEG,592.2175591976044,22.738223297176344,4589.433756729741,-28.166383743286133,-185.1816253662109,-4.318146228790283,0.0001329535152763,-0.0008579226559959,-5.4502044804394245e-05,0.0,0.0,0.0,0.0,172.99023667460327,0.4872964413369106,0.9807293754476732,0.0776811610148767,0.0776811610148767
BH050,155,1053178,1.5500003099441528,0.6528815644725559,7690,1,1,SHELF_NORMAL_Y_POS,-310.96755919760443,-21.386331148337096,539.4337567297406,214.94796752929688,72.39112854003906,18.464405059814453,0.0009380283299833,3.835972165688872e-05,0.0002330454153707,0.0,0.0,0.0,0.0,192.10825347204985,0.5411500097804222,-2.8862693508671207,0.1043544700852802,0.2734265922293558
BH050,155,1053178,1.5500003099441528,0.6528815644725559,8803,2,1,SHELF_NORMAL_Y_NEG,1246.8452994616207,24.99568236389409,4860.566243270259,-15.481225967407228,-234.7638397216797,19.715600967407227,0.0002667343069333,-0.0011170714860782,0.0002488339960109,0.0,0.0,0.0,0.0,229.96828370697344,0.6477979822731647,-0.0013279680310371,0.1315106883404074,0.1315106883404074
BH050,156,1060118,1.560001254081726,0.6621235935885774,5809,3,5,SIDE_NORMAL_X_POS,-1250.0,-24.15470053837925,439.4337567297406,7.910340309143066,-327.8552551269531,-4.646714687347412,0.0091949179768562,-0.0204021669924259,0.0044230376370251,0.0086789419874548,-0.018798841163516,0.0044817314483225,0.0230153538286685,331.9787106284346,0.9351512975448862,-0.1391332548917165,0.2650522875586921,0.3142872653204995
BH050,156,1060118,1.560001254081726,0.6621235935885774,8857,1,1,SHELF_NORMAL_Y_NEG,1246.8452994616207,25.009422437046773,2189.4337567297407,-144.2587432861328,-398.4407043457031,-32.81916427612305,0.0007178284577094,-0.0048640291206538,-0.0018394372891634,0.0008378172642551,-0.0031399694271385,-0.0014252257533371,0.0033683381043374,354.00327292610035,0.9971923181016912,0.0093983735375245,0.358909700177531,0.3619825278703239
BH050,156,1060118,1.560001254081726,0.6621235935885774,7318,1,1,SHELF_NORMAL_Y_NEG,-29.717559197604437,30.49643744586834,860.5662432702593,26.720632553100582,-190.28158569335935,-13.732874870300291,0.0004068220150656,-0.0009626119281165,-0.0001733214885462,0.0,0.0,0.0,0.0,206.32812204728813,0.5812059775979947,-3.807955956691889,0.0982091372237413,0.0982091372237413
BH050,156,1060118,1.560001254081726,0.6621235935885774,7687,4,5,SHELF_NORMAL_Y_POS,-392.1574408023956,-20.81674579952917,689.4337567297406,-126.64126586914062,-366.381103515625,49.07755279541016,-7.120366353774443e-05,-0.0016591179883107,0.0006602695793844,9.984761163650546e-06,-6.500323070213199e-05,4.084933243575506e-05,7.388753874693066e-05,333.3166288376157,0.9389200812327204,-3.114274479343972,0.312365737239388,0.312365737239388
BH050,156,1060118,1.560001254081726,0.6621235935885774,6592,3,5,SHELF_NORMAL_Y_NEG,592.2175591976044,22.738223297176344,4589.433756729741,-28.84039306640625,-188.1316070556641,-5.077333450317383,0.0001339794398518,-0.0008712647831998,-6.408412446035072e-05,0.0,0.0,0.0,0.0,175.71800788413435,0.49498030389897,0.9750478458812896,0.0801873385421492,0.0801873385421492
BH050,156,1060118,1.560001254081726,0.6621235935885774,7690,1,1,SHELF_NORMAL_Y_POS,-310.96755919760443,-21.386331148337096,539.4337567297406,138.7572784423828,-64.46044158935547,23.90059280395508,0.0007674702792428,-0.0005150113720446,0.0003016572445631,0.0,0.0,0.0,0.0,184.57194072205615,0.51992095978044,-1.7974532181021607,0.0734517643673267,0.2734265922293558
BH050,156,1060118,1.560001254081726,0.6621235935885774,8803,2,1,SHELF_NORMAL_Y_NEG,1246.8452994616207,24.99568236389409,4860.566243270259,-18.38325881958008,-239.18618774414065,25.32450485229492,0.0002590883523225,-0.0011343152727931,0.000319626647979,0.0,0.0,0.0,0.0,234.6805203997031,0.661071888449868,-0.0014560090870388,0.1373206871944394,0.1373206871944394
BH050,157,1067037,1.5700007677078247,0.6710533999544732,5809,3,5,SIDE_NORMAL_X_POS,-1250.0,-24.15470053837925,439.4337567297406,0.9457560181617736,-326.9977111816406,39.51580047607422,0.0096598928794264,-0.021337179467082,0.0049733654595911,0.00917898863554,-0.0197481606155633,0.0044746603816747,0.0241658966988325,334.5476843254896,0.9423878431703931,-0.1414527099591145,0.2699276427985901,0.3142872653204995
BH050,157,1067037,1.5700007677078247,0.6710533999544732,8857,1,1,SHELF_NORMAL_Y_NEG,1246.8452994616207,25.009422437046773,2189.4337567297407,-144.85267639160156,-395.7692260742188,30.79524803161621,0.0007375665591098,-0.004997381940484,-0.0010903098154813,0.0008643298642709,-0.0032871235162019,-0.0014789997367188,0.0035283144097775,350.90224912202973,0.9884570397803656,0.0094036603819924,0.3535966874681393,0.3619825278703239
BH050,157,1067037,1.5700007677078247,0.6710533999544732,7318,1,1,SHELF_NORMAL_Y_NEG,-29.717559197604437,30.49643744586834,860.5662432702593,30.095577239990234,-182.78636169433597,-13.091343879699709,0.0004122909449506,-0.0009311445755884,-0.000165224133525,0.0,0.0,0.0,0.0,200.827808610708,0.5657121369315717,-3.896701129501387,0.0923861570495295,0.0982091372237413
BH050,157,1067037,1.5700007677078247,0.6710533999544732,7687,4,5,SHELF_NORMAL_Y_POS,-392.1574408023956,-20.81674579952917,689.4337567297406,-156.84458923339844,-399.7419738769531,12.07004165649414,-0.0001692439545877,-0.0017770705744624,0.0001931859151227,9.984761163650546e-06,-6.500323070213199e-05,4.084933243575506e-05,7.388753874693066e-05,349.4761263312933,0.9844397924825165,-3.629595539997901,0.3571644698394131,0.3571644698394131
BH050,157,1067037,1.5700007677078247,0.6710533999544732,6592,3,5,SHELF_NORMAL_Y_NEG,592.2175591976044,22.738223297176344,4589.433756729741,-23.71860694885254,-173.8833465576172,-4.2520599365234375,0.0001380916219204,-0.0008095604134723,-5.366817640606314e-05,0.0,0.0,0.0,0.0,163.48687964124426,0.4605264215246317,0.9710625015529116,0.0688616515208754,0.0801873385421492
BH050,157,1067037,1.5700007677078247,0.6710533999544732,7690,1,1,SHELF_NORMAL_Y_POS,-310.96755919760443,-21.386331148337096,539.4337567297406,72.7097396850586,-141.68228149414062,25.85270881652832,0.0005593092646449,-0.0007936886977404,0.0003262932586949,0.0,0.0,0.0,0.0,194.0807682366665,0.5467063893990606,-0.982230708983164,0.0807793560120943,0.2734265922293558
BH050,157,1067037,1.5700007677078247,0.6710533999544732,8803,2,1,SHELF_NORMAL_Y_NEG,1246.8452994616207,24.99568236389409,4860.566243270259,-15.502484321594238,-239.05319213867188,20.405941009521484,0.0002728790859691,-0.0011378664057701,0.0002575465478003,0.0,0.0,0.0,0.0,234.37159515206923,0.6602016764847021,-0.0012870251668784,0.1365167166505032,0.1373206871944394
BH050,158,1073989,1.580000400543213,0.6785555491543084,5809,3,5,SIDE_NORMAL_X_POS,-1250.0,-24.15470053837925,439.4337567297406,23.457260131835938,-306.7510681152344,-115.51080322265624,0.0105028403922915,-0.022666297852993,0.003164489287883,0.0099420901387929,-0.0211428217589855,0.0046224291436374,0.0258999448269605,376.65665721802526,1.0610046682197896,-0.1345848376431082,0.3244842401781471,0.3244842401781471
BH050,158,1073989,1.580000400543213,0.6785555491543084,8857,1,1,SHELF_NORMAL_Y_NEG,1246.8452994616207,25.009422437046773,2189.4337567297407,-151.0624542236328,-397.5663757324219,30.122095108032227,0.0007386700599454,-0.0051620276644825,-0.0011639848817139,0.0008929549949243,-0.0034520863555371,-0.0015441779978573,0.0037086212541908,351.48763505312365,0.9901060142341512,0.0098283925071194,0.357283843488778,0.3619825278703239
BH050,158,1073989,1.580000400543213,0.6785555491543084,7318,1,1,SHELF_NORMAL_Y_NEG,-29.717559197604437,30.49643744586834,860.5662432702593,33.777061462402344,-186.365234375,-13.48812770843506,0.0004353755793999,-0.0009538821177557,-0.0001702321169432,0.0,0.0,0.0,0.0,206.67256520365768,0.5821762400103033,-4.122042998940116,0.0973867764777304,0.0982091372237413
BH050,158,1073989,1.580000400543213,0.6785555491543084,7687,4,5,SHELF_NORMAL_Y_POS,-392.1574408023956,-20.81674579952917,689.4337567297406,-158.17758178710938,-397.1833190917969,-22.04900550842285,-0.0001716161204967,-0.0018197990721091,-0.0002322334185009,1.7804319213610142e-05,-0.0001220861595356,4.605865979101509e-05,0.0001358563604298,348.43609935884507,0.9815101390390002,-2.8954555700749864,0.3551988300277834,0.3571644698394131
BH050,158,1073989,1.580000400543213,0.6785555491543084,6592,3,5,SHELF_NORMAL_Y_NEG,592.2175591976044,22.738223297176344,4589.433756729741,31.344297409057617,64.31769561767578,-18.20270347595215,5.849289664183743e-05,0.0002665637875907,-0.0002297441096743,0.0,0.0,0.0,0.0,64.00978996239635,0.180309267499708,0.7279174465250063,0.0115797749132288,0.0801873385421492
BH050,158,1073989,1.580000400543213,0.6785555491543084,7690,1,1,SHELF_NORMAL_Y_POS,-310.96755919760443,-21.386331148337096,539.4337567297406,-31.519012451171875,-251.08436584472656,35.12002944946289,0.0002126702456735,-0.0011729787802323,0.0004432590794749,0.0,0.0,0.0,0.0,244.58766336384284,0.6889793334192756,0.5730917492327317,0.1516930524993218,0.2734265922293558
BH050,158,1073989,1.580000400543213,0.6785555491543084,8803,2,1,SHELF_NORMAL_Y_NEG,1246.8452994616207,24.99568236389409,4860.566243270259,-30.343263626098636,-248.31759643554688,19.43227195739746,0.0002143312885891,-0.0011612329399213,0.0002452584158163,0.0,0.0,0.0,0.0,237.0240823959579,0.6676734715379096,-0.0017256900807618,0.1433080655341892,0.1433080655341892
BH050,159,1080980,1.590001106262207,0.6887131505172193,5809,3,5,SIDE_NORMAL_X_POS,-1250.0,-24.15470053837925,439.4337567297406,2.1654977798461914,-329.4291381835937,-80.77300262451172,0.011258877813816,-0.0242086462676525,0.0038080336526036,0.0107684452086687,-0.0226060822606086,0.004827516619116,0.0277597792446613,358.9073116994291,1.0110065118293778,-0.1378255122663002,0.3057104158794219,0.3244842401781471
BH050,159,1080980,1.590001106262207,0.6887131505172193,8857,1,1,SHELF_NORMAL_Y_NEG,1246.8452994616207,25.009422437046773,2189.4337567297407,-147.5323944091797,-399.0397644042969,-27.393308639526367,0.0007738884887658,-0.0052694990299642,-0.0019224545685574,0.0009088945807889,-0.0035472593735903,-0.0015767245786264,0.0038123046979308,352.67326116897874,0.9934458061097992,0.0100136159668045,0.3583131193106483,0.3619825278703239
BH050,159,1080980,1.590001106262207,0.6887131505172193,7318,1,1,SHELF_NORMAL_Y_NEG,-29.717559197604437,30.49643744586834,860.5662432702593,26.142805099487305,-195.08714294433597,-13.134763717651367,0.0004110187583137,-0.0009851058712229,-0.0001657724787946,0.0,0.0,0.0,0.0,210.61844840806023,0.5932914039663668,-4.04300607227708,0.1025529100685526,0.1025529100685526
BH050,159,1080980,1.590001106262207,0.6887131505172193,7687,4,5,SHELF_NORMAL_Y_POS,-392.1574408023956,-20.81674579952917,689.4337567297406,-141.1102752685547,-341.8643493652344,-83.58724975585938,-0.0001687499461695,-0.0015800344990566,-0.0010116993216797,1.8386621377430856e-05,-0.0001259999262401,4.3289521272527054e-05,0.0001403722853865,330.9127614267754,0.9321486237373954,-2.81723131351975,0.3058363117460608,0.3571644698394131
BH050,159,1080980,1.590001106262207,0.6887131505172193,6592,3,5,SHELF_NORMAL_Y_NEG,592.2175591976044,22.738223297176344,4589.433756729741,-122.19807434082033,-216.20803833007807,-46.881195068359375,-0.0002783258387353,-0.000871607218869,-0.0005917066009715,0.0,0.0,0.0,0.0,204.57668152386296,0.5762723423207408,-2.446525903946199,0.1251008286432853,0.1251008286432853
BH050,159,1080980,1.590001106262207,0.6887131505172193,7690,1,1,SHELF_NORMAL_Y_POS,-310.96755919760443,-21.386331148337096,539.4337567297406,-102.94013214111328,-373.804931640625,18.901832580566406,5.976267129881308e-05,-0.0017143230652436,0.0002494791115168,1.5069329492689576e-05,-4.961403465131298e-05,1.0915851817117073e-05,5.126246833242476e-05,336.0343828995892,0.9465757264777162,1.462398910362829,0.311097595635862,0.311097595635862
BH050,159,1080980,1.590001106262207,0.6887131505172193,8803,2,1,SHELF_NORMAL_Y_NEG,1246.8452994616207,24.99568236389409,4860.566243270259,-28.754098892211918,-248.31814575195312,24.140647888183597,0.0002220473979832,-0.0011635556584224,0.000304685003357,0.0,0.0,0.0,0.0,238.949467114896,0.6730970904644958,-0.0009744049927195,0.1449515204083093,0.1449515204083093
BH050,160,1087970,1.6000003814697266,0.6951040583453738,5809,3,5,SIDE_NORMAL_X_POS,-1250.0,-24.15470053837925,439.4337567297406,42.73223876953125,-309.2111511230469,-88.90827941894531,0.0124081037938594,-0.0258511789143085,0.0036668702960014,0.0117501839995384,-0.0242876075208187,0.0047890343703329,0.0298686977475881,366.55819646653566,1.0325582999057343,-0.1366467820274392,0.3057322389706258,0.3244842401781471
BH050,160,1087970,1.6000003814697266,0.6951040583453738,8857,1,1,SHELF_NORMAL_Y_NEG,1246.8452994616207,25.009422437046773,2189.4337567297407,-127.96249389648438,-396.4312438964844,-18.01479721069336,0.0008803538512438,-0.005370931699872,-0.0018288345308974,0.0009241585503332,-0.0036328444257378,-0.0016014751745387,0.0039047237951308,351.82012323013777,0.9910426006482754,0.0103062906915786,0.3493669852491074,0.3619825278703239
BH050,160,1087970,1.6000003814697266,0.6951040583453738,7318,1,1,SHELF_NORMAL_Y_NEG,-29.717559197604437,30.49643744586834,860.5662432702593,27.36569595336914,-192.7550811767578,-12.16611099243164,0.0004135573690291,-0.0009755630162544,-0.0001535454648546,0.0,0.0,0.0,0.0,208.85957567097893,0.588336832875997,-4.050807804122097,0.1006155845207676,0.1025529100685526
BH050,160,1087970,1.6000003814697266,0.6951040583453738,7687,4,5,SHELF_NORMAL_Y_POS,-392.1574408023956,-20.81674579952917,689.4337567297406,-135.62869262695312,-241.61138916015625,-101.79547119140624,-0.0002881396212615,-0.0011013456387445,-0.0012415066594257,1.8386621377430856e-05,-0.0001259999262401,4.3289521272527054e-05,0.0001403722853865,274.0232155589454,0.7718963818561843,-1.9056446306172183,0.2040061530880588,0.3571644698394131
BH050,160,1087970,1.6000003814697266,0.6951040583453738,6592,3,5,SHELF_NORMAL_Y_NEG,592.2175591976044,22.738223297176344,4589.433756729741,-184.9901123046875,-409.1664733886719,-5.105668544769287,-0.0002780121867544,-0.0021246008109301,-0.0001390213874401,2.4109473088174127e-05,-0.0004077123303432,-7.457745959982276e-05,0.0004597739316523,354.99999476930617,0.9999999852656511,-4.945014802713936,0.379364011692263,0.379364011692263
BH050,160,1087970,1.6000003814697266,0.6951040583453738,7690,1,1,SHELF_NORMAL_Y_POS,-310.96755919760443,-21.386331148337096,539.4337567297406,-82.9980239868164,-283.64910888671875,14.517765998840332,2.5275081497966312e-05,-0.0013057159958407,0.0001941456430358,1.5069329492689576e-05,-4.961403465131298e-05,1.0915851817117073e-05,5.126246833242476e-05,253.8414268859952,0.7150462729182964,1.7684859896435696,0.1790564699502566,0.311097595635862
BH050,160,1087970,1.6000003814697266,0.6951040583453738,8803,2,1,SHELF_NORMAL_Y_NEG,1246.8452994616207,24.99568236389409,4860.566243270259,4.685307502746582,-243.5850830078125,22.187633514404297,0.0003774812212213,-0.0011892804177477,0.0002800345537252,0.0,0.0,0.0,0.0,248.94535350192905,0.7012545169068423,-0.0011252540480294,0.1488370535123049,0.1488370535123049
BH050,161,1094961,1.6100010871887207,0.7045764190731976,5809,3,5,SIDE_NORMAL_X_POS,-1250.0,-24.15470053837925,439.4337567297406,27.76502990722656,-315.4132995605469,-54.567508697509766,0.0130962627008557,-0.0271379426121711,0.0040668593719601,0.0125019429251551,-0.0255660507827997,0.0047556036151945,0.031466219574213,343.43375654879134,0.9674190325318066,-0.1347512016515625,0.274994731185481,0.3244842401781471
BH050,161,1094961,1.6100010871887207,0.7045764190731976,8857,1,1,SHELF_NORMAL_Y_NEG,1246.8452994616207,25.009422437046773,2189.4337567297407,-117.78763580322266,-396.2081604003906,-7.7998199462890625,0.0009367924067191,-0.005424287635833,-0.0017080891411751,0.0009315243223682,-0.003672455670312,-0.0016096568433567,0.0039472272619605,352.6597830630136,0.9934078396141228,0.0108527727031836,0.3471209598830593,0.3619825278703239
BH050,161,1094961,1.6100010871887207,0.7045764190731976,7318,1,1,SHELF_NORMAL_Y_NEG,-29.717559197604437,30.49643744586834,860.5662432702593,21.582963943481445,-214.2281188964844,-13.158895492553713,0.0004167569277342,-0.0010713830124586,-0.0001660757989156,0.0,0.0,0.0,0.0,226.9419719137172,0.6392731603203301,-4.181071327986977,0.1203512589382236,0.1203512589382236
BH050,161,1094961,1.6100010871887207,0.7045764190731976,7687,4,5,SHELF_NORMAL_Y_POS,-392.1574408023956,-20.81674579952917,689.4337567297406,-83.9682846069336,-128.96287536621094,-117.1524429321289,-0.00020141301502,-0.0006297383224591,-0.0014353357255458,1.8386621377430856e-05,-0.0001259999262401,4.3289521272527054e-05,0.0001403722853865,232.43792563815936,0.6547547201074913,-0.4157763720484255,0.1283214270699891,0.3571644698394131
BH050,161,1094961,1.6100010871887207,0.7045764190731976,6592,3,5,SHELF_NORMAL_Y_NEG,592.2175591976044,22.738223297176344,4589.433756729741,-137.33474731445312,-229.5748443603516,47.86487579345703,-0.0003082181210629,-0.001322214026004,0.0005295381997711,2.4110335289151408e-05,-0.0004077263001818,-7.457813626388088e-05,0.0004597895604092,216.5871135298445,0.6101045451544916,-3.9209540044747495,0.1422544286715977,0.379364011692263
BH050,161,1094961,1.6100010871887207,0.7045764190731976,7690,1,1,SHELF_NORMAL_Y_POS,-310.96755919760443,-21.386331148337096,539.4337567297406,-74.06722259521484,-220.79351806640625,-5.05856466293335,-2.2908479877514765e-05,-0.0010135970078408,-5.293469439493492e-05,1.5069329492689576e-05,-4.961403465131298e-05,1.0915851817117073e-05,5.126246833242476e-05,194.83053062149088,0.5488183961168757,2.156752372031058,0.1079913546288524,0.311097595635862
BH050,161,1094961,1.6100010871887207,0.7045764190731976,8803,2,1,SHELF_NORMAL_Y_NEG,1246.8452994616207,24.99568236389409,4860.566243270259,-23.328447341918945,-246.67344665527344,22.78849220275879,0.0002459891838952,-0.0011634718393906,0.000287619564915,0.0,0.0,0.0,0.0,239.1556885375197,0.673677995880337,-0.0011472593967271,0.1439068757677264,0.1488370535123049
BH050,162,1101951,1.6200003623962402,0.7131001802737174,5809,3,5,SIDE_NORMAL_X_POS,-1250.0,-24.15470053837925,439.4337567297406,42.39810562133789,-310.6038513183594,-27.868785858154297,0.0137421051040291,-0.0281527135521173,0.0045862570405006,0.0130837326869368,-0.0265829097479581,0.0049380264244973,0.0326920077204704,337.30012508786405,0.950141197430603,-0.1363382292810949,0.2626996327603889,0.3244842401781471
BH050,162,1101951,1.6200003623962402,0.7131001802737174,8857,1,1,SHELF_NORMAL_Y_NEG,1246.8452994616207,25.009422437046773,2189.4337567297407,-108.19676208496094,-393.8290100097656,-0.8357448577880859,0.0009898904245346,-0.0054828943684697,-0.0016308843623846,0.0009415320237167,-0.0037286221049726,-0.0016203531995415,0.004007558338344,352.41864332234377,0.9927285727389964,0.0107364139035494,0.3428369992198429,0.3619825278703239
BH050,162,1101951,1.6200003623962402,0.7131001802737174,7318,1,1,SHELF_NORMAL_Y_NEG,-29.717559197604437,30.49643744586834,860.5662432702593,36.053504943847656,-191.3065185546875,-15.257478713989258,0.0004536225460469,-0.0009811884956434,-0.0001925632677739,0.0,0.0,0.0,0.0,213.29247933969975,0.600823885463943,-4.487815035704213,0.1035012996837762,0.1203512589382236
BH050,162,1101951,1.6200003623962402,0.7131001802737174,7687,4,5,SHELF_NORMAL_Y_POS,-392.1574408023956,-20.81674579952917,689.4337567297406,-89.75724029541016,-133.4049530029297,-111.7470474243164,-0.000223046154133,-0.0006428703782148,-0.0013671095948666,1.8386621377430856e-05,-0.0001259999262401,4.3289521272527054e-05,0.0001403722853865,226.5863876582997,0.6382715145304217,-0.7097858400402524,0.1241147185357606,0.3571644698394131
BH050,162,1101951,1.6200003623962402,0.7131001802737174,6592,3,5,SHELF_NORMAL_Y_NEG,592.2175591976044,22.738223297176344,4589.433756729741,-99.84697723388672,-101.84586334228516,57.609676361083984,-0.0003122529305983,-0.0007567686261609,0.0006525328499265,2.4110335289151408e-05,-0.0004077263001818,-7.457813626388088e-05,0.0004597895604092,141.8788975692423,0.3996588663922318,-2.3256122442605864,0.0555130879430251,0.379364011692263
BH050,162,1101951,1.6200003623962402,0.7131001802737174,7690,1,1,SHELF_NORMAL_Y_POS,-310.96755919760443,-21.386331148337096,539.4337567297406,-121.80838012695312,-390.5589904785156,-5.4409918785095215,-7.427488526445813e-06,-0.0017681793542578,-5.776129182777368e-05,1.5069329492689576e-05,-4.961403465131298e-05,1.0915851817117073e-05,5.126246833242476e-05,346.2499988684614,0.9753521094886236,1.9829387888282803,0.3371632569319804,0.3371632569319804
BH050,162,1101951,1.6200003623962402,0.7131001802737174,8803,2,1,SHELF_NORMAL_Y_NEG,1246.8452994616207,24.99568236389409,4860.566243270259,-50.89899063110352,-262.0949401855469,19.58923721313477,0.0001346095086773,-0.0011981822317466,0.0002472399792168,0.0,0.0,0.0,0.0,243.09527279843215,0.6847754163336117,-0.0023976240126428,0.15601478024708,0.15601478024708
BH050,163,1108942,1.6300010681152344,0.7219333058140521,5809,3,5,SIDE_NORMAL_X_POS,-1250.0,-24.15470053837925,439.4337567297406,33.979148864746094,-306.73553466796875,35.27467346191406,0.014253394678235,-0.0290748160332441,0.0052305124700069,0.013641525991261,-0.027536017820239,0.0047853263095021,0.0338248275220394,330.7518570525971,0.9316953719791466,-0.1357629885993476,0.2542995881095908,0.3244842401781471
BH050,163,1108942,1.6300010681152344,0.7219333058140521,8857,1,1,SHELF_NORMAL_Y_NEG,1246.8452994616207,25.009422437046773,2189.4337567297407,-126.9976806640625,-391.1335144042969,5.288046836853027,0.0009021644946187,-0.0054808468557894,-0.0015604409854859,0.0009490028023719,-0.0037670417223125,-0.0016272019129246,0.0040485397912561,345.72341277822704,0.973868768389372,0.0105236710082555,0.3383204621156828,0.3619825278703239
BH050,163,1108942,1.6300010681152344,0.7219333058140521,7318,1,1,SHELF_NORMAL_Y_NEG,-29.717559197604437,30.49643744586834,860.5662432702593,34.725582122802734,-199.8615875244141,-14.501683235168455,0.0004596342041622,-0.0010207823943346,-0.0001830233377404,0.0,0.0,0.0,0.0,220.7299858249413,0.6217746079575812,-4.520120994255594,0.1113161221962902,0.1203512589382236
BH050,163,1108942,1.6300010681152344,0.7219333058140521,7687,4,5,SHELF_NORMAL_Y_POS,-392.1574408023956,-20.81674579952917,689.4337567297406,-108.55542755126952,-174.6301727294922,-117.86510467529295,-0.0002542662550695,-0.0008156151743605,-0.0014443271793425,1.8386621377430856e-05,-0.0001259999262401,4.3289521272527054e-05,0.0001403722853865,254.94994354720387,0.7181688550625461,-0.5830766439355849,0.1626806150536809,0.3571644698394131
BH050,163,1108942,1.6300010681152344,0.7219333058140521,6592,3,5,SHELF_NORMAL_Y_NEG,592.2175591976044,22.738223297176344,4589.433756729741,-99.02091217041016,-110.82228088378906,50.44839096069336,-0.0002951712813228,-0.0008015481289476,0.0005621471791528,2.4110335289151408e-05,-0.0004077263001818,-7.457813626388088e-05,0.0004597895604092,136.9237601623481,0.3857007328516847,-1.9915693500483287,0.0536932344794708,0.379364011692263
BH050,163,1108942,1.6300010681152344,0.7219333058140521,7690,1,1,SHELF_NORMAL_Y_POS,-310.96755919760443,-21.386331148337096,539.4337567297406,-83.79783630371094,-249.48110961914065,-1.2975702285766602,-2.836479507095646e-05,-0.0011386885307729,-5.465855338115944e-06,1.5069329492689576e-05,-4.961403465131298e-05,1.0915851817117073e-05,5.126246833242476e-05,219.9135632623476,0.6194748260911199,2.23367164213656,0.1376855902156323,0.3371632569319804
BH050,163,1108942,1.6300010681152344,0.7219333058140521,8803,2,1,SHELF_NORMAL_Y_NEG,1246.8452994616207,24.99568236389409,4860.566243270259,-19.600135803222656,-259.81231689453125,21.485206604003903,0.0002832201134879,-0.0012326728319749,0.0002711695560719,0.0,0.0,0.0,0.0,253.3359251025732,0.7136223242326005,-0.0013090226333666,0.1602682065210032,0.1602682065210032
BH050,164,1115932,1.640000343322754,0.7326190764206069,5809,3,5,SIDE_NORMAL_X_POS,-1250.0,-24.15470053837925,439.4337567297406,38.70174407958984,-323.5869140625,2.0466525554656982,0.0147440200671553,-0.0299302078783512,0.0048682419583201,0.0140847079455852,-0.0283026937395334,0.0048424187116324,0.03473911434412,344.5899885993401,0.9706760242234932,-0.1390827548581591,0.2761649876562743,0.3244842401781471
BH050,164,1115932,1.640000343322754,0.7326190764206069,8857,1,1,SHELF_NORMAL_Y_NEG,1246.8452994616207,25.009422437046773,2189.4337567297407,-138.6621551513672,-392.9419860839844,7.564669609069824,0.0008532903157174,-0.0055019711144268,-0.0015359199605882,0.0009541223407723,-0.0037964039947837,-0.0016314150998368,0.0040800143033266,345.42160867245605,0.9730186159787494,0.0104434412924491,0.3424471030018624,0.3619825278703239
BH050,164,1115932,1.640000343322754,0.7326190764206069,7318,1,1,SHELF_NORMAL_Y_NEG,-29.717559197604437,30.49643744586834,860.5662432702593,27.97545623779297,-215.33920288085935,-14.669132232666016,0.0004494066815823,-0.0010860826587304,-0.0001851368288043,0.0,0.0,0.0,0.0,231.99862330826363,0.6535172487556722,-4.489567450958793,0.1245827672309449,0.1245827672309449
BH050,164,1115932,1.640000343322754,0.7326190764206069,7687,4,5,SHELF_NORMAL_Y_POS,-392.1574408023956,-20.81674579952917,689.4337567297406,-94.16321563720705,-155.0753173828125,-121.52019500732422,-0.0002128796768374,-0.0007416473235934,-0.0014904590789228,1.8386621377430856e-05,-0.0001259999262401,4.3289521272527054e-05,0.0001403722853865,250.2281920041133,0.7048681464904601,-0.8557637294944657,0.1518138035003325,0.3571644698394131
BH050,164,1115932,1.640000343322754,0.7326190764206069,6592,3,5,SHELF_NORMAL_Y_NEG,592.2175591976044,22.738223297176344,4589.433756729741,-93.81885528564452,-79.9048843383789,48.36946487426758,-0.0003149424446746,-0.0006590406410396,0.0005359086208045,2.4110335289151408e-05,-0.0004077263001818,-7.457813626388088e-05,0.0004597895604092,121.28066113172744,0.3416356651597956,-2.115827655345356,0.0407114754441807,0.379364011692263
BH050,164,1115932,1.640000343322754,0.7326190764206069,7690,1,1,SHELF_NORMAL_Y_POS,-310.96755919760443,-21.386331148337096,539.4337567297406,-105.27223205566406,-313.32232666015625,-2.562159776687622,-3.963991184718907e-05,-0.0014173176605254,-2.1426691091619432e-05,1.5069329492689576e-05,-4.961403465131298e-05,1.0915851817117073e-05,5.126246833242476e-05,276.2040487275495,0.7780395738804211,2.226604578236021,0.2171905583731145,0.3371632569319804
BH050,164,1115932,1.640000343322754,0.7326190764206069,8803,2,1,SHELF_NORMAL_Y_NEG,1246.8452994616207,24.99568236389409,4860.566243270259,-53.69080352783203,-262.6091003417969,23.211389541625977,0.0001218064426211,-0.0011966046877205,0.0002929557231254,0.0,0.0,0.0,0.0,243.6449346242999,0.6863237595050702,-0.0019356602020783,0.1572487600375669,0.1602682065210032
BH050,165,1122923,1.650001049041748,0.7414287959398539,5809,3,5,SIDE_NORMAL_X_POS,-1250.0,-24.15470053837925,439.4337567297406,18.59684944152832,-329.9859924316406,-80.86454772949219,0.0151445632800459,-0.0307583585381507,0.0039406344294548,0.0145734790712594,-0.0291290655732154,0.0049612666480243,0.0357609465718269,367.4105647199005,1.034959337239156,-0.139713968024725,0.3154568767685844,0.3244842401781471
BH050,165,1122923,1.650001049041748,0.7414287959398539,8857,1,1,SHELF_NORMAL_Y_NEG,1246.8452994616207,25.009422437046773,2189.4337567297407,-134.0944061279297,-398.9979553222656,-12.93684196472168,0.0008888284792192,-0.0055647133849561,-0.0017990710912272,0.0009586722590029,-0.0038230908103287,-0.0016358124557882,0.0041086832061409,352.3909333127258,0.9926505163738756,0.0098083346139779,0.3531927648175589,0.3619825278703239
BH050,165,1122923,1.650001049041748,0.7414287959398539,7318,1,1,SHELF_NORMAL_Y_NEG,-29.717559197604437,30.49643744586834,860.5662432702593,36.11623764038086,-206.07522583007807,-15.546518325805664,0.0004754349065478,-0.0010529673891142,-0.0001962102105608,0.0,0.0,0.0,0.0,227.9015705216887,0.6419762549906725,-4.636993630379343,0.1186064986428093,0.1245827672309449
BH050,165,1122923,1.650001049041748,0.7414287959398539,7687,4,5,SHELF_NORMAL_Y_POS,-392.1574408023956,-20.81674579952917,689.4337567297406,-117.05203247070312,-192.76329040527344,-120.5124053955078,-0.0002691052213776,-0.0008912645280361,-0.0014777376782149,1.8386621377430856e-05,-0.0001259999262401,4.3289521272527054e-05,0.0001403722853865,268.0769461709573,0.7551463272421332,-0.9471647715241324,0.182232939962014,0.3571644698394131
BH050,165,1122923,1.650001049041748,0.7414287959398539,6592,3,5,SHELF_NORMAL_Y_NEG,592.2175591976044,22.738223297176344,4589.433756729741,-104.5747299194336,-110.0195083618164,55.24186325073242,-0.0003232992312405,-0.0007895655580796,0.0006226490950211,2.4110335289151408e-05,-0.0004077263001818,-7.457813626388088e-05,0.0004597895604092,143.8398288073589,0.4051826163587575,-2.247712599493201,0.0584305900489845,0.379364011692263
BH050,165,1122923,1.650001049041748,0.7414287959398539,7690,1,1,SHELF_NORMAL_Y_POS,-310.96755919760443,-21.386331148337096,539.4337567297406,-116.57022857666016,-357.5711669921875,-1.2887147665023804,-3.0047574909986e-05,-0.0016156568890437,-5.354168933990877e-06,1.5069329492689576e-05,-4.961403465131298e-05,1.0915851817117073e-05,5.126246833242476e-05,315.86165855183407,0.8897511508502368,2.2225026568505424,0.2826287639956993,0.3371632569319804
BH050,165,1122923,1.650001049041748,0.7414287959398539,8803,2,1,SHELF_NORMAL_Y_NEG,1246.8452994616207,24.99568236389409,4860.566243270259,11.708906173706056,-254.3361053466797,27.825363159179688,0.0004272331134416,-0.0012516890419647,0.000351189111825,0.0,0.0,0.0,0.0,264.81069288382747,0.7459456137572604,-0.0011407266391109,0.1665614827302081,0.1665614827302081
BH050,166,1129913,1.6600003242492676,0.7493514662502222,5809,3,5,SIDE_NORMAL_X_POS,-1250.0,-24.15470053837925,439.4337567297406,29.76377868652344,-323.82867431640625,-17.665334701538086,0.0157189778983593,-0.031679268926382,0.0048120822757482,0.0151026546955108,-0.0300636533647775,0.0050350562669336,0.0368984751403331,341.06516969089256,0.9607469568757536,-0.1363984150690968,0.2727829599230476,0.3244842401781471
BH050,166,1129913,1.6600003242492676,0.7493514662502222,8857,1,1,SHELF_NORMAL_Y_NEG,1246.8452994616207,25.009422437046773,2189.4337567297407,-130.7041015625,-397.70123291015625,-19.82880210876465,0.0009056138806045,-0.0055775647051632,-0.0018885603640228,0.000960892997682,-0.0038373046554625,-0.001638313406147,0.0041240477003157,352.77215687310667,0.993724385558047,0.0098985799738133,0.3521467094808823,0.3619825278703239
BH050,166,1129913,1.6600003242492676,0.7493514662502222,7318,1,1,SHELF_NORMAL_Y_NEG,-29.717559197604437,30.49643744586834,860.5662432702593,32.74171447753906,-214.3673553466797,-13.469578742980955,0.0004711294895969,-0.0010883068898692,-0.0001699963031569,0.0,0.0,0.0,0.0,233.6416621706509,0.6581455272412702,-4.714890973749464,0.1255071254595133,0.1255071254595133
BH050,166,1129913,1.6600003242492676,0.7493514662502222,7687,4,5,SHELF_NORMAL_Y_POS,-392.1574408023956,-20.81674579952917,689.4337567297406,-86.81175994873047,-143.5122833251953,-120.44361114501952,-0.0001940310175996,-0.0006962214247323,-0.0014768711989745,1.8386621377430856e-05,-0.0001259999262401,4.3289521272527054e-05,0.0001403722853865,243.29713035267,0.6853440291624507,-0.2944490683502686,0.1416827126789784,0.3571644698394131
BH050,166,1129913,1.6600003242492676,0.7493514662502222,6592,3,5,SHELF_NORMAL_Y_NEG,592.2175591976044,22.738223297176344,4589.433756729741,-119.52780151367188,-141.92210388183594,48.22360229492188,-0.0003494259726721,-0.0009226510883308,0.0005340658244676,2.4110335289151408e-05,-0.0004077263001818,-7.457813626388088e-05,0.0004597895604092,156.33838075355632,0.4403898049395953,-2.3128907499407427,0.0735419307510388,0.379364011692263
BH050,166,1129913,1.6600003242492676,0.7493514662502222,7690,1,1,SHELF_NORMAL_Y_POS,-310.96755919760443,-21.386331148337096,539.4337567297406,-115.2371063232422,-350.1119689941406,-6.1287336349487305,-3.444080357439816e-05,-0.0015813845675438,-6.644096720265225e-05,1.5069329492689576e-05,-4.961403465131298e-05,1.0915851817117073e-05,5.126246833242476e-05,309.23255882684043,0.871077630498142,2.166003500153426,0.2712374318544457,0.3371632569319804
BH050,166,1129913,1.6600003242492676,0.7493514662502222,8803,2,1,SHELF_NORMAL_Y_NEG,1246.8452994616207,24.99568236389409,4860.566243270259,-47.93160629272461,-266.4093322753906,21.779165267944336,0.0001552969479234,-0.001223437488079,0.0002748763654381,0.0,0.0,0.0,0.0,248.84722240200688,0.7009780912732588,-0.0017655214636606,0.1622378716320159,0.1665614827302081
BH050,167,1136904,1.6700010299682615,0.7570400339166714,5809,3,5,SIDE_NORMAL_X_POS,-1250.0,-24.15470053837925,439.4337567297406,32.8152961730957,-332.5580444335937,-4.180891513824463,0.0162731036543846,-0.0326427929103374,0.0050852643325924,0.015629269182682,-0.0309805087745189,0.0051380554214119,0.0380006022751331,350.19584073031064,0.9864671569867904,-0.135616208441322,0.2871034781931388,0.3244842401781471
BH050,167,1136904,1.6700010299682615,0.7570400339166714,8857,1,1,SHELF_NORMAL_Y_NEG,1246.8452994616207,25.009422437046773,2189.4337567297407,-96.37416076660156,-390.2394409179688,-20.579853057861328,0.00106842815876,-0.0056235082447528,-0.0019048139220103,0.0009679274517111,-0.0038694781251251,-0.0016450906405225,0.004158120136708,353.8875422370616,0.996866316160737,0.0103797679564704,0.3400769060524035,0.3619825278703239
BH050,167,1136904,1.6700010299682615,0.7570400339166714,7318,1,1,SHELF_NORMAL_Y_NEG,-29.717559197604437,30.49643744586834,860.5662432702593,45.308353424072266,-199.56971740722656,-15.41551113128662,0.0005105833988636,-0.0010347715578973,-0.0001945567637449,0.0,0.0,0.0,0.0,227.23557871809209,0.6401002217411045,-5.234766819107746,0.1163213628139164,0.1255071254595133
BH050,167,1136904,1.6700010299682615,0.7570400339166714,7687,4,5,SHELF_NORMAL_Y_POS,-392.1574408023956,-20.81674579952917,689.4337567297406,-103.20162200927734,-139.48123168945312,-119.1972885131836,-0.000279462285107,-0.0006527844234369,-0.0014611425576731,1.8386621377430856e-05,-0.0001259999262401,4.3289521272527054e-05,0.0001403722853865,241.5261480573784,0.6803553466405026,-0.1614571665384628,0.1417684922997836,0.3571644698394131
BH050,167,1136904,1.6700010299682615,0.7570400339166714,6592,3,5,SHELF_NORMAL_Y_NEG,592.2175591976044,22.738223297176344,4589.433756729741,-98.02950286865234,-93.5407485961914,36.38602066040039,-0.0003155231242999,-0.0007190976757556,0.0003846597974188,2.4110335289151408e-05,-0.0004077263001818,-7.457813626388088e-05,0.0004597895604092,114.7245810463565,0.3231678339333986,-1.6332673691614723,0.0395666147727376,0.379364011692263
BH050,167,1136904,1.6700010299682615,0.7570400339166714,7690,1,1,SHELF_NORMAL_Y_POS,-310.96755919760443,-21.386331148337096,539.4337567297406,-93.8941879272461,-261.2876892089844,-0.4858190715312958,-6.0191290685907006e-05,-0.0011812836164608,4.780509243573761e-06,1.5069329492689576e-05,-4.961403465131298e-05,1.0915851817117073e-05,5.126246833242476e-05,229.2480920870103,0.645769273484536,2.468706465054876,0.1513823225339685,0.3371632569319804
BH050,167,1136904,1.6700010299682615,0.7570400339166714,8803,2,1,SHELF_NORMAL_Y_NEG,1246.8452994616207,24.99568236389409,4860.566243270259,1.8501031398773196,-254.09814453125,26.902366638183597,0.0003790271584875,-0.0012361739063635,0.0003395383246243,0.0,0.0,0.0,0.0,259.25009103777035,0.7302819465852686,-0.000799023974974,0.1619716448593371,0.1665614827302081
BH050,168,1143894,1.6800003051757812,0.7660447471677926,5809,3,5,SIDE_NORMAL_X_POS,-1250.0,-24.15470053837925,439.4337567297406,10.873116493225098,-370.3258056640625,62.2721061706543,0.0166857037693262,-0.0335954688489437,0.0059777270071208,0.0160933043807744,-0.0317816995084285,0.0051917931996285,0.0389603711664676,391.0491890405,1.1015470113816903,-0.1334003089900961,0.3635790129093993,0.3635790129093993
BH050,168,1143894,1.6800003051757812,0.7660447471677926,8857,1,1,SHELF_NORMAL_Y_NEG,1246.8452994616207,25.009422437046773,2189.4337567297407,-114.86467742919922,-391.2935180664063,-16.806081771850586,0.0009862979641184,-0.005638753529638,-0.0018648777622729,0.0009740236564539,-0.0039065284654498,-0.0016527839470654,0.0041981982067227,349.57980608500696,0.9847318481267802,0.0096905926411736,0.3399839324202657,0.3619825278703239
BH050,168,1143894,1.6800003051757812,0.7660447471677926,7318,1,1,SHELF_NORMAL_Y_NEG,-29.717559197604437,30.49643744586834,860.5662432702593,58.09581756591797,-179.73153686523438,-14.804757118225098,0.0005437676445581,-0.0009570910478942,-0.0001868483232101,0.0,0.0,0.0,0.0,216.28162760425383,0.6092440214204334,-5.620625490526535,0.1031884268353189,0.1255071254595133
BH050,168,1143894,1.6800003051757812,0.7660447471677926,7687,4,5,SHELF_NORMAL_Y_POS,-392.1574408023956,-20.81674579952917,689.4337567297406,-76.4468994140625,-108.92835998535156,-127.20890045166016,-0.0001940806541824,-0.0005434299237094,-0.0015622614882886,1.8386621377430856e-05,-0.0001259999262401,4.3289521272527054e-05,0.0001403722853865,240.6835967039389,0.6779819625463068,0.0591953597476633,0.1329755116217958,0.3571644698394131
BH050,168,1143894,1.6800003051757812,0.7660447471677926,6592,3,5,SHELF_NORMAL_Y_NEG,592.2175591976044,22.738223297176344,4589.433756729741,-156.11581420898438,-258.8351135253906,49.110328674316406,-0.0003567734092939,-0.0014369096606969,0.0005452561890706,2.4110335289151408e-05,-0.0004077263001818,-7.457813626388088e-05,0.0004597895604092,241.23636146618293,0.6795390463836138,-3.698085721813316,0.1781513411096434,0.379364011692263
BH050,168,1143894,1.6800003051757812,0.7660447471677926,7690,1,1,SHELF_NORMAL_Y_POS,-310.96755919760443,-21.386331148337096,539.4337567297406,-87.2176284790039,-246.57473754882807,-2.945641040802002,-4.920725405099802e-05,-0.0011195767438039,-2.626589412102476e-05,1.5069329492689576e-05,-4.961403465131298e-05,1.0915851817117073e-05,5.126246833242476e-05,216.62498116874056,0.6102112145598325,2.5883955502546074,0.1347715017242874,0.3371632569319804
BH050,168,1143894,1.6800003051757812,0.7660447471677926,8803,2,1,SHELF_NORMAL_Y_NEG,1246.8452994616207,24.99568236389409,4860.566243270259,-45.56136703491211,-265.0423583984375,22.37833976745605,0.0001648153993301,-0.0012202563229948,0.0002824397815857,0.0,0.0,0.0,0.0,248.495408434339,0.6999870660122225,-0.0017739455999628,0.161114600050296,0.1665614827302081
BH050,169,1150885,1.6900010108947754,0.774520495544041,5809,3,5,SIDE_NORMAL_X_POS,-1250.0,-24.15470053837925,439.4337567297406,5.482476711273193,-362.14013671875,5.745009899139404,0.0172720737755298,-0.0346992164850235,0.0054763965308666,0.0167177449911832,-0.0329331941902637,0.005403930786997,0.0403344891965389,365.0479098085155,1.028303971291593,-0.1320402577027444,0.3215160734196097,0.3635790129093993
BH050,169,1150885,1.6900010108947754,0.774520495544041,8857,1,1,SHELF_NORMAL_Y_NEG,1246.8452994616207,25.009422437046773,2189.4337567297407,-125.97797393798828,-398.6002197265625,-6.6277618408203125,0.0009521665051579,-0.0057156761176884,-0.0017496108775958,0.0009832016658037,-0.0039641656912863,-0.0016659793909639,0.0042606331408023,353.0857100935281,0.9946076340662764,0.0093026555407526,0.3513109261277252,0.3619825278703239
BH050,169,1150885,1.6900010108947754,0.774520495544041,7318,1,1,SHELF_NORMAL_Y_NEG,-29.717559197604437,30.49643744586834,860.5662432702593,118.1227035522461,-63.81193542480469,-16.460779190063477,0.0006663455278612,-0.0004817941808141,-0.0002077501412713,0.0,0.0,0.0,0.0,162.40519167521282,0.4574794131696136,-6.5705707457831295,0.0564375708696495,0.1255071254595133
BH050,169,1150885,1.6900010108947754,0.774520495544041,7687,4,5,SHELF_NORMAL_Y_POS,-392.1574408023956,-20.81674579952917,689.4337567297406,-121.89466094970705,-178.99180603027344,-123.4658432006836,-0.0003126716765109,-0.0008173580863513,-0.001515015726909,1.8386621377430856e-05,-0.0001259999262401,4.3289521272527054e-05,0.0001403722853865,266.1008695907522,0.749579914340147,-0.4784447026393162,0.1782481725734067,0.3571644698394131
BH050,169,1150885,1.6900010108947754,0.774520495544041,6592,3,5,SHELF_NORMAL_Y_NEG,592.2175591976044,22.738223297176344,4589.433756729741,-158.05166625976562,-255.41665649414065,49.29535675048828,-0.0003711488679982,-0.0014174872776493,0.0005475897341966,2.4110335289151408e-05,-0.0004077263001818,-7.457813626388088e-05,0.0004597895604092,239.037792125452,0.6733458933111324,-4.195882304486407,0.1755301055595816,0.379364011692263
BH050,169,1150885,1.6900010108947754,0.774520495544041,7690,1,1,SHELF_NORMAL_Y_POS,-310.96755919760443,-21.386331148337096,539.4337567297406,-124.4757080078125,-368.6277770996094,-5.3996992111206055,-5.232533658272587e-05,-0.0016578001668676,-5.723946742364205e-05,1.5069329492689576e-05,-4.961403465131298e-05,1.0915851817117073e-05,5.126246833242476e-05,324.93523453503354,0.9153105198169958,2.618974972543473,0.3007894714611287,0.3371632569319804
BH050,169,1150885,1.6900010108947754,0.774520495544041,8803,2,1,SHELF_NORMAL_Y_NEG,1246.8452994616207,24.99568236389409,4860.566243270259,9.150956153869627,-262.1530456542969,20.40209007263184,0.0004262048169039,-0.0012859224807471,0.0002574979152996,0.0,0.0,0.0,0.0,269.17586483326306,0.7582418727697551,-0.0003886097353722,0.1731321534097293,0.1731321534097293
BH050,170,1157875,1.700000286102295,0.7847624791399037,5809,3,5,SIDE_NORMAL_X_POS,-1250.0,-24.15470053837925,439.4337567297406,2.5544607639312744,-342.8160095214844,31.570388793945312,0.017842398956418,-0.0357761457562446,0.0060282121412456,0.0173303559422492,-0.0341083072125911,0.005629789084196,0.0417590737342834,348.4180248572132,0.9814592249498963,-0.1353579452496405,0.2928176515921744,0.3635790129093993
BH050,170,1157875,1.700000286102295,0.7847624791399037,8857,1,1,SHELF_NORMAL_Y_NEG,1246.8452994616207,25.009422437046773,2189.4337567297407,-151.16416931152344,-401.4345397949219,5.749638557434082,0.0008395608747377,-0.0057255770079791,-0.0016004891367629,0.0009887279011309,-0.0039970003999769,-0.0016730809584259,0.0042960424907505,351.3074894071773,0.9895985617103584,0.0092553227566645,0.3584377613233719,0.3619825278703239
BH050,170,1157875,1.700000286102295,0.7847624791399037,7318,1,1,SHELF_NORMAL_Y_NEG,-29.717559197604437,30.49643744586834,860.5662432702593,140.24143981933594,-30.254945755004883,-15.732491493225098,0.0007248532492667,-0.0003511089016683,-0.0001985586713999,0.0,0.0,0.0,0.0,159.90170169616616,0.4504273287215948,-6.798309734079924,0.0577011860775472,0.1255071254595133
BH050,170,1157875,1.700000286102295,0.7847624791399037,7687,4,5,SHELF_NORMAL_Y_POS,-392.1574408023956,-20.81674579952917,689.4337567297406,-114.06139373779295,-192.67984008789065,-131.9321746826172,-0.000254712824244,-0.0008952144999057,-0.0016218663658946,1.8386621377430856e-05,-0.0001259999262401,4.3289521272527054e-05,0.0001403722853865,283.50747320230715,0.7986126005698793,-0.7023769793304155,0.1995232305953344,0.3571644698394131
BH050,170,1157875,1.700000286102295,0.7847624791399037,6592,3,5,SHELF_NORMAL_Y_NEG,592.2175591976044,22.738223297176344,4589.433756729741,-151.5716552734375,-253.32632446289065,39.754241943359375,-0.0003427421906962,-0.0014167784247547,0.0004271667567081,2.4110335289151408e-05,-0.0004077263001818,-7.457813626388088e-05,0.0004597895604092,231.2840294583799,0.6515043083334645,-3.7940901301055887,0.1655903536969195,0.379364011692263
BH050,170,1157875,1.700000286102295,0.7847624791399037,7690,1,1,SHELF_NORMAL_Y_POS,-310.96755919760443,-21.386331148337096,539.4337567297406,-116.5788116455078,-338.89947509765625,-2.918340921401977,-5.53791323909536e-05,-0.0015345470746979,-2.6675787012209184e-05,1.6972142475424334e-05,-5.916406735195778e-05,1.0161592399526851e-05,6.138136086519808e-05,298.262511243326,0.840176088009369,2.6199708227091394,0.2542755541703181,0.3371632569319804
BH050,170,1157875,1.700000286102295,0.7847624791399037,8803,2,1,SHELF_NORMAL_Y_NEG,1246.8452994616207,24.99568236389409,4860.566243270259,13.49347686767578,-264.5594177246094,27.87591552734375,0.0004507939738687,-0.0013039379846304,0.0003518268931657,0.0,0.0,0.0,0.0,275.8165800081976,0.7769481126991482,-0.0008827761264439,0.180432094960977,0.180432094960977
BH050,171,1164866,1.710000991821289,0.7941726761409781,5809,3,5,SIDE_NORMAL_X_POS,-1250.0,-24.15470053837925,439.4337567297406,15.169289588928224,-360.5306396484375,86.25756072998047,0.0182737931609153,-0.0365425385534763,0.0067274821922183,0.0176747310906648,-0.0347703211009502,0.0056388303637504,0.0425427258014678,397.4953377081444,1.1197051766426602,-0.1353658074745463,0.3709625465290462,0.3709625465290462
BH050,171,1164866,1.710000991821289,0.7941726761409781,8857,1,1,SHELF_NORMAL_Y_NEG,1246.8452994616207,25.009422437046773,2189.4337567297407,-111.9857177734375,-390.0963745117188,-2.1175882816314697,0.0010209123138338,-0.0057597351260483,-0.0017063978593796,0.0009964063065126,-0.0040291398763656,-0.0016796876443549,0.0043298560194671,347.91408771749974,0.9800396837112668,0.00967906921806,0.3362060552169125,0.3619825278703239
BH050,171,1164866,1.710000991821289,0.7941726761409781,7318,1,1,SHELF_NORMAL_Y_NEG,-29.717559197604437,30.49643744586834,860.5662432702593,94.72676849365234,-121.36832427978516,-15.414294242858888,0.0006365924491547,-0.0007271231152117,-0.0001945426192833,0.0,0.0,0.0,0.0,189.5074177051208,0.5338237118454106,-6.333223999139967,0.0757758222224501,0.1255071254595133
BH050,171,1164866,1.710000991821289,0.7941726761409781,7687,4,5,SHELF_NORMAL_Y_POS,-392.1574408023956,-20.81674579952917,689.4337567297406,-106.90071105957033,-159.9876251220703,-133.299072265625,-0.0002675654250197,-0.0007469415431842,-0.0016391212120652,1.8386621377430856e-05,-0.0001259999262401,4.3289521272527054e-05,0.0001403722853865,270.60476590701336,0.762266946216939,-0.3516288074937768,0.1770864100771885,0.3571644698394131
BH050,171,1164866,1.710000991821289,0.7941726761409781,6592,3,5,SHELF_NORMAL_Y_NEG,592.2175591976044,22.738223297176344,4589.433756729741,-170.28268432617188,-299.7490539550781,39.43205261230469,-0.0003659701906144,-0.0016148701542988,0.0004230993508826,2.4110335289151408e-05,-0.0004077263001818,-7.457813626388088e-05,0.0004597895604092,269.19932153749664,0.7583079479929483,-4.123590121296403,0.2239489492504251,0.379364011692263
BH050,171,1164866,1.710000991821289,0.7941726761409781,7690,1,1,SHELF_NORMAL_Y_POS,-310.96755919760443,-21.386331148337096,539.4337567297406,-108.69342041015624,-311.93731689453125,-5.298685073852539,-5.636764035443776e-05,-0.0014151412760838,-5.67187562410254e-05,1.6972142475424334e-05,-5.916406735195778e-05,1.0161592399526851e-05,6.138136086519808e-05,274.4045254282815,0.7729704941641732,2.659684613311096,0.2156533300195361,0.3371632569319804
BH050,171,1164866,1.710000991821289,0.7941726761409781,8803,2,1,SHELF_NORMAL_Y_NEG,1246.8452994616207,24.99568236389409,4860.566243270259,-77.49029541015625,-285.8738098144531,19.06667137145996,4.016450475319289e-05,-0.0012748988810926,0.0002406424755463,0.0,0.0,0.0,0.0,258.1990490292254,0.7273212648710575,-0.0021950994927807,0.1829693149428712,0.1829693149428712
BH050,172,1171856,1.7200002670288086,0.8044171801138559,5809,3,5,SIDE_NORMAL_X_POS,-1250.0,-24.15470053837925,439.4337567297406,18.65109634399414,-363.6223449707031,-9.980998992919922,0.0187075063586235,-0.0373291298747062,0.0054721599444746,0.0180869922041893,-0.0355369001626968,0.005598166026175,0.0434169173240661,373.6975910658157,1.0526692706079317,-0.1365954978203008,0.3322508295396635,0.3709625465290462
BH050,172,1171856,1.7200002670288086,0.8044171801138559,8857,1,1,SHELF_NORMAL_Y_NEG,1246.8452994616207,25.009422437046773,2189.4337567297407,-97.02054595947266,-389.8348693847656,-20.32979202270508,0.0010981005616486,-0.0058048833161592,-0.0019408100051805,0.0010013353312388,-0.0040537635795772,-0.0016842356417328,0.0043560788035392,353.27343686699834,0.9951364418788684,0.0098034401934809,0.3392385340208969,0.3619825278703239
BH050,172,1171856,1.7200002670288086,0.8044171801138559,7318,1,1,SHELF_NORMAL_Y_NEG,-29.717559197604437,30.49643744586834,860.5662432702593,111.4114227294922,-93.41631317138672,-16.05408477783203,0.0006768800667487,-0.0006157333264127,-0.0002026181755354,0.0,0.0,0.0,0.0,179.7775234890993,0.5064155591242234,-6.637142060243983,0.0680927939121143,0.1255071254595133
BH050,172,1171856,1.7200002670288086,0.8044171801138559,7687,4,5,SHELF_NORMAL_Y_POS,-392.1574408023956,-20.81674579952917,689.4337567297406,-116.9018096923828,-174.0193328857422,-132.73382568359375,-0.0002956770476885,-0.0008004978881217,-0.0016319790156558,1.8386621377430856e-05,-0.0001259999262401,4.3289521272527054e-05,0.0001403722853865,276.5147226339971,0.7789147116450623,-0.4128243900890348,0.1882260830330933,0.3571644698394131
BH050,172,1171856,1.7200002670288086,0.8044171801138559,6592,3,5,SHELF_NORMAL_Y_NEG,592.2175591976044,22.738223297176344,4589.433756729741,-153.60662841796875,-206.51377868652344,54.78792190551758,-0.0004207982856314,-0.0011865580454468,0.0006169122061692,2.4110335289151408e-05,-0.0004077263001818,-7.457813626388088e-05,0.0004597895604092,208.62933872206503,0.587688278090324,-3.085262752031724,0.1335359409333046,0.379364011692263
BH050,172,1171856,1.7200002670288086,0.8044171801138559,7690,1,1,SHELF_NORMAL_Y_POS,-310.96755919760443,-21.386331148337096,539.4337567297406,-108.4885025024414,-316.067138671875,-4.195651531219482,-4.9356389354215935e-05,-0.001435496029444,-4.279685890651308e-05,1.6972142475424334e-05,-5.916406735195778e-05,1.0161592399526851e-05,6.138136086519808e-05,278.26489400213524,0.7838447718370006,2.659263484569939,0.2212173784810106,0.3371632569319804
BH050,172,1171856,1.7200002670288086,0.8044171801138559,8803,2,1,SHELF_NORMAL_Y_NEG,1246.8452994616207,24.99568236389409,4860.566243270259,0.6593734622001648,-270.4230651855469,23.72825813293457,0.0003970270918216,-0.0013136904453858,0.0002994780952576,0.0,0.0,0.0,0.0,273.85483280842226,0.7714220642490768,-0.0007219070738877,0.181309561568869,0.1829693149428712
BH050,173,1178847,1.7300009727478027,0.8123263410324402,5809,3,5,SIDE_NORMAL_X_POS,-1250.0,-24.15470053837925,439.4337567297406,6.407476902008057,-359.9959716796875,-46.70854949951172,0.0190984010696411,-0.038148146122694,0.0050437953323125,0.0185425654053688,-0.0363913215696811,0.0056333458051085,0.0443974733352661,372.14229408688647,1.0482881523574266,-0.134341313561988,0.3317654636554644,0.3709625465290462
BH050,173,1178847,1.7300009727478027,0.8123263410324402,8857,1,1,SHELF_NORMAL_Y_NEG,1246.8452994616207,25.009422437046773,2189.4337567297407,-91.49942016601562,-384.0054626464844,-16.256858825683594,0.001122849760577,-0.0058270771987736,-0.0018975296989083,0.0010077699553221,-0.0040962235070765,-0.0016923625953495,0.0044021885842084,348.55260497800947,0.9818383238817168,0.0100187955784711,0.3287305916366208,0.3619825278703239
BH050,173,1178847,1.7300009727478027,0.8123263410324402,7318,1,1,SHELF_NORMAL_Y_NEG,-29.717559197604437,30.49643744586834,860.5662432702593,122.63004302978516,-77.36253356933594,-16.282365798950195,0.000707961153239,-0.0005541382706724,-0.0002055003278655,0.0,0.0,0.0,0.0,176.93333824434254,0.4984037697023733,-6.951027143524975,0.0665169280887888,0.1255071254595133
BH050,173,1178847,1.7300009727478027,0.8123263410324402,7687,4,5,SHELF_NORMAL_Y_POS,-392.1574408023956,-20.81674579952917,689.4337567297406,-86.46603393554688,-106.8451156616211,-126.73889923095705,-0.0002457550144754,-0.0005187339847907,-0.0015563121996819,1.8386621377430856e-05,-0.0001259999262401,4.3289521272527054e-05,0.0001403722853865,240.50369249445467,0.6774751901252244,0.5168873229633274,0.1337649995449741,0.3571644698394131
BH050,173,1178847,1.7300009727478027,0.8123263410324402,6592,3,5,SHELF_NORMAL_Y_NEG,592.2175591976044,22.738223297176344,4589.433756729741,-107.67048645019533,-110.4165496826172,63.29510498046875,-0.0003377579560037,-0.0007869587279856,0.0007242882857099,2.4110335289151408e-05,-0.0004077263001818,-7.457813626388088e-05,0.0004597895604092,154.64461006844593,0.4356186199111153,-2.236425248386838,0.0657016462238695,0.379364011692263
BH050,173,1178847,1.7300009727478027,0.8123263410324402,7690,1,1,SHELF_NORMAL_Y_POS,-310.96755919760443,-21.386331148337096,539.4337567297406,-108.81581115722656,-312.307373046875,-10.329340934753418,-5.641934330924414e-05,-0.0014167671324685,-0.0001202129569719,1.6972142475424334e-05,-5.916406735195778e-05,1.0161592399526851e-05,6.138136086519808e-05,275.1597385905249,0.7750978551845772,2.696210693155241,0.2166625859566497,0.3371632569319804
BH050,173,1178847,1.7300009727478027,0.8123263410324402,8803,2,1,SHELF_NORMAL_Y_NEG,1246.8452994616207,24.99568236389409,4860.566243270259,-76.4205093383789,-286.5762634277344,21.90101623535156,4.637939127860591e-05,-0.0012798473471775,0.0002764166565611,0.0,0.0,0.0,0.0,259.81668254507053,0.7318779790001987,-0.0025414103739986,0.1846402124961539,0.1846402124961539
BH050,174,1185837,1.7400002479553225,0.8199614023535918,5809,3,5,SIDE_NORMAL_X_POS,-1250.0,-24.15470053837925,439.4337567297406,6.080012798309326,-367.76409912109375,116.79771423339844,0.0195985473692417,-0.0391239784657955,0.0072985873557627,0.0190329253673553,-0.0373299419879913,0.0058244685642421,0.0455015487968921,422.4316841074211,1.1899484059363976,-0.1322241175364865,0.4176827029065802,0.4176827029065802
BH050,174,1185837,1.7400002479553225,0.8199614023535918,8857,1,1,SHELF_NORMAL_Y_NEG,1246.8452994616207,25.009422437046773,2189.4337567297407,-114.97686004638672,-390.9214172363281,-3.49996018409729,0.0010223205899819,-0.0058475802652537,-0.001740954699926,0.0010111415758728,-0.0041173486970365,-0.0016967991832643,0.0044250353239476,348.0360109030962,0.9803831293044964,0.009454908415144,0.3376253161404374,0.3619825278703239
BH050,174,1185837,1.7400002479553225,0.8199614023535918,7318,1,1,SHELF_NORMAL_Y_NEG,-29.717559197604437,30.49643744586834,860.5662432702593,125.57130432128906,-66.71722412109375,-15.62480640411377,0.0007067333208397,-0.0005067445454187,-0.000197201166884,0.0,0.0,0.0,0.0,171.25861450582175,0.4824186324107655,-7.187747155595617,0.0628178859473855,0.1255071254595133
BH050,174,1185837,1.7400002479553225,0.8199614023535918,7687,4,5,SHELF_NORMAL_Y_POS,-392.1574408023956,-20.81674579952917,689.4337567297406,-94.33140563964844,-104.89785766601562,-130.08677673339844,-0.0002867723815143,-0.0004978264332748,-0.0015985668869689,1.8386621377430856e-05,-0.0001259999262401,4.3289521272527054e-05,0.0001403722853865,246.52488862851905,0.6944363059958283,0.6727529872244444,0.1406854424788232,0.3571644698394131
BH050,174,1185837,1.7400002479553225,0.8199614023535918,6592,3,5,SHELF_NORMAL_Y_NEG,592.2175591976044,22.738223297176344,4589.433756729741,-157.7057342529297,-244.2049865722656,53.1455307006836,-0.0003858081472571,-0.0013635427458211,0.0005961847491562,2.4110335289151408e-05,-0.0004077263001818,-7.457813626388088e-05,0.0004597895604092,233.3837819296406,0.6574191040271566,-3.170875247527584,0.1668572080481957,0.379364011692263
BH050,174,1185837,1.7400002479553225,0.8199614023535918,7690,1,1,SHELF_NORMAL_Y_POS,-310.96755919760443,-21.386331148337096,539.4337567297406,-93.17961120605467,-243.5536193847656,-6.447821140289307,-8.063944551395252e-05,-0.0011057800147682,-7.122280658222735e-05,1.6972142475424334e-05,-5.916406735195778e-05,1.0161592399526851e-05,6.138136086519808e-05,213.14618713503276,0.600411794746571,2.919466450976085,0.1322642544442926,0.3371632569319804
BH050,174,1185837,1.7400002479553225,0.8199614023535918,8803,2,1,SHELF_NORMAL_Y_NEG,1246.8452994616207,24.99568236389409,4860.566243270259,-42.880104064941406,-286.293701171875,25.90125274658203,0.0002087845496134,-0.0013273244258016,0.0003269046719651,0.0,0.0,0.0,0.0,271.1809499899482,0.763889999971685,-0.0017431208142396,0.1897587735384425,0.1897587735384425
BH050,175,1192828,1.7500009536743164,0.826298740648802,5809,3,5,SIDE_NORMAL_X_POS,-1250.0,-24.15470053837925,439.4337567297406,10.66533374786377,-379.5374450683594,-8.463521957397461,0.020138680934906,-0.0401343889534473,0.0059844977222383,0.0195336509495973,-0.0382766090333461,0.0060913409106433,0.0466116927564144,385.2599235402079,1.0852392212400224,-0.1314276057944552,0.356198379693927,0.4176827029065802
BH050,175,1192828,1.7500009536743164,0.826298740648802,8857,1,1,SHELF_NORMAL_Y_NEG,1246.8452994616207,25.009422437046773,2189.4337567297407,-104.533203125,-391.1067504882813,-0.6058122515678406,0.0010769802611321,-0.0058833202347159,-0.0017089833272621,0.0010148319415748,-0.0041369767859578,-0.0017013641772791,0.0044460650533437,350.72658933445217,0.98796222347733,0.0091310066358414,0.3382563900891288,0.3619825278703239
BH050,175,1192828,1.7500009536743164,0.826298740648802,7318,1,1,SHELF_NORMAL_Y_NEG,-29.717559197604437,30.49643744586834,860.5662432702593,176.09620666503906,37.46101379394531,-11.99765682220459,0.0008002764661796,-7.460527558578178e-05,-0.0001514227042207,0.0,0.0,0.0,0.0,162.01324154838707,0.4563753283053157,-7.597054869791238,0.0699732824922164,0.1255071254595133
BH050,175,1192828,1.7500009536743164,0.826298740648802,7687,4,5,SHELF_NORMAL_Y_POS,-392.1574408023956,-20.81674579952917,689.4337567297406,-62.504638671875,-57.60310363769531,-127.49835968017578,-0.0002011469041462,-0.0003145933442283,-0.0015659009804949,1.8386621377430856e-05,-0.0001259999262401,4.3289521272527054e-05,0.0001403722853865,228.89294744126656,0.6447688660317369,1.1929654955140063,0.1148763434370415,0.3571644698394131
BH050,175,1192828,1.7500009536743164,0.826298740648802,6592,3,5,SHELF_NORMAL_Y_NEG,592.2175591976044,22.738223297176344,4589.433756729741,-151.9390869140625,-217.52734375,67.0468521118164,-0.0003966668446082,-0.0012424369342625,0.0007716351537965,2.4110335289151408e-05,-0.0004077263001818,-7.457813626388088e-05,0.0004597895604092,225.4740928738924,0.6351382897856124,-3.1565521082424546,0.1511223375308577,0.379364011692263
BH050,175,1192828,1.7500009536743164,0.826298740648802,7690,1,1,SHELF_NORMAL_Y_POS,-310.96755919760443,-21.386331148337096,539.4337567297406,-91.46241760253906,-237.62486267089844,-10.280906677246094,-8.093682845355943e-05,-0.0010794987902045,-0.0001196014054585,1.6972142475424334e-05,-5.916406735195778e-05,1.0161592399526851e-05,6.138136086519808e-05,208.36097498579625,0.5869323239036514,3.017337322063929,0.126373362079386,0.3371632569319804
BH050,175,1192828,1.7500009536743164,0.826298740648802,8803,2,1,SHELF_NORMAL_Y_NEG,1246.8452994616207,24.99568236389409,4860.566243270259,15.924800872802734,-277.4669494628906,28.769760131835938,0.000481392344227,-0.0013701235875487,0.0003631095751188,0.0,0.0,0.0,0.0,290.0744913641863,0.8171112432793981,-0.0003860437111715,0.1991390713082706,0.1991390713082706
BH050,176,1199818,1.760000228881836,0.8332208466271838,5809,3,5,SIDE_NORMAL_X_POS,-1250.0,-24.15470053837925,439.4337567297406,10.90395164489746,-382.2777404785156,-99.07401275634766,0.0206649005413055,-0.0411183610558509,0.0047852275893092,0.0200547017157077,-0.0392469950020313,0.0060357088223099,0.0477424785494804,424.11140639561535,1.194680018015818,-0.1316621668274241,0.4229232578780527,0.4229232578780527
BH050,176,1199818,1.760000228881836,0.8332208466271838,8857,1,1,SHELF_NORMAL_Y_NEG,1246.8452994616207,25.009422437046773,2189.4337567297407,-117.63257598876952,-388.5873107910156,-8.025200843811035,0.0010154816554859,-0.0058805383741855,-0.0018089178483933,0.0010205914732068,-0.004165485035628,-0.001707658986561,0.0044764322228729,345.42757015386275,0.9730354088841204,0.0088387090691124,0.3339328936750246,0.3619825278703239
BH050,176,1199818,1.760000228881836,0.8332208466271838,7318,1,1,SHELF_NORMAL_Y_NEG,-29.717559197604437,30.49643744586834,860.5662432702593,174.69407653808594,23.59960174560547,-12.687600135803224,0.0008136492106132,-0.0001398497115587,-0.0001601304684299,0.0,0.0,0.0,0.0,165.6356741105272,0.4665793636916259,-7.927824674685834,0.0704343919494196,0.1255071254595133
BH050,176,1199818,1.760000228881836,0.8332208466271838,7687,4,5,SHELF_NORMAL_Y_POS,-392.1574408023956,-20.81674579952917,689.4337567297406,-71.6811752319336,-50.213138580322266,-120.91280364990234,-0.0002564562309999,-0.0002653557457961,-0.0014827840495854,1.8386621377430856e-05,-0.0001259999262401,4.3289521272527054e-05,0.0001403722853865,218.9062165463464,0.6166372297080179,1.437870265807007,0.1056094539297965,0.3571644698394131
BH050,176,1199818,1.760000228881836,0.8332208466271838,6592,3,5,SHELF_NORMAL_Y_NEG,592.2175591976044,22.738223297176344,4589.433756729741,-154.10043334960938,-244.56349182128903,75.22929382324219,-0.0003677814966067,-0.0013705261517316,0.0008749071275815,2.4110335289151408e-05,-0.0004077263001818,-7.457813626388088e-05,0.0004597895604092,250.69751687369373,0.7061901883766021,-3.198331481566312,0.1836437474284885,0.379364011692263
BH050,176,1199818,1.760000228881836,0.8332208466271838,7690,1,1,SHELF_NORMAL_Y_POS,-310.96755919760443,-21.386331148337096,539.4337567297406,-94.9280014038086,-251.25218200683597,-15.32272720336914,-7.791329699102789e-05,-0.0011406071716919,-0.0001832359848776,1.6972142475424334e-05,-5.916406735195778e-05,1.0161592399526851e-05,6.138136086519808e-05,221.3424379424547,0.6234998251900132,2.9919180894276773,0.1418435948727191,0.3371632569319804
BH050,176,1199818,1.760000228881836,0.8332208466271838,8803,2,1,SHELF_NORMAL_Y_NEG,1246.8452994616207,24.99568236389409,4860.566243270259,-87.1303482055664,-301.4696350097656,27.91383934020996,1.6080191926448606e-05,-0.0013365627964958,0.0003523061750456,0.0,0.0,0.0,0.0,273.0311912944597,0.7691019473083371,-0.0023745295189907,0.2056836704879598,0.2056836704879598
BH050,177,1206809,1.77000093460083,0.8406117978401411,5809,3,5,SIDE_NORMAL_X_POS,-1250.0,-24.15470053837925,439.4337567297406,17.50843620300293,-368.0861206054688,50.80727005004883,0.0212579797953367,-0.0421522855758667,0.0065331147052347,0.0206363704055547,-0.0403402484953403,0.005891908891499,0.0490178801119327,387.27598163364814,1.0909182581229526,-0.1345675727858109,0.3551745343820969,0.4229232578780527
BH050,177,1206809,1.77000093460083,0.8406117978401411,8857,1,1,SHELF_NORMAL_Y_NEG,1246.8452994616207,25.009422437046773,2189.4337567297407,-104.84364318847656,-388.7485656738281,-3.54309344291687,0.0010816929861903,-0.0059201475232839,-0.0017566595925018,0.0010244814911857,-0.0041856779716908,-0.0017119700787588,0.0044980039820075,348.42141359909,0.9814687707016618,0.0090141279340577,0.3342200396841461,0.3619825278703239
BH050,177,1206809,1.77000093460083,0.8406117978401411,7318,1,1,SHELF_NORMAL_Y_NEG,-29.717559197604437,30.49643744586834,860.5662432702593,133.75624084472656,-45.33405303955078,-11.22865390777588,0.000715305795893,-0.0004148584557697,-0.0001417160528944,0.0,0.0,0.0,0.0,162.4434327772991,0.4575871345839411,-7.353237015925573,0.0580363946131257,0.1255071254595133
BH050,177,1206809,1.77000093460083,0.8406117978401411,7687,4,5,SHELF_NORMAL_Y_POS,-392.1574408023956,-20.81674579952917,689.4337567297406,-43.69699478149414,-14.237174034118652,-112.23882293701172,-0.0001730021031107,-0.0001314685650868,-0.0013733125524595,1.8386621377430856e-05,-0.0001259999262401,4.3289521272527054e-05,0.0001403722853865,198.19854409353567,0.5583057580099596,1.9562419157550195,0.0837190829370722,0.3571644698394131
BH050,177,1206809,1.77000093460083,0.8406117978401411,6592,3,5,SHELF_NORMAL_Y_NEG,592.2175591976044,22.738223297176344,4589.433756729741,-165.92681884765625,-250.63992309570312,65.04508209228516,-0.0004163438570685,-0.0013828054070472,0.0007463720976375,2.4110335289151408e-05,-0.0004077263001818,-7.457813626388088e-05,0.0004597895604092,247.9047866823229,0.6983233427671068,-3.361212266272545,0.1854397872928107,0.379364011692263
BH050,177,1206809,1.77000093460083,0.8406117978401411,7690,1,1,SHELF_NORMAL_Y_POS,-310.96755919760443,-21.386331148337096,539.4337567297406,-95.14768981933594,-258.0003356933594,-14.406304359436035,-6.915308767929673e-05,-0.0011730386177077,-0.0001716691040201,1.6972142475424334e-05,-5.916406735195778e-05,1.0161592399526851e-05,6.138136086519808e-05,227.35818656449672,0.6404455959563288,2.8784500198243825,0.1490970875932308,0.3371632569319804
BH050,177,1206809,1.77000093460083,0.8406117978401411,8803,2,1,SHELF_NORMAL_Y_NEG,1246.8452994616207,24.99568236389409,4860.566243270259,-50.66566467285156,-291.223876953125,33.29799270629883,0.0001781711616786,-0.0013399225426837,0.0004202628042548,0.0,0.0,0.0,0.0,275.5895022396936,0.7763084570132215,-0.0017701399825315,0.1975917294972343,0.2056836704879598
BH050,178,1213799,1.7800002098083496,0.8491733351752896,5809,3,5,SIDE_NORMAL_X_POS,-1250.0,-24.15470053837925,439.4337567297406,16.73982810974121,-354.4120788574219,82.15867614746094,0.0219194460660219,-0.0433504469692707,0.0067796343937516,0.02132149040699,-0.0416058488190174,0.005742747336626,0.0505347959697246,389.9629276792635,1.098487120223277,-0.1316029682413175,0.3567145172040686,0.4229232578780527
BH050,178,1213799,1.7800002098083496,0.8491733351752896,8857,1,1,SHELF_NORMAL_Y_NEG,1246.8452994616207,25.009422437046773,2189.4337567297407,-121.8284149169922,-393.5726623535156,-17.48566246032715,0.0010096675250679,-0.0059353420510888,-0.0019357124110683,0.001027884078212,-0.0042021954432129,-0.001715044490993,0.0045155389234423,350.30060633556053,0.9867622713677762,0.0087530472937506,0.3441009509151795,0.3619825278703239
BH050,178,1213799,1.7800002098083496,0.8491733351752896,7318,1,1,SHELF_NORMAL_Y_NEG,-29.717559197604437,30.49643744586834,860.5662432702593,200.3023834228516,54.74129104614258,-10.208362579345703,0.0008926034206524,-2.596881313365884e-05,-0.0001288393104914,0.0,0.0,0.0,0.0,180.1817823247992,0.5075543164078851,-8.207857856371493,0.0893402966200751,0.1255071254595133
BH050,178,1213799,1.7800002098083496,0.8491733351752896,7687,4,5,SHELF_NORMAL_Y_POS,-392.1574408023956,-20.81674579952917,689.4337567297406,-44.44079208374024,-9.075827598571776,-118.72805786132812,-0.0001841307966969,-0.000105330000224,-0.0014552214415743,1.8386621377430856e-05,-0.0001259999262401,4.3289521272527054e-05,0.0001403722853865,209.6260309477377,0.5904958618246131,1.940943616215574,0.0933639793648271,0.3571644698394131
BH050,178,1213799,1.7800002098083496,0.8491733351752896,6592,3,5,SHELF_NORMAL_Y_NEG,592.2175591976044,22.738223297176344,4589.433756729741,-162.7809295654297,-258.6542053222656,66.91854095458984,-0.0003893984248861,-0.0014262988697737,0.0007700166315771,2.4110335289151408e-05,-0.0004077263001818,-7.457813626388088e-05,0.0004597895604092,254.4207742170155,0.7166782372310295,-3.5170903948430725,0.1936470057158799,0.379364011692263
BH050,178,1213799,1.7800002098083496,0.8491733351752896,7690,1,1,SHELF_NORMAL_Y_POS,-310.96755919760443,-21.386331148337096,539.4337567297406,-88.61660766601562,-230.2685546875,-14.082036018371582,-7.783638284308836e-05,-0.0010479253251105,-0.000167577076354,1.6972142475424334e-05,-5.916406735195778e-05,1.0161592399526851e-05,6.138136086519808e-05,202.64699227673773,0.5708365979626415,2.970762910811621,0.1192921258937224,0.3371632569319804
BH050,178,1213799,1.7800002098083496,0.8491733351752896,8803,2,1,SHELF_NORMAL_Y_NEG,1246.8452994616207,24.99568236389409,4860.566243270259,-14.533221244812012,-287.556884765625,34.66785430908203,0.0003482287866063,-0.0013747360790148,0.000437551527284,0.0,0.0,0.0,0.0,286.9261734946484,0.808242742238446,-0.0013081039677582,0.2027104445636335,0.2056836704879598
BH050,179,1220790,1.7900009155273438,0.8565672881069183,5809,3,5,SIDE_NORMAL_X_POS,-1250.0,-24.15470053837925,439.4337567297406,18.01654052734375,-321.4182434082031,-94.4259262084961,0.0225934777408838,-0.0445123016834259,0.0046292752958834,0.0220373347401618,-0.0429259575903415,0.005821140948683,0.0521515719592571,369.01747161588014,1.0394858355376906,-0.1324935882636473,0.3162023516801607,0.4229232578780527
BH050,179,1220790,1.7900009155273438,0.8565672881069183,8857,1,1,SHELF_NORMAL_Y_NEG,1246.8452994616207,25.009422437046773,2189.4337567297407,-96.13978576660156,-385.8493041992188,-18.85016250610352,0.0011317261960357,-0.0059718610718846,-0.0019593636970967,0.0010364924091845,-0.0042388057336211,-0.0017214769031852,0.0045540099963545,349.4181741035856,0.9842765467706636,0.0091580088695237,0.3320142260981263,0.3619825278703239
BH050,179,1220790,1.7900009155273438,0.8565672881069183,7318,1,1,SHELF_NORMAL_Y_NEG,-29.717559197604437,30.49643744586834,860.5662432702593,256.7821350097656,131.84121704101562,-6.52107572555542,0.0010545018594712,0.0002660503378137,-8.23003429104574e-05,0.0,0.0,0.0,0.0,222.6932317400039,0.6273048781408561,-9.189077267637227,0.1531935944854531,0.1531935944854531
BH050,179,1220790,1.7900009155273438,0.8565672881069183,7687,4,5,SHELF_NORMAL_Y_POS,-392.1574408023956,-20.81674579952917,689.4337567297406,-49.489990234375,-16.639650344848633,-118.47760772705078,-0.0001976251805899,-0.0001346947974525,-0.0014520632103085,1.8386621377430856e-05,-0.0001259999262401,4.3289521272527054e-05,0.0001403722853865,209.79387875269896,0.5909686725428139,2.056223360765742,0.0940006911760578,0.3571644698394131
BH050,179,1220790,1.7900009155273438,0.8565672881069183,6592,3,5,SHELF_NORMAL_Y_NEG,592.2175591976044,22.738223297176344,4589.433756729741,-162.1631622314453,-259.0470886230469,81.2636947631836,-0.0003858270938508,-0.0014291083207353,0.0009510718518868,2.4110335289151408e-05,-0.0004077263001818,-7.457813626388088e-05,0.0004597895604092,266.8440640349859,0.7516734198168616,-3.544223686601095,0.2072084756714093,0.379364011692263
BH050,179,1220790,1.7900009155273438,0.8565672881069183,7690,1,1,SHELF_NORMAL_Y_POS,-310.96755919760443,-21.386331148337096,539.4337567297406,-92.03807830810548,-235.3570709228516,-14.64791202545166,-8.703407365828753e-05,-0.0010676488745957,-0.0001747190981404,1.6972142475424334e-05,-5.916406735195778e-05,1.0161592399526851e-05,6.138136086519808e-05,206.99234321149535,0.5830770231309729,3.1024344222378017,0.1248173713906818,0.3371632569319804
BH050,179,1220790,1.7900009155273438,0.8565672881069183,8803,2,1,SHELF_NORMAL_Y_NEG,1246.8452994616207,24.99568236389409,4860.566243270259,-59.538536071777344,-298.341796875,28.76960563659668,0.0001454610319342,-0.0013615484349429,0.0003631084982771,0.0,0.0,0.0,0.0,277.9800385471391,0.7830423621046172,-0.0015563729889031,0.203995284040511,0.2056836704879598
BH050,180,1227780,1.8000001907348633,0.8654362325011453,5809,3,5,SIDE_NORMAL_X_POS,-1250.0,-24.15470053837925,439.4337567297406,29.264209747314453,-320.3554992675781,154.80128479003906,0.0236399732530117,-0.0462926365435123,0.0079721827059984,0.0230307485908269,-0.0446949675679206,0.0060184723697602,0.0544714964926242,429.8247360556701,1.2107739043821693,-0.1318656086489499,0.4160341666696252,0.4229232578780527
BH050,180,1227780,1.8000001907348633,0.8654362325011453,8857,1,1,SHELF_NORMAL_Y_NEG,1246.8452994616207,25.009422437046773,2189.4337567297407,-112.70790100097656,-386.6647644042969,-16.55634880065918,0.001056502922438,-0.005967728793621,-0.0019335590768605,0.0010405081557109,-0.0042548486962914,-0.001724625355564,0.0045708082616329,345.62244581285256,0.9735843544024017,0.0089193603923079,0.3319830855104195,0.3619825278703239
BH050,180,1227780,1.8000001907348633,0.8654362325011453,7318,1,1,SHELF_NORMAL_Y_NEG,-29.717559197604437,30.49643744586834,860.5662432702593,210.49588012695312,55.72499465942383,-2.4668240547180176,0.0009406635072082,-3.603860750445165e-05,-3.1130177376326174e-05,0.0,0.0,0.0,0.0,188.9501639244038,0.5322539828856445,-8.542024609110742,0.0980362686008494,0.1531935944854531
BH050,180,1227780,1.8000001907348633,0.8654362325011453,7687,4,5,SHELF_NORMAL_Y_POS,-392.1574408023956,-20.81674579952917,689.4337567297406,-43.00271224975586,1.650822639465332,-114.24070739746094,-0.0001927699922816,-5.535351010621525e-05,-0.0013985864352434,1.8386621377430856e-05,-0.0001259999262401,4.3289521272527054e-05,0.0001403722853865,202.67157177852903,0.5709058359958564,2.2530304475659206,0.0869591368438845,0.3571644698394131
BH050,180,1227780,1.8000001907348633,0.8654362325011453,6592,3,5,SHELF_NORMAL_Y_NEG,592.2175591976044,22.738223297176344,4589.433756729741,-175.20863342285156,-272.7057189941406,74.89241027832031,-0.0004292647645343,-0.0014764132210984,0.0008706605876795,2.4110335289151408e-05,-0.0004077263001818,-7.457813626388088e-05,0.0004597895604092,272.2364733064686,0.766863305088644,-3.384152078957144,0.2208350589396641,0.379364011692263
BH050,180,1227780,1.8000001907348633,0.8654362325011453,7690,1,1,SHELF_NORMAL_Y_POS,-310.96755919760443,-21.386331148337096,539.4337567297406,-87.90559387207031,-212.7210998535156,-14.741888999938965,-9.993628918891773e-05,-0.0009637849871069,-0.0001759046717779,1.6972142475424334e-05,-5.916406735195778e-05,1.0161592399526851e-05,6.138136086519808e-05,186.89637508257627,0.5264686622044402,3.205890854059374,0.1027259188984657,0.3371632569319804
BH050,180,1227780,1.8000001907348633,0.8654362325011453,8803,2,1,SHELF_NORMAL_Y_NEG,1246.8452994616207,24.99568236389409,4860.566243270259,-46.76591110229492,-309.9604797363281,34.1609992980957,0.0002243849012302,-0.0014365521492436,0.0004311557277105,0.0,0.0,0.0,0.0,295.41138572871915,0.8321447485316033,-0.0014233142925094,0.2247538818387526,0.2247538818387526
BH050,181,1234771,1.8100008964538572,0.8744755918310068,5809,3,5,SIDE_NORMAL_X_POS,-1250.0,-24.15470053837925,439.4337567297406,16.758136749267578,-337.8841552734375,-85.81353759765625,0.0245469808578491,-0.0481255315244197,0.0057472009211778,0.0239728726446628,-0.0464610643684864,0.0068303756415843,0.0567923970520496,377.0951287363809,1.062239799257411,-0.1282332179016373,0.3324686304728267,0.4229232578780527
BH050,181,1234771,1.8100008964538572,0.8744755918310068,8857,1,1,SHELF_NORMAL_Y_NEG,1246.8452994616207,25.009422437046773,2189.4337567297407,-126.90692901611328,-394.3669738769531,-11.227553367614746,0.0010032004211097,-0.0060004475526511,-0.0018692455487325,0.0010449144756421,-0.0042708609253168,-0.0017275655409321,0.0045874416828155,349.22908100691194,0.9837438901603152,0.0081933367706939,0.3444868316479161,0.3619825278703239
BH050,181,1234771,1.8100008964538572,0.8744755918310068,7318,1,1,SHELF_NORMAL_Y_NEG,-29.717559197604437,30.49643744586834,860.5662432702593,267.1513366699219,124.8711166381836,-2.7933509349823,0.0011149863712489,0.0002171136438846,-3.525147258187644e-05,0.0,0.0,0.0,0.0,231.5740813691684,0.6523213559694885,-9.566867738762198,0.1625379760274685,0.1625379760274685
BH050,181,1234771,1.8100008964538572,0.8744755918310068,7687,4,5,SHELF_NORMAL_Y_POS,-392.1574408023956,-20.81674579952917,689.4337567297406,-43.09490203857422,10.570045471191406,-117.04275512695312,-0.0002062076091533,-1.1922084013349377e-05,-0.001433951081708,1.8386621377430856e-05,-0.0001259999262401,4.3289521272527054e-05,0.0001403722853865,208.61790695006357,0.5876560759156719,2.414062304671213,0.0918926969837148,0.3571644698394131
BH050,181,1234771,1.8100008964538572,0.8744755918310068,6592,3,5,SHELF_NORMAL_Y_NEG,592.2175591976044,22.738223297176344,4589.433756729741,-162.81358337402344,-226.4163055419922,77.23375701904297,-0.0004365070199128,-0.0012697592610493,0.0009002175065688,2.4110335289151408e-05,-0.0004077263001818,-7.457813626388088e-05,0.0004597895604092,242.49559991184384,0.6830861969347714,-3.0523970285132034,0.1727331358243335,0.379364011692263
BH050,181,1234771,1.8100008964538572,0.8744755918310068,7690,1,1,SHELF_NORMAL_Y_POS,-310.96755919760443,-21.386331148337096,539.4337567297406,-91.72262573242188,-217.4644775390625,-15.544955253601074,-0.0001115594350267,-0.00098124332726,-0.0001860396150732,1.6972142475424334e-05,-5.916406735195778e-05,1.0161592399526851e-05,6.138136086519808e-05,191.00356824071284,0.5380382203963742,3.390925969654351,0.1076784104159255,0.3371632569319804
BH050,181,1234771,1.8100008964538572,0.8744755918310068,8803,2,1,SHELF_NORMAL_Y_NEG,1246.8452994616207,24.99568236389409,4860.566243270259,-39.32429122924805,-299.6358947753906,30.589303970336918,0.0002454734640195,-0.0013972696615383,0.0003860753495246,0.0,0.0,0.0,0.0,286.97075928013453,0.8083683360003789,-0.0009975656381451,0.2104135064943235,0.2247538818387526
BH050,182,1241761,1.820000171661377,0.8837485549348055,5809,3,5,SIDE_NORMAL_X_POS,-1250.0,-24.15470053837925,439.4337567297406,-6.856357574462891,-389.1181335449219,36.50321578979492,0.025078086182475,-0.0494089312851429,0.0070909718051552,0.0245439857244491,-0.0475300811231136,0.006630330812186,0.0581107847392559,390.8829143354439,1.101078631930828,-0.1284121454511931,0.3721028860382514,0.4229232578780527
BH050,182,1241761,1.820000171661377,0.8837485549348055,8857,1,1,SHELF_NORMAL_Y_NEG,1246.8452994616207,25.009422437046773,2189.4337567297407,-111.80093383789062,-393.09375,-14.035171508789062,0.0010799008887261,-0.0060387169942259,-0.0019087879918515,0.001050133141689,-0.0042933076620101,-0.0017316755838692,0.0046110576950013,351.6601411563329,0.9905919469192476,0.0075362438413689,0.3426328724502796,0.3619825278703239
BH050,182,1241761,1.820000171661377,0.8837485549348055,7318,1,1,SHELF_NORMAL_Y_NEG,-29.717559197604437,30.49643744586834,860.5662432702593,232.5479736328125,86.86439514160156,0.9150362014770508,0.0010023525683209,8.301029447466135e-05,1.1553424883459227e-05,0.0,0.0,0.0,0.0,203.53465549329485,0.5733370577275911,-9.215041988106467,0.1201558891574451,0.1625379760274685
BH050,182,1241761,1.820000171661377,0.8837485549348055,7687,4,5,SHELF_NORMAL_Y_POS,-392.1574408023956,-20.81674579952917,689.4337567297406,-39.07359313964844,10.899386405944824,-118.15740203857422,-0.0001871660206234,-1.617983252799604e-05,-0.0014480254612863,1.8386621377430856e-05,-0.0001259999262401,4.3289521272527054e-05,0.0001403722853865,209.65432374335228,0.590575559840429,2.539216049699989,0.0927198289027972,0.3571644698394131
BH050,182,1241761,1.820000171661377,0.8837485549348055,6592,3,5,SHELF_NORMAL_Y_NEG,592.2175591976044,22.738223297176344,4589.433756729741,-161.4105224609375,-246.4346466064453,81.50254821777344,-0.0004005422233603,-0.0013689820189028,0.0009540919563733,2.4110335289151408e-05,-0.0004077263001818,-7.457813626388088e-05,0.0004597895604092,258.71652990465265,0.7287789574778948,-3.169707155249765,0.1946381864063655,0.379364011692263
BH050,182,1241761,1.820000171661377,0.8837485549348055,7690,1,1,SHELF_NORMAL_Y_POS,-310.96755919760443,-21.386331148337096,539.4337567297406,-88.00302124023438,-202.6472320556641,-14.350189208984377,-0.0001150810130639,-0.0009147361852228,-0.0001709606440272,1.6972142475424334e-05,-5.916406735195778e-05,1.0161592399526851e-05,6.138136086519808e-05,177.74883271448775,0.5007009372239092,3.4825646632359337,0.0937992846053197,0.3371632569319804
BH050,182,1241761,1.820000171661377,0.8837485549348055,8803,2,1,SHELF_NORMAL_Y_NEG,1246.8452994616207,24.99568236389409,4860.566243270259,-30.482257843017575,-299.7991943359375,35.4713020324707,0.0002886316506192,-0.0014109337935224,0.0004476920585148,0.0,0.0,0.0,0.0,292.3094395130693,0.8234068718678009,-0.0012938219788992,0.215037760165897,0.2247538818387526
BH050,183,1248752,1.830000877380371,0.8911766414218666,5809,3,5,SIDE_NORMAL_X_POS,-1250.0,-24.15470053837925,439.4337567297406,9.074207305908203,-325.3127746582031,81.74217224121094,0.0257669445127248,-0.0505682975053787,0.0075053526088595,0.025248497724533,-0.0489760227501392,0.0064737289212644,0.0598478130996227,359.0376669914921,1.011373709835189,-0.1254188729361892,0.3034885639652319,0.4229232578780527
BH050,183,1248752,1.830000877380371,0.8911766414218666,8857,1,1,SHELF_NORMAL_Y_NEG,1246.8452994616207,25.009422437046773,2189.4337567297407,-112.1847686767578,-390.6909790039063,-17.304380416870117,0.0010791359236463,-0.0060441466048359,-0.0019532546866685,0.0010547261917963,-0.0043109864927828,-0.0017348852707073,0.0046295002102851,349.7050343350441,0.9850846037606876,0.0074333866879301,0.3390789480080033,0.3619825278703239
BH050,183,1248752,1.830000877380371,0.8911766414218666,7318,1,1,SHELF_NORMAL_Y_NEG,-29.717559197604437,30.49643744586834,860.5662432702593,297.4718933105469,138.68272399902344,3.2425453662872314,0.0012420616112649,0.000240003602812,4.092980088898912e-05,0.0,0.0,0.0,0.0,257.8754642641569,0.7264097584905829,-10.30396230822005,0.2014458911656785,0.2014458911656785
BH050,183,1248752,1.830000877380371,0.8911766414218666,7687,4,5,SHELF_NORMAL_Y_POS,-392.1574408023956,-20.81674579952917,689.4337567297406,-48.864742279052734,5.756972312927246,-115.74231719970705,-0.0002272070705657,-2.688391032279469e-05,-0.0014175431570038,1.8386621377430856e-05,-0.0001259999262401,4.3289521272527054e-05,0.0001403722853865,207.10159513838053,0.5833847750376916,2.717526729040894,0.0908263196471285,0.3571644698394131
BH050,183,1248752,1.830000877380371,0.8911766414218666,6592,3,5,SHELF_NORMAL_Y_NEG,592.2175591976044,22.738223297176344,4589.433756729741,-179.00379943847656,-267.9134826660156,76.34632110595703,-0.0004546682757791,-0.0014476251089945,0.0008890130557119,2.4110335289151408e-05,-0.0004077263001818,-7.457813626388088e-05,0.0004597895604092,270.8297349422221,0.7629006618090763,-3.5121771186816715,0.2189400903662655,0.379364011692263
BH050,183,1248752,1.830000877380371,0.8911766414218666,7690,1,1,SHELF_NORMAL_Y_POS,-310.96755919760443,-21.386331148337096,539.4337567297406,-97.10047912597656,-222.15972900390625,-16.021595001220703,-0.0001308297942159,-0.0009962046751752,-0.0001920570357469,1.6972142475424334e-05,-5.916406735195778e-05,1.0161592399526851e-05,6.138136086519808e-05,194.88895973850413,0.5489829851788849,3.629085924906517,0.112881287332188,0.3371632569319804
BH050,183,1248752,1.830000877380371,0.8911766414218666,8803,2,1,SHELF_NORMAL_Y_NEG,1246.8452994616207,24.99568236389409,4860.566243270259,-57.07067489624024,-313.4556884765625,33.60784149169922,0.0001794505515135,-0.0014385021058842,0.0004241708084009,0.0,0.0,0.0,0.0,294.97603955100936,0.8309184212704489,-0.0020806463624778,0.2274578561525377,0.2274578561525377
BH050,184,1255742,1.8400001525878904,0.8992889164455989,5809,3,5,SIDE_NORMAL_X_POS,-1250.0,-24.15470053837925,439.4337567297406,-9.331097602844238,-377.8753967285156,-100.4126434326172,0.0264622718095779,-0.0521707087755203,0.00555572938174,0.0259565711021423,-0.0503500662744045,0.006823144853115,0.0616082772612571,411.8239787943356,1.1600675458995369,-0.1253658601944115,0.4052395660091615,0.4229232578780527
BH050,184,1255742,1.8400001525878904,0.8992889164455989,8857,1,1,SHELF_NORMAL_Y_NEG,1246.8452994616207,25.009422437046773,2189.4337567297407,-121.48026275634766,-398.3920593261719,-16.64698028564453,0.0010460695484653,-0.0060712890699505,-0.0019456304144114,0.0010555646149441,-0.004314278718084,-0.0017355534946545,0.0046329442411661,354.8355689391996,0.9995368139132382,0.0074012263426716,0.3523088514495678,0.3619825278703239
BH050,184,1255742,1.8400001525878904,0.8992889164455989,7318,1,1,SHELF_NORMAL_Y_NEG,-29.717559197604437,30.49643744586834,860.5662432702593,252.9807891845703,84.59973907470703,0.593873143196106,0.001104847760871,4.2258190660504624e-05,7.500023002648959e-06,0.0,0.0,0.0,0.0,223.05906134465604,0.6283353840694537,-9.890210683089302,0.1415409403868377,0.2014458911656785
BH050,184,1255742,1.8400001525878904,0.8992889164455989,7687,4,5,SHELF_NORMAL_Y_POS,-392.1574408023956,-20.81674579952917,689.4337567297406,-35.37601852416992,16.326101303100586,-118.79225158691406,-0.0001771200622897,4.778507445735158e-06,-0.0014560391427949,1.8386621377430856e-05,-0.0001259999262401,4.3289521272527054e-05,0.0001403722853865,210.78508923492083,0.5937608147462559,2.935284591923611,0.0935806253671305,0.3571644698394131
BH050,184,1255742,1.8400001525878904,0.8992889164455989,6592,3,5,SHELF_NORMAL_Y_NEG,592.2175591976044,22.738223297176344,4589.433756729741,-164.36459350585938,-256.675537109375,78.10330963134766,-0.0003999676846433,-0.0014143934240564,0.0009111841209232,2.4110335289151408e-05,-0.0004077263001818,-7.457813626388088e-05,0.0004597895604092,262.6976618757055,0.7399934137343817,-3.2899757272896126,0.2025442521327298,0.379364011692263
BH050,184,1255742,1.8400001525878904,0.8992889164455989,7690,1,1,SHELF_NORMAL_Y_POS,-310.96755919760443,-21.386331148337096,539.4337567297406,-89.78430938720703,-212.09536743164065,-14.156927108764648,-0.0001099718501791,-0.0009580020559951,-0.0001685225142864,1.6972142475424334e-05,-5.916406735195778e-05,1.0161592399526851e-05,6.138136086519808e-05,186.02173734408893,0.5240048939270111,3.79460199308508,0.1022824590353933,0.3371632569319804
BH050,184,1255742,1.8400001525878904,0.8992889164455989,8803,2,1,SHELF_NORMAL_Y_NEG,1246.8452994616207,24.99568236389409,4860.566243270259,-118.79927825927734,-333.381591796875,34.66987991333008,-9.118555317400023e-05,-0.0014453365001827,0.000437576760305,0.0,0.0,0.0,0.0,298.75920654125423,0.8415752296936739,-0.0028544669008148,0.2539237931688304,0.2539237931688304
BH050,185,1262733,1.8500008583068848,0.9056764334552162,5809,3,5,SIDE_NORMAL_X_POS,-1250.0,-24.15470053837925,439.4337567297406,18.126686096191406,-351.18389892578125,109.47280883789062,0.0274928156286478,-0.0539172813296318,0.0085715893656015,0.0268927179276943,-0.0521862432360649,0.0071899574249982,0.0638653561472892,407.4032345673994,1.14761474526028,-0.1231568543926469,0.3849995495182502,0.4229232578780527
BH050,185,1262733,1.8500008583068848,0.9056764334552162,8857,1,1,SHELF_NORMAL_Y_NEG,1246.8452994616207,25.009422437046773,2189.4337567297407,-127.0712661743164,-398.3803405761719,-17.618263244628906,0.001025126199238,-0.0060869459994137,-0.0019620701204985,0.0010617848020046,-0.0043381322175264,-0.0017397438641637,0.0046578259207308,353.78315074072174,0.9965722556076668,0.0067157454006542,0.3526288844502742,0.3619825278703239
BH050,185,1262733,1.8500008583068848,0.9056764334552162,7318,1,1,SHELF_NORMAL_Y_NEG,-29.717559197604437,30.49643744586834,860.5662432702593,282.04803466796875,121.80592346191406,-0.418129563331604,0.0011917700758203,0.000180539820576,-5.272786893328885e-06,0.0,0.0,0.0,0.0,245.01669335806216,0.6901878686142596,-10.637310729037598,0.1790635129632848,0.2014458911656785
BH050,185,1262733,1.8500008583068848,0.9056764334552162,7687,4,5,SHELF_NORMAL_Y_POS,-392.1574408023956,-20.81674579952917,689.4337567297406,-53.46747970581055,-0.8860352039337158,-127.8540267944336,-0.0002398758224444,-5.242869883659296e-05,-0.0015704160323366,1.8386621377430856e-05,-0.0001259999262401,4.3289521272527054e-05,0.0001403722853865,227.7106472649976,0.6414384429999931,2.917051453787969,0.1100320442075314,0.3571644698394131
BH050,185,1262733,1.8500008583068848,0.9056764334552162,6592,3,5,SHELF_NORMAL_Y_NEG,592.2175591976044,22.738223297176344,4589.433756729741,-168.6823272705078,-247.6433258056641,82.47989654541016,-0.0004340788291301,-0.0013642659178003,0.0009664286626502,2.4110335289151408e-05,-0.0004077263001818,-7.457813626388088e-05,0.0004597895604092,261.56584605410865,0.7368052001524187,-3.2010972286430817,0.200019696369258,0.379364011692263
BH050,185,1262733,1.8500008583068848,0.9056764334552162,7690,1,1,SHELF_NORMAL_Y_POS,-310.96755919760443,-21.386331148337096,539.4337567297406,-84.93836212158203,-197.4998321533203,-16.51024627685547,-0.0001077009437722,-0.0008942083804868,-0.0001982251560548,1.6972142475424334e-05,-5.916406735195778e-05,1.0161592399526851e-05,6.138136086519808e-05,173.96310383085134,0.4900369121995812,3.983810545579981,0.0894748184154371,0.3371632569319804
BH050,185,1262733,1.8500008583068848,0.9056764334552162,8803,2,1,SHELF_NORMAL_Y_NEG,1246.8452994616207,24.99568236389409,4860.566243270259,-100.15091705322266,-328.0439147949219,32.27265548706055,-8.433286893705372e-06,-0.0014465800486505,0.0004073195741511,0.0,0.0,0.0,0.0,296.5024286522764,0.8352181088796519,-0.0025242055427979,0.2442631241736356,0.2539237931688304
BH050,186,1269723,1.8600001335144043,0.9113228097066844,5809,3,5,SIDE_NORMAL_X_POS,-1250.0,-24.15470053837925,439.4337567297406,-9.80063533782959,-374.3899230957031,-109.91548919677734,0.0283545702695846,-0.0558560229837894,0.0059307157061994,0.0278562828898429,-0.0540529564023017,0.0073180636391043,0.0661976784467697,415.7389230686889,1.171095557939969,-0.1212757132414728,0.4113128674278867,0.4229232578780527
BH050,186,1269723,1.8600001335144043,0.9113228097066844,8857,1,1,SHELF_NORMAL_Y_NEG,1246.8452994616207,25.009422437046773,2189.4337567297407,-121.82828521728516,-396.1486511230469,-16.9005184173584,0.0010503408266231,-0.006097940262407,-0.0019558207131922,0.0010647968156263,-0.0043523255735635,-0.0017425565747544,0.004672875162214,352.6622414952567,0.9934147647753708,0.0063269862002348,0.3484386917409738,0.3619825278703239
BH050,186,1269723,1.8600001335144043,0.9113228097066844,7318,1,1,SHELF_NORMAL_Y_NEG,-29.717559197604437,30.49643744586834,860.5662432702593,276.5238342285156,100.95181274414062,1.3592792749404907,0.0011953356442973,8.734787843422964e-05,1.716056067380123e-05,0.0,0.0,0.0,0.0,242.37710283952276,0.6827524023648528,-10.59691254390222,0.1696903543874458,0.2014458911656785
BH050,186,1269723,1.8600001335144043,0.9113228097066844,7687,4,5,SHELF_NORMAL_Y_POS,-392.1574408023956,-20.81674579952917,689.4337567297406,-40.26763916015625,13.477961540222168,-122.90379333496094,-0.0001967164571397,-1.9241781501477817e-06,-0.0015079361619427,1.8386621377430856e-05,-0.0001259999262401,4.3289521272527054e-05,0.0001403722853865,218.3160350297173,0.614974746562584,3.2673780165583683,0.1004935994165259,0.3571644698394131
BH050,186,1269723,1.8600001335144043,0.9113228097066844,6592,3,5,SHELF_NORMAL_Y_NEG,592.2175591976044,22.738223297176344,4589.433756729741,-173.14572143554688,-255.3412933349609,87.23539733886719,-0.0004445359518285,-0.0013951391447335,0.0010264507727697,2.4110335289151408e-05,-0.0004077263001818,-7.457813626388088e-05,0.0004597895604092,271.65678370555975,0.7652303766353795,-3.2824475560411983,0.2146649617656849,0.379364011692263
BH050,186,1269723,1.8600001335144043,0.9113228097066844,7690,1,1,SHELF_NORMAL_Y_POS,-310.96755919760443,-21.386331148337096,539.4337567297406,-83.9824447631836,-186.1539764404297,-13.646653175354004,-0.0001195830700453,-0.0008405240369029,-0.0001620822149561,1.6972142475424334e-05,-5.916406735195778e-05,1.0161592399526851e-05,6.138136086519808e-05,163.1912416699961,0.4596936385070312,4.160148456853554,0.0796352727902568,0.3371632569319804
BH050,186,1269723,1.8600001335144043,0.9113228097066844,8803,2,1,SHELF_NORMAL_Y_NEG,1246.8452994616207,24.99568236389409,4860.566243270259,-120.54840087890624,-332.0342102050781,32.97666549682617,-0.0001016392925521,-0.0014362464426085,0.0004162046534474,0.0,0.0,0.0,0.0,296.6729209508805,0.8356983688757199,-0.0032146843231765,0.2514276455097912,0.2539237931688304
BH050,187,1276714,1.8700008392333984,0.9169123220432446,5809,3,5,SIDE_NORMAL_X_POS,-1250.0,-24.15470053837925,439.4337567297406,9.475570678710938,-351.682861328125,-154.80223083496094,0.0295623391866683,-0.0579927153885364,0.0059344912879168,0.0290035679936409,-0.0562717504799366,0.0078883711248636,0.06900155544281,446.0876698756333,1.2565849855651643,-0.114653060944937,0.4564989813108723,0.4564989813108723
BH050,187,1276714,1.8700008392333984,0.9169123220432446,8857,1,1,SHELF_NORMAL_Y_NEG,1246.8452994616207,25.009422437046773,2189.4337567297407,-115.71624755859376,-393.769287109375,-18.19128799438477,0.0010790650267153,-0.0061060455627739,-0.0019743277225643,0.0010673126671463,-0.0043630832806229,-0.0017447809223085,0.0046842042356729,351.95421007317367,0.991420310065278,0.006264640679465,0.3445641331550898,0.3619825278703239
BH050,187,1276714,1.8700008392333984,0.9169123220432446,7318,1,1,SHELF_NORMAL_Y_NEG,-29.717559197604437,30.49643744586834,860.5662432702593,287.2593994140625,106.7554931640625,5.37209415435791,0.0012390004703775,9.988414240069687e-05,6.780763942515478e-05,0.0,0.0,0.0,0.0,251.6639767801091,0.7089126106481947,-11.135742788646972,0.1834715416097895,0.2014458911656785
BH050,187,1276714,1.8700008392333984,0.9169123220432446,7687,4,5,SHELF_NORMAL_Y_POS,-392.1574408023956,-20.81674579952917,689.4337567297406,-49.891693115234375,15.485289573669434,-128.2554168701172,-0.0002463569107931,2.183503420383204e-05,-0.0015754806809127,1.8386621377430856e-05,-0.0001259999262401,4.3289521272527054e-05,0.0001403722853865,229.8911012194204,0.6475805668152687,3.431584581108059,0.1115577427996943,0.3571644698394131
BH050,187,1276714,1.8700008392333984,0.9169123220432446,6592,3,5,SHELF_NORMAL_Y_NEG,592.2175591976044,22.738223297176344,4589.433756729741,-171.78085327148438,-261.996337890625,86.11802673339844,-0.0004282169393263,-0.0014294332358986,0.0010123454267159,2.4110335289151408e-05,-0.0004077263001818,-7.457813626388088e-05,0.0004597895604092,274.5791902662783,0.7734625077923333,-3.226110224453004,0.2194990628722805,0.379364011692263
BH050,187,1276714,1.8700008392333984,0.9169123220432446,7690,1,1,SHELF_NORMAL_Y_POS,-310.96755919760443,-21.386331148337096,539.4337567297406,-85.48540496826172,-190.3339080810547,-16.620431900024414,-0.0001207925961352,-0.0008586235926486,-0.0001996154896914,1.6972142475424334e-05,-5.916406735195778e-05,1.0161592399526851e-05,6.138136086519808e-05,167.60875897793727,0.4721373492336261,4.350179796778415,0.0837128882290505,0.3371632569319804
BH050,187,1276714,1.8700008392333984,0.9169123220432446,8803,2,1,SHELF_NORMAL_Y_NEG,1246.8452994616207,24.99568236389409,4860.566243270259,-142.95315551757812,-343.34210205078125,27.981863021850582,-0.0001939324720297,-0.0014585123863071,0.0003531640395522,0.0,0.0,0.0,0.0,302.6326498866328,0.8524863377088248,-0.0033698535649344,0.2691846851234346,0.2691846851234346
BH050,188,1283704,1.880000114440918,0.9221754818499882,5809,3,5,SIDE_NORMAL_X_POS,-1250.0,-24.15470053837925,439.4337567297406,6.5972418785095215,-367.70550537109375,129.4639129638672,0.0307343825697898,-0.0602889545261859,0.0100665148347616,0.0301662236452102,-0.0584943778812885,0.0084325792267918,0.0718381330370903,433.5428683756141,1.2212475165510257,-0.1110570178538224,0.4375754665966096,0.4564989813108723
BH050,188,1283704,1.880000114440918,0.9221754818499882,8857,1,1,SHELF_NORMAL_Y_NEG,1246.8452994616207,25.009422437046773,2189.4337567297407,-121.58106231689452,-396.134765625,-21.28336524963379,0.0010589089943096,-0.0061276233755052,-0.0020172432996332,0.0010721834842115,-0.0043817115947604,-0.0017486773431301,0.0047036577016115,353.4135913269108,0.9955312431743966,0.0056919116771333,0.3494681902920369,0.3619825278703239
BH050,188,1283704,1.880000114440918,0.9221754818499882,7318,1,1,SHELF_NORMAL_Y_NEG,-29.717559197604437,30.49643744586834,860.5662432702593,277.8246154785156,99.3393096923828,0.0706361532211303,0.0012040013680234,7.76241795392707e-05,8.959919455264753e-07,0.0,0.0,0.0,0.0,243.8358564017097,0.6868615673287598,-11.24732556185188,0.1711068665087494,0.2014458911656785
BH050,188,1283704,1.880000114440918,0.9221754818499882,7687,4,5,SHELF_NORMAL_Y_POS,-392.1574408023956,-20.81674579952917,689.4337567297406,-30.99493789672852,39.42552947998047,-126.7754898071289,-0.0001894885353976,0.0001105299161281,-0.0015568062663078,1.8386621377430856e-05,-0.0001259999262401,4.3289521272527054e-05,0.0001403722853865,227.9322812488149,0.6420627640811686,3.7680827524127007,0.1093118089412918,0.3571644698394131
BH050,188,1283704,1.880000114440918,0.9221754818499882,6592,3,5,SHELF_NORMAL_Y_NEG,592.2175591976044,22.738223297176344,4589.433756729741,-175.87216186523438,-239.7205810546875,84.3667984008789,-0.0004805183853022,-0.0013153403997421,0.0009902368765324,2.4110335289151408e-05,-0.0004077263001818,-7.457813626388088e-05,0.0004597895604092,259.9808983058444,0.7323405586080124,-3.0376788464790545,0.1980836280933069,0.379364011692263
BH050,188,1283704,1.880000114440918,0.9221754818499882,7690,1,1,SHELF_NORMAL_Y_POS,-310.96755919760443,-21.386331148337096,539.4337567297406,-92.46349334716795,-206.4486083984375,-17.702917098999023,-0.000131199019961,-0.0009266871493309,-0.0002132770750904,1.6972142475424334e-05,-5.916406735195778e-05,1.0161592399526851e-05,6.138136086519808e-05,181.7188647440718,0.5118841260396388,4.494512626116715,0.098376299053359,0.3371632569319804
BH050,188,1283704,1.880000114440918,0.9221754818499882,8803,2,1,SHELF_NORMAL_Y_NEG,1246.8452994616207,24.99568236389409,4860.566243270259,-205.2126922607422,-363.3080749511719,28.84408187866211,-0.0004670888010878,-0.0014647631905972,0.0003640465147327,0.0,0.0,0.0,0.0,319.44564699976706,0.8998468929570903,-0.0044390943499693,0.319253966344215,0.319253966344215
BH050,189,1290695,1.890000820159912,0.9268077804081664,5809,3,5,SIDE_NORMAL_X_POS,-1250.0,-24.15470053837925,439.4337567297406,19.081134796142575,-328.1479797363281,-100.3957290649414,0.032127346843481,-0.062713012099266,0.0076685296371579,0.0315562412142753,-0.061092372983694,0.0089357579126954,0.075148731470108,380.190122686027,1.0709580920733155,-0.1025977155466241,0.3349597052106803,0.4564989813108723
BH050,189,1290695,1.890000820159912,0.9268077804081664,8857,1,1,SHELF_NORMAL_Y_NEG,1246.8452994616207,25.009422437046773,2189.4337567297407,-147.54981994628906,-400.7210998535156,-27.661081314086918,0.0009480613516643,-0.0061439615674316,-0.0021045834291726,0.0010807196376845,-0.0044136065989732,-0.0017555226804688,0.0047369478270411,354.2843905118062,0.997984198624806,0.0047915639967206,0.3613035453897968,0.3619825278703239
BH050,189,1290695,1.890000820159912,0.9268077804081664,7318,1,1,SHELF_NORMAL_Y_NEG,-29.717559197604437,30.49643744586834,860.5662432702593,284.5762634277344,105.6534194946289,-0.155483216047287,0.001227592350915,9.843969019129872e-05,-1.95791926671518e-06,0.0,0.0,0.0,0.0,249.15840733225576,0.7018546685415655,-11.684208226988432,0.1798743307893277,0.2014458911656785
BH050,189,1290695,1.890000820159912,0.9268077804081664,7687,4,5,SHELF_NORMAL_Y_POS,-392.1574408023956,-20.81674579952917,689.4337567297406,-64.80853271484375,-12.325021743774414,-128.391845703125,-0.0002782669907901,-9.14429620024748e-05,-0.0015772071201354,1.8386621377430856e-05,-0.0001259999262401,4.3289521272527054e-05,0.0001403722853865,230.2318041190402,0.648540293293071,3.839737526093972,0.1134301600942739,0.3571644698394131
BH050,189,1290695,1.890000820159912,0.9268077804081664,6592,3,5,SHELF_NORMAL_Y_NEG,592.2175591976044,22.738223297176344,4589.433756729741,-167.86293029785156,-241.2125396728516,88.91809844970703,-0.0004394642019178,-0.0013342427555471,0.0010476786410436,2.4110335289151408e-05,-0.0004077263001818,-7.457813626388088e-05,0.0004597895604092,263.7993434890847,0.7430967422227739,-2.971352412440278,0.2005501513564823,0.379364011692263
BH050,189,1290695,1.890000820159912,0.9268077804081664,7690,1,1,SHELF_NORMAL_Y_POS,-310.96755919760443,-21.386331148337096,539.4337567297406,-87.52667999267578,-187.4243621826172,-19.206653594970703,-0.0001349419908365,-0.0008415229385718,-0.0002322579384781,1.6972142475424334e-05,-5.916406735195778e-05,1.0161592399526851e-05,6.138136086519808e-05,165.80369629614245,0.4670526656229364,4.707231874032208,0.0822916416599101,0.3371632569319804
BH050,189,1290695,1.890000820159912,0.9268077804081664,8803,2,1,SHELF_NORMAL_Y_NEG,1246.8452994616207,24.99568236389409,4860.566243270259,-333.09576416015625,-366.8025512695313,24.944429397583008,-0.0011888662120327,-0.001474191667512,0.000379504985176,-0.0001060818613041,-0.0001786973007256,6.467821367550641e-05,0.0002904590510297,353.8123758182706,0.9966545797697764,-0.0075225788574416,0.4218543590981223,0.4218543590981223
BH050,190,1297685,1.900000095367432,0.9336645075582282,5809,3,5,SIDE_NORMAL_X_POS,-1250.0,-24.15470053837925,439.4337567297406,7.611222267150879,-366.4384460449219,-135.23611450195312,0.0333192758262157,-0.0651336535811424,0.0077788806520402,0.0327480621635913,-0.0633440017700195,0.00948585011065,0.0779943764209747,438.1672396483453,1.234273914502381,-0.0979890594246289,0.4454563434550744,0.4564989813108723
BH050,190,1297685,1.900000095367432,0.9336645075582282,8857,1,1,SHELF_NORMAL_Y_NEG,1246.8452994616207,25.009422437046773,2189.4337567297407,-135.53494262695312,-394.2018737792969,-24.74885368347168,0.0010002977214753,-0.0061511727981269,-0.0020727671217173,0.0010841186158359,-0.0044349352829158,-0.0017604649765416,0.0047600455582141,349.534300024795,0.9846036620416762,0.0044143473301764,0.3478171356888384,0.3619825278703239
BH050,190,1297685,1.900000095367432,0.9336645075582282,7318,1,1,SHELF_NORMAL_Y_NEG,-29.717559197604437,30.49643744586834,860.5662432702593,291.5189514160156,105.8458480834961,4.00993013381958,0.001261017168872,8.926155715016648e-05,5.06153010064736e-05,0.0,0.0,0.0,0.0,255.69280507124657,0.7202614227359059,-12.075261406980514,0.1886331595268846,0.2014458911656785
BH050,190,1297685,1.900000095367432,0.9336645075582282,7687,4,5,SHELF_NORMAL_Y_POS,-392.1574408023956,-20.81674579952917,689.4337567297406,-57.90492248535156,-22.73489189147949,-136.5678253173828,-0.0002295943850185,-0.0001520294317742,-0.0016804030165076,1.8386621377430856e-05,-0.0001259999262401,4.3289521272527054e-05,0.0001403722853865,241.87952774143665,0.681350782370244,3.9753830961578993,0.1251773257190016,0.3571644698394131
BH050,190,1297685,1.900000095367432,0.9336645075582282,6592,3,5,SHELF_NORMAL_Y_NEG,592.2175591976044,22.738223297176344,4589.433756729741,-177.34310913085938,-252.7127990722656,88.00979614257812,-0.0004687360487878,-0.0013762596063315,0.0010362156899645,2.4110335289151408e-05,-0.0004077263001818,-7.457813626388088e-05,0.0004597895604092,271.54122397469587,0.764904856266749,-2.94598987806554,0.21496544027693,0.379364011692263
BH050,190,1297685,1.900000095367432,0.9336645075582282,7690,1,1,SHELF_NORMAL_Y_POS,-310.96755919760443,-21.386331148337096,539.4337567297406,-85.4155044555664,-174.08145141601562,-21.008420944213867,-0.0001441266358597,-0.000779825320933,-0.0002549992641434,1.6972142475424334e-05,-5.916406735195778e-05,1.0161592399526851e-05,6.138136086519808e-05,155.09663565389545,0.4368919314194238,4.942635910319153,0.0723911895191446,0.3371632569319804
BH050,190,1297685,1.900000095367432,0.9336645075582282,8803,2,1,SHELF_NORMAL_Y_NEG,1246.8452994616207,24.99568236389409,4860.566243270259,-376.5968933105469,-306.259765625,10.42316436767578,-0.0019159620860591,-0.0014375961618497,0.00029599366826,-0.0005338377668522,-0.000499349378515,0.000164445140399,0.001045589451678,347.2890940956121,0.9782791382974988,-0.009685379055352,0.4046084068679857,0.4218543590981223
BH050,191,1304676,1.9100008010864256,0.9395726641914643,5809,3,5,SIDE_NORMAL_X_POS,-1250.0,-24.15470053837925,439.4337567297406,13.076224327087402,-368.0372619628906,-66.47101593017578,0.0346207395195961,-0.0675420239567756,0.0085476348176598,0.0340207442641258,-0.065736636519432,0.009386695921421,0.0810096487402916,392.0333397943554,1.1043192670263533,-0.093719124380105,0.3639965676029281,0.4564989813108723
BH050,191,1304676,1.9100008010864256,0.9395726641914643,8857,1,1,SHELF_NORMAL_Y_NEG,1246.8452994616207,25.009422437046773,2189.4337567297407,-96.74468231201172,-387.7207946777344,-24.589752197265625,0.0011797755723819,-0.006179288495332,-0.0020714695565402,0.0010847303783521,-0.0044380174949765,-0.0017611706862226,0.004763335455209,352.12354481587363,0.9918973093404893,0.0048279312732051,0.3367826662512786,0.3619825278703239
BH050,191,1304676,1.9100008010864256,0.9395726641914643,7318,1,1,SHELF_NORMAL_Y_NEG,-29.717559197604437,30.49643744586834,860.5662432702593,292.8009948730469,97.72997283935548,4.548455715179443,0.0012790617765858,4.799424277734943e-05,5.741238419432193e-05,0.0,0.0,0.0,0.0,258.32189659749497,0.7276673143591408,-12.271302280353437,0.1897337759536486,0.2014458911656785
BH050,191,1304676,1.9100008010864256,0.9395726641914643,7687,4,5,SHELF_NORMAL_Y_POS,-392.1574408023956,-20.81674579952917,689.4337567297406,-58.14021301269531,2.030874013900757,-125.97438049316406,-0.0002668031083885,-3.146478411508724e-05,-0.0015467011835426,1.8386621377430856e-05,-0.0001259999262401,4.3289521272527054e-05,0.0001403722853865,226.07768109236588,0.6368385382883546,4.453131745189253,0.1085369244313762,0.3571644698394131
BH050,191,1304676,1.9100008010864256,0.9395726641914643,6592,3,5,SHELF_NORMAL_Y_NEG,592.2175591976044,22.738223297176344,4589.433756729741,-176.4965057373047,-240.3778076171875,84.20758056640625,-0.0004825886280741,-0.0013176130596548,0.0009882271988317,2.4110335289151408e-05,-0.0004077263001818,-7.457813626388088e-05,0.0004597895604092,260.3447977310854,0.7333656274115082,-2.823556389913059,0.1988245530282465,0.379364011692263
BH050,191,1304676,1.9100008010864256,0.9395726641914643,7690,1,1,SHELF_NORMAL_Y_POS,-310.96755919760443,-21.386331148337096,539.4337567297406,-92.12300872802734,-193.96340942382807,-19.01566505432129,-0.0001477324985899,-0.0008665724890306,-0.0002298482286278,1.6972142475424334e-05,-5.916406735195778e-05,1.0161592399526851e-05,6.138136086519808e-05,171.24469809464154,0.4823794312525113,5.132618791008129,0.088171166596225,0.3371632569319804
BH050,191,1304676,1.9100008010864256,0.9395726641914643,8803,2,1,SHELF_NORMAL_Y_NEG,1246.8452994616207,24.99568236389409,4860.566243270259,-368.3635864257813,-284.3551940917969,7.311281681060791,-0.0021516531705856,-0.001447926973924,0.0002857560757547,-0.00077758601401,-0.0006040192674845,0.0001934834581334,0.0014036084758117,334.6100321515383,0.9425634708494036,-0.0103514789030746,0.3734001577969119,0.4218543590981223
BH050,192,1311666,1.920000076293945,0.9455492776358546,5809,3,5,SIDE_NORMAL_X_POS,-1250.0,-24.15470053837925,439.4337567297406,31.761625289916992,-330.5684814453125,-89.7513198852539,0.0360993333160877,-0.0700669288635253,0.0085714804008603,0.0354630500078201,-0.0684162229299545,0.0097043868154287,0.0843958258628845,380.72248721329214,1.072457710459978,-0.0887813789183757,0.3337554816360343,0.4564989813108723
BH050,192,1311666,1.920000076293945,0.9455492776358546,8857,1,1,SHELF_NORMAL_Y_NEG,1246.8452994616207,25.009422437046773,2189.4337567297407,-90.10069274902344,-385.90960693359375,-24.01569938659668,0.0012103143380954,-0.0061845565214753,-0.0020651826635003,0.0010856515727937,-0.0044423970393836,-0.0017621356528252,0.0047679874114692,352.141872098955,0.991948935490014,0.0048794491970405,0.3341834022803601,0.3619825278703239
BH050,192,1311666,1.920000076293945,0.9455492776358546,7318,1,1,SHELF_NORMAL_Y_NEG,-29.717559197604437,30.49643744586834,860.5662432702593,295.4118957519531,105.18831634521484,2.4887681007385254,0.0012808677274733,8.039897511480376e-05,3.141603519907221e-05,0.0,0.0,0.0,0.0,259.37901226734886,0.7306451049784475,-12.580585380466989,0.1934611467879677,0.2014458911656785
BH050,192,1311666,1.920000076293945,0.9455492776358546,7687,4,5,SHELF_NORMAL_Y_POS,-392.1574408023956,-20.81674579952917,689.4337567297406,-49.98924255371094,2.9694838523864746,-147.1171875,-0.0002286018425365,-3.877844937960617e-05,-0.0018135560676455,1.8386621377430856e-05,-0.0001259999262401,4.3289521272527054e-05,0.0001403722853865,259.97420069639617,0.7323216921025244,4.302520048787111,0.1428917537125936,0.3571644698394131
BH050,192,1311666,1.920000076293945,0.9455492776358546,6592,3,5,SHELF_NORMAL_Y_NEG,592.2175591976044,22.738223297176344,4589.433756729741,-168.5337677001953,-220.51426696777344,86.60027313232422,-0.0004728632920887,-0.0012327856384217,0.00101842766162,2.4110335289151408e-05,-0.0004077263001818,-7.457813626388088e-05,0.0004597895604092,249.7296427491373,0.7034637823919361,-2.507865949654745,0.1801772121835584,0.379364011692263
BH050,192,1311666,1.920000076293945,0.9455492776358546,7690,1,1,SHELF_NORMAL_Y_POS,-310.96755919760443,-21.386331148337096,539.4337567297406,-93.94918823242188,-198.2461395263672,-27.197553634643555,-0.0001503601233707,-0.000884705747012,-0.0003331144398543,1.6972142475424334e-05,-5.916406735195778e-05,1.0161592399526851e-05,6.138136086519808e-05,178.10681822730194,0.5017093471191604,5.210640328345201,0.094357786125759,0.3371632569319804
BH050,192,1311666,1.920000076293945,0.9455492776358546,8803,2,1,SHELF_NORMAL_Y_NEG,1246.8452994616207,24.99568236389409,4860.566243270259,-359.98150634765625,-286.413330078125,10.135830879211426,-0.0021079687867313,-0.0014701357576996,0.0003214058524463,-0.00077758601401,-0.0006040192674845,0.0001934834581334,0.0014036084758117,329.8848037755493,0.929252968381829,-0.0100339827605345,0.3641404749957959,0.4218543590981223
BH050,193,1318657,1.9300007820129397,0.953032323291041,5809,3,5,SIDE_NORMAL_X_POS,-1250.0,-24.15470053837925,439.4337567297406,19.291275024414062,-334.8353576660156,-171.88182067871094,0.0374733321368694,-0.0726954415440559,0.007852311246097,0.0368912927806377,-0.0710421353578567,0.0100217927247285,0.087753914296627,455.6054782896217,1.283395713491892,-0.0841130459761483,0.4688361987264422,0.4688361987264422
BH050,193,1318657,1.9300007820129397,0.953032323291041,8857,1,1,SHELF_NORMAL_Y_NEG,1246.8452994616207,25.009422437046773,2189.4337567297407,-103.28116607666016,-388.1250305175781,-22.614978790283203,0.0011557865655049,-0.0062003782950341,-0.0020532947964966,0.0010918857296928,-0.0044666621834039,-0.0017679319716989,0.0047934241592884,350.36601524988936,0.9869465218306742,0.0042422065756126,0.3363781365076077,0.3619825278703239
BH050,193,1318657,1.9300007820129397,0.953032323291041,7318,1,1,SHELF_NORMAL_Y_NEG,-29.717559197604437,30.49643744586834,860.5662432702593,294.8478698730469,106.13756561279295,1.484894633293152,0.001276750001125,8.582870941609144e-05,1.874574809335172e-05,0.0,0.0,0.0,0.0,258.6747548653643,0.7286612813108854,-12.772765085988752,0.1927944047159804,0.2014458911656785
BH050,193,1318657,1.9300007820129397,0.953032323291041,7687,4,5,SHELF_NORMAL_Y_POS,-392.1574408023956,-20.81674579952917,689.4337567297406,-46.911582946777344,40.772247314453125,-131.99009704589844,-0.0002687154337763,0.0001402483903802,-0.001622638083063,1.8386621377430856e-05,-0.0001259999262401,4.3289521272527054e-05,0.0001403722853865,240.9147579166101,0.6786331208918595,4.785827772041243,0.1221072546003606,0.3571644698394131
BH050,193,1318657,1.9300007820129397,0.953032323291041,6592,3,5,SHELF_NORMAL_Y_NEG,592.2175591976044,22.738223297176344,4589.433756729741,-172.706298828125,-207.44061279296875,86.83789825439453,-0.000512157799676,-0.0011632492532953,0.0010214247740805,2.4110335289151408e-05,-0.0004077263001818,-7.457813626388088e-05,0.0004597895604092,244.2442112895245,0.688011862787393,-2.394692757026501,0.1722617284995192,0.379364011692263
BH050,193,1318657,1.9300007820129397,0.953032323291041,7690,1,1,SHELF_NORMAL_Y_POS,-310.96755919760443,-21.386331148337096,539.4337567297406,-97.37805938720705,-211.0991973876953,-23.126300811767575,-0.0001482875668443,-0.0009421061258763,-0.000281730259303,1.6972142475424334e-05,-5.916406735195778e-05,1.0161592399526851e-05,6.138136086519808e-05,187.3323377733965,0.5276967261222437,5.391246846127881,0.104614790715107,0.3371632569319804
BH050,193,1318657,1.9300007820129397,0.953032323291041,8803,2,1,SHELF_NORMAL_Y_NEG,1246.8452994616207,24.99568236389409,4860.566243270259,-400.3100891113281,-275.124755859375,7.396585464477539,-0.0026011217851191,-0.0014542801072821,0.0003178800980094,-0.0010585256386548,-0.0007016827003099,0.0002245296782348,0.0017972197383642,354.9235292648282,0.9997845894783892,-0.0116551379711336,0.4126370209617593,0.4218543590981223
BH050,194,1325647,1.940000057220459,0.9589852796518668,5809,3,5,SIDE_NORMAL_X_POS,-1250.0,-24.15470053837925,439.4337567297406,24.75727844238281,-363.3338623046875,-75.59293365478516,0.0388944782316684,-0.0753491818904876,0.0090886214748024,0.0382443629205226,-0.0735494717955589,0.0100428126752376,0.0909659788012504,398.4500605914737,1.1223945368773909,-0.0831318417980216,0.3710561629262446,0.4688361987264422
BH050,194,1325647,1.940000057220459,0.9589852796518668,8857,1,1,SHELF_NORMAL_Y_NEG,1246.8452994616207,25.009422437046773,2189.4337567297407,-99.50174713134766,-390.43951416015625,-23.13211441040039,0.0011785636888816,-0.0062210820615291,-0.002060774480924,0.0010929454583674,-0.0044706338085234,-0.0017688833177089,0.0047975750640034,353.6940517495975,0.9963212725340777,0.0040265580970441,0.3408391739816447,0.3619825278703239
BH050,194,1325647,1.940000057220459,0.9589852796518668,7318,1,1,SHELF_NORMAL_Y_NEG,-29.717559197604437,30.49643744586834,860.5662432702593,299.0262451171875,106.62969970703124,0.3774245679378509,0.0012963169720023,8.213302498916164e-05,4.767955033457838e-06,0.0,0.0,0.0,0.0,262.49178416674795,0.7394134765260506,-12.961636323434336,0.1981984566181254,0.2014458911656785
BH050,194,1325647,1.940000057220459,0.9589852796518668,7687,4,5,SHELF_NORMAL_Y_POS,-392.1574408023956,-20.81674579952917,689.4337567297406,-65.9683609008789,11.161693572998049,-146.63433837890625,-0.0003181021602358,2.4260363716166463e-05,-0.001807460328564,1.8386621377430856e-05,-0.0001259999262401,4.3289521272527054e-05,0.0001403722853865,264.0409329038083,0.7437772757853756,4.616446866335551,0.1476309827550765,0.3571644698394131
BH050,194,1325647,1.940000057220459,0.9589852796518668,6592,3,5,SHELF_NORMAL_Y_NEG,592.2175591976044,22.738223297176344,4589.433756729741,-176.4406280517578,-210.13735961914065,90.15411376953124,-0.0005263542407192,-0.0011708992533385,0.0010632761986926,2.4110335289151408e-05,-0.0004077263001818,-7.457813626388088e-05,0.0004597895604092,250.19098727846347,0.704763344446376,-2.2857381094600875,0.1800409872127774,0.379364011692263
BH050,194,1325647,1.940000057220459,0.9589852796518668,7690,1,1,SHELF_NORMAL_Y_POS,-310.96755919760443,-21.386331148337096,539.4337567297406,-95.48274993896484,-200.5041046142578,-24.98078155517578,-0.0001545176637591,-0.0008934299694374,-0.0003051373932976,1.6972142475424334e-05,-5.916406735195778e-05,1.0161592399526851e-05,6.138136086519808e-05,179.0147663232705,0.5042669473894943,5.480656304362402,0.0957610145998231,0.3371632569319804
BH050,194,1325647,1.940000057220459,0.9589852796518668,8803,2,1,SHELF_NORMAL_Y_NEG,1246.8452994616207,24.99568236389409,4860.566243270259,-385.7156677246094,-261.45147705078125,8.96073055267334,-0.0027662399224936,-0.001465103123337,0.0003581050841603,-0.0012745672138407,-0.0007576228235848,0.0002450125757604,0.0020847355481237,341.3625700163417,0.9615847042713852,-0.0118734936558278,0.3806800483679703,0.4218543590981223
BH050,195,1332638,1.950000762939453,0.9652514089535124,5809,3,5,SIDE_NORMAL_X_POS,-1250.0,-24.15470053837925,439.4337567297406,33.32503128051758,-323.8653564453125,-99.78308868408205,0.0404330715537071,-0.0779821351170539,0.0085283610969781,0.0397988744080066,-0.0763616263866424,0.009787862189114,0.0945638418197631,382.9649387496444,1.078774475351111,-0.0789834294441642,0.3358073242577538,0.4688361987264422
BH050,195,1332638,1.950000762939453,0.9652514089535124,8857,1,1,SHELF_NORMAL_Y_NEG,1246.8452994616207,25.009422437046773,2189.4337567297407,-110.83055114746094,-393.7169799804688,-24.58255958557129,0.0011325678788125,-0.0062394263222813,-0.002083571627736,0.0010971667943522,-0.0044895582832396,-0.0017733729910105,0.0048176143318414,354.22239936595776,0.9978095756787544,0.0037614893514599,0.3463291437654429,0.3619825278703239
BH050,195,1332638,1.950000762939453,0.9652514089535124,7318,1,1,SHELF_NORMAL_Y_NEG,-29.717559197604437,30.49643744586834,860.5662432702593,301.1862487792969,99.48478698730467,4.01817512512207,0.0013172049075365,4.430445551406592e-05,5.0719256250886247e-05,0.0,0.0,0.0,0.0,265.88600317870936,0.7489746568414348,-13.243711894346228,0.2006696748426086,0.2014458911656785
BH050,195,1332638,1.950000762939453,0.9652514089535124,7687,4,5,SHELF_NORMAL_Y_POS,-392.1574408023956,-20.81674579952917,689.4337567297406,-45.36279296875,26.305604934692383,-143.67367553710938,-0.0002401276869932,6.776548980269581e-05,-0.0017700922908261,1.8386621377430856e-05,-0.0001259999262401,4.3289521272527054e-05,0.0001403722853865,256.6504211461647,0.7229589328060978,4.983878294140383,0.1386814369489663,0.3571644698394131
BH050,195,1332638,1.950000762939453,0.9652514089535124,6592,3,5,SHELF_NORMAL_Y_NEG,592.2175591976044,22.738223297176344,4589.433756729741,-116.55133056640624,-40.48398208618164,50.01106262207031,-0.0004827003576792,-0.0004345561901573,0.0005566139589063,2.4110335289151408e-05,-0.0004077263001818,-7.457813626388088e-05,0.0004597895604092,134.1939739233803,0.378011194150367,-0.4040606650658744,0.0458606637441306,0.379364011692263
BH050,195,1332638,1.950000762939453,0.9652514089535124,7690,1,1,SHELF_NORMAL_Y_POS,-310.96755919760443,-21.386331148337096,539.4337567297406,-98.2554702758789,-204.2734222412109,-24.41394805908203,-0.0001624857395654,-0.0009076921851374,-0.0002979812561534,1.6972142475424334e-05,-5.916406735195778e-05,1.0161592399526851e-05,6.138136086519808e-05,181.9310580565932,0.5124818536805441,5.66082610529436,0.0992425757002676,0.3371632569319804
BH050,195,1332638,1.950000762939453,0.9652514089535124,8803,2,1,SHELF_NORMAL_Y_NEG,1246.8452994616207,24.99568236389409,4860.566243270259,-395.7174072265625,-265.3576354980469,11.668194770812988,-0.0028910378459841,-0.0014890599995851,0.0004026711976621,-0.0013564878609031,-0.0007771823438815,0.0002554065140429,0.0021925813052803,349.8696127127904,0.9855482048247616,-0.0123096484715619,0.3989440110519808,0.4218543590981223
BH050,196,1339628,1.9600000381469729,0.970457658280968,5809,3,5,SIDE_NORMAL_X_POS,-1250.0,-24.15470053837925,439.4337567297406,25.97338485717773,-357.96844482421875,-39.02754211425781,0.0418479293584823,-0.0805872306227684,0.0095331436023116,0.0411996580660343,-0.0788118541240692,0.0100258095189929,0.097750224173069,377.7341969234373,1.0640399913336265,-0.0761931309939389,0.3357815741139435,0.4688361987264422
BH050,196,1339628,1.9600000381469729,0.970457658280968,8857,1,1,SHELF_NORMAL_Y_NEG,1246.8452994616207,25.009422437046773,2189.4337567297407,-107.54383087158205,-392.7646789550781,-25.286670684814453,0.0011515618534758,-0.0062569184228777,-0.0020966867450624,0.0011015904601663,-0.0045068715699017,-0.0017776060849428,0.0048357690684497,354.27192596974385,0.9979490872387152,0.0035042160470937,0.3450300931201094,0.3619825278703239
BH050,196,1339628,1.9600000381469729,0.970457658280968,7318,1,1,SHELF_NORMAL_Y_NEG,-29.717559197604437,30.49643744586834,860.5662432702593,305.0243530273437,105.20211029052734,3.838550567626953,0.0013274981174618,6.647266127401963e-05,4.8452213377458975e-05,0.0,0.0,0.0,0.0,268.4442916737684,0.7561811033063898,-13.368304615377015,0.2060494549550622,0.2060494549550622
BH050,196,1339628,1.9600000381469729,0.970457658280968,7687,4,5,SHELF_NORMAL_Y_POS,-392.1574408023956,-20.81674579952917,689.4337567297406,-54.76447677612305,34.41961669921875,-143.2574005126953,-0.0002975832903757,0.0001208455942105,-0.0017648383509367,1.8386621377430856e-05,-0.0001259999262401,4.3289521272527054e-05,0.0001403722853865,260.0709107813011,0.7325941148769045,5.0884797313908505,0.1424157776898849,0.3571644698394131
BH050,196,1339628,1.9600000381469729,0.970457658280968,6592,3,5,SHELF_NORMAL_Y_NEG,592.2175591976044,22.738223297176344,4589.433756729741,-37.39557266235352,208.82411193847656,30.302778244018555,-0.0004615213838405,0.0006604060763493,0.0003078687004745,2.4110335289151408e-05,-0.0004077263001818,-7.457813626388088e-05,0.0004597895604092,235.73249869545776,0.6640352075928387,1.3985845770983325,0.1263964519333568,0.379364011692263
BH050,196,1339628,1.9600000381469729,0.970457658280968,7690,1,1,SHELF_NORMAL_Y_POS,-310.96755919760443,-21.386331148337096,539.4337567297406,-99.94749450683594,-204.9003143310547,-24.467926025390625,-0.0001697877742117,-0.0009082693140953,-0.0002986622566822,1.6972142475424334e-05,-5.916406735195778e-05,1.0161592399526851e-05,6.138136086519808e-05,182.45658563630676,0.513962213060019,5.757825120558047,0.1001008942043868,0.3371632569319804
BH050,196,1339628,1.9600000381469729,0.970457658280968,8803,2,1,SHELF_NORMAL_Y_NEG,1246.8452994616207,24.99568236389409,4860.566243270259,-390.6533508300781,-242.4728546142578,11.796188354492188,-0.0032423809170722,-0.001455343212001,0.0004509091086219,-0.0016990794101729,-0.0008471819455735,0.0003020282310899,0.002635110868141,342.19547451456003,0.9639309141255212,-0.012872264707925,0.3760680897289399,0.4218543590981223
BH050,197,1346619,1.9700007438659668,0.9751630515207572,5809,3,5,SIDE_NORMAL_X_POS,-1250.0,-24.15470053837925,439.4337567297406,41.88225173950195,-309.5898742675781,140.74473571777344,0.0433883816003799,-0.0830429643392562,0.0120097920298576,0.0427333116531372,-0.0814790055155754,0.0102334907278418,0.1012683808803558,412.3027724945092,1.161416260547913,-0.071756437991525,0.3808417749160891,0.4688361987264422
BH050,197,1346619,1.9700007438659668,0.9751630515207572,8857,1,1,SHELF_NORMAL_Y_NEG,1246.8452994616207,25.009422437046773,2189.4337567297407,-109.87283325195312,-392.6665344238281,-26.80670928955078,0.0011419682996347,-0.0062606902793049,-0.0021178238093852,0.0011034443741664,-0.0045145289041101,-0.0017795542953535,0.0048438366502523,353.93708631854724,0.9970058769536542,0.0032702094466752,0.3452482398096058,0.3619825278703239
BH050,197,1346619,1.9700007438659668,0.9751630515207572,7318,1,1,SHELF_NORMAL_Y_NEG,-29.717559197604437,30.49643744586834,860.5662432702593,310.0421142578125,101.45916748046876,2.53798246383667,0.0013573218602687,4.099259240319952e-05,3.2037201890489087e-05,0.0,0.0,0.0,0.0,273.82984597695423,0.7713516788083218,-13.712856576217582,0.2125361246356949,0.2125361246356949
BH050,197,1346619,1.9700007438659668,0.9751630515207572,7687,4,5,SHELF_NORMAL_Y_POS,-392.1574408023956,-20.81674579952917,689.4337567297406,-49.52161407470703,18.818716049194336,-147.85623168945312,-0.0002494136278983,3.747796290554106e-05,-0.0018228819826617,1.8386621377430856e-05,-0.0001259999262401,4.3289521272527054e-05,0.0001403722853865,263.2923532427212,0.7416686006837215,5.187697378788384,0.1461335670253934,0.3571644698394131
BH050,197,1346619,1.9700007438659668,0.9751630515207572,6592,3,5,SHELF_NORMAL_Y_NEG,592.2175591976044,22.738223297176344,4589.433756729741,-17.0790958404541,220.9515838623047,44.40258407592773,-0.0003805588930845,0.0006896930281072,0.0004858278261963,2.4110335289151408e-05,-0.0004077263001818,-7.457813626388088e-05,0.0004597895604092,242.48653492664783,0.6830606617652052,1.779785976997166,0.1371315357853306,0.379364011692263
BH050,197,1346619,1.9700007438659668,0.9751630515207572,7690,1,1,SHELF_NORMAL_Y_POS,-310.96755919760443,-21.386331148337096,539.4337567297406,-99.44035339355467,-198.0349578857422,-25.91911125183105,-0.0001773239928297,-0.0008756835595704,-0.0003169775009155,1.6972142475424334e-05,-5.916406735195778e-05,1.0161592399526851e-05,6.138136086519808e-05,177.2821570707588,0.4993863579457994,5.906050226145031,0.0947486828627978,0.3371632569319804
BH050,197,1346619,1.9700007438659668,0.9751630515207572,8803,2,1,SHELF_NORMAL_Y_NEG,1246.8452994616207,24.99568236389409,4860.566243270259,-392.0004577636719,-243.9044952392578,17.944190979003906,-0.0035917912609875,-0.0015125713543966,0.0005807830020785,-0.0020440330263227,-0.0008994192467071,0.0003543067141436,0.003067895071581,344.2514631343081,0.9697224313642484,-0.014261073618036,0.3801797711241089,0.4218543590981223
BH050,198,1353609,1.9800000190734863,0.9785378407104958,5809,3,5,SIDE_NORMAL_X_POS,-1250.0,-24.15470053837925,439.4337567297406,32.73685073852539,-366.2058410644531,-36.93405532836914,0.0446423068642616,-0.0853883922100067,0.0102866422384977,0.0439490973949432,-0.0835629999637603,0.010752853937447,0.1040410324931144,388.92058149897423,1.0955509337999274,-0.0683317970727827,0.3542116098969227,0.4688361987264422
BH050,198,1353609,1.9800000190734863,0.9785378407104958,8857,1,1,SHELF_NORMAL_Y_NEG,1246.8452994616207,25.009422437046773,2189.4337567297407,-101.46033477783205,-389.50579833984375,-30.7197208404541,0.0011820095824077,-0.0062743653543293,-0.0021715008188039,0.0011072497582063,-0.0045312973670661,-0.0017838409403339,0.0048615951091051,354.00661225698565,0.9972017246675652,0.0033238613508392,0.3416301995731386,0.3619825278703239
BH050,198,1353609,1.9800000190734863,0.9785378407104958,7318,1,1,SHELF_NORMAL_Y_NEG,-29.717559197604437,30.49643744586834,860.5662432702593,304.7084655761719,100.99243927001952,2.9669198989868164,0.001332105603069,4.649651600630023e-05,3.745088179130107e-05,0.0,0.0,0.0,0.0,268.88636711405127,0.7574263862367642,-13.857682364510104,0.2053572261703061,0.2125361246356949
BH050,198,1353609,1.9800000190734863,0.9785378407104958,7687,4,5,SHELF_NORMAL_Y_POS,-392.1574408023956,-20.81674579952917,689.4337567297406,-60.34743881225586,18.85972023010254,-140.74758911132812,-0.0003020258445758,5.344293458620086e-05,-0.0017331715207546,1.8386621377430856e-05,-0.0001259999262401,4.3289521272527054e-05,0.0001403722853865,254.09700854774508,0.7157662212612538,5.52569959381558,0.1363789375325054,0.3571644698394131
BH050,198,1353609,1.9800000190734863,0.9785378407104958,6592,3,5,SHELF_NORMAL_Y_NEG,592.2175591976044,22.738223297176344,4589.433756729741,-19.71980094909668,216.3362579345703,48.102088928222656,-0.0003866560291498,0.0006711318856105,0.000532520643901,2.4110335289151408e-05,-0.0004077263001818,-7.457813626388088e-05,0.0004597895604092,241.65634249678408,0.6807220915402369,1.8638457420162755,0.1353451605695901,0.379364011692263
BH050,198,1353609,1.9800000190734863,0.9785378407104958,7690,1,1,SHELF_NORMAL_Y_POS,-310.96755919760443,-21.386331148337096,539.4337567297406,-103.65033721923828,-218.54449462890625,-26.15989875793457,-0.0001678928529145,-0.0009691121522337,-0.0003200169303454,1.6972142475424334e-05,-5.916406735195778e-05,1.0161592399526851e-05,6.138136086519808e-05,194.6943730097197,0.5484348535485062,6.1067235953939365,0.1133302619341604,0.3371632569319804
BH050,198,1353609,1.9800000190734863,0.9785378407104958,8803,2,1,SHELF_NORMAL_Y_NEG,1246.8452994616207,24.99568236389409,4860.566243270259,-398.3428649902344,-232.02044677734372,17.286102294921875,-0.0038189296610653,-0.0014697754522785,0.0006032970850355,-0.0022230888716876,-0.0009235392790287,0.0003851263027172,0.0032906108535826,347.826485914222,0.979792918068231,-0.0145208945432213,0.3831107448500941,0.4218543590981223
BH050,199,1360600,1.9900007247924805,0.9824559538737088,5809,3,5,SIDE_NORMAL_X_POS,-1250.0,-24.15470053837925,439.4337567297406,38.14288711547852,-335.7425842285156,85.6281509399414,0.0461084842681884,-0.0877943187952041,0.0122037790715694,0.0454335510730743,-0.0861086919903755,0.0111231273040175,0.1074190288782119,385.9801742216995,1.0872680963991534,-0.0627835129318214,0.3421630726360432,0.4688361987264422
BH050,199,1360600,1.9900007247924805,0.9824559538737088,8857,1,1,SHELF_NORMAL_Y_NEG,1246.8452994616207,25.009422437046773,2189.4337567297407,-90.16419982910156,-386.1030578613281,-29.41164207458496,0.0012351176701486,-0.0062886732630431,-0.0021588893141597,0.001110473065637,-0.0045456788502633,-0.0017877407371997,0.0048768571577966,353.5358751606756,0.9958757046779594,0.0030813744345285,0.3363262207748452,0.3619825278703239
BH050,199,1360600,1.9900007247924805,0.9824559538737088,7318,1,1,SHELF_NORMAL_Y_NEG,-29.717559197604437,30.49643744586834,860.5662432702593,316.5199584960937,109.84425354003906,2.572643995285034,0.0013765522744506,7.226371235447004e-05,3.247452696086839e-05,0.0,0.0,0.0,0.0,278.39288978346616,0.7842053233337075,-14.372620616426683,0.2218656427132889,0.2218656427132889
BH050,199,1360600,1.9900007247924805,0.9824559538737088,7687,4,5,SHELF_NORMAL_Y_POS,-392.1574408023956,-20.81674579952917,689.4337567297406,-60.584251403808594,26.06561279296875,-147.80003356933594,-0.00031367019983,8.876798528945073e-05,-0.0018221796490252,1.8386621377430856e-05,-0.0001259999262401,4.3289521272527054e-05,0.0001403722853865,267.3267347202051,0.7530330555498734,5.714901379316107,0.1507183411005745,0.3571644698394131
BH050,199,1360600,1.9900007247924805,0.9824559538737088,6592,3,5,SHELF_NORMAL_Y_NEG,592.2175591976044,22.738223297176344,4589.433756729741,-43.909210205078125,186.52967834472656,49.319122314453125,-0.0004606729198712,0.0005616676644422,0.0005478802486322,2.4110335289151408e-05,-0.0004077263001818,-7.457813626388088e-05,0.0004597895604092,228.49253374617967,0.6436409401300835,1.6341128469651562,0.1163991613900196,0.379364011692263
BH050,199,1360600,1.9900007247924805,0.9824559538737088,7690,1,1,SHELF_NORMAL_Y_POS,-310.96755919760443,-21.386331148337096,539.4337567297406,-104.8061065673828,-214.7411651611328,-28.49176979064941,-0.0001790455862646,-0.0009489635122008,-0.0003494471311569,1.6972142475424334e-05,-5.916406735195778e-05,1.0161592399526851e-05,6.138136086519808e-05,192.42464859186563,0.5420412636390581,6.335775651643086,0.1109318300761189,0.3371632569319804
BH050,199,1360600,1.9900007247924805,0.9824559538737088,8803,2,1,SHELF_NORMAL_Y_NEG,1246.8452994616207,24.99568236389409,4860.566243270259,-402.4049987792969,-235.3065185546875,19.90637969970703,-0.0041008768603205,-0.0015129365492612,0.0006905606132932,-0.0024900992866605,-0.0009566682274453,0.0004393191775307,0.003621221287176,351.8511237205027,0.991129925973247,-0.0152281618748759,0.3920504111524351,0.4218543590981223
BH050,200,1367590,2.0,0.985270268850744,5809,3,5,SIDE_NORMAL_X_POS,-1250.0,-24.15470053837925,439.4337567297406,30.126840591430664,-351.7093505859375,-112.63119506835938,0.0474460497498512,-0.0901871845126152,0.0100227240473032,0.046786893159151,-0.0884359255433082,0.0114443600177764,0.1105123832821846,416.2455329019183,1.1725226278927277,-0.0593535125428839,0.3979818296042041,0.4688361987264422
BH050,200,1367590,2.0,0.985270268850744,8857,1,1,SHELF_NORMAL_Y_NEG,1246.8452994616207,25.009422437046773,2189.4337567297407,-98.84845733642578,-388.0953369140625,-30.23422241210937,0.0012001132126897,-0.0063048042356967,-0.0021746307611465,0.0011147216428071,-0.0045647751539945,-0.0017931073671206,0.0048971585929393,353.22614188846507,0.9950032165872256,0.0025438533866013,0.3391969595198323,0.3619825278703239
BH050,200,1367590,2.0,0.985270268850744,7318,1,1,SHELF_NORMAL_Y_NEG,-29.717559197604437,30.49643744586834,860.5662432702593,304.0516052246094,90.33039855957033,2.6064653396606445,0.0013444407377392,-4.30532099926495e-06,3.29015456372872e-05,0.0,0.0,0.0,0.0,270.48518969747124,0.7619301118238626,-14.549049651587922,0.2042394201866662,0.2218656427132889
BH050,200,1367590,2.0,0.985270268850744,7687,4,5,SHELF_NORMAL_Y_POS,-392.1574408023956,-20.81674579952917,689.4337567297406,-47.81407928466797,40.10832977294922,-146.99501037597656,-0.0002721293130889,0.0001383384515065,-0.0018120165914297,1.8386621377430856e-05,-0.0001259999262401,4.3289521272527054e-05,0.0001403722853865,265.77284733594576,0.7486559079885796,6.093861518745249,0.1486090621172097,0.3571644698394131
BH050,200,1367590,2.0,0.985270268850744,6592,3,5,SHELF_NORMAL_Y_NEG,592.2175591976044,22.738223297176344,4589.433756729741,-29.0311336517334,213.0337829589844,48.767913818359375,-0.0004270487988833,0.0006686655688099,0.0005409218138083,2.4110335289151408e-05,-0.0004077263001818,-7.457813626388088e-05,0.0004597895604092,244.0199579602494,0.6873801632683082,1.8912224215934677,0.1362071628499071,0.379364011692263
BH050,200,1367590,2.0,0.985270268850744,7690,1,1,SHELF_NORMAL_Y_POS,-310.96755919760443,-21.386331148337096,539.4337567297406,-107.8058090209961,-220.2650909423828,-28.819299697875977,-0.000185561570106,-0.0009714183979667,-0.0003535813593771,1.6972142475424334e-05,-5.916406735195778e-05,1.0161592399526851e-05,6.138136086519808e-05,197.1917912176589,0.5554698344159406,6.567657718689462,0.1166269395627332,0.3371632569319804
BH050,200,1367590,2.0,0.985270268850744,8803,2,1,SHELF_NORMAL_Y_NEG,1246.8452994616207,24.99568236389409,4860.566243270259,-397.2747192382813,-231.778564453125,19.620561599731445,-0.0041389800608158,-0.001509866095148,0.0006998039898462,-0.0025479684118181,-0.000963257276453,0.0004521689261309,0.0036925410386174,347.3091428104162,0.978335613550468,-0.0150673016104792,0.3818197504614887,0.4218543590981223
BH050,201,1374581,2.010000705718994,0.988266084545478,5809,3,5,SIDE_NORMAL_X_POS,-1250.0,-24.15470053837925,439.4337567297406,35.28068923950195,-357.0707397460937,-156.28030395507812,0.0489372499287128,-0.0926988869905471,0.0102513842284679,0.0482453182339668,-0.0909140482544899,0.012223944067955,0.11380185931921,463.2629299160605,1.3049659997635503,-0.0542718232659328,0.485036530460585,0.485036530460585
BH050,201,1374581,2.010000705718994,0.988266084545478,8857,1,1,SHELF_NORMAL_Y_NEG,1246.8452994616207,25.009422437046773,2189.4337567297407,-110.98104858398438,-390.9799499511719,-32.07008743286133,0.0011504482245072,-0.0063211773522198,-0.0022036244627088,0.001119754393585,-0.0045848172158002,-0.0017989284824579,0.0049182879738509,353.3782974541318,0.9954318238144558,0.0018886422955412,0.3442275733743528,0.3619825278703239
BH050,201,1374581,2.010000705718994,0.988266084545478,7318,1,1,SHELF_NORMAL_Y_NEG,-29.717559197604437,30.49643744586834,860.5662432702593,314.1717834472656,95.3430404663086,5.159015655517578,0.0013862723717465,5.288295142236166e-06,6.511795800179243e-05,0.0,0.0,0.0,0.0,279.1414661866136,0.7863139892580665,-14.987007851507885,0.2181858945908707,0.2218656427132889
BH050,201,1374581,2.010000705718994,0.988266084545478,7687,4,5,SHELF_NORMAL_Y_POS,-392.1574408023956,-20.81674579952917,689.4337567297406,-57.44243621826172,41.10047149658203,-149.32188415527344,-0.000320312421536,0.0001571770553709,-0.0018413802608847,1.8386621377430856e-05,-0.0001259999262401,4.3289521272527054e-05,0.0001403722853865,272.4717759905712,0.7675261295509047,6.35377315162374,0.1562603092439867,0.3571644698394131
BH050,201,1374581,2.010000705718994,0.988266084545478,6592,3,5,SHELF_NORMAL_Y_NEG,592.2175591976044,22.738223297176344,4589.433756729741,-11.725590705871582,234.99343872070312,46.09199905395508,-0.0003750222094822,0.0007500642095692,0.0005071470513939,2.4110335289151408e-05,-0.0004077263001818,-7.457813626388088e-05,0.0004597895604092,253.9453872992304,0.7153391191527617,2.2169268072672,0.1517789886904792,0.379364011692263
BH050,201,1374581,2.010000705718994,0.988266084545478,7690,1,1,SHELF_NORMAL_Y_POS,-310.96755919760443,-21.386331148337096,539.4337567297406,-110.05571746826172,-223.8743896484375,-29.532018661499023,-0.0001912284642457,-0.0009856568649411,-0.0003625768586061,1.6972142475424334e-05,-5.916406735195778e-05,1.0161592399526851e-05,6.138136086519808e-05,200.52373198964676,0.5648555830694274,6.821396107756734,0.1206685857805215,0.3371632569319804
BH050,201,1374581,2.010000705718994,0.988266084545478,8803,2,1,SHELF_NORMAL_Y_NEG,1246.8452994616207,24.99568236389409,4860.566243270259,-398.2713623046875,-231.01129150390625,21.62478446960449,-0.0044022030197083,-0.0015323002589866,0.0007811060058884,-0.0028052544221282,-0.0009908718056976,0.000508175464347,0.0040084570646286,348.40207658591663,0.9814143002420188,-0.0161023080426159,0.383504259619118,0.4218543590981223
BH050,202,1381571,2.0199999809265137,0.991514119006304,5809,3,5,SIDE_NORMAL_X_POS,-1250.0,-24.15470053837925,439.4337567297406,46.65205764770508,-343.0704040527344,160.7423095703125,0.0504850409924984,-0.0952293127775192,0.0145712010562419,0.049758180975914,-0.0934960842132568,0.0125424992293119,0.1171841099858284,461.9447230402739,1.3012527409585182,-0.0498598657245928,0.4773075348138638,0.485036530460585
BH050,202,1381571,2.0199999809265137,0.991514119006304,8857,1,1,SHELF_NORMAL_Y_NEG,1246.8452994616207,25.009422437046773,2189.4337567297407,-106.22261810302734,-391.1740112304688,-31.604825973510746,0.0011790844146162,-0.0063503342680633,-0.0022042442578822,0.0011250032112002,-0.0046060755848884,-0.0018054199172183,0.0049407542683184,354.6060054856386,0.9988901562975736,0.0013751530426328,0.3445899481624581,0.3619825278703239
BH050,202,1381571,2.0199999809265137,0.991514119006304,7318,1,1,SHELF_NORMAL_Y_NEG,-29.717559197604437,30.49643744586834,860.5662432702593,312.29888916015625,81.6324691772461,6.006516933441162,0.0013971474254503,-5.8539266319712624e-05,7.581469981232658e-05,0.0,0.0,0.0,0.0,280.72933848852006,0.7907868689817467,-15.216134725792982,0.2160042130953217,0.2218656427132889
BH050,202,1381571,2.0199999809265137,0.991514119006304,7687,4,5,SHELF_NORMAL_Y_POS,-392.1574408023956,-20.81674579952917,689.4337567297406,-58.71870040893555,41.55789566040039,-150.0133819580078,-0.0003271737950854,0.0001612559717614,-0.0018501027952879,1.8386621377430856e-05,-0.0001259999262401,4.3289521272527054e-05,0.0001403722853865,274.093440990078,0.7720941999720506,6.63279478203067,0.1581328953722154,0.3571644698394131
BH050,202,1381571,2.0199999809265137,0.991514119006304,6592,3,5,SHELF_NORMAL_Y_NEG,592.2175591976044,22.738223297176344,4589.433756729741,-57.91285705566406,185.39505004882807,35.862403869628906,-0.0005270022084005,0.0005765628302469,0.0003780369879677,2.4110335289151408e-05,-0.0004077263001818,-7.457813626388088e-05,0.0004597895604092,228.73634748589447,0.6443277393968858,1.939481309740038,0.1153123295619019,0.379364011692263
BH050,202,1381571,2.0199999809265137,0.991514119006304,7690,1,1,SHELF_NORMAL_Y_POS,-310.96755919760443,-21.386331148337096,539.4337567297406,-111.8643035888672,-227.28941345214844,-31.038612365722656,-0.0001950316800503,-0.000999606330879,-0.0003815922245848,1.6972142475424334e-05,-5.916406735195778e-05,1.0161592399526851e-05,6.138136086519808e-05,204.0556647306465,0.5748046893821028,7.036466063745607,0.1248131988815783,0.3371632569319804
BH050,202,1381571,2.0199999809265137,0.991514119006304,8803,2,1,SHELF_NORMAL_Y_NEG,1246.8452994616207,24.99568236389409,4860.566243270259,-384.5520324707031,-220.4051055908203,19.31623077392578,-0.0045606936328113,-0.0015213345177471,0.0008016054634936,-0.0030148942023515,-0.001011416548863,0.0005578119889833,0.0042648329399526,335.88806951113065,0.946163576087692,-0.0163374157745888,0.3557748012140515,0.4218543590981223
BH050,203,1388562,2.030000686645508,0.9936643315434964,5809,3,5,SIDE_NORMAL_X_POS,-1250.0,-24.15470053837925,439.4337567297406,43.4870719909668,-311.227294921875,172.6807403564453,0.0518448613584041,-0.0975126326084137,0.0149281052872538,0.0511798374354839,-0.0959388390183448,0.0127486819401383,0.1203613132238388,449.15902816787167,1.2652366990644273,-0.0454984496606633,0.4474927806396296,0.485036530460585
BH050,203,1388562,2.030000686645508,0.9936643315434964,8857,1,1,SHELF_NORMAL_Y_NEG,1246.8452994616207,25.009422437046773,2189.4337567297407,-109.6321792602539,-391.45751953125,-33.075477600097656,0.001166932284832,-0.0063628396019339,-0.0022278176620602,0.0011289917165413,-0.0046221646480262,-0.001810431946069,0.0049577611498534,354.4345144428104,0.998407082937494,0.0008796725737733,0.3455296015346822,0.3619825278703239
BH050,203,1388562,2.030000686645508,0.9936643315434964,7318,1,1,SHELF_NORMAL_Y_NEG,-29.717559197604437,30.49643744586834,860.5662432702593,310.3053283691406,77.85140228271484,9.380526542663574,0.0013929811539128,-7.399181777145714e-05,0.000118398827908,0.0,0.0,0.0,0.0,280.10090242086375,0.7890166265376444,-15.481267588399168,0.2138026640929765,0.2218656427132889
BH050,203,1388562,2.030000686645508,0.9936643315434964,7687,4,5,SHELF_NORMAL_Y_POS,-392.1574408023956,-20.81674579952917,689.4337567297406,-52.39422225952149,51.61028289794922,-149.66595458984375,-0.0003111122059635,0.0002008426527027,-0.0018457120750099,1.8386621377430856e-05,-0.0001259999262401,4.3289521272527054e-05,0.0001403722853865,274.4313217362149,0.7730459767217323,6.96364720809266,0.1584268423458607,0.3571644698394131
BH050,203,1388562,2.030000686645508,0.9936643315434964,6592,3,5,SHELF_NORMAL_Y_NEG,592.2175591976044,22.738223297176344,4589.433756729741,-29.878604888916016,222.0211944580078,47.08384704589844,-0.0004442523058969,0.0007135343039408,0.0005196661804802,2.4110335289151408e-05,-0.0004077263001818,-7.457813626388088e-05,0.0004597895604092,251.93350575651732,0.7096718472014574,2.1820030198242435,0.1454551474744625,0.379364011692263
BH050,203,1388562,2.030000686645508,0.9936643315434964,7690,1,1,SHELF_NORMAL_Y_POS,-310.96755919760443,-21.386331148337096,539.4337567297406,-114.63963317871094,-232.82537841796875,-31.838735580444336,-0.0002004442940233,-0.0010224401485174,-0.0003916903515346,1.6972142475424334e-05,-5.916406735195778e-05,1.0161592399526851e-05,6.138136086519808e-05,209.04545344104855,0.5888604322283059,7.2566027750715,0.1309967233643303,0.3371632569319804
BH050,203,1388562,2.030000686645508,0.9936643315434964,8803,2,1,SHELF_NORMAL_Y_NEG,1246.8452994616207,24.99568236389409,4860.566243270259,-401.2280578613281,-226.75717163085935,26.45114517211914,-0.0047858152538537,-0.0015409264015033,0.0009306946885772,-0.003168317489326,-0.0010244563454762,0.0005968522164039,0.0044513526372611,351.45471822750125,0.9900132907816936,-0.0166275812330487,0.3874703363424822,0.4218543590981223
BH050,204,1395552,2.039999961853028,0.9966021353750822,5809,3,5,SIDE_NORMAL_X_POS,-1250.0,-24.15470053837925,439.4337567297406,39.415164947509766,-334.7204284667969,-5.304630279541016,0.0531365387141704,-0.0997474938631057,0.0130661176517605,0.0524570755660533,-0.0980657041072845,0.0131330685690045,0.1233125925064086,356.1864661485095,1.0033421581648154,-0.0413111396894859,0.2949679256311103,0.485036530460585
BH050,204,1395552,2.039999961853028,0.9966021353750822,8857,1,1,SHELF_NORMAL_Y_NEG,1246.8452994616207,25.009422437046773,2189.4337567297407,-118.0834732055664,-391.83734130859375,-33.95629119873047,0.0011294612195342,-0.0063650743104517,-0.0022431088145822,0.0011319918558001,-0.0046348515897989,-0.0018146109068766,0.0049712401814758,353.08608529739934,0.9946086909785896,0.0003033700066665,0.3464159232628058,0.3619825278703239
BH050,204,1395552,2.039999961853028,0.9966021353750822,7318,1,1,SHELF_NORMAL_Y_NEG,-29.717559197604437,30.49643744586834,860.5662432702593,298.2752685546875,43.4609489440918,13.639655113220217,0.001384662115015,-0.0002234132552985,0.0001721543376334,0.0,0.0,0.0,0.0,280.0924566484684,0.7889928356294884,-15.6672542715808,0.2028267537731446,0.2218656427132889
BH050,204,1395552,2.039999961853028,0.9966021353750822,7687,4,5,SHELF_NORMAL_Y_POS,-392.1574408023956,-20.81674579952917,689.4337567297406,-57.75386047363281,54.132625579833984,-151.453857421875,-0.0003408022748772,0.0002208938094554,-0.0018682727823033,1.8386621377430856e-05,-0.0001259999262401,4.3289521272527054e-05,0.0001403722853865,279.65519920158897,0.7877611245115183,7.222575492582882,0.1645188840683825,0.3571644698394131
BH050,204,1395552,2.039999961853028,0.9966021353750822,6592,3,5,SHELF_NORMAL_Y_NEG,592.2175591976044,22.738223297176344,4589.433756729741,-34.68448638916016,209.58106994628903,49.41896057128906,-0.0004494642198551,0.0006601470522582,0.0005491393385455,2.4110335289151408e-05,-0.0004077263001818,-7.457813626388088e-05,0.0004597895604092,244.38320571538603,0.6884033963813692,2.307891993577696,0.1355246821996991,0.379364011692263
BH050,204,1395552,2.039999961853028,0.9966021353750822,7690,1,1,SHELF_NORMAL_Y_POS,-310.96755919760443,-21.386331148337096,539.4337567297406,-116.79135131835938,-237.1006622314453,-33.81657791137695,-0.0002046644804067,-0.0010400530882179,-0.0004166534636169,1.6972142475424334e-05,-5.916406735195778e-05,1.0161592399526851e-05,6.138136086519808e-05,213.5329479442895,0.6015012618149,7.494822154667085,0.1364429119999404,0.3371632569319804
BH050,204,1395552,2.039999961853028,0.9966021353750822,8803,2,1,SHELF_NORMAL_Y_NEG,1246.8452994616207,24.99568236389409,4860.566243270259,-392.31884765625,-225.0013885498047,25.73022079467773,-0.0048718708567321,-0.0015561857726424,0.0009546061046421,-0.0032950546592473,-0.001035263412632,0.0006298603257164,0.004605502821505,343.8801395620008,0.9686764494704247,-0.0169661222361743,0.3720970814983104,0.4218543590981223
BH050,205,1402543,2.050000667572021,0.9984527002937388,5809,3,5,SIDE_NORMAL_X_POS,-1250.0,-24.15470053837925,439.4337567297406,37.74589920043945,-368.6515502929688,-34.99137115478516,0.0543707609176635,-0.1019443422555923,0.0131787098944187,0.0536499619483947,-0.1001003086566925,0.0136203244328498,0.1260013133287429,393.5949578731655,1.1087181911920154,-0.038023670765134,0.3611522670511952,0.485036530460585
BH050,205,1402543,2.050000667572021,0.9984527002937388,8857,1,1,SHELF_NORMAL_Y_NEG,1246.8452994616207,25.009422437046773,2189.4337567297407,-119.32926940917967,-391.2296447753906,-38.23001480102539,0.0011270561954006,-0.0063793412409722,-0.0023035923950374,0.0011365173850208,-0.0046538831666111,-0.0018211477436125,0.0049914778210222,353.55277385647327,0.9959233066379528,0.000288618452821,0.3473197925156654,0.3619825278703239
BH050,205,1402543,2.050000667572021,0.9984527002937388,7318,1,1,SHELF_NORMAL_Y_NEG,-29.717559197604437,30.49643744586834,860.5662432702593,309.111328125,57.88921356201172,12.083524703979492,0.0014162492007017,-0.0001691533689154,0.0001525141706224,0.0,0.0,0.0,0.0,285.38534868065574,0.8039023906497345,-16.153378682535838,0.2149166157011709,0.2218656427132889
BH050,205,1402543,2.050000667572021,0.9984527002937388,7687,4,5,SHELF_NORMAL_Y_POS,-392.1574408023956,-20.81674579952917,689.4337567297406,-54.1506462097168,63.261817932128906,-150.86087036132812,-0.0003366054734215,0.0002599630388431,-0.0018607868114486,1.8386621377430856e-05,-0.0001259999262401,4.3289521272527054e-05,0.0001403722853865,280.4229395626655,0.7899237734159591,7.61528268855998,0.1654458275645451,0.3571644698394131
BH050,205,1402543,2.050000667572021,0.9984527002937388,6592,3,5,SHELF_NORMAL_Y_NEG,592.2175591976044,22.738223297176344,4589.433756729741,-42.89738082885742,203.15313720703125,47.33836364746094,-0.0004799695452675,0.0006409019697457,0.0005228783702477,2.4110335289151408e-05,-0.0004077263001818,-7.457813626388088e-05,0.0004597895604092,241.96876234514195,0.6816021474511041,2.3305550006751368,0.1314660674023531,0.379364011692263
BH050,205,1402543,2.050000667572021,0.9984527002937388,7690,1,1,SHELF_NORMAL_Y_POS,-310.96755919760443,-21.386331148337096,539.4337567297406,-120.18890380859376,-242.94874572753903,-34.40693664550781,-0.0002126418112311,-0.0010634966893121,-0.0004241060232743,1.6972142475424334e-05,-5.916406735195778e-05,1.0161592399526851e-05,6.138136086519808e-05,218.68066692466004,0.6160018786610142,7.762934637300011,0.1432693531748877,0.3371632569319804
BH050,205,1402543,2.050000667572021,0.9984527002937388,8803,2,1,SHELF_NORMAL_Y_NEG,1246.8452994616207,24.99568236389409,4860.566243270259,-398.4761047363281,-225.22830200195312,28.12526512145996,-0.0050488780252635,-0.0015599899925291,0.0010239689145237,-0.0034424893092364,-0.0010469366097822,0.0006689951987937,0.0047843041829764,349.4795977233317,0.9844495710516388,-0.0171921239196281,0.3828327314204531,0.4218543590981223
BH050,206,1409533,2.059999942779541,0.999802355779382,5809,3,5,SIDE_NORMAL_X_POS,-1250.0,-24.15470053837925,439.4337567297406,41.47576522827149,-332.9231262207031,101.14202117919922,0.0557529889047145,-0.1041437983512878,0.0155387315899133,0.0550661720335483,-0.1024678274989128,0.0142621742561459,0.1293134689331054,396.3021749128684,1.1163441546841364,-0.0325138017582079,0.3577047608239957,0.485036530460585
BH050,206,1409533,2.059999942779541,0.999802355779382,8857,1,1,SHELF_NORMAL_Y_NEG,1246.8452994616207,25.009422437046773,2189.4337567297407,-115.98008728027344,-389.18603515625,-39.0649299621582,0.0011436571367084,-0.0063880989328026,-0.0023190779611468,0.0011398383649066,-0.0046676741912961,-0.0018260952783748,0.0050061554647982,352.643625405793,0.9933623250867408,-0.0001036095217458,0.3442005445620637,0.3619825278703239
BH050,206,1409533,2.059999942779541,0.999802355779382,7318,1,1,SHELF_NORMAL_Y_NEG,-29.717559197604437,30.49643744586834,860.5662432702593,311.850830078125,62.91100311279297,11.017966270446776,0.0014222477329894,-0.0001487706467742,0.000139065523399,0.0,0.0,0.0,0.0,286.27621754786327,0.8064118804165162,-16.61945389380115,0.217854826562056,0.2218656427132889
BH050,206,1409533,2.059999942779541,0.999802355779382,7687,4,5,SHELF_NORMAL_Y_POS,-392.1574408023956,-20.81674579952917,689.4337567297406,-56.0843505859375,64.06391906738281,-152.41046142578125,-0.0003471613454166,0.00026667205384,-0.0018803444691002,1.8386621377430856e-05,-0.0001259999262401,4.3289521272527054e-05,0.0001403722853865,283.77714788168095,0.7993722475540308,7.947929468407752,0.1694204032845202,0.3571644698394131
BH050,206,1409533,2.059999942779541,0.999802355779382,6592,3,5,SHELF_NORMAL_Y_NEG,592.2175591976044,22.738223297176344,4589.433756729741,-41.407447814941406,206.4955139160156,50.2761116027832,-0.0004776068381033,0.0006549583049491,0.000559959327802,2.4110335289151408e-05,-0.0004077263001818,-7.457813626388088e-05,0.0004597895604092,245.94407578181256,0.6928002134698945,2.4163401390934878,0.1360552636744108,0.379364011692263
BH050,206,1409533,2.059999942779541,0.999802355779382,7690,1,1,SHELF_NORMAL_Y_POS,-310.96755919760443,-21.386331148337096,539.4337567297406,-122.6904296875,-247.7626953125,-35.914276123046875,-0.0002177751157432,-0.0010832236148416,-0.0004431272682268,1.6972142475424334e-05,-5.916406735195778e-05,1.0161592399526851e-05,6.138136086519808e-05,223.4070027222103,0.6293155006259445,8.038308157244568,0.1494016258151124,0.3371632569319804
BH050,206,1409533,2.059999942779541,0.999802355779382,8803,2,1,SHELF_NORMAL_Y_NEG,1246.8452994616207,24.99568236389409,4860.566243270259,-399.6981506347656,-226.987060546875,27.45479393005371,-0.005220896564424,-0.0015811218181625,0.0010624701390042,-0.0036111383233219,-0.00106131285429,0.0007159571978263,0.0049896510317921,350.4521737515408,0.9871892218353262,-0.0176961937098522,0.3854699094880208,0.4218543590981223
BH050,207,1416524,2.070000648498535,1.0,5809,3,5,SIDE_NORMAL_X_POS,-1250.0,-24.15470053837925,439.4337567297406,34.89358139038086,-342.0447082519531,59.690704345703125,0.0569873489439487,-0.1063127219676971,0.0155261969193816,0.0563190765678882,-0.1046019345521926,0.0147727942094206,0.1322167664766311,375.2815608150871,1.0571311572255973,-0.0274608358654588,0.326666632686261,0.485036530460585
BH050,207,1416524,2.070000648498535,1.0,8857,1,1,SHELF_NORMAL_Y_NEG,1246.8452994616207,25.009422437046773,2189.4337567297407,-116.4034194946289,-390.7337341308594,-41.75006484985352,0.0011478511150926,-0.0064117577858269,-0.0023592999204993,0.0011438329238444,-0.004684439394623,-0.0018324331613257,0.0050240498967468,354.9212138461877,0.9997780671723598,-0.0003168311616513,0.3482346871913802,0.3619825278703239
BH050,207,1416524,2.070000648498535,1.0,7318,1,1,SHELF_NORMAL_Y_NEG,-29.717559197604437,30.49643744586834,860.5662432702593,298.6512756347656,25.7130069732666,13.487053871154783,0.0014123442815616,-0.0003101221227552,0.0001702283916529,0.0,0.0,0.0,0.0,287.6112353495228,0.8101724939423178,-16.820270027506673,0.208063935907347,0.2218656427132889
BH050,207,1416524,2.070000648498535,1.0,7687,4,5,SHELF_NORMAL_Y_POS,-392.1574408023956,-20.81674579952917,689.4337567297406,-57.81276321411133,72.24880981445312,-152.7772216796875,-0.0003674704639706,0.0003089195233769,-0.0018849737243726,1.8386621377430856e-05,-0.0001259999262401,4.3289521272527054e-05,0.0001403722853865,287.6834159920474,0.8103758196959082,8.315184276574934,0.1741628435018083,0.3571644698394131
BH050,207,1416524,2.070000648498535,1.0,6592,3,5,SHELF_NORMAL_Y_NEG,592.2175591976044,22.738223297176344,4589.433756729741,-52.99594497680664,203.6790313720703,42.894775390625,-0.0005297602619975,0.000658162520267,0.0004667963366955,2.4110335289151408e-05,-0.0004077263001818,-7.457813626388088e-05,0.0004597895604092,246.18644562934315,0.6934829454347694,2.5006361708416702,0.1348341467866315,0.379364011692263
BH050,207,1416524,2.070000648498535,1.0,7690,1,1,SHELF_NORMAL_Y_POS,-310.96755919760443,-21.386331148337096,539.4337567297406,-125.66648864746094,-254.3964080810547,-37.73857116699219,-0.0002225599891971,-0.0011110906489193,-0.0004661524435505,1.6972142475424334e-05,-5.916406735195778e-05,1.0161592399526851e-05,6.138136086519808e-05,229.8109978800637,0.6473549236058133,8.320488668509078,0.1578405476442312,0.3371632569319804
BH050,207,1416524,2.070000648498535,1.0,8803,2,1,SHELF_NORMAL_Y_NEG,1246.8452994616207,24.99568236389409,4860.566243270259,-403.0038146972656,-227.00889587402344,27.2458438873291,-0.0053513953462243,-0.0015865010209381,0.0010923226363956,-0.0037256348878145,-0.0010714031523093,0.0007484464440494,0.0051293219439685,353.10999771522125,0.9946760499020316,-0.0179146385587712,0.3907510007457289,0.4218543590981223
BH050,208,1423514,2.0799999237060547,0.999766304437714,5809,3,5,SIDE_NORMAL_X_POS,-1250.0,-24.15470053837925,439.4337567297406,30.919097900390625,-335.10919189453125,-106.60684967041016,0.0582106932997703,-0.1084350496530532,0.0141328955069184,0.0575718097388744,-0.1067640110850334,0.0154783837497234,0.1351494044065475,397.1278084050975,1.1186698828312605,-0.0227546795864644,0.3614735392244286,0.485036530460585
BH050,208,1423514,2.0799999237060547,0.999766304437714,8857,1,1,SHELF_NORMAL_Y_NEG,1246.8452994616207,25.009422437046773,2189.4337567297407,-114.79114532470705,-387.7306518554688,-44.33826446533203,0.0011543197324499,-0.0064121396280825,-0.0023969011381268,0.0011468429584056,-0.0046970387920737,-0.0018373633502051,0.005037514027208,353.4142964236639,0.9955332293624336,-0.0009175733073508,0.3444853805557788,0.3619825278703239
BH050,208,1423514,2.0799999237060547,0.999766304437714,7318,1,1,SHELF_NORMAL_Y_NEG,-29.717559197604437,30.49643744586834,860.5662432702593,304.31982421875,27.274581909179688,12.128966331481934,0.0014375905739143,-0.0003107991651631,0.0001530869485577,0.0,0.0,0.0,0.0,292.39630252693115,0.8236515564138905,-17.28902245890209,0.2154379776041765,0.2218656427132889
BH050,208,1423514,2.0799999237060547,0.999766304437714,7687,4,5,SHELF_NORMAL_Y_POS,-392.1574408023956,-20.81674579952917,689.4337567297406,-51.63693618774414,79.844482421875,-152.32212829589844,-0.0003485533816274,0.0003367958997841,-0.0018792346818372,1.8386621377430856e-05,-0.0001259999262401,4.3289521272527054e-05,0.0001403722853865,287.69868143877983,0.8104188209543094,8.728331902178681,0.1743720639523371,0.3571644698394131
BH050,208,1423514,2.0799999237060547,0.999766304437714,6592,3,5,SHELF_NORMAL_Y_NEG,592.2175591976044,22.738223297176344,4589.433756729741,-48.41470718383789,201.54010009765625,47.47059631347656,-0.0005044061690568,0.0006411086069419,0.0005245506181381,2.4110335289151408e-05,-0.0004077263001818,-7.457813626388088e-05,0.0004597895604092,243.8857791962677,0.6870021949190639,2.677756526146217,0.1327027964826683,0.379364011692263
BH050,208,1423514,2.0799999237060547,0.999766304437714,7690,1,1,SHELF_NORMAL_Y_POS,-310.96755919760443,-21.386331148337096,539.4337567297406,-129.3275604248047,-261.4913024902344,-39.22346878051758,-0.0002300029154866,-0.0011401976225897,-0.0004848938551731,1.6972142475424334e-05,-5.916406735195778e-05,1.0161592399526851e-05,6.138136086519808e-05,236.4333488525525,0.666009433387472,8.608570197769634,0.1670185957150653,0.3371632569319804
BH050,208,1423514,2.0799999237060547,0.999766304437714,8803,2,1,SHELF_NORMAL_Y_NEG,1246.8452994616207,24.99568236389409,4860.566243270259,-399.4504699707031,-227.11399841308597,29.21040344238281,-0.0055004782043397,-0.001607839949429,0.0011671833926811,-0.003892122535035,-0.0010870530968531,0.0007985141128301,0.0053332685492932,350.6856082586829,0.987846783827276,-0.018277026277573,0.3857592401073116,0.4218543590981223
BH050,209,1430505,2.090000629425049,0.9992129807252538,5809,3,5,SIDE_NORMAL_X_POS,-1250.0,-24.15470053837925,439.4337567297406,17.3055419921875,-365.30810546875,6.078069686889648,0.0592762008309364,-0.1104940325021743,0.0162649992853403,0.0586593188345432,-0.108696237206459,0.0161882191896438,0.1377503275871276,374.4091041326889,1.0546735327681378,-0.0185017896071176,0.3338171263035773,0.485036530460585
BH050,209,1430505,2.090000629425049,0.9992129807252538,8857,1,1,SHELF_NORMAL_Y_NEG,1246.8452994616207,25.009422437046773,2189.4337567297407,-117.97129821777344,-387.0076904296875,-43.44694137573242,0.0011439016088843,-0.0064298147335648,-0.0023961872793734,0.0011529102921485,-0.0047228462062776,-0.001847899868153,0.0050651803612709,351.70909874408176,0.9907298556171316,-0.0011757795144372,0.3427597681364601,0.3619825278703239
BH050,209,1430505,2.090000629425049,0.9992129807252538,7318,1,1,SHELF_NORMAL_Y_NEG,-29.717559197604437,30.49643744586834,860.5662432702593,301.15362548828125,23.04635238647461,11.48383331298828,0.0014283726923167,-0.0003267126448918,0.0001449450937798,0.0,0.0,0.0,0.0,290.99790928848904,0.819712420530955,-17.71549337143111,0.2121508460699703,0.2218656427132889
BH050,209,1430505,2.090000629425049,0.9992129807252538,7687,4,5,SHELF_NORMAL_Y_POS,-392.1574408023956,-20.81674579952917,689.4337567297406,-59.95260238647461,78.99214172363281,-153.85784912109375,-0.0003876806877087,0.0003447675844654,-0.0018986258655786,1.8386621377430856e-05,-0.0001259999262401,4.3289521272527054e-05,0.0001403722853865,292.5518255966248,0.8240896495679572,9.070612674323613,0.1801568597337776,0.3571644698394131
BH050,209,1430505,2.090000629425049,0.9992129807252538,6592,3,5,SHELF_NORMAL_Y_NEG,592.2175591976044,22.738223297176344,4589.433756729741,-53.454620361328125,200.0447540283203,47.2123908996582,-0.0005266939406283,0.0006411924841813,0.0005212915129959,2.4110335289151408e-05,-0.0004077263001818,-7.457813626388088e-05,0.0004597895604092,245.47025481200447,0.6914655065126887,2.748970011205881,0.1337005443785336,0.379364011692263
BH050,209,1430505,2.090000629425049,0.9992129807252538,7690,1,1,SHELF_NORMAL_Y_POS,-310.96755919760443,-21.386331148337096,539.4337567297406,-130.63290405273438,-268.1058044433594,-41.55892181396485,-0.0002267091913381,-0.0011704060016199,-0.0005143699236214,1.6972142475424334e-05,-5.916406735195778e-05,1.0161592399526851e-05,6.138136086519808e-05,243.11246392700428,0.6848238420478994,8.897507567401917,0.1757801664897191,0.3371632569319804
BH050,209,1430505,2.090000629425049,0.9992129807252538,8803,2,1,SHELF_NORMAL_Y_NEG,1246.8452994616207,24.99568236389409,4860.566243270259,-402.1246643066406,-228.41848754882807,29.15694999694824,-0.0055640172213315,-0.0016153367469087,0.0011830196017399,-0.0039445767179131,-0.0010921115754172,0.0008150241337716,0.0053976704366505,352.9545674307008,0.99423821811465,-0.0183005072684499,0.3907376961711931,0.4218543590981223
BH050,210,1437495,2.0999999046325684,0.9977660921707356,5809,3,5,SIDE_NORMAL_X_POS,-1250.0,-24.15470053837925,439.4337567297406,21.423194885253903,-334.9117126464844,-7.91084098815918,0.0604913420975208,-0.1126254573464393,0.0169059094041585,0.0598989278078079,-0.1109693348407745,0.0170057173818349,0.1408579796552658,346.392020190553,0.9757521695508536,-0.0133487298240877,0.2839310035205621,0.485036530460585
BH050,210,1437495,2.0999999046325684,0.9977660921707356,8857,1,1,SHELF_NORMAL_Y_NEG,1246.8452994616207,25.009422437046773,2189.4337567297407,-110.78826904296876,-386.1365966796875,-47.50153350830078,0.0011809304123744,-0.0064506195485591,-0.0024536217097193,0.0011563346488401,-0.0047374181449413,-0.0018541532335802,0.005080843809992,354.0696170946386,0.997379203083489,-0.0014774276501836,0.3436530893066634,0.3619825278703239
BH050,210,1437495,2.0999999046325684,0.9977660921707356,7318,1,1,SHELF_NORMAL_Y_NEG,-29.717559197604437,30.49643744586834,860.5662432702593,293.5305480957031,-3.941904067993164,12.103341102600098,0.0014306541997939,-0.0004466189129743,0.0001527639251435,0.0,0.0,0.0,0.0,296.26384040615136,0.8345460293131024,-18.10419176271423,0.2117763129569102,0.2218656427132889
BH050,210,1437495,2.0999999046325684,0.9977660921707356,7687,4,5,SHELF_NORMAL_Y_POS,-392.1574408023956,-20.81674579952917,689.4337567297406,-57.71097183227539,79.6937026977539,-155.4038848876953,-0.0003778206009883,0.0003449092037044,-0.0019181371899321,1.8386621377430856e-05,-0.0001259999262401,4.3289521272527054e-05,0.0001403722853865,294.5028792145633,0.8295855752522909,9.480721654199094,0.1826050975922412,0.3571644698394131
BH050,210,1437495,2.0999999046325684,0.9977660921707356,6592,3,5,SHELF_NORMAL_Y_NEG,592.2175591976044,22.738223297176344,4589.433756729741,-76.22329711914062,172.95220947265625,44.60224533081055,-0.0005977682885713,0.0005428354488685,0.0004883471410721,2.4110335289151408e-05,-0.0004077263001818,-7.457813626388088e-05,0.0004597895604092,234.25098996777348,0.6598619435711929,2.671640106809249,0.1184533894796776,0.379364011692263
BH050,210,1437495,2.0999999046325684,0.9977660921707356,7690,1,1,SHELF_NORMAL_Y_POS,-310.96755919760443,-21.386331148337096,539.4337567297406,-133.18124389648438,-272.0832824707031,-44.36110305786133,-0.0002332824660697,-0.0011860057711601,-0.0005497403326444,1.6972142475424334e-05,-5.916406735195778e-05,1.0161592399526851e-05,6.138136086519808e-05,247.85860629901697,0.6981932571803295,9.207892398963011,0.1823801249139421,0.3371632569319804
BH050,210,1437495,2.0999999046325684,0.9977660921707356,8803,2,1,SHELF_NORMAL_Y_NEG,1246.8452994616207,24.99568236389409,4860.566243270259,-397.186767578125,-227.625244140625,31.37542724609375,-0.0056649125181138,-0.0016306262696161,0.0012503068428486,-0.0040682922117412,-0.0011040610261261,0.0008543081348761,0.0055496003478765,349.4482758212823,0.9843613403416404,-0.018548479180492,0.3832264923240842,0.4218543590981223
BH050,211,1444486,2.1100006103515625,0.996367888579628,5809,3,5,SIDE_NORMAL_X_POS,-1250.0,-24.15470053837925,439.4337567297406,25.92839241027832,-347.3523864746094,-1.9873548746109009,0.0616120584309101,-0.1146411672234535,0.0179529935121536,0.0609796978533268,-0.1129178181290626,0.0179779846221208,0.1434991806745529,361.0319925462853,1.016991528299395,-0.0088378132089853,0.307433922175915,0.485036530460585
BH050,211,1444486,2.1100006103515625,0.996367888579628,8857,1,1,SHELF_NORMAL_Y_NEG,1246.8452994616207,25.009422437046773,2189.4337567297407,-115.08963775634766,-385.3928527832031,-47.72747039794922,0.0011662826873362,-0.0064714537002146,-0.0024702062364667,0.001163650304079,-0.0047681112773716,-0.0018678840715438,0.0051138764247298,352.4943774960391,0.9929419084395468,-0.0016998156472594,0.3424658573892983,0.3619825278703239
BH050,211,1444486,2.1100006103515625,0.996367888579628,7318,1,1,SHELF_NORMAL_Y_NEG,-29.717559197604437,30.49643744586834,860.5662432702593,304.7077941894531,11.959989547729492,11.596725463867188,0.0014617530396208,-0.0003857010451611,0.0001463696971768,0.0,0.0,0.0,0.0,299.5814267951524,0.8438913430849364,-18.75750812978261,0.221246928242194,0.2218656427132889
BH050,211,1444486,2.1100006103515625,0.996367888579628,7687,4,5,SHELF_NORMAL_Y_POS,-392.1574408023956,-20.81674579952917,689.4337567297406,-59.5214958190918,78.983642578125,-170.15695190429688,-0.0003855744434986,0.0003440991276875,-0.0021043412853032,1.8386621377430856e-05,-0.0001259999262401,4.3289521272527054e-05,0.0001403722853865,318.34354658925514,0.8967423847584652,9.730347362858764,0.2133059781459164,0.3571644698394131
BH050,211,1444486,2.1100006103515625,0.996367888579628,6592,3,5,SHELF_NORMAL_Y_NEG,592.2175591976044,22.738223297176344,4589.433756729741,-57.050079345703125,190.09510803222656,54.23652267456055,-0.0005296606686897,0.0005981334252282,0.0006099442834965,2.4110335289151408e-05,-0.0004077263001818,-7.457813626388088e-05,0.0004597895604092,243.02387500632076,0.6845742957924528,2.9482621510823064,0.1299618201447557,0.379364011692263
BH050,211,1444486,2.1100006103515625,0.996367888579628,7690,1,1,SHELF_NORMAL_Y_POS,-310.96755919760443,-21.386331148337096,539.4337567297406,-131.74600219726562,-255.90359497070312,-48.66518020629883,-0.0002498773392289,-0.0011095507070422,-0.0006040653097443,1.6972142475424334e-05,-5.916406735195778e-05,1.0161592399526851e-05,6.138136086519808e-05,237.1376872665494,0.6679934852578856,9.611313434508656,0.1669215688183214,0.3371632569319804
BH050,211,1444486,2.1100006103515625,0.996367888579628,8803,2,1,SHELF_NORMAL_Y_NEG,1246.8452994616207,24.99568236389409,4860.566243270259,-396.2337036132813,-228.2597198486328,30.568944931030277,-0.0057252305559813,-0.0016416676808148,0.0012615545419976,-0.0041341702453792,-0.0011106356978416,0.0008757350733503,0.0056306873448193,348.51518558838904,0.9817329171503916,-0.0185642353727443,0.381723665884099,0.4218543590981223
BH050,212,1451476,2.119999885559082,0.9944113501982692,5809,3,5,SIDE_NORMAL_X_POS,-1250.0,-24.15470053837925,439.4337567297406,33.12091064453125,-332.1951599121094,91.10253143310548,0.0628794580698013,-0.1168027967214584,0.0202276296913623,0.0622343458235263,-0.1151423379778862,0.0190776269882917,0.1465141624212265,383.864870624429,1.0813094947167017,-0.0028834993895365,0.3388202955306533,0.485036530460585
BH050,212,1451476,2.119999885559082,0.9944113501982692,8857,1,1,SHELF_NORMAL_Y_NEG,1246.8452994616207,25.009422437046773,2189.4337567297407,-113.74346923828124,-384.95794677734375,-50.64754867553711,0.0011777112958952,-0.0064948028884828,-0.0025177591014653,0.001169178285636,-0.0047916057519614,-0.001878579496406,0.0051392088644206,353.6089192379203,0.996081462642029,-0.0021493281577558,0.3435475534390386,0.3619825278703239
BH050,212,1451476,2.119999885559082,0.9944113501982692,7318,1,1,SHELF_NORMAL_Y_NEG,-29.717559197604437,30.49643744586834,860.5662432702593,290.06707763671875,-21.9893798828125,11.206053733825684,0.0014401201624423,-0.0005291827255859,0.0001414385769749,0.0,0.0,0.0,0.0,302.2872217591146,0.8515133007299002,-19.2134470105134,0.215477145061394,0.2218656427132889
BH050,212,1451476,2.119999885559082,0.9944113501982692,7687,4,5,SHELF_NORMAL_Y_POS,-392.1574408023956,-20.81674579952917,689.4337567297406,-55.82324981689453,96.39451599121094,-160.98580932617188,-0.0003929780214093,0.0004232350620441,-0.0019885883666574,1.8386621377430856e-05,-0.0001259999262401,4.3289521272527054e-05,0.0001403722853865,309.0930046016295,0.8706845200045902,10.472051029408997,0.2015068391318444,0.3571644698394131
BH050,212,1451476,2.119999885559082,0.9944113501982692,6592,3,5,SHELF_NORMAL_Y_NEG,592.2175591976044,22.738223297176344,4589.433756729741,-74.0521240234375,173.6465301513672,48.39453506469727,-0.0005882414407096,0.0005430509918369,0.0005362128140404,2.4110335289151408e-05,-0.0004077263001818,-7.457813626388088e-05,0.0004597895604092,235.63068977827464,0.6637484219106328,2.906062711583832,0.1200005476614959,0.379364011692263
BH050,212,1451476,2.119999885559082,0.9944113501982692,7690,1,1,SHELF_NORMAL_Y_POS,-310.96755919760443,-21.386331148337096,539.4337567297406,-137.74412536621094,-276.9803161621094,-49.46055221557617,-0.0002482985437382,-0.001203132327646,-0.0006141074118204,1.6972142475424334e-05,-5.916406735195778e-05,1.0161592399526851e-05,6.138136086519808e-05,254.71192924000903,0.7174983922253776,10.034956127667892,0.1921354972393508,0.3371632569319804
BH050,212,1451476,2.119999885559082,0.9944113501982692,8803,2,1,SHELF_NORMAL_Y_NEG,1246.8452994616207,24.99568236389409,4860.566243270259,-398.521728515625,-228.926513671875,32.18984603881836,-0.0057701729238033,-0.0016449497779831,0.0012936869170516,-0.0041689807549119,-0.0011140120914205,0.0008874047780409,0.0056735007092356,350.8607777929555,0.988340219135086,-0.0185697296146257,0.3863704262457513,0.4218543590981223
BH050,213,1458467,2.130000591278076,0.9907020191746904,5809,3,5,SIDE_NORMAL_X_POS,-1250.0,-24.15470053837925,439.4337567297406,25.347461700439453,-366.143798828125,152.7506103515625,0.0639111101627349,-0.1188139840960502,0.0219099000096321,0.0632542222738266,-0.1170001253485679,0.0199818424880504,0.1490116715431213,462.582790472062,1.3030501140058084,0.0028026121640546,0.4875834578098612,0.4875834578098612
BH050,213,1458467,2.130000591278076,0.9907020191746904,8857,1,1,SHELF_NORMAL_Y_NEG,1246.8452994616207,25.009422437046773,2189.4337567297407,-117.77013397216795,-386.44915771484375,-51.62046432495117,0.0011665930505841,-0.0065238648094236,-0.0025430663954466,0.0011754326988011,-0.0048192860558629,-0.0018916067201644,0.0051692016422748,354.53434796673315,0.9986883041316428,-0.002420683510377,0.3467192214382502,0.3619825278703239
BH050,213,1458467,2.130000591278076,0.9907020191746904,7318,1,1,SHELF_NORMAL_Y_NEG,-29.717559197604437,30.49643744586834,860.5662432702593,291.7989196777344,-21.388750076293945,10.229654312133787,0.0014476509531959,-0.0005287876701913,0.0001291148364543,0.0,0.0,0.0,0.0,303.5774033133493,0.8551476149671811,-19.848800346639692,0.2175274455566884,0.2218656427132889
BH050,213,1458467,2.130000591278076,0.9907020191746904,7687,4,5,SHELF_NORMAL_Y_POS,-392.1574408023956,-20.81674579952917,689.4337567297406,-61.10952377319336,88.30327606201172,-170.6038818359375,-0.0004068560665473,0.000391655601561,-0.0021099892910569,1.8386621377430856e-05,-0.0001259999262401,4.3289521272527054e-05,0.0001403722853865,322.87004676696824,0.9094930894844176,10.82980334373348,0.2195297209181638,0.3571644698394131
BH050,213,1458467,2.130000591278076,0.9907020191746904,6592,3,5,SHELF_NORMAL_Y_NEG,592.2175591976044,22.738223297176344,4589.433756729741,-83.0452651977539,165.8603057861328,46.3121452331543,-0.0006205561803653,0.0005183481262065,0.0005099315894767,2.4110335289151408e-05,-0.0004077263001818,-7.457813626388088e-05,0.0004597895604092,233.69748517113968,0.6583027751299709,2.907410279678659,0.1171009628445294,0.379364011692263
BH050,213,1458467,2.130000591278076,0.9907020191746904,7690,1,1,SHELF_NORMAL_Y_POS,-310.96755919760443,-21.386331148337096,539.4337567297406,-139.6499786376953,-274.3689270019531,-53.48579406738281,-0.0002613556280266,-0.0011876811040565,-0.0006649123388342,1.6972142475424334e-05,-5.916406735195778e-05,1.0161592399526851e-05,6.138136086519808e-05,255.0431342814332,0.7184313641730512,10.446483849811516,0.1923020540936125,0.3371632569319804
BH050,213,1458467,2.130000591278076,0.9907020191746904,8803,2,1,SHELF_NORMAL_Y_NEG,1246.8452994616207,24.99568236389409,4860.566243270259,-395.7451171875,-228.04782104492188,32.83936309814453,-0.0057754577137529,-0.0016464233631268,0.0013077887706458,-0.0041864556260406,-0.0011157052358612,0.0008933106437325,0.0056949956342577,348.7211867715862,0.9823132021734824,-0.0184591847872242,0.3817456100985829,0.4218543590981223
BH050,214,1465458,2.1400012969970703,0.9871773222912796,5809,3,5,SIDE_NORMAL_X_POS,-1250.0,-24.15470053837925,439.4337567297406,29.82694435119629,-368.4248046875,15.81185531616211,0.0651430040597915,-0.1209614649415016,0.0212217681109905,0.0644611418247222,-0.1191300228238105,0.0210220720618963,0.1518638730049133,385.1824421893916,1.0850209639137791,0.0097053643719315,0.3490453912579956,0.4875834578098612
BH050,214,1465458,2.1400012969970703,0.9871773222912796,8857,1,1,SHELF_NORMAL_Y_NEG,1246.8452994616207,25.009422437046773,2189.4337567297407,-120.27115631103516,-386.37109375,-52.241188049316406,0.0011581702856346,-0.0065374937839806,-0.002559510525316,0.0011792655568569,-0.0048369541764259,-0.001900220173411,0.0051884455606341,354.2116600309834,0.9977793240309392,-0.0030872288880701,0.3470235584065136,0.3619825278703239
