case,frame_index,frame_id,step_time_s,P_over_Pu,element,integration_point,section_point,panel,x_ip_mm,y_ip_mm,z_ip_mm,sigma_x_transverse_MPa,sigma_y_axial_MPa,tau_xy_MPa,LE_x_transverse,LE_y_axial,gamma_xy_engineering,PE_x_transverse,PE_y_axial,PE_xy_engineering,PEEQ,sigma_VM_MPa,sigma_VM_over_fy,w_local_ref_normal_mm,Y_s_MPa,Y_s_max_MPa
BH032,70,481893,0.699999988079071,0.0619285679905122,5009,3,5,SIDE_NORMAL_X_POS,-800.0,24.15470053837925,2637.524791385932,2.001073122024536,-20.32567024230957,0.2922000885009765,3.931531318812631e-05,-0.0001015823363559,3.687856178657967e-06,0.0,0.0,0.0,0.0,21.402487227492447,0.0602886964154716,-0.0217897013753386,0.0010722390763146,0.0010722390763146
BH032,70,481893,0.699999988079071,0.0619285679905122,4371,1,1,SHELF_NORMAL_Y_POS,-796.8452994616207,-25.01400788112261,1906.475208614068,-8.374373435974121,-24.486013412475582,1.2038153409957886,-4.9923669394047465e-06,-0.0001066705590346,1.519381385151064e-05,0.0,0.0,0.0,0.0,21.656118699628337,0.0610031512665587,-0.0007778746105242,0.0013360405302704,0.0013360405302704
BH032,70,481893,0.699999988079071,0.0619285679905122,3944,1,1,SHELF_NORMAL_Y_NEG,-289.01923788646684,22.46877624313318,2765.524791385932,-2.4711971282958984,-23.926958084106445,0.0291142128407955,2.284901711391285e-05,-0.0001125526250689,3.6746433806911227e-07,0.0,0.0,0.0,0.0,22.79211379427877,0.0642031374486725,0.0627476522271916,0.0013183081081134,0.0013183081081134
BH032,70,481893,0.699999988079071,0.0619285679905122,3562,1,1,SHELF_NORMAL_Y_NEG,70.98076211353316,28.89403051151763,717.5247913859318,3.438990831375122,-20.34626197814941,-0.0162991974502801,4.632417403627187e-05,-0.0001037764304783,-2.057189618653865e-07,0.0,0.0,0.0,0.0,22.26585816466312,0.0627207272244031,-0.117205344388597,0.0011353856361142,0.0011353856361142
BH032,71,488604,0.7100001573562622,0.0644184868988798,3023,2,1,SHELF_NORMAL_Y_POS,779.9393102292058,-25.04300957874569,1741.5247913859318,1.613455295562744,-22.610790252685547,-1.4018555879592896,4.076108598383144e-05,-0.0001121118184528,-1.7693448171485215e-05,0.0,0.0,0.0,0.0,23.584490038587884,0.0664351832072898,-0.0093142264620809,0.0013127651781165,0.0013127651781165
BH032,71,488604,0.7100001573562622,0.0644184868988798,3944,2,5,SHELF_NORMAL_Y_NEG,-289.01923788646684,22.63576178657993,2802.4752086140675,-2.660507917404175,-24.70110511779785,0.1017826646566391,2.3057082216837443e-05,-0.0001160319006885,1.2846685422118751e-06,0.0,0.0,0.0,0.0,23.484814025599803,0.0661544057059149,0.0652428724490203,0.0014024292567188,0.0014024292567188
BH032,71,488604,0.7100001573562622,0.0644184868988798,3536,1,5,SHELF_NORMAL_Y_POS,160.98076211353316,-21.36871258581148,946.475208614068,-1.5328431129455566,-25.21518325805664,-0.0500310324132442,2.9278939109644853e-05,-0.0001201688355649,-6.314672305052227e-07,0.0,0.0,0.0,0.0,24.484927283129213,0.0689716261496597,0.0905586602040993,0.0014925826511681,0.0014925826511681
BH032,71,488604,0.7100001573562622,0.0644184868988798,5009,3,5,SIDE_NORMAL_X_POS,-800.0,24.15470053837925,2637.524791385932,4.137094020843506,-20.39065933227539,0.6935116648674011,4.977910430170596e-05,-0.0001050088467309,8.752952453505713e-06,0.0,0.0,0.0,0.0,22.774887157453566,0.0641546117111368,-0.0226623249865139,0.0011766090996267,0.0011766090996267
BH032,71,488604,0.7100001573562622,0.0644184868988798,4371,1,1,SHELF_NORMAL_Y_POS,-796.8452994616207,-25.01400788112261,1906.475208614068,-8.613889694213867,-25.21709251403809,0.8608826994895935,-5.090313607070129e-06,-0.0001098708089557,1.0865524927794468e-05,0.0,0.0,0.0,0.0,22.250998949884718,0.0626788702813653,-0.0008117495361425,0.0014119367843036,0.0014119367843036
BH032,71,488604,0.7100001573562622,0.0644184868988798,3944,1,1,SHELF_NORMAL_Y_NEG,-289.01923788646684,22.46877624313318,2765.524791385932,-2.593416213989258,-24.961986541748047,0.0128452368080616,2.3762957425788045e-05,-0.0001173991477116,1.6212668185744405e-07,0.0,0.0,0.0,0.0,23.77162708227958,0.0669623298092382,0.0652428724490203,0.0014344613801395,0.0014344613801395
BH032,71,488604,0.7100001573562622,0.0644184868988798,3562,1,1,SHELF_NORMAL_Y_NEG,70.98076211353316,28.89403051151763,717.5247913859318,3.5960357189178467,-21.140993118286133,0.0016224773135036,4.824371353606693e-05,-0.0001078628338291,2.047676161964773e-08,0.0,0.0,0.0,0.0,23.14944572129549,0.0652097062571703,-0.1219433739402983,0.00122690258389,0.00122690258389
BH032,72,495315,0.7200003266334534,0.0669499238242739,3023,2,1,SHELF_NORMAL_Y_POS,779.9393102292058,-25.04300957874569,1741.5247913859318,1.7039532661437988,-23.44059562683105,-1.3814644813537598,4.240895214024931e-05,-0.0001162714252131,-1.743606844684109e-05,0.0,0.0,0.0,0.0,24.4546926354071,0.0688864581279073,-0.0095887875143352,0.0014109188702514,0.0014109188702514
BH032,72,495315,0.7200003266334534,0.0669499238242739,3944,2,5,SHELF_NORMAL_Y_NEG,-289.01923788646684,22.63576178657993,2802.4752086140675,-2.758302688598633,-25.596120834350582,0.1126649752259254,2.38858447119128e-05,-0.000120234733913,1.422017930963193e-06,0.0,0.0,0.0,0.0,24.33528028939568,0.0685500853222413,0.0676372868308116,0.0015058925586471,0.0015058925586471
BH032,72,495315,0.7200003266334534,0.0669499238242739,3536,1,5,SHELF_NORMAL_Y_POS,160.98076211353316,-21.36871258581148,946.475208614068,-1.5669728517532349,-26.18604850769043,-0.0643934309482574,3.052721149288118e-05,-0.0001248321932507,-8.127375394906267e-07,0.0,0.0,0.0,0.0,25.439028141830644,0.0716592342023398,0.0943347734987747,0.0016105069863491,0.0016105069863491
BH032,72,495315,0.7200003266334534,0.0669499238242739,5009,3,5,SIDE_NORMAL_X_POS,-800.0,24.15470053837925,2637.524791385932,4.516075611114502,-20.93389320373535,0.2463497966527938,5.24098941241391e-05,-0.0001081979862647,3.109175850113388e-06,0.0,0.0,0.0,0.0,23.523263651132638,0.0662627145102327,-0.0235586451684665,0.001251234681574,0.001251234681574
BH032,72,495315,0.7200003266334534,0.0669499238242739,4371,1,1,SHELF_NORMAL_Y_POS,-796.8452994616207,-25.01400788112261,1906.475208614068,-7.502092361450195,-26.02535057067871,1.4099642038345337,1.4840736639598615e-06,-0.0001154136989498,1.77956790139433e-05,0.0,0.0,0.0,0.0,23.330659561495214,0.0657201677788597,-0.0008518671430458,0.0015088475759321,0.0015088475759321
BH032,72,495315,0.7200003266334534,0.0669499238242739,3944,1,1,SHELF_NORMAL_Y_NEG,-289.01923788646684,22.46877624313318,2765.524791385932,-2.694132089614868,-25.9095458984375,0.0209405366331338,2.465412762830965e-05,-0.000121852644952,2.643004961555562e-07,0.0,0.0,0.0,0.0,24.673072221866203,0.0695016118925808,0.0676372868308116,0.0015453865492411,0.0015453865492411
BH032,72,495315,0.7200003266334534,0.0669499238242739,3562,1,1,SHELF_NORMAL_Y_NEG,70.98076211353316,28.89403051151763,717.5247913859318,3.7133514881134033,-21.958232879638672,-0.0225716717541217,5.000311284675263e-05,-0.0001120002780226,-2.8488648240454495e-07,0.0,0.0,0.0,0.0,24.03108685956095,0.0676932024212984,-0.1269314995659299,0.0013224956029349,0.0013224956029349
BH032,73,502026,0.7300004959106445,0.0695442774057586,3023,2,1,SHELF_NORMAL_Y_POS,779.9393102292058,-25.04300957874569,1741.5247913859318,1.8508710861206052,-24.28962135314941,-1.4647576808929443,4.435853043105453e-05,-0.0001206064334837,-1.8487391571397893e-05,0.0,0.0,0.0,0.0,25.393009516466847,0.0715296042717376,-0.0098766236761453,0.0015193361132344,0.0015193361132344
BH032,73,502026,0.7300004959106445,0.0695442774057586,3944,2,5,SHELF_NORMAL_Y_NEG,-289.01923788646684,22.63576178657993,2802.4752086140675,-2.8454253673553467,-26.573535919189453,0.1157088503241539,2.488620339136105e-05,-0.0001248526532435,1.4604373745896735e-06,0.0,0.0,0.0,0.0,25.272047981494914,0.0711888675535068,0.0702212078374091,0.0016235504638198,0.0016235504638198
BH032,73,502026,0.7300004959106445,0.0695442774057586,3536,1,5,SHELF_NORMAL_Y_POS,160.98076211353316,-21.36871258581148,946.475208614068,-1.6450554132461548,-27.224374771118164,-0.0855223312973976,3.16606237902306e-05,-0.000129759471747,-1.079415369531489e-06,0.0,0.0,0.0,0.0,26.440671816520236,0.0744807656803386,0.0981281703300172,0.0017402884430231,0.0017402884430231
BH032,73,502026,0.7300004959106445,0.0695442774057586,5009,3,5,SIDE_NORMAL_X_POS,-800.0,24.15470053837925,2637.524791385932,2.7736823558807373,-22.65676689147949,0.8577442765235901,4.646082379622385e-05,-0.0001140243184636,1.0825830031535588e-05,0.0,0.0,0.0,0.0,24.208929139598304,0.0681941665904177,-0.0244624350228733,0.001360796904856,0.001360796904856
BH032,73,502026,0.7300004959106445,0.0695442774057586,4371,1,1,SHELF_NORMAL_Y_POS,-796.8452994616207,-25.01400788112261,1906.475208614068,-8.51801586151123,-27.086620330810547,1.3706592321395874,-1.9021227899429505e-06,-0.0001190859402413,1.729959149088245e-05,0.0,0.0,0.0,0.0,24.107124543209373,0.067907393079463,-0.0008802736886537,0.0016328030218569,0.0016328030218569
BH032,73,502026,0.7300004959106445,0.0695442774057586,3944,1,1,SHELF_NORMAL_Y_NEG,-289.01923788646684,22.46877624313318,2765.524791385932,-2.7882912158966064,-26.934471130371094,0.0134732220321893,2.568974014138803e-05,-0.0001266912877326,1.7005189079100094e-07,0.0,0.0,0.0,0.0,25.6542335356748,0.0722654465793656,0.0702212078374091,0.0016703946336359,0.0016703946336359
BH032,73,502026,0.7300004959106445,0.0695442774057586,3562,1,1,SHELF_NORMAL_Y_NEG,70.98076211353316,28.89403051151763,717.5247913859318,3.885121583938599,-22.82508850097656,-0.013893911615014,5.2099203458055854e-05,-0.0001164583300123,-1.753611655885834e-07,0.0,0.0,0.0,0.0,24.9951526883152,0.0704088808121555,-0.1321314890753778,0.0014302793533099,0.0014302793533099
BH032,74,508737,0.7400006651878357,0.0722135500640371,3023,2,1,SHELF_NORMAL_Y_POS,779.9393102292058,-25.04300957874569,1741.5247913859318,1.779006838798523,-25.253692626953125,-1.4674139022827148,4.541365342447534e-05,-0.0001251818321179,-1.852084642450791e-05,0.0,0.0,0.0,0.0,26.311599328038227,0.0741171812057414,-0.0101636619239512,0.0016346405626759,0.0016346405626759
BH032,74,508737,0.7400006651878357,0.0722135500640371,3944,2,5,SHELF_NORMAL_Y_NEG,-289.01923788646684,22.63576178657993,2802.4752086140675,-3.0147218704223637,-27.65096092224121,0.1257215589284896,2.5633369659772143e-05,-0.0001298366696573,1.5868101854721315e-06,0.0,0.0,0.0,0.0,26.274543744468275,0.0740127992801923,0.0728240933997037,0.0017565032455061,0.0017565032455061
BH032,74,508737,0.7400006651878357,0.0722135500640371,3536,1,5,SHELF_NORMAL_Y_POS,160.98076211353316,-21.36871258581148,946.475208614068,-1.6854397058486938,-28.24053955078125,-0.0891360342502594,3.294420093880035e-05,-0.0001346334029221,-1.125027438320103e-06,0.0,0.0,0.0,0.0,27.437107904180056,0.0772876278990987,0.1019805939097723,0.0018733190219257,0.0018733190219257
BH032,74,508737,0.7400006651878357,0.0722135500640371,5009,3,5,SIDE_NORMAL_X_POS,-800.0,24.15470053837925,2637.524791385932,0.8693450689315796,-24.00840187072754,0.5238658785820007,3.9184826164273545e-05,-0.000117812101962,6.611821845581289e-06,0.0,0.0,0.0,0.0,24.471493893726663,0.0689337856161314,-0.0253973017135473,0.0014330100915018,0.0014330100915018
BH032,74,508737,0.7400006651878357,0.0722135500640371,4371,1,1,SHELF_NORMAL_Y_POS,-796.8452994616207,-25.01400788112261,1906.475208614068,-8.89001750946045,-28.117536544799805,1.2070921659469604,-2.2068888938520104e-06,-0.0001235475501744,1.5235218597808853e-05,0.0,0.0,0.0,0.0,24.980674429481944,0.0703680969844561,-0.0008858348361567,0.0017559462753374,0.0017559462753374
BH032,74,508737,0.7400006651878357,0.0722135500640371,3944,1,1,SHELF_NORMAL_Y_NEG,-289.01923788646684,22.46877624313318,2765.524791385932,-2.9254672527313232,-27.943086624145508,0.0459783188998699,2.6492871256778017e-05,-0.000131388194859,5.803096883028047e-07,0.0,0.0,0.0,0.0,26.60139481097856,0.0749335065097987,0.0728240933997037,0.0017969920492921,0.0017969920492921
BH032,74,508737,0.7400006651878357,0.0722135500640371,3562,1,1,SHELF_NORMAL_Y_NEG,70.98076211353316,28.89403051151763,717.5247913859318,4.018125534057617,-23.735565185546875,-0.0064780260436236,5.407089338405058e-05,-0.0001210722330142,-8.176211707677794e-08,0.0,0.0,0.0,0.0,25.978741191916708,0.0731795526532865,-0.1370719771483942,0.0015454820825952,0.0015454820825952
BH032,75,515448,0.7500008344650269,0.0749421044453527,3023,2,1,SHELF_NORMAL_Y_POS,779.9393102292058,-25.04300957874569,1741.5247913859318,1.9003384113311768,-26.1921501159668,-1.5859322547912598,4.7369194362545386e-05,-0.0001299134746659,-2.0016743292217143e-05,0.0,0.0,0.0,0.0,27.330559929610043,0.0769874927594649,-0.0104390354141215,0.0017622335647772,0.0017622335647772
BH032,75,515448,0.7500008344650269,0.0749421044453527,3944,2,5,SHELF_NORMAL_Y_NEG,-289.01923788646684,22.63576178657993,2802.4752086140675,-3.095249652862549,-28.689855575561523,0.1050832048058509,2.675545329111628e-05,-0.0001347623037872,1.3263246501082904e-06,0.0,0.0,0.0,0.0,27.27488304812667,0.0768306564735962,0.0754275396284952,0.0018918012927255,0.0018918012927255
BH032,75,515448,0.7500008344650269,0.0749421044453527,3536,1,5,SHELF_NORMAL_Y_POS,160.98076211353316,-21.36871258581148,946.475208614068,-1.7733118534088137,-29.318607330322266,-0.049660924822092,3.4087766835000366e-05,-0.0001397389278281,-6.268057290981233e-07,0.0,0.0,0.0,0.0,28.47352692304081,0.0802071180930727,0.106034620704587,0.0020182395571366,0.0020182395571366
BH032,75,515448,0.7500008344650269,0.0749421044453527,5009,3,5,SIDE_NORMAL_X_POS,-800.0,24.15470053837925,2637.524791385932,2.8103315830230717,-24.397180557250977,0.9315742254257202,4.917332262266427e-05,-0.0001225265441462,1.1757656466215847e-05,0.0,0.0,0.0,0.0,25.96705684937809,0.0731466390123326,-0.0263298298533166,0.0015692369387198,0.0015692369387198
BH032,75,515448,0.7500008344650269,0.0749421044453527,4371,1,1,SHELF_NORMAL_Y_POS,-796.8452994616207,-25.01400788112261,1906.475208614068,-7.981332302093506,-29.082632064819336,1.330817461013794,3.609641225921223e-06,-0.0001295556139666,1.67968355526682e-05,0.0,0.0,0.0,0.0,26.12845628331061,0.0736012853051003,-0.0009385489188611,0.0018806944124927,0.0018806944124927
BH032,75,515448,0.7500008344650269,0.0749421044453527,3944,1,1,SHELF_NORMAL_Y_NEG,-289.01923788646684,22.46877624313318,2765.524791385932,-3.006096124649048,-28.97694969177246,0.0118608735501766,2.7607216907199472e-05,-0.0001362901675747,1.4970082418130914e-07,0.0,0.0,0.0,0.0,27.596977247853044,0.0777379640784592,0.0754275396284952,0.0019331878392161,0.0019331878392161
BH032,75,515448,0.7500008344650269,0.0749421044453527,3562,1,1,SHELF_NORMAL_Y_NEG,70.98076211353316,28.89403051151763,717.5247913859318,4.18450403213501,-24.59136962890625,-0.0063084596768021,5.612480526906438e-05,-0.0001254689559573,-7.962245263115619e-08,0.0,0.0,0.0,0.0,26.92857848046045,0.0758551506491843,-0.1425468724749266,0.00166014522374,0.00166014522374
BH032,76,522159,0.760001003742218,0.0777224682094641,3023,2,1,SHELF_NORMAL_Y_POS,779.9393102292058,-25.04300957874569,1741.5247913859318,1.9368829727172847,-27.22471237182617,-1.599514365196228,4.905039168079384e-05,-0.0001349789527012,-2.0188181224511936e-05,0.0,0.0,0.0,0.0,28.378564090210592,0.0799396171555228,-0.0107291803370139,0.001901022695101,0.001901022695101
BH032,76,522159,0.760001003742218,0.0777224682094641,3944,2,5,SHELF_NORMAL_Y_NEG,-289.01923788646684,22.63576178657993,2802.4752086140675,-3.221256256103516,-29.76533508300781,0.1359472870826721,2.7710088033927605e-05,-0.0001397995656589,1.7158670289063591e-06,0.0,0.0,0.0,0.0,28.293556468119395,0.079700159065125,0.0781049797602476,0.0020360590698425,0.0020360590698425
BH032,76,522159,0.760001003742218,0.0777224682094641,3536,1,5,SHELF_NORMAL_Y_POS,160.98076211353316,-21.36871258581148,946.475208614068,-1.854243755340576,-30.391332626342773,-0.0728690698742866,3.5257136914879084e-05,-0.0001448286348022,-9.19726403481036e-07,0.0,0.0,0.0,0.0,29.50820749680307,0.0831217112586002,0.1100996034873008,0.0021680876818418,0.0021680876818418
BH032,76,522159,0.760001003742218,0.0777224682094641,5009,3,5,SIDE_NORMAL_X_POS,-800.0,24.15470053837925,2637.524791385932,1.636572003364563,-25.774608612060547,1.25634503364563,4.548148717731237e-05,-0.0001275039394386,1.5856710888328962e-05,0.0,0.0,0.0,0.0,26.71939423733214,0.0752658992600905,-0.0273001375576932,0.0016903750290156,0.0016903750290156
BH032,76,522159,0.760001003742218,0.0777224682094641,4371,1,1,SHELF_NORMAL_Y_POS,-796.8452994616207,-25.01400788112261,1906.475208614068,-8.407769203186035,-30.21171760559082,1.218194603919983,3.1840115752856946e-06,-0.0001344169431831,1.5375368093373254e-05,0.0,0.0,0.0,0.0,27.090169971290862,0.0763103379472982,-0.0009712356583338,0.0020264969481215,0.0020264969481215
BH032,76,522159,0.760001003742218,0.0777224682094641,3944,1,1,SHELF_NORMAL_Y_NEG,-289.01923788646684,22.46877624313318,2765.524791385932,-3.141582489013672,-30.073877334594727,0.0359445512294769,2.8547006877488457e-05,-0.0001414174621459,4.5366851963990484e-07,0.0,0.0,0.0,0.0,28.632707662613903,0.0806555145425743,0.0781049797602476,0.0020816950912531,0.0020816950912531
BH032,76,522159,0.760001003742218,0.0777224682094641,3562,1,1,SHELF_NORMAL_Y_NEG,70.98076211353316,28.89403051151763,717.5247913859318,4.364675998687744,-25.51249885559082,-0.0139855053275823,5.834074909216724e-05,-0.0001302035234402,-1.7651726125222924e-07,0.0,0.0,0.0,0.0,27.951607693201968,0.0787369230794421,-0.1480442988193248,0.001788228135636,0.001788228135636
BH032,77,528870,0.7700011730194092,0.0805700676964747,3023,2,1,SHELF_NORMAL_Y_POS,779.9393102292058,-25.04300957874569,1741.5247913859318,2.136467695236206,-28.192943572998047,-1.6302255392074585,5.142926966072992e-05,-0.0001399694738211,-2.05757787625771e-05,0.0,0.0,0.0,0.0,29.455267451279745,0.0829725843698021,-0.0110248842330049,0.0020447745203773,0.0020447745203773
BH032,77,528870,0.7700011730194092,0.0805700676964747,3944,2,5,SHELF_NORMAL_Y_NEG,-289.01923788646684,22.63576178657993,2802.4752086140675,-3.3379220962524414,-30.83326530456543,0.1411692798137664,2.86989234155044e-05,-0.0001448140392312,1.7817789057517075e-06,0.0,0.0,0.0,0.0,29.308236419125176,0.0825584124482399,0.0808079709243992,0.0021847591584321,0.0021847591584321
BH032,77,528870,0.7700011730194092,0.0805700676964747,3536,1,5,SHELF_NORMAL_Y_POS,160.98076211353316,-21.36871258581148,946.475208614068,-1.8813691139221191,-31.521730422973636,-0.0831466987729072,3.677168933791109e-05,-0.0001502758095739,-1.0494505886526897e-06,0.0,0.0,0.0,0.0,30.62475744698773,0.0862669223858809,0.1141958676416137,0.0023338922032937,0.0023338922032937
BH032,77,528870,0.7700011730194092,0.0805700676964747,5009,3,5,SIDE_NORMAL_X_POS,-800.0,24.15470053837925,2637.524791385932,1.8039674758911133,-26.228012084960938,0.5383403897285461,4.695435563917272e-05,-0.000129948297399,6.794468390580732e-06,0.0,0.0,0.0,0.0,27.190932835544974,0.0765941770015351,-0.0283113675745978,0.001748334003257,0.001748334003257
BH032,77,528870,0.7700011730194092,0.0805700676964747,4371,1,1,SHELF_NORMAL_Y_POS,-796.8452994616207,-25.01400788112261,1906.475208614068,-8.909774780273438,-31.16219711303711,1.380156397819519,2.131223482138012e-06,-0.0001383004128001,1.741961204970721e-05,0.0,0.0,0.0,0.0,27.902203365660096,0.0785977559596059,-0.0009905072955884,0.0021574427370043,0.0021574427370043
BH032,77,528870,0.7700011730194092,0.0805700676964747,3944,1,1,SHELF_NORMAL_Y_NEG,-289.01923788646684,22.46877624313318,2765.524791385932,-3.2223618030548096,-31.170469284057617,0.0285055842250585,2.9751947295153517e-05,-0.0001466237008571,3.597805857680214e-07,0.0,0.0,0.0,0.0,29.690767573084425,0.083635964994604,0.0808079709243992,0.0022372877826551,0.0022372877826551
BH032,77,528870,0.7700011730194092,0.0805700676964747,3562,1,1,SHELF_NORMAL_Y_NEG,70.98076211353316,28.89403051151763,717.5247913859318,4.472311019897461,-26.492000579833984,-0.0078728953376412,6.028955613146536e-05,-0.0001351149112451,-9.936795919429643e-08,0.0,0.0,0.0,0.0,28.988071903118787,0.0816565405721655,-0.1533879104745295,0.0019245450916027,0.0019245450916027
BH032,78,535581,0.7800013422966003,0.0834784871897777,3023,2,1,SHELF_NORMAL_Y_POS,779.9393102292058,-25.04300957874569,1741.5247913859318,2.0548624992370605,-29.273653030395508,-1.674633264541626,5.26069343322888e-05,-0.0001450972631573,-2.1136174837010916e-05,0.0,0.0,0.0,0.0,30.49156839479924,0.0858917419571809,-0.0113155641686662,0.0021955061502093,0.0021955061502093
BH032,78,535581,0.7800013422966003,0.0834784871897777,3944,2,5,SHELF_NORMAL_Y_NEG,-289.01923788646684,22.63576178657993,2802.4752086140675,-3.4061355590820312,-31.887327194213867,0.1441517621278762,2.9902794267400168e-05,-0.0001498306082794,1.819421754589712e-06,0.0,0.0,0.0,0.0,30.32908134429681,0.0854340319557656,0.0836465046989658,0.0023380246824628,0.0023380246824628
BH032,78,535581,0.7800013422966003,0.0834784871897777,3536,1,5,SHELF_NORMAL_Y_POS,160.98076211353316,-21.36871258581148,946.475208614068,-1.973242163658142,-32.645729064941406,-0.0828075483441352,3.796237433562055e-05,-0.000155597605044,-1.045167664415203e-06,0.0,0.0,0.0,0.0,31.705519283460475,0.0893113219252407,0.1185915207203493,0.0025023370285983,0.0025023370285983
BH032,78,535581,0.7800013422966003,0.0834784871897777,5009,3,5,SIDE_NORMAL_X_POS,-800.0,24.15470053837925,2637.524791385932,3.836470603942871,-26.750646591186523,0.7805714011192322,5.7581961300456896e-05,-0.000135445719934,9.851773938862609e-06,0.0,0.0,0.0,0.0,28.89241326303091,0.0813870796141715,-0.0292982239492363,0.0019259480241725,0.0019259480241725
BH032,78,535581,0.7800013422966003,0.0834784871897777,4371,1,1,SHELF_NORMAL_Y_POS,-796.8452994616207,-25.01400788112261,1906.475208614068,-8.844286918640137,-32.317176818847656,1.437247633934021,4.131251898797928e-06,-0.0001440030755475,1.8140142856282185e-05,0.0,0.0,0.0,0.0,29.03439316977928,0.0817870230134627,-0.0010223856682055,0.0023217080475486,0.0023217080475486
BH032,78,535581,0.7800013422966003,0.0834784871897777,3944,1,1,SHELF_NORMAL_Y_NEG,-289.01923788646684,22.46877624313318,2765.524791385932,-3.378501415252685,-32.32526779174805,0.0209591314196586,3.067549550905824e-05,-0.0001520017540315,2.645337247031421e-07,0.0,0.0,0.0,0.0,30.77543768159626,0.0866913737509753,0.0836465046989658,0.0024049827977992,0.0024049827977992
BH032,78,535581,0.7800013422966003,0.0834784871897777,3562,1,1,SHELF_NORMAL_Y_NEG,70.98076211353316,28.89403051151763,717.5247913859318,4.69146203994751,-27.373971939086918,-0.0184854678809642,6.263746035983786e-05,-0.0001397154410369,-2.3331290321948475e-07,0.0,0.0,0.0,0.0,29.99615193931664,0.0844962026459623,-0.1594071616655614,0.0020592102635654,0.0020592102635654
BH032,79,542291,0.7900000214576721,0.0864461060783915,3023,2,1,SHELF_NORMAL_Y_POS,779.9393102292058,-25.04300957874569,1741.5247913859318,2.232962846755981,-30.28133773803711,-1.723102569580078,5.493901335285045e-05,-0.0001502475788583,-2.17479610000737e-05,0.0,0.0,0.0,0.0,31.598574141803457,0.0890100680050801,-0.011581115282805,0.0023549080978972,0.0023549080978972
BH032,79,542291,0.7900000214576721,0.0864461060783915,3944,2,5,SHELF_NORMAL_Y_NEG,-289.01923788646684,22.63576178657993,2802.4752086140675,-3.6132426261901855,-33.06413650512695,0.144340842962265,3.0611088732257485e-05,-0.000155241068569,1.8218038349004928e-06,0.0,0.0,0.0,0.0,31.414748137200338,0.0884922482738037,0.0864149210047729,0.0025112453642612,0.0025112453642612
BH032,79,542291,0.7900000214576721,0.0864461060783915,3536,1,5,SHELF_NORMAL_Y_POS,160.98076211353316,-21.36871258581148,946.475208614068,-2.0486743450164795,-33.814788818359375,-0.0969107449054718,3.929918966605328e-05,-0.0001611639163456,-1.2231787422933849e-06,0.0,0.0,0.0,0.0,32.83884428760066,0.0925037867256356,0.122930436561697,0.0026846317409081,0.0026846317409081
BH032,79,542291,0.7900000214576721,0.0864461060783915,5009,3,5,SIDE_NORMAL_X_POS,-800.0,24.15470053837925,2637.524791385932,1.989427208900452,-28.61216163635254,0.6955791115760803,5.132660589879379e-05,-0.0001417917665094,8.779093150224071e-06,0.0,0.0,0.0,0.0,29.681423784759343,0.0836096444641108,-0.0303474691553516,0.0020826019145813,0.0020826019145813
BH032,79,542291,0.7900000214576721,0.0864461060783915,4371,1,1,SHELF_NORMAL_Y_POS,-796.8452994616207,-25.01400788112261,1906.475208614068,-8.074871063232422,-33.07980728149414,1.6574594974517822,8.976994649856351e-06,-0.0001488250563852,2.091948590532411e-05,0.0,0.0,0.0,0.0,30.01005714474829,0.0845353722387275,-0.0010574294829514,0.0024426904458348,0.0024426904458348
BH032,79,542291,0.7900000214576721,0.0864461060783915,3944,1,1,SHELF_NORMAL_Y_NEG,-289.01923788646684,22.46877624313318,2765.524791385932,-3.475451231002808,-33.453208923339844,0.0234787687659263,3.184792149113491e-05,-0.0001573374611325,2.9633471854140225e-07,0.0,0.0,0.0,0.0,31.858006939415343,0.0897408646180713,0.0864149210047729,0.0025764572630242,0.0025764572630242
BH032,79,542291,0.7900000214576721,0.0864461060783915,3562,1,1,SHELF_NORMAL_Y_NEG,70.98076211353316,28.89403051151763,717.5247913859318,4.87276554107666,-28.374706268310547,-0.0119225298985838,6.497508729808033e-05,-0.0001448375551262,-1.504799485019248e-07,0.0,0.0,0.0,0.0,31.09873819327336,0.0876020794176714,-0.165028975310508,0.0022131629917263,0.0022131629917263
BH032,80,549002,0.8000001907348633,0.0894645444779807,3023,2,1,SHELF_NORMAL_Y_POS,779.9393102292058,-25.04300957874569,1741.5247913859318,2.1851539611816406,-31.399354934692383,-1.8409316539764404,5.63350367883686e-05,-0.0001556054776301,-2.323514490853995e-05,0.0,0.0,0.0,0.0,32.702811821413576,0.0921205966800382,-0.0118511473410053,0.0025258805495846,0.0025258805495846
BH032,80,549002,0.8000001907348633,0.0894645444779807,3944,2,5,SHELF_NORMAL_Y_NEG,-289.01923788646684,22.63576178657993,2802.4752086140675,-3.712757349014282,-34.22519302368164,0.1206479668617248,3.181905412930064e-05,-0.0001607330050319,1.522768229733629e-06,0.0,0.0,0.0,0.0,32.52879087080464,0.091630396819168,0.0893676422836372,0.0026915529197264,0.0026915529197264
BH032,80,549002,0.8000001907348633,0.0894645444779807,3536,1,5,SHELF_NORMAL_Y_POS,160.98076211353316,-21.36871258581148,946.475208614068,-2.153239250183105,-35.02836608886719,-0.0979098975658416,4.055950194015168e-05,-0.0001669042103458,-1.235786271536199e-06,0.0,0.0,0.0,0.0,34.00334066582315,0.0957840582135863,0.1274248723465381,0.0028795735072563,0.0028795735072563
BH032,80,549002,0.8000001907348633,0.0894645444779807,5009,3,5,SIDE_NORMAL_X_POS,-800.0,24.15470053837925,2637.524791385932,2.8952417373657227,-29.426897048950195,1.103011965751648,5.691028491128236e-05,-0.0001470654387958,1.39214753289707e-05,0.0,0.0,0.0,0.0,31.035021852326075,0.0874225967671157,-0.0313968186695917,0.00225390427081,0.00225390427081
BH032,80,549002,0.8000001907348633,0.0894645444779807,4371,1,1,SHELF_NORMAL_Y_POS,-796.8452994616207,-25.01400788112261,1906.475208614068,-7.691784381866455,-34.07484817504883,1.7094740867614746,1.228604742209427e-05,-0.0001542143145343,2.15760064747883e-05,0.0,0.0,0.0,0.0,31.09548753569188,0.0875929226357517,-0.0010869738243008,0.0025986701423945,0.0025986701423945
BH032,80,549002,0.8000001907348633,0.0894645444779807,3944,1,1,SHELF_NORMAL_Y_NEG,-289.01923788646684,22.46877624313318,2765.524791385932,-3.635945081710816,-34.594608306884766,0.0042893518693745,3.273127003922127e-05,-0.0001626451994525,5.413799186726465e-08,0.0,0.0,0.0,0.0,32.92754135693229,0.0927536376251613,0.0893676422836372,0.0027539084649365,0.0027539084649365
BH032,80,549002,0.8000001907348633,0.0894645444779807,3562,1,1,SHELF_NORMAL_Y_NEG,70.98076211353316,28.89403051151763,717.5247913859318,5.035008430480957,-29.35063362121582,0.0011920791584998,6.718414078932256e-05,-0.0001498115307185,1.5044129497709946e-08,0.0,0.0,0.0,0.0,32.16506949856935,0.0906058295734348,-0.171035102625457,0.0023676675881585,0.0023676675881585
BH032,81,555713,0.8100003600120544,0.0925687385905334,3023,2,1,SHELF_NORMAL_Y_POS,779.9393102292058,-25.04300957874569,1741.5247913859318,2.358708143234253,-32.369388580322266,-1.8427042961120603,5.859049269929528e-05,-0.0001605674624443,-2.325740388187114e-05,0.0,0.0,0.0,0.0,33.76207101132137,0.0951044253840038,-0.0121118749412041,0.0026892549776591,0.0026892549776591
BH032,81,555713,0.8100003600120544,0.0925687385905334,3944,2,5,SHELF_NORMAL_Y_NEG,-289.01923788646684,22.63576178657993,2802.4752086140675,-3.886227369308472,-35.42847442626953,0.1430819034576416,3.272916728747077e-05,-0.0001663209259277,1.8059206468024056e-06,0.0,0.0,0.0,0.0,33.65498289501681,0.0948027687183572,0.0923544439322808,0.0028827394407493,0.0028827394407493
BH032,81,555713,0.8100003600120544,0.0925687385905334,3536,1,5,SHELF_NORMAL_Y_POS,160.98076211353316,-21.36871258581148,946.475208614068,-2.1948368549346924,-36.22589492797852,-0.1044238805770874,4.210152474115603e-05,-0.0001726576592773,-1.317999590355612e-06,0.0,0.0,0.0,0.0,35.18032910451954,0.0990995186042803,0.1319777513661219,0.0030812080170448,0.0030812080170448
BH032,81,555713,0.8100003600120544,0.0925687385905334,5009,3,5,SIDE_NORMAL_X_POS,-800.0,24.15470053837925,2637.524791385932,4.333817005157471,-29.962060928344727,0.4712484776973724,6.467298953793943e-05,-0.0001517586642876,5.94777702644933e-06,0.0,0.0,0.0,0.0,32.35774064195544,0.0911485651886068,-0.0324453514139618,0.0024150509010758,0.0024150509010758
BH032,81,555713,0.8100003600120544,0.0925687385905334,4371,1,1,SHELF_NORMAL_Y_POS,-796.8452994616207,-25.01400788112261,1906.475208614068,-9.22966194152832,-35.635032653808594,1.5472596883773804,7.092537543940125e-06,-0.000159547329531,1.952860657183919e-05,0.0,0.0,0.0,0.0,32.14537205808572,0.0905503438255935,-0.001104641800653,0.0028251627169672,0.0028251627169672
BH032,81,555713,0.8100003600120544,0.0925687385905334,3944,1,1,SHELF_NORMAL_Y_NEG,-289.01923788646684,22.46877624313318,2765.524791385932,-3.751751661300659,-35.810638427734375,0.0198573768138885,3.3940210414584726e-05,-0.0001683801383478,2.5062675490517e-07,0.0,0.0,0.0,0.0,34.08996957849553,0.0960280833197057,0.0923544439322808,0.0029513366985311,0.0029513366985311
BH032,81,555713,0.8100003600120544,0.0925687385905334,3562,1,1,SHELF_NORMAL_Y_NEG,70.98076211353316,28.89403051151763,717.5247913859318,5.232736110687256,-30.34443664550781,0.0138891879469156,6.959105667192489e-05,-0.0001549243897898,1.7529866624954593e-07,0.0,0.0,0.0,0.0,33.27087871787224,0.0937207851207668,-0.1771576995930536,0.0025326320571925,0.0025326320571925
BH032,82,562424,0.8200005292892456,0.0956907501732978,3023,2,1,SHELF_NORMAL_Y_POS,779.9393102292058,-25.04300957874569,1741.5247913859318,2.325563430786133,-33.590858459472656,-1.9408694505691528,6.020870932843536e-05,-0.0001664495212025,-2.449638668622356e-05,0.0,0.0,0.0,0.0,34.97388471459034,0.098517985111522,-0.0123870787721694,0.0028893798620259,0.0028893798620259
BH032,82,562424,0.8200005292892456,0.0956907501732978,3944,2,5,SHELF_NORMAL_Y_NEG,-289.01923788646684,22.63576178657993,2802.4752086140675,-3.972558736801148,-36.599552154541016,0.1392394751310348,3.401562571525574e-05,-0.0001718808489385,1.7574261619301978e-06,0.0,0.0,0.0,0.0,34.78466232479591,0.0979849642951997,0.0953774379402188,0.0030779104305673,0.0030779104305673
BH032,82,562424,0.8200005292892456,0.0956907501732978,3536,1,5,SHELF_NORMAL_Y_POS,160.98076211353316,-21.36871258581148,946.475208614068,-2.2916202545166016,-37.48710250854492,-0.0854431614279747,4.346839705249295e-05,-0.0001786387583706,-1.078436071111355e-06,0.0,0.0,0.0,0.0,36.395742554409416,0.1025232184631251,0.1366954748118002,0.0032985614522578,0.0032985614522578
BH032,82,562424,0.8200005292892456,0.0956907501732978,5009,3,5,SIDE_NORMAL_X_POS,-800.0,24.15470053837925,2637.524791385932,4.297107219696045,-30.975542068481445,1.1943368911743164,6.59706347505562e-05,-0.0001566243736306,1.5074100701895077e-05,0.0,0.0,0.0,0.0,33.39661486107772,0.0940749714396555,-0.0335049599116714,0.0025765035098199,0.0025765035098199
BH032,82,562424,0.8200005292892456,0.0956907501732978,4371,1,1,SHELF_NORMAL_Y_POS,-796.8452994616207,-25.01400788112261,1906.475208614068,-8.933324813842773,-36.63287734985352,1.6719399690628052,9.984417374653276e-06,-0.0001648229081183,2.1102207028889097e-05,0.0,0.0,0.0,0.0,33.210009826971955,0.093549323456259,-0.0011399968721379,0.0029920638994583,0.0029920638994583
BH032,82,562424,0.8200005292892456,0.0956907501732978,3944,1,1,SHELF_NORMAL_Y_NEG,-289.01923788646684,22.46877624313318,2765.524791385932,-3.8989486694335938,-37.03001022338867,0.0192329622805118,3.5001488868147135e-05,-0.0001740858424454,2.427468928090093e-07,0.0,0.0,0.0,0.0,35.24267950230328,0.0992751535276148,0.0953774379402188,0.0031550877578707,0.0031550877578707
BH032,82,562424,0.8200005292892456,0.0956907501732978,3562,1,1,SHELF_NORMAL_Y_NEG,70.98076211353316,28.89403051151763,717.5247913859318,5.381149291992188,-31.405405044555664,-0.0215031988918781,7.185670256149024e-05,-0.0001602906559128,-2.714016034133238e-07,0.0,0.0,0.0,0.0,34.41300326908764,0.0969380373777116,-0.1833162716930039,0.0027103409887186,0.0027103409887186
BH032,83,569135,0.8300006985664368,0.0989297827447724,3023,2,1,SHELF_NORMAL_Y_POS,779.9393102292058,-25.04300957874569,1741.5247913859318,2.439065933227539,-34.64845275878906,-2.001504421234131,6.23000887571834e-05,-0.0001717483683023,-2.5261628252337687e-05,0.0,0.0,0.0,0.0,36.09698383261868,0.1016816445989258,-0.0126886400549626,0.0030766657300038,0.0030766657300038
BH032,83,569135,0.8300006985664368,0.0989297827447724,3944,2,5,SHELF_NORMAL_Y_NEG,-289.01923788646684,22.63576178657993,2802.4752086140675,-4.1509881019592285,-37.84647750854492,0.1567527204751968,3.496520730550401e-05,-0.0001776736608007,1.978459749807371e-06,0.0,0.0,0.0,0.0,35.952190453913865,0.1012737759265179,0.0984152930874685,0.0032897099417539,0.0032897099417539
BH032,83,569135,0.8300006985664368,0.0989297827447724,3536,1,5,SHELF_NORMAL_Y_POS,160.98076211353316,-21.36871258581148,946.475208614068,-2.3305001258850098,-38.70153427124024,-0.109189361333847,4.504824391915463e-05,-0.0001844769431045,-1.3781450434180442e-06,0.0,0.0,0.0,0.0,37.5909805969936,0.1058900861887143,0.1415151010343062,0.0035173406806044,0.0035173406806044
BH032,83,569135,0.8300006985664368,0.0989297827447724,5009,3,5,SIDE_NORMAL_X_POS,-800.0,24.15470053837925,2637.524791385932,3.363675594329834,-32.30537796020508,1.1688748598098757,6.337596278171986e-05,-0.0001617209927644,1.47526734508574e-05,0.0,0.0,0.0,0.0,34.17185062854547,0.0962587341649168,-0.034623721360683,0.0027274436750666,0.0027274436750666
BH032,83,569135,0.8300006985664368,0.0989297827447724,4371,1,1,SHELF_NORMAL_Y_POS,-796.8452994616207,-25.01400788112261,1906.475208614068,-8.037524223327637,-37.67728805541992,1.617871642112732,1.5853609511395916e-05,-0.0001711967197479,2.0419724023668092e-05,0.0,0.0,0.0,0.0,34.48478275106274,0.0971402331015851,-0.0011636991341521,0.0031779620017561,0.0031779620017561
BH032,83,569135,0.8300006985664368,0.0989297827447724,3944,1,1,SHELF_NORMAL_Y_NEG,-289.01923788646684,22.46877624313318,2765.524791385932,-4.033492088317871,-38.26227951049805,0.0240341909229755,3.6142959288554266e-05,-0.0001798726880224,3.0334359735206817e-07,0.0,0.0,0.0,0.0,36.41348957469472,0.1025732100695625,0.0984152930874685,0.0033684226802597,0.0033684226802597
BH032,83,569135,0.8300006985664368,0.0989297827447724,3562,1,1,SHELF_NORMAL_Y_NEG,70.98076211353316,28.89403051151763,717.5247913859318,5.570390224456787,-32.4458122253418,-0.0128622977063059,7.429049583151937e-05,-0.0001656169915804,-1.6234196209552465e-07,0.0,0.0,0.0,0.0,35.559756885777134,0.1001683292557102,-0.1898186091338088,0.0028937129952686,0.0028937129952686
BH032,84,575846,0.8400008678436279,0.1021813224775532,3023,2,1,SHELF_NORMAL_Y_POS,779.9393102292058,-25.04300957874569,1741.5247913859318,2.559669017791748,-35.75230026245117,-2.0394082069396973,6.44931715214625e-05,-0.0001772814430296,-2.573999336163979e-05,0.0,0.0,0.0,0.0,37.266211134716826,0.1049752426330051,-0.0129700805737545,0.0032778793852391,0.0032778793852391
BH032,84,575846,0.8400008678436279,0.1021813224775532,3944,2,5,SHELF_NORMAL_Y_NEG,-289.01923788646684,22.63576178657993,2802.4752086140675,-4.243860244750977,-39.07661056518555,0.1593049466609954,3.6306264519225806e-05,-0.0001835110015235,2.0106758711335715e-06,0.0,0.0,0.0,0.0,37.13801695245768,0.1046141322604441,0.1015044623354965,0.0035085974478553,0.0035085974478553
BH032,84,575846,0.8400008678436279,0.1021813224775532,3536,1,5,SHELF_NORMAL_Y_POS,160.98076211353316,-21.36871258581148,946.475208614068,-2.448864459991455,-39.968528747558594,-0.102513663470745,4.6319051762111485e-05,-0.0001904557284433,-1.2938841109644272e-06,0.0,0.0,0.0,0.0,38.802503076133874,0.1093028255665743,0.146348563520078,0.0037494702622842,0.0037494702622842
BH032,84,575846,0.8400008678436279,0.1021813224775532,5009,3,5,SIDE_NORMAL_X_POS,-800.0,24.15470053837925,2637.524791385932,2.38877010345459,-33.88735580444336,1.1883624792099,6.094729178585112e-05,-0.0001679806300671,1.49986517499201e-05,0.0,0.0,0.0,0.0,35.202909320123865,0.0991631248454193,-0.0357922908706028,0.0029279189297959,0.0029279189297959
BH032,84,575846,0.8400008678436279,0.1021813224775532,4371,1,1,SHELF_NORMAL_Y_POS,-796.8452994616207,-25.01400788112261,1906.475208614068,-8.857134819030762,-38.96098327636719,1.7844585180282593,1.3744607713306324e-05,-0.0001762354368111,2.252220656373538e-05,0.0,0.0,0.0,0.0,35.50883340960041,0.1000248828439448,-0.0012040233751899,0.0033924361482791,0.0033924361482791
BH032,84,575846,0.8400008678436279,0.1021813224775532,3944,1,1,SHELF_NORMAL_Y_NEG,-289.01923788646684,22.46877624313318,2765.524791385932,-4.176828384399414,-39.59123992919922,0.018529737368226,3.738264786079526e-05,-0.0001861153868958,2.338705940019281e-07,0.0,0.0,0.0,0.0,37.676881370779576,0.106132060199379,0.1015044623354965,0.0036063499974569,0.0036063499974569
BH032,84,575846,0.8400008678436279,0.1021813224775532,3562,1,1,SHELF_NORMAL_Y_NEG,70.98076211353316,28.89403051151763,717.5247913859318,5.766737461090088,-33.50543594360352,-0.0044965557754039,7.678690599277616e-05,-0.0001710456126602,-5.6754494437427645e-08,0.0,0.0,0.0,0.0,36.72991440201341,0.1034645476113053,-0.1962144194002417,0.0030868753242852,0.0030868753242852
BH032,85,582557,0.8500010371208191,0.1055376172869245,3023,2,1,SHELF_NORMAL_Y_POS,779.9393102292058,-25.04300957874569,1741.5247913859318,2.5743613243103027,-37.04998016357422,-2.069960832595825,6.645450048381463e-05,-0.0001836035517044,-2.612553180370014e-05,0.0,0.0,0.0,0.0,38.56893329992884,0.1086448825350108,-0.0132497096711091,0.0035138377150593,0.0035138377150593
BH032,85,582557,0.8500010371208191,0.1055376172869245,3944,2,5,SHELF_NORMAL_Y_NEG,-289.01923788646684,22.63576178657993,2802.4752086140675,-4.3824462890625,-40.3453483581543,0.1660732179880142,3.748110248125158e-05,-0.0001894674351206,2.0961010704922955e-06,0.0,0.0,0.0,0.0,38.34350516535249,0.1080098737052182,0.1046594059623423,0.0037400783626392,0.0037400783626392
BH032,85,582557,0.8500010371208191,0.1055376172869245,3536,1,5,SHELF_NORMAL_Y_POS,160.98076211353316,-21.36871258581148,946.475208614068,-2.538611650466919,-41.29551696777344,-0.1006592288613319,4.781606185133569e-05,-0.0001967672287719,-1.2704753089565202e-06,0.0,0.0,0.0,0.0,40.08692289390857,0.1129209095603058,0.1513236577174767,0.0040021841447882,0.0040021841447882
BH032,85,582557,0.8500010371208191,0.1055376172869245,5009,3,5,SIDE_NORMAL_X_POS,-800.0,24.15470053837925,2637.524791385932,3.658519506454468,-34.30377960205078,1.2615655660629272,6.7717264755629e-05,-0.0001718503190204,1.5922574675641954e-05,0.0,0.0,0.0,0.0,36.33744280789208,0.1023589938250481,-0.0369755417490862,0.0030814606092267,0.0030814606092267
BH032,85,582557,0.8500010371208191,0.1055376172869245,4371,1,1,SHELF_NORMAL_Y_POS,-796.8452994616207,-25.01400788112261,1906.475208614068,-8.976422309875488,-40.1268310546875,1.88714063167572,1.4863187971059231e-05,-0.0001817203446989,2.381814738328103e-05,0.0,0.0,0.0,0.0,36.62276949882308,0.1031627309826002,-0.0012472626343952,0.003601738895494,0.003601738895494
BH032,85,582557,0.8500010371208191,0.1055376172869245,3944,1,1,SHELF_NORMAL_Y_NEG,-289.01923788646684,22.46877624313318,2765.524791385932,-4.319789409637451,-40.8763313293457,0.0202690064907073,3.8560086977668107e-05,-0.0001921448128996,2.558224423410138e-07,0.0,0.0,0.0,0.0,38.89677535229107,0.1095683812740593,0.1046594059623423,0.0038439441446922,0.0038439441446922
BH032,85,582557,0.8500010371208191,0.1055376172869245,3562,1,1,SHELF_NORMAL_Y_NEG,70.98076211353316,28.89403051151763,717.5247913859318,5.974110126495361,-34.60725402832031,-0.0207442808896303,7.939836359582841e-05,-0.0001766972709447,-2.6182286205767014e-07,0.0,0.0,0.0,0.0,37.9486608578029,0.1068976362191631,-0.2029141520590685,0.0032946830935015,0.0032946830935015
BH032,86,589268,0.8600012063980103,0.1089473620913933,3023,2,1,SHELF_NORMAL_Y_POS,779.9393102292058,-25.04300957874569,1741.5247913859318,2.75012755393982,-38.146121978759766,-2.146583318710327,6.890387157909572e-05,-0.0001891804422484,-2.7092479285784062e-05,0.0,0.0,0.0,0.0,39.767071611366994,0.1120199200320197,-0.0135140014939433,0.0037320776830564,0.0037320776830564
BH032,86,589268,0.8600012063980103,0.1089473620913933,3944,2,5,SHELF_NORMAL_Y_NEG,-289.01923788646684,22.63576178657993,2802.4752086140675,-4.540935039520264,-41.65982437133789,0.1596262156963348,3.862590892822482e-05,-0.0001956176274688,2.014725623666891e-06,0.0,0.0,0.0,0.0,39.58614584727851,0.1115102699923338,0.1079793845108934,0.0039871291523254,0.0039871291523254
BH032,86,589268,0.8600012063980103,0.1089473620913933,3536,1,5,SHELF_NORMAL_Y_POS,160.98076211353316,-21.36871258581148,946.475208614068,-2.624147653579712,-42.63175582885742,-0.1172681897878646,4.934653770760633e-05,-0.0002031290205195,-1.480103264839272e-06,0.0,0.0,0.0,0.0,41.38262907812692,0.1165707861355687,0.1564069581420626,0.0042652207396889,0.0042652207396889
BH032,86,589268,0.8600012063980103,0.1089473620913933,5009,3,5,SIDE_NORMAL_X_POS,-800.0,24.15470053837925,2637.524791385932,3.975145101547241,-35.484100341796875,1.2272357940673828,7.097334309946746e-05,-0.0001780422026058,1.5489236830035225e-05,0.0,0.0,0.0,0.0,37.68946704829201,0.1061675128120901,-0.0381344730020112,0.0033094083250102,0.0033094083250102
BH032,86,589268,0.8600012063980103,0.1089473620913933,4371,1,1,SHELF_NORMAL_Y_POS,-796.8452994616207,-25.01400788112261,1906.475208614068,-7.606060028076172,-40.95870590209961,1.927053928375244,2.272704296046868e-05,-0.0001877542963484,2.432192923151888e-05,0.0,0.0,0.0,0.0,37.88237021478856,0.1067109020134889,-0.0012758864680715,0.0037821349843659,0.0037821349843659
BH032,86,589268,0.8600012063980103,0.1089473620913933,3944,1,1,SHELF_NORMAL_Y_NEG,-289.01923788646684,22.46877624313318,2765.524791385932,-4.44857931137085,-42.17717361450195,0.0030423945281654,3.982944326708093e-05,-0.0001982715912163,3.839939211047749e-08,0.0,0.0,0.0,0.0,40.13820322102523,0.1130653611859865,0.1079793845108934,0.004092810342311,0.004092810342311
BH032,86,589268,0.8600012063980103,0.1089473620913933,3562,1,1,SHELF_NORMAL_Y_NEG,70.98076211353316,28.89403051151763,717.5247913859318,6.183620452880859,-35.7471809387207,-0.0143197355791926,8.207601786125451e-05,-0.0001825365616241,-1.807358245287105e-07,0.0,0.0,0.0,0.0,39.206449996408885,0.1104407042152363,-0.2095997466233086,0.0035163697467655,0.0035163697467655
BH032,87,595979,0.8700013756752014,0.1124075430088244,3023,2,1,SHELF_NORMAL_Y_POS,779.9393102292058,-25.04300957874569,1741.5247913859318,2.819222450256348,-39.39071273803711,-2.227870225906372,7.105198892531916e-05,-0.0001953236496774,-2.8118429327150807e-05,0.0,0.0,0.0,0.0,41.05505649914152,0.1156480464764549,-0.0137935532716561,0.0039784665795705,0.0039784665795705
BH032,87,595979,0.8700013756752014,0.1124075430088244,3944,2,5,SHELF_NORMAL_Y_NEG,-289.01923788646684,22.63576178657993,2802.4752086140675,-4.685822486877441,-42.9728889465332,0.164434865117073,3.983484202763066e-05,-0.0002017806255025,2.075418933600304e-06,0.0,0.0,0.0,0.0,40.83312263239792,0.115022880654642,0.1113041170003893,0.0042423553344415,0.0042423553344415
BH032,87,595979,0.8700013756752014,0.1124075430088244,3536,1,5,SHELF_NORMAL_Y_POS,160.98076211353316,-21.36871258581148,946.475208614068,-2.702507495880127,-43.98828506469727,-0.1064594089984893,5.094175139674917e-05,-0.0002096006210194,-1.3436848576020566e-06,0.0,0.0,0.0,0.0,42.70161707005244,0.1202862452677533,0.1615932422058108,0.0045412429088636,0.0045412429088636
BH032,87,595979,0.8700013756752014,0.1124075430088244,5009,3,5,SIDE_NORMAL_X_POS,-800.0,24.15470053837925,2637.524791385932,3.6166815757751465,-36.83111572265625,1.4925230741500854,7.11952816345729e-05,-0.0001840594777604,1.8837512470781803e-05,0.0,0.0,0.0,0.0,38.85229419257288,0.1094430822325996,-0.0393356518394423,0.0035323745667913,0.0035323745667913
BH032,87,595979,0.8700013756752014,0.1124075430088244,4371,1,1,SHELF_NORMAL_Y_POS,-796.8452994616207,-25.01400788112261,1906.475208614068,-7.942440986633301,-42.35577774047852,1.910884976387024,2.312874130439013e-05,-0.0001940462680067,2.4117802240652964e-05,0.0,0.0,0.0,0.0,39.13617835020693,0.1102427559160758,-0.0013142678026701,0.0040407295221324,0.0040407295221324
BH032,87,595979,0.8700013756752014,0.1124075430088244,3944,1,1,SHELF_NORMAL_Y_NEG,-289.01923788646684,22.46877624313318,2765.524791385932,-4.598996639251709,-43.48958587646485,0.0054332045838236,4.101030572201125e-05,-0.0002044231077888,6.85748773321393e-08,0.0,0.0,0.0,0.0,41.38220002688456,0.1165695775405198,0.1113041170003893,0.0043509668979184,0.0043509668979184
BH032,87,595979,0.8700013756752014,0.1124075430088244,3562,1,1,SHELF_NORMAL_Y_NEG,70.98076211353316,28.89403051151763,717.5247913859318,6.395812511444092,-36.85875701904297,-0.0064568086527287,8.472496847389266e-05,-0.0001882406650111,-8.149507380039722e-08,0.0,0.0,0.0,0.0,40.43780670412529,0.1139093146595078,-0.2165516551697697,0.0037401065630629,0.0037401065630629
BH032,88,602689,0.8800000548362732,0.1159064111952736,3023,2,1,SHELF_NORMAL_Y_POS,779.9393102292058,-25.04300957874569,1741.5247913859318,2.807481050491333,-40.61812973022461,-2.2556521892547607,7.278272823896259e-05,-0.0002012660697801,-2.846914685505908e-05,0.0,0.0,0.0,0.0,42.27307585864669,0.1190790869257653,-0.014062547586412,0.00422184690835,0.00422184690835
BH032,88,602689,0.8800000548362732,0.1159064111952736,3944,2,5,SHELF_NORMAL_Y_NEG,-289.01923788646684,22.63576178657993,2802.4752086140675,-4.820115566253662,-44.32333755493164,0.1664779186248779,4.114926923648454e-05,-0.0002081394632114,2.101191284964443e-06,0.0,0.0,0.0,0.0,42.121625104876735,0.1186524650841598,0.1146195344437947,0.0045136605296883,0.0045136605296883
BH032,88,602689,0.8800000548362732,0.1159064111952736,3536,1,5,SHELF_NORMAL_Y_POS,160.98076211353316,-21.36871258581148,946.475208614068,-2.805139541625977,-45.36959838867188,-0.102015919983387,5.245540523901582e-05,-0.0002161573938792,-1.2876113260062994e-06,0.0,0.0,0.0,0.0,44.03444598394997,0.1240406929125351,0.1668881303991672,0.0048300202602921,0.0048300202602921
BH032,88,602689,0.8800000548362732,0.1159064111952736,5009,3,5,SIDE_NORMAL_X_POS,-800.0,24.15470053837925,2637.524791385932,4.071629047393799,-37.66758346557617,0.4088568985462188,7.462178473360837e-05,-0.000188782083569,5.160221007827204e-06,0.0,0.0,0.0,0.0,39.86596199905083,0.1122984845043685,-0.0405392763298707,0.0037084586319281,0.0037084586319281
BH032,88,602689,0.8800000548362732,0.1159064111952736,4371,1,1,SHELF_NORMAL_Y_POS,-796.8452994616207,-25.01400788112261,1906.475208614068,-8.182748794555664,-43.62604141235352,1.84987473487854,2.381236117798835e-05,-0.0001998625375563,2.334778037038632e-05,0.0,0.0,0.0,0.0,40.29235707889576,0.1134995974053401,-0.0013421050295416,0.0042838192025408,0.0042838192025408
BH032,88,602689,0.8800000548362732,0.1159064111952736,3944,1,1,SHELF_NORMAL_Y_NEG,-289.01923788646684,22.46877624313318,2765.524791385932,-4.740025043487549,-44.85198211669922,0.0015265948604792,4.230998820276e-05,-0.0002108325716108,1.9267782036536122e-08,0.0,0.0,0.0,0.0,42.6798386327533,0.1202248975570515,0.1146195344437947,0.0046280179936821,0.0046280179936821
BH032,88,602689,0.8800000548362732,0.1159064111952736,3562,1,1,SHELF_NORMAL_Y_NEG,70.98076211353316,28.89403051151763,717.5247913859318,6.608119487762451,-38.02201843261719,-0.0132623920217156,8.744955266593024e-05,-0.0001941960508702,-1.67390027172587e-07,0.0,0.0,0.0,0.0,41.72044699540735,0.1175223859025559,-0.2235590990931723,0.0039807944332151,0.0039807944332151
BH032,89,609400,0.8900002241134644,0.1195138819097265,3023,2,1,SHELF_NORMAL_Y_POS,779.9393102292058,-25.04300957874569,1741.5247913859318,2.808851957321167,-41.84037399291992,-2.4326906204223637,7.456944149453193e-05,-0.0002072009810945,-3.070332604693249e-05,0.0,0.0,0.0,0.0,43.51762760692145,0.1225848664983702,-0.0143267847498437,0.0044767958811248,0.0044767958811248
BH032,89,609400,0.8900002241134644,0.1195138819097265,3944,2,5,SHELF_NORMAL_Y_NEG,-289.01923788646684,22.63576178657993,2802.4752086140675,-4.952181339263916,-45.72196578979492,0.1493237465620041,4.254506711731665e-05,-0.0002147365157725,1.8846922102966344e-06,0.0,0.0,0.0,0.0,43.45878142177145,0.1224191025965392,0.1180902564219877,0.0048038192047827,0.0048038192047827
BH032,89,609400,0.8900002241134644,0.1195138819097265,3536,1,5,SHELF_NORMAL_Y_POS,160.98076211353316,-21.36871258581148,946.475208614068,-2.8721072673797607,-46.76448440551758,-0.1400699317455291,5.416178828454576e-05,-0.0002228318626293,-1.7679078609944554e-06,0.0,0.0,0.0,0.0,45.39727133991882,0.1278796375772361,0.1723585194455384,0.0051327105940094,0.0051327105940094
BH032,89,609400,0.8900002241134644,0.1195138819097265,5009,3,5,SIDE_NORMAL_X_POS,-800.0,24.15470053837925,2637.524791385932,5.240325450897217,-38.63956069946289,1.2715370655059814,8.171093941200525e-05,-0.0001952036109287,1.604841963853687e-05,0.0,0.0,0.0,0.0,41.56694545850763,0.1170899872070637,-0.0417740535593537,0.0039956199396142,0.0039956199396142
BH032,89,609400,0.8900002241134644,0.1195138819097265,4371,1,1,SHELF_NORMAL_Y_POS,-796.8452994616207,-25.01400788112261,1906.475208614068,-7.80215311050415,-45.02212524414063,1.935714602470398,2.7693040465237573e-05,-0.000207194534596,2.443126504658721e-05,0.0,0.0,0.0,0.0,41.80713830448583,0.1177665867731995,-0.0013693985748155,0.0045798420316682,0.0045798420316682
BH032,89,609400,0.8900002241134644,0.1195138819097265,3944,1,1,SHELF_NORMAL_Y_NEG,-289.01923788646684,22.46877624313318,2765.524791385932,-4.916946887969971,-46.23921585083008,-0.0176627822220325,4.347125650383532e-05,-0.0002173092798329,-2.229281790278037e-07,0.0,0.0,0.0,0.0,43.98734609680936,0.1239080171741108,0.1180902564219877,0.0049174085885772,0.0049174085885772
BH032,89,609400,0.8900002241134644,0.1195138819097265,3562,1,1,SHELF_NORMAL_Y_NEG,70.98076211353316,28.89403051151763,717.5247913859318,6.8108415603637695,-39.17388153076172,-0.0125979669392108,9.011089423438534e-05,-0.0002000831445911,-1.5900462813078778e-07,0.0,0.0,0.0,0.0,42.98590621917054,0.1210870597723113,-0.230723028016445,0.0042258799490304,0.0042258799490304
BH032,90,616111,0.9000003933906555,0.1231724760752705,3023,2,1,SHELF_NORMAL_Y_POS,779.9393102292058,-25.04300957874569,1741.5247913859318,3.0064268112182617,-43.17512512207031,-2.3881194591522217,7.747230120003223e-05,-0.0002139681164408,-3.014086360053625e-05,0.0,0.0,0.0,0.0,44.9448798961114,0.1266052954820039,-0.0146061898530331,0.0047715390601706,0.0047715390601706
BH032,90,616111,0.9000003933906555,0.1231724760752705,3944,2,5,SHELF_NORMAL_Y_NEG,-289.01923788646684,22.63576178657993,2802.4752086140675,-5.1476263999938965,-47.09604263305664,0.1741165369749069,4.359714876045473e-05,-0.0002211205573985,2.197612730014953e-06,0.0,0.0,0.0,0.0,44.74587586091915,0.1260447207349835,0.1215799140453989,0.0050948290244184,0.0050948290244184
BH032,90,616111,0.9000003933906555,0.1231724760752705,3536,1,5,SHELF_NORMAL_Y_POS,160.98076211353316,-21.36871258581148,946.475208614068,-2.983608722686768,-48.20395660400391,-0.1212331801652908,5.571700239670463e-05,-0.0002296581078553,-1.5301658322641742e-06,0.0,0.0,0.0,0.0,46.784032536229525,0.1317860071443085,0.1777495566119137,0.0054522691814572,0.0054522691814572
BH032,90,616111,0.9000003933906555,0.1231724760752705,5009,3,5,SIDE_NORMAL_X_POS,-800.0,24.15470053837925,2637.524791385932,4.804722785949707,-40.00221252441406,1.162792682647705,8.158056880347431e-05,-0.0002011836040765,1.4675948477815837e-05,0.0,0.0,0.0,0.0,42.65581051124367,0.1201572127077286,-0.0430491812693233,0.0042284343541505,0.0042284343541505
BH032,90,616111,0.9000003933906555,0.1231724760752705,4371,1,1,SHELF_NORMAL_Y_POS,-796.8452994616207,-25.01400788112261,1906.475208614068,-7.858004570007324,-46.18610763549805,2.199021577835083,2.9116969017195515e-05,-0.0002127636398654,2.775457505777013e-05,0.0,0.0,0.0,0.0,42.97070184636069,0.1210442305531287,-0.0014025133648504,0.0048295404803743,0.0048295404803743
BH032,90,616111,0.9000003933906555,0.1231724760752705,3944,1,1,SHELF_NORMAL_Y_NEG,-289.01923788646684,22.46877624313318,2765.524791385932,-5.079164505004883,-47.66096115112305,0.0005822526291012,4.475446621654555e-05,-0.0002239749301224,7.348771813298072e-09,0.0,0.0,0.0,0.0,45.33527620718347,0.1277050034005168,0.1215799140453989,0.0052239567756229,0.0052239567756229
BH032,90,616111,0.9000003933906555,0.1231724760752705,3562,1,1,SHELF_NORMAL_Y_NEG,70.98076211353316,28.89403051151763,717.5247913859318,7.046518325805664,-40.36627197265625,-0.0131316129118204,9.299113298766316e-05,-0.0002062137500615,-1.657415822364783e-07,0.0,0.0,0.0,0.0,44.311753813225664,0.1248218417273962,-0.2380845819356965,0.0044896501340179,0.0044896501340179
BH032,91,622822,0.9100005626678468,0.1269082495014405,3023,2,1,SHELF_NORMAL_Y_POS,779.9393102292058,-25.04300957874569,1741.5247913859318,2.996715545654297,-44.513553619384766,-2.479785203933716,7.937404734548181e-05,-0.0002204507472924,-3.129775359411724e-05,0.0,0.0,0.0,0.0,46.2847623088191,0.1303796121375185,-0.0148353189192448,0.005064291869211,0.005064291869211
BH032,91,622822,0.9100005626678468,0.1269082495014405,3944,2,5,SHELF_NORMAL_Y_NEG,-289.01923788646684,22.63576178657993,2802.4752086140675,-5.3107194900512695,-48.56233215332031,0.1819551587104797,4.4940919906366616e-05,-0.0002280004264321,2.2965600692259613e-06,0.0,0.0,0.0,0.0,46.13786129483877,0.1299658064643345,0.125165422264923,0.0054168715692472,0.0054168715692472
BH032,91,622822,0.9100005626678468,0.1269082495014405,3536,1,5,SHELF_NORMAL_Y_POS,160.98076211353316,-21.36871258581148,946.475208614068,-3.1228129863739014,-49.688602447509766,-0.1413989961147308,5.720334593206644e-05,-0.0002366619737586,-1.7846862192527624e-06,0.0,0.0,0.0,0.0,48.20374406791439,0.1357851945575053,0.1834653554193442,0.0057905822795422,0.0057905822795422
BH032,91,622822,0.9100005626678468,0.1269082495014405,5009,3,5,SIDE_NORMAL_X_POS,-800.0,24.15470053837925,2637.524791385932,3.906804084777832,-41.63829040527344,1.398456573486328,7.96043750597164e-05,-0.0002078190154861,1.765030719980132e-05,0.0,0.0,0.0,0.0,43.7898393629503,0.1233516601773248,-0.0443258791891,0.0044944960797073,0.0044944960797073
BH032,91,622822,0.9100005626678468,0.1269082495014405,4371,1,1,SHELF_NORMAL_Y_POS,-796.8452994616207,-25.01400788112261,1906.475208614068,-7.857206344604492,-47.4774055480957,2.03951096534729,3.100126195931807e-05,-0.0002190329978475,2.5741279387148097e-05,0.0,0.0,0.0,0.0,44.21853425833447,0.124559251431928,-0.0014418539107306,0.0051040764307884,0.0051040764307884
BH032,91,622822,0.9100005626678468,0.1269082495014405,3944,1,1,SHELF_NORMAL_Y_NEG,-289.01923788646684,22.46877624313318,2765.524791385932,-5.215149879455566,-49.135772705078125,-0.0041586118750274,4.6242061216617e-05,-0.000230936682783,-5.2486797130768537e-08,0.0,0.0,0.0,0.0,46.746888456587136,0.1316813759340482,0.125165422264923,0.005553249268406,0.005553249268406
BH032,91,622822,0.9100005626678468,0.1269082495014405,3562,1,1,SHELF_NORMAL_Y_NEG,70.98076211353316,28.89403051151763,717.5247913859318,7.266941547393799,-41.60957336425781,-0.0196769703179597,9.587157546775416e-05,-0.0002125692990375,-2.4835333078954136e-07,0.0,0.0,0.0,0.0,45.67866607080738,0.1286722987910067,-0.2453949923371653,0.0047707647874831,0.0047707647874831
BH032,92,629533,0.9200007319450378,0.1306668600852393,3023,2,1,SHELF_NORMAL_Y_POS,779.9393102292058,-25.04300957874569,1741.5247913859318,3.1432461738586426,-45.85546112060547,-2.5322253704071045,8.204011101042852e-05,-0.0002271789853693,-3.1959698389982805e-05,0.0,0.0,0.0,0.0,47.70717775964434,0.1343864162243502,-0.0151127105497877,0.0053781501514847,0.0053781501514847
BH032,92,629533,0.9200007319450378,0.1306668600852393,3944,2,5,SHELF_NORMAL_Y_NEG,-289.01923788646684,22.63576178657993,2802.4752086140675,-5.461044788360596,-49.95784759521485,0.1801229864358902,4.6243359975051135e-05,-0.0002345550892641,2.2734216145181563e-06,0.0,0.0,0.0,0.0,47.46456400463782,0.1337029971961628,0.1287379925004759,0.0057327284922748,0.0057327284922748
BH032,92,629533,0.9200007319450378,0.1306668600852393,3536,1,5,SHELF_NORMAL_Y_POS,160.98076211353316,-21.36871258581148,946.475208614068,-3.1831772327423096,-51.178321838378906,-0.127234399318695,5.907939339522272e-05,-0.000243804155616,-1.6059070730989331e-06,0.0,0.0,0.0,0.0,49.66379103913599,0.1398980029271436,0.1891887156033531,0.0061448512698231,0.0061448512698231
BH032,92,629533,0.9200007319450378,0.1306668600852393,5009,3,5,SIDE_NORMAL_X_POS,-800.0,24.15470053837925,2637.524791385932,4.395777702331543,-42.5737419128418,1.1473942995071411,8.334048470715061e-05,-0.0002130729408236,1.4481572179647628e-05,0.0,0.0,0.0,0.0,44.97711205169236,0.1266960902864573,-0.0456313987476067,0.0047271967464365,0.0047271967464365
BH032,92,629533,0.9200007319450378,0.1306668600852393,4371,1,1,SHELF_NORMAL_Y_POS,-796.8452994616207,-25.01400788112261,1906.475208614068,-7.809807777404785,-48.81095123291016,2.6604115962982178,3.317340815556236e-05,-0.0002255744329886,3.357786772539839e-05,0.0,0.0,0.0,0.0,45.64571481317159,0.1285794783469622,-0.001460348507516,0.0054204114242132,0.0054204114242132
BH032,92,629533,0.9200007319450378,0.1306668600852393,3944,1,1,SHELF_NORMAL_Y_NEG,-289.01923788646684,22.46877624313318,2765.524791385932,-5.38499927520752,-50.553466796875,-0.0005563831655308,4.748220817418769e-05,-0.0002375722251599,-7.0209154046096955e-09,0.0,0.0,0.0,0.0,48.087637093592114,0.1354581326580059,0.1287379925004759,0.0058774346665873,0.0058774346665873
BH032,92,629533,0.9200007319450378,0.1306668600852393,3562,1,1,SHELF_NORMAL_Y_NEG,70.98076211353316,28.89403051151763,717.5247913859318,7.523643970489502,-42.80125427246094,-0.0138356667011976,9.885311010293664e-05,-0.0002187272475566,-1.746290365645109e-07,0.0,0.0,0.0,0.0,47.01674764170684,0.1324415426526953,-0.2533052352483331,0.005052708651961,0.005052708651961
BH032,93,636244,0.930000901222229,0.1345337423993864,3023,2,1,SHELF_NORMAL_Y_POS,779.9393102292058,-25.04300957874569,1741.5247913859318,3.1846747398376465,-47.15656280517578,-2.5936827659606934,8.413649629801512e-05,-0.000233555882005,-3.273529728176072e-05,0.0,0.0,0.0,0.0,49.03308530014793,0.1381213670426702,-0.0154092234140112,0.0056833380473653,0.0056833380473653
BH032,93,636244,0.930000901222229,0.1345337423993864,3944,2,5,SHELF_NORMAL_Y_NEG,-289.01923788646684,22.63576178657993,2802.4752086140675,-5.62542724609375,-51.45269393920898,0.184093564748764,4.762244498124346e-05,-0.0002415735216345,2.323528633496608e-06,0.0,0.0,0.0,0.0,48.88438841035248,0.1377025025643732,0.1325298164318074,0.0060809570279664,0.0060809570279664
BH032,93,636244,0.930000901222229,0.1345337423993864,3536,1,5,SHELF_NORMAL_Y_POS,160.98076211353316,-21.36871258581148,946.475208614068,-3.26779580116272,-52.64813995361328,-0.1347609758377075,6.08092341281008e-05,-0.0002508158795535,-1.700905272628006e-06,0.0,0.0,0.0,0.0,51.09321129911223,0.1439245388707386,0.1950343685122069,0.0065032873499605,0.0065032873499605
BH032,93,636244,0.930000901222229,0.1345337423993864,5009,3,5,SIDE_NORMAL_X_POS,-800.0,24.15470053837925,2637.524791385932,5.341062545776367,-43.54906463623047,1.4995630979537964,8.934956713346764e-05,-0.0002191840903833,1.892640284495428e-05,0.0,0.0,0.0,0.0,46.52303006355963,0.1310507889114355,-0.0469604919423153,0.0050254924136624,0.0050254924136624
BH032,93,636244,0.930000901222229,0.1345337423993864,4371,1,1,SHELF_NORMAL_Y_POS,-796.8452994616207,-25.01400788112261,1906.475208614068,-7.458371162414551,-49.85269546508789,2.2254035472869877,3.63959843525663e-05,-0.0002311426505912,2.8087433747714385e-05,0.0,0.0,0.0,0.0,46.7328139763755,0.1316417295109169,-0.0015074430322965,0.0056570894188933,0.0056570894188933
BH032,93,636244,0.930000901222229,0.1345337423993864,3944,1,1,SHELF_NORMAL_Y_NEG,-289.01923788646684,22.46877624313318,2765.524791385932,-5.545429706573486,-52.06848907470703,-0.0053726625628769,4.8909529141383246e-05,-0.0002446925209369,-6.780827987995508e-08,0.0,0.0,0.0,0.0,49.52915591506345,0.1395187490565167,0.1325298164318074,0.0062349970042207,0.0062349970042207
BH032,93,636244,0.930000901222229,0.1345337423993864,3562,1,1,SHELF_NORMAL_Y_NEG,70.98076211353316,28.89403051151763,717.5247913859318,7.70048189163208,-44.10589218139648,-0.0173270516097545,0.0001016117093968,-0.0002253176062367,-2.186940832871187e-07,0.0,0.0,0.0,0.0,48.41760703729169,0.1363876254571596,-0.2607398552766931,0.0053600787581382,0.0053600787581382
BH032,94,642955,0.9400010704994202,0.1384326453927102,3023,2,1,SHELF_NORMAL_Y_POS,779.9393102292058,-25.04300957874569,1741.5247913859318,3.2796874046325684,-48.5885124206543,-2.6665191650390625,8.668305235914886e-05,-0.0002406455605523,-3.3654443541308865e-05,0.0,0.0,0.0,0.0,50.52015433757697,0.1423102939086675,-0.0156745552210916,0.0060333913726371,0.0060333913726371
BH032,94,642955,0.9400010704994202,0.1384326453927102,3944,2,5,SHELF_NORMAL_Y_NEG,-289.01923788646684,22.63576178657993,2802.4752086140675,-5.78842830657959,-52.96081161499024,0.171442300081253,4.902723958366551e-05,-0.0002486568992026,2.163844328606501e-06,0.0,0.0,0.0,0.0,50.31780783653069,0.1417403037648751,0.1363206411932655,0.0064427049745237,0.0064427049745237
BH032,94,642955,0.9400010704994202,0.1384326453927102,3536,1,5,SHELF_NORMAL_Y_POS,160.98076211353316,-21.36871258581148,946.475208614068,-3.3594753742218018,-54.19047546386719,-0.1382776945829391,6.261053204070777e-05,-0.0002581712033133,-1.7452944121032488e-06,0.0,0.0,0.0,0.0,52.591819707196095,0.1481459710061861,0.2008830022235783,0.0068902442219311,0.0068902442219311
BH032,94,642955,0.9400010704994202,0.1384326453927102,5009,3,5,SIDE_NORMAL_X_POS,-800.0,24.15470053837925,2637.524791385932,3.1569087505340576,-45.7287712097168,1.650594711303711,8.192155655706301e-05,-0.0002265838556922,2.0832583686569706e-05,0.0,0.0,0.0,0.0,47.47232389399005,0.1337248560394086,-0.0483171643914819,0.0053272531063159,0.0053272531063159
BH032,94,642955,0.9400010704994202,0.1384326453927102,4371,1,1,SHELF_NORMAL_Y_POS,-796.8452994616207,-25.01400788112261,1906.475208614068,-6.688597202301025,-51.11698532104492,2.356577157974243,4.1973646148107946e-05,-0.0002383999817539,2.97429633064894e-05,0.0,0.0,0.0,0.0,48.295372071686174,0.1360433016103835,-0.0015280514683266,0.0059878148737439,0.0059878148737439
BH032,94,642955,0.9400010704994202,0.1384326453927102,3944,1,1,SHELF_NORMAL_Y_NEG,-289.01923788646684,22.46877624313318,2765.524791385932,-5.701792240142822,-53.57886505126953,-0.0157388821244239,5.035005233366974e-05,-0.000251795630902,-1.986440878454232e-07,0.0,0.0,0.0,0.0,50.96773882647873,0.1435710952858555,0.1363206411932655,0.0066021220031189,0.0066021220031189
BH032,94,642955,0.9400010704994202,0.1384326453927102,3562,1,1,SHELF_NORMAL_Y_NEG,70.98076211353316,28.89403051151763,717.5247913859318,7.948144912719727,-45.38093185424805,-0.0257694125175476,0.0001046711113303,-0.0002318681945325,-3.252491183047823e-07,0.0,0.0,0.0,0.0,49.83270209765053,0.1403738087257761,-0.2687220431871094,0.0056771106772997,0.0056771106772997
BH032,95,649666,0.9500012397766112,0.142405338629365,3023,2,1,SHELF_NORMAL_Y_POS,779.9393102292058,-25.04300957874569,1741.5247913859318,3.388128757476806,-49.9970703125,-2.727616310119629,8.92604875843972e-05,-0.0002476415829733,-3.442572779022157e-05,0.0,0.0,0.0,0.0,51.98944739301788,0.1464491475859658,-0.0159543755346625,0.0063889223649833,0.0063889223649833
BH032,95,649666,0.9500012397766112,0.142405338629365,3944,2,5,SHELF_NORMAL_Y_NEG,-289.01923788646684,22.63576178657993,2802.4752086140675,-5.953151702880859,-54.4893684387207,0.1860415190458297,5.045348370913416e-05,-0.0002558354754,2.348099997107056e-06,0.0,0.0,0.0,0.0,51.77114684724223,0.1458342164711048,0.1401714707246704,0.0068200261140209,0.0068200261140209
BH032,95,649666,0.9500012397766112,0.142405338629365,3536,1,5,SHELF_NORMAL_Y_POS,160.98076211353316,-21.36871258581148,946.475208614068,-3.477121591567993,-55.71761703491211,-0.151476502418518,6.4263709646184e-05,-0.0002654144482221,-1.911877234306303e-06,0.0,0.0,0.0,0.0,54.063621121612094,0.1522918904834143,0.2069567391485039,0.0072826685177564,0.0072826685177564
BH032,95,649666,0.9500012397766112,0.142405338629365,5009,3,5,SIDE_NORMAL_X_POS,-800.0,24.15470053837925,2637.524791385932,4.166361331939697,-46.557735443115234,1.4662748575210571,8.802933734841645e-05,-0.0002320778730791,1.8506256310502067e-05,0.0,0.0,0.0,0.0,48.840634013756,0.1375792507429746,-0.0496729055181058,0.0055995072928529,0.0055995072928529
BH032,95,649666,0.9500012397766112,0.142405338629365,4371,1,1,SHELF_NORMAL_Y_POS,-796.8452994616207,-25.01400788112261,1906.475208614068,-6.7183709144592285,-52.6459846496582,2.497126340866089,4.405598156154156e-05,-0.0002457785303704,3.151667260681279e-05,0.0,0.0,0.0,0.0,49.817144391561726,0.1403299842015823,-0.0015722617274693,0.006360970104618,0.006360970104618
BH032,95,649666,0.9500012397766112,0.142405338629365,3944,1,1,SHELF_NORMAL_Y_NEG,-289.01923788646684,22.46877624313318,2765.524791385932,-5.881006240844727,-55.12846374511719,-0.0084839798510074,5.173678437131457e-05,-0.0002590564836282,-1.0707704944934449e-07,0.0,0.0,0.0,0.0,52.43589539525458,0.1477067475922664,0.1401714707246704,0.0069887549722355,0.0069887549722355
BH032,95,649666,0.9500012397766112,0.142405338629365,3562,1,1,SHELF_NORMAL_Y_NEG,70.98076211353316,28.89403051151763,717.5247913859318,8.212183952331543,-46.63820266723633,-0.0103611284866929,0.0001077838678611,-0.0002383559767622,-1.307757173663049e-07,0.0,0.0,0.0,0.0,51.24025502342428,0.1443387465448571,-0.2767681505186427,0.006000755365257,0.006000755365257
BH032,96,656377,0.9600014090538024,0.1464637265473829,3023,2,1,SHELF_NORMAL_Y_POS,779.9393102292058,-25.04300957874569,1741.5247913859318,3.449501037597656,-51.42852783203125,-2.8104190826416016,9.164335642708464e-05,-0.0002546801406424,-3.547079177224077e-05,0.0,0.0,0.0,0.0,53.45924296842727,0.1505894168124711,-0.0162003611498063,0.0067569126261688,0.0067569126261688
BH032,96,656377,0.9600014090538024,0.1464637265473829,3944,2,5,SHELF_NORMAL_Y_NEG,-289.01923788646684,22.63576178657993,2802.4752086140675,-6.138369083404541,-56.0258903503418,0.1811499446630478,5.1792132580885664e-05,-0.0002630258968565,2.2863553112983936e-06,0.0,0.0,0.0,0.0,53.22378056154243,0.1499261424268801,0.1441592864635734,0.007209238675881,0.007209238675881
BH032,96,656377,0.9600014090538024,0.1464637265473829,3536,1,5,SHELF_NORMAL_Y_POS,160.98076211353316,-21.36871258581148,946.475208614068,-3.5836424827575684,-57.3389778137207,-0.1414723843336105,6.610767013626173e-05,-0.0002731301356106,-1.785614244909084e-06,0.0,0.0,0.0,0.0,55.6343285810301,0.1567164185381129,0.2131155698618952,0.0077123018917936,0.0077123018917936
BH032,96,656377,0.9600014090538024,0.1464637265473829,5009,3,5,SIDE_NORMAL_X_POS,-800.0,24.15470053837925,2637.524791385932,5.073740005493164,-47.716217041015625,1.6748952865600586,9.41212274483405e-05,-0.0002390236768405,2.1139361706445925e-05,0.0,0.0,0.0,0.0,50.52816747442233,0.1423328661251333,-0.0510484623944716,0.0059591960532814,0.0059591960532814
BH032,96,656377,0.9600014090538024,0.1464637265473829,4371,1,1,SHELF_NORMAL_Y_POS,-796.8452994616207,-25.01400788112261,1906.475208614068,-5.947020530700684,-53.90853118896485,2.176133394241333,4.963910032529384e-05,-0.00025303158327,2.7465217499411665e-05,0.0,0.0,0.0,0.0,51.33330610853031,0.1446008622775501,-0.0016017377494022,0.0067025704643588,0.0067025704643588
BH032,96,656377,0.9600014090538024,0.1464637265473829,3944,1,1,SHELF_NORMAL_Y_NEG,-289.01923788646684,22.46877624313318,2765.524791385932,-6.081897735595703,-56.70056915283203,-0.0204661563038826,5.30512843397446e-05,-0.0002663953055161,-2.583074092399329e-07,0.0,0.0,0.0,0.0,53.91751307112,0.1518803185101971,0.1441592864635734,0.0073912520501337,0.0073912520501337
BH032,96,656377,0.9600014090538024,0.1464637265473829,3562,1,1,SHELF_NORMAL_Y_NEG,70.98076211353316,28.89403051151763,717.5247913859318,8.429040908813477,-48.00152587890625,-0.01096495334059,0.0001108221476897,-0.0002452899643685,-1.3839685664152057e-07,0.0,0.0,0.0,0.0,52.72383145556791,0.1485178350861068,-0.2847899349160991,0.0063541475722942,0.0063541475722942
BH032,97,663087,0.9700000882148744,0.1505628774024313,3023,2,1,SHELF_NORMAL_Y_POS,779.9393102292058,-25.04300957874569,1741.5247913859318,3.447035789489746,-52.8754768371582,-2.900110483169556,9.373845387017354e-05,-0.0002617008285596,-3.660282527562231e-05,0.0,0.0,0.0,0.0,54.91077936051051,0.1546782517197479,-0.016456372775278,0.0071335175380847,0.0071335175380847
BH032,97,663087,0.9700000882148744,0.1505628774024313,3944,2,5,SHELF_NORMAL_Y_NEG,-289.01923788646684,22.63576178657993,2802.4752086140675,-6.288074493408203,-57.56560134887695,0.1712102591991424,5.330760541255586e-05,-0.000270281889243,2.160900749004213e-06,0.0,0.0,0.0,0.0,54.6941449225734,0.1540680138664039,0.1482095979402917,0.0076119022182783,0.0076119022182783
BH032,97,663087,0.9700000882148744,0.1505628774024313,3536,1,5,SHELF_NORMAL_Y_POS,160.98076211353316,-21.36871258581148,946.475208614068,-3.6850874423980713,-58.92666244506836,-0.15489062666893,6.792732892790809e-05,-0.0002806886914186,-1.954971367013058e-06,0.0,0.0,0.0,0.0,57.17388814741471,0.1610532060490555,0.2192507831963899,0.0081451201729851,0.0081451201729851
BH032,97,663087,0.9700000882148744,0.1505628774024313,5009,3,5,SIDE_NORMAL_X_POS,-800.0,24.15470053837925,2637.524791385932,4.217604637145996,-49.19254302978516,1.6254167556762695,9.211529686581343e-05,-0.0002449440653435,2.051487535936758e-05,0.0,0.0,0.0,0.0,51.5082043474325,0.1450935333730493,-0.0524820965446024,0.0062357181245672,0.0062357181245672
BH032,97,663087,0.9700000882148744,0.1505628774024313,4371,1,1,SHELF_NORMAL_Y_POS,-796.8452994616207,-25.01400788112261,1906.475208614068,-7.168259143829346,-55.72201919555664,2.5842185020446777,4.635193181456998e-05,-0.0002600575098767,3.26156550727319e-05,0.0,0.0,0.0,0.0,52.69660372899588,0.1484411372647771,-0.0016398062103981,0.0071215142372343,0.0071215142372343
BH032,97,663087,0.9700000882148744,0.1505628774024313,3944,1,1,SHELF_NORMAL_Y_NEG,-289.01923788646684,22.46877624313318,2765.524791385932,-6.2394185066223145,-58.28496551513672,-0.0359897203743457,5.459382373373956e-05,-0.0002738552866503,-4.542359874903923e-07,0.0,0.0,0.0,0.0,55.42929858557104,0.1561388692551296,0.1482095979402917,0.0078106588162158,0.0078106588162158
BH032,97,663087,0.9700000882148744,0.1505628774024313,3562,1,1,SHELF_NORMAL_Y_NEG,70.98076211353316,28.89403051151763,717.5247913859318,8.71212100982666,-49.307655334472656,-0.016840286552906,0.0001140981112257,-0.0002520416455809,-2.125519387163877e-07,0.0,0.0,0.0,0.0,54.191521826236965,0.1526521741584139,-0.2931746824502556,0.00671072170248,0.00671072170248
BH032,98,669798,0.9800002574920654,0.1547356178232285,3023,2,1,SHELF_NORMAL_Y_POS,779.9393102292058,-25.04300957874569,1741.5247913859318,3.500196695327759,-54.34346389770508,-3.0636537075042725,9.613387373974548e-05,-0.000268903793767,-3.866710540023632e-05,0.0,0.0,0.0,0.0,56.42547456754868,0.1589449987818272,-0.01673850356897,0.0075341460630352,0.0075341460630352
BH032,98,669798,0.9800002574920654,0.1547356178232285,3944,2,5,SHELF_NORMAL_Y_NEG,-289.01923788646684,22.63576178657993,2802.4752086140675,-6.48946475982666,-59.18557357788086,0.1882943660020828,5.468936069519259e-05,-0.000277851941064,2.376532393100206e-06,0.0,0.0,0.0,0.0,56.223384306645926,0.1583757304412561,0.1523046902112041,0.0080450104825264,0.0080450104825264
BH032,98,669798,0.9800002574920654,0.1547356178232285,3536,1,5,SHELF_NORMAL_Y_POS,160.98076211353316,-21.36871258581148,946.475208614068,-3.822599411010742,-60.55432891845703,-0.1624120622873306,6.963036139495671e-05,-0.0002883902343455,-2.049902377621038e-06,0.0,0.0,0.0,0.0,58.73706843210534,0.1654565307946629,0.2256330316892475,0.0085988424339763,0.0085988424339763
BH032,98,669798,0.9800002574920654,0.1547356178232285,5009,3,5,SIDE_NORMAL_X_POS,-800.0,24.15470053837925,2637.524791385932,5.330260753631592,-50.544883728027344,1.2049436569213867,9.948587830876932e-05,-0.0002531288773752,1.520791101938812e-05,0.0,0.0,0.0,0.0,53.45063169376906,0.1505651597007579,-0.0538838776011266,0.0066715666538934,0.0066715666538934
BH032,98,669798,0.9800002574920654,0.1547356178232285,4371,1,1,SHELF_NORMAL_Y_POS,-796.8452994616207,-25.01400788112261,1906.475208614068,-7.224411487579346,-57.15566635131836,2.670428276062012,4.816710134036839e-05,-0.0002669350069481,3.370382182765752e-05,0.0,0.0,0.0,0.0,54.10582063298876,0.1524107623464472,-0.0016869763942397,0.0074994705128892,0.0074994705128892
BH032,98,669798,0.9800002574920654,0.1547356178232285,3944,1,1,SHELF_NORMAL_Y_NEG,-289.01923788646684,22.46877624313318,2765.524791385932,-6.421035289764404,-59.91432189941406,-0.0324267782270908,5.608494029729627e-05,-0.0002814992330968,-4.092682672762749e-07,0.0,0.0,0.0,0.0,56.97584437345711,0.1604953362632594,0.1523046902112041,0.0082529798990774,0.0082529798990774
BH032,98,669798,0.9800002574920654,0.1547356178232285,3562,1,1,SHELF_NORMAL_Y_NEG,70.98076211353316,28.89403051151763,717.5247913859318,8.951695442199707,-50.65473175048828,-0.0141404997557401,0.0001172221382148,-0.0002589289506431,-1.784774354973706e-07,0.0,0.0,0.0,0.0,55.672982955844205,0.1568253041009696,-0.3014568779245769,0.0070825424998837,0.0070825424998837
BH032,99,676509,0.9900004267692566,0.1589780763159982,3023,2,1,SHELF_NORMAL_Y_POS,779.9393102292058,-25.04300957874569,1741.5247913859318,3.634442806243897,-55.80558013916016,-3.07533860206604,9.891438094200566e-05,-0.0002761954965535,-3.88144762837328e-05,0.0,0.0,0.0,0.0,57.954009878671854,0.1632507320525967,-0.0170291518508546,0.0079461082195685,0.0079461082195685
BH032,99,676509,0.9900004267692566,0.1589780763159982,3944,2,5,SHELF_NORMAL_Y_NEG,-289.01923788646684,22.63576178657993,2802.4752086140675,-6.65225887298584,-60.80210113525391,0.1882462054491043,5.6253193179145455e-05,-0.0002854613121598,2.3759362193231937e-06,0.0,0.0,0.0,0.0,57.76489456151795,0.1627180128493463,0.1564139190327751,0.0084912398700248,0.0084912398700248
BH032,99,676509,0.9900004267692566,0.1589780763159982,3536,1,5,SHELF_NORMAL_Y_POS,160.98076211353316,-21.36871258581148,946.475208614068,-3.913817644119263,-62.230262756347656,-0.1667969971895218,7.16280919732526e-05,-0.0002963928855024,-2.105253997797263e-06,0.0,0.0,0.0,0.0,60.36927309994988,0.170054290422394,0.2320097450269789,0.0090824317086784,0.0090824317086784
BH032,99,676509,0.9900004267692566,0.1589780763159982,5009,3,5,SIDE_NORMAL_X_POS,-800.0,24.15470053837925,2637.524791385932,6.905406951904297,-51.234622955322266,1.2886990308761597,0.000108136991912,-0.0002587725757621,1.6265021258732304e-05,0.0,0.0,0.0,0.0,55.058599615826274,0.1550946468051444,-0.0553819266749259,0.0070130226922225,0.0070130226922225
BH032,99,676509,0.9900004267692566,0.1589780763159982,4371,1,1,SHELF_NORMAL_Y_POS,-796.8452994616207,-25.01400788112261,1906.475208614068,-5.082571506500244,-58.27376556396485,2.8012771606445312,6.019283682690002e-05,-0.0002754813467618,3.535537689458579e-05,0.0,0.0,0.0,0.0,56.11617562595465,0.1580737341576187,-0.0017424606748254,0.0079232408971133,0.0079232408971133
BH032,99,676509,0.9900004267692566,0.1589780763159982,3944,1,1,SHELF_NORMAL_Y_NEG,-289.01923788646684,22.46877624313318,2765.524791385932,-6.59142017364502,-61.5419921875,-0.0280586667358875,5.762812725151889e-05,-0.0002891522599384,-3.541371143001016e-07,0.0,0.0,0.0,0.0,58.5253522445375,0.1648601471677112,0.1564139190327751,0.0087076983744112,0.0087076983744112
BH032,99,676509,0.9900004267692566,0.1589780763159982,3562,1,1,SHELF_NORMAL_Y_NEG,70.98076211353316,28.89403051151763,717.5247913859318,9.21738624572754,-52.05249786376953,-0.0114301610738039,0.0001205475346068,-0.0002661026665009,-1.4426983341309096e-07,0.0,0.0,0.0,0.0,57.22072275733397,0.1611851345277013,-0.310082362010506,0.0074811426628638,0.0074811426628638
BH032,100,683220,1.0000005960464478,0.1632746164956347,3023,2,1,SHELF_NORMAL_Y_POS,779.9393102292058,-25.04300957874569,1741.5247913859318,3.7662744522094727,-57.335636138916016,-3.162321090698242,0.0001017822578432,-0.0002838142972905,-3.991244011558592e-05,0.0,0.0,0.0,0.0,59.56091470366066,0.1677772245173539,-0.0173407445862862,0.0083911472224295,0.0083911472224295
BH032,100,683220,1.0000005960464478,0.1632746164956347,3944,2,5,SHELF_NORMAL_Y_NEG,-289.01923788646684,22.63576178657993,2802.4752086140675,-6.858571529388428,-62.4476432800293,0.1874350905418396,5.764792877016589e-05,-0.0002931495546363,2.3657021301914938e-06,0.0,0.0,0.0,0.0,59.31738296751814,0.1670912196268116,0.1607058706265213,0.0089555925089937,0.0089555925089937
BH032,100,683220,1.0000005960464478,0.1632746164956347,3536,1,5,SHELF_NORMAL_Y_POS,160.98076211353316,-21.36871258581148,946.475208614068,-4.013801097869873,-63.9124870300293,-0.1764435917139053,7.359298615483567e-05,-0.0003044141049031,-2.226992592113674e-06,0.0,0.0,0.0,0.0,62.00385459010891,0.1746587453242504,0.2386222235429556,0.0095805806418789,0.0095805806418789
BH032,100,683220,1.0000005960464478,0.1632746164956347,5009,3,5,SIDE_NORMAL_X_POS,-800.0,24.15470053837925,2637.524791385932,4.476457595825195,-53.54775238037109,1.918977975845337,9.971441613743082e-05,-0.0002664640196599,2.421994759060908e-05,0.0,0.0,0.0,0.0,56.01921214989172,0.1578005976053288,-0.0568473319622797,0.0073808179306526,0.0073808179306526
BH032,100,683220,1.0000005960464478,0.1632746164956347,4371,1,1,SHELF_NORMAL_Y_POS,-796.8452994616207,-25.01400788112261,1906.475208614068,-6.231175422668457,-59.94752883911133,2.615781307220459,5.705433068214916e-05,-0.0002819342480506,3.3014046493917704e-05,0.0,0.0,0.0,0.0,57.26706844473345,0.1613156857598125,-0.001764413258419,0.0083160897814248,0.0083160897814248
BH032,100,683220,1.0000005960464478,0.1632746164956347,3944,1,1,SHELF_NORMAL_Y_NEG,-289.01923788646684,22.46877624313318,2765.524791385932,-6.808290481567383,-63.20984649658203,-0.0467791892588138,5.90040726820007e-05,-0.0002969317720271,-5.904187787564297e-07,0.0,0.0,0.0,0.0,60.095699363902014,0.1692836601800056,0.1607058706265213,0.0091837481990175,0.0091837481990175
BH032,100,683220,1.0000005960464478,0.1632746164956347,3562,1,1,SHELF_NORMAL_Y_NEG,70.98076211353316,28.89403051151763,717.5247913859318,9.500886917114258,-53.43125534057617,-0.0323591344058513,0.0001239308621734,-0.000273207668215,-4.084217550825997e-07,0.0,0.0,0.0,0.0,58.76064461570051,0.165522942579438,-0.3187952743079215,0.0078875396399737,0.0078875396399737
BH032,101,689673,1.0100009441375732,0.1674804395724671,3023,2,1,SHELF_NORMAL_Y_POS,779.9393102292058,-25.04300957874569,1741.5247913859318,3.753823518753052,-58.82610321044922,-3.2353317737579346,0.0001038922928273,-0.000291030795779,-4.083398016518913e-05,0.0,0.0,0.0,0.0,61.04773980044805,0.1719654642266142,-0.0176228766193438,0.0088211705372294,0.0088211705372294
BH032,101,689673,1.0100009441375732,0.1674804395724671,3944,2,5,SHELF_NORMAL_Y_NEG,-289.01923788646684,22.63576178657993,2802.4752086140675,-7.047028541564941,-64.09883880615234,0.199687585234642,5.913793938816525e-05,-0.0003008923667948,2.520347834433778e-06,0.0,0.0,0.0,0.0,60.8829617085905,0.1715013005875788,0.1647237573812986,0.0094351670415405,0.0094351670415405
BH032,101,689673,1.0100009441375732,0.1674804395724671,3536,1,5,SHELF_NORMAL_Y_POS,160.98076211353316,-21.36871258581148,946.475208614068,-4.147211074829102,-65.5461196899414,-0.1758197993040084,7.532450399594381e-05,-0.0003121516783721,-2.219127736680093e-06,0.0,0.0,0.0,0.0,63.57477731319704,0.1790838797554846,0.2448825220072877,0.0100743703042151,0.0100743703042151
BH032,101,689673,1.0100009441375732,0.1674804395724671,5009,3,5,SIDE_NORMAL_X_POS,-800.0,24.15470053837925,2637.524791385932,4.885390281677246,-54.83667755126953,1.6086689233779907,0.0001035771274473,-0.0002733164001256,2.0303414203226566e-05,0.0,0.0,0.0,0.0,57.502958721876055,0.1619801654137353,-0.0582868315817847,0.0077633430926473,0.0077633430926473
BH032,101,689673,1.0100009441375732,0.1674804395724671,4371,1,1,SHELF_NORMAL_Y_POS,-796.8452994616207,-25.01400788112261,1906.475208614068,-5.28229284286499,-61.166011810302734,2.5332045555114746,6.343518907669932e-05,-0.0002892312768381,3.197208570782095e-05,0.0,0.0,0.0,0.0,58.867123320270295,0.1658228825923106,-0.0018085228651777,0.008718561233552,0.008718561233552
BH032,101,689673,1.0100009441375732,0.1674804395724671,3944,1,1,SHELF_NORMAL_Y_NEG,-289.01923788646684,22.46877624313318,2765.524791385932,-6.9538893699646,-64.84736633300781,-0.0386215858161449,6.068277798476629e-05,-0.0003046713536605,-4.874576688962406e-07,0.0,0.0,0.0,0.0,61.66522975846592,0.1737048725590589,0.1647237573812986,0.0096677536266503,0.0096677536266503
BH032,101,689673,1.0100009441375732,0.1674804395724671,3562,1,1,SHELF_NORMAL_Y_NEG,70.98076211353316,28.89403051151763,717.5247913859318,9.75744915008545,-54.824588775634766,-0.0208715610206127,0.0001272052904823,-0.0002803452662192,-2.63431132907499e-07,0.0,0.0,0.0,0.0,60.29836475687165,0.169854548610906,-0.3271149223917383,0.0083054036295292,0.0083054036295292
BH032,102,696126,1.0200012922286987,0.1717239737889124,3023,2,1,SHELF_NORMAL_Y_POS,779.9393102292058,-25.04300957874569,1741.5247913859318,3.98354697227478,-60.3286018371582,-3.316739559173584,0.0001071955412044,-0.0002986581530421,-4.186154910712503e-05,0.0,0.0,0.0,0.0,62.67960552848774,0.1765622690943316,-0.0178830039150795,0.0092917340498279,0.0092917340498279
BH032,102,696126,1.0200012922286987,0.1717239737889124,3944,2,5,SHELF_NORMAL_Y_NEG,-289.01923788646684,22.63576178657993,2802.4752086140675,-7.227782726287842,-65.71452331542969,0.1970387399196624,6.061331077944487e-05,-0.0003084714408032,2.4869245862646494e-06,0.0,0.0,0.0,0.0,62.41622861101239,0.1758203622845419,0.1690035656674467,0.0099165550779991,0.0099165550779991
BH032,102,696126,1.0200012922286987,0.1717239737889124,3536,1,5,SHELF_NORMAL_Y_POS,160.98076211353316,-21.36871258581148,946.475208614068,-4.273194789886475,-67.2530517578125,-0.1865314543247223,7.719902350800112e-05,-0.000320253893733,-2.354334810661385e-06,0.0,0.0,0.0,0.0,65.22232866148086,0.1837248694689601,0.2514851917861206,0.0106044966330489,0.0106044966330489
BH032,102,696126,1.0200012922286987,0.1717239737889124,5009,3,5,SIDE_NORMAL_X_POS,-800.0,24.15470053837925,2637.524791385932,6.046440124511719,-55.97366714477539,1.2706183195114136,0.0001108690266846,-0.0002805271651595,1.6036796296248212e-05,0.0,0.0,0.0,0.0,59.2696861093028,0.1669568622797262,-0.0597803581533165,0.0081965792528771,0.0081965792528771
BH032,102,696126,1.0200012922286987,0.1717239737889124,4371,1,1,SHELF_NORMAL_Y_POS,-796.8452994616207,-25.01400788112261,1906.475208614068,-4.997499942779541,-62.702484130859375,2.7765512466430664,6.705530540784821e-05,-0.0002971046196762,3.504334017634392e-05,0.0,0.0,0.0,0.0,60.55038044040973,0.1705644519448161,-0.0018286567478459,0.009195740044926,0.009195740044926
BH032,102,696126,1.0200012922286987,0.1717239737889124,3944,1,1,SHELF_NORMAL_Y_NEG,-289.01923788646684,22.46877624313318,2765.524791385932,-7.158222675323486,-66.48094940185547,-0.038180124014616,6.206994294188917e-05,-0.0003123054048046,-4.818851380150591e-07,0.0,0.0,0.0,0.0,63.20661135452364,0.1780467925479539,0.1690035656674467,0.0101592587363387,0.0101592587363387
BH032,102,696126,1.0200012922286987,0.1717239737889124,3562,1,1,SHELF_NORMAL_Y_NEG,70.98076211353316,28.89403051151763,717.5247913859318,10.001175880432127,-56.21931838989258,-0.0167432948946952,0.0001304204342886,-0.0002874718338716,-2.1132667882284295e-07,0.0,0.0,0.0,0.0,61.82956745218707,0.1741677956399635,-0.3359174041256694,0.0087328425187369,0.0087328425187369
BH032,103,702578,1.03000009059906,0.1760547433118138,3023,2,1,SHELF_NORMAL_Y_POS,779.9393102292058,-25.04300957874569,1741.5247913859318,4.014132022857666,-61.85879898071289,-3.35932993888855,0.0001095728075597,-0.0003061325114686,-4.239900590619072e-05,0.0,0.0,0.0,0.0,64.22451981939695,0.1809141403363294,-0.0181773208670667,0.0097596712779324,0.0097596712779324
BH032,103,702578,1.03000009059906,0.1760547433118138,3944,2,5,SHELF_NORMAL_Y_NEG,-289.01923788646684,22.63576178657993,2802.4752086140675,-7.412477493286133,-67.342041015625,0.1930120587348938,6.208641570992768e-05,-0.0003161018248647,2.436111117276596e-06,0.0,0.0,0.0,0.0,63.95964124604493,0.1801680035099857,0.1732867667970667,0.0104133889918277,0.0104133889918277
BH032,103,702578,1.03000009059906,0.1760547433118138,3536,1,5,SHELF_NORMAL_Y_POS,160.98076211353316,-21.36871258581148,946.475208614068,-4.397255420684815,-68.9511489868164,-0.1754604876041412,7.90702470112592e-05,-0.0003283175174146,-2.214598907812615e-06,0.0,0.0,0.0,0.0,66.86174801289823,0.1883429521490091,0.258053362087239,0.0111455195795424,0.0111455195795424
BH032,103,702578,1.03000009059906,0.1760547433118138,5009,3,5,SIDE_NORMAL_X_POS,-800.0,24.15470053837925,2637.524791385932,7.033456802368164,-57.06676483154297,1.7161918878555298,0.0001172524134744,-0.000287270580884,2.166057311114855e-05,0.0,0.0,0.0,0.0,60.96144463520194,0.1717223792540899,-0.0611937574585612,0.0086278716160818,0.0086278716160818
BH032,103,702578,1.03000009059906,0.1760547433118138,4371,1,1,SHELF_NORMAL_Y_POS,-796.8452994616207,-25.01400788112261,1906.475208614068,-6.211959838867188,-64.42557525634766,2.851402759552002,6.366895831888542e-05,-0.0003036997804883,3.598801777116023e-05,0.0,0.0,0.0,0.0,61.752940004134295,0.1739519436736177,-0.0018815729071682,0.0096365941841315,0.0096365941841315
BH032,103,702578,1.03000009059906,0.1760547433118138,3944,1,1,SHELF_NORMAL_Y_NEG,-289.01923788646684,22.46877624313318,2765.524791385932,-7.341071605682373,-68.16852569580078,-0.0530882589519023,6.364003638736904e-05,-0.0003202312800567,-6.700444714624609e-07,0.0,0.0,0.0,0.0,64.8106291788766,0.1825651526165538,0.1732867667970667,0.0106815036134143,0.0106815036134143
BH032,103,702578,1.03000009059906,0.1760547433118138,3562,1,1,SHELF_NORMAL_Y_NEG,70.98076211353316,28.89403051151763,717.5247913859318,10.293871879577637,-57.59943771362305,-0.0265958290547132,0.0001338521251454,-0.0002945984015241,-3.3567908985787653e-07,0.0,0.0,0.0,0.0,63.37651282117704,0.1785253882286677,-0.3447451471233493,0.0091732338497142,0.0091732338497142
BH032,104,709031,1.0400004386901855,0.1804386413915701,3023,2,1,SHELF_NORMAL_Y_POS,779.9393102292058,-25.04300957874569,1741.5247913859318,4.127110958099365,-63.3718147277832,-3.4667844772338867,0.0001123246620409,-0.0003136413870379,-4.375509888632223e-05,0.0,0.0,0.0,0.0,65.80743302686551,0.1853730507799028,-0.0184653712679338,0.0102456736938687,0.0102456736938687
BH032,104,709031,1.0400004386901855,0.1804386413915701,3944,2,5,SHELF_NORMAL_Y_NEG,-289.01923788646684,22.63576178657993,2802.4752086140675,-7.578166484832764,-69.01612854003906,0.2057277411222458,6.37197372270748e-05,-0.0003239865473005,2.596607828309061e-06,0.0,0.0,0.0,0.0,65.5573479132767,0.1846685856712019,0.1776780281927171,0.0109387409151897,0.0109387409151897
BH032,104,709031,1.0400004386901855,0.1804386413915701,3536,1,5,SHELF_NORMAL_Y_POS,160.98076211353316,-21.36871258581148,946.475208614068,-4.496360301971436,-70.6596908569336,-0.1921787559986114,8.107710891636088e-05,-0.0003364653675816,-2.425607590339496e-06,0.0,0.0,0.0,0.0,68.52305113658214,0.1930226792579778,0.2647985510144482,0.0117054086127561,0.0117054086127561
BH032,104,709031,1.0400004386901855,0.1804386413915701,5009,3,5,SIDE_NORMAL_X_POS,-800.0,24.15470053837925,2637.524791385932,5.1981520652771,-59.0714111328125,1.5814521312713623,0.0001112625323003,-0.0002943273866549,1.995990169234574e-05,0.0,0.0,0.0,0.0,61.89521426107901,0.1743527162283915,-0.0627219394732308,0.0089982197400663,0.0089982197400663
BH032,104,709031,1.0400004386901855,0.1804386413915701,4371,1,1,SHELF_NORMAL_Y_POS,-796.8452994616207,-25.01400788112261,1906.475208614068,-4.809008598327637,-65.61068725585938,2.8313302993774414,7.220574480015785e-05,-0.0003114974533673,3.573483263608068e-05,0.0,0.0,0.0,0.0,63.532792953890215,0.1789656139546203,-0.0019269797951813,0.0100958259358359,0.0100958259358359
BH032,104,709031,1.0400004386901855,0.1804386413915701,3944,1,1,SHELF_NORMAL_Y_NEG,-289.01923788646684,22.46877624313318,2765.524791385932,-7.511053085327148,-69.8599624633789,-0.0543296560645103,6.527819641632959e-05,-0.0003281947574578,-6.857089260847715e-07,0.0,0.0,0.0,0.0,66.42377016075267,0.18710921172043,0.1776780281927171,0.0112189444056469,0.0112189444056469
BH032,104,709031,1.0400004386901855,0.1804386413915701,3562,1,1,SHELF_NORMAL_Y_NEG,70.98076211353316,28.89403051151763,717.5247913859318,10.524405479431152,-59.0638427734375,-0.0333977602422237,0.0001371043326798,-0.000302042637486,-4.215289948206191e-07,0.0,0.0,0.0,0.0,64.96857556244417,0.183010072006885,-0.3535331061727489,0.0096413209465419,0.0096413209465419
BH032,105,715484,1.050000786781311,0.1848897938211736,3023,2,1,SHELF_NORMAL_Y_POS,779.9393102292058,-25.04300957874569,1741.5247913859318,4.179776191711426,-64.95275115966797,-3.546546697616577,0.0001148836163338,-0.0003213949967175,-4.476176400203258e-05,0.0,0.0,0.0,0.0,67.42071162143728,0.1899174975251754,-0.0187674390740144,0.0107573248615002,0.0107573248615002
BH032,105,715484,1.050000786781311,0.1848897938211736,3944,2,5,SHELF_NORMAL_Y_NEG,-289.01923788646684,22.63576178657993,2802.4752086140675,-7.788971900939941,-70.72589111328125,0.2046388834714889,6.51864756946452e-05,-0.0003319809329695,2.582862862254842e-06,0.0,0.0,0.0,0.0,67.17189449248062,0.1892166042041707,0.1821340029875321,0.0114860338138816,0.0114860338138816
BH032,105,715484,1.050000786781311,0.1848897938211736,3536,1,5,SHELF_NORMAL_Y_POS,160.98076211353316,-21.36871258581148,946.475208614068,-4.61431360244751,-72.37177276611328,-0.2096634060144424,8.299833280034363e-05,-0.0003446057671681,-2.646302846187609e-06,0.0,0.0,0.0,0.0,70.17942151411064,0.1976885113073539,0.271703014009919,0.0122788774881415,0.0122788774881415
BH032,105,715484,1.050000786781311,0.1848897938211736,5009,3,5,SIDE_NORMAL_X_POS,-800.0,24.15470053837925,2637.524791385932,6.614107608795166,-60.299560546875,1.7119176387786863,0.0001199247417389,-0.000302351108985,2.1606505470117557e-05,0.0,0.0,0.0,0.0,63.93280214281978,0.1800924004023092,-0.06423774514263,0.0095309979215891,0.0095309979215891
BH032,105,715484,1.050000786781311,0.1848897938211736,4371,1,1,SHELF_NORMAL_Y_POS,-796.8452994616207,-25.01400788112261,1906.475208614068,-3.653423309326172,-66.91387939453125,3.1593003273010254,7.971371087478474e-05,-0.0003195080498699,3.987412856076844e-05,0.0,0.0,0.0,0.0,65.39337555501959,0.1842066917042805,-0.0019632310597459,0.0106072622872684,0.0106072622872684
BH032,105,715484,1.050000786781311,0.1848897938211736,3944,1,1,SHELF_NORMAL_Y_NEG,-289.01923788646684,22.46877624313318,2765.524791385932,-7.755966186523437,-71.58649444580078,-0.0673585683107376,6.660339568043128e-05,-0.0003362188872415,-8.501486377099354e-07,0.0,0.0,0.0,0.0,68.04096104349172,0.1916646789957513,0.1821340029875321,0.0117763424261867,0.0117763424261867
BH032,105,715484,1.050000786781311,0.1848897938211736,3562,1,1,SHELF_NORMAL_Y_NEG,70.98076211353316,28.89403051151763,717.5247913859318,10.842987060546877,-60.47670364379883,-0.0277663748711347,0.0001407082600053,-0.0003093638806603,-3.504518986119365e-07,0.0,0.0,0.0,0.0,66.56389772244424,0.1875039372463218,-0.3628617303039541,0.0101174111148272,0.0101174111148272
BH032,106,721937,1.0600011348724363,0.189415086915369,3023,2,1,SHELF_NORMAL_Y_POS,779.9393102292058,-25.04300957874569,1741.5247913859318,4.295722007751465,-66.53878021240234,-3.629583120346069,0.0001177551748696,-0.0003292602777946,-4.580984750646167e-05,0.0,0.0,0.0,0.0,69.07399093097288,0.1945746223407687,-0.0190784418649311,0.0112903665658685,0.0112903665658685
BH032,106,721937,1.0600011348724363,0.189415086915369,3944,2,5,SHELF_NORMAL_Y_NEG,-289.01923788646684,22.63576178657993,2802.4752086140675,-7.992440223693848,-72.45399475097656,0.2060129195451736,6.671502342214808e-05,-0.0003400709829293,2.600207153591328e-06,0.0,0.0,0.0,0.0,68.80772891222256,0.1938245884851339,0.1867149394372279,0.012053131081655,0.012053131081655
BH032,106,721937,1.0600011348724363,0.189415086915369,3536,1,5,SHELF_NORMAL_Y_POS,160.98076211353316,-21.36871258581148,946.475208614068,-4.739148139953613,-74.17742156982422,-0.2184039652347564,8.502204582327977e-05,-0.000353189127054,-2.7566118205868406e-06,0.0,0.0,0.0,0.0,71.92603636553841,0.2026085531423617,0.2785580084927456,0.0128983900635969,0.0128983900635969
BH032,106,721937,1.0600011348724363,0.189415086915369,5009,3,5,SIDE_NORMAL_X_POS,-800.0,24.15470053837925,2637.524791385932,9.04994297027588,-61.0523796081543,1.9207390546798704,0.0001328455691691,-0.0003095532010775,2.4242202925961465e-05,0.0,0.0,0.0,0.0,66.12777625767683,0.1862754260779629,-0.0657730471181388,0.0100739836336525,0.0100739836336525
BH032,106,721937,1.0600011348724363,0.189415086915369,4371,1,1,SHELF_NORMAL_Y_POS,-796.8452994616207,-25.01400788112261,1906.475208614068,-3.466838121414185,-68.59469604492188,3.052432060241699,8.306706877192482e-05,-0.0003279380034655,3.852538429782726e-05,0.0,0.0,0.0,0.0,67.13714775984404,0.1891187260840677,-0.0020118151204798,0.0111623063396858,0.0111623063396858
BH032,106,721937,1.0600011348724363,0.189415086915369,3944,1,1,SHELF_NORMAL_Y_NEG,-289.01923788646684,22.46877624313318,2765.524791385932,-7.929209232330322,-73.33816528320312,-0.0659781917929649,6.831369682913646e-05,-0.000344471191056,-8.327291993737163e-07,0.0,0.0,0.0,0.0,69.71268355382776,0.1963737564896556,0.1867149394372279,0.0123609219108966,0.0123609219108966
BH032,106,721937,1.0600011348724363,0.189415086915369,3562,1,1,SHELF_NORMAL_Y_NEG,70.98076211353316,28.89403051151763,717.5247913859318,11.113039016723633,-61.97175598144531,-0.0296906940639019,0.0001441968488506,-0.0003170154232066,-3.747407504306466e-07,0.0,0.0,0.0,0.0,68.21066897765806,0.1921427295145297,-0.3719397934987805,0.0106241652086197,0.0106241652086197
BH032,107,728390,1.070001482963562,0.19397066647186,3023,2,1,SHELF_NORMAL_Y_POS,779.9393102292058,-25.04300957874569,1741.5247913859318,4.391392707824707,-68.15882873535156,-3.7388134002685542,0.0001205786029458,-0.0003372626961208,-4.718841228168458e-05,0.0,0.0,0.0,0.0,70.75421277137991,0.1993076416095208,-0.0193769581814318,0.0118466624921547,0.0118466624921547
BH032,107,728390,1.070001482963562,0.19397066647186,3944,2,5,SHELF_NORMAL_Y_NEG,-289.01923788646684,22.63576178657993,2802.4752086140675,-8.1727933883667,-74.21598052978516,0.1943861246109008,6.840611604275182e-05,-0.0003483635373413,2.453463139318046e-06,0.0,0.0,0.0,0.0,70.48664980460998,0.1985539431115774,0.1913902932468314,0.0126475555973136,0.0126475555973136
BH032,107,728390,1.070001482963562,0.19397066647186,3536,1,5,SHELF_NORMAL_Y_POS,160.98076211353316,-21.36871258581148,946.475208614068,-4.862021446228027,-75.9573974609375,-0.2218035608530044,8.701776096131653e-05,-0.0003616518806666,-2.7995131404168205e-06,0.0,0.0,0.0,0.0,73.64785520696779,0.2074587470618811,0.2856196940256379,0.0135241076317489,0.0135241076317489
BH032,107,728390,1.070001482963562,0.19397066647186,5009,3,5,SIDE_NORMAL_X_POS,-800.0,24.15470053837925,2637.524791385932,6.635864734649658,-63.26608657836914,1.6175730228424072,0.000124350815895,-0.0003167842514812,2.041583320533391e-05,0.0,0.0,0.0,0.0,66.89026260970756,0.1884232749569227,-0.0673613003681375,0.0104500677748096,0.0104500677748096
BH032,107,728390,1.070001482963562,0.19397066647186,4371,1,1,SHELF_NORMAL_Y_POS,-796.8452994616207,-25.01400788112261,1906.475208614068,-5.23269510269165,-70.47216796875,3.537716627120972,7.722937880316749e-05,-0.0003344829310663,4.465031452127732e-05,0.0,0.0,0.0,0.0,68.28246118036995,0.1923449610714646,-0.0020418640171142,0.0116629775441399,0.0116629775441399
BH032,107,728390,1.070001482963562,0.19397066647186,3944,1,1,SHELF_NORMAL_Y_NEG,-289.01923788646684,22.46877624313318,2765.524791385932,-8.130313873291016,-75.10269165039062,-0.0829767286777496,6.990684050833806e-05,-0.0003527427325025,-1.047272121468268e-06,0.0,0.0,0.0,0.0,71.38577236661182,0.2010866827228501,0.1913902932468314,0.0129620754745742,0.0129620754745742
BH032,107,728390,1.070001482963562,0.19397066647186,3562,1,1,SHELF_NORMAL_Y_NEG,70.98076211353316,28.89403051151763,717.5247913859318,11.41209602355957,-63.430625915527344,-0.0377722829580307,0.0001477736223023,-0.0003245333209633,-4.767408654515748e-07,0.0,0.0,0.0,0.0,69.8395368949786,0.1967310898450101,-0.3812395883935885,0.011135830373387,0.011135830373387
BH032,108,734842,1.0800002813339231,0.1986165213625741,3023,2,1,SHELF_NORMAL_Y_POS,779.9393102292058,-25.04300957874569,1741.5247913859318,4.389877796173096,-69.85316467285156,-3.80357837677002,0.0001230385678354,-0.0003454866528045,-4.8005866119638085e-05,0.0,0.0,0.0,0.0,72.44849290269828,0.2040802616977416,-0.0196908501302506,0.0124280483392941,0.0124280483392941
BH032,108,734842,1.0800002813339231,0.1986165213625741,3944,2,5,SHELF_NORMAL_Y_NEG,-289.01923788646684,22.63576178657993,2802.4752086140675,-8.379010200500488,-75.99537658691406,0.2005364745855331,6.999622564762831e-05,-0.0003566997766029,2.5310837372671813e-06,0.0,0.0,0.0,0.0,72.1724302178281,0.2033026203319101,0.1960580922472674,0.0132604986248761,0.0132604986248761
BH032,108,734842,1.0800002813339231,0.1986165213625741,3536,1,5,SHELF_NORMAL_Y_POS,160.98076211353316,-21.36871258581148,946.475208614068,-5.004322052001953,-77.78536224365234,-0.2163463234901428,8.898953819880262e-05,-0.0003703182155732,-2.7306314223096706e-06,0.0,0.0,0.0,0.0,75.4087742386293,0.212419082362336,0.2928049870559767,0.0141805714316834,0.0141805714316834
BH032,108,734842,1.0800002813339231,0.1986165213625741,5009,3,5,SIDE_NORMAL_X_POS,-800.0,24.15470053837925,2637.524791385932,7.290999412536621,-64.69634246826172,1.644988775253296,0.0001296136470045,-0.0003246818087063,2.076182863675058e-05,0.0,0.0,0.0,0.0,68.69202544943413,0.1934986632378426,-0.0689440904801005,0.0109925818612996,0.0109925818612996
BH032,108,734842,1.0800002813339231,0.1986165213625741,4371,1,1,SHELF_NORMAL_Y_POS,-796.8452994616207,-25.01400788112261,1906.475208614068,-3.4018943309783936,-71.741943359375,3.5744378566741943,8.796559268375859e-05,-0.0003433107631281,4.511375664151274e-05,0.0,0.0,0.0,0.0,70.37578155576647,0.1982416381852576,-0.0020879375243799,0.0122460030620729,0.0122460030620729
BH032,108,734842,1.0800002813339231,0.1986165213625741,3944,1,1,SHELF_NORMAL_Y_NEG,-289.01923788646684,22.46877624313318,2765.524791385932,-8.367754936218262,-76.9283218383789,-0.0784292891621589,7.141286187106743e-05,-0.000361260084901,-9.898772077576723e-07,0.0,0.0,0.0,0.0,73.10463140050652,0.2059285391563564,0.1960580922472674,0.0135971113595492,0.0135971113595492
BH032,108,734842,1.0800002813339231,0.1986165213625741,3562,1,1,SHELF_NORMAL_Y_NEG,70.98076211353316,28.89403051151763,717.5247913859318,11.73345184326172,-64.93467712402344,-0.0215859673917293,0.000151523927343,-0.0003323023556731,-2.724483749716456e-07,0.0,0.0,0.0,0.0,71.52688648483,0.2014841872812112,-0.3909723466879956,0.0116778601258049,0.0116778601258049
BH032,109,741295,1.0900006294250488,0.2033019054912728,3023,2,1,SHELF_NORMAL_Y_POS,779.9393102292058,-25.04300957874569,1741.5247913859318,4.536872863769531,-71.46238708496094,-3.898500442504883,0.0001260960998479,-0.0003535140131134,-4.920402716379613e-05,0.0,0.0,0.0,0.0,74.14355444075625,0.2088550829317077,-0.0200256465602225,0.0130135071094696,0.0130135071094696
BH032,109,741295,1.0900006294250488,0.2033019054912728,3944,2,5,SHELF_NORMAL_Y_NEG,-289.01923788646684,22.63576178657993,2802.4752086140675,-8.570883750915527,-77.79141998291016,0.1970853358507156,7.168035517679527e-05,-0.0003651389852166,2.487526444383548e-06,0.0,0.0,0.0,0.0,73.8805818982625,0.2081143152063732,0.2009083112066333,0.0138951235766899,0.0138951235766899
BH032,109,741295,1.0900006294250488,0.2033019054912728,3536,1,5,SHELF_NORMAL_Y_POS,160.98076211353316,-21.36871258581148,946.475208614068,-5.125359535217285,-79.62545013427734,-0.226762905716896,9.108181984629482e-05,-0.0003790727932937,-2.862097062461544e-06,0.0,0.0,0.0,0.0,77.19149450299606,0.2174408295859044,0.3002646358025266,0.0148590475353064,0.0148590475353064
BH032,109,741295,1.0900006294250488,0.2033019054912728,5009,3,5,SIDE_NORMAL_X_POS,-800.0,24.15470053837925,2637.524791385932,5.9095377922058105,-66.78109741210938,1.615036129951477,0.0001259435521205,-0.0003327895246911,2.0383788069011644e-05,0.0,0.0,0.0,0.0,69.97934018371518,0.1971249019259582,-0.070554762526348,0.0115007370718593,0.0115007370718593
BH032,109,741295,1.0900006294250488,0.2033019054912728,4371,1,1,SHELF_NORMAL_Y_POS,-796.8452994616207,-25.01400788112261,1906.475208614068,-2.6136908531188965,-73.34591674804688,3.2047622203826904,9.412769577465951e-05,-0.0003522440383676,4.0447946958011016e-05,0.0,0.0,0.0,0.0,72.28805457637304,0.2036283227503466,-0.0021307562681556,0.0128597137374972,0.0128597137374972
BH032,109,741295,1.0900006294250488,0.2033019054912728,3944,1,1,SHELF_NORMAL_Y_NEG,-289.01923788646684,22.46877624313318,2765.524791385932,-8.545463562011719,-78.7585220336914,-0.0944876447319984,7.321447628783062e-05,-0.0003698841319419,-1.1925509397769929e-06,0.0,0.0,0.0,0.0,74.85271166717568,0.2108527089216216,0.2009083112066333,0.0142532310653981,0.0142532310653981
BH032,109,741295,1.0900006294250488,0.2033019054912728,3562,1,1,SHELF_NORMAL_Y_NEG,70.98076211353316,28.89403051151763,717.5247913859318,11.990811347961426,-66.48153686523438,-0.0167373418807983,0.0001550259476061,-0.0003401876019779,-2.1125173077507498e-07,0.0,0.0,0.0,0.0,73.21709300317328,0.206245332403305,-0.4005549042622566,0.0122375229687007,0.0122375229687007
BH032,110,747748,1.1000009775161743,0.2080737529684621,3023,2,1,SHELF_NORMAL_Y_POS,779.9393102292058,-25.04300957874569,1741.5247913859318,4.684077739715576,-73.14440155029297,-3.972387313842773,0.000129260122776,-0.0003618932969402,-5.013659756514244e-05,0.0,0.0,0.0,0.0,75.90782376291841,0.2138248556701927,-0.0203348094570086,0.01363761901296,0.01363761901296
BH032,110,747748,1.1000009775161743,0.2080737529684621,3944,2,5,SHELF_NORMAL_Y_NEG,-289.01923788646684,22.63576178657993,2802.4752086140675,-8.803072929382324,-79.61775970458984,0.2014452069997787,7.321265002246946e-05,-0.0003736660291906,2.5425588319194503e-06,0.0,0.0,0.0,0.0,75.60239777109297,0.2129645007636421,0.2057356965178115,0.0145529274959648,0.0145529274959648
BH032,110,747748,1.1000009775161743,0.2080737529684621,3536,1,5,SHELF_NORMAL_Y_POS,160.98076211353316,-21.36871258581148,946.475208614068,-5.24553918838501,-81.47309875488281,-0.2226453423500061,9.318918455392122e-05,-0.0003878670977428,-2.8101237603550544e-06,0.0,0.0,0.0,0.0,78.98202252808724,0.2224845705016542,0.3074849473610792,0.0155564932139144,0.0155564932139144
BH032,110,747748,1.1000009775161743,0.2080737529684621,5009,3,5,SIDE_NORMAL_X_POS,-800.0,24.15470053837925,2637.524791385932,7.9829020500183105,-67.58141326904297,2.1606545448303223,0.0001371739199385,-0.0003396950778551,2.7270121790934357e-05,0.0,0.0,0.0,0.0,72.00330014170343,0.2028261975822632,-0.0721688748780683,0.0120556777644969,0.0120556777644969
BH032,110,747748,1.1000009775161743,0.2080737529684621,4371,1,1,SHELF_NORMAL_Y_POS,-796.8452994616207,-25.01400788112261,1906.475208614068,-2.306347608566284,-74.76619720458984,3.66401743888855,9.768749441718684e-05,-0.0003595848102122,4.624446228262968e-05,0.0,0.0,0.0,0.0,73.91306863458041,0.2082058271396631,-0.0021821233614994,0.0134144949188488,0.0134144949188488
BH032,110,747748,1.1000009775161743,0.2080737529684621,3944,1,1,SHELF_NORMAL_Y_NEG,-289.01923788646684,22.46877624313318,2765.524791385932,-8.735729217529297,-80.5951919555664,-0.1015127822756767,7.496503531001508e-05,-0.0003785236913245,-1.2812122349714627e-06,0.0,0.0,0.0,0.0,76.60203047369478,0.2157803675315346,0.2057356965178115,0.014926498629934,0.014926498629934
BH032,110,747748,1.1000009775161743,0.2080737529684621,3562,1,1,SHELF_NORMAL_Y_NEG,70.98076211353316,28.89403051151763,717.5247913859318,12.323139190673828,-68.03399658203125,-0.0358384512364864,0.0001589012827025,-0.0003482082684058,-4.5233289824864187e-07,0.0,0.0,0.0,0.0,74.95919365360409,0.2111526581791664,-0.4104065324588902,0.0128240934547722,0.0128240934547722
BH032,111,754201,1.1100013256072998,0.2129081835393834,3023,2,1,SHELF_NORMAL_Y_POS,779.9393102292058,-25.04300957874569,1741.5247913859318,4.746752738952637,-74.86865234375,-4.029901027679443,0.0001320749433944,-0.0003703544498421,-5.086248347652145e-05,0.0,0.0,0.0,0.0,77.66562980358249,0.2187764219819225,-0.0206676031412684,0.0142799800648607,0.0142799800648607
BH032,111,754201,1.1100013256072998,0.2129081835393834,3944,2,5,SHELF_NORMAL_Y_NEG,-289.01923788646684,22.63576178657993,2802.4752086140675,-9.027403831481934,-81.4559326171875,0.2112402617931366,7.480043859686702e-05,-0.0003822626022156,2.6661712126951898e-06,0.0,0.0,0.0,0.0,77.33926071285993,0.2178570724305913,0.2106992269278845,0.0152311243716018,0.0152311243716018
BH032,111,754201,1.1100013256072998,0.2129081835393834,3536,1,5,SHELF_NORMAL_Y_POS,160.98076211353316,-21.36871258581148,946.475208614068,-5.385516166687012,-83.3853988647461,-0.2356272339820861,9.529435919830576e-05,-0.0003969452227465,-2.9739676392637197e-06,0.0,0.0,0.0,0.0,80.82834697767171,0.2276854844441456,0.3150570515659641,0.0162936532989864,0.0162936532989864
BH032,111,754201,1.1100013256072998,0.2129081835393834,5009,3,5,SIDE_NORMAL_X_POS,-800.0,24.15470053837925,2637.524791385932,7.49518346786499,-69.609375,2.0262582302093506,0.0001377596490783,-0.0003488292568363,2.557386142143514e-05,0.0,0.0,0.0,0.0,73.72716641145561,0.2076821589055087,-0.0738149502194554,0.0126832300237387,0.0126832300237387
BH032,111,754201,1.1100013256072998,0.2129081835393834,4371,1,1,SHELF_NORMAL_Y_POS,-796.8452994616207,-25.01400788112261,1906.475208614068,-2.987436056137085,-76.67008972167969,3.871368646621704,9.71536646829918e-05,-0.0003678353677969,4.886155147687532e-05,0.0,0.0,0.0,0.0,75.519156028469,0.2127300169816028,-0.002226066307134,0.014050486696284,0.014050486696284
BH032,111,754201,1.1100013256072998,0.2129081835393834,3944,1,1,SHELF_NORMAL_Y_NEG,-289.01923788646684,22.46877624313318,2765.524791385932,-8.962187767028809,-82.4620361328125,-0.100604809820652,7.658437243662775e-05,-0.000387256470276,-1.2697455531451851e-06,0.0,0.0,0.0,0.0,78.36643621634362,0.2207505245530806,0.2106992269278845,0.0156241523900534,0.0156241523900534
BH032,111,754201,1.1100013256072998,0.2129081835393834,3562,1,1,SHELF_NORMAL_Y_NEG,70.98076211353316,28.89403051151763,717.5247913859318,12.621041297912598,-69.5903091430664,-0.0333959683775901,0.0001626127486815,-0.000356194039341,-4.215061437662371e-07,0.0,0.0,0.0,0.0,76.68381394774535,0.2160107435147756,-0.4203881103423736,0.013419897934362,0.013419897934362
BH032,112,760653,1.1200001239776611,0.2177663272760303,3023,2,1,SHELF_NORMAL_Y_POS,779.9393102292058,-25.04300957874569,1741.5247913859318,4.814806938171387,-76.56832122802734,-4.162107467651367,0.0001348796649836,-0.0003787021851167,-5.253150447970256e-05,0.0,0.0,0.0,0.0,79.41360891900031,0.2237003068140853,-0.0209699401104259,0.0149323039309718,0.0149323039309718
BH032,112,760653,1.1200001239776611,0.2177663272760303,3944,2,5,SHELF_NORMAL_Y_NEG,-289.01923788646684,22.63576178657993,2802.4752086140675,-9.240272521972656,-83.35139465332031,0.2097672820091247,7.652839121874422e-05,-0.0003911558596882,2.6475747745280387e-06,0.0,0.0,0.0,0.0,79.13772824758433,0.2229231781622093,0.2157094124226888,0.0159481620370424,0.0159481620370424
BH032,112,760653,1.1200001239776611,0.2177663272760303,3536,1,5,SHELF_NORMAL_Y_POS,160.98076211353316,-21.36871258581148,946.475208614068,-5.545279026031494,-85.3276596069336,-0.2260371446609497,9.734785999171436e-05,-0.0004061419458594,-2.8529368591989623e-06,0.0,0.0,0.0,0.0,82.69550901159559,0.2329450958073115,0.3228400588692316,0.0170582154236369,0.0170582154236369
BH032,112,760653,1.1200001239776611,0.2177663272760303,5009,3,5,SIDE_NORMAL_X_POS,-800.0,24.15470053837925,2637.524791385932,7.459292888641357,-70.99301147460938,2.226204872131348,0.0001396007137373,-0.0003554925206117,2.809733632602729e-05,0.0,0.0,0.0,0.0,75.10042848523865,0.2115505027753201,-0.0754955999789191,0.0131708020589457,0.0131708020589457
BH032,112,760653,1.1200001239776611,0.2177663272760303,4371,1,1,SHELF_NORMAL_Y_POS,-796.8452994616207,-25.01400788112261,1906.475208614068,-2.5488386154174805,-78.1450424194336,3.4936294555664062,0.0001014308218145,-0.0003756360092666,4.409376560943201e-05,0.0,0.0,0.0,0.0,77.14001213131117,0.2172958088205948,-0.002259977163049,0.0146249216302774,0.0146249216302774
BH032,112,760653,1.1200001239776611,0.2177663272760303,3944,1,1,SHELF_NORMAL_Y_NEG,-289.01923788646684,22.46877624313318,2765.524791385932,-9.195839881896973,-84.38140106201172,-0.1060985699295997,7.824453496141359e-05,-0.0003962321206927,-1.3390812227953577e-06,0.0,0.0,0.0,0.0,80.18017357093206,0.2258596438617804,0.2157094124226888,0.0163578634496076,0.0163578634496076
BH032,112,760653,1.1200001239776611,0.2177663272760303,3562,1,1,SHELF_NORMAL_Y_NEG,70.98076211353316,28.89403051151763,717.5247913859318,12.949925422668455,-71.15160369873047,-0.0321822986006736,0.0001664822193561,-0.0003642516094259,-4.061890876982943e-07,0.0,0.0,0.0,0.0,78.43253372202584,0.2209367147099319,-0.4305973994416002,0.0140363841143879,0.0140363841143879
BH032,113,767106,1.1300004720687866,0.2226996489068041,3023,2,1,SHELF_NORMAL_Y_POS,779.9393102292058,-25.04300957874569,1741.5247913859318,4.933443069458008,-78.37015533447266,-4.26752519607544,0.0001380797475576,-0.0003876204427797,-5.386221164371818e-05,0.0,0.0,0.0,0.0,81.286469484494,0.2289759703788563,-0.0213057245113912,0.0156443986752628,0.0156443986752628
BH032,113,767106,1.1300004720687866,0.2226996489068041,3944,2,5,SHELF_NORMAL_Y_NEG,-289.01923788646684,22.63576178657993,2802.4752086140675,-9.447693824768066,-85.22830200195312,0.2252170294523239,7.825436478015035e-05,-0.0003999644832219,2.842577941919444e-06,0.0,0.0,0.0,0.0,80.92010656415644,0.2279439621525533,0.2207614311781039,0.0166745434109581,0.0166745434109581
BH032,113,767106,1.1300004720687866,0.2226996489068041,3536,1,5,SHELF_NORMAL_Y_POS,160.98076211353316,-21.36871258581148,946.475208614068,-5.678286552429199,-87.26445770263672,-0.2385378181934356,9.952171240001916e-05,-0.0004153483896516,-3.010724867635872e-06,0.0,0.0,0.0,0.0,84.56941894385338,0.2382237153347982,0.330546765526154,0.0178405415783799,0.0178405415783799
BH032,113,767106,1.1300004720687866,0.2226996489068041,5009,3,5,SIDE_NORMAL_X_POS,-800.0,24.15470053837925,2637.524791385932,8.509865760803223,-72.60684967041016,2.1266191005706787,0.0001470506249461,-0.0003648564452305,2.6840456484933384e-05,0.0,0.0,0.0,0.0,77.30209896720254,0.2177523914569085,-0.0771514188167484,0.0138998878596039,0.0138998878596039
BH032,113,767106,1.1300004720687866,0.2226996489068041,4371,1,1,SHELF_NORMAL_Y_POS,-796.8452994616207,-25.01400788112261,1906.475208614068,-3.1287918090820312,-80.22282409667969,3.92266845703125,0.0001016409150906,-0.0003848762426059,4.9508875235915184e-05,0.0,0.0,0.0,0.0,78.99779941724728,0.2225290124429501,-0.0023085634475198,0.0153760877320203,0.0153760877320203
BH032,113,767106,1.1300004720687866,0.2226996489068041,3944,1,1,SHELF_NORMAL_Y_NEG,-289.01923788646684,22.46877624313318,2765.524791385932,-9.397353172302246,-86.28775024414062,-0.1034561097621917,8.004302071640268e-05,-0.0004051935975439,-1.3057241403657829e-06,0.0,0.0,0.0,0.0,81.99415671163716,0.2309694555257384,0.2207614311781039,0.0171058757266978,0.0171058757266978
BH032,113,767106,1.1300004720687866,0.2226996489068041,3562,1,1,SHELF_NORMAL_Y_NEG,70.98076211353316,28.89403051151763,717.5247913859318,13.253446578979492,-72.78102111816406,-0.0350157245993614,0.000170328101376,-0.0003726023714989,-4.4195209625286235e-07,0.0,0.0,0.0,0.0,80.23299779318096,0.2260084444878337,-0.4409679458150687,0.0146877394477952,0.0146877394477952
BH032,114,773559,1.140000820159912,0.2277493344046171,3023,2,1,SHELF_NORMAL_Y_POS,779.9393102292058,-25.04300957874569,1741.5247913859318,5.007997989654541,-80.12754821777344,-4.349753379821777,0.0001410010445397,-0.000396259361878,-5.490014882525429e-05,0.0,0.0,0.0,0.0,83.08756640462134,0.2340494828299192,-0.0216255393352737,0.0163480123247773,0.0163480123247773
BH032,114,773559,1.140000820159912,0.2277493344046171,3944,2,5,SHELF_NORMAL_Y_NEG,-289.01923788646684,22.63576178657993,2802.4752086140675,-9.634088516235352,-87.15617370605469,0.2110185623168945,8.015646017156541e-05,-0.0004090503498446,2.6633799734554486e-06,0.0,0.0,0.0,0.0,82.76157061643434,0.2331311848350263,0.2259870400088332,0.0174394747372838,0.0174394747372838
BH032,114,773559,1.140000820159912,0.2277493344046171,3536,1,5,SHELF_NORMAL_Y_POS,160.98076211353316,-21.36871258581148,946.475208614068,-5.8253092765808105,-89.20450592041016,-0.2476517111063003,0.0001016334863379,-0.0004245519230607,-3.125757075395086e-06,0.0,0.0,0.0,0.0,86.44025834604717,0.243493685481823,0.3383757476226086,0.0186404991714979,0.0186404991714979
BH032,114,773559,1.140000820159912,0.2277493344046171,5009,3,5,SIDE_NORMAL_X_POS,-800.0,24.15470053837925,2637.524791385932,8.603821754455566,-74.0656509399414,2.2523229122161865,0.0001496304757893,-0.0003720751265063,2.8427031793398783e-05,0.0,0.0,0.0,0.0,78.81759278395495,0.2220213881238167,-0.0788549008796698,0.0144548327632465,0.0144548327632465
BH032,114,773559,1.140000820159912,0.2277493344046171,4371,1,1,SHELF_NORMAL_Y_POS,-796.8452994616207,-25.01400788112261,1906.475208614068,-2.359790802001953,-81.68077087402344,3.8570396900177,0.0001074974206858,-0.0003930721723008,4.8680438339943066e-05,0.0,0.0,0.0,0.0,80.80345089726116,0.2276153546401722,-0.0023545338386341,0.0160202698078045,0.0160202698078045
BH032,114,773559,1.140000820159912,0.2277493344046171,3944,1,1,SHELF_NORMAL_Y_NEG,-289.01923788646684,22.46877624313318,2765.524791385932,-9.603963851928713,-88.26008605957031,-0.1254528909921646,8.19122142274864e-05,-0.00041446564137,-1.5833537645448814e-06,0.0,0.0,0.0,0.0,83.87180367746514,0.2362586019083525,0.2259870400088332,0.0178973679603734,0.0178973679603734
BH032,114,773559,1.140000820159912,0.2277493344046171,3562,1,1,SHELF_NORMAL_Y_NEG,70.98076211353316,28.89403051151763,717.5247913859318,13.571297645568848,-74.4137954711914,-0.0334311835467815,0.0001742491294862,-0.0003809930640272,-4.219534730509622e-07,0.0,0.0,0.0,0.0,82.04564702908407,0.2311144986734762,-0.4511997650052011,0.0153578557960405,0.0153578557960405
BH032,115,780012,1.1500011682510376,0.2327782259298955,3023,2,1,SHELF_NORMAL_Y_POS,779.9393102292058,-25.04300957874569,1741.5247913859318,5.045838832855225,-81.94366455078125,-4.443756103515625,0.0001438290200894,-0.0004051301220897,-5.6086799304466695e-05,0.0,0.0,0.0,0.0,84.92902966099109,0.2392367032703974,-0.0219513169317128,0.0170862882132614,0.0170862882132614
BH032,115,780012,1.1500011682510376,0.2327782259298955,3944,2,5,SHELF_NORMAL_Y_NEG,-289.01923788646684,22.63576178657993,2802.4752086140675,-9.889695167541504,-89.095703125,0.2142831534147262,8.174074173439294e-05,-0.0004180947726126,2.704592588997912e-06,0.0,0.0,0.0,0.0,84.5863983924751,0.2382715447675355,0.2313473010666865,0.0182210533506149,0.0182210533506149
BH032,115,780012,1.1500011682510376,0.2327782259298955,3536,1,5,SHELF_NORMAL_Y_POS,160.98076211353316,-21.36871258581148,946.475208614068,-5.9546637535095215,-91.20645904541016,-0.2604510486125946,0.0001039211565512,-0.000434083136497,-3.2873035706870724e-06,0.0,0.0,0.0,0.0,88.38085709304903,0.2489601608254902,0.3465466055355849,0.0194868422649082,0.0194868422649082
BH032,115,780012,1.1500011682510376,0.2327782259298955,5009,3,5,SIDE_NORMAL_X_POS,-800.0,24.15470053837925,2637.524791385932,9.183156967163086,-75.55607604980469,2.316242218017578,0.0001546134008094,-0.0003801548446062,2.9233704481157478e-05,0.0,0.0,0.0,0.0,80.64111383254372,0.2271580671339259,-0.0805772720264031,0.0151054483490237,0.0151054483490237
BH032,115,780012,1.1500011682510376,0.2327782259298955,4371,1,1,SHELF_NORMAL_Y_POS,-796.8452994616207,-25.01400788112261,1906.475208614068,-1.362912654876709,-83.27743530273438,3.829114198684693,0.0001146620270446,-0.0004022766952402,4.832816557609476e-05,0.0,0.0,0.0,0.0,82.87023131200893,0.2334372713014336,-0.0024117487323265,0.0167647629964029,0.0167647629964029
BH032,115,780012,1.1500011682510376,0.2327782259298955,3944,1,1,SHELF_NORMAL_Y_NEG,-289.01923788646684,22.46877624313318,2765.524791385932,-9.848289489746094,-90.21868896484376,-0.1254748702049255,8.357888145837933e-05,-0.0004236179811414,-1.5836227476029308e-06,0.0,0.0,0.0,0.0,85.7201732961797,0.241465276890647,0.2313473010666865,0.0186979172124209,0.0186979172124209
BH032,115,780012,1.1500011682510376,0.2327782259298955,3562,1,1,SHELF_NORMAL_Y_NEG,70.98076211353316,28.89403051151763,717.5247913859318,13.934789657592772,-76.0158920288086,-0.0450809672474861,0.0001783465704647,-0.0003892983950208,-5.689873319170147e-07,0.0,0.0,0.0,0.0,83.85622079889717,0.2362147064757666,-0.4621628520321072,0.0160388920517299,0.0160388920517299
BH032,116,786464,1.159999966621399,0.2378992065869993,3023,2,1,SHELF_NORMAL_Y_POS,779.9393102292058,-25.04300957874569,1741.5247913859318,5.228554248809815,-83.6937484741211,-4.515496253967285,0.000147264188854,-0.0004138913645874,-5.6992277677636594e-05,0.0,0.0,0.0,0.0,86.77988094382336,0.2444503688558404,-0.0223062475858192,0.0178335806405347,0.0178335806405347
BH032,116,786464,1.159999966621399,0.2378992065869993,3944,2,5,SHELF_NORMAL_Y_NEG,-289.01923788646684,22.63576178657993,2802.4752086140675,-10.085980415344238,-91.1016082763672,0.2036463767290115,8.37097832118161e-05,-0.0004275490355212,2.5703418486955343e-06,0.0,0.0,0.0,0.0,86.50147634657934,0.2436661305537446,0.2369830036103457,0.0190531658829596,0.0190531658829596
BH032,116,786464,1.159999966621399,0.2378992065869993,3536,1,5,SHELF_NORMAL_Y_POS,160.98076211353316,-21.36871258581148,946.475208614068,-6.109368801116943,-93.21940612792967,-0.2674298882484436,0.0001061017246684,-0.0004436293966136,-3.375382220838219e-06,0.0,0.0,0.0,0.0,90.3210102399808,0.2544253809576924,0.354998972448638,0.0203540109497935,0.0203540109497935
BH032,116,786464,1.159999966621399,0.2378992065869993,5009,3,5,SIDE_NORMAL_X_POS,-800.0,24.15470053837925,2637.524791385932,9.24905014038086,-77.2650375366211,2.328016996383667,0.0001574226043885,-0.0003885492333211,2.938237776106689e-05,0.0,0.0,0.0,0.0,82.37911233872163,0.2320538375738637,-0.0823413831868568,0.0157731129450421,0.0157731129450421
BH032,116,786464,1.159999966621399,0.2378992065869993,4371,1,1,SHELF_NORMAL_Y_POS,-796.8452994616207,-25.01400788112261,1906.475208614068,-1.6786983013153076,-85.3462905883789,4.3500657081604,0.0001161433538072,-0.0004118639044463,5.490326293511316e-05,0.0,0.0,0.0,0.0,84.85461618052679,0.2390270878324698,-0.0024427890403439,0.017597723199932,0.017597723199932
BH032,116,786464,1.159999966621399,0.2378992065869993,3944,1,1,SHELF_NORMAL_Y_NEG,-289.01923788646684,22.46877624313318,2765.524791385932,-10.047733306884766,-92.23921966552734,-0.1417409181594848,8.555278327548876e-05,-0.0004331349628046,-1.7889215087052437e-06,0.0,0.0,0.0,0.0,87.64870667009839,0.2468977652678828,0.2369830036103457,0.0195465424690622,0.0195465424690622
BH032,116,786464,1.159999966621399,0.2378992065869993,3562,1,1,SHELF_NORMAL_Y_NEG,70.98076211353316,28.89403051151763,717.5247913859318,14.253487586975098,-77.68939208984375,-0.043602492660284,0.0001823301136028,-0.0003978866443503,-5.50329900761426e-07,0.0,0.0,0.0,0.0,85.70970797410209,0.2414357971101467,-0.4732201138188592,0.0167550584260261,0.0167550584260261
BH032,117,792917,1.1700003147125244,0.2430485981576775,3023,2,1,SHELF_NORMAL_Y_POS,779.9393102292058,-25.04300957874569,1741.5247913859318,5.265706062316895,-85.58465576171875,-4.625365734100342,0.000150198364281,-0.0004231272323522,-5.837887511006557e-05,0.0,0.0,0.0,0.0,88.6978389105111,0.2498530673535524,-0.0226634476509672,0.0186370265718471,0.0186370265718471
BH032,117,792917,1.1700003147125244,0.2430485981576775,3944,2,5,SHELF_NORMAL_Y_NEG,-289.01923788646684,22.63576178657993,2802.4752086140675,-10.329572677612305,-93.11408233642578,0.2017027884721756,8.545804303139448e-05,-0.0004369641828816,2.545812094467692e-06,0.0,0.0,0.0,0.0,88.40376560021694,0.249024691831597,0.2426718028823743,0.019902517987688,0.019902517987688
BH032,117,792917,1.1700003147125244,0.2430485981576775,3536,1,5,SHELF_NORMAL_Y_POS,160.98076211353316,-21.36871258581148,946.475208614068,-6.281497955322266,-95.3055191040039,-0.2790464162826538,0.0001083040624507,-0.0004535053158178,-3.521994358379743e-06,0.0,0.0,0.0,0.0,92.32643914703397,0.2600744764705182,0.3634188327984098,0.0212713451879832,0.0212713451879832
BH032,117,792917,1.1700003147125244,0.2430485981576775,5009,3,5,SIDE_NORMAL_X_POS,-800.0,24.15470053837925,2637.524791385932,7.635715007781982,-79.4991226196289,2.182126045227051,0.0001528445718577,-0.0003970453108195,2.7541018425836228e-05,0.0,0.0,0.0,0.0,83.66440286582362,0.2356743742699256,-0.0840695639236117,0.0163962629648688,0.0163962629648688
BH032,117,792917,1.1700003147125244,0.2430485981576775,4371,1,1,SHELF_NORMAL_Y_POS,-796.8452994616207,-25.01400788112261,1906.475208614068,-0.0712821558117866,-86.7083511352539,4.27105712890625,0.0001259301352547,-0.0004208180471323,5.390604565036483e-05,0.0,0.0,0.0,0.0,86.98786275417716,0.2450362331103582,-0.0024938799026017,0.0183551744476305,0.0183551744476305
BH032,117,792917,1.1700003147125244,0.2430485981576775,3944,1,1,SHELF_NORMAL_Y_NEG,-289.01923788646684,22.46877624313318,2765.524791385932,-10.305813789367676,-94.29391479492188,-0.165883183479309,8.729243563720956e-05,-0.0004427335807122,-2.0936329292453597e-06,0.0,0.0,0.0,0.0,89.58715973596789,0.2523581964393461,0.2426718028823743,0.0204241248293674,0.0204241248293674
BH032,117,792917,1.1700003147125244,0.2430485981576775,3562,1,1,SHELF_NORMAL_Y_NEG,70.98076211353316,28.89403051151763,717.5247913859318,14.615983963012695,-79.39336395263672,-0.0322832725942134,0.0001865707745309,-0.0004066861583851,-4.074653645602666e-07,0.0,0.0,0.0,0.0,87.62047984263334,0.2468182530778404,-0.484456668834234,0.0175073845362108,0.0175073845362108
BH032,118,799370,1.18000066280365,0.2482923030902549,3023,2,1,SHELF_NORMAL_Y_POS,779.9393102292058,-25.04300957874569,1741.5247913859318,5.442043304443359,-87.41558074951172,-4.744522571563721,0.0001537210337119,-0.0004322710155975,-5.98827245994471e-05,0.0,0.0,0.0,0.0,90.63305386182228,0.2553043770755557,-0.0230056877916611,0.0194538678351755,0.0194538678351755
BH032,118,799370,1.18000066280365,0.2482923030902549,3944,2,5,SHELF_NORMAL_Y_NEG,-289.01923788646684,22.63576178657993,2802.4752086140675,-10.589816093444824,-95.1753158569336,0.1917924731969833,8.71968804858625e-05,-0.0004465932433959,2.420729060759186e-06,0.0,0.0,0.0,0.0,90.34769623436966,0.2545005527728723,0.2486639610007952,0.0207908272382461,0.0207908272382461
BH032,118,799370,1.18000066280365,0.2482923030902549,3536,1,5,SHELF_NORMAL_Y_POS,160.98076211353316,-21.36871258581148,946.475208614068,-6.438736438751221,-97.3935317993164,-0.2753379344940185,0.0001105818955693,-0.0004634145007003,-3.4751806197164115e-06,0.0,0.0,0.0,0.0,94.34030694306512,0.2657473435015918,0.3723238404322321,0.0222116024759727,0.0222116024759727
BH032,118,799370,1.18000066280365,0.2482923030902549,5009,3,5,SIDE_NORMAL_X_POS,-800.0,24.15470053837925,2637.524791385932,9.35915184020996,-80.62275695800781,2.3018181324005127,0.0001628476893529,-0.0004050103016197,2.905172004830092e-05,0.0,0.0,0.0,0.0,85.77924216830309,0.241631668079727,-0.0858418725850865,0.0171223487618758,0.0171223487618758
BH032,118,799370,1.18000066280365,0.2482923030902549,4371,1,1,SHELF_NORMAL_Y_POS,-796.8452994616207,-25.01400788112261,1906.475208614068,-0.8870269656181335,-88.69023132324219,4.071904182434082,0.000124856698676,-0.0004292524827178,5.139254790265113e-05,0.0,0.0,0.0,0.0,88.53143245904299,0.2493843167860366,-0.0025505153375926,0.0190849128165692,0.0190849128165692
BH032,118,799370,1.18000066280365,0.2482923030902549,3944,1,1,SHELF_NORMAL_Y_NEG,-289.01923788646684,22.46877624313318,2765.524791385932,-10.57840347290039,-96.36451721191406,-0.1815050542354583,8.898529631551355e-05,-0.0004523884272202,-2.290801148774335e-06,0.0,0.0,0.0,0.0,91.53545152691392,0.257846342329335,0.2486639610007952,0.0213268809395141,0.0213268809395141
BH032,118,799370,1.18000066280365,0.2482923030902549,3562,1,1,SHELF_NORMAL_Y_NEG,70.98076211353316,28.89403051151763,717.5247913859318,14.968233108520508,-81.06362915039062,-0.0388597473502159,0.0001907127880258,-0.0004153045301791,-4.904678689854336e-07,0.0,0.0,0.0,0.0,89.49158508713916,0.2520889720764483,-0.4961447753293322,0.0182600860230063,0.0182600860230063
BH032,119,805823,1.1900010108947754,0.2535523729317561,3023,2,1,SHELF_NORMAL_Y_POS,779.9393102292058,-25.04300957874569,1741.5247913859318,5.446094989776611,-89.3715591430664,-4.821911811828613,0.0001565890852361,-0.0004417713789734,-6.0859434597659856e-05,0.0,0.0,0.0,0.0,92.59273208703274,0.2608245974282612,-0.0233707106230582,0.0203139205558063,0.0203139205558063
BH032,119,805823,1.1900010108947754,0.2535523729317561,3944,2,5,SHELF_NORMAL_Y_NEG,-289.01923788646684,22.63576178657993,2802.4752086140675,-10.827543258666992,-97.21510314941406,0.2010749280452728,8.901357796275988e-05,-0.0004561500973068,2.537884711273364e-06,0.0,0.0,0.0,0.0,92.27964310726138,0.2599426566401729,0.254729263485059,0.0216907192114617,0.0216907192114617
BH032,119,805823,1.1900010108947754,0.2535523729317561,3536,1,5,SHELF_NORMAL_Y_POS,160.98076211353316,-21.36871258581148,946.475208614068,-6.6200852394104,-99.51905822753906,-0.2830285727977752,0.0001127967989305,-0.0004734680987894,-3.5722343909583287e-06,0.0,0.0,0.0,0.0,96.38093248241726,0.2714955844575134,0.3813010807416165,0.0231870219287889,0.0231870219287889
BH032,119,805823,1.1900010108947754,0.2535523729317561,5009,3,5,SIDE_NORMAL_X_POS,-800.0,24.15470053837925,2637.524791385932,8.457524299621582,-82.8250732421875,2.51861310005188,0.0001616781228221,-0.0004143878468312,3.178794213454239e-05,0.0,0.0,0.0,0.0,87.47026797866468,0.246395121066661,-0.0876300826476561,0.0178849085823858,0.0178849085823858
BH032,119,805823,1.1900010108947754,0.2535523729317561,4371,1,1,SHELF_NORMAL_Y_POS,-796.8452994616207,-25.01400788112261,1906.475208614068,-0.2790984213352203,-90.50129699707033,3.9972002506256095,0.0001304449688177,-0.0004389294772408,5.04493473272305e-05,0.0,0.0,0.0,0.0,90.62690943914426,0.2552870688426599,-0.0025944019004719,0.019944884744991,0.019944884744991
BH032,119,805823,1.1900010108947754,0.2535523729317561,3944,1,1,SHELF_NORMAL_Y_NEG,-289.01923788646684,22.46877624313318,2765.524791385932,-10.83995246887207,-98.46652221679688,-0.1792584955692291,9.077697177417576e-05,-0.0004622143169399,-2.262450607304345e-06,0.0,0.0,0.0,0.0,93.519434061685,0.2634350255258732,0.254729263485059,0.0222648959984619,0.0222648959984619
BH032,119,805823,1.1900010108947754,0.2535523729317561,3562,1,1,SHELF_NORMAL_Y_NEG,70.98076211353316,28.89403051151763,717.5247913859318,15.328715324401855,-82.79715728759766,-0.0376554019749164,0.0001949861616594,-0.0004242419963702,-4.752675408781215e-07,0.0,0.0,0.0,0.0,91.43039470505931,0.2575504076198854,-0.5078632509492969,0.0190570557768249,0.0190570557768249
BH032,120,812276,1.2000013589859009,0.2589022640282859,3023,2,1,SHELF_NORMAL_Y_POS,779.9393102292058,-25.04300957874569,1741.5247913859318,5.590786457061768,-91.20787048339844,-4.973524570465088,0.0001599658571649,-0.0004508960701059,-6.277312058955431e-05,0.0,0.0,0.0,0.0,94.521236229537,0.2662570034634845,-0.023763667047754,0.02116578899682,0.02116578899682
BH032,120,812276,1.2000013589859009,0.2589022640282859,3944,2,5,SHELF_NORMAL_Y_NEG,-289.01923788646684,22.63576178657993,2802.4752086140675,-11.05893611907959,-99.28697967529295,0.1839053183794021,9.09078007680364e-05,-0.000465871853521,2.321186457265867e-06,0.0,0.0,0.0,0.0,94.24594155156436,0.2654815254973644,0.2609434880008547,0.0226251233539241,0.0226251233539241
BH032,120,812276,1.2000013589859009,0.2589022640282859,3536,1,5,SHELF_NORMAL_Y_POS,160.98076211353316,-21.36871258581148,946.475208614068,-6.779703140258789,-101.65898895263672,-0.2759063243865967,0.000115138151159,-0.0004836225125472,-3.4823301575670484e-06,0.0,0.0,0.0,0.0,98.44554340245236,0.277311389866063,0.3905463416398579,0.0241927454494641,0.0241927454494641
BH032,120,812276,1.2000013589859009,0.2589022640282859,5009,3,5,SIDE_NORMAL_X_POS,-800.0,24.15470053837925,2637.524791385932,8.689167022705078,-84.39370727539062,2.193919897079468,0.0001650862104725,-0.0004223383730277,2.7689788112184036e-05,0.0,0.0,0.0,0.0,89.13781645832671,0.2510924407276809,-0.0893844987404399,0.0185692210800477,0.0185692210800477
BH032,120,812276,1.2000013589859009,0.2589022640282859,4371,1,1,SHELF_NORMAL_Y_POS,-796.8452994616207,-25.01400788112261,1906.475208614068,-0.4730989038944244,-92.4866714477539,4.432078361511231,0.0001323945907643,-0.0004482849035412,5.593794776359573e-05,0.0,0.0,0.0,0.0,92.56988079812244,0.2607602276003448,-0.0026450711857346,0.02082326704411,0.02082326704411
BH032,120,812276,1.2000013589859009,0.2589022640282859,3944,1,1,SHELF_NORMAL_Y_NEG,-289.01923788646684,22.46877624313318,2765.524791385932,-11.079849243164062,-100.5734405517578,-0.2060881108045578,9.268021676689386e-05,-0.0004720918368548,-2.601071400931687e-06,0.0,0.0,0.0,0.0,95.51737465727192,0.2690630272035829,0.2609434880008547,0.0232271280386643,0.0232271280386643
BH032,120,812276,1.2000013589859009,0.2589022640282859,3562,1,1,SHELF_NORMAL_Y_NEG,70.98076211353316,28.89403051151763,717.5247913859318,15.725759506225586,-84.48942565917969,-0.043254729360342,0.0001993781916098,-0.0004330342635512,-5.459389171846851e-07,0.0,0.0,0.0,0.0,93.35110369950596,0.2629608554915661,-0.520054839356168,0.0198606510585555,0.0198606510585555
BH032,121,818728,1.2100001573562622,0.2642714720820283,3023,2,1,SHELF_NORMAL_Y_POS,779.9393102292058,-25.04300957874569,1741.5247913859318,5.804749965667725,-93.1363754272461,-5.067643642425537,0.0001638127723708,-0.0004605703870765,-6.396095704985783e-05,0.0,0.0,0.0,0.0,96.56995370306656,0.2720280386001875,-0.024176511452047,0.0220853697986451,0.0220853697986451
BH032,121,818728,1.2100001573562622,0.2642714720820283,3944,2,5,SHELF_NORMAL_Y_NEG,-289.01923788646684,22.63576178657993,2802.4752086140675,-11.323467254638672,-101.38711547851562,0.1860326528549194,9.268199937650934e-05,-0.0004756811249535,2.3480408799514407e-06,0.0,0.0,0.0,0.0,96.22691015511866,0.2710617187468131,0.2672416202038388,0.0235895092003491,0.0235895092003491
BH032,121,818728,1.2100001573562622,0.2642714720820283,3536,1,5,SHELF_NORMAL_Y_POS,160.98076211353316,-21.36871258581148,946.475208614068,-6.932461261749268,-103.7712860107422,-0.2917330861091614,0.000117473064165,-0.000493653002195,-3.682084525280516e-06,0.0,0.0,0.0,0.0,100.48583842362132,0.2830586997848487,0.399953580761073,0.0252070874652543,0.0252070874652543
BH032,121,818728,1.2100001573562622,0.2642714720820283,5009,3,5,SIDE_NORMAL_X_POS,-800.0,24.15470053837925,2637.524791385932,9.783318519592283,-86.00344848632812,2.4518518447875977,0.000172741827555,-0.0004317462153267,3.0945229809731245e-05,0.0,0.0,0.0,0.0,91.38785660867504,0.2574305819962677,-0.0911825864098977,0.0194490392683189,0.0194490392683189
BH032,121,818728,1.2100001573562622,0.2642714720820283,4371,1,1,SHELF_NORMAL_Y_POS,-796.8452994616207,-25.01400788112261,1906.475208614068,0.2485730946063995,-94.11019897460938,4.565393447875977,0.0001382625778205,-0.0004572158213704,5.762080036220141e-05,0.0,0.0,0.0,0.0,94.56591909889524,0.2663828707011133,-0.0027072636338796,0.0216634353517106,0.0216634353517106
BH032,121,818728,1.2100001573562622,0.2642714720820283,3944,1,1,SHELF_NORMAL_Y_NEG,-289.01923788646684,22.46877624313318,2765.524791385932,-11.3423490524292,-102.69898986816406,-0.2144374847412109,9.450165089219809e-05,-0.0004820284666493,-2.7064593268733006e-06,0.0,0.0,0.0,0.0,97.524466478194,0.2747168069808282,0.2672416202038388,0.0242166669434664,0.0242166669434664
BH032,121,818728,1.2100001573562622,0.2642714720820283,3562,1,1,SHELF_NORMAL_Y_NEG,70.98076211353316,28.89403051151763,717.5247913859318,16.070125579833984,-86.25719451904297,-0.0416087508201599,0.0002036250225501,-0.0004421184421516,-5.251663424132857e-07,0.0,0.0,0.0,0.0,95.31380636821338,0.268489595403418,-0.532293482385077,0.0207036945796274,0.0207036945796274
BH032,122,825181,1.2200005054473877,0.2696872877798637,3023,2,1,SHELF_NORMAL_Y_POS,779.9393102292058,-25.04300957874569,1741.5247913859318,5.841615200042725,-95.0865478515625,-5.213358402252197,0.0001668313780101,-0.0004700894642155,-6.58006320009008e-05,0.0,0.0,0.0,0.0,98.55238399558446,0.2776123492833365,-0.0245478355202785,0.0230082545794022,0.0230082545794022
BH032,122,825181,1.2200005054473877,0.2696872877798637,3944,2,5,SHELF_NORMAL_Y_NEG,-289.01923788646684,22.63576178657993,2802.4752086140675,-11.57638931274414,-103.5332260131836,0.1790181994438171,9.457924898015337e-05,-0.0004857289313804,2.2595129394176183e-06,0.0,0.0,0.0,0.0,98.25831715244988,0.276783991978732,0.2735874676478154,0.0245972703482395,0.0245972703482395
BH032,122,825181,1.2200005054473877,0.2696872877798637,3536,1,5,SHELF_NORMAL_Y_POS,160.98076211353316,-21.36871258581148,946.475208614068,-7.105334281921387,-105.95987701416016,-0.2921029925346374,0.0001198209502035,-0.0005040270043537,-3.6867454582534265e-06,0.0,0.0,0.0,0.0,102.593162237703,0.2889948232047972,0.4095874159088881,0.0262784965884438,0.0262784965884438
BH032,122,825181,1.2200005054473877,0.2696872877798637,5009,3,5,SIDE_NORMAL_X_POS,-800.0,24.15470053837925,2637.524791385932,10.121249198913574,-87.97280883789062,2.7989652156829834,0.0001772502291714,-0.0004417973395902,3.532602568157017e-05,0.0,0.0,0.0,0.0,93.57110729272708,0.2635805839231748,-0.093055820632684,0.020379749783412,0.020379749783412
BH032,122,825181,1.2200005054473877,0.2696872877798637,4371,1,1,SHELF_NORMAL_Y_POS,-796.8452994616207,-25.01400788112261,1906.475208614068,0.1482044756412506,-96.01534271240234,4.928542613983154,0.0001405496586812,-0.0004663173458538,6.220400973688811e-05,0.0,0.0,0.0,0.0,96.46797137475434,0.2717407644359277,-0.0027689078203417,0.0225508761305926,0.0225508761305926
BH032,122,825181,1.2200005054473877,0.2696872877798637,3944,1,1,SHELF_NORMAL_Y_NEG,-289.01923788646684,22.46877624313318,2765.524791385932,-11.626843452453612,-104.86724090576172,-0.2236806005239486,9.627765393815936e-05,-0.0004921391955576,-2.823124304995872e-06,0.0,0.0,0.0,0.0,99.56503808860845,0.2804648960242491,0.2735874676478154,0.0252456349952996,0.0252456349952996
BH032,122,825181,1.2200005054473877,0.2696872877798637,3562,1,1,SHELF_NORMAL_Y_NEG,70.98076211353316,28.89403051151763,717.5247913859318,16.465417861938477,-87.99292755126953,-0.0427347831428051,0.0002080716076306,-0.0004511210718192,-5.393799824560119e-07,0.0,0.0,0.0,0.0,97.27646726841604,0.2740182176575099,-0.5446796773911524,0.0215603703222776,0.0215603703222776
BH032,123,831634,1.2300008535385132,0.2751893478342386,3023,2,1,SHELF_NORMAL_Y_POS,779.9393102292058,-25.04300957874569,1741.5247913859318,5.87722635269165,-97.03079986572266,-5.327873706817627,0.0001698355481494,-0.000479579612147,-6.72458772896789e-05,0.0,0.0,0.0,0.0,100.5233734058088,0.2831644321290388,-0.0249868788070966,0.0239450801588075,0.0239450801588075
BH032,123,831634,1.2300008535385132,0.2751893478342386,3944,2,5,SHELF_NORMAL_Y_NEG,-289.01923788646684,22.63576178657993,2802.4752086140675,-11.844819068908691,-105.67430114746094,0.1693951934576034,9.639470954425632e-05,-0.0004957325290888,2.1380528778536245e-06,0.0,0.0,0.0,0.0,100.2783664039712,0.2824742715604822,0.2803067131397988,0.025622402748563,0.025622402748563
BH032,123,831634,1.2300008535385132,0.2751893478342386,3536,1,5,SHELF_NORMAL_Y_POS,160.98076211353316,-21.36871258581148,946.475208614068,-7.3145647048950195,-108.1671905517578,-0.3078823089599609,0.0001220200574607,-0.0005144408205524,-3.885904334310908e-06,0.0,0.0,0.0,0.0,104.70306790630994,0.2949382194543942,0.4195564886447548,0.0273776578702744,0.0273776578702744
BH032,123,831634,1.2300008535385132,0.2751893478342386,5009,3,5,SIDE_NORMAL_X_POS,-800.0,24.15470053837925,2637.524791385932,9.93401050567627,-89.68313598632812,2.777118682861328,0.0001788320514606,-0.0004498272610362,3.505038330331445e-05,0.0,0.0,0.0,0.0,95.16196627159076,0.2680618768213824,-0.0948984813990372,0.021108133357176,0.021108133357176
BH032,123,831634,1.2300008535385132,0.2751893478342386,4371,1,1,SHELF_NORMAL_Y_POS,-796.8452994616207,-25.01400788112261,1906.475208614068,0.7635318040847778,-97.87783813476562,4.548055171966553,0.0001462484797229,-0.0004762530443258,5.740151391364634e-05,0.0,0.0,0.0,0.0,98.57708373970056,0.2776819260273255,-0.0028125122670701,0.0234939645893427,0.0234939645893427
BH032,123,831634,1.2300008535385132,0.2751893478342386,3944,1,1,SHELF_NORMAL_Y_NEG,-289.01923788646684,22.46877624313318,2765.524791385932,-11.85591983795166,-107.02886199951172,-0.2412013858556747,9.831381612457336e-05,-0.0005023016128689,-3.044262030016398e-06,0.0,0.0,0.0,0.0,101.6217942285348,0.2862585752916473,0.2803067131397988,0.0262984860157521,0.0262984860157521
BH032,123,831634,1.2300008535385132,0.2751893478342386,3562,1,1,SHELF_NORMAL_Y_NEG,70.98076211353316,28.89403051151763,717.5247913859318,16.848064422607422,-89.77850341796875,-0.0537230595946311,0.000212529907003,-0.0004603471024893,-6.780663852623547e-07,0.0,0.0,0.0,0.0,99.2806104866966,0.2796636915118214,-0.5576428269461331,0.0224546860177183,0.0224546860177183
BH032,124,838087,1.240001201629639,0.2807203558290655,3023,2,1,SHELF_NORMAL_Y_POS,779.9393102292058,-25.04300957874569,1741.5247913859318,6.035976886749268,-99.02562713623048,-5.41796350479126,0.0001735111145535,-0.0004894954618066,-6.838264380348846e-05,0.0,0.0,0.0,0.0,102.6074423660828,0.2890350489185431,-0.0254061246043491,0.024945110145236,0.024945110145236
BH032,124,838087,1.240001201629639,0.2807203558290655,3944,2,5,SHELF_NORMAL_Y_NEG,-289.01923788646684,22.63576178657993,2802.4752086140675,-12.112075805664062,-107.8476333618164,0.1645674854516983,9.826217865338548e-05,-0.000505895470269,2.0771310573763917e-06,0.0,0.0,0.0,0.0,102.33101650379002,0.2882563845177184,0.2869904652476127,0.0266850315110694,0.0266850315110694
BH032,124,838087,1.240001201629639,0.2807203558290655,3536,1,5,SHELF_NORMAL_Y_POS,160.98076211353316,-21.36871258581148,946.475208614068,-7.482164859771728,-110.3817901611328,-0.3103356063365936,0.0001244309241883,-0.0005249482928775,-3.916877176379785e-06,0.0,0.0,0.0,0.0,106.83874092869362,0.3009541997991369,0.4293916999801238,0.0285080518290303,0.0285080518290303
BH032,124,838087,1.240001201629639,0.2807203558290655,5009,3,5,SIDE_NORMAL_X_POS,-800.0,24.15470053837925,2637.524791385932,9.413780212402344,-91.65184783935548,2.612025499343872,0.0001791734684957,-0.0004586253198795,3.296673821751028e-05,0.0,0.0,0.0,0.0,96.80877467204968,0.2727007737240836,-0.0967880994479953,0.0219035277401009,0.0219035277401009
BH032,124,838087,1.240001201629639,0.2807203558290655,4371,1,1,SHELF_NORMAL_Y_POS,-796.8452994616207,-25.01400788112261,1906.475208614068,0.3808432221412658,-100.09891510009766,4.933595180511475,0.0001476246543461,-0.0004864771908614,6.226798723218963e-05,0.0,0.0,0.0,0.0,100.6532708030468,0.2835303402902727,-0.002872199490621,0.02452990674187,0.02452990674187
BH032,124,838087,1.240001201629639,0.2807203558290655,3944,1,1,SHELF_NORMAL_Y_NEG,-289.01923788646684,22.46877624313318,2765.524791385932,-12.150145530700684,-109.23416137695312,-0.2573476135730743,0.0001000964839477,-0.0005125765455886,-3.248043640269316e-06,0.0,0.0,0.0,0.0,103.69530256415696,0.2920994438426956,0.2869904652476127,0.0273882034132287,0.0273882034132287
BH032,124,838087,1.240001201629639,0.2807203558290655,3562,1,1,SHELF_NORMAL_Y_NEG,70.98076211353316,28.89403051151763,717.5247913859318,17.247257232666016,-91.5548095703125,-0.0457135885953903,0.0002170540537917,-0.0004695497918874,-5.769747986050788e-07,0.0,0.0,0.0,0.0,101.2858660339606,0.285312298687213,-0.5704381541658857,0.0233661696267405,0.0233661696267405
BH032,125,844539,1.25,0.2862769454030996,3023,2,1,SHELF_NORMAL_Y_POS,779.9393102292058,-25.04300957874569,1741.5247913859318,6.079957962036133,-101.0273895263672,-5.596786022186279,0.0001766398636391,-0.0004992770846001,-7.063993689371273e-05,0.0,0.0,0.0,0.0,104.65043547927276,0.294789959096543,-0.0258410551017242,0.0259549142201437,0.0259549142201437
BH032,125,844539,1.25,0.2862769454030996,3944,2,5,SHELF_NORMAL_Y_NEG,-289.01923788646684,22.63576178657993,2802.4752086140675,-12.354825973510742,-110.0211181640625,0.1574331372976303,0.0001002488716039,-0.0005160918226465,1.987094037758652e-06,0.0,0.0,0.0,0.0,104.39382526833876,0.2940671134319401,0.293793205368516,0.0277714501483305,0.0277714501483305
BH032,125,844539,1.25,0.2862769454030996,3536,1,5,SHELF_NORMAL_Y_POS,160.98076211353316,-21.36871258581148,946.475208614068,-7.691400051116943,-112.5916519165039,-0.3315849006175995,0.000126633894979,-0.0005353728774935,-4.185088982922025e-06,0.0,0.0,0.0,0.0,108.951274083264,0.306904997417645,0.4396317581074387,0.0296536524509871,0.0296536524509871
BH032,125,844539,1.25,0.2862769454030996,5009,3,5,SIDE_NORMAL_X_POS,-800.0,24.15470053837925,2637.524791385932,7.827742099761963,-93.81380462646484,2.996864318847656,0.0001746233319863,-0.0004668120527639,3.782386920647696e-05,0.0,0.0,0.0,0.0,98.09993547461217,0.2763378464073582,-0.098649902617892,0.02263710919164,0.02263710919164
BH032,125,844539,1.25,0.2862769454030996,4371,1,1,SHELF_NORMAL_Y_POS,-796.8452994616207,-25.01400788112261,1906.475208614068,0.5693221688270569,-101.94590759277344,4.920408725738525,0.0001512297894805,-0.0004957176279276,6.210178253240883e-05,0.0,0.0,0.0,0.0,102.58637109258204,0.2889756932185409,-0.0029207420114275,0.0254643021477699,0.0254643021477699
BH032,125,844539,1.25,0.2862769454030996,3944,1,1,SHELF_NORMAL_Y_NEG,-289.01923788646684,22.46877624313318,2765.524791385932,-12.423225402832031,-111.45906829833984,-0.2781639397144317,0.0001020113413687,-0.0005229826201684,-3.5107943858747603e-06,0.0,0.0,0.0,0.0,105.79702941111204,0.2980198011580621,0.293793205368516,0.0285130433190627,0.0285130433190627
BH032,125,844539,1.25,0.2862769454030996,3562,1,1,SHELF_NORMAL_Y_NEG,70.98076211353316,28.89403051151763,717.5247913859318,17.64764976501465,-93.3648452758789,-0.0370859913527965,0.0002216339635197,-0.0004789192753378,-4.6808287379462854e-07,0.0,0.0,0.0,0.0,103.3252538904366,0.2910570532124975,-0.5833916575434028,0.0243123572895498,0.0243123572895498
BH032,126,850992,1.2600003480911257,0.2918973338931909,3023,2,1,SHELF_NORMAL_Y_POS,779.9393102292058,-25.04300957874569,1741.5247913859318,6.1788859367370605,-103.05186462402344,-5.733274459838867,0.0001800694008124,-0.0005092556239105,-7.236281089717522e-05,0.0,0.0,0.0,0.0,106.73903905826909,0.3006733494599128,-0.0263041727657062,0.027003905961323,0.027003905961323
BH032,126,850992,1.2600003480911257,0.2918973338931909,3944,2,5,SHELF_NORMAL_Y_NEG,-289.01923788646684,22.63576178657993,2802.4752086140675,-12.621664047241213,-112.22417449951172,0.1544318199157714,0.0001021624193526,-0.0005263955681584,1.949210400198353e-06,0.0,0.0,0.0,0.0,106.4762295748092,0.2999330410558005,0.3005754044336244,0.0288925274006121,0.0288925274006121
BH032,126,850992,1.2600003480911257,0.2918973338931909,3536,1,5,SHELF_NORMAL_Y_POS,160.98076211353316,-21.36871258581148,946.475208614068,-7.866455078125,-114.86399841308594,-0.3350208699703216,0.0001290935615543,-0.0005461467080749,-4.228471880196594e-06,0.0,0.0,0.0,0.0,111.14127712185582,0.3130740200615657,0.4499342403154384,0.0308598433742678,0.0308598433742678
BH032,126,850992,1.2600003480911257,0.2918973338931909,5009,3,5,SIDE_NORMAL_X_POS,-800.0,24.15470053837925,2637.524791385932,9.722016334533691,-95.11898803710938,2.4303746223449707,0.000185719327419,-0.000475906766951,3.0674145818920806e-05,0.0,0.0,0.0,0.0,100.42214897445984,0.2828792928858023,-0.1006037837849441,0.0235742307992257,0.0235742307992257
BH032,126,850992,1.2600003480911257,0.2918973338931909,4371,1,1,SHELF_NORMAL_Y_POS,-796.8452994616207,-25.01400788112261,1906.475208614068,1.5757328271865845,-103.82223510742188,4.821506500244141,0.0001588482409715,-0.000506293552462,6.085330460336991e-05,0.0,0.0,0.0,0.0,104.95178090670876,0.2956388194555176,-0.0029942084237582,0.0265544995451999,0.0265544995451999
BH032,126,850992,1.2600003480911257,0.2918973338931909,3944,1,1,SHELF_NORMAL_Y_NEG,-289.01923788646684,22.46877624313318,2765.524791385932,-12.679152488708496,-113.70307159423828,-0.2933623790740967,0.0001040370843838,-0.0005335037712939,-3.702619778778171e-06,0.0,0.0,0.0,0.0,107.9247376604404,0.3040133455223673,0.3005754044336244,0.0296721812646026,0.0296721812646026
BH032,126,850992,1.2600003480911257,0.2918973338931909,3562,1,1,SHELF_NORMAL_Y_NEG,70.98076211353316,28.89403051151763,717.5247913859318,18.07386589050293,-95.1650619506836,-0.0388707444071769,0.0002263244241476,-0.0004882790672127,-4.906089543510461e-07,0.0,0.0,0.0,0.0,105.37105268653104,0.2968198667226226,-0.5969655069239628,0.0252784172687438,0.0252784172687438
BH032,127,857445,1.270000696182251,0.2975642703537763,3023,2,1,SHELF_NORMAL_Y_POS,779.9393102292058,-25.04300957874569,1741.5247913859318,6.32371187210083,-105.05531311035156,-5.844548225402832,0.0001836903829826,-0.0005191882955841,-7.37673180992715e-05,0.0,0.0,0.0,0.0,108.82749609899022,0.3065563270394091,-0.0268062936332061,0.0280682097928273,0.0280682097928273
BH032,127,857445,1.270000696182251,0.2975642703537763,3944,2,5,SHELF_NORMAL_Y_NEG,-289.01923788646684,22.63576178657993,2802.4752086140675,-12.891775131225586,-114.46141815185548,0.1434505879878997,0.0001041089562932,-0.0005368634010665,1.810613071029365e-06,0.0,0.0,0.0,0.0,108.59127488692025,0.3058909151744232,0.30758038771293,0.0300541278461876,0.0300541278461876
BH032,127,857445,1.270000696182251,0.2975642703537763,3536,1,5,SHELF_NORMAL_Y_POS,160.98076211353316,-21.36871258581148,946.475208614068,-8.06151294708252,-117.16017150878906,-0.3341130912303924,0.0001314902765443,-0.0005570120410993,-4.217004061501939e-06,0.0,0.0,0.0,0.0,113.34610903836766,0.319284814192585,0.4603542617752431,0.032101289051491,0.032101289051491
BH032,127,857445,1.270000696182251,0.2975642703537763,5009,3,5,SIDE_NORMAL_X_POS,-800.0,24.15470053837925,2637.524791385932,11.269821166992188,-96.79563903808594,2.884556770324707,0.0001956744090421,-0.0004862984642386,3.640656359493733e-05,0.0,0.0,0.0,0.0,103.01570827264668,0.2901850937257653,-0.1024776364058987,0.0246911232330215,0.0246911232330215
BH032,127,857445,1.270000696182251,0.2975642703537763,4371,1,1,SHELF_NORMAL_Y_POS,-796.8452994616207,-25.01400788112261,1906.475208614068,1.8551470041275024,-105.53303527832033,5.429303646087647,0.0001626955345273,-0.0005150033393874,6.852503429399803e-05,0.0,0.0,0.0,0.0,106.88720416373252,0.3010907159541761,-0.0030515029357286,0.0275121509948432,0.0275121509948432
BH032,127,857445,1.270000696182251,0.2975642703537763,3944,1,1,SHELF_NORMAL_Y_NEG,-289.01923788646684,22.46877624313318,2765.524791385932,-12.963109970092772,-115.97815704345705,-0.3092896640300751,0.0001059717396856,-0.0005441324901767,-3.903648121195147e-06,0.0,0.0,0.0,0.0,110.07190607825098,0.3100617072626788,0.30758038771293,0.0308680711295854,0.0308680711295854
BH032,127,857445,1.270000696182251,0.2975642703537763,3562,1,1,SHELF_NORMAL_Y_NEG,70.98076211353316,28.89403051151763,717.5247913859318,18.465118408203125,-96.99950408935548,-0.059025727212429,0.000230895486311,-0.000497751054354,-7.449917802659911e-07,0.0,0.0,0.0,0.0,107.42896337611288,0.3026167982425715,-0.6100326146105075,0.0262720117996655,0.0262720117996655
BH032,128,863898,1.2800010442733765,0.3032415228681798,3023,2,1,SHELF_NORMAL_Y_POS,779.9393102292058,-25.04300957874569,1741.5247913859318,6.418154716491699,-107.1313018798828,-5.985991477966309,0.0001871721906354,-0.0005294007132761,-7.555225602118298e-05,0.0,0.0,0.0,0.0,110.96571589824728,0.3125794814035135,-0.0272880438349336,0.0291844206376604,0.0291844206376604
BH032,128,863898,1.2800010442733765,0.3032415228681798,3944,2,5,SHELF_NORMAL_Y_NEG,-289.01923788646684,22.63576178657993,2802.4752086140675,-13.162948608398438,-116.7060089111328,0.130433589220047,0.0001060616923496,-0.0005473641213029,1.6463280871903407e-06,0.0,0.0,0.0,0.0,110.71319511787117,0.3118681552616089,0.3145275363595802,0.0312423780544053,0.0312423780544053
BH032,128,863898,1.2800010442733765,0.3032415228681798,3536,1,5,SHELF_NORMAL_Y_POS,160.98076211353316,-21.36871258581148,946.475208614068,-8.247679710388184,-119.4574203491211,-0.3283010423183441,0.0001339323498541,-0.0005678909947164,-4.143645583098987e-06,0.0,0.0,0.0,0.0,115.55594445863078,0.3255097027003684,0.4707217072360248,0.0333684550362097,0.0333684550362097
BH032,128,863898,1.2800010442733765,0.3032415228681798,5009,3,5,SIDE_NORMAL_X_POS,-800.0,24.15470053837925,2637.524791385932,10.59831428527832,-98.94681549072266,3.258035182952881,0.0001955474290298,-0.0004957614000886,4.112027818337083e-05,0.0,0.0,0.0,0.0,104.80129001736022,0.2952149014573527,-0.1044549570987064,0.0256303671463666,0.0256303671463666
BH032,128,863898,1.2800010442733765,0.3032415228681798,4371,1,1,SHELF_NORMAL_Y_POS,-796.8452994616207,-25.01400788112261,1906.475208614068,1.899144172668457,-107.73511505126952,5.241545677185059,0.0001661167480051,-0.0005257579614408,6.615497841266915e-05,0.0,0.0,0.0,0.0,109.07560535196814,0.3072552263435722,-0.0031135211210915,0.0286527499298323,0.0286527499298323
BH032,128,863898,1.2800010442733765,0.3032415228681798,3944,1,1,SHELF_NORMAL_Y_NEG,-289.01923788646684,22.46877624313318,2765.524791385932,-13.19729709625244,-118.23063659667967,-0.3410001695156097,0.000108115527837,-0.0005547216860577,-4.303898094804026e-06,0.0,0.0,0.0,0.0,112.21709355977936,0.3161044889007869,0.3145275363595802,0.0320802195968933,0.0320802195968933
BH032,128,863898,1.2800010442733765,0.3032415228681798,3562,1,1,SHELF_NORMAL_Y_NEG,70.98076211353316,28.89403051151763,717.5247913859318,18.881591796875,-98.88025665283205,-0.0589724779129028,0.0002356562472414,-0.0005074890214018,-7.443164236065059e-07,0.0,0.0,0.0,0.0,109.54837625753387,0.3085869753733348,-0.6236448017052144,0.0273146257592061,0.0273146257592061
BH032,129,870351,1.290001392364502,0.3090290609882108,3023,2,1,SHELF_NORMAL_Y_POS,779.9393102292058,-25.04300957874569,1741.5247913859318,6.5803632736206055,-109.22505950927734,-6.141077041625977,0.0001910096325445,-0.0005398031789809,-7.750974327791482e-05,0.0,0.0,0.0,0.0,113.16047833702994,0.318761910808535,-0.0277843111360507,0.0303465508640875,0.0303465508640875
BH032,129,870351,1.290001392364502,0.3090290609882108,3944,2,5,SHELF_NORMAL_Y_NEG,-289.01923788646684,22.63576178657993,2802.4752086140675,-13.44256591796875,-118.9714584350586,0.1252844035625457,0.0001080036745406,-0.0005579550052061,1.5813366189831868e-06,0.0,0.0,0.0,0.0,112.85245197512982,0.3178942309158586,0.3215274249939131,0.0324645521496985,0.0324645521496985
BH032,129,870351,1.290001392364502,0.3090290609882108,3536,1,5,SHELF_NORMAL_Y_POS,160.98076211353316,-21.36871258581148,946.475208614068,-8.452005386352539,-121.76203155517578,-0.3497776985168457,0.0001362962357234,-0.0005787804839201,-4.4147000153316185e-06,0.0,0.0,0.0,0.0,117.76528525101156,0.3317331978901734,0.4812489709441045,0.0346622134308425,0.0346622134308425
BH032,129,870351,1.290001392364502,0.3090290609882108,5009,3,5,SIDE_NORMAL_X_POS,-800.0,24.15470053837925,2637.524791385932,10.031157493591309,-100.95626831054688,3.503103733062744,0.000195720596821,-0.0005046906881034,4.421346966410056e-05,0.0,0.0,0.0,0.0,106.50030829314304,0.3000008684313888,-0.1064164043300957,0.0265351108086037,0.0265351108086037
BH032,129,870351,1.290001392364502,0.3090290609882108,4371,1,1,SHELF_NORMAL_Y_POS,-796.8452994616207,-25.01400788112261,1906.475208614068,1.4467700719833374,-109.95228576660156,5.681242942810059,0.0001671496283961,-0.0005358610651455,7.170480967033654e-05,0.0,0.0,0.0,0.0,111.1193211348079,0.3130121722107264,-0.0031669148964499,0.0297844585646013,0.0297844585646013
BH032,129,870351,1.290001392364502,0.3090290609882108,3944,1,1,SHELF_NORMAL_Y_NEG,-289.01923788646684,22.46877624313318,2765.524791385932,-13.523188591003418,-120.55054473876952,-0.3522258400917053,0.0001099116852856,-0.0005655073327943,-4.44558281742502e-06,0.0,0.0,0.0,0.0,114.39167322999796,0.3222300654366139,0.3215274249939131,0.0333439886107267,0.0333439886107267
BH032,129,870351,1.290001392364502,0.3090290609882108,3562,1,1,SHELF_NORMAL_Y_NEG,70.98076211353316,28.89403051151763,717.5247913859318,19.31879234313965,-100.75395965576172,-0.0658063143491745,0.0002405071281827,-0.0005172187811695,-8.305671599373454e-07,0.0,0.0,0.0,0.0,111.6737835826474,0.3145740382609786,-0.6372883689889901,0.0283784587572327,0.0283784587572327
BH032,130,876803,1.3000001907348633,0.3148150816676634,3023,2,1,SHELF_NORMAL_Y_POS,779.9393102292058,-25.04300957874569,1741.5247913859318,6.59834623336792,-111.42529296875,-6.216664791107178,0.0001943018141901,-0.000550513213966,-7.846347580198199e-05,0.0,0.0,0.0,0.0,115.37026268378006,0.3249866554472677,-0.0282402385596454,0.0315557302565978,0.0315557302565978
BH032,130,876803,1.3000001907348633,0.3148150816676634,3944,2,5,SHELF_NORMAL_Y_NEG,-289.01923788646684,22.63576178657993,2802.4752086140675,-13.72905445098877,-121.26669311523438,0.1064732670783996,0.0001099558867281,-0.0005686791846528,1.3439172334983596e-06,0.0,0.0,0.0,0.0,115.0184975211468,0.3239957676652022,0.3287343230348475,0.0337261807593878,0.0337261807593878
BH032,130,876803,1.3000001907348633,0.3148150816676634,3536,1,5,SHELF_NORMAL_Y_POS,160.98076211353316,-21.36871258581148,946.475208614068,-8.655784606933594,-124.1209716796875,-0.3506495952606201,0.0001387422962579,-0.0005899333045817,-4.4257185436435975e-06,0.0,0.0,0.0,0.0,120.0289243775212,0.3381096461338626,0.4919978903756933,0.0360124630965622,0.0360124630965622
BH032,130,876803,1.3000001907348633,0.3148150816676634,5009,3,5,SIDE_NORMAL_X_POS,-800.0,24.15470053837925,2637.524791385932,10.650742530822754,-102.8559799194336,2.546859741210937,0.0002014954079641,-0.0005148174823261,3.214433672837913e-05,0.0,0.0,0.0,0.0,108.66343895324852,0.3060941942345028,-0.1083735916921745,0.027590311729721,0.027590311729721
BH032,130,876803,1.3000001907348633,0.3148150816676634,4371,1,1,SHELF_NORMAL_Y_POS,-796.8452994616207,-25.01400788112261,1906.475208614068,2.941791534423828,-111.76071166992188,5.510841369628906,0.00017704104539,-0.000546816678252,6.955418939469382e-05,0.0,0.0,0.0,0.0,113.66175981250166,0.3201739713028215,-0.0032209487798633,0.031008641049283,0.031008641049283
BH032,130,876803,1.3000001907348633,0.3148150816676634,3944,1,1,SHELF_NORMAL_Y_NEG,-289.01923788646684,22.46877624313318,2765.524791385932,-13.780364990234377,-122.87760925292967,-0.387246310710907,0.0001120527813327,-0.0005764297675341,-4.887582690571435e-06,0.0,0.0,0.0,0.0,116.6017019149483,0.328455498351967,0.3287343230348475,0.0346443475058049,0.0346443475058049
BH032,130,876803,1.3000001907348633,0.3148150816676634,3562,1,1,SHELF_NORMAL_Y_NEG,70.98076211353316,28.89403051151763,717.5247913859318,19.70639991760254,-102.64710998535156,-0.0693097785115242,0.0002451450563967,-0.0005269715911708,-8.747839501666022e-07,0.0,0.0,0.0,0.0,113.78748084631722,0.3205281150600485,-0.6510670309651134,0.0294607998061159,0.0294607998061159
BH032,131,883256,1.3100005388259888,0.3206483339507881,3023,2,1,SHELF_NORMAL_Y_POS,779.9393102292058,-25.04300957874569,1741.5247913859318,6.810967922210693,-113.52957153320312,-6.3691487312316895,0.0001983991096494,-0.0005610410589724,-8.038777741603553e-05,0.0,0.0,0.0,0.0,117.60228455759986,0.3312740410073235,-0.0287307369640116,0.0327794689324412,0.0327794689324412
BH032,131,883256,1.3100005388259888,0.3206483339507881,3944,2,5,SHELF_NORMAL_Y_NEG,-289.01923788646684,22.63576178657993,2802.4752086140675,-13.975796699523926,-123.5472640991211,0.1014928221702575,0.0001120798115152,-0.0005793918971903,1.2810601219825912e-06,0.0,0.0,0.0,0.0,117.1862142758761,0.3301020120447214,0.3359168841512668,0.0350080642571204,0.0350080642571204
BH032,131,883256,1.3100005388259888,0.3206483339507881,3536,1,5,SHELF_NORMAL_Y_POS,160.98076211353316,-21.36871258581148,946.475208614068,-8.852807998657227,-126.4970245361328,-0.3637123107910156,0.0001412453711964,-0.000601181294769,-4.590584921970731e-06,0.0,0.0,0.0,0.0,122.31276472744504,0.3445429992322396,0.502708929199232,0.0374001075536707,0.0374001075536707
BH032,131,883256,1.3100005388259888,0.3206483339507881,5009,3,5,SIDE_NORMAL_X_POS,-800.0,24.15470053837925,2637.524791385932,12.623109817504885,-104.2679214477539,2.8513059616088867,0.0002131263609044,-0.000524544622749,3.598670082283206e-05,0.0,0.0,0.0,0.0,111.2282230570904,0.313318938188987,-0.1103640738351562,0.0287434063671621,0.0287434063671621
BH032,131,883256,1.3100005388259888,0.3206483339507881,4371,1,1,SHELF_NORMAL_Y_POS,-796.8452994616207,-25.01400788112261,1906.475208614068,2.3823511600494385,-113.87264251708984,5.9810872077941895,0.00017740119074,-0.0005562563892453,7.548944995505735e-05,0.0,0.0,0.0,0.0,115.5476488096358,0.3254863346750304,-0.0032844762948228,0.0321086716705642,0.0321086716705642
BH032,131,883256,1.3100005388259888,0.3206483339507881,3944,1,1,SHELF_NORMAL_Y_NEG,-289.01923788646684,22.46877624313318,2765.524791385932,-14.065591812133787,-125.19403839111328,-0.4010085165500641,0.0001140413951361,-0.0005872587789781,-5.061281171947485e-06,0.0,0.0,0.0,0.0,118.789487345767,0.3346182742134282,0.3359168841512668,0.0359599251206611,0.0359599251206611
BH032,131,883256,1.3100005388259888,0.3206483339507881,3562,1,1,SHELF_NORMAL_Y_NEG,70.98076211353316,28.89403051151763,717.5247913859318,20.151723861694336,-104.58058166503906,-0.0663134977221489,0.0002501212002243,-0.0005370051367208,-8.36967899431329e-07,0.0,0.0,0.0,0.0,115.9770763187496,0.3266959896302805,-0.6652094280126678,0.0305995518582645,0.0305995518582645
BH032,132,889709,1.3200008869171145,0.3265382829491072,3023,2,1,SHELF_NORMAL_Y_POS,779.9393102292058,-25.04300957874569,1741.5247913859318,6.92392110824585,-115.66433715820312,-6.518266201019287,0.0002020570391323,-0.0005715723964385,-8.226931095123291e-05,0.0,0.0,0.0,0.0,119.81024038905312,0.3374936348987412,-0.0292028875236294,0.0340235938034259,0.0340235938034259
BH032,132,889709,1.3200008869171145,0.3265382829491072,3944,2,5,SHELF_NORMAL_Y_NEG,-289.01923788646684,22.63576178657993,2802.4752086140675,-14.252732276916504,-125.86395263671876,0.0961811691522598,0.0001141085522249,-0.0005902344710193,1.214017515849264e-06,0.0,0.0,0.0,0.0,119.37754178614118,0.3362747655947639,0.3429776615621998,0.0363315553372756,0.0363315553372756
BH032,132,889709,1.3200008869171145,0.3265382829491072,3536,1,5,SHELF_NORMAL_Y_POS,160.98076211353316,-21.36871258581148,946.475208614068,-9.045595169067385,-128.93759155273438,-0.3634119927883148,0.0001438623003195,-0.0006127454107627,-4.586796421790496e-06,0.0,0.0,0.0,0.0,124.6627621102281,0.3511627101696566,0.5134282695469663,0.0388536469640441,0.0388536469640441
BH032,132,889709,1.3200008869171145,0.3265382829491072,5009,3,5,SIDE_NORMAL_X_POS,-800.0,24.15470053837925,2637.524791385932,11.273116111755373,-106.89393615722656,3.411970376968384,0.0002103970473399,-0.0005353253218345,4.306305345380679e-05,0.0,0.0,0.0,0.0,113.10768812754178,0.3186132059930754,-0.1123787237981219,0.0298712050749752,0.0298712050749752
BH032,132,889709,1.3200008869171145,0.3265382829491072,4371,1,1,SHELF_NORMAL_Y_POS,-796.8452994616207,-25.01400788112261,1906.475208614068,1.5024007558822632,-116.4405288696289,5.684591293334961,0.000176868357812,-0.0005674362182617,7.1747213951312e-05,0.0,0.0,0.0,0.0,117.61181082092052,0.3313008755518888,-0.0033526448087198,0.0333732509957242,0.0333732509957242
BH032,132,889709,1.3200008869171145,0.3265382829491072,3944,1,1,SHELF_NORMAL_Y_NEG,-289.01923788646684,22.46877624313318,2765.524791385932,-14.349973678588867,-127.53060913085938,-0.4229462742805481,0.0001160626998171,-0.0005981858121231,-5.338154551282059e-06,0.0,0.0,0.0,0.0,120.997742856116,0.3408387122707493,0.3429776615621998,0.0373120956123977,0.0373120956123977
BH032,132,889709,1.3200008869171145,0.3265382829491072,3562,1,1,SHELF_NORMAL_Y_NEG,70.98076211353316,28.89403051151763,717.5247913859318,20.584083557128903,-106.49861145019533,-0.0813200995326042,0.0002550141362007,-0.0005469468305818,-1.0263717058478503e-06,0.0,0.0,0.0,0.0,118.14336584163888,0.3327982136384194,-0.6788280785582443,0.0317484381331698,0.0317484381331698
BH032,133,896162,1.3300012350082395,0.3325324886086938,3023,2,1,SHELF_NORMAL_Y_POS,779.9393102292058,-25.04300957874569,1741.5247913859318,7.104372501373291,-117.76953125,-6.630824089050293,0.0002059982507489,-0.0005820517544634,-8.36903927847743e-05,0.0,0.0,0.0,0.0,122.01932921916472,0.3437164203356753,-0.0296927926829967,0.0352837215251054,0.0352837215251054
BH032,133,896162,1.3300012350082395,0.3325324886086938,3944,2,5,SHELF_NORMAL_Y_NEG,-289.01923788646684,22.63576178657993,2802.4752086140675,-14.536469459533691,-128.16253662109375,0.0896878540515899,0.0001160785468528,-0.0006009768694639,1.1320648809487466e-06,0.0,0.0,0.0,0.0,121.54808953572964,0.3423889846076891,0.350056149155908,0.0376676163809033,0.0376676163809033
BH032,133,896162,1.3300012350082395,0.3325324886086938,3536,1,5,SHELF_NORMAL_Y_POS,160.98076211353316,-21.36871258581148,946.475208614068,-9.23164176940918,-131.25186157226562,-0.3880994021892547,0.0001463291118852,-0.0006237070192582,-4.8983943088387605e-06,0.0,0.0,0.0,0.0,126.8899368420466,0.357436441808582,0.5242558534775257,0.040257284727209,0.040257284727209
BH032,133,896162,1.3300012350082395,0.3325324886086938,5009,3,5,SIDE_NORMAL_X_POS,-800.0,24.15470053837925,2637.524791385932,11.297182083129885,-108.96112823486328,2.435377359390259,0.0002135245595127,-0.0005453951307572,3.073711559409276e-05,0.0,0.0,0.0,0.0,115.10386910757656,0.3242362510072579,-0.1144831085507255,0.0309572841553671,0.0309572841553671
BH032,133,896162,1.3300012350082395,0.3325324886086938,4371,1,1,SHELF_NORMAL_Y_POS,-796.8452994616207,-25.01400788112261,1906.475208614068,3.0392603874206543,-118.0624008178711,6.266058921813965,0.0001866913662524,-0.000577547121793,7.908621046226472e-05,0.0,0.0,0.0,0.0,120.10237488021068,0.3383165489583399,-0.0034094012036986,0.0346249358507043,0.0346249358507043
BH032,133,896162,1.3300012350082395,0.3325324886086938,3944,1,1,SHELF_NORMAL_Y_NEG,-289.01923788646684,22.46877624313318,2765.524791385932,-14.652002334594728,-129.87753295898438,-0.4307403266429901,0.0001180147955892,-0.0006091397372074,-5.436544142867206e-06,0.0,0.0,0.0,0.0,123.20895030591564,0.3470674656504666,0.350056149155908,0.0386936540370146,0.0386936540370146
BH032,133,896162,1.3300012350082395,0.3325324886086938,3562,1,1,SHELF_NORMAL_Y_NEG,70.98076211353316,28.89403051151763,717.5247913859318,20.99880599975586,-108.47632598876952,-0.0647295489907264,0.0002599065192043,-0.0005571517976932,-8.169743068719981e-07,0.0,0.0,0.0,0.0,120.35758824513375,0.3390354598454472,-0.6930205184988075,0.0329470205693229,0.0329470205693229
BH032,134,902614,1.340000033378601,0.3385298042818742,3023,2,1,SHELF_NORMAL_Y_POS,779.9393102292058,-25.04300957874569,1741.5247913859318,7.179783344268799,-120.02404022216795,-6.810421466827393,0.0002096472744597,-0.0005931101622991,-8.595741383032873e-05,0.0,0.0,0.0,0.0,124.3310566459148,0.3502283285800417,-0.0301893371219748,0.0366398531413296,0.0366398531413296
BH032,134,902614,1.340000033378601,0.3385298042818742,3944,2,5,SHELF_NORMAL_Y_NEG,-289.01923788646684,22.63576178657993,2802.4752086140675,-14.816781997680664,-130.4728240966797,0.0959021300077438,0.0001180831022793,-0.0006117830052971,1.2105031146347756e-06,0.0,0.0,0.0,0.0,123.73170594848878,0.3485400167563064,0.3571624332775887,0.0390356232367174,0.0390356232367174
BH032,134,902614,1.340000033378601,0.3385298042818742,3536,1,5,SHELF_NORMAL_Y_POS,160.98076211353316,-21.36871258581148,946.475208614068,-9.41887092590332,-133.637939453125,-0.3967003226280212,0.0001488944690208,-0.0006350186304189,-5.006949777452974e-06,0.0,0.0,0.0,0.0,129.1881093666177,0.363910167229909,0.5350155354399597,0.0417315865256004,0.0417315865256004
BH032,134,902614,1.340000033378601,0.3385298042818742,5009,3,5,SIDE_NORMAL_X_POS,-800.0,24.15470053837925,2637.524791385932,12.03845500946045,-110.84810638427734,3.0292305946350098,0.0002198708243668,-0.0005556347896344,3.823231963906437e-05,0.0,0.0,0.0,0.0,117.44869409053597,0.3308413918043266,-0.1164955177516534,0.0321772079124787,0.0321772079124787
BH032,134,902614,1.340000033378601,0.3385298042818742,4371,1,1,SHELF_NORMAL_Y_POS,-796.8452994616207,-25.01400788112261,1906.475208614068,3.64793062210083,-120.15023040771484,6.368340492248535,0.0001926872937474,-0.0005885700811631,8.037689985940233e-05,0.0,0.0,0.0,0.0,122.51266159660004,0.3451060890045071,-0.0034724135231859,0.0359660497991779,0.0359660497991779
BH032,134,902614,1.340000033378601,0.3385298042818742,3944,1,1,SHELF_NORMAL_Y_NEG,-289.01923788646684,22.46877624313318,2765.524791385932,-14.942794799804688,-132.2262420654297,-0.4353404343128204,0.0001200248734676,-0.0006201217183843,-5.494607648870442e-06,0.0,0.0,0.0,0.0,125.42649308947014,0.3533140650407609,0.3571624332775887,0.0401031591281955,0.0401031591281955
BH032,134,902614,1.340000033378601,0.3385298042818742,3562,1,1,SHELF_NORMAL_Y_NEG,70.98076211353316,28.89403051151763,717.5247913859318,21.44345092773437,-110.43991088867188,-0.0704462826251983,0.0002649236703291,-0.0005673284758813,-8.891274774214253e-07,0.0,0.0,0.0,0.0,122.57660136595702,0.3452862010308648,-0.7069265269859315,0.0341673843442534,0.0341673843442534
BH032,135,909067,1.3500003814697266,0.3445964770937672,3023,2,1,SHELF_NORMAL_Y_POS,779.9393102292058,-25.04300957874569,1741.5247913859318,7.250541687011719,-122.29751586914062,-6.948209285736084,0.0002133018278982,-0.0006042497698217,-8.769632404437289e-05,0.0,0.0,0.0,0.0,126.65231469017904,0.3567670836343072,-0.030658099758055,0.0380278978744328,0.0380278978744328
BH032,135,909067,1.3500003814697266,0.3445964770937672,3944,2,5,SHELF_NORMAL_Y_NEG,-289.01923788646684,22.63576178657993,2802.4752086140675,-15.089037895202637,-132.83352661132812,0.0822101458907127,0.0001202002094942,-0.0006228493875823,1.037692300087656e-06,0.0,0.0,0.0,0.0,125.96870649227849,0.3548414267388126,0.3642247799503353,0.0404608732149046,0.0404608732149046
BH032,135,909067,1.3500003814697266,0.3445964770937672,3536,1,5,SHELF_NORMAL_Y_POS,160.98076211353316,-21.36871258581148,946.475208614068,-9.623459815979004,-136.04495239257812,-0.4084033668041229,0.0001514066680101,-0.0006464050384238,-5.154651262273546e-06,0.0,0.0,0.0,0.0,131.4994954277084,0.3704211138808687,0.5458296886252296,0.0432431049028004,0.0432431049028004
BH032,135,909067,1.3500003814697266,0.3445964770937672,5009,3,5,SIDE_NORMAL_X_POS,-800.0,24.15470053837925,2637.524791385932,12.523118019104004,-112.77792358398438,-0.0955342575907707,0.0002250350371468,-0.0005657114088535,-1.2063392205163836e-06,0.0,0.0,0.0,0.0,119.53261964924168,0.3367116046457512,-0.1186117787293219,0.033309491750075,0.033309491750075
BH032,135,909067,1.3500003814697266,0.3445964770937672,4371,1,1,SHELF_NORMAL_Y_POS,-796.8452994616207,-25.01400788112261,1906.475208614068,3.3571276664733887,-122.47217559814452,6.22934103012085,0.000194656822714,-0.0005994159728288,7.862273196224123e-05,0.0,0.0,0.0,0.0,124.65260887760876,0.3511341095143909,-0.0035461971697136,0.0372776330895091,0.0372776330895091
BH032,135,909067,1.3500003814697266,0.3445964770937672,3944,1,1,SHELF_NORMAL_Y_NEG,-289.01923788646684,22.46877624313318,2765.524791385932,-15.228832244873049,-134.62535095214844,-0.4673039317131042,0.0001221314014401,-0.0006313556223176,-5.898015388083877e-06,0.0,0.0,0.0,0.0,127.69640043426428,0.3597081702373642,0.3642247799503353,0.0415704794751266,0.0415704794751266
BH032,135,909067,1.3500003814697266,0.3445964770937672,3562,1,1,SHELF_NORMAL_Y_NEG,70.98076211353316,28.89403051151763,717.5247913859318,21.87763214111328,-112.41127014160156,-0.0668750330805778,0.0002699026663322,-0.0005775309982709,-8.440484862148878e-07,0.0,0.0,0.0,0.0,124.79675587303308,0.3515401573888255,-0.720932292286499,0.0354120178652658,0.0354120178652658
BH032,136,915520,1.360000729560852,0.3507382621438071,3023,2,1,SHELF_NORMAL_Y_POS,779.9393102292058,-25.04300957874569,1741.5247913859318,7.461034297943115,-124.51809692382812,-7.074772834777832,0.0002175581466872,-0.0006153368740342,-8.9293833298143e-05,0.0,0.0,0.0,0.0,128.99462980365251,0.363365154376486,-0.0311420893336052,0.0394386741738348,0.0394386741738348
BH032,136,915520,1.360000729560852,0.3507382621438071,3944,2,5,SHELF_NORMAL_Y_NEG,-289.01923788646684,22.63576178657993,2802.4752086140675,-15.35214138031006,-135.21475219726562,0.0734237879514694,0.000122390614706,-0.0006340241525322,9.26799145872792e-07,0.0,0.0,0.0,0.0,128.22986250265916,0.3612108802891807,0.3713079424557945,0.0419252134625404,0.0419252134625404
BH032,136,915520,1.360000729560852,0.3507382621438071,3536,1,5,SHELF_NORMAL_Y_POS,160.98076211353316,-21.36871258581148,946.475208614068,-9.840584754943848,-138.5019989013672,-0.4200039207935333,0.0001539300137665,-0.0006580146728083,-5.301073997543426e-06,0.0,0.0,0.0,0.0,133.8552552534115,0.3770570570518634,0.5568991266724834,0.0448123197536079,0.0448123197536079
BH032,136,915520,1.360000729560852,0.3507382621438071,5009,3,5,SIDE_NORMAL_X_POS,-800.0,24.15470053837925,2637.524791385932,12.80357837677002,-115.37501525878906,-1.47714364528656,0.0002301785571034,-0.0005787258851341,-1.864424120867625e-05,0.0,0.0,0.0,0.0,122.30733696655028,0.3445277097649303,-0.120762524718103,0.0348730051302019,0.0348730051302019
BH032,136,915520,1.360000729560852,0.3507382621438071,4371,1,1,SHELF_NORMAL_Y_POS,-796.8452994616207,-25.01400788112261,1906.475208614068,3.2994279861450195,-124.86669921875,6.81793737411499,0.000197863599169,-0.0006109541864134,8.605159382568672e-05,0.0,0.0,0.0,0.0,127.09846691000445,0.3580238504507168,-0.0036046862769874,0.0387636959631389,0.0387636959631389
BH032,136,915520,1.360000729560852,0.3507382621438071,3944,1,1,SHELF_NORMAL_Y_NEG,-289.01923788646684,22.46877624313318,2765.524791385932,-15.496846199035645,-137.0373077392578,-0.4882142841815948,0.0001243422011611,-0.000642672937829,-6.161913916002959e-06,0.0,0.0,0.0,0.0,129.98632594445178,0.3661586646322585,0.3713079424557945,0.0430739159658714,0.0430739159658714
BH032,136,915520,1.360000729560852,0.3507382621438071,3562,1,1,SHELF_NORMAL_Y_NEG,70.98076211353316,28.89403051151763,717.5247913859318,22.336750030517575,-114.40362548828124,-0.0748455077409744,0.0002750318381004,-0.0005878709489479,-9.446411581848224e-07,0.0,0.0,0.0,0.0,127.05330344959756,0.357896629435486,-0.7354844563306031,0.0366980103872226,0.0366980103872226
BH032,137,921973,1.3700010776519775,0.3569153160991524,3023,2,1,SHELF_NORMAL_Y_POS,779.9393102292058,-25.04300957874569,1741.5247913859318,7.547292232513428,-126.79231262207033,-7.195677280426025,0.0002212882391177,-0.0006265031988732,-9.081985626835376e-05,0.0,0.0,0.0,0.0,131.32221484144583,0.3699217319477347,-0.0316387797408753,0.0408806949478478,0.0408806949478478
BH032,137,921973,1.3700010776519775,0.3569153160991524,3944,2,5,SHELF_NORMAL_Y_NEG,-289.01923788646684,22.63576178657993,2802.4752086140675,-15.655509948730469,-137.63844299316406,0.0761630460619926,0.0001244462619069,-0.0006453453679569,9.61368186835898e-07,0.0,0.0,0.0,0.0,130.51687005961634,0.3676531550975108,0.3785396926939522,0.0434378559084526,0.0434378559084526
BH032,137,921973,1.3700010776519775,0.3569153160991524,3536,1,5,SHELF_NORMAL_Y_POS,160.98076211353316,-21.36871258581148,946.475208614068,-10.040156364440918,-140.98541259765625,-0.4352690875530243,0.000156578811584,-0.0006697799544781,-5.493722710525617e-06,0.0,0.0,0.0,0.0,136.24516173099082,0.383789187974622,0.5678954487936987,0.0464302115813026,0.0464302115813026
BH032,137,921973,1.3700010776519775,0.3569153160991524,5009,3,5,SIDE_NORMAL_X_POS,-800.0,24.15470053837925,2637.524791385932,12.147067070007324,-118.37738037109376,7.317539691925049,0.0002313641452929,-0.0005923471180722,9.235665493179113e-05,0.0,0.0,0.0,0.0,125.53618029195412,0.353623043075927,-0.1228900248962173,0.0368039552801598,0.0368039552801598
BH032,137,921973,1.3700010776519775,0.3569153160991524,4371,1,1,SHELF_NORMAL_Y_POS,-796.8452994616207,-25.01400788112261,1906.475208614068,3.5750808715820312,-126.97496795654295,6.960997581481934,0.0002022717380896,-0.0006215889588929,8.78571008797735e-05,0.0,0.0,0.0,0.0,129.36280737485112,0.3644022742953552,-0.0036805230510605,0.0401304261496404,0.0401304261496404
BH032,137,921973,1.3700010776519775,0.3569153160991524,3944,1,1,SHELF_NORMAL_Y_NEG,-289.01923788646684,22.46877624313318,2765.524791385932,-15.756003379821776,-139.48837280273438,-0.4928231239318847,0.0001266541949007,-0.0006541957845911,-6.220089744601864e-06,0.0,0.0,0.0,0.0,132.3185819914508,0.3727283999759177,0.3785396926939522,0.0446310281047391,0.0446310281047391
BH032,137,921973,1.3700010776519775,0.3569153160991524,3562,1,1,SHELF_NORMAL_Y_NEG,70.98076211353316,28.89403051151763,717.5247913859318,22.741474151611328,-116.45582580566406,-0.0604245364665985,0.0002799838839564,-0.0005984210874885,-7.626297815477301e-07,0.0,0.0,0.0,0.0,129.33492226156653,0.3643237246804691,-0.7494380381972069,0.0380273759577809,0.0380273759577809
BH032,138,928426,1.380001425743103,0.3631640577517572,3023,2,1,SHELF_NORMAL_Y_POS,779.9393102292058,-25.04300957874569,1741.5247913859318,7.658477306365967,-129.00030517578125,-7.366495609283447,0.0002250435645692,-0.0006373811047524,-9.297565702581778e-05,0.0,0.0,0.0,0.0,133.6056611543261,0.3763539750826087,-0.0322028214007419,0.0423162183172659,0.0423162183172659
BH032,138,928426,1.380001425743103,0.3631640577517572,3944,2,5,SHELF_NORMAL_Y_NEG,-289.01923788646684,22.63576178657993,2802.4752086140675,-15.948525428771973,-140.0552520751953,0.0613424926996231,0.000126543251099,-0.000656652089674,7.743127525827731e-07,0.0,0.0,0.0,0.0,132.80122603631563,0.3740879606656778,0.3858595635365268,0.0449746033039311,0.0449746033039311
BH032,138,928426,1.380001425743103,0.3631640577517572,3536,1,5,SHELF_NORMAL_Y_POS,160.98076211353316,-21.36871258581148,946.475208614068,-10.211429595947266,-143.45802307128906,-0.4342901408672333,0.000159349059686,-0.0006815367960371,-5.481369953486137e-06,0.0,0.0,0.0,0.0,138.6366906671124,0.3905258892031334,0.5787276154879842,0.0480742533354607,0.0480742533354607
BH032,138,928426,1.380001425743103,0.3631640577517572,5009,3,5,SIDE_NORMAL_X_POS,-800.0,24.15470053837925,2637.524791385932,11.444880485534668,-122.27400207519533,2.852574825286865,0.0002336292091058,-0.0006102389306761,3.600206764531322e-05,0.0,0.0,0.0,0.0,128.474665839041,0.3619004671522282,-0.1250403443392738,0.0386969900642125,0.0386969900642125
BH032,138,928426,1.380001425743103,0.3631640577517572,4371,1,1,SHELF_NORMAL_Y_POS,-796.8452994616207,-25.01400788112261,1906.475208614068,4.315821647644043,-129.09617614746094,7.02655553817749,0.0002089567569782,-0.0006329655298031,8.868462464306504e-05,0.0,0.0,0.0,0.0,131.87009718745605,0.3714650624998761,-0.0037402883667676,0.041619195342388,0.041619195342388
BH032,138,928426,1.380001425743103,0.3631640577517572,3944,1,1,SHELF_NORMAL_Y_NEG,-289.01923788646684,22.46877624313318,2765.524791385932,-16.084976196289062,-141.92709350585938,-0.5127031803131104,0.000128607120132,-0.0006655509350821,-6.470989774243208e-06,0.0,0.0,0.0,0.0,134.6102559363855,0.379183819539114,0.3858595635365268,0.046197847596162,0.046197847596162
BH032,138,928426,1.380001425743103,0.3631640577517572,3562,1,1,SHELF_NORMAL_Y_NEG,70.98076211353316,28.89403051151763,717.5247913859318,23.20927619934082,-118.46712493896484,-0.0583475120365619,0.0002851842145901,-0.0006088637164793,-7.364159841927176e-07,0.0,0.0,0.0,0.0,131.61563976043396,0.3707482810153069,-0.7639999226650056,0.0393734205058957,0.0393734205058957
BH032,139,934878,1.3900002241134644,0.3694513550965977,3023,2,1,SHELF_NORMAL_Y_POS,779.9393102292058,-25.04300957874569,1741.5247913859318,7.821918964385986,-131.36778259277344,-7.511862754821777,0.0002292841527378,-0.0006491100648418,-9.481031156610698e-05,0.0,0.0,0.0,0.0,136.07170578684313,0.3833005796812482,-0.032708855566457,0.0438896420037368,0.0438896420037368
BH032,139,934878,1.3900002241134644,0.3694513550965977,3944,2,5,SHELF_NORMAL_Y_NEG,-289.01923788646684,22.63576178657993,2802.4752086140675,-16.22071647644043,-142.5170440673828,0.0562274232506752,0.00012880693248,-0.0006682088715024,7.09759149231104e-07,0.0,0.0,0.0,0.0,135.13881904325416,0.3806727296993075,0.3933030502685503,0.0465710014551782,0.0465710014551782
BH032,139,934878,1.3900002241134644,0.3694513550965977,3536,1,5,SHELF_NORMAL_Y_POS,160.98076211353316,-21.36871258581148,946.475208614068,-10.404825210571287,-145.96743774414062,-0.4479948580265045,0.0001620639814063,-0.0006934344419278,-5.6543258324381895e-06,0.0,0.0,0.0,0.0,141.05527175993046,0.3973387936899449,0.5898859964471209,0.0497681060935881,0.0497681060935881
BH032,139,934878,1.3900002241134644,0.3694513550965977,5009,3,5,SIDE_NORMAL_X_POS,-800.0,24.15470053837925,2637.524791385932,9.891766548156738,-128.7857208251953,14.31407070159912,0.0002355736214667,-0.0006395885138772,0.0001806618383852,0.0,0.0,0.0,0.0,136.27987774869197,0.3838869795737802,-0.1271454909137173,0.0436436844719436,0.0436436844719436
BH032,139,934878,1.3900002241134644,0.3694513550965977,4371,1,1,SHELF_NORMAL_Y_POS,-796.8452994616207,-25.01400788112261,1906.475208614068,4.072556018829346,-131.35145568847656,6.332087516784668,0.0002110588975483,-0.0006435536197386,7.991952588781714e-05,0.0,0.0,0.0,0.0,133.88432612675425,0.3771389468359274,-0.003821542831829,0.0429482818110115,0.0429482818110115
BH032,139,934878,1.3900002241134644,0.3694513550965977,3944,1,1,SHELF_NORMAL_Y_NEG,-289.01923788646684,22.46877624313318,2765.524791385932,-16.372360229492188,-144.42984008789062,-0.5351748466491699,0.0001308560604229,-0.0006772814085707,-6.754608421033481e-06,0.0,0.0,0.0,0.0,136.98260748664583,0.3858664999623826,0.3933030502685503,0.0478410729858946,0.0478410729858946
BH032,139,934878,1.3900002241134644,0.3694513550965977,3562,1,1,SHELF_NORMAL_Y_NEG,70.98076211353316,28.89403051151763,717.5247913859318,23.65483856201172,-120.5132064819336,-0.0563044659793376,0.0002903270069509,-0.0006194462184794,-7.106327757355757e-07,0.0,0.0,0.0,0.0,133.91681850481362,0.3772304746614468,-0.7784953376388819,0.0407583886721922,0.0407583886721922
BH032,140,941331,1.4000005722045898,0.3758250881846864,3023,2,1,SHELF_NORMAL_Y_POS,779.9393102292058,-25.04300957874569,1741.5247913859318,7.892345905303955,-133.67539978027344,-7.628026962280273,0.0002329874114366,-0.0006604166701436,-9.627648250898346e-05,0.0,0.0,0.0,0.0,138.42317186949745,0.3899244278014013,-0.0332467447603414,0.0454282355922302,0.0454282355922302
BH032,140,941331,1.4000005722045898,0.3758250881846864,3944,2,5,SHELF_NORMAL_Y_NEG,-289.01923788646684,22.63576178657993,2802.4752086140675,-16.485984802246094,-144.97354125976562,0.0556283332407474,0.0001310978987021,-0.0006797509267926,7.021969281595375e-07,0.0,0.0,0.0,0.0,137.47397224891313,0.3872506260532764,0.4006008856140583,0.0481926590448432,0.0481926590448432
BH032,140,941331,1.4000005722045898,0.3758250881846864,3536,1,5,SHELF_NORMAL_Y_POS,160.98076211353316,-21.36871258581148,946.475208614068,-10.63124179840088,-148.5135955810547,-0.456524908542633,0.0001646731689106,-0.0007054662564769,-5.761975899076788e-06,0.0,0.0,0.0,0.0,143.49582807382723,0.404213600207964,0.6010391231516825,0.0515123026489997,0.0515123026489997
BH032,140,941331,1.4000005722045898,0.3758250881846864,5009,3,5,SIDE_NORMAL_X_POS,-800.0,24.15470053837925,2637.524791385932,8.016341209411621,-138.56443786621094,26.912675857543945,0.0002407120919087,-0.0006843301234766,0.0003396734828129,0.0,0.0,0.0,0.0,150.15998583654132,0.422985875595891,-0.1293048255589875,0.0529483875807615,0.0529483875807615
BH032,140,941331,1.4000005722045898,0.3758250881846864,4371,1,1,SHELF_NORMAL_Y_POS,-796.8452994616207,-25.01400788112261,1906.475208614068,3.6864075660705566,-133.79653930664062,5.948482513427734,0.0002127467596437,-0.0006548634846694,7.507814007112756e-05,0.0,0.0,0.0,0.0,136.0679441993166,0.3832899836600467,-0.0038828680420305,0.0444244853070855,0.0444244853070855
BH032,140,941331,1.4000005722045898,0.3758250881846864,3944,1,1,SHELF_NORMAL_Y_NEG,-289.01923788646684,22.46877624313318,2765.524791385932,-16.65243911743164,-146.92010498046875,-0.541667640209198,0.000133122128318,-0.0006889616488479,-6.836546617705608e-06,0.0,0.0,0.0,0.0,139.34533750440002,0.3925220774771831,0.4006008856140583,0.0495052395713655,0.0495052395713655
BH032,140,941331,1.4000005722045898,0.3758250881846864,3562,1,1,SHELF_NORMAL_Y_NEG,70.98076211353316,28.89403051151763,717.5247913859318,24.071779251098636,-122.5973892211914,-0.0413513332605361,0.0002953857765533,-0.0006301708635874,-5.219034164838376e-07,0.0,0.0,0.0,0.0,136.23770704198506,0.3837681888506621,-0.7929483748069847,0.0421826951217926,0.0421826951217926
BH032,141,947784,1.410000920295715,0.3823098830270104,3023,2,1,SHELF_NORMAL_Y_POS,779.9393102292058,-25.04300957874569,1741.5247913859318,8.029041290283203,-136.06027221679688,-7.664824485778809,0.0002371243317611,-0.0006721899844706,-9.674097236711532e-05,0.0,0.0,0.0,0.0,140.8742181044465,0.396828783392807,-0.0337771049856752,0.0470525900417302,0.0470525900417302
BH032,141,947784,1.410000920295715,0.3823098830270104,3944,2,5,SHELF_NORMAL_Y_NEG,-289.01923788646684,22.63576178657993,2802.4752086140675,-16.761207580566406,-147.4940185546875,0.0377564318478107,0.000133432840812,-0.0006915872218087,4.766298218328302e-07,0.0,0.0,0.0,0.0,139.8686884321389,0.3939963054426448,0.4081920910704984,0.0498847131715631,0.0498847131715631
BH032,141,947784,1.410000920295715,0.3823098830270104,3536,1,5,SHELF_NORMAL_Y_POS,160.98076211353316,-21.36871258581148,946.475208614068,-10.836068153381348,-151.07032775878906,-0.4635486304759979,0.0001674032828304,-0.000717582006473,-5.8506266213953495e-06,0.0,0.0,0.0,0.0,145.95650231018567,0.4111450769301005,0.6122951785075905,0.0532979074911578,0.0532979074911578
BH032,141,947784,1.410000920295715,0.3823098830270104,5009,3,5,SIDE_NORMAL_X_POS,-800.0,24.15470053837925,2637.524791385932,5.278314590454102,-157.22422790527344,-49.28530502319336,0.0002545964089222,-0.0007709246710874,-0.0006220494396984,0.0,0.0,0.0,0.0,181.28519314918708,0.510662515913203,-0.1314179926831691,0.0766060027029418,0.0766060027029418
BH032,141,947784,1.410000920295715,0.3823098830270104,4371,1,1,SHELF_NORMAL_Y_POS,-796.8452994616207,-25.01400788112261,1906.475208614068,5.060360431671143,-135.8090362548828,7.870854377746582,0.0002223469637101,-0.0006666316767223,9.93412613752298e-05,0.0,0.0,0.0,0.0,139.07837824555324,0.3917700795649387,-0.0039585104865998,0.0462205015313115,0.0462205015313115
BH032,141,947784,1.410000920295715,0.3823098830270104,3944,1,1,SHELF_NORMAL_Y_NEG,-289.01923788646684,22.46877624313318,2765.524791385932,-16.91139030456543,-149.47669982910156,-0.5748929381370544,0.0001355886925011,-0.0007009953842498,-7.255888249346754e-06,0.0,0.0,0.0,0.0,141.78297361550622,0.3993886580718485,0.4081920910704984,0.0512474825382848,0.0512474825382848
