case,frame_index,frame_id,step_time_s,P_over_Pu,element,integration_point,section_point,panel,x_ip_mm,y_ip_mm,z_ip_mm,sigma_x_transverse_MPa,sigma_y_axial_MPa,tau_xy_MPa,LE_x_transverse,LE_y_axial,gamma_xy_engineering,PE_x_transverse,PE_y_axial,PE_xy_engineering,PEEQ,sigma_VM_MPa,sigma_VM_over_fy,w_local_ref_normal_mm,Y_s_MPa,Y_s_max_MPa
BH032,141,947784,1.410000920295715,0.3823098830270104,3562,1,1,SHELF_NORMAL_Y_NEG,70.98076211353316,28.89403051151763,717.5247913859318,24.593358993530277,-124.6321258544922,-0.0485197454690933,0.0003008796775247,-0.0006408074405044,-6.123791536083445e-07,0.0,0.0,0.0,0.0,138.57535775655825,0.3903531204410091,-0.8079310901787882,0.0436311764337,0.0436311764337
BH032,142,954237,1.4200012683868408,0.3888570806594569,3023,2,1,SHELF_NORMAL_Y_POS,779.9393102292058,-25.04300957874569,1741.5247913859318,8.108789443969727,-138.3372039794922,-7.847961902618408,0.0002408287109574,-0.0006833616062067,-9.905194747261704e-05,0.0,0.0,0.0,0.0,143.21121900368806,0.4034118845174311,-0.0342967222274713,0.0486331644314775,0.0486331644314775
BH032,142,954237,1.4200012683868408,0.3888570806594569,3944,2,5,SHELF_NORMAL_Y_NEG,-289.01923788646684,22.63576178657993,2802.4752086140675,-17.056671142578125,-149.9913787841797,0.0360628478229045,0.000135635404149,-0.0007032762514427,4.552557015813363e-07,0.0,0.0,0.0,0.0,142.23218348703182,0.4006540379916389,0.4158370834914244,0.0515861381174838,0.0515861381174838
BH032,142,954237,1.4200012683868408,0.3888570806594569,3536,1,5,SHELF_NORMAL_Y_POS,160.98076211353316,-21.36871258581148,946.475208614068,-11.044685363769531,-153.6439666748047,-0.4968587756156921,0.0001701388391666,-0.0007297731353901,-6.271039183047833e-06,0.0,0.0,0.0,0.0,148.43262749920305,0.4181200774625438,0.6235243942010247,0.0551256187143423,0.0551256187143423
BH032,142,954237,1.4200012683868408,0.3888570806594569,5009,3,5,SIDE_NORMAL_X_POS,-800.0,24.15470053837925,2637.524791385932,-8.348146438598633,-197.9872283935547,-27.995704650878903,0.0002478104142937,-0.0009489530348218,-0.000353347393684,0.0,0.0,0.0,0.0,199.9176986087473,0.5631484467852037,-0.133388954305655,0.0978527878054228,0.0978527878054228
BH032,142,954237,1.4200012683868408,0.3888570806594569,4371,1,1,SHELF_NORMAL_Y_POS,-796.8452994616207,-25.01400788112261,1906.475208614068,5.574934005737305,-138.04925537109375,5.300050258636475,0.0002281082997797,-0.0006782581913284,6.689434667350724e-05,0.0,0.0,0.0,0.0,141.2181429000857,0.3977975856340442,-0.0040086903742811,0.0476294609741813,0.0476294609741813
BH032,142,954237,1.4200012683868408,0.3888570806594569,3944,1,1,SHELF_NORMAL_Y_NEG,-289.01923788646684,22.46877624313318,2765.524791385932,-17.219131469726562,-152.02049255371094,-0.5882070064544678,0.000137799870572,-0.0007128979777917,-7.423950137308566e-06,0.0,0.0,0.0,0.0,144.18774483262092,0.4061626615003406,0.4158370834914244,0.0530041703347133,0.0530041703347133
BH032,142,954237,1.4200012683868408,0.3888570806594569,3562,1,1,SHELF_NORMAL_Y_NEG,70.98076211353316,28.89403051151763,717.5247913859318,25.034608840942383,-126.77031707763672,-0.0298888497054576,0.0003061358002014,-0.0006518280133605,-3.7723316381743643e-07,0.0,0.0,0.0,0.0,140.96486410625317,0.3970841242429667,-0.8227990702296468,0.0451468471182112,0.0451468471182112
BH032,143,960689,1.430000066757202,0.3956173709141694,3023,2,1,SHELF_NORMAL_Y_POS,779.9393102292058,-25.04300957874569,1741.5247913859318,8.158132553100586,-140.67100524902344,-7.921940326690674,0.0002444662968628,-0.0006947618094272,-9.998559107771145e-05,0.0,0.0,0.0,0.0,145.5705017073965,0.4100577512884408,-0.0348163403635061,0.0502605167366244,0.0502605167366244
BH032,143,960689,1.430000066757202,0.3956173709141694,3944,2,5,SHELF_NORMAL_Y_NEG,-289.01923788646684,22.63576178657993,2802.4752086140675,-17.322420120239258,-152.53028869628906,0.0095579680055379,0.0001380427274852,-0.0007152158650569,1.207290551974438e-07,0.0,0.0,0.0,0.0,144.6490986518793,0.4074622497236037,0.4235558647245437,0.0533507542651605,0.0533507542651605
BH032,143,960689,1.430000066757202,0.3956173709141694,3536,1,5,SHELF_NORMAL_Y_POS,160.98076211353316,-21.36871258581148,946.475208614068,-11.242615699768066,-156.25689697265625,-0.4888940751552582,0.0001729821960907,-0.0007421670597977,-6.1704954532615375e-06,0.0,0.0,0.0,0.0,150.9522940151766,0.4252177296202157,0.6347465837871215,0.0570143594831421,0.0570143594831421
BH032,143,960689,1.430000066757202,0.3956173709141694,5009,3,5,SIDE_NORMAL_X_POS,-800.0,24.15470053837925,2637.524791385932,-31.05694007873535,-275.6762390136719,12.356377601623535,0.0002507131721358,-0.0012930148513987,0.0001559528463985,0.0,0.0,0.0,0.0,262.4086546779665,0.7391793089520183,-0.1350450283258609,0.1752982398235026,0.1752982398235026
BH032,143,960689,1.430000066757202,0.3956173709141694,4371,1,1,SHELF_NORMAL_Y_POS,-796.8452994616207,-25.01400788112261,1906.475208614068,4.556230068206787,-140.49546813964844,7.586243152618408,0.00022672637715,-0.000688649888616,9.574926662025972e-05,0.0,0.0,0.0,0.0,143.43123346088188,0.4040316435517799,-0.0040916627375552,0.0492556453124192,0.0492556453124192
BH032,143,960689,1.430000066757202,0.3956173709141694,3944,1,1,SHELF_NORMAL_Y_NEG,-289.01923788646684,22.46877624313318,2765.524791385932,-17.49216079711914,-154.57733154296875,-0.623781144618988,0.000140197967994,-0.0007249100017361,-7.872938112996053e-06,0.0,0.0,0.0,0.0,146.61992663382114,0.4130138778417497,0.4235558647245437,0.054804277285734,0.054804277285734
BH032,143,960689,1.430000066757202,0.3956173709141694,3562,1,1,SHELF_NORMAL_Y_NEG,70.98076211353316,28.89403051151763,717.5247913859318,25.50618553161621,-128.97633361816406,-0.0272741448134183,0.0003116369771305,-0.0006632247241213,-3.442333422754018e-07,0.0,0.0,0.0,0.0,143.440428959365,0.4040575463644084,-0.8379422414597179,0.0467431513129287,0.0467431513129287
BH032,144,967218,1.4400001764297483,0.4024329837638222,3023,2,1,SHELF_NORMAL_Y_POS,779.9393102292058,-25.04300957874569,1741.5247913859318,8.344898223876953,-143.3012237548828,-7.697010993957519,0.0002492026251275,-0.0007077993359416,-9.714664338389412e-05,0.0,0.0,0.0,0.0,148.25128707140684,0.4176092593560755,-0.0355387870061927,0.0521286046303184,0.0521286046303184
BH032,144,967218,1.4400001764297483,0.4024329837638222,3944,2,5,SHELF_NORMAL_Y_NEG,-289.01923788646684,22.63576178657993,2802.4752086140675,-17.580541610717773,-155.16847229003906,0.0032010849099606,0.0001406322262482,-0.0007276438409462,4.049716295639882e-08,0.0,0.0,0.0,0.0,147.167878571124,0.4145574044257014,0.4329744815647957,0.0552176071766918,0.0552176071766918
BH032,144,967218,1.4400001764297483,0.4024329837638222,3536,1,5,SHELF_NORMAL_Y_POS,160.98076211353316,-21.36871258581148,946.475208614068,-11.449329376220703,-158.9107208251953,-0.5244132876396179,0.0001758427679305,-0.0007547448622062,-6.618790848733624e-06,0.0,0.0,0.0,0.0,153.50930975057113,0.4324205908466793,0.6473826219303129,0.0589642134631563,0.0589642134631563
BH032,144,967218,1.4400001764297483,0.4024329837638222,5009,3,5,SIDE_NORMAL_X_POS,-800.0,24.15470053837925,2637.524791385932,-53.67689514160156,-332.6333923339844,78.35736083984375,0.0003265262057539,-0.001808549859561,0.0012530032545328,0.0001026718164212,-0.0002719865588005,0.0002640279126353,0.0003143883659504,337.7737157330434,0.9514752555860376,-0.1365325851198938,0.2882962055030664,0.2882962055030664
BH032,144,967218,1.4400001764297483,0.4024329837638222,4371,1,1,SHELF_NORMAL_Y_POS,-796.8452994616207,-25.01400788112261,1906.475208614068,4.711996555328369,-143.11907958984375,11.317513465881348,0.0002313026488991,-0.0007016145391389,0.0001428429386578,0.0,0.0,0.0,0.0,146.84654846935214,0.4136522492094426,-0.0041566250558941,0.0515604567970453,0.0515604567970453
BH032,144,967218,1.4400001764297483,0.4024329837638222,3944,1,1,SHELF_NORMAL_Y_NEG,-289.01923788646684,22.46877624313318,2765.524791385932,-17.798629760742188,-157.2678985595703,-0.6386878490447998,0.0001426295202691,-0.0007375268032774,-8.061056178121362e-06,0.0,0.0,0.0,0.0,149.17122311457084,0.4202006284917488,0.4329744815647957,0.0567287613090317,0.0567287613090317
BH032,144,967218,1.4400001764297483,0.4024329837638222,3562,1,1,SHELF_NORMAL_Y_NEG,70.98076211353316,28.89403051151763,717.5247913859318,25.991195678710938,-131.1449737548828,-0.0095173828303813,0.0003171508142258,-0.0006744603160768,-1.2011864214400705e-07,0.0,0.0,0.0,0.0,145.88749549177354,0.4109506915261226,-0.8538391211440527,0.0483463866264299,0.0483463866264299
BH032,145,973754,1.4500014781951904,0.4092132214823077,3023,2,1,SHELF_NORMAL_Y_POS,779.9393102292058,-25.04300957874569,1741.5247913859318,8.436002731323242,-145.7691650390625,-7.276046752929687,0.0002532392391003,-0.0007199136889539,-9.183342626783995e-05,0.0,0.0,0.0,0.0,150.6928905480714,0.4244870156283701,-0.0369452613900457,0.0538736720393985,0.0538736720393985
BH032,145,973754,1.4500014781951904,0.4092132214823077,3944,2,5,SHELF_NORMAL_Y_NEG,-289.01923788646684,22.63576178657993,2802.4752086140675,-17.885953903198242,-157.84912109375,-0.0642411410808563,0.000143052151543,-0.0007402105256915,-8.107146527436271e-07,0.0,0.0,0.0,0.0,149.70966119234302,0.4217173554713888,0.4437010670904273,0.0571415188827535,0.0571415188827535
BH032,145,973754,1.4500014781951904,0.4092132214823077,3536,1,5,SHELF_NORMAL_Y_POS,160.98076211353316,-21.36871258581148,946.475208614068,-11.767782211303713,-161.66673278808594,-0.5313147902488708,0.0001783109473763,-0.0007676616660319,-6.705902706016786e-06,0.0,0.0,0.0,0.0,156.11854845758347,0.4397705590354464,0.6619827095444925,0.0610060487541524,0.0610060487541524
BH032,145,973754,1.4500014781951904,0.4092132214823077,5009,3,5,SIDE_NORMAL_X_POS,-800.0,24.15470053837925,2637.524791385932,-58.52796173095703,-330.0003662109375,-34.32111740112305,0.0005203819600865,-0.0024033365771174,0.000454957713373,0.000323909567669,-0.0008866259595379,0.0008881352259777,0.0010344719048589,310.7174480101217,0.8752604169299203,-0.1379446489086123,0.2519416678611759,0.2882962055030664
BH032,145,973754,1.4500014781951904,0.4092132214823077,4371,1,1,SHELF_NORMAL_Y_POS,-796.8452994616207,-25.01400788112261,1906.475208614068,4.559910297393799,-145.55870056152344,8.168339729309082,0.0002341168874409,-0.0007132365717552,0.0001030962157528,0.0,0.0,0.0,0.0,148.56657777052516,0.4184974021704934,-0.0042568317374729,0.0528637628929457,0.0528637628929457
BH032,145,973754,1.4500014781951904,0.4092132214823077,3944,1,1,SHELF_NORMAL_Y_NEG,-289.01923788646684,22.46877624313318,2765.524791385932,-18.118061065673828,-159.99417114257812,-0.7213637828826904,0.0001450501731596,-0.0007502971566282,-9.104546734306496e-06,0.0,0.0,0.0,0.0,151.75366839252595,0.4274751222324675,0.4437010670904273,0.058711805211265,0.058711805211265
BH032,145,973754,1.4500014781951904,0.4092132214823077,3562,1,1,SHELF_NORMAL_Y_NEG,70.98076211353316,28.89403051151763,717.5247913859318,26.61087417602539,-133.285400390625,-0.0308673381805419,0.0003232734452467,-0.000685746432282,-3.8958424397606006e-07,0.0,0.0,0.0,0.0,148.39130857087034,0.4180036861151277,-0.8723722412782209,0.0499995702361867,0.0499995702361867
BH032,146,980279,1.4600006341934204,0.4161858220828773,3023,2,1,SHELF_NORMAL_Y_POS,779.9393102292058,-25.04300957874569,1741.5247913859318,8.503191947937012,-148.35391235351562,-6.928761005401611,0.0002573290257714,-0.0007325580227188,-8.74503020895645e-05,0.0,0.0,0.0,0.0,153.2536869510073,0.4317005266225557,-0.0384097580076705,0.0557367027507093,0.0557367027507093
BH032,146,980279,1.4600006341934204,0.4161858220828773,3944,2,5,SHELF_NORMAL_Y_NEG,-289.01923788646684,22.63576178657993,2802.4752086140675,-18.32209587097168,-160.5375213623047,-0.1307445913553238,0.0001448500406695,-0.00075262557948,-1.6500790707141275e-06,0.0,0.0,0.0,0.0,152.20598670030594,0.4287492583107209,0.4542217772601445,0.0590854454876691,0.0590854454876691
BH032,146,980279,1.4600006341934204,0.4161858220828773,3536,1,5,SHELF_NORMAL_Y_POS,160.98076211353316,-21.36871258581148,946.475208614068,-11.950225830078123,-164.37017822265625,-0.5263111591339111,0.0001813622366171,-0.0007805211935192,-6.642749212915078e-06,0.0,0.0,0.0,0.0,158.73542026641502,0.4471420289194789,0.6744033250611835,0.0630661978924878,0.0630661978924878
BH032,146,980279,1.4600006341934204,0.4161858220828773,5009,3,5,SIDE_NORMAL_X_POS,-800.0,24.15470053837925,2637.524791385932,-67.00867462158203,-336.4305419921875,67.4234848022461,0.0006645294488407,-0.0029369441326707,0.0020903628319501,0.0004998601507395,-0.0014013616601005,0.0012393899960443,0.0016310005448758,329.80249581714395,0.9290211149778704,-0.1392021206058167,0.2814804038195728,0.2882962055030664
BH032,146,980279,1.4600006341934204,0.4161858220828773,4371,1,1,SHELF_NORMAL_Y_POS,-796.8452994616207,-25.01400788112261,1906.475208614068,3.3530468940734863,-148.1599578857422,6.889698028564453,0.0002320462663192,-0.0007241062121465,8.695802534930408e-05,0.0,0.0,0.0,0.0,150.33897414698563,0.4234900680196778,-0.0043546699180486,0.0543303703645394,0.0543303703645394
BH032,146,980279,1.4600006341934204,0.4161858220828773,3944,1,1,SHELF_NORMAL_Y_NEG,-289.01923788646684,22.46877624313318,2765.524791385932,-18.56033706665039,-162.63528442382812,-0.8014972805976868,0.0001467495021643,-0.0007624726276844,-1.0115859367942903e-05,0.0,0.0,0.0,0.0,154.20143756620027,0.4343702466653528,0.4542217772601445,0.0606455231362501,0.0606455231362501
BH032,146,980279,1.4600006341934204,0.4161858220828773,3562,1,1,SHELF_NORMAL_Y_NEG,70.98076211353316,28.89403051151763,717.5247913859318,27.17835998535156,-135.4825439453125,0.018865767866373,0.0003292279725428,-0.0006972420960664,2.3811520577510242e-07,0.0,0.0,0.0,0.0,150.91844613636664,0.4251223834827229,-0.8889087480725405,0.0517044897801292,0.0517044897801292
BH032,147,987213,1.4700005054473877,0.4231990888593681,3023,2,1,SHELF_NORMAL_Y_POS,779.9393102292058,-25.04300957874569,1741.5247913859318,8.571837425231934,-150.58644104003906,-6.759370803833008,0.0002609122893773,-0.0007434964645653,-8.53122110129334e-05,0.0,0.0,0.0,0.0,155.49155087650385,0.438004368666208,-0.0395673646853561,0.0573876562786036,0.0573876562786036
BH032,147,987213,1.4700005054473877,0.4231990888593681,3944,2,5,SHELF_NORMAL_Y_NEG,-289.01923788646684,22.63576178657993,2802.4752086140675,-18.571014404296875,-163.23886108398438,-0.0739644169807434,0.0001475749886594,-0.000765374279581,-9.334411856798396e-07,0.0,0.0,0.0,0.0,154.79119327556785,0.4360315303537122,0.4639478126055686,0.0610989672521769,0.0610989672521769
BH032,147,987213,1.4700005054473877,0.4231990888593681,3536,1,5,SHELF_NORMAL_Y_POS,160.98076211353316,-21.36871258581148,946.475208614068,-12.23233413696289,-167.21388244628906,-0.5414252281188965,0.0001841334596974,-0.0007939154747873,-6.8334798015712295e-06,0.0,0.0,0.0,0.0,161.4483689066284,0.4547841377651503,0.6891426852196323,0.0652534897159386,0.0652534897159386
BH032,147,987213,1.4700005054473877,0.4231990888593681,5009,3,5,SIDE_NORMAL_X_POS,-800.0,24.15470053837925,2637.524791385932,-70.80972290039062,-351.1175537109375,-52.48160171508789,0.0008174701943062,-0.0034523997455835,0.0006900640437379,0.0006498603033833,-0.0018510529771447,0.0013524534879252,0.0021477073896676,334.2124657357832,0.9414435654529104,-0.1413578715219424,0.2925799364393046,0.2925799364393046
BH032,147,987213,1.4700005054473877,0.4231990888593681,4371,1,1,SHELF_NORMAL_Y_POS,-796.8452994616207,-25.01400788112261,1906.475208614068,2.0586137771606445,-151.54214477539062,13.442753791809082,0.0002306874812347,-0.0007386357756331,0.0001696667604846,0.0,0.0,0.0,0.0,154.3481427467971,0.4347835006952031,-0.0044632331668677,0.0573447961695374,0.0573447961695374
BH032,147,987213,1.4700005054473877,0.4231990888593681,3944,1,1,SHELF_NORMAL_Y_NEG,-289.01923788646684,22.46877624313318,2765.524791385932,-18.753982543945312,-165.4656219482422,-0.7733126878738403,0.0001499306963523,-0.0007759268046356,-9.760176908457652e-06,0.0,0.0,0.0,0.0,156.9370528583881,0.4420762052348961,0.4639478126055686,0.0627930799948783,0.0627930799948783
BH032,147,987213,1.4700005054473877,0.4231990888593681,3562,1,1,SHELF_NORMAL_Y_NEG,70.98076211353316,28.89403051151763,717.5247913859318,27.622350692749023,-137.74371337890625,0.0346984006464481,0.0003346749872434,-0.0007088639540597,4.379444078494999e-07,0.0,0.0,0.0,0.0,153.43120152633287,0.4322005676798109,-0.9066287324771132,0.0534413913925247,0.0534413913925247
BH032,148,994076,1.4800008535385132,0.4302345037273773,3023,2,1,SHELF_NORMAL_Y_POS,779.9393102292058,-25.04300957874569,1741.5247913859318,8.373132705688477,-153.64202880859375,-6.798849105834961,0.0002643988118506,-0.0007580426754429,-8.58102212077938e-05,0.0,0.0,0.0,0.0,158.43333144135147,0.4462910744826802,-0.0404048181818609,0.0596332951456411,0.0596332951456411
BH032,148,994076,1.4800008535385132,0.4302345037273773,3944,2,5,SHELF_NORMAL_Y_NEG,-289.01923788646684,22.63576178657993,2802.4752086140675,-18.97040367126465,-166.0172882080078,-0.1296068131923675,0.0001496822223998,-0.0007782785687595,-1.635728494875366e-06,0.0,0.0,0.0,0.0,157.3920316263023,0.4433578355670487,0.4743806806082351,0.0631838848266775,0.0631838848266775
BH032,148,994076,1.4800008535385132,0.4302345037273773,3536,1,5,SHELF_NORMAL_Y_POS,160.98076211353316,-21.36871258581148,946.475208614068,-12.473254203796388,-170.0347442626953,-0.5109083652496338,0.0001870707637863,-0.000807253003586,-6.448338353948202e-06,0.0,0.0,0.0,0.0,164.1563060632142,0.462412129755533,0.703439457258847,0.0674660610433165,0.0674660610433165
BH032,148,994076,1.4800008535385132,0.4302345037273773,5009,3,5,SIDE_NORMAL_X_POS,-800.0,24.15470053837925,2637.524791385932,-72.23372650146484,-352.9186096191406,-45.89396286010742,0.0009443627786822,-0.0038555967621505,0.0009295393247157,0.0007810451788827,-0.00224757543765,0.0015087861102074,0.0025975352618843,332.55886308487453,0.936785529816548,-0.1431158992835469,0.2911468970443148,0.2925799364393046
BH032,148,994076,1.4800008535385132,0.4302345037273773,4371,1,1,SHELF_NORMAL_Y_POS,-796.8452994616207,-25.01400788112261,1906.475208614068,1.9212422370910645,-154.58096313476562,9.501550674438477,0.0002344448585063,-0.0007531850715167,0.000119923010061,0.0,0.0,0.0,0.0,156.4186408535979,0.4406158897284448,-0.0045722577082175,0.0590085254708042,0.0590085254708042
BH032,148,994076,1.4800008535385132,0.4302345037273773,3944,1,1,SHELF_NORMAL_Y_NEG,-289.01923788646684,22.46877624313318,2765.524791385932,-19.14613914489746,-168.25929260253906,-0.8016149401664734,0.0001520940277259,-0.000788910780102,-1.0117367310158444e-05,0.0,0.0,0.0,0.0,159.55618484474144,0.449454041816173,0.4743806806082351,0.0649189155845958,0.0649189155845958
BH032,148,994076,1.4800008535385132,0.4302345037273773,3562,1,1,SHELF_NORMAL_Y_NEG,70.98076211353316,28.89403051151763,717.5247913859318,28.340728759765625,-139.90185546875,0.0333745144307613,0.0003413064405322,-0.0007203874411061,4.212334943076712e-07,0.0,0.0,0.0,0.0,156.01490297608123,0.4394785999326231,-0.9259482098878918,0.0552266180715747,0.0552266180715747
BH032,149,1000977,1.4900004863739014,0.4374565275295166,3023,2,1,SHELF_NORMAL_Y_POS,779.9393102292058,-25.04300957874569,1741.5247913859318,7.936554431915283,-156.5888214111328,-6.891191482543945,0.0002665719075594,-0.0007717085536569,-8.697585144545883e-05,0.0,0.0,0.0,0.0,161.14679379958068,0.453934630421354,-0.0410843865400329,0.0617788182772031,0.0617788182772031
BH032,149,1000977,1.4900004863739014,0.4374565275295166,3944,2,5,SHELF_NORMAL_Y_NEG,-289.01923788646684,22.63576178657993,2802.4752086140675,-19.36094665527344,-168.80670166015625,-0.1641491204500198,0.0001518494100309,-0.0007912493892945,-2.0716965991596226e-06,0.0,0.0,0.0,0.0,160.0074125460306,0.4507251057634664,0.4843633418500969,0.0653138721409595,0.0653138721409595
BH032,149,1000977,1.4900004863739014,0.4374565275295166,3536,1,5,SHELF_NORMAL_Y_POS,160.98076211353316,-21.36871258581148,946.475208614068,-12.727401733398438,-172.8415069580078,-0.5182428359985352,0.0001899247581604,-0.0008205083431676,-6.540903996210545e-06,0.0,0.0,0.0,0.0,166.84470538212778,0.4699850855834585,0.7167302465222443,0.0697026376463011,0.0697026376463011
BH032,149,1000977,1.4900004863739014,0.4374565275295166,5009,3,5,SIDE_NORMAL_X_POS,-800.0,24.15470053837925,2637.524791385932,-69.29438018798828,-342.0594787597656,37.67561340332031,0.0010998554062098,-0.0042825872078537,0.0021600874606519,0.0009380840347148,-0.0027229795232415,0.0016845790669322,0.0031369014177471,319.9405477630259,0.9012409796141576,-0.144718608522054,0.2700981522344995,0.2925799364393046
BH032,149,1000977,1.4900004863739014,0.4374565275295166,4371,1,1,SHELF_NORMAL_Y_POS,-796.8452994616207,-25.01400788112261,1906.475208614068,0.9721863269805908,-159.00985717773438,3.6135993003845215,0.0002362868690397,-0.0007732981466688,4.560903471428901e-05,0.0,0.0,0.0,0.0,159.62093012713717,0.4496364228933441,-0.0046537824831789,0.0616774700446253,0.0616774700446253
BH032,149,1000977,1.4900004863739014,0.4374565275295166,3944,1,1,SHELF_NORMAL_Y_NEG,-289.01923788646684,22.46877624313318,2765.524791385932,-19.456674575805664,-171.02272033691406,-0.8743429780006409,0.0001546101993881,-0.0008018716471269,-1.1035267561965156e-05,0.0,0.0,0.0,0.0,162.1792004828372,0.4568428182615132,0.4843633418500969,0.067069814248461,0.067069814248461
BH032,149,1000977,1.4900004863739014,0.4374565275295166,3562,1,1,SHELF_NORMAL_Y_NEG,70.98076211353316,28.89403051151763,717.5247913859318,28.77225685119629,-142.2139434814453,-0.0044544842094182,0.0003467651258688,-0.0007322372402995,-5.6219263910861634e-08,0.0,0.0,0.0,0.0,158.5700622880999,0.4466762317974645,-0.9422231079979494,0.0570539440901559,0.0570539440901559
BH032,150,1007950,1.5000001192092896,0.4446977318611647,3023,2,1,SHELF_NORMAL_Y_POS,779.9393102292058,-25.04300957874569,1741.5247913859318,7.076999187469482,-159.7223358154297,-7.1987409591674805,0.0002669645764399,-0.0007856723386794,-9.085746569326147e-05,0.0,0.0,0.0,0.0,163.85093509288998,0.4615519298391267,-0.0416514574873528,0.0640175986752437,0.0640175986752437
BH032,150,1007950,1.5000001192092896,0.4446977318611647,3944,2,5,SHELF_NORMAL_Y_NEG,-289.01923788646684,22.63576178657993,2802.4752086140675,-19.637365341186523,-171.54449462890625,-0.1624223589897155,0.0001544945262139,-0.0008041349356062,-2.049908516710275e-06,0.0,0.0,0.0,0.0,162.61776343561343,0.4580782068608829,0.4949282098403091,0.067455079911895,0.067455079911895
BH032,150,1007950,1.5000001192092896,0.4446977318611647,3536,1,5,SHELF_NORMAL_Y_POS,160.98076211353316,-21.36871258581148,946.475208614068,-13.005457878112791,-175.70602416992188,-0.5436000823974609,0.0001927449484355,-0.0008340019849129,-6.860970188427018e-06,0.0,0.0,0.0,0.0,169.58035874209222,0.4776911513861752,0.731387565938983,0.0720181206320563,0.0720181206320563
BH032,150,1007950,1.5000001192092896,0.4446977318611647,5009,3,5,SIDE_NORMAL_X_POS,-800.0,24.15470053837925,2637.524791385932,-66.77285766601562,-356.4354858398437,-10.813904762268066,0.0012771904002875,-0.004778638947755,0.0016588608268648,0.0010822410695254,-0.0031455771531909,0.001795353135094,0.0036214157007634,328.71792730590863,0.9259659924110102,-0.1468904601422986,0.2852758217290835,0.2925799364393046
BH032,150,1007950,1.5000001192092896,0.4446977318611647,4371,1,1,SHELF_NORMAL_Y_POS,-796.8452994616207,-25.01400788112261,1906.475208614068,-2.143069267272949,-164.19923400878906,10.41811466217041,0.000228721590247,-0.0007939492934383,0.0001314911642111,0.0,0.0,0.0,0.0,164.1331843418198,0.4623469981459712,-0.0047182001451991,0.0656216976939687,0.0656216976939687
BH032,150,1007950,1.5000001192092896,0.4446977318611647,3944,1,1,SHELF_NORMAL_Y_NEG,-289.01923788646684,22.46877624313318,2765.524791385932,-19.74850273132324,-173.88534545898438,-0.9162150025367736,0.0001573617628309,-0.0008153422968462,-1.1563733096409123e-05,0.0,0.0,0.0,0.0,164.90803453918855,0.4645296747582776,0.4949282098403091,0.0693394151337202,0.0693394151337202
BH032,150,1007950,1.5000001192092896,0.4446977318611647,3562,1,1,SHELF_NORMAL_Y_NEG,70.98076211353316,28.89403051151763,717.5247913859318,29.444772720336918,-144.41807556152344,0.0317574180662632,0.000353239593096,-0.0007439166656695,4.008246321518527e-07,0.0,0.0,0.0,0.0,161.1705172376899,0.4540014570075771,-0.9619170798584598,0.058916201433545,0.058916201433545
BH032,151,1014917,1.510001301765442,0.4519582273130414,3023,2,1,SHELF_NORMAL_Y_POS,779.9393102292058,-25.04300957874569,1741.5247913859318,6.391323089599609,-162.737060546875,-7.255431652069092,0.000268026109552,-0.0007993089966475,-9.15728960535489e-05,0.0,0.0,0.0,0.0,166.49993658933704,0.4690139058854564,-0.0420126160754185,0.0662285945031053,0.0662285945031053
BH032,151,1014917,1.510001301765442,0.4519582273130414,3944,2,5,SHELF_NORMAL_Y_NEG,-289.01923788646684,22.63576178657993,2802.4752086140675,-19.880847930908203,-174.416259765625,-0.2544746100902557,0.0001574930502101,-0.0008177183335646,-3.211736384400865e-06,0.0,0.0,0.0,0.0,165.37512182908662,0.4658454136030609,0.5051052048168919,0.0697457110610798,0.0697457110610798
BH032,151,1014917,1.510001301765442,0.4519582273130414,3536,1,5,SHELF_NORMAL_Y_POS,160.98076211353316,-21.36871258581148,946.475208614068,-13.25421905517578,-178.68350219726562,-0.5415059924125671,0.000195872678887,-0.000848087540362,-6.834565283497796e-06,0.0,0.0,0.0,0.0,172.4414036326361,0.485750432767989,0.7469068829096293,0.0744729190168643,0.0744729190168643
BH032,151,1014917,1.510001301765442,0.4519582273130414,5009,3,5,SIDE_NORMAL_X_POS,-800.0,24.15470053837925,2637.524791385932,-61.26836395263672,-354.7402038574219,34.344482421875,0.0014894183259457,-0.0053116776980459,0.0023097172379493,0.0012702136300504,-0.003678819630295,0.0018762415274977,0.0042289644479751,333.76444261507,0.9401815284931548,-0.1487359279147956,0.2903562633186418,0.2925799364393046
BH032,151,1014917,1.510001301765442,0.4519582273130414,4371,1,1,SHELF_NORMAL_Y_POS,-796.8452994616207,-25.01400788112261,1906.475208614068,-3.3954291343688965,-169.59893798828125,7.5234456062316895,0.0002305054513271,-0.0008183372556231,9.495654376223683e-05,0.0,0.0,0.0,0.0,168.43180884834592,0.4744557995728054,-0.0047566148454215,0.0693592683351669,0.0693592683351669
BH032,151,1014917,1.510001301765442,0.4519582273130414,3944,1,1,SHELF_NORMAL_Y_NEG,-289.01923788646684,22.46877624313318,2765.524791385932,-20.188796997070312,-176.76058959960938,-0.9512455463409424,0.0001594117347849,-0.0008286606171168,-1.200589304062305e-05,0.0,0.0,0.0,0.0,167.5888555469897,0.4720812832309569,0.5051052048168919,0.0716339004551866,0.0716339004551866
BH032,151,1014917,1.510001301765442,0.4519582273130414,3562,1,1,SHELF_NORMAL_Y_NEG,70.98076211353316,28.89403051151763,717.5247913859318,30.015361785888672,-146.76658630371094,0.036012303084135,0.0003594304143916,-0.000756153196562,4.545243541542732e-07,0.0,0.0,0.0,0.0,163.8493481068084,0.4615474594557983,-0.9805700742803984,0.060881746816347,0.060881746816347
BH032,152,1021900,1.520000457763672,0.45939692057253,3023,2,1,SHELF_NORMAL_Y_POS,779.9393102292058,-25.04300957874569,1741.5247913859318,5.498919486999512,-164.49588012695312,-7.146235942840576,0.0002662563929334,-0.0008065510774031,-9.01948442333378e-05,0.0,0.0,0.0,0.0,167.7703441001386,0.4725925185919397,-0.0423658863659978,0.0673931000419262,0.0673931000419262
BH032,152,1021900,1.520000457763672,0.45939692057253,3944,2,5,SHELF_NORMAL_Y_NEG,-289.01923788646684,22.63576178657993,2802.4752086140675,-20.153928756713867,-177.19371032714844,-0.2141323536634445,0.0001602129195816,-0.0008308064425364,-2.702569645407493e-06,0.0,0.0,0.0,0.0,168.0261288245242,0.4733130389423217,0.5145216083661371,0.0719920792553876,0.0719920792553876
BH032,152,1021900,1.520000457763672,0.45939692057253,3536,1,5,SHELF_NORMAL_Y_POS,160.98076211353316,-21.36871258581148,946.475208614068,-13.566752433776855,-181.5142517089844,-0.5481666326522827,0.0001984780828934,-0.0008613743120804,-6.918623967067106e-06,0.0,0.0,0.0,0.0,175.12801857185886,0.4933183621742503,0.7622978317543967,0.0768309433915665,0.0768309433915665
BH032,152,1021900,1.520000457763672,0.45939692057253,5009,3,5,SIDE_NORMAL_X_POS,-800.0,24.15470053837925,2637.524791385932,-59.17452621459961,-356.41046142578125,-60.627540588378906,0.0017111561028286,-0.0059038545005023,0.0011016809148713,0.0014793511945754,-0.0042598382569849,0.0018668880220502,0.0048845466226339,347.08315632863804,0.9776990319116564,-0.1509282462792394,0.3093178257020388,0.3093178257020388
BH032,152,1021900,1.520000457763672,0.45939692057253,4371,1,1,SHELF_NORMAL_Y_POS,-796.8452994616207,-25.01400788112261,1906.475208614068,-7.438299655914307,-178.34754943847656,-0.2418686002492904,0.0002236194704892,-0.0008549147169105,-3.0519149731844664e-06,0.0,0.0,0.0,0.0,174.7476743139061,0.492246969898327,-0.0047629553713248,0.0754031030329745,0.0754031030329745
BH032,152,1021900,1.520000457763672,0.45939692057253,3944,1,1,SHELF_NORMAL_Y_NEG,-289.01923788646684,22.46877624313318,2765.524791385932,-20.546688079833984,-179.68557739257812,-0.9634251594543456,0.000161935124197,-0.0008423384861089,-1.2159627658547834e-05,0.0,0.0,0.0,0.0,170.3523236323403,0.4798657003727896,0.5145216083661371,0.0740203667484957,0.0740203667484957
BH032,152,1021900,1.520000457763672,0.45939692057253,3562,1,1,SHELF_NORMAL_Y_NEG,70.98076211353316,28.89403051151763,717.5247913859318,30.4700984954834,-149.0612030029297,0.0610725358128547,0.0003649794962257,-0.0007679561385884,7.708193834332633e-07,0.0,0.0,0.0,0.0,166.40189262722788,0.4687377257105011,-0.9990726511527824,0.062795356308408,0.062795356308408
BH032,153,1028878,1.530001163482666,0.4667232831391056,3023,2,1,SHELF_NORMAL_Y_POS,779.9393102292058,-25.04300957874569,1741.5247913859318,4.9142045974731445,-166.9551544189453,-6.889883518218994,0.0002669982786756,-0.0008176375413313,-8.695950236869976e-05,0.0,0.0,0.0,0.0,169.8853621298227,0.4785503158586555,-0.0426686056388974,0.0692116111143994,0.0692116111143994
BH032,153,1028878,1.530001163482666,0.4667232831391056,3944,2,5,SHELF_NORMAL_Y_NEG,-289.01923788646684,22.63576178657993,2802.4752086140675,-20.48658943176269,-180.0977325439453,-0.1964194923639297,0.000162825876032,-0.000844418129418,-2.4790342649794184e-06,0.0,0.0,0.0,0.0,170.77886593969347,0.4810672279991365,0.5249129480939381,0.0743705864613509,0.0743705864613509
BH032,153,1028878,1.530001163482666,0.4667232831391056,3536,1,5,SHELF_NORMAL_Y_POS,160.98076211353316,-21.36871258581148,946.475208614068,-13.86485195159912,-184.4690704345703,-0.6080814003944397,0.000201332848519,-0.0008752813446335,-7.674849257455207e-06,0.0,0.0,0.0,0.0,177.94534274427727,0.501254486603598,0.7776775208688675,0.0793370779634712,0.0793370779634712
BH032,153,1028878,1.530001163482666,0.4667232831391056,5009,3,5,SIDE_NORMAL_X_POS,-800.0,24.15470053837925,2637.524791385932,-50.33800506591797,-334.06646728515625,-83.4601058959961,0.0020201047882437,-0.0066156205721199,0.0007416479638777,0.0017779433401301,-0.0050671845674514,0.0017950334586203,0.0058011193759739,343.8238613365278,0.9685179192578248,-0.1530468858546821,0.2965133071218833,0.3093178257020388
BH032,153,1028878,1.530001163482666,0.4667232831391056,4371,1,1,SHELF_NORMAL_Y_POS,-796.8452994616207,-25.01400788112261,1906.475208614068,-12.166831970214844,-192.5395965576172,-1.221604824066162,0.000221333335503,-0.0009169239783659,-1.5418176189996302e-05,0.0,0.0,0.0,0.0,186.76565015781276,0.5261004229797541,-0.0046255252215243,0.086933553380538,0.086933553380538
BH032,153,1028878,1.530001163482666,0.4667232831391056,3944,1,1,SHELF_NORMAL_Y_NEG,-289.01923788646684,22.46877624313318,2765.524791385932,-20.854143142700195,-182.58901977539065,-1.0026438236236572,0.0001646709715714,-0.0008559843408875,-1.265461560251424e-05,0.0,0.0,0.0,0.0,173.1153481294598,0.4876488679703092,0.5249129480939381,0.076435995033774,0.076435995033774
BH032,153,1028878,1.530001163482666,0.4667232831391056,3562,1,1,SHELF_NORMAL_Y_NEG,70.98076211353316,28.89403051151763,717.5247913859318,31.18993186950684,-151.2207489013672,0.1063741594552993,0.0003716177307069,-0.0007794882985763,1.3425917586573632e-06,0.0,0.0,0.0,0.0,168.98853674196266,0.4760240471604582,-1.0204467659181415,0.0647314674604555,0.0647314674604555
BH032,154,1035858,1.5400011539459229,0.4740037935913492,3023,2,1,SHELF_NORMAL_Y_POS,779.9393102292058,-25.04300957874569,1741.5247913859318,4.185927391052246,-169.3848419189453,-6.458008766174316,0.0002670003741513,-0.0008283673669211,-8.150846406351775e-05,0.0,0.0,0.0,0.0,171.88047283248548,0.4841703460070014,-0.0429364330811652,0.0709797138938652,0.0709797138938652
BH032,154,1035858,1.5400011539459229,0.4740037935913492,3944,2,5,SHELF_NORMAL_Y_NEG,-289.01923788646684,22.63576178657993,2802.4752086140675,-20.907793045043945,-183.0438232421875,-0.2326458394527435,0.0001650728227104,-0.0008581092697568,-2.936252485596924e-06,0.0,0.0,0.0,0.0,173.53759545087098,0.488838297044707,0.5346460399289807,0.0768100724646682,0.0768100724646682
BH032,154,1035858,1.5400011539459229,0.4740037935913492,3536,1,5,SHELF_NORMAL_Y_POS,160.98076211353316,-21.36871258581148,946.475208614068,-14.052166938781738,-187.3050537109375,-0.6691089868545532,0.0002045531145995,-0.0008887751027941,-8.445068488072138e-06,0.0,0.0,0.0,0.0,180.69296549289865,0.5089942689940807,0.7936847056239569,0.0818009126652885,0.0818009126652885
BH032,154,1035858,1.5400011539459229,0.4740037935913492,5009,3,5,SIDE_NORMAL_X_POS,-800.0,24.15470053837925,2637.524791385932,-45.031036376953125,-339.32281494140625,67.79631042480469,0.0023594053927809,-0.0074459109455347,0.0025638937950134,0.0020838237833231,-0.0058642369695007,0.0017082158010452,0.0067209186963737,340.1128166879854,0.9580642723605224,-0.154706074217471,0.2911588520841991,0.3093178257020388
BH032,154,1035858,1.5400011539459229,0.4740037935913492,4371,1,1,SHELF_NORMAL_Y_POS,-796.8452994616207,-25.01400788112261,1906.475208614068,-24.71847915649414,-213.33245849609372,-2.181300640106201,0.0001906848629005,-0.0009995881700888,-2.7530346415005624e-05,0.0,0.0,0.0,0.0,202.1453965553157,0.5694236522684949,-0.0044168526199622,0.1042947098652515,0.1042947098652515
BH032,154,1035858,1.5400011539459229,0.4740037935913492,3944,1,1,SHELF_NORMAL_Y_NEG,-289.01923788646684,22.46877624313318,2765.524791385932,-21.229900360107425,-185.4779815673828,-1.0441824197769165,0.0001670532801654,-0.0008694597054272,-1.3178899280319456e-05,0.0,0.0,0.0,0.0,175.83623687601605,0.4953133433127212,0.5346460399289807,0.0788663200865971,0.0788663200865971
BH032,154,1035858,1.5400011539459229,0.4740037935913492,3562,1,1,SHELF_NORMAL_Y_NEG,70.98076211353316,28.89403051151763,717.5247913859318,31.786481857299805,-153.46017456054688,0.1108604073524475,0.0003777749370783,-0.0007912264554761,1.3992137155582896e-06,0.0,0.0,0.0,0.0,171.57622658630365,0.4833133143276159,-1.040114011365071,0.0667135049258474,0.0667135049258474
BH032,155,1042818,1.5500009059906006,0.4815508658166004,3023,2,1,SHELF_NORMAL_Y_POS,779.9393102292058,-25.04300957874569,1741.5247913859318,3.3966643810272217,-171.8733367919922,-5.900360107421875,0.0002667928056325,-0.0008392991730943,-7.447003008564934e-05,0.0,0.0,0.0,0.0,173.8971535656991,0.4898511368047862,-0.0430357922516937,0.0728007553256086,0.0728007553256086
BH032,155,1042818,1.5500009059906006,0.4815508658166004,3944,2,5,SHELF_NORMAL_Y_NEG,-289.01923788646684,22.63576178657993,2802.4752086140675,-21.17772483825684,-185.78225708007807,-0.2408957779407501,0.0001677498075878,-0.0008710094261914,-3.040394176423433e-06,0.0,0.0,0.0,0.0,176.15127489504144,0.4962007743522294,0.5447278124573559,0.0791327104767635,0.0791327104767635
BH032,155,1042818,1.5500009059906006,0.4815508658166004,3536,1,5,SHELF_NORMAL_Y_POS,160.98076211353316,-21.36871258581148,946.475208614068,-14.371376037597656,-190.3228302001953,-0.6544681191444397,0.0002073978830594,-0.0009029553621076,-8.26022915134672e-06,0.0,0.0,0.0,0.0,183.5630686408257,0.5170790665938751,0.8098800313902876,0.0844377622414156,0.0844377622414156
BH032,155,1042818,1.5500009059906006,0.4815508658166004,5009,3,5,SIDE_NORMAL_X_POS,-800.0,24.15470053837925,2637.524791385932,-39.303955078125,-331.349365234375,7.0778093338012695,0.0026797137688845,-0.0081843612715601,0.0017013039905577,0.0023879355285316,-0.0066330577246844,0.0016119768843054,0.0075911493040621,313.78997484713614,0.8839154221046088,-0.1568208245899753,0.2516016122734292,0.3093178257020388
BH032,155,1042818,1.5500009059906006,0.4815508658166004,4371,1,1,SHELF_NORMAL_Y_POS,-796.8452994616207,-25.01400788112261,1906.475208614068,-36.788177490234375,-236.1317901611328,38.86098098754883,0.0001652973296586,-0.0010926903923973,0.0004904786474071,0.0,0.0,0.0,0.0,230.12010266416016,0.6482256413074934,-0.0041373735064475,0.1354985910892934,0.1354985910892934
BH032,155,1042818,1.5500009059906006,0.4815508658166004,3944,1,1,SHELF_NORMAL_Y_NEG,-289.01923788646684,22.46877624313318,2765.524791385932,-21.575759887695312,-188.41375732421875,-1.0780667066574097,0.0001696500257821,-0.0008832062012515,-1.3606588254333474e-05,0.0,0.0,0.0,0.0,178.61571616088895,0.5031428624250393,0.5447278124573559,0.0813810414895924,0.0813810414895924
BH032,155,1042818,1.5500009059906006,0.4815508658166004,3562,1,1,SHELF_NORMAL_Y_NEG,70.98076211353316,28.89403051151763,717.5247913859318,32.39103698730469,-155.8214874267578,0.126453548669815,0.0003841482393909,-0.0008035696228034,1.5960196151354469e-06,0.0,0.0,0.0,0.0,174.28936500876077,0.4909559577711571,-1.0612917403974853,0.0688267490293964,0.0688267490293964
BH032,156,1049799,1.5600000619888306,0.4891437413747821,3023,2,1,SHELF_NORMAL_Y_POS,779.9393102292058,-25.04300957874569,1741.5247913859318,1.1269090175628662,-174.58441162109375,-4.885324954986572,0.0002597226412035,-0.000849150121212,-6.165906233945861e-05,0.0,0.0,0.0,0.0,175.35485922137008,0.4939573499193523,-0.0430771018532231,0.0744221763518307,0.0744221763518307
BH032,156,1049799,1.5600000619888306,0.4891437413747821,3944,2,5,SHELF_NORMAL_Y_NEG,-289.01923788646684,22.63576178657993,2802.4752086140675,-21.58743667602539,-188.73069763183597,-0.3493117094039917,0.0001700544962659,-0.0008847242570482,-4.408746917761164e-06,0.0,0.0,0.0,0.0,178.9174326970475,0.5039927681606972,0.5551324499901851,0.0816520098072337,0.0816520098072337
BH032,156,1049799,1.5600000619888306,0.4891437413747821,3536,1,5,SHELF_NORMAL_Y_POS,160.98076211353316,-21.36871258581148,946.475208614068,-14.576849937438965,-193.44859313964844,-0.7141739130020142,0.0002109534834744,-0.0009178337058983,-9.01379007700598e-06,0.0,0.0,0.0,0.0,186.591805184838,0.5256107188305297,0.8272749293987112,0.0872417232989914,0.0872417232989914
BH032,156,1049799,1.5600000619888306,0.4891437413747821,5009,3,5,SIDE_NORMAL_X_POS,-800.0,24.15470053837925,2637.524791385932,-33.05794906616211,-323.7952880859375,98.36164855957033,0.0030556677374988,-0.0090308664366602,0.0027720748912543,0.0027445666491985,-0.0075071556493639,0.0015306293498724,0.0085940044373273,352.5014186691697,0.9929617427300556,-0.1581519191968281,0.3026023486887763,0.3093178257020388
BH032,156,1049799,1.5600000619888306,0.4891437413747821,4371,1,1,SHELF_NORMAL_Y_POS,-796.8452994616207,-25.01400788112261,1906.475208614068,-46.8701400756836,-267.0060119628906,38.67636489868164,0.0001613180211279,-0.0012278781505301,0.0004881497879978,0.0,0.0,0.0,0.0,255.85541791922068,0.7207194870963963,-0.003736634405618,0.1695835585825164,0.1695835585825164
BH032,156,1049799,1.5600000619888306,0.4891437413747821,3944,1,1,SHELF_NORMAL_Y_NEG,-289.01923788646684,22.46877624313318,2765.524791385932,-21.993946075439453,-191.41964721679688,-1.190514326095581,0.0001719980355119,-0.0008971890201792,-1.502583472756669e-05,0.0,0.0,0.0,0.0,181.4370237272105,0.5110902076822832,0.5551324499901851,0.0839870640993849,0.0839870640993849
BH032,156,1049799,1.5600000619888306,0.4891437413747821,3562,1,1,SHELF_NORMAL_Y_NEG,70.98076211353316,28.89403051151763,717.5247913859318,33.02922058105469,-158.17355346679688,0.2206536382436752,0.0003906693600583,-0.0008159174467436,2.7849550860992167e-06,0.0,0.0,0.0,0.0,177.01496456552454,0.4986337030014776,-1.0820511574146818,0.0709787912716315,0.0709787912716315
BH032,157,1056789,1.5700005292892456,0.4966022146071425,3023,2,1,SHELF_NORMAL_Y_POS,779.9393102292058,-25.04300957874569,1741.5247913859318,0.2167553007602691,-178.102783203125,-3.906400680541992,0.000260427565081,-0.0008649031515233,-4.930380600853823e-05,0.0,0.0,0.0,0.0,178.33965624260355,0.5023652288524044,-0.0428080235575689,0.0771463217789737,0.0771463217789737
BH032,157,1056789,1.5700005292892456,0.4966022146071425,3944,2,5,SHELF_NORMAL_Y_NEG,-289.01923788646684,22.63576178657993,2802.4752086140675,-21.922548294067383,-191.70420837402344,-0.3529450893402099,0.0001727586932247,-0.0008986710454337,-4.454599093151046e-06,0.0,0.0,0.0,0.0,181.73835747158464,0.5119390351312244,0.5648682511334387,0.0842461015893611,0.0842461015893611
BH032,157,1056789,1.5700005292892456,0.4966022146071425,3536,1,5,SHELF_NORMAL_Y_POS,160.98076211353316,-21.36871258581148,946.475208614068,-14.929224967956545,-196.40603637695312,-0.6434876918792725,0.0002135496761184,-0.0009316763025708,-8.12157304608263e-06,0.0,0.0,0.0,0.0,189.3865497086356,0.533483238615875,0.8444642472766672,0.0899010915063226,0.0899010915063226
BH032,157,1056789,1.5700005292892456,0.4966022146071425,5009,3,5,SIDE_NORMAL_X_POS,-800.0,24.15470053837925,2637.524791385932,-33.806602478027344,-336.798095703125,-47.20495223999024,0.0033525011967867,-0.0097668105736374,0.0008899488020688,0.0030260949861258,-0.0081810820847749,0.0014857505448162,0.0093557629734277,331.4736291947005,0.9337285329428184,-0.1603618842608117,0.2755831530379705,0.3093178257020388
BH032,157,1056789,1.5700005292892456,0.4966022146071425,4371,1,1,SHELF_NORMAL_Y_POS,-796.8452994616207,-25.01400788112261,1906.475208614068,-63.11537170410156,-305.3409118652344,40.31352233886719,0.00013828498777,-0.0013903144281357,0.0005088137113489,0.0,0.0,0.0,0.0,287.78543692357886,0.8106632026016306,-0.0033957412998695,0.2181509627688343,0.2181509627688343
BH032,157,1056789,1.5700005292892456,0.4966022146071425,3944,1,1,SHELF_NORMAL_Y_NEG,-289.01923788646684,22.46877624313318,2765.524791385932,-22.22529983520508,-194.2764434814453,-1.1665399074554443,0.0001750364899635,-0.0009107192163355,-1.4723249478265645e-05,0.0,0.0,0.0,0.0,184.18341587487905,0.5188265235912086,0.5648682511334387,0.0865287920988013,0.0865287920988013
BH032,157,1056789,1.5700005292892456,0.4966022146071425,3562,1,1,SHELF_NORMAL_Y_NEG,70.98076211353316,28.89403051151763,717.5247913859318,33.73248672485352,-160.45965576171875,0.2081734091043472,0.0003974127757828,-0.0008280388428829,2.6274269657733385e-06,0.0,0.0,0.0,0.0,179.7164850651526,0.5062436199018383,-1.1045171549181745,0.0731349493033757,0.0731349493033757
BH032,158,1063780,1.5800012350082395,0.5041024661806868,3023,2,1,SHELF_NORMAL_Y_POS,779.9393102292058,-25.04300957874569,1741.5247913859318,-1.7271318435668943,-181.4796905517578,-3.577095031738281,0.0002559080021455,-0.0008784648962318,-4.514755346463062e-05,0.0,0.0,0.0,0.0,180.7285493253694,0.5090945051418857,-0.0424610964606962,0.0795724991331105,0.0795724991331105
BH032,158,1063780,1.5800012350082395,0.5041024661806868,3944,2,5,SHELF_NORMAL_Y_NEG,-289.01923788646684,22.63576178657993,2802.4752086140675,-22.324132919311523,-194.72369384765625,-0.3336929380893707,0.0001752068346831,-0.0009127453668043,-4.21159256802639e-06,0.0,0.0,0.0,0.0,184.57784342984192,0.5199375871263152,0.5771843749355474,0.0869111975900468,0.0869111975900468
BH032,158,1063780,1.5800012350082395,0.5041024661806868,3536,1,5,SHELF_NORMAL_Y_POS,160.98076211353316,-21.36871258581148,946.475208614068,-15.222734451293944,-199.49932861328125,-0.6716096997261047,0.0002166304475395,-0.00094626651844,-8.476480616081972e-06,0.0,0.0,0.0,0.0,192.34381101922537,0.541813552166832,0.863521048712779,0.0927430267045909,0.0927430267045909
BH032,158,1063780,1.5800012350082395,0.5041024661806868,5009,3,5,SIDE_NORMAL_X_POS,-800.0,24.15470053837925,2637.524791385932,-30.675073623657227,-343.20574951171875,-2.330553770065308,0.0036530354991555,-0.0104502001777291,0.0014111887430772,0.0033020831178873,-0.0088287573307752,0.0014406080590561,0.010074702091515,328.9674443588734,0.9266688573489392,-0.1623681765352789,0.2729067475350596,0.3093178257020388
BH032,158,1063780,1.5800012350082395,0.5041024661806868,4371,1,1,SHELF_NORMAL_Y_POS,-796.8452994616207,-25.01400788112261,1906.475208614068,-81.03438568115234,-349.010986328125,36.96955871582031,0.0001148981536971,-0.0015762076945975,0.0004666075110435,0.0,0.0,0.0,0.0,322.7903254162169,0.9092685222992024,-0.0028435480779118,0.2790250949682323,0.2790250949682323
BH032,158,1063780,1.5800012350082395,0.5041024661806868,3944,1,1,SHELF_NORMAL_Y_NEG,-289.01923788646684,22.46877624313318,2765.524791385932,-22.69744873046875,-197.43214416503903,-1.211811900138855,0.0001773403491824,-0.0009253472671844,-1.5294634067686275e-05,0.0,0.0,0.0,0.0,187.1305031863819,0.5271281779898082,0.5771843749355474,0.0893426746928439,0.0893426746928439
BH032,158,1063780,1.5800012350082395,0.5041024661806868,3562,1,1,SHELF_NORMAL_Y_NEG,70.98076211353316,28.89403051151763,717.5247913859318,34.40387344360352,-162.7103271484375,0.2402686923742294,0.0004039486811961,-0.000839942425955,3.0324938506964827e-06,0.0,0.0,0.0,0.0,182.363142545282,0.5136989930853013,-1.1281823382289051,0.0752810987935703,0.0752810987935703
BH032,159,1070770,1.5900005102157593,0.5115769347088406,3023,2,1,SHELF_NORMAL_Y_POS,779.9393102292058,-25.04300957874569,1741.5247913859318,-2.9787213802337646,-184.58074951171875,-3.464483499526977,0.0002543480950407,-0.000891693343874,-4.372633702587336e-05,0.0,0.0,0.0,0.0,183.2078578668892,0.5160784728644766,-0.042105872638049,0.0819923993821391,0.0819923993821391
BH032,159,1070770,1.5900005102157593,0.5115769347088406,3944,2,5,SHELF_NORMAL_Y_NEG,-289.01923788646684,22.63576178657993,2802.4752086140675,-22.61612701416016,-197.7727813720703,-0.3944124281406402,0.0001782310864655,-0.0009271249291487,-4.9779919208958745e-06,0.0,0.0,0.0,0.0,187.4917987347748,0.528145911928943,0.586438844380453,0.0896654771045967,0.0896654771045967
BH032,159,1070770,1.5900005102157593,0.5115769347088406,3536,1,5,SHELF_NORMAL_Y_POS,160.98076211353316,-21.36871258581148,946.475208614068,-15.361870765686035,-202.28216552734372,-0.7185782194137573,0.0002200066228397,-0.0009595691226422,-9.069299267139286e-06,0.0,0.0,0.0,0.0,195.05942208155804,0.5494631607931212,0.88270288410512,0.0953641534333431,0.0953641534333431
BH032,159,1070770,1.5900005102157593,0.5115769347088406,5009,3,5,SIDE_NORMAL_X_POS,-800.0,24.15470053837925,2637.524791385932,-27.40482521057129,-347.6513977050781,23.82194328308105,0.0039189513772726,-0.0110381320118904,0.001693018246442,0.003545633982867,-0.0093903401866555,0.0013923577498644,0.0106852063909173,337.3242474654689,0.9502091477900532,-0.1643192786358635,0.2849062652198102,0.3093178257020388
BH032,159,1070770,1.5900005102157593,0.5115769347088406,4371,1,1,SHELF_NORMAL_Y_POS,-796.8452994616207,-25.01400788112261,1906.475208614068,-103.11418151855467,-384.8994140625,39.75303268432617,7.744543836452067e-05,-0.0017811349825933,0.0005302893696352,1.7464701159042306e-05,-6.286169809754938e-05,2.855172351701185e-05,6.696191849187016e-05,351.89830370531,0.9912628273389016,-0.002435961721323,0.3375606575471416,0.3375606575471416
BH032,159,1070770,1.5900005102157593,0.5115769347088406,3944,1,1,SHELF_NORMAL_Y_NEG,-289.01923788646684,22.46877624313318,2765.524791385932,-22.94416618347168,-200.4464111328125,-1.286738038063049,0.000180531409569,-0.0009396176901645,-1.6240279364865273e-05,0.0,0.0,0.0,0.0,190.02918148090652,0.5352934689603002,0.586438844380453,0.0921099572798382,0.0921099572798382
BH032,159,1070770,1.5900005102157593,0.5115769347088406,3562,1,1,SHELF_NORMAL_Y_NEG,70.98076211353316,28.89403051151763,717.5247913859318,35.232139587402344,-164.79554748535156,0.3019676506519317,0.0004110083100385,-0.0008512751664966,3.8112102629384026e-06,0.0,0.0,0.0,0.0,184.9466123417117,0.5209763727935541,-1.153251417927205,0.0773828386859825,0.0773828386859825
BH032,160,1077761,1.6000012159347534,0.5191981321315351,3023,2,1,SHELF_NORMAL_Y_POS,779.9393102292058,-25.04300957874569,1741.5247913859318,-4.796370506286621,-188.0793914794922,-3.440899133682251,0.0002506213786546,-0.0009060325101017,-4.34287212556228e-05,0.0,0.0,0.0,0.0,185.82325899558865,0.5234457999875736,-0.0419779485304664,0.084677707315938,0.084677707315938
BH032,160,1077761,1.6000012159347534,0.5191981321315351,3944,2,5,SHELF_NORMAL_Y_NEG,-289.01923788646684,22.63576178657993,2802.4752086140675,-23.038576126098636,-200.83465576171875,-0.3891883492469787,0.0001806401705835,-0.0009413782390765,-4.9120485527964775e-06,0.0,0.0,0.0,0.0,190.36503051252484,0.5362395225704925,0.5990339647246844,0.0924512006362013,0.0924512006362013
BH032,160,1077761,1.6000012159347534,0.5191981321315351,3536,1,5,SHELF_NORMAL_Y_POS,160.98076211353316,-21.36871258581148,946.475208614068,-15.74950122833252,-205.65011596679688,-0.6497541069984436,0.0002230290119769,-0.0009753507911227,-8.200684533221647e-06,0.0,0.0,0.0,0.0,198.24832098474664,0.5584459746049201,0.9011659156773792,0.098535428767948,0.098535428767948
BH032,160,1077761,1.6000012159347534,0.5191981321315351,5009,3,5,SIDE_NORMAL_X_POS,-800.0,24.15470053837925,2637.524791385932,-24.47513008117676,-344.4764404296875,70.486572265625,0.0041630719788372,-0.0115583203732967,0.002244025003165,0.0037801540456712,-0.0099216662347316,0.0013543966924771,0.0112555483356118,354.59415523024734,0.9988567752964712,-0.1665388400473274,0.3085748552425667,0.3093178257020388
BH032,160,1077761,1.6000012159347534,0.5191981321315351,4371,1,1,SHELF_NORMAL_Y_POS,-796.8452994616207,-25.01400788112261,1906.475208614068,-118.59202575683594,-390.45062255859375,-5.355952739715576,6.118870078353211e-05,-0.0019888838287442,4.937307676300407e-05,6.825552554801106e-05,-0.0002661984181031,0.0001169723982457,0.0002847528958227,346.8392792512294,0.9770120542288152,-0.0018545925610685,0.3369117207053174,0.3375606575471416
BH032,160,1077761,1.6000012159347534,0.5191981321315351,3944,1,1,SHELF_NORMAL_Y_NEG,-289.01923788646684,22.46877624313318,2765.524791385932,-23.50336265563965,-203.5612030029297,-1.2994260787963867,0.0001823526836233,-0.0009539228631183,-1.6400415915995836e-05,0.0,0.0,0.0,0.0,192.89962201033237,0.5433792169305136,0.5990339647246844,0.0949575375136333,0.0949575375136333
BH032,160,1077761,1.6000012159347534,0.5191981321315351,3562,1,1,SHELF_NORMAL_Y_NEG,70.98076211353316,28.89403051151763,717.5247913859318,36.16481018066406,-166.97341918945312,0.3155125081539154,0.0004187074955552,-0.0008632056415081,3.982163434557151e-06,0.0,0.0,0.0,0.0,187.6882438136489,0.5286992783483068,-1.1795644274787844,0.079636780873195,0.079636780873195
BH032,161,1084751,1.610000491142273,0.5269240275440087,3023,2,1,SHELF_NORMAL_Y_POS,779.9393102292058,-25.04300957874569,1741.5247913859318,-5.372459411621094,-190.97537231445312,-3.462428092956543,0.0002520435373298,-0.000919253041502,-4.370041278889403e-05,0.0,0.0,0.0,0.0,188.44207051317272,0.5308227338399232,-0.0417514070720786,0.0871770981411404,0.0871770981411404
BH032,161,1084751,1.610000491142273,0.5269240275440087,3944,2,5,SHELF_NORMAL_Y_NEG,-289.01923788646684,22.63576178657993,2802.4752086140675,-23.37698554992676,-203.8324737548828,-0.4795332551002502,0.0001833631831686,-0.0009554381249472,-6.052309345250251e-06,0.0,0.0,0.0,0.0,193.2093731507118,0.5442517553541177,0.6095347105989419,0.0952333000147721,0.0952333000147721
BH032,161,1084751,1.610000491142273,0.5269240275440087,3536,1,5,SHELF_NORMAL_Y_POS,160.98076211353316,-21.36871258581148,946.475208614068,-16.019851684570312,-208.9050445556641,-0.7507994771003723,0.0002264557842863,-0.0009907588828355,-9.47603530221386e-06,0.0,0.0,0.0,0.0,201.3777955943102,0.5672613960403103,0.9206348227300388,0.1016755973161143,0.1016755973161143
BH032,161,1084751,1.610000491142273,0.5269240275440087,5009,3,5,SIDE_NORMAL_X_POS,-800.0,24.15470053837925,2637.524791385932,-21.350385665893555,-344.3860168457031,24.91628837585449,0.0044003031216561,-0.0120575269684195,0.0016326336190104,0.0040023368783295,-0.0104167442768812,0.0013181595131754,0.0117842406034469,336.9974147803227,0.9492884923389372,-0.1681867109785769,0.2822168516514516,0.3093178257020388
BH032,161,1084751,1.610000491142273,0.5269240275440087,4371,1,1,SHELF_NORMAL_Y_POS,-796.8452994616207,-25.01400788112261,1906.475208614068,-132.5267333984375,-390.9835205078125,49.69687271118164,4.9726480938261375e-05,-0.0022312288638204,0.000859785999637,0.0001236592361237,-0.0005262470804154,0.0002325450332136,0.0005667831283062,355.0000240285011,1.0000000676859186,-0.0014105570185155,0.3537950695539162,0.3537950695539162
BH032,161,1084751,1.610000491142273,0.5269240275440087,3944,1,1,SHELF_NORMAL_Y_NEG,-289.01923788646684,22.46877624313318,2765.524791385932,-23.86029624938965,-206.7154235839844,-1.420051097869873,0.000185212586075,-0.0009687119163572,-1.7922842744155787e-05,0.0,0.0,0.0,0.0,195.8936917665918,0.5518132162439205,0.6095347105989419,0.0979256456132851,0.0979256456132851
BH032,161,1084751,1.610000491142273,0.5269240275440087,3562,1,1,SHELF_NORMAL_Y_NEG,70.98076211353316,28.89403051151763,717.5247913859318,37.07186508178711,-169.03245544433594,0.4763484001159668,0.0004261084250174,-0.0008745193481445,6.012132416799432e-06,0.0,0.0,0.0,0.0,190.29798548658923,0.536050663342505,-1.20633026494272,0.0818092886509626,0.0818092886509626
BH032,162,1091742,1.620001196861267,0.5345274211077679,3023,2,1,SHELF_NORMAL_Y_POS,779.9393102292058,-25.04300957874569,1741.5247913859318,-6.943029403686523,-194.3534393310547,-3.4733636379241943,0.000249338656431,-0.0009333670022897,-4.383842315291986e-05,0.0,0.0,0.0,0.0,191.0713378767497,0.5382291207795766,-0.0416858397216858,0.089913530195183,0.089913530195183
BH032,162,1091742,1.620001196861267,0.5345274211077679,3944,2,5,SHELF_NORMAL_Y_NEG,-289.01923788646684,22.63576178657993,2802.4752086140675,-23.90513229370117,-206.9459228515625,-0.4938662648200989,0.0001853332069003,-0.000969782937318,-6.2332146626431495e-06,0.0,0.0,0.0,0.0,196.0911328518404,0.5523693883150433,0.6221245837888114,0.0981330974885535,0.0981330974885535
BH032,162,1091742,1.620001196861267,0.5345274211077679,3536,1,5,SHELF_NORMAL_Y_POS,160.98076211353316,-21.36871258581148,946.475208614068,-16.34248924255371,-212.11509704589844,-0.6711156964302063,0.0002295636950293,-0.0010058702901005,-8.470336979371496e-06,0.0,0.0,0.0,0.0,204.43765271253736,0.5758807118663025,0.9398995650997074,0.1048056535641401,0.1048056535641401
BH032,162,1091742,1.620001196861267,0.5345274211077679,5009,3,5,SIDE_NORMAL_X_POS,-800.0,24.15470053837925,2637.524791385932,-18.43634986877441,-341.4441833496094,-27.98094367980957,0.0046423031017184,-0.0125563647598028,0.0009379398543387,0.0042344718240201,-0.0109256403520703,0.0012910969089716,0.0123268291354179,336.1217704084521,0.946821888474513,-0.1704122663819259,0.2795945368601213,0.3093178257020388
BH032,162,1091742,1.620001196861267,0.5345274211077679,4371,1,1,SHELF_NORMAL_Y_POS,-796.8452994616207,-25.01400788112261,1906.475208614068,-146.20285034179688,-395.0733642578125,42.61585998535156,3.261230813222937e-05,-0.0024761371314525,0.0008795137982815,0.0001669753110036,-0.0007712197257205,0.0003416452091187,0.0008357890183106,353.75940865552985,0.9965053764944504,-0.0008737683529464,0.358066414133011,0.358066414133011
BH032,162,1091742,1.620001196861267,0.5345274211077679,3944,1,1,SHELF_NORMAL_Y_NEG,-289.01923788646684,22.46877624313318,2765.524791385932,-24.385459899902344,-209.8519592285156,-1.429942011833191,0.000187231824384,-0.000983175006695,-1.8047610865323804e-05,0.0,0.0,0.0,0.0,198.7996305639551,0.5599989593350848,0.6221245837888114,0.1008895028834906,0.1008895028834906
BH032,162,1091742,1.620001196861267,0.5345274211077679,3562,1,1,SHELF_NORMAL_Y_NEG,70.98076211353316,28.89403051151763,717.5247913859318,38.22175979614258,-170.99737548828125,0.508496105670929,0.0004345493216533,-0.0008857299690134,6.417860276997089e-06,0.0,0.0,0.0,0.0,192.9704683684698,0.5435787841365346,-1.235775509131809,0.0840331830269051,0.0840331830269051
BH032,163,1098732,1.6300004720687866,0.5421555642911161,3023,2,1,SHELF_NORMAL_Y_POS,779.9393102292058,-25.04300957874569,1741.5247913859318,-7.100280284881592,-197.2594451904297,-3.5735433101654053,0.0002528086188249,-0.0009472462697885,-4.510278085945174e-05,0.0,0.0,0.0,0.0,193.90568837101355,0.5462132066789114,-0.0415966294398652,0.0926113149607833,0.0926113149607833
BH032,163,1098732,1.6300004720687866,0.5421555642911161,3944,2,5,SHELF_NORMAL_Y_NEG,-289.01923788646684,22.63576178657993,2802.4752086140675,-24.23227882385254,-210.02456665039065,-0.523257851600647,0.0001882297947304,-0.0009842553408816,-6.604192549275467e-06,0.0,0.0,0.0,0.0,199.0200227893868,0.5606197825053149,0.6332908886167239,0.1010808710160207,0.1010808710160207
BH032,163,1098732,1.6300004720687866,0.5421555642911161,3536,1,5,SHELF_NORMAL_Y_POS,160.98076211353316,-21.36871258581148,946.475208614068,-16.683122634887695,-215.45738220214844,-0.7226652503013611,0.0002327768743271,-0.0010215976508334,-9.120957656705286e-06,0.0,0.0,0.0,0.0,207.62291523715544,0.5848532823581843,0.9594399239146444,0.1081152930492951,0.1081152930492951
BH032,163,1098732,1.6300004720687866,0.5421555642911161,5009,3,5,SIDE_NORMAL_X_POS,-800.0,24.15470053837925,2637.524791385932,-14.865059852600098,-336.730224609375,75.66801452636719,0.004901603795588,-0.0130759319290518,0.0022094408050179,0.004483310971409,-0.0114628719165921,0.0012544117635115,0.0129010574892163,354.65426050449645,0.999026085928159,-0.1724858634739117,0.3046220244104376,0.3093178257020388
BH032,163,1098732,1.6300004720687866,0.5421555642911161,4371,1,1,SHELF_NORMAL_Y_POS,-796.8452994616207,-25.01400788112261,1906.475208614068,-159.1994171142578,-396.2863464355469,-47.27475738525391,9.935465641319752e-06,-0.0027347796130925,-0.0001536409836262,0.0002056223456747,-0.0010429014218971,0.0004430306726135,0.0011381771182641,354.96968247355954,0.9999145985170692,-0.000441471727513,0.364914077508833,0.364914077508833
BH032,163,1098732,1.6300004720687866,0.5421555642911161,3944,1,1,SHELF_NORMAL_Y_NEG,-289.01923788646684,22.46877624313318,2765.524791385932,-24.71770668029785,-212.9477386474609,-1.4846065044403076,0.0001901267969515,-0.0009977197041735,-1.8737584468908608e-05,0.0,0.0,0.0,0.0,201.7442362148148,0.5682936231403233,0.6332908886167239,0.1038941463983504,0.1038941463983504
BH032,163,1098732,1.6300004720687866,0.5421555642911161,3562,1,1,SHELF_NORMAL_Y_NEG,70.98076211353316,28.89403051151763,717.5247913859318,39.43942260742188,-172.82342529296875,0.6435234546661377,0.000443116587121,-0.0008963612490333,8.122077815642115e-06,0.0,0.0,0.0,0.0,195.5523021073976,0.5508515552321058,-1.266171336517182,0.0861944028406389,0.0861944028406389
BH032,164,1105651,1.6400004625320437,0.5497929645476898,3023,2,1,SHELF_NORMAL_Y_POS,779.9393102292058,-25.04300957874569,1741.5247913859318,-8.187468528747559,-200.3600006103516,-3.3004398345947266,0.000252046593232,-0.0009607148822396,-4.165596692473628e-05,0.0,0.0,0.0,0.0,196.47748470340707,0.5534577033898791,-0.0416997413931701,0.0952830305012104,0.0952830305012104
BH032,164,1105651,1.6400004625320437,0.5497929645476898,3944,2,5,SHELF_NORMAL_Y_NEG,-289.01923788646684,22.63576178657993,2802.4752086140675,-24.644399642944336,-213.19667053222656,-0.5390552282333374,0.000190849910723,-0.0009990620892494,-6.803578344261041e-06,0.0,0.0,0.0,0.0,202.0072636076828,0.5690345453737544,0.6457853985588484,0.1041502498188225,0.1041502498188225
BH032,164,1105651,1.6400004625320437,0.5497929645476898,3536,1,5,SHELF_NORMAL_Y_POS,160.98076211353316,-21.36871258581148,946.475208614068,-16.960893630981445,-218.7179412841797,-0.7825698256492615,0.0002361771767027,-0.0010370201198384,-9.87698967946926e-06,0.0,0.0,0.0,0.0,210.75434814408732,0.5936742201241897,0.9784795595413702,0.1114066383254744,0.1114066383254744
BH032,164,1105651,1.6400004625320437,0.5497929645476898,5009,3,5,SIDE_NORMAL_X_POS,-800.0,24.15470053837925,2637.524791385932,-12.0234956741333,-338.8302307128906,-66.81791687011719,0.0051741851493716,-0.0136343501508235,0.0003691731253638,0.0047390549443662,-0.012006901204586,0.0012125136563554,0.0134848523885011,352.52016669195007,0.9930145540618311,-0.1746851779332965,0.3012993566335536,0.3093178257020388
BH032,164,1105651,1.6400004625320437,0.5497929645476898,4371,1,1,SHELF_NORMAL_Y_POS,-796.8452994616207,-25.01400788112261,1906.475208614068,-168.84165954589844,-396.4082336425781,40.99431228637695,-7.318740699702175e-06,-0.0029942383989691,0.0010543190874159,0.0002349944115849,-0.0013158065266907,0.0005369147402234,0.0014465228887274,351.79307922622604,0.9909664203555664,5.6412064491460445e-05,0.3637337953393858,0.364914077508833
BH032,164,1105651,1.6400004625320437,0.5497929645476898,3944,1,1,SHELF_NORMAL_Y_NEG,-289.01923788646684,22.46877624313318,2765.524791385932,-25.20094108581543,-216.2243194580078,-1.5131676197052002,0.0001925537508213,-0.0010129244765266,-1.909806996991392e-05,0.0,0.0,0.0,0.0,204.8068759818467,0.5769207774136527,0.6457853985588484,0.1070968142978052,0.1070968142978052
BH032,164,1105651,1.6400004625320437,0.5497929645476898,3562,1,1,SHELF_NORMAL_Y_NEG,70.98076211353316,28.89403051151763,717.5247913859318,41.1624870300293,-174.02879333496094,0.8581264615058899,0.0004532346792984,-0.000904714630451,1.0830621249624528e-05,0.0,0.0,0.0,0.0,197.8535780310623,0.5573340226227107,-1.3029165035145176,0.0880528285310113,0.0880528285310113
BH032,165,1112549,1.6500000953674316,0.5573962836072354,3023,2,1,SHELF_NORMAL_Y_POS,779.9393102292058,-25.04300957874569,1741.5247913859318,-8.791874885559082,-203.5335998535156,-3.0693893432617188,0.0002537337131798,-0.0009752410696819,-3.873982132063247e-05,0.0,0.0,0.0,0.0,199.3540690360655,0.5615607578480719,-0.0416452293072579,0.0981929887888407,0.0981929887888407
BH032,165,1112549,1.6500000953674316,0.5573962836072354,3944,2,5,SHELF_NORMAL_Y_NEG,-289.01923788646684,22.63576178657993,2802.4752086140675,-25.02932357788086,-216.2470550537109,-0.5867004990577698,0.0001934238098328,-0.0010133081814274,-7.40493078410509e-06,0.0,0.0,0.0,0.0,204.88477492701256,0.5771402110620072,0.657387427041823,0.1071456566113789,0.1071456566113789
BH032,165,1112549,1.6500000953674316,0.5573962836072354,3536,1,5,SHELF_NORMAL_Y_POS,160.98076211353316,-21.36871258581148,946.475208614068,-17.15542221069336,-221.79039001464844,-0.7608299851417542,0.0002397061471128,-0.0010516468901187,-9.602612408343704e-06,0.0,0.0,0.0,0.0,213.73374655842312,0.602066891713868,0.9986902455302388,0.1145677780496105,0.1145677780496105
BH032,165,1112549,1.6500000953674316,0.5573962836072354,5009,3,5,SIDE_NORMAL_X_POS,-800.0,24.15470053837925,2637.524791385932,-7.648338794708252,-329.9818725585937,3.0608928203582764,0.0054659633897244,-0.0141922933980822,0.0012282091192901,0.0050224815495312,-0.0126014202833175,0.0011895823990926,0.0141235692426562,326.2680299090419,0.9190648729832166,-0.1767235077032339,0.2608686224954611,0.3093178257020388
BH032,165,1112549,1.6500000953674316,0.5573962836072354,4371,1,1,SHELF_NORMAL_Y_POS,-796.8452994616207,-25.01400788112261,1906.475208614068,-179.5175323486328,-398.06439208984375,-39.526363372802734,-3.748903327505104e-05,-0.0032368304673582,0.0001377465669065,0.0002542358415666,-0.001565906452015,0.0006366259767673,0.0017325389198958,352.0074821520253,0.9915703722592264,0.0004890262225923,0.3686119585668537,0.3686119585668537
BH032,165,1112549,1.6500000953674316,0.5573962836072354,3944,1,1,SHELF_NORMAL_Y_NEG,-289.01923788646684,22.46877624313318,2765.524791385932,-25.629806518554688,-219.38758850097656,-1.585172414779663,0.0001950808655237,-0.0010276598623022,-2.000686617975589e-05,0.0,0.0,0.0,0.0,207.7798783312614,0.5852954319190462,0.657387427041823,0.1102434317153716,0.1102434317153716
BH032,165,1112549,1.6500000953674316,0.5573962836072354,3562,1,1,SHELF_NORMAL_Y_NEG,70.98076211353316,28.89403051151763,717.5247913859318,43.58241653442383,-174.5951690673828,1.137954831123352,0.0004658050020225,-0.0009109865641221,1.4362427464220673e-05,0.0,0.0,0.0,0.0,199.9901605065456,0.5633525648071708,-1.3481556548481255,0.0896821858722499,0.0896821858722499
BH032,166,1119540,1.660001277923584,0.5652384613746348,3023,2,1,SHELF_NORMAL_Y_POS,779.9393102292058,-25.04300957874569,1741.5247913859318,-10.054875373840332,-206.5731964111328,-3.268759489059448,0.0002520308480598,-0.0009881659643724,-4.125611303607002e-05,0.0,0.0,0.0,0.0,201.81321219037687,0.5684879216630334,-0.0414167679149253,0.1008673636422269,0.1008673636422269
BH032,166,1119540,1.660001277923584,0.5652384613746348,3944,2,5,SHELF_NORMAL_Y_NEG,-289.01923788646684,22.63576178657993,2802.4752086140675,-25.44321632385254,-219.4084930419922,-0.6866245269775391,0.0001960176741704,-0.0010280502028763,-8.666139365232084e-06,0.0,0.0,0.0,0.0,207.8614939901701,0.5855253351835777,0.6694353689801609,0.1102922673555039,0.1102922673555039
BH032,166,1119540,1.660001277923584,0.5652384613746348,3536,1,5,SHELF_NORMAL_Y_POS,160.98076211353316,-21.36871258581148,946.475208614068,-17.47287368774414,-224.9802398681641,-0.7192251086235046,0.0002428121806588,-0.0010666737798601,-9.077471077034716e-06,0.0,0.0,0.0,0.0,216.77617532113695,0.6106371135806675,1.0201761523505644,0.1178703381803322,0.1178703381803322
BH032,166,1119540,1.660001277923584,0.5652384613746348,5009,3,5,SIDE_NORMAL_X_POS,-800.0,24.15470053837925,2637.524791385932,-5.194202899932861,-334.0549621582031,-69.17545318603516,0.005787584464997,-0.0148431798443198,0.0002821114321704,0.0053262365981936,-0.0132289323955774,0.0011552082141861,0.0148051893338561,352.4773442415627,0.9928939274410218,-0.1782479932987313,0.2986550882151917,0.3093178257020388
BH032,166,1119540,1.660001277923584,0.5652384613746348,4371,1,1,SHELF_NORMAL_Y_POS,-796.8452994616207,-25.01400788112261,1906.475208614068,-186.2983245849609,-398.9259338378906,-30.00031852722168,-5.783432789030485e-05,-0.0034488153178244,0.0003396199317649,0.000265553680947,-0.0017835716716945,0.0007182689150795,0.0019834418781101,349.61377355492,0.9848275311406196,0.0008426126308002,0.3679600715273169,0.3686119585668537
BH032,166,1119540,1.660001277923584,0.5652384613746348,3944,1,1,SHELF_NORMAL_Y_NEG,-289.01923788646684,22.46877624313318,2765.524791385932,-26.05946350097656,-222.5534820556641,-1.7368361949920654,0.0001976061466848,-0.0010424046777188,-2.1921112420386635e-05,0.0,0.0,0.0,0.0,210.7571433435161,0.5936820939253975,0.6694353689801609,0.1134395079150309,0.1134395079150309
BH032,166,1119540,1.660001277923584,0.5652384613746348,3562,1,1,SHELF_NORMAL_Y_NEG,70.98076211353316,28.89403051151763,717.5247913859318,47.27526092529297,-173.6719512939453,1.653323531150818,0.0004823888011742,-0.0009118842426687,2.0867046259809285e-05,0.0,0.0,0.0,0.0,201.5328365570312,0.5676981311465668,-1.409384931566045,0.0906009031597554,0.0906009031597554
BH032,167,1126530,1.6700005531311035,0.5730489440449287,3023,2,1,SHELF_NORMAL_Y_POS,779.9393102292058,-25.04300957874569,1741.5247913859318,-11.029474258422852,-209.97105407714844,-3.241077423095703,0.0002522467693779,-0.0010032436111941,-4.09069107263349e-05,0.0,0.0,0.0,0.0,204.75628504472257,0.5767782677316129,-0.0414388553629193,0.1040042931853765,0.1040042931853765
BH032,167,1126530,1.6700005531311035,0.5730489440449287,3944,2,5,SHELF_NORMAL_Y_NEG,-289.01923788646684,22.63576178657993,2802.4752086140675,-25.844993591308597,-222.52926635742188,-0.7484980225563049,0.0001986131537705,-0.0010426129447296,-9.44708790484583e-06,0.0,0.0,0.0,0.0,210.8023988580072,0.5938095742479075,0.6810728208492617,0.113444221156208,0.113444221156208
BH032,167,1126530,1.6700005531311035,0.5730489440449287,3536,1,5,SHELF_NORMAL_Y_POS,160.98076211353316,-21.36871258581148,946.475208614068,-17.73902702331543,-228.3064422607422,-0.7167835235595703,0.0002463634300511,-0.0010824342025443,-9.046641025634017e-06,0.0,0.0,0.0,0.0,219.97752577136183,0.6196550021728502,1.0403886882956603,0.1213797348679522,0.1213797348679522
BH032,167,1126530,1.6700005531311035,0.5730489440449287,5009,3,5,SIDE_NORMAL_X_POS,-800.0,24.15470053837925,2637.524791385932,-3.7852566242218018,-334.1505126953125,-73.8305892944336,0.0061159040778875,-0.0155004849657416,0.000235045037698,0.0056475829333066,-0.01388372015208,0.0011668867664411,0.0155175859108567,356.03218338694376,1.002907558836461,-0.1800907974887562,0.303665417313366,0.3093178257020388
BH032,167,1126530,1.6700005531311035,0.5730489440449287,4371,1,1,SHELF_NORMAL_Y_POS,-796.8452994616207,-25.01400788112261,1906.475208614068,-193.56431579589844,-401.0048828125,10.662927627563477,-8.456931391265243e-05,-0.0036288294941186,0.0009068843792192,0.000271065684501,-0.0019640801474452,0.0007723070448264,0.0021927861962467,347.84036380695835,0.9798320107238264,0.0010534767682967,0.3689246516915234,0.3689246516915234
BH032,167,1126530,1.6700005531311035,0.5730489440449287,3944,1,1,SHELF_NORMAL_Y_NEG,-289.01923788646684,22.46877624313318,2765.524791385932,-26.473051071166992,-225.68209838867188,-1.7778687477111816,0.0002001565007958,-0.0010569900041446,-2.2438836822402664e-05,0.0,0.0,0.0,0.0,213.70124169384604,0.6019753287150593,0.6810728208492617,0.1166422556925517,0.1166422556925517
BH032,167,1126530,1.6700005531311035,0.5730489440449287,3562,1,1,SHELF_NORMAL_Y_NEG,70.98076211353316,28.89403051151763,717.5247913859318,53.44081115722656,-170.10862731933594,2.384795427322388,0.0005071294144727,-0.0009035688708536,3.009925967489835e-05,0.0,0.0,0.0,0.0,202.2391410239108,0.5696877211941148,-1.4973305931150098,0.0904360626999164,0.0906009031597554
BH032,168,1133521,1.6800012588500977,0.5810333524902742,3023,2,1,SHELF_NORMAL_Y_POS,779.9393102292058,-25.04300957874569,1741.5247913859318,-12.356613159179688,-213.0978240966797,-3.2082033157348637,0.0002503555151633,-0.0010164896957576,-4.049184644827619e-05,0.0,0.0,0.0,0.0,207.27054506519912,0.5838606903245046,-0.0414318407373594,0.1068271586694772,0.1068271586694772
BH032,168,1133521,1.6800012588500977,0.5810333524902742,3944,2,5,SHELF_NORMAL_Y_NEG,-289.01923788646684,22.63576178657993,2802.4752086140675,-26.234453201293945,-225.5988922119141,-0.8450897932052612,0.0002011932519963,-0.0010569505393505,-1.0666215530363845e-05,0.0,0.0,0.0,0.0,213.69788406133603,0.6019658705953128,0.6920206345654452,0.1165905892639081,0.1165905892639081
BH032,168,1133521,1.6800012588500977,0.5810333524902742,3536,1,5,SHELF_NORMAL_Y_POS,160.98076211353316,-21.36871258581148,946.475208614068,-18.02975273132324,-231.52040100097656,-0.7733290195465088,0.000249633390922,-0.0010976222110912,-9.760308785189409e-06,0.0,0.0,0.0,0.0,223.0567340257152,0.6283288282414513,1.0577351536166553,0.1248136793012452,0.1248136793012452
BH032,168,1133521,1.6800012588500977,0.5810333524902742,5009,3,5,SIDE_NORMAL_X_POS,-800.0,24.15470053837925,2637.524791385932,-1.3862119913101196,-332.52276611328125,-47.43529891967773,0.006432197522372,-0.0161157306283712,0.0005685213254764,0.005954613443464,-0.0145033113658428,0.0011672177352011,0.0161870494484901,341.8518498887208,0.9629629574330164,-0.18183682609072,0.2819931800180579,0.3093178257020388
BH032,168,1133521,1.6800012588500977,0.5810333524902742,4371,1,1,SHELF_NORMAL_Y_POS,-796.8452994616207,-25.01400788112261,1906.475208614068,-198.6567230224609,-401.346923828125,37.0515022277832,-0.0001067543344106,-0.0038041721563786,0.0012916820123791,0.0002730998967308,-0.0021451825741678,0.0008240437018685,0.0024047826882451,353.45724442637646,0.9956542096517648,0.0013104885107301,0.3793094020963538,0.3793094020963538
BH032,168,1133521,1.6800012588500977,0.5810333524902742,3944,1,1,SHELF_NORMAL_Y_NEG,-289.01923788646684,22.46877624313318,2765.524791385932,-26.84058952331543,-228.84385681152344,-1.8832522630691528,0.000202976327273,-0.0010717955883592,-2.3768934624968097e-05,0.0,0.0,0.0,0.0,216.69855545891565,0.6104184660814526,0.6920206345654452,0.119934267372093,0.119934267372093
BH032,168,1133521,1.6800012588500977,0.5810333524902742,3562,1,1,SHELF_NORMAL_Y_NEG,70.98076211353316,28.89403051151763,717.5247913859318,61.15294647216797,-165.5712432861328,3.450698137283325,0.0005379604408517,-0.0008927700691856,4.355244163889438e-05,0.0,0.0,0.0,0.0,203.25946668348504,0.5725618779816479,-1.602416469960847,0.0904293287424813,0.0906009031597554
BH032,169,1140511,1.6900005340576172,0.5890393198549596,3023,2,1,SHELF_NORMAL_Y_POS,779.9393102292058,-25.04300957874569,1741.5247913859318,-12.592723846435549,-216.1616973876953,-3.353813886642456,0.0002536719257477,-0.0010310218203812,-4.232975697959773e-05,0.0,0.0,0.0,0.0,210.22877004059373,0.5921937184242076,-0.0415504083774506,0.109910937635875,0.109910937635875
BH032,169,1140511,1.6900005340576172,0.5890393198549596,3944,2,5,SHELF_NORMAL_Y_NEG,-289.01923788646684,22.63576178657993,2802.4752086140675,-26.7242374420166,-228.81829833984372,-0.9213860630989076,0.0002035031648119,-0.0010718670673668,-1.1629120308498386e-05,0.0,0.0,0.0,0.0,216.7015247821728,0.6104268303723178,0.7045920551664647,0.1199194904360082,0.1199194904360082
BH032,169,1140511,1.6900005340576172,0.5890393198549596,3536,1,5,SHELF_NORMAL_Y_POS,160.98076211353316,-21.36871258581148,946.475208614068,-18.31877326965332,-234.8565216064453,-0.7448143362998962,0.0002530876954551,-0.0011133967200294,-9.400444469065404e-06,0.0,0.0,0.0,0.0,226.25769394688533,0.6373456167517897,1.0808488672006953,0.1284290430229259,0.1284290430229259
BH032,169,1140511,1.6900005340576172,0.5890393198549596,5009,3,5,SIDE_NORMAL_X_POS,-800.0,24.15470053837925,2637.524791385932,0.029645811766386,-333.79229736328125,49.75627136230469,0.0067388908937573,-0.0167192015796899,0.0018308203434571,0.0062525998800992,-0.0150984935462474,0.0012028244091197,0.0168293267488479,344.7524529589107,0.9711336703067908,-0.1837378267637955,0.2861730088067742,0.3093178257020388
BH032,169,1140511,1.6900005340576172,0.5890393198549596,4371,1,1,SHELF_NORMAL_Y_POS,-796.8452994616207,-25.01400788112261,1906.475208614068,-203.8448486328125,-400.6886291503906,-34.88723373413086,-0.0001336842688033,-0.0039955740794539,0.0004200758703518,0.0002723112702369,-0.0023473314940929,0.0008603978785686,0.0026436364278197,352.2458574907058,0.9922418520864952,0.0015390184937637,0.3792779973334613,0.3793094020963538
BH032,169,1140511,1.6900005340576172,0.5890393198549596,3944,1,1,SHELF_NORMAL_Y_NEG,-289.01923788646684,22.46877624313318,2765.524791385932,-27.240568161010746,-232.086181640625,-1.9907010793685915,0.0002057572564808,-0.0010869455290958,-2.512507307983469e-05,0.0,0.0,0.0,0.0,219.7629938920834,0.6190506870199532,0.7045920551664647,0.1233531868797088,0.1233531868797088
BH032,169,1140511,1.6900005340576172,0.5890393198549596,3562,1,1,SHELF_NORMAL_Y_NEG,70.98076211353316,28.89403051151763,717.5247913859318,60.79658508300781,-169.0269317626953,2.800837278366089,0.0005412636674009,-0.0009090255480259,3.535044743330218e-05,0.0,0.0,0.0,0.0,206.31559011736456,0.5811706763869424,-1.610573387475352,0.0933245288901583,0.0933245288901583
BH032,170,1147502,1.700001239776611,0.5969297377910032,3023,2,1,SHELF_NORMAL_Y_POS,779.9393102292058,-25.04300957874569,1741.5247913859318,-12.79858112335205,-218.98831176757807,-3.3126041889190674,0.0002567887713667,-0.0010444424115121,-4.1809704271145165e-05,0.0,0.0,0.0,0.0,212.9550768023601,0.5998734557812961,-0.0414703343621066,0.1127897076518938,0.1127897076518938
BH032,170,1147502,1.700001239776611,0.5969297377910032,3944,2,5,SHELF_NORMAL_Y_NEG,-289.01923788646684,22.63576178657993,2802.4752086140675,-26.98046112060547,-231.86004638671875,-0.9577963352203368,0.0002066891320282,-0.0010862629860639,-1.2088702533219475e-05,0.0,0.0,0.0,0.0,219.62260254179785,0.6186552184275995,0.7148407512358765,0.1231503730586719,0.1231503730586719
BH032,170,1147502,1.700001239776611,0.5969297377910032,3536,1,5,SHELF_NORMAL_Y_POS,160.98076211353316,-21.36871258581148,946.475208614068,-18.714649200439453,-238.13238525390625,-0.7086531519889832,0.0002559361455496,-0.0011287275701761,-8.94400909601245e-06,0.0,0.0,0.0,0.0,229.3517244670052,0.6460611956817047,1.1031255990187578,0.1320016224406236,0.1320016224406236
BH032,170,1147502,1.700001239776611,0.5969297377910032,5009,3,5,SIDE_NORMAL_X_POS,-800.0,24.15470053837925,2637.524791385932,2.8413238525390625,-334.6698608398437,-75.94287109375,0.0070485211908817,-0.0173110533505678,0.0002582757442723,0.0065472940914332,-0.0156819727271795,0.0012167760869488,0.0174568127840757,360.9222261706964,1.0166823272413985,-0.1859888184484317,0.3097653337763942,0.3097653337763942
BH032,170,1147502,1.700001239776611,0.5969297377910032,4371,1,1,SHELF_NORMAL_Y_POS,-796.8452994616207,-25.01400788112261,1906.475208614068,-206.73670959472656,-399.5247192382813,-44.95711517333984,-0.0001539878285257,-0.0042075091041624,0.0003195948956999,0.0002677401935216,-0.0025691206101328,0.0008870132151059,0.0029084763955324,354.7211145865571,0.9992144072860764,0.0018612301001937,0.3836389191596622,0.3836389191596622
BH032,170,1147502,1.700001239776611,0.5969297377910032,3944,1,1,SHELF_NORMAL_Y_NEG,-289.01923788646684,22.46877624313318,2765.524791385932,-27.646738052368164,-235.2823944091797,-2.040443181991577,0.0002084392908727,-0.0011018695076927,-2.5752888177521527e-05,0.0,0.0,0.0,0.0,222.77757235059656,0.6275424573256242,0.7148407512358765,0.1267682952359921,0.1267682952359921
BH032,170,1147502,1.700001239776611,0.5969297377910032,3562,1,1,SHELF_NORMAL_Y_NEG,70.98076211353316,28.89403051151763,717.5247913859318,61.03018569946289,-170.32052612304688,2.2460434436798096,0.000544280395843,-0.000915641663596,2.8348165869829245e-05,0.0,0.0,0.0,0.0,207.7103576052838,0.5850995988881234,-1.6189320724525715,0.0946131500275905,0.0946131500275905
BH032,171,1154492,1.7100005149841309,0.6048225257093817,3023,2,1,SHELF_NORMAL_Y_POS,779.9393102292058,-25.04300957874569,1741.5247913859318,-12.927312850952148,-222.1962432861328,-3.1857831478118896,0.0002608361537568,-0.0010598252993077,-4.020894630230032e-05,0.0,0.0,0.0,0.0,216.093343811292,0.6087136445388507,-0.041742949452959,0.1161258872982359,0.1161258872982359
BH032,171,1154492,1.7100005149841309,0.6048225257093817,3944,2,5,SHELF_NORMAL_Y_NEG,-289.01923788646684,22.63576178657993,2802.4752086140675,-27.456344604492188,-235.13034057617188,-0.9640165567398072,0.0002091411733999,-0.0011014472693204,-1.2167231943749355e-05,0.0,0.0,0.0,0.0,222.68160284235705,0.6272721206826959,0.7270609332003969,0.1266292353690114,0.1266292353690114
BH032,171,1154492,1.7100005149841309,0.6048225257093817,3536,1,5,SHELF_NORMAL_Y_POS,160.98076211353316,-21.36871258581148,946.475208614068,-18.90732192993164,-241.39126586914065,-0.7841259837150574,0.0002597478742245,-0.0011442712275311,-9.896579285850748e-06,0.0,0.0,0.0,0.0,232.51884277684172,0.6549826557094134,1.1210949508028802,0.1356574141592731,0.1356574141592731
BH032,171,1154492,1.7100005149841309,0.6048225257093817,5009,3,5,SIDE_NORMAL_X_POS,-800.0,24.15470053837925,2637.524791385932,5.531463146209717,-335.7345275878906,67.42123413085938,0.0073403324931859,-0.0178649872541427,0.0020802321378141,0.0068244994617998,-0.0162268783897161,0.0012292881729081,0.0180404502898454,358.1092594455622,1.0087584773114429,-0.1881929832356191,0.3051433791731011,0.3097653337763942
BH032,171,1154492,1.7100005149841309,0.6048225257093817,4371,1,1,SHELF_NORMAL_Y_POS,-796.8452994616207,-25.01400788112261,1906.475208614068,-211.47671508789065,-398.369873046875,47.289310455322266,-0.0001868827239377,-0.0044395700097084,0.0014963090652599,0.0002595298574306,-0.0028136710170656,0.0008994561503641,0.0032029990106821,354.801129203156,0.9994398005722704,0.0021692855453376,0.3851754584533433,0.3851754584533433
BH032,171,1154492,1.7100005149841309,0.6048225257093817,3944,1,1,SHELF_NORMAL_Y_NEG,-289.01923788646684,22.46877624313318,2765.524791385932,-28.002124786376957,-238.4750823974609,-2.077849864959717,0.0002113633818225,-0.0011168509954586,-2.622507599880919e-05,0.0,0.0,0.0,0.0,225.80882906006204,0.636081208619893,0.7270609332003969,0.1302366518934593,0.1302366518934593
BH032,171,1154492,1.7100005149841309,0.6048225257093817,3562,1,1,SHELF_NORMAL_Y_NEG,70.98076211353316,28.89403051151763,717.5247913859318,67.87664794921875,-168.66213989257812,3.1415975093841557,0.0005750967538915,-0.0009175623999908,3.965129872085527e-05,0.0,0.0,0.0,0.0,211.02603243805987,0.5944395279945348,-1.7199276963332526,0.0969552603355515,0.0969552603355515
BH032,172,1161483,1.720001220703125,0.6128690521648117,3023,2,1,SHELF_NORMAL_Y_POS,779.9393102292058,-25.04300957874569,1741.5247913859318,-13.262561798095703,-225.12454223632807,-3.3990590572357178,0.0002634730481076,-0.0010735559044405,-4.290093056624755e-05,0.0,0.0,0.0,0.0,218.8741367003215,0.6165468639445676,-0.0421564317319514,0.1191713022777693,0.1191713022777693
BH032,172,1161483,1.720001220703125,0.6128690521648117,3944,2,5,SHELF_NORMAL_Y_NEG,-289.01923788646684,22.63576178657993,2802.4752086140675,-27.9666690826416,-238.4052581787109,-1.023550033569336,0.0002114333183271,-0.0011165974428877,-1.2918590982735624e-05,0.0,0.0,0.0,0.0,225.73201746275095,0.6358648379232422,0.7402872688678943,0.1301536033553634,0.1301536033553634
BH032,172,1161483,1.720001220703125,0.6128690521648117,3536,1,5,SHELF_NORMAL_Y_POS,160.98076211353316,-21.36871258581148,946.475208614068,-19.30843544006348,-244.88226318359372,-0.7450224757194519,0.0002628845977596,-0.0011606336338445,-9.403065632795917e-06,0.0,0.0,0.0,0.0,235.82516894392955,0.6642962505462804,1.143363082813805,0.1395754206953871,0.1395754206953871
BH032,172,1161483,1.720001220703125,0.6128690521648117,5009,3,5,SIDE_NORMAL_X_POS,-800.0,24.15470053837925,2637.524791385932,5.03009557723999,-339.1905212402344,18.514314651489254,0.0075975824147462,-0.0183788649737834,0.0014424003893509,0.0070791337639093,-0.016724769026041,0.0012087275972589,0.0185697060078382,343.2346308904644,0.9668581151844068,-0.1906849266885125,0.2840304413263657,0.3097653337763942
BH032,172,1161483,1.720001220703125,0.6128690521648117,4371,1,1,SHELF_NORMAL_Y_POS,-796.8452994616207,-25.01400788112261,1906.475208614068,-217.1061553955078,-399.9507751464844,-43.82184600830078,-0.0002233657141914,-0.0046582878567278,0.0003714455815497,0.0002480655966792,-0.0030329176224768,0.0009245375986211,0.0034692902117967,354.9999896818468,0.9999999709347795,0.0024909067020823,0.3883320605785032,0.3883320605785032
BH032,172,1161483,1.720001220703125,0.6128690521648117,3944,1,1,SHELF_NORMAL_Y_NEG,-289.01923788646684,22.46877624313318,2765.524791385932,-28.455001831054688,-241.7088928222656,-2.125591993331909,0.0002138729469152,-0.0011318877805024,-2.6827567126019854e-05,0.0,0.0,0.0,0.0,228.84187430340933,0.6446249980377727,0.7402872688678943,0.133777235475125,0.133777235475125
BH032,172,1161483,1.720001220703125,0.6128690521648117,3562,1,1,SHELF_NORMAL_Y_NEG,70.98076211353316,28.89403051151763,717.5247913859318,68.58573150634766,-170.65701293945312,3.541555404663086,0.0005814443575218,-0.0009282767423428,4.4699172576656565e-05,0.0,0.0,0.0,0.0,213.4715028870856,0.60132817714672,-1.7478317424059755,0.0992229325516265,0.0992229325516265
BH032,173,1168473,1.7300004959106443,0.6209884329393015,3023,2,1,SHELF_NORMAL_Y_POS,779.9393102292058,-25.04300957874569,1741.5247913859318,-14.881516456604004,-228.49737548828125,-3.211932897567749,0.0002605245099402,-0.0010875700972974,-4.0539151086704805e-05,0.0,0.0,0.0,0.0,221.5018560244508,0.6239488902097204,-0.0417273545794505,0.1223836644895382,0.1223836644895382
BH032,173,1168473,1.7300004959106443,0.6209884329393015,3944,2,5,SHELF_NORMAL_Y_NEG,-289.01923788646684,22.63576178657993,2802.4752086140675,-28.210369110107425,-241.2833404541016,-0.9968533515930176,0.0002144411555491,-0.0011302107013761,-1.258170959772542e-05,0.0,0.0,0.0,0.0,228.4945609013532,0.6436466504263472,0.7508672452428193,0.1333338882538596,0.1333338882538596
BH032,173,1168473,1.7300004959106443,0.6209884329393015,3536,1,5,SHELF_NORMAL_Y_POS,160.98076211353316,-21.36871258581148,946.475208614068,-19.651020050048828,-248.2042388916016,-0.697108268737793,0.0002660595346242,-0.0011762593640014,-8.798306225799024e-06,0.0,0.0,0.0,0.0,238.98848967600028,0.6732070131718317,1.165965898662868,0.1433655697834101,0.1433655697834101
BH032,173,1168473,1.7300004959106443,0.6209884329393015,5009,3,5,SIDE_NORMAL_X_POS,-800.0,24.15470053837925,2637.524791385932,7.410915851593018,-340.5941772460937,-18.00306510925293,0.0078538805246353,-0.0188605617731809,0.0009840393904596,0.0073218215256929,-0.0171961672604084,0.0012112689437344,0.0190688613802194,345.76836335153666,0.9739953897226384,-0.193098184562415,0.2874983391290288,0.3097653337763942
BH032,173,1168473,1.7300004959106443,0.6209884329393015,4371,1,1,SHELF_NORMAL_Y_POS,-796.8452994616207,-25.01400788112261,1906.475208614068,-224.2582244873047,-403.415283203125,-33.953670501708984,-0.0002655249845702,-0.004854803904891,0.0005349818384274,0.0002355773322051,-0.0032230340875685,0.0009635256719775,0.003701350884512,355.0000028894306,1.0000000081392413,0.0027745427352135,0.3926070112941215,0.3926070112941215
BH032,173,1168473,1.7300004959106443,0.6209884329393015,3944,1,1,SHELF_NORMAL_Y_NEG,-289.01923788646684,22.46877624313318,2765.524791385932,-29.04698181152344,-245.2530059814453,-2.15779185295105,0.0002161610609618,-0.0011482358677312,-2.7233978471485895e-05,0.0,0.0,0.0,0.0,232.1268461173143,0.6538784397670825,0.7508672452428193,0.1376927173339515,0.1376927173339515
BH032,173,1168473,1.7300004959106443,0.6209884329393015,3562,1,1,SHELF_NORMAL_Y_NEG,70.98076211353316,28.89403051151763,717.5247913859318,66.77120971679688,-174.92169189453125,2.3872766494750977,0.0005788446287624,-0.0009463328169658,3.013060631928965e-05,0.0,0.0,0.0,0.0,216.224011120874,0.6090817214672507,-1.730882240558682,0.1021235778153429,0.1021235778153429
BH032,174,1175464,1.740001201629639,0.6290992604345317,3023,2,1,SHELF_NORMAL_Y_POS,779.9393102292058,-25.04300957874569,1741.5247913859318,-13.77484130859375,-231.38232421875,-3.152740001678467,0.0002700972836464,-0.0011031862813979,-3.979203393100761e-05,0.0,0.0,0.0,0.0,224.8779462837016,0.6334590036160608,-0.041785117470947,0.1258350021396278,0.1258350021396278
BH032,174,1175464,1.740001201629639,0.6290992604345317,3944,2,5,SHELF_NORMAL_Y_NEG,-289.01923788646684,22.63576178657993,2802.4752086140675,-28.73262596130371,-244.91131591796875,-0.9721253514289856,0.0002171895466744,-0.0011470596073195,-1.2269630133232567e-05,0.0,0.0,0.0,0.0,231.8900737600432,0.6532114753804034,0.7629310021447361,0.1373513057309202,0.1373513057309202
BH032,174,1175464,1.740001201629639,0.6290992604345317,3536,1,5,SHELF_NORMAL_Y_POS,160.98076211353316,-21.36871258581148,946.475208614068,-19.984554290771484,-251.82167053222656,-0.7016210556030273,0.0002697102900128,-0.0011933374917134,-8.855262422002852e-06,0.0,0.0,0.0,0.0,242.45096231983692,0.6829604572389774,1.1890777885885495,0.1475630308798153,0.1475630308798153
BH032,174,1175464,1.740001201629639,0.6290992604345317,5009,3,5,SIDE_NORMAL_X_POS,-800.0,24.15470053837925,2637.524791385932,9.215227127075195,-341.9100036621094,-34.178611755371094,0.0081012211740016,-0.0193263720721006,0.0007822977495379,0.0075585138984024,-0.0176529772579669,0.001213694922626,0.0195515062659978,351.6286135407155,0.9905031367344098,-0.1960767030656969,0.2959857235065572,0.3097653337763942
BH032,174,1175464,1.740001201629639,0.6290992604345317,4371,1,1,SHELF_NORMAL_Y_POS,-796.8452994616207,-25.01400788112261,1906.475208614068,-223.1630096435547,-402.26019287109375,-12.165179252624512,-0.0002743926597759,-0.0050189672037959,0.000853621168062,0.0002230718528153,-0.0033912165090441,0.0010071647120639,0.0039067729376256,349.6989721170113,0.9850675270901726,0.0030026177406395,0.3838327434937574,0.3926070112941215
BH032,174,1175464,1.740001201629639,0.6290992604345317,3944,1,1,SHELF_NORMAL_Y_NEG,-289.01923788646684,22.46877624313318,2765.524791385932,-29.31190490722656,-248.30772399902344,-2.147686243057251,0.0002193248510593,-0.0011626806808635,-2.710638545977417e-05,0.0,0.0,0.0,0.0,235.0561184948652,0.6621299112531414,0.7629310021447361,0.1411647892422952,0.1411647892422952
BH032,174,1175464,1.740001201629639,0.6290992604345317,3562,1,1,SHELF_NORMAL_Y_NEG,70.98076211353316,28.89403051151763,717.5247913859318,71.8850326538086,-174.20570373535156,3.2448198795318604,0.0006026243790984,-0.0009503021137788,4.095402618986554e-05,0.0,0.0,0.0,0.0,219.2474729688246,0.6175985154051398,-1.8130663285815076,0.1044954409574254,0.1044954409574254
BH032,175,1182454,1.7500004768371582,0.6371856359537037,3023,2,1,SHELF_NORMAL_Y_POS,779.9393102292058,-25.04300957874569,1741.5247913859318,-14.054829597473145,-234.47268676757807,-3.3737525939941406,0.000273239420494,-0.0011177774285897,-4.258147964719683e-05,0.0,0.0,0.0,0.0,227.845675923282,0.6418188054176959,-0.0423699891586915,0.1291991547624112,0.1291991547624112
BH032,175,1182454,1.7500004768371582,0.6371856359537037,3944,2,5,SHELF_NORMAL_Y_NEG,-289.01923788646684,22.63576178657993,2802.4752086140675,-29.045108795166016,-248.0713653564453,-1.076340675354004,0.0002202752802986,-0.0011619495926424,-1.358498957415577e-05,0.0,0.0,0.0,0.0,234.90686747462053,0.6617094858440015,0.7780268546263346,0.1409338116867146,0.1409338116867146
BH032,175,1182454,1.7500004768371582,0.6371856359537037,3536,1,5,SHELF_NORMAL_Y_POS,160.98076211353316,-21.36871258581148,946.475208614068,-20.068246841430664,-254.97244262695312,-0.8443977236747742,0.0002738929179031,-0.0012085110647603,-1.0657235179678535e-05,0.0,0.0,0.0,0.0,245.5584861832116,0.6917140455865115,1.2098050510789118,0.1513256195533624,0.1513256195533624
BH032,175,1182454,1.7500004768371582,0.6371856359537037,5009,3,5,SIDE_NORMAL_X_POS,-800.0,24.15470053837925,2637.524791385932,9.152151107788086,-344.14190673828125,-34.8274040222168,0.0083224158734083,-0.0197562929242849,0.0007753105601295,0.007776750717312,-0.0180721450597047,0.0012148957466706,0.0199924074113369,353.98572964051937,0.9971429003958292,-0.1981864689999524,0.2999844785433855,0.3097653337763942
BH032,175,1182454,1.7500004768371582,0.6371856359537037,4371,1,1,SHELF_NORMAL_Y_POS,-796.8452994616207,-25.01400788112261,1906.475208614068,-223.8085021972656,-402.0630798339844,19.32762336730957,-0.0002891790063586,-0.0051627177745103,0.001290995394811,0.0002117073745466,-0.0035368415992707,0.0010470554698258,0.0040845591574907,350.5431517088793,0.9874454977714912,0.0030936963211558,0.385267016010291,0.3926070112941215
BH032,175,1182454,1.7500004768371582,0.6371856359537037,3944,1,1,SHELF_NORMAL_Y_NEG,-289.01923788646684,22.46877624313318,2765.524791385932,-29.90538024902344,-251.8414459228516,-2.2510368824005127,0.0002215900312876,-0.0011789709096774,-2.8410864615580067e-05,0.0,0.0,0.0,0.0,238.33219033672788,0.67135828263867,0.7780268546263346,0.1451743278666076,0.1451743278666076
BH032,175,1182454,1.7500004768371582,0.6371856359537037,3562,1,1,SHELF_NORMAL_Y_NEG,70.98076211353316,28.89403051151763,717.5247913859318,76.9305648803711,-173.10086059570312,4.15129280090332,0.0006255102343857,-0.0009522885666228,5.239494566922076e-05,0.0,0.0,0.0,0.0,221.92491170314415,0.625140596346885,-1.8949024754248,0.1065854924057039,0.1065854924057039
BH032,176,1189445,1.7600011825561523,0.6453606009699099,3023,2,1,SHELF_NORMAL_Y_POS,779.9393102292058,-25.04300957874569,1741.5247913859318,-13.599592208862305,-237.07521057128903,-3.343785524368286,0.0002792391460388,-0.0011310729896649,-4.220337723381817e-05,0.0,0.0,0.0,0.0,230.64912940214543,0.6497158574708322,-0.0422646259356861,0.1322497463320026,0.1322497463320026
BH032,176,1189445,1.7600011825561523,0.6453606009699099,3944,2,5,SHELF_NORMAL_Y_NEG,-289.01923788646684,22.63576178657993,2802.4752086140675,-29.44209098815918,-251.36383056640625,-1.1345573663711548,0.0002231427497463,-0.0011773541336879,-1.431969394616317e-05,0.0,0.0,0.0,0.0,238.02058089450256,0.670480509561979,0.7889035553583404,0.1446976131878553,0.1446976131878553
BH032,176,1189445,1.7600011825561523,0.6453606009699099,3536,1,5,SHELF_NORMAL_Y_POS,160.98076211353316,-21.36871258581148,946.475208614068,-20.43745422363281,-258.419921875,-0.731011688709259,0.0002771195140667,-0.0012246971018612,-9.226144356944133e-06,0.0,0.0,0.0,0.0,248.8346908441349,0.7009427911102392,1.2278721700518644,0.1554140434539673,0.1554140434539673
BH032,176,1189445,1.7600011825561523,0.6453606009699099,5009,3,5,SIDE_NORMAL_X_POS,-800.0,24.15470053837925,2637.524791385932,12.284149169921877,-344.80291748046875,-47.78164291381836,0.008552923798561,-0.020173717290163,0.0006261304370127,0.0079910699278116,-0.0184817854315042,0.001229214365594,0.0204224977642297,360.72817868175633,1.0161357145964969,-0.2007141528867458,0.3095931766424724,0.3097653337763942
BH032,176,1189445,1.7600011825561523,0.6453606009699099,4371,1,1,SHELF_NORMAL_Y_POS,-796.8452994616207,-25.01400788112261,1906.475208614068,-224.4444732666016,-403.23480224609375,-4.749032497406006,-0.0003018474089913,-0.0053051589056849,0.0010271345963701,0.0002004170964937,-0.0036745383404195,0.0010870775440707,0.0042530526407063,350.0535165634907,0.9860662438408188,0.0032576384075358,0.3852712017965994,0.3926070112941215
BH032,176,1189445,1.7600011825561523,0.6453606009699099,3944,1,1,SHELF_NORMAL_Y_NEG,-289.01923788646684,22.46877624313318,2765.524791385932,-30.189815521240234,-255.0143280029297,-2.340367078781128,0.0002248299715574,-0.0011939571704715,-2.953830335172825e-05,0.0,0.0,0.0,0.0,241.3738363710971,0.6799262996368932,0.7889035553583404,0.1488774683716434,0.1488774683716434
BH032,176,1189445,1.7600011825561523,0.6453606009699099,3562,1,1,SHELF_NORMAL_Y_NEG,70.98076211353316,28.89403051151763,717.5247913859318,74.47718048095703,-178.16464233398438,3.054749011993408,0.0006209739367477,-0.000973297690507,3.855509567074478e-05,0.0,0.0,0.0,0.0,224.9148391889734,0.6335629272928828,-1.8715997154202355,0.1098819618372279,0.1098819618372279
BH032,177,1196435,1.770000457763672,0.6534643315698612,3023,2,1,SHELF_NORMAL_Y_POS,779.9393102292058,-25.04300957874569,1741.5247913859318,-16.0582275390625,-240.8640289306641,-3.419996976852417,0.0002728229446802,-0.0011458869557827,-4.3164967792108655e-05,0.0,0.0,0.0,0.0,233.3250669341577,0.6572537096736837,-0.0421466661541728,0.135888335486748,0.135888335486748
BH032,177,1196435,1.770000457763672,0.6534643315698612,3944,2,5,SHELF_NORMAL_Y_NEG,-289.01923788646684,22.63576178657993,2802.4752086140675,-29.81854057312012,-254.6076202392578,-1.205034255981445,0.0002260396722704,-0.0011925529688596,-1.520915702712955e-05,0.0,0.0,0.0,0.0,241.09440954562453,0.6791391818186606,0.8011274895683245,0.1484579644352986,0.1484579644352986
BH032,177,1196435,1.770000457763672,0.6534643315698612,3536,1,5,SHELF_NORMAL_Y_POS,160.98076211353316,-21.36871258581148,946.475208614068,-20.65312957763672,-261.86895751953125,-0.8233231902122498,0.000281093729427,-0.0012411217903718,-1.0391263458586764e-05,0.0,0.0,0.0,0.0,252.1815273665615,0.7103704996241169,1.256222718196968,0.1596060658645932,0.1596060658645932
BH032,177,1196435,1.770000457763672,0.6534643315698612,5009,3,5,SIDE_NORMAL_X_POS,-800.0,24.15470053837925,2637.524791385932,11.83969497680664,-343.51641845703125,-23.89447593688965,0.0087640322744846,-0.0205757860094308,0.0009269372676499,0.0082061942666769,-0.0188907869160175,0.0012285314733162,0.0208511501550674,352.0279473019751,0.9916280205689438,-0.2028387603770424,0.2963532907862253,0.3097653337763942
BH032,177,1196435,1.770000457763672,0.6534643315698612,4371,1,1,SHELF_NORMAL_Y_POS,-796.8452994616207,-25.01400788112261,1906.475208614068,-223.1951141357422,-401.0723876953125,13.365973472595217,-0.0003120084875263,-0.0054562110453844,0.001294597517699,0.0001873339933808,-0.003834260860458,0.0011259021703153,0.0044486471451818,348.846197539756,0.9826653451824112,0.003450458033975,0.3821153802536702,0.3926070112941215
BH032,177,1196435,1.770000457763672,0.6534643315698612,3944,1,1,SHELF_NORMAL_Y_NEG,-289.01923788646684,22.46877624313318,2765.524791385932,-30.730247497558597,-258.49078369140625,-2.4212231636047363,0.0002272666461067,-0.0012100368039682,-3.055881825275719e-05,0.0,0.0,0.0,0.0,244.61384787212623,0.6890530925975387,0.8011274895683245,0.1529341098126342,0.1529341098126342
BH032,177,1196435,1.770000457763672,0.6534643315698612,3562,1,1,SHELF_NORMAL_Y_NEG,70.98076211353316,28.89403051151763,717.5247913859318,75.18912506103516,-179.82315063476562,3.270403385162353,0.0006268426659516,-0.0009823854779824,4.127683496335521e-05,0.0,0.0,0.0,0.0,227.02995839428195,0.6395210095613576,-1.9030289118818635,0.111956313838249,0.111956313838249
BH032,178,1203426,1.780001163482666,0.6615779922995345,3023,2,1,SHELF_NORMAL_Y_POS,779.9393102292058,-25.04300957874569,1741.5247913859318,-15.815876007080078,-243.89329528808597,-3.4748356342315674,0.0002784109383355,-0.001160942716524,-4.385712236398831e-05,0.0,0.0,0.0,0.0,236.459127020238,0.6660820479443325,-0.0423528872706876,0.139450948157948,0.139450948157948
BH032,178,1203426,1.780001163482666,0.6615779922995345,3944,2,5,SHELF_NORMAL_Y_NEG,-289.01923788646684,22.63576178657993,2802.4752086140675,-30.15656852722168,-257.87823486328125,-1.2348530292510986,0.0002291600976604,-0.0012079365551471,-1.558545045554638e-05,0.0,0.0,0.0,0.0,244.2098576352247,0.6879150919302103,0.8135990418124724,0.1523068440274636,0.1523068440274636
BH032,178,1203426,1.780001163482666,0.6615779922995345,3536,1,5,SHELF_NORMAL_Y_POS,160.98076211353316,-21.36871258581148,946.475208614068,-20.949018478393555,-265.14117431640625,-0.8196265697479248,0.0002844247501343,-0.0012565777869895,-1.0344630027248058e-05,0.0,0.0,0.0,0.0,255.31602318713792,0.7192000653158814,1.2760725795647914,0.1636094482826248,0.1636094482826248
BH032,178,1203426,1.780001163482666,0.6615779922995345,5009,3,5,SIDE_NORMAL_X_POS,-800.0,24.15470053837925,2637.524791385932,13.25029754638672,-343.9325256347656,43.010231018066406,0.0089924521744251,-0.020997704938054,0.0017775127198547,0.0084271570667624,-0.0193086378276348,0.0012346807634457,0.0212904009968042,358.5693807226152,1.0100545935848315,-0.2051473562235921,0.3059152885793306,0.3097653337763942
BH032,178,1203426,1.780001163482666,0.6615779922995345,4371,1,1,SHELF_NORMAL_Y_POS,-796.8452994616207,-25.01400788112261,1906.475208614068,-224.9466094970703,-401.5136413574219,38.65056228637695,-0.0003322053526062,-0.0056000282056629,0.0016421219334006,0.000174997083377,-0.0039784689433872,0.001154298777692,0.0046255448833107,354.9318905442401,0.9998081423781412,0.0035748371413056,0.3920195888967911,0.3926070112941215
BH032,178,1203426,1.780001163482666,0.6615779922995345,3944,1,1,SHELF_NORMAL_Y_NEG,-289.01923788646684,22.46877624313318,2765.524791385932,-31.13345718383789,-261.8192443847656,-2.504263401031494,0.0002301565400557,-0.0012256094487383,-3.160681444569491e-05,0.0,0.0,0.0,0.0,247.7621533992124,0.6979215588710207,0.8135990418124724,0.1568985397673196,0.1568985397673196
BH032,178,1203426,1.780001163482666,0.6615779922995345,3562,1,1,SHELF_NORMAL_Y_NEG,70.98076211353316,28.89403051151763,717.5247913859318,83.47697448730469,-176.87066650390625,4.1315741539001465,0.0006627763505093,-0.0009801221312955,5.214587872615084e-05,0.0,0.0,0.0,0.0,230.3637900568508,0.6489120846671853,-2.0185613220729355,0.1144434741881109,0.1144434741881109
BH032,179,1210416,1.7900004386901855,0.6698274353540854,3023,2,1,SHELF_NORMAL_Y_POS,779.9393102292058,-25.04300957874569,1741.5247913859318,-16.263328552246094,-247.0333404541016,-3.460373640060425,0.0002808117133099,-0.0011755335144698,-4.367461951915175e-05,0.0,0.0,0.0,0.0,239.39153144907385,0.6743423421100672,-0.0430613218832556,0.1429933979158616,0.1429933979158616
BH032,179,1210416,1.7900004386901855,0.6698274353540854,3944,2,5,SHELF_NORMAL_Y_NEG,-289.01923788646684,22.63576178657993,2802.4752086140675,-30.672019958496094,-261.4007873535156,-1.4392439126968384,0.0002317869075341,-0.0012242854572832,-1.8165146684623323e-05,0.0,0.0,0.0,0.0,247.5069060442948,0.6972025522374501,0.8270203737079571,0.1564752839446967,0.1564752839446967
BH032,179,1210416,1.7900004386901855,0.6698274353540854,3536,1,5,SHELF_NORMAL_Y_POS,160.98076211353316,-21.36871258581148,946.475208614068,-21.191211700439453,-268.5228576660156,-0.8753650188446045,0.0002881716645788,-0.0012726363493129,-1.1048146916436964e-05,0.0,0.0,0.0,0.0,258.58377097373545,0.7284049886584097,1.292860204241455,0.1678160059647295,0.1678160059647295
BH032,179,1210416,1.7900004386901855,0.6698274353540854,5009,3,5,SIDE_NORMAL_X_POS,-800.0,24.15470053837925,2637.524791385932,14.395075798034668,-345.1018981933594,-60.20539855957031,0.0092174122110009,-0.0214151311665773,0.0004767276986967,0.0086448388174176,-0.0197187270969152,0.0012366133742034,0.0217206869274377,367.6198802752377,1.0355489585217963,-0.2072935145175276,0.3197455872266179,0.3197455872266179
BH032,179,1210416,1.7900004386901855,0.6698274353540854,4371,1,1,SHELF_NORMAL_Y_POS,-796.8452994616207,-25.01400788112261,1906.475208614068,-229.1436767578125,-404.3154602050781,-14.912714958190918,-0.0003599048941396,-0.0057332147844135,0.0009834571974352,0.0001635923981666,-0.0041041551157832,0.0011716762091964,0.0047802599146962,352.1344232530911,0.9919279528256086,0.0036917505989497,0.3907173763360426,0.3926070112941215
BH032,179,1210416,1.7900004386901855,0.6698274353540854,3944,1,1,SHELF_NORMAL_Y_NEG,-289.01923788646684,22.46877624313318,2765.524791385932,-31.493974685668945,-265.0406799316406,-2.561915874481201,0.0002330975112272,-0.0012407229514792,-3.2334355637431145e-05,0.0,0.0,0.0,0.0,250.82052993033108,0.7065367040291016,0.8270203737079571,0.1607895831142015,0.1607895831142015
BH032,179,1210416,1.7900004386901855,0.6698274353540854,3562,1,1,SHELF_NORMAL_Y_NEG,70.98076211353316,28.89403051151763,717.5247913859318,85.28634643554688,-178.0941619873047,3.939033508300781,0.0006733430782333,-0.0009887004271149,4.9715723434928805e-05,0.0,0.0,0.0,0.0,232.8665707537702,0.6559621711373809,-2.044372695217671,0.1168477003937525,0.1168477003937525
BH032,180,1217407,1.8000011444091797,0.6781166146895724,3023,2,1,SHELF_NORMAL_Y_POS,779.9393102292058,-25.04300957874569,1741.5247913859318,-15.090980529785156,-249.23403930664065,-3.644964694976807,0.0002897075610235,-0.0011879274388775,-4.6004413889022544e-05,0.0,0.0,0.0,0.0,242.12396682443708,0.6820393431674284,-0.043076782240801,0.1459376299765983,0.1459376299765983
BH032,180,1217407,1.8000011444091797,0.6781166146895724,3944,2,5,SHELF_NORMAL_Y_NEG,-289.01923788646684,22.63576178657993,2802.4752086140675,-31.246679306030277,-264.8362731933594,-1.512661337852478,0.0002339990314794,-0.0012401243438944,-1.909168531710748e-05,0.0,0.0,0.0,0.0,250.69147752265843,0.7061731761201646,0.8422291567981279,0.1605757289322965,0.1605757289322965
BH032,180,1217407,1.8000011444091797,0.6781166146895724,3536,1,5,SHELF_NORMAL_Y_POS,160.98076211353316,-21.36871258581148,946.475208614068,-21.64691925048828,-272.4524230957031,-0.8314098715782166,0.000291680713417,-0.0012910465011373,-1.049335151037667e-05,0.0,0.0,0.0,0.0,262.3036981983447,0.7388836568967456,1.3203784917168992,0.1727200465299323,0.1727200465299323
BH032,180,1217407,1.8000011444091797,0.6781166146895724,5009,3,5,SIDE_NORMAL_X_POS,-800.0,24.15470053837925,2637.524791385932,17.224273681640625,-342.9864807128906,65.57075500488281,0.0094375638291239,-0.0218022111803293,0.0020632033701986,0.008854292333126,-0.0201119650155305,0.001235629664734,0.0221321620047092,369.7873257756502,1.0416544388046485,-0.2094582731852867,0.3220528927107703,0.3220528927107703
BH032,180,1217407,1.8000011444091797,0.6781166146895724,4371,1,1,SHELF_NORMAL_Y_POS,-796.8452994616207,-25.01400788112261,1906.475208614068,-229.3006896972656,-404.6248779296875,23.35092544555664,-0.0003722195397131,-0.0058636381290853,0.0014822140801697,0.0001515866169938,-0.004233303014189,0.0011874953052029,0.0049394192174077,353.7727119420021,0.996542850540851,0.003803325314824,0.393341597967026,0.393341597967026
BH032,180,1217407,1.8000011444091797,0.6781166146895724,3944,1,1,SHELF_NORMAL_Y_NEG,-289.01923788646684,22.46877624313318,2765.524791385932,-31.943395614624023,-268.6384582519531,-2.738487720489502,0.0002361544320592,-0.0012575298314914,-3.456320337136276e-05,0.0,0.0,0.0,0.0,254.2209180439717,0.7161152620956949,0.8422291567981279,0.165183201000739,0.165183201000739
BH032,180,1217407,1.8000011444091797,0.6781166146895724,3562,1,1,SHELF_NORMAL_Y_NEG,70.98076211353316,28.89403051151763,717.5247913859318,80.63169860839844,-184.6977386474609,3.420642614364624,0.0006603691144846,-0.0010139787336811,4.3172985897399485e-05,0.0,0.0,0.0,0.0,235.6741824339735,0.6638709364337282,-2.0159854929131216,0.1203325755946343,0.1203325755946343
BH032,181,1224397,1.8100004196166992,0.6863532948025849,3023,2,1,SHELF_NORMAL_Y_POS,779.9393102292058,-25.04300957874569,1741.5247913859318,-16.350807189941406,-253.20448303222656,-3.804766178131104,0.0002893735654652,-0.001205364940688,-4.8021276597864926e-05,0.0,0.0,0.0,0.0,245.52635332831744,0.6916235305023026,-0.0428374232818646,0.1503311446481254,0.1503311446481254
BH032,181,1224397,1.8100004196166992,0.6863532948025849,3944,2,5,SHELF_NORMAL_Y_NEG,-289.01923788646684,22.63576178657993,2802.4752086140675,-31.620664596557617,-268.1748046875,-1.5287470817565918,0.0002370433358009,-0.0012557802256196,-1.929471545736305e-05,0.0,0.0,0.0,0.0,253.85968161438305,0.7150976946884029,0.8511147687064248,0.1646527686299065,0.1646527686299065
BH032,181,1224397,1.8100004196166992,0.6863532948025849,3536,1,5,SHELF_NORMAL_Y_POS,160.98076211353316,-21.36871258581148,946.475208614068,-21.969072341918945,-275.9844665527344,-0.7058621048927307,0.0002952615031972,-0.001307726604864,-8.908828931453172e-06,0.0,0.0,0.0,0.0,265.6848470104237,0.7484080197476725,1.3438788914332669,0.1772146933392258,0.1772146933392258
BH032,181,1224397,1.8100004196166992,0.6863532948025849,5009,3,5,SIDE_NORMAL_X_POS,-800.0,24.15470053837925,2637.524791385932,16.7353458404541,-346.49755859375,-7.366092681884766,0.0096407206729054,-0.0221933368593454,0.0011485030408948,0.0090547343716025,-0.0204867552965879,0.0012414898956194,0.0225241221487522,355.39015792782243,1.0010990364164012,-0.2123018691291571,0.3009418707516688,0.3220528927107703
BH032,181,1224397,1.8100004196166992,0.6863532948025849,4371,1,1,SHELF_NORMAL_Y_POS,-796.8452994616207,-25.01400788112261,1906.475208614068,-224.57090759277344,-398.96685791015625,-11.591686248779297,-0.0003709226148203,-0.0059864772483706,0.001048011588864,0.0001381612382829,-0.0043767122551798,0.0011943136341869,0.005115910898894,347.0063377485984,0.9774826415453476,0.0039354118495987,0.3791423687515304,0.393341597967026
BH032,181,1224397,1.8100004196166992,0.6863532948025849,3944,1,1,SHELF_NORMAL_Y_NEG,-289.01923788646684,22.46877624313318,2765.524791385932,-32.259891510009766,-272.0182189941406,-2.794156312942505,0.0002395423944108,-0.0012734829215332,-3.5265904443804175e-05,0.0,0.0,0.0,0.0,257.4543760746518,0.725223594576484,0.8511147687064248,0.1693889002111638,0.1693889002111638
BH032,181,1224397,1.8100004196166992,0.6863532948025849,3562,1,1,SHELF_NORMAL_Y_NEG,70.98076211353316,28.89403051151763,717.5247913859318,87.02140045166016,-183.09295654296875,4.17586088180542,0.0006890534423291,-0.001015494344756,5.270484689390287e-05,0.0,0.0,0.0,0.0,238.9164577958796,0.6730041064672665,-2.1149638754317093,0.1230519173706096,0.1230519173706096
BH032,182,1231388,1.8200011253356931,0.6944553544628975,3023,2,1,SHELF_NORMAL_Y_POS,779.9393102292058,-25.04300957874569,1741.5247913859318,-16.339027404785156,-255.7654571533203,-3.7446675300598153,0.0002931595081463,-0.0012178096221759,-4.726284169009887e-05,0.0,0.0,0.0,0.0,248.0847469726581,0.6988302731624172,-0.0434304571165846,0.1534334534314376,0.1534334534314376
BH032,182,1231388,1.8200011253356931,0.6944553544628975,3944,2,5,SHELF_NORMAL_Y_NEG,-289.01923788646684,22.63576178657993,2802.4752086140675,-31.99158096313477,-271.6167297363281,-1.668331503868103,0.0002402531536063,-0.001271944027394,-2.105645398842171e-05,0.0,0.0,0.0,0.0,257.13422665000684,0.7243217652112869,0.8670123970528412,0.1689160644215006,0.1689160644215006
BH032,182,1231388,1.8200011253356931,0.6944553544628975,3536,1,5,SHELF_NORMAL_Y_POS,160.98076211353316,-21.36871258581148,946.475208614068,-22.16119766235352,-279.4654235839844,-0.7795314192771912,0.0002993957314174,-0.0013243386056274,-9.838623554969672e-06,0.0,0.0,0.0,0.0,269.0735516112065,0.7579536665104408,1.3644725571322207,0.1817376856545453,0.1817376856545453
BH032,182,1231388,1.8200011253356931,0.6944553544628975,5009,3,5,SIDE_NORMAL_X_POS,-800.0,24.15470053837925,2637.524791385932,17.54949188232422,-347.1299743652344,-22.331130981445312,0.0098511734977364,-0.0225805900990962,0.0009682500967755,0.0092603182420134,-0.0208697728812694,0.0012501176679506,0.0229245889931917,358.3227548846173,1.009359872914415,-0.2144393214199632,0.3052994187024132,0.3220528927107703
BH032,182,1231388,1.8200011253356931,0.6944553544628975,4371,1,1,SHELF_NORMAL_Y_POS,-796.8452994616207,-25.01400788112261,1906.475208614068,-230.3708038330078,-400.4530334472656,-38.971927642822266,-0.0004093157767783,-0.006111851427704,0.0006979517056606,0.0001257527910638,-0.0045033092610538,0.0011898312950506,0.00527278566733,354.5942547134149,0.9988570555307464,0.0039995348640537,0.3933010202809107,0.393341597967026
BH032,182,1231388,1.8200011253356931,0.6944553544628975,3944,1,1,SHELF_NORMAL_Y_NEG,-289.01923788646684,22.46877624313318,2765.524791385932,-32.81637191772461,-275.6941833496094,-2.9030706882476807,0.0002421942335786,-0.0012905136682093,-3.664043470053002e-05,0.0,0.0,0.0,0.0,260.8873274050681,0.7348938800142764,0.8670123970528412,0.1739704494639156,0.1739704494639156
BH032,182,1231388,1.8200011253356931,0.6944553544628975,3562,1,1,SHELF_NORMAL_Y_NEG,70.98076211353316,28.89403051151763,717.5247913859318,96.08675384521484,-177.45335388183594,4.691499710083008,0.0007248459151014,-0.0010013210121542,5.9212605265202e-05,0.0,0.0,0.0,0.0,240.4980339014519,0.677459250426625,-2.2226898949174654,0.1238026552413268,0.1238026552413268
BH032,183,1238378,1.830000400543213,0.7026351434454221,3023,2,1,SHELF_NORMAL_Y_POS,779.9393102292058,-25.04300957874569,1741.5247913859318,-17.30597496032715,-259.4438781738281,-4.024892807006836,0.000293825083645,-0.0012342602713033,-5.079950642539188e-05,0.0,0.0,0.0,0.0,251.33502087500835,0.7079859742957981,-0.044025543588712,0.1576738518554183,0.1576738518554183
BH032,183,1238378,1.830000400543213,0.7026351434454221,3944,2,5,SHELF_NORMAL_Y_NEG,-289.01923788646684,22.63576178657993,2802.4752086140675,-32.619537353515625,-275.236572265625,-1.6425132751464844,0.000242473615799,-0.0012885928153991,-2.0730523829115555e-05,0.0,0.0,0.0,0.0,260.4788068714861,0.7337431179478481,0.8824756340101055,0.1733960242343646,0.1733960242343646
BH032,183,1238378,1.830000400543213,0.7026351434454221,3536,1,5,SHELF_NORMAL_Y_POS,160.98076211353316,-21.36871258581148,946.475208614068,-22.440357208251957,-283.2008361816406,-0.8475053906440735,0.0003034816763829,-0.0013420569011941,-1.0696532626752742e-05,0.0,0.0,0.0,0.0,272.678033798442,0.7681071374603999,1.3837432948517114,0.1866319357525669,0.1866319357525669
BH032,183,1238378,1.830000400543213,0.7026351434454221,5009,3,5,SIDE_NORMAL_X_POS,-800.0,24.15470053837925,2637.524791385932,19.567481994628903,-346.6046142578125,16.994678497314453,0.0100674228742718,-0.0229654852300882,0.0014762016944587,0.0094675328582525,-0.0212543420493602,0.0012617253232747,0.023326639086008,358.00318688084803,1.0084596813545017,-0.2168153524691873,0.3042552574662018,0.3220528927107703
BH032,183,1238378,1.830000400543213,0.7026351434454221,4371,1,1,SHELF_NORMAL_Y_POS,-796.8452994616207,-25.01400788112261,1906.475208614068,-230.3976593017578,-402.2054443359375,-0.7043114900588989,-0.00042051699711,-0.0062537775374948,0.0011872923932969,0.0001121293025789,-0.0046367645263671,0.0011961804702877,0.005438704509288,349.55199340841904,0.9846535025589268,0.0041075220266091,0.3865610833339074,0.393341597967026
BH032,183,1238378,1.830000400543213,0.7026351434454221,3944,1,1,SHELF_NORMAL_Y_NEG,-289.01923788646684,22.46877624313318,2765.524791385932,-33.08172607421875,-279.1097106933594,-2.9976882934570312,0.0002458833332639,-0.0013067171676084,-3.783457214012742e-05,0.0,0.0,0.0,0.0,264.1782705198943,0.7441641423095614,0.8824756340101055,0.1783472612165193,0.1783472612165193
BH032,183,1238378,1.830000400543213,0.7026351434454221,3562,1,1,SHELF_NORMAL_Y_NEG,70.98076211353316,28.89403051151763,717.5247913859318,90.86624908447266,-186.6613311767578,4.115679264068604,0.0007129106088541,-0.0010384240886196,5.194510595174506e-05,0.0,0.0,0.0,0.0,245.17577213077408,0.6906359778331664,-2.185253318335976,0.1294096977269756,0.1294096977269756
BH032,184,1245369,1.840001106262207,0.7110894380898083,3023,2,1,SHELF_NORMAL_Y_POS,779.9393102292058,-25.04300957874569,1741.5247913859318,-16.668869018554688,-262.5884094238281,-3.807544946670532,0.0003014990943484,-0.0012504595797508,-4.805623393622227e-05,0.0,0.0,0.0,0.0,254.74882600549915,0.7176023267760538,-0.0436506083838413,0.1617611260944065,0.1617611260944065
BH032,184,1245369,1.840001106262207,0.7110894380898083,3944,2,5,SHELF_NORMAL_Y_NEG,-289.01923788646684,22.63576178657993,2802.4752086140675,-32.9269905090332,-278.4891052246094,-1.705759882926941,0.0002457167138345,-0.0013039272744208,-2.152880006178748e-05,0.0,0.0,0.0,0.0,263.5892432526795,0.7425049105709283,0.8936196917946155,0.1775365981866434,0.1775365981866434
BH032,184,1245369,1.840001106262207,0.7110894380898083,3536,1,5,SHELF_NORMAL_Y_POS,160.98076211353316,-21.36871258581148,946.475208614068,-22.69275665283203,-286.4449462890625,-0.8286016583442688,0.0003069772501476,-0.0013574288459494,-1.0457932148710825e-05,0.0,0.0,0.0,0.0,275.8033769564868,0.7769109210041881,1.4072856752189518,0.1909310454670714,0.1909310454670714
BH032,184,1245369,1.840001106262207,0.7110894380898083,5009,3,5,SIDE_NORMAL_X_POS,-800.0,24.15470053837925,2637.524791385932,20.586811065673828,-347.7076721191406,-28.35931396484375,0.0102807572111487,-0.0233548637479543,0.0008999045821838,0.0096742864698171,-0.0216369051486253,0.0012578580062836,0.0237265061587095,361.7946741703605,1.0191399272404522,-0.2193249388963303,0.3100072791905187,0.3220528927107703
BH032,184,1245369,1.840001106262207,0.7110894380898083,4371,1,1,SHELF_NORMAL_Y_POS,-796.8452994616207,-25.01400788112261,1906.475208614068,-234.71066284179688,-401.2629089355469,-10.955236434936523,-0.0004586660652421,-0.0063886330462992,0.0010702671715989,9.62842532317154e-05,-0.0047824750654399,0.0012085386551916,0.0056212833151221,349.6861244387585,0.9850313364472072,0.0042411688556979,0.3881410909068768,0.393341597967026
BH032,184,1245369,1.840001106262207,0.7110894380898083,3944,1,1,SHELF_NORMAL_Y_NEG,-289.01923788646684,22.46877624313318,2765.524791385932,-33.64894485473633,-282.577392578125,-3.023704767227173,0.0002481817500665,-0.0013227257877588,-3.816285607172176e-05,0.0,0.0,0.0,0.0,267.39714201462664,0.7532313859566948,0.8936196917946155,0.1827674548512282,0.1827674548512282
BH032,184,1245369,1.840001106262207,0.7110894380898083,3562,1,1,SHELF_NORMAL_Y_NEG,70.98076211353316,28.89403051151763,717.5247913859318,89.69000244140625,-190.06451416015625,4.397163391113281,0.0007121540838852,-0.0010532240848988,5.549789784708992e-05,0.0,0.0,0.0,0.0,247.5352660886712,0.6972824396863977,-2.190371915185847,0.1321442142412905,0.1321442142412905
BH032,185,1252359,1.8500003814697263,0.7196348011973916,3023,2,1,SHELF_NORMAL_Y_POS,779.9393102292058,-25.04300957874569,1741.5247913859318,-16.367488861083984,-265.5953674316406,-3.877371311187744,0.0003073368570767,-0.001265486003831,-4.893754157819785e-05,0.0,0.0,0.0,0.0,257.8890588986425,0.7264480532356126,-0.04379326183341,0.165636527968814,0.165636527968814
BH032,185,1252359,1.8500003814697263,0.7196348011973916,3944,2,5,SHELF_NORMAL_Y_NEG,-289.01923788646684,22.63576178657993,2802.4752086140675,-33.299644470214844,-281.7485656738281,-1.7482224702835083,0.0002486541343387,-0.0013191987527534,-2.206475983257405e-05,0.0,0.0,0.0,0.0,266.6798874298313,0.7512109505065672,0.9076432117987608,0.1817180434059414,0.1817180434059414
BH032,185,1252359,1.8500003814697263,0.7196348011973916,3536,1,5,SHELF_NORMAL_Y_POS,160.98076211353316,-21.36871258581148,946.475208614068,-23.19133949279785,-290.1405334472656,-0.7993457317352295,0.0003099416790064,-0.0013746455078944,-1.0088620911119506e-05,0.0,0.0,0.0,0.0,279.2714389720753,0.7866801097804939,1.4363584855485434,0.1958260649599634,0.1958260649599634
BH032,185,1252359,1.8500003814697263,0.7196348011973916,5009,3,5,SIDE_NORMAL_X_POS,-800.0,24.15470053837925,2637.524791385932,20.573373794555664,-348.37811279296875,54.65370941162109,0.0104777542874217,-0.023720184341073,0.0019461087649688,0.0098703382536768,-0.0219989642500877,0.0012563267955556,0.0241040401160717,371.3744339291039,1.0461251659974755,-0.2218588291165485,0.324934953316,0.324934953316
BH032,185,1252359,1.8500003814697263,0.7196348011973916,4371,1,1,SHELF_NORMAL_Y_POS,-796.8452994616207,-25.01400788112261,1906.475208614068,-232.737548828125,-400.719970703125,13.269457817077637,-0.0004636511730495,-0.0065123187378048,0.0013517114566639,8.251147664850578e-05,-0.0049059111624956,0.0011842389358207,0.0057758651673793,349.2977431063526,0.9839373045249368,0.0043861412830909,0.3865410366262596,0.393341597967026
BH032,185,1252359,1.8500003814697263,0.7196348011973916,3944,1,1,SHELF_NORMAL_Y_NEG,-289.01923788646684,22.46877624313318,2765.524791385932,-34.2387809753418,-286.04833984375,-3.121673107147217,0.0002503741998225,-0.0013387153157964,-3.939937232644297e-05,0.0,0.0,0.0,0.0,270.61270281111393,0.7622893036932787,0.9076432117987608,0.187242837492035,0.187242837492035
BH032,185,1252359,1.8500003814697263,0.7196348011973916,3562,1,1,SHELF_NORMAL_Y_NEG,70.98076211353316,28.89403051151763,717.5247913859318,101.8905258178711,-182.71517944335935,4.471445560455322,0.0007606754079461,-0.0010353138204663,5.643553959089331e-05,0.0,0.0,0.0,0.0,249.8868608691785,0.7039066503357141,-2.341299680780627,0.1334578770282103,0.1334578770282103
BH032,186,1259350,1.8600010871887207,0.7280325387239789,3023,2,1,SHELF_NORMAL_Y_POS,779.9393102292058,-25.04300957874569,1741.5247913859318,-17.7377872467041,-268.8439636230469,-3.91150975227356,0.0003054159751627,-0.0012792663183063,-4.936846380587667e-05,0.0,0.0,0.0,0.0,260.5166186048015,0.7338496298726803,-0.0443840650181486,0.169353420016401,0.169353420016401
BH032,186,1259350,1.8600010871887207,0.7280325387239789,3944,2,5,SHELF_NORMAL_Y_NEG,-289.01923788646684,22.63576178657993,2802.4752086140675,-33.73539733886719,-285.1852722167969,-1.7837408781051636,0.0002515431551728,-0.0013352505629882,-2.2513000658364035e-05,0.0,0.0,0.0,0.0,269.92114264005664,0.760341246873399,0.9229388489806484,0.1861721076331553,0.1861721076331553
BH032,186,1259350,1.8600010871887207,0.7280325387239789,3536,1,5,SHELF_NORMAL_Y_POS,160.98076211353316,-21.36871258581148,946.475208614068,-23.269067764282227,-293.6224365234375,-0.8516984581947327,0.0003146361559629,-0.0013914362061768,-1.0749367902462836e-05,0.0,0.0,0.0,0.0,282.7108780057683,0.7963686704387839,1.454562358427815,0.2006183501827973,0.2006183501827973
BH032,186,1259350,1.8600010871887207,0.7280325387239789,5009,3,5,SIDE_NORMAL_X_POS,-800.0,24.15470053837925,2637.524791385932,20.72508430480957,-349.47442626953125,34.96914291381836,0.0106717590242624,-0.0240786485373973,0.0017128572799265,0.0100619541481137,-0.0223518628627061,0.0012715198099613,0.0244716107845306,365.3399971958335,1.0291267526643195,-0.2245632966484044,0.3157936904616163,0.324934953316
BH032,186,1259350,1.8600010871887207,0.7280325387239789,4371,1,1,SHELF_NORMAL_Y_POS,-796.8452994616207,-25.01400788112261,1906.475208614068,-232.35667419433597,-398.382080078125,31.827592849731445,-0.0004793184052687,-0.0066197933629155,0.0015787002630531,6.840080459369346e-05,-0.0050241812132298,0.0011770009296014,0.0059240823611617,350.95606218482175,0.9886086258727372,0.0044172981755352,0.3878708062652654,0.393341597967026
BH032,186,1259350,1.8600010871887207,0.7280325387239789,3944,1,1,SHELF_NORMAL_Y_NEG,-289.01923788646684,22.46877624313318,2765.524791385932,-34.65865707397461,-289.472412109375,-3.2099320888519287,0.000253324775258,-0.0013547303387895,-4.0513295971322805e-05,0.0,0.0,0.0,0.0,273.84975043070835,0.7714077476921362,0.9229388489806484,0.1917531918891761,0.1917531918891761
BH032,186,1259350,1.8600010871887207,0.7280325387239789,3562,1,1,SHELF_NORMAL_Y_NEG,70.98076211353316,28.89403051151763,717.5247913859318,106.38030242919922,-182.8482360839844,5.030807495117188,0.0007826645160093,-0.0010425049113109,6.349547766149044e-05,0.0,0.0,0.0,0.0,253.5303214792484,0.7141699196598547,-2.406403799513157,0.1370955308693389,0.1370955308693389
BH032,187,1266340,1.87000036239624,0.7362638436283223,3023,2,1,SHELF_NORMAL_Y_POS,779.9393102292058,-25.04300957874569,1741.5247913859318,-19.112695693969727,-272.71588134765625,-3.976930856704712,0.0003043814795091,-0.001296064350754,-5.019424861529842e-05,0.0,0.0,0.0,0.0,263.769519395107,0.7430127306904423,-0.0446594543768977,0.1739244312883025,0.1739244312883025
BH032,187,1266340,1.87000036239624,0.7362638436283223,3944,2,5,SHELF_NORMAL_Y_NEG,-289.01923788646684,22.63576178657993,2802.4752086140675,-34.077125549316406,-288.4378356933594,-1.8243975639343264,0.0002546189643908,-0.0013505383394658,-2.30261775868712e-05,0.0,0.0,0.0,0.0,273.017377623644,0.7690630355595606,0.9358181414656842,0.1904534053634,0.1904534053634
BH032,187,1266340,1.87000036239624,0.7362638436283223,3536,1,5,SHELF_NORMAL_Y_POS,160.98076211353316,-21.36871258581148,946.475208614068,-23.56070327758789,-297.0598449707031,-0.8212849497795105,0.0003182264626957,-0.0014077008236199,-1.03655293060001e-05,0.0,0.0,0.0,0.0,286.01178803821693,0.8056670085583576,1.4754378920643598,0.2053374840416233,0.2053374840416233
BH032,187,1266340,1.87000036239624,0.7362638436283223,5009,3,5,SIDE_NORMAL_X_POS,-800.0,24.15470053837925,2637.524791385932,20.934328079223636,-351.7550964355469,-56.598819732666016,0.0108630657196044,-0.0244336556643247,0.000565048540011,0.0102489190176129,-0.0226954687386751,0.0012794156791642,0.0248291101306676,375.6912691801908,1.0582852652963122,-0.2275299985312641,0.3323822498871829,0.3323822498871829
BH032,187,1266340,1.87000036239624,0.7362638436283223,4371,1,1,SHELF_NORMAL_Y_POS,-796.8452994616207,-25.01400788112261,1906.475208614068,-237.96485900878903,-402.1800231933594,-20.772686004638672,-0.0005117204855196,-0.0067161465995013,0.0008974956581369,5.769000927102752e-05,-0.0051102610304951,0.0011596868280321,0.0060322438366711,352.0878386355692,0.9917967285508992,0.0044734092845245,0.3934149633660117,0.3934149633660117
BH032,187,1266340,1.87000036239624,0.7362638436283223,3944,1,1,SHELF_NORMAL_Y_NEG,-289.01923788646684,22.46877624313318,2765.524791385932,-35.124908447265625,-293.0787353515625,-3.1906816959381104,0.0002563157177064,-0.001371563412249,-4.027023533126339e-05,0.0,0.0,0.0,0.0,277.24552640338555,0.7809733138123537,0.9358181414656842,0.196551116943355,0.196551116943355
BH032,187,1266340,1.87000036239624,0.7362638436283223,3562,1,1,SHELF_NORMAL_Y_NEG,70.98076211353316,28.89403051151763,717.5247913859318,99.73711395263672,-191.6558532714844,5.123586177825928,0.0007632463239133,-0.0010755922412499,6.466615741373971e-05,0.0,0.0,0.0,0.0,256.6581638604443,0.7229807432688572,-2.356486134224009,0.1412958669042351,0.1412958669042351
BH032,188,1273331,1.8800010681152344,0.7443970560296269,3023,2,1,SHELF_NORMAL_Y_POS,779.9393102292058,-25.04300957874569,1741.5247913859318,-19.760801315307617,-276.0759582519531,-4.325666904449463,0.0003061266324948,-0.0013114247703924,-5.459580279421061e-05,0.0,0.0,0.0,0.0,266.85028764629794,0.7516909511163322,-0.0443889886726157,0.1781237245789426,0.1781237245789426
BH032,188,1273331,1.8800010681152344,0.7443970560296269,3944,2,5,SHELF_NORMAL_Y_NEG,-289.01923788646684,22.63576178657993,2802.4752086140675,-34.5158576965332,-291.9657592773437,-1.7968759536743164,0.0002576268743723,-0.0013670250773429,-2.267885247420054e-05,0.0,0.0,0.0,0.0,276.3468594231257,0.7784418575299316,0.9485424908478964,0.195134037115244,0.195134037115244
BH032,188,1273331,1.8800010681152344,0.7443970560296269,3536,1,5,SHELF_NORMAL_Y_POS,160.98076211353316,-21.36871258581148,946.475208614068,-23.85627555847168,-300.8688049316406,-0.8310449123382568,0.0003223403473384,-0.0014257663860917,-1.048865851771552e-05,0.0,0.0,0.0,0.0,289.681933254487,0.8160054457872873,1.5074651116868103,0.2106409278363772,0.2106409278363772
BH032,188,1273331,1.8800010681152344,0.7443970560296269,5009,3,5,SIDE_NORMAL_X_POS,-800.0,24.15470053837925,2637.524791385932,21.161136627197266,-352.1756286621094,56.60197830200195,0.0110475979745388,-0.024771237745881,0.0020129580516368,0.010431776754558,-0.0230306517332792,0.0012985731009393,0.0251776240766048,376.21703252895895,1.059766288813969,-0.2306493963329408,0.3332630208519784,0.3332630208519784
BH032,188,1273331,1.8800010681152344,0.7443970560296269,4371,1,1,SHELF_NORMAL_Y_POS,-796.8452994616207,-25.01400788112261,1906.475208614068,-238.67431640625,-401.7033081054688,9.445672988891602,-0.0005301468772813,-0.0068233711645007,0.001267806510441,4.339959195931442e-05,-0.0052208299748599,0.0011486024595797,0.00617166608572,350.3175371135524,0.9868099637001476,0.0045494686701057,0.3908958980295471,0.3934149633660117
BH032,188,1273331,1.8800010681152344,0.7443970560296269,3944,1,1,SHELF_NORMAL_Y_NEG,-289.01923788646684,22.46877624313318,2765.524791385932,-35.61116409301758,-296.49951171875,-3.215780973434448,0.0002589357900433,-0.0013874573633074,-4.058717968291603e-05,0.0,0.0,0.0,0.0,280.4504348971638,0.7900012250624332,0.9485424908478964,0.2011448311563249,0.2011448311563249
BH032,188,1273331,1.8800010681152344,0.7443970560296269,3562,1,1,SHELF_NORMAL_Y_NEG,70.98076211353316,28.89403051151763,717.5247913859318,103.45993041992188,-192.2357940673828,4.783810138702393,0.000782162125688,-0.0010838237358257,6.037792991264723e-05,0.0,0.0,0.0,0.0,260.0306022759083,0.732480569791291,-2.418395272449437,0.144776333443558,0.144776333443558
BH032,189,1280321,1.890000343322754,0.7526488877481339,3023,2,1,SHELF_NORMAL_Y_POS,779.9393102292058,-25.04300957874569,1741.5247913859318,-20.28079032897949,-279.1794128417969,-4.243359565734863,0.000308124377625,-0.001325741992332,-5.35568869963754e-05,0.0,0.0,0.0,0.0,269.7118725163183,0.7597517535670938,-0.0445879406381748,0.1820542346561399,0.1820542346561399
BH032,189,1280321,1.890000343322754,0.7526488877481339,3944,2,5,SHELF_NORMAL_Y_NEG,-289.01923788646684,22.63576178657993,2802.4752086140675,-34.89464569091797,-295.2940673828125,-1.8787734508514404,0.0002606365887913,-0.0013826322974637,-2.371253685851116e-05,0.0,0.0,0.0,0.0,279.5042576464002,0.7873359370321132,0.9602011730741228,0.1996141767536424,0.1996141767536424
BH032,189,1280321,1.890000343322754,0.7526488877481339,3536,1,5,SHELF_NORMAL_Y_POS,160.98076211353316,-21.36871258581148,946.475208614068,-24.12505340576172,-304.20166015625,-0.8540270328521729,0.0003258929937146,-0.0014415620826184,-1.0778736395877786e-05,0.0,0.0,0.0,0.0,292.8890148721476,0.8250394785130918,1.5308550540553738,0.2153346472327324,0.2153346472327324
BH032,189,1280321,1.890000343322754,0.7526488877481339,5009,3,5,SIDE_NORMAL_X_POS,-800.0,24.15470053837925,2637.524791385932,23.05170440673828,-351.3211669921875,30.11972427368164,0.0112446146085858,-0.0251153018325567,0.0016813202528283,0.0106208305805921,-0.0233760569244623,0.001301173120737,0.0255366209894418,367.121353937782,1.0341446589796677,-0.2331404308150325,0.3184749351341805,0.3332630208519784
BH032,189,1280321,1.890000343322754,0.7526488877481339,4371,1,1,SHELF_NORMAL_Y_POS,-796.8452994616207,-25.01400788112261,1906.475208614068,-238.61309814453125,-400.383544921875,29.839683532714844,-0.0005469245952554,-0.0069299708120524,0.0015137501759454,2.824772491294425e-05,-0.0053337276913225,0.0011371499858796,0.0063142250292003,352.67216460962413,0.9934427172102088,0.0046018767562432,0.3938135854235137,0.3938135854235137
BH032,189,1280321,1.890000343322754,0.7526488877481339,3944,1,1,SHELF_NORMAL_Y_NEG,-289.01923788646684,22.46877624313318,2765.524791385932,-36.107608795166016,-300.1136169433594,-3.287466049194336,0.0002617874415591,-0.0014042771654203,-4.149208325543441e-05,0.0,0.0,0.0,0.0,283.84499240273885,0.7995633588809545,0.9602011730741228,0.2060629662310169,0.2060629662310169
BH032,189,1280321,1.890000343322754,0.7526488877481339,3562,1,1,SHELF_NORMAL_Y_NEG,70.98076211353316,28.89403051151763,717.5247913859318,115.01947021484376,-184.72494506835935,5.425722599029541,0.0008273372659459,-0.0010641992557793,6.84800252201967e-05,0.0,0.0,0.0,0.0,262.0840792062833,0.7382650118486854,-2.553583217929898,0.1460536961901083,0.1460536961901083
BH032,190,1287312,1.900001049041748,0.7612798355125185,3023,2,1,SHELF_NORMAL_Y_POS,779.9393102292058,-25.04300957874569,1741.5247913859318,-20.69629669189453,-283.1571655273437,-4.4391865730285645,0.0003118992026429,-0.0013444399228319,-5.602863893727772e-05,0.0,0.0,0.0,0.0,273.50526779266823,0.7704373740638542,-0.0455490855803481,0.1872450240239718,0.1872450240239718
BH032,190,1287312,1.900001049041748,0.7612798355125185,3944,2,5,SHELF_NORMAL_Y_NEG,-289.01923788646684,22.63576178657993,2802.4752086140675,-35.41443634033203,-298.85302734375,-1.966946721076965,0.0002632953692227,-0.0013991474406793,-2.4825412765494548e-05,0.0,0.0,0.0,0.0,282.83424364821445,0.7967161792907449,0.9760288375575462,0.2044290001300333,0.2044290001300333
BH032,190,1287312,1.900001049041748,0.7612798355125185,3536,1,5,SHELF_NORMAL_Y_POS,160.98076211353316,-21.36871258581148,946.475208614068,-24.369903564453125,-307.96337890625,-0.90955913066864,0.0003301849646959,-0.00145947386045,-1.1479598470032217e-05,0.0,0.0,0.0,0.0,296.5346168581391,0.835308779882082,1.5519971299344002,0.2207136505788536,0.2207136505788536
BH032,190,1287312,1.900001049041748,0.7612798355125185,5009,3,5,SIDE_NORMAL_X_POS,-800.0,24.15470053837925,2637.524791385932,25.022884368896484,-351.9757385253906,56.96378326416016,0.0114373555406928,-0.0254536643624305,0.0020486800931394,0.0108030587434768,-0.0237083882093429,0.0013297271216288,0.0258819088339805,378.226296375212,1.0654261869724282,-0.2355414026819512,0.3356011777762178,0.3356011777762178
BH032,190,1287312,1.900001049041748,0.7612798355125185,4371,1,1,SHELF_NORMAL_Y_POS,-796.8452994616207,-25.01400788112261,1906.475208614068,-242.52549743652344,-402.9812316894531,-9.56613540649414,-0.0005714843864552,-0.0070047662593424,0.0010041523491963,1.889437589852605e-05,-0.0054015996865928,0.0011249044910073,0.0063999672420322,351.78658184694945,0.9909481178787308,0.0046218330241305,0.3952119982141381,0.3952119982141381
BH032,190,1287312,1.900001049041748,0.7612798355125185,3944,1,1,SHELF_NORMAL_Y_NEG,-289.01923788646684,22.46877624313318,2765.524791385932,-36.51996994018555,-303.5963439941406,-3.4442217350006104,0.0002648556255735,-0.0014205765910446,-4.347039430285804e-05,0.0,0.0,0.0,0.0,287.145793847836,0.8088613911206648,0.9760288375575462,0.2108782518988016,0.2108782518988016
BH032,190,1287312,1.900001049041748,0.7612798355125185,3562,1,1,SHELF_NORMAL_Y_NEG,70.98076211353316,28.89403051151763,717.5247913859318,115.48077392578124,-188.57313537597656,5.559355735778809,0.0008351802243851,-0.0010835524881258,7.016646850388497e-05,0.0,0.0,0.0,0.0,266.01678040199545,0.7493430433859026,-2.5837357887545136,0.1505790053134542,0.1505790053134542
BH032,191,1294302,1.910000324249268,0.7697918754010128,3023,2,1,SHELF_NORMAL_Y_POS,779.9393102292058,-25.04300957874569,1741.5247913859318,-21.51704788208008,-286.1357421875,-4.580532073974609,0.0003122526104561,-0.0013577034696936,-5.781233267043717e-05,0.0,0.0,0.0,0.0,276.120976500465,0.7778055676069437,-0.045564041106474,0.1910211203933839,0.1910211203933839
BH032,191,1294302,1.910000324249268,0.7697918754010128,3944,2,5,SHELF_NORMAL_Y_NEG,-289.01923788646684,22.63576178657993,2802.4752086140675,-35.81121826171875,-302.40679931640625,-2.059123039245605,0.0002665445790626,-0.0014158199774101,-2.598885839688592e-05,0.0,0.0,0.0,0.0,286.2088043633639,0.8062219841221518,0.9910578760739516,0.2093278207049168,0.2093278207049168
BH032,191,1294302,1.910000324249268,0.7697918754010128,3536,1,5,SHELF_NORMAL_Y_POS,160.98076211353316,-21.36871258581148,946.475208614068,-24.51772689819336,-311.3943786621094,-1.005919337272644,0.0003344627621117,-0.0014759082114323,-1.2695794794126414e-05,0.0,0.0,0.0,0.0,299.8931997930007,0.8447695768816921,1.5774937745643496,0.2256995988697962,0.2256995988697962
BH032,191,1294302,1.910000324249268,0.7697918754010128,5009,3,5,SIDE_NORMAL_X_POS,-800.0,24.15470053837925,2637.524791385932,23.37198638916016,-354.0033874511719,-0.7048258781433105,0.0116127543151378,-0.0257895309478044,0.0013465902302414,0.0109835481271147,-0.0240368228405714,0.001355490530841,0.0262228548526763,366.2511443892844,1.0316933644768576,-0.2378538616544081,0.3176276636419727,0.3356011777762178
BH032,191,1294302,1.910000324249268,0.7697918754010128,4371,1,1,SHELF_NORMAL_Y_POS,-796.8452994616207,-25.01400788112261,1906.475208614068,-241.69664001464844,-401.6699523925781,22.556331634521484,-0.0005840269732289,-0.0071018133312463,0.0014112119097262,4.24203835791559e-06,-0.0055038002319633,0.0011265315115451,0.0065293200314044,352.4203496560835,0.9927333793129112,0.0046499128237651,0.3952606066689526,0.3952606066689526
BH032,191,1294302,1.910000324249268,0.7697918754010128,3944,1,1,SHELF_NORMAL_Y_NEG,-289.01923788646684,22.46877624313318,2765.524791385932,-36.91911315917969,-307.1239929199219,-3.5613605976104736,0.0002680521574802,-0.0014371100114658,-4.494881795835681e-05,0.0,0.0,0.0,0.0,290.4952191739917,0.8182963920394133,0.9910578760739516,0.2158146571410823,0.2158146571410823
BH032,191,1294302,1.910000324249268,0.7697918754010128,3562,1,1,SHELF_NORMAL_Y_NEG,70.98076211353316,28.89403051151763,717.5247913859318,112.90534210205078,-194.8508758544922,5.33522367477417,0.0008318191976286,-0.0011102695716544,6.733764166710898e-05,0.0,0.0,0.0,0.0,269.8139705957776,0.7600393537909227,-2.578385571238344,0.1553016567004602,0.1553016567004602
BH032,192,1301293,1.9200010299682615,0.7781825446856446,3023,2,1,SHELF_NORMAL_Y_POS,779.9393102292058,-25.04300957874569,1741.5247913859318,-22.45719146728516,-289.7591247558594,-4.498637676239014,0.0003129642864223,-0.0013739204732701,-5.677864101016894e-05,0.0,0.0,0.0,0.0,279.3174053056324,0.7868095924102322,-0.0453072070328273,0.195670528650979,0.195670528650979
BH032,192,1301293,1.9200010299682615,0.7781825446856446,3944,2,5,SHELF_NORMAL_Y_NEG,-289.01923788646684,22.63576178657993,2802.4752086140675,-36.23120880126953,-305.7647399902344,-2.1011762619018555,0.0002693942515179,-0.00143150286749,-2.6519417588133365e-05,0.0,0.0,0.0,0.0,289.37829116728074,0.8151501159641711,1.0008231675399044,0.213995141166391,0.213995141166391
BH032,192,1301293,1.9200010299682615,0.7781825446856446,3536,1,5,SHELF_NORMAL_Y_POS,160.98076211353316,-21.36871258581148,946.475208614068,-24.92218399047852,-315.16998291015625,-1.016812086105347,0.0003379974805284,-0.0014936465304344,-1.283328947465634e-05,0.0,0.0,0.0,0.0,303.48247198237976,0.854880202767267,1.604399663041312,0.2311694239670263,0.2311694239670263
BH032,192,1301293,1.9200010299682615,0.7781825446856446,5009,3,5,SIDE_NORMAL_X_POS,-800.0,24.15470053837925,2637.524791385932,23.137489318847656,-354.9708251953125,49.20114135742188,0.0117842061445117,-0.0261050537228584,0.0020057959482073,0.0111547354608774,-0.0243479702621698,0.0013848191592842,0.0265453141182661,376.8488035816208,1.0615459255820303,-0.2407196491518269,0.3344580202850939,0.3356011777762178
BH032,192,1301293,1.9200010299682615,0.7781825446856446,4371,1,1,SHELF_NORMAL_Y_POS,-796.8452994616207,-25.01400788112261,1906.475208614068,-245.67633056640625,-403.0827941894531,16.987321853637695,-0.0006122882477939,-0.0071769841015338,0.0013378149596974,-6.756037237209966e-06,-0.0055779074318706,0.0011234240373596,0.0066233784891664,353.0869636399928,0.9946111651830783,0.0046624720852828,0.3985056559648375,0.3985056559648375
BH032,192,1301293,1.9200010299682615,0.7781825446856446,3944,1,1,SHELF_NORMAL_Y_NEG,-289.01923788646684,22.46877624313318,2765.524791385932,-37.32927703857422,-310.6372985839844,-3.624232530593872,0.0002711792767513,-0.0014535776572301,-4.57423557236325e-05,0.0,0.0,0.0,0.0,293.8240044699032,0.8276732520278962,1.0008231675399044,0.2207879080941221,0.2207879080941221
BH032,192,1301293,1.9200010299682615,0.7781825446856446,3562,1,1,SHELF_NORMAL_Y_NEG,70.98076211353316,28.89403051151763,717.5247913859318,121.50373840332033,-189.0909576416016,5.243379592895508,0.0008651672978885,-0.0010948312701657,6.617890176130459e-05,0.0,0.0,0.0,0.0,271.24949041092134,0.7640830715800601,-2.6766442861763378,0.1562403053107922,0.1562403053107922
BH032,193,1308283,1.9300003051757808,0.7864520295210026,3023,2,1,SHELF_NORMAL_Y_POS,779.9393102292058,-25.04300957874569,1741.5247913859318,-23.444602966308597,-293.0570983886719,-4.1690521240234375,0.0003129750839434,-0.0013884966028854,-5.261890328256413e-05,0.0,0.0,0.0,0.0,282.15890557076733,0.7948138185092037,-0.0455597328321857,0.1998999525651319,0.1998999525651319
BH032,193,1308283,1.9300003051757808,0.7864520295210026,3944,2,5,SHELF_NORMAL_Y_NEG,-289.01923788646684,22.63576178657993,2802.4752086140675,-36.65245819091797,-309.3968811035156,-2.211620807647705,0.000272642733762,-0.0014485331485047,-2.791342194541357e-05,0.0,0.0,0.0,0.0,292.82136240165846,0.8248489081736858,1.0169229644529114,0.2191178791785373,0.2191178791785373
BH032,193,1308283,1.9300003051757808,0.7864520295210026,3536,1,5,SHELF_NORMAL_Y_POS,160.98076211353316,-21.36871258581148,946.475208614068,-25.345312118530277,-318.91632080078125,-0.9692323207855223,0.0003413965750951,-0.0015112104592844,-1.223269646288827e-05,0.0,0.0,0.0,0.0,307.0338565418777,0.864884102934867,1.6303621058690947,0.2366518721296922,0.2366518721296922
BH032,193,1308283,1.9300003051757808,0.7864520295210026,5009,3,5,SIDE_NORMAL_X_POS,-800.0,24.15470053837925,2637.524791385932,24.930198669433597,-354.7315979003906,52.50997543334961,0.0119628384709358,-0.0264154449105262,0.0020682199392467,0.0113250156864523,-0.0246569402515888,0.0014054806670174,0.0268651098012924,378.9082252006113,1.0673471132411585,-0.2434317237262118,0.3372872077256708,0.3372872077256708
BH032,193,1308283,1.9300003051757808,0.7864520295210026,4371,1,1,SHELF_NORMAL_Y_POS,-796.8452994616207,-25.01400788112261,1906.475208614068,-245.5360565185547,-401.2521057128906,13.751368522644045,-0.000630684022326,-0.0072759157046675,0.0012842343421652,-2.3171322027337737e-05,-0.0056855049915611,0.0011106885503977,0.0067603890784084,351.19317774116706,0.989276557017372,0.0047189521285053,0.3948789202097815,0.3985056559648375
BH032,193,1308283,1.9300003051757808,0.7864520295210026,3944,1,1,SHELF_NORMAL_Y_NEG,-289.01923788646684,22.46877624313318,2765.524791385932,-37.91359329223633,-314.2474365234375,-3.724234342575073,0.0002735998132266,-0.0014702521730214,-4.7004468797240406e-05,0.0,0.0,0.0,0.0,297.1805043752345,0.8371281813386887,1.0169229644529114,0.2259112780654663,0.2259112780654663
BH032,193,1308283,1.9300003051757808,0.7864520295210026,3562,1,1,SHELF_NORMAL_Y_NEG,70.98076211353316,28.89403051151763,717.5247913859318,129.06202697753906,-187.2436065673828,5.373507976531982,0.0008991642389446,-0.0010968652786687,6.782106356695294e-05,0.0,0.0,0.0,0.0,275.6262653921152,0.7764120151890568,-2.7753734395742797,0.1608908038596352,0.1608908038596352
BH032,194,1315274,1.9400010108947756,0.7947089427775541,3023,2,1,SHELF_NORMAL_Y_POS,779.9393102292058,-25.04300957874569,1741.5247913859318,-24.01844596862793,-296.043212890625,-4.352065563201904,0.0003145356022287,-0.0014021492097526,-5.492881973623298e-05,0.0,0.0,0.0,0.0,284.8943543774754,0.8025193081055645,-0.0461816325123014,0.203894222176337,0.203894222176337
BH032,194,1315274,1.9400010108947756,0.7947089427775541,3944,2,5,SHELF_NORMAL_Y_NEG,-289.01923788646684,22.63576178657993,2802.4752086140675,-36.87599182128906,-312.7487487792969,-2.2443883419036865,0.0002764389209914,-0.0014644778566434,-2.8327103791525587e-05,0.0,0.0,0.0,0.0,296.0638616427267,0.8339827088527513,1.030997296159057,0.223939149071862,0.223939149071862
BH032,194,1315274,1.9400010108947756,0.7947089427775541,3536,1,5,SHELF_NORMAL_Y_POS,160.98076211353316,-21.36871258581148,946.475208614068,-25.7001895904541,-322.7838134765625,-0.979599118232727,0.0003453047247603,-0.0015294715994969,-1.2363540008664131e-05,0.0,0.0,0.0,0.0,310.7364858327349,0.8753140445992532,1.656527727761254,0.2424112883219477,0.2424112883219477
BH032,194,1315274,1.9400010108947756,0.7947089427775541,5009,3,5,SIDE_NORMAL_X_POS,-800.0,24.15470053837925,2637.524791385932,25.538366317749023,-356.4834289550781,8.84964656829834,0.0121303629130125,-0.0267185568809509,0.0015444010496139,0.0114870425313711,-0.0249506514519453,0.0014327128883451,0.0271689631044864,370.2318144105976,1.0429065194664722,-0.2464988259044687,0.3238635732402778,0.3372872077256708
BH032,194,1315274,1.9400010108947756,0.7947089427775541,4371,1,1,SHELF_NORMAL_Y_POS,-796.8452994616207,-25.01400788112261,1906.475208614068,-247.979248046875,-404.45263671875,-16.32486915588379,-0.0006479885196313,-0.0073512410745024,0.0009004175662994,-3.327455124235712e-05,-0.0057488731108605,0.0011064753634855,0.0068412753753364,354.3716779673869,0.9982300787813716,0.0047221838783779,0.401962148719549,0.401962148719549
BH032,194,1315274,1.9400010108947756,0.7947089427775541,3944,1,1,SHELF_NORMAL_Y_NEG,-289.01923788646684,22.46877624313318,2765.524791385932,-38.45582580566406,-317.9096984863281,-3.794952869415283,0.0002763038792181,-0.0014872499741613,-4.789693775819615e-05,0.0,0.0,0.0,0.0,300.6046439178634,0.8467736448390519,1.030997296159057,0.2311840090920578,0.2311840090920578
BH032,194,1315274,1.9400010108947756,0.7947089427775541,3562,1,1,SHELF_NORMAL_Y_NEG,70.98076211353316,28.89403051151763,717.5247913859318,127.3405990600586,-191.8341064453125,5.527055263519287,0.0008974972297437,-0.0011166417971253,6.975893484195694e-05,0.0,0.0,0.0,0.0,278.45263083548195,0.7843736079872731,-2.782336181242099,0.1644359501117874,0.1644359501117874
BH032,195,1322264,1.950000286102295,0.8033602013703433,3023,2,1,SHELF_NORMAL_Y_POS,779.9393102292058,-25.04300957874569,1741.5247913859318,-23.76079750061035,-299.4723205566406,-4.360682010650635,0.0003207811096217,-0.0014191733207553,-5.5037504353094846e-05,0.0,0.0,0.0,0.0,288.42605942330204,0.812467773023386,-0.0461165596868137,0.2088146429123393,0.2088146429123393
BH032,195,1322264,1.950000286102295,0.8033602013703433,3944,2,5,SHELF_NORMAL_Y_NEG,-289.01923788646684,22.63576178657993,2802.4752086140675,-37.33563232421875,-316.3202819824219,-2.37992787361145,0.0002794100146275,-0.0014811508590355,-3.003777419507969e-05,0.0,0.0,0.0,0.0,299.43186981306786,0.8434700558114587,1.041474618573083,0.2290770466989462,0.2290770466989462
BH032,195,1322264,1.950000286102295,0.8033602013703433,3536,1,5,SHELF_NORMAL_Y_POS,160.98076211353316,-21.36871258581148,946.475208614068,-25.98362922668457,-326.7948913574219,-0.8713698983192444,0.0003497723082546,-0.0015485389158129,-1.099752898880979e-05,0.0,0.0,0.0,0.0,314.6124768209172,0.8862323290730062,1.680512713071833,0.2484874042191362,0.2484874042191362
BH032,195,1322264,1.950000286102295,0.8033602013703433,5009,3,5,SIDE_NORMAL_X_POS,-800.0,24.15470053837925,2637.524791385932,26.14170265197754,-356.3912048339844,44.61323547363281,0.0122921355068683,-0.0270068738609552,0.0020104954019188,0.0116460248827934,-0.0252384785562753,0.0014474196359515,0.0274663921445608,378.1345987124041,1.065167883696913,-0.2491431523518048,0.3361764376261495,0.3372872077256708
BH032,195,1322264,1.950000286102295,0.8033602013703433,4371,1,1,SHELF_NORMAL_Y_POS,-796.8452994616207,-25.01400788112261,1906.475208614068,-249.4066925048828,-404.1971130371094,6.764312267303467,-0.0006663709064014,-0.0074145719408988,0.0011863242834806,-4.435356822796166e-05,-0.0058155115693807,0.0011009650770574,0.0069261407479643,353.421571402341,0.9955537222601154,0.004731496094569,0.4010475656526534,0.401962148719549
BH032,195,1322264,1.950000286102295,0.8033602013703433,3944,1,1,SHELF_NORMAL_Y_NEG,-289.01923788646684,22.46877624313318,2765.524791385932,-38.824100494384766,-321.3862609863281,-3.920353651046753,0.0002795805048663,-0.0015035941032692,-4.947976776747964e-05,0.0,0.0,0.0,0.0,303.9161307896808,0.8561017768723402,1.041474618573083,0.2362878872513898,0.2362878872513898
BH032,195,1322264,1.950000286102295,0.8033602013703433,3562,1,1,SHELF_NORMAL_Y_NEG,70.98076211353316,28.89403051151763,717.5247913859318,129.557861328125,-194.17022705078125,5.358509063720703,0.0009116631117649,-0.001131200348027,6.7632005084306e-05,0.0,0.0,0.0,0.0,282.364545779606,0.7953930867031154,-2.82815068258599,0.1690536294814111,0.1690536294814111
BH032,196,1329255,1.960000991821289,0.8118409782438618,3023,2,1,SHELF_NORMAL_Y_POS,779.9393102292058,-25.04300957874569,1741.5247913859318,-24.265932083129883,-302.54058837890625,-4.226717472076416,0.0003227978013455,-0.0014333259314298,-5.334637535270304e-05,0.0,0.0,0.0,0.0,291.259006947925,0.8204479068955634,-0.0461618561187977,0.2130190553417669,0.2130190553417669
BH032,196,1329255,1.960000991821289,0.8118409782438618,3944,2,5,SHELF_NORMAL_Y_NEG,-289.01923788646684,22.63576178657993,2802.4752086140675,-37.86442565917969,-319.8641052246094,-2.514578342437744,0.0002820071531459,-0.0014975877711549,-3.173711593262851e-05,0.0,0.0,0.0,0.0,302.74454449427003,0.8528015337866761,1.0517393824372547,0.2342119743609013,0.2342119743609013
BH032,196,1329255,1.960000991821289,0.8118409782438618,3536,1,5,SHELF_NORMAL_Y_POS,160.98076211353316,-21.36871258581148,946.475208614068,-26.3964958190918,-330.875,-0.7516558170318604,0.0003537092998158,-0.0015677431365475,-9.48656179389218e-06,0.0,0.0,0.0,0.0,318.500855606052,0.8971855087494421,1.707962666782369,0.2546980732178512,0.2546980732178512
BH032,196,1329255,1.960000991821289,0.8118409782438618,5009,3,5,SIDE_NORMAL_X_POS,-800.0,24.15470053837925,2637.524791385932,25.8068790435791,-356.9136962890625,54.72789764404297,0.0124455709010362,-0.0272879283875226,0.0021615969017148,0.0118002910166978,-0.0255174059420824,0.0014708618400618,0.0277543272823095,382.425990925604,1.0772563124664902,-0.2514515768350067,0.3432544690865254,0.3432544690865254
BH032,196,1329255,1.960000991821289,0.8118409782438618,4371,1,1,SHELF_NORMAL_Y_POS,-796.8452994616207,-25.01400788112261,1906.475208614068,-249.78680419921875,-404.5066223144531,-9.126646995544434,-0.0006757483351975,-0.0074622649699449,0.0009830115595832,-5.233316551311873e-05,-0.0058622485958039,0.0010982160456478,0.0069856881164014,353.87642707462544,0.9968350058440152,0.0047244079271249,0.4020201811259531,0.4020201811259531
BH032,196,1329255,1.960000991821289,0.8118409782438618,3944,1,1,SHELF_NORMAL_Y_NEG,-289.01923788646684,22.46877624313318,2765.524791385932,-39.15925979614258,-324.88507080078125,-4.056571006774902,0.0002830487210303,-0.0015200874768197,-5.119888737681322e-05,0.0,0.0,0.0,0.0,307.26351112788103,0.8655310172616367,1.0517393824372547,0.2414891242622922,0.2414891242622922
BH032,196,1329255,1.960000991821289,0.8118409782438618,3562,1,1,SHELF_NORMAL_Y_NEG,70.98076211353316,28.89403051151763,717.5247913859318,141.52638244628906,-187.45932006835935,5.315597057342529,0.0009599882178008,-0.0011160525027662,6.709041917929426e-05,0.0,0.0,0.0,0.0,285.9823766426332,0.8055841595567133,-2.9605997125548145,0.1727103557333844,0.1727103557333844
BH032,197,1336245,1.9700002670288088,0.819900008170235,3023,2,1,SHELF_NORMAL_Y_POS,779.9393102292058,-25.04300957874569,1741.5247913859318,-26.256397247314453,-306.4791259765625,-4.511063098907471,0.0003188709379173,-0.001449548639357,-5.6935434258775786e-05,0.0,0.0,0.0,0.0,294.3346130630291,0.8291115860930397,-0.0461941715461587,0.218073993638855,0.218073993638855
BH032,197,1336245,1.9700002670288088,0.819900008170235,3944,2,5,SHELF_NORMAL_Y_NEG,-289.01923788646684,22.63576178657993,2802.4752086140675,-38.161170959472656,-323.3280334472656,-2.6567981243133545,0.000285611837171,-0.0015139756724238,-3.3532218367327005e-05,0.0,0.0,0.0,0.0,306.0717098170347,0.8621738304705202,1.05941009722802,0.2393498581315987,0.2393498581315987
BH032,197,1336245,1.9700002670288088,0.819900008170235,3536,1,5,SHELF_NORMAL_Y_POS,160.98076211353316,-21.36871258581148,946.475208614068,-26.6815185546875,-334.5948486328125,-0.6685305833816528,0.0003577433235477,-0.0015853823861107,-8.437406904704403e-06,0.0,0.0,0.0,0.0,322.0861038624957,0.907284799612664,1.7346081642899405,0.260459442840628,0.260459442840628
BH032,197,1336245,1.9700002670288088,0.819900008170235,5009,3,5,SIDE_NORMAL_X_POS,-800.0,24.15470053837925,2637.524791385932,26.47110748291016,-358.7431030273437,-49.7391471862793,0.0126085318624973,-0.0275813359767198,0.0008768079569563,0.0119573902338743,-0.025800984352827,0.0015045878244563,0.0280472245067358,382.5122338285454,1.0774992502212546,-0.2540769713576939,0.3436372404996582,0.3436372404996582
BH032,197,1336245,1.9700002670288088,0.819900008170235,4371,1,1,SHELF_NORMAL_Y_POS,-796.8452994616207,-25.01400788112261,1906.475208614068,-249.4592742919922,-404.2135925292969,7.760281562805176,-0.0006818283000029,-0.0075036087073385,0.0011955865193158,-5.958010660833679e-05,-0.0059045352973043,0.0010976563207805,0.0070394715294241,353.503033048109,0.995783191684814,0.0046804362734132,0.4012016976000088,0.4020201811259531
BH032,197,1336245,1.9700002670288088,0.819900008170235,3944,1,1,SHELF_NORMAL_Y_NEG,-289.01923788646684,22.46877624313318,2765.524791385932,-39.557708740234375,-328.424072265625,-4.147684097290039,0.0002862698165699,-0.0015366894658654,-5.234899799688719e-05,0.0,0.0,0.0,0.0,310.623710654002,0.8749963680394421,1.05941009722802,0.2467901937445864,0.2467901937445864
BH032,197,1336245,1.9700002670288088,0.819900008170235,3562,1,1,SHELF_NORMAL_Y_NEG,70.98076211353316,28.89403051151763,717.5247913859318,146.4108123779297,-185.7350311279297,4.86190128326416,0.0009811874479055,-0.0011147954501211,6.136419688118622e-05,0.0,0.0,0.0,0.0,288.4409104409484,0.8125096068759109,-3.019873976709288,0.175498606557331,0.175498606557331
BH032,198,1343236,1.9800009727478027,0.8280343196168332,3023,2,1,SHELF_NORMAL_Y_POS,779.9393102292058,-25.04300957874569,1741.5247913859318,-27.22830390930176,-310.6965637207031,-4.188595294952393,0.0003202960651833,-0.0014686106005683,-5.2865405450575054e-05,0.0,0.0,0.0,0.0,298.10506163549434,0.839732567987308,-0.045369022437881,0.223900574909697,0.223900574909697
BH032,198,1343236,1.9800009727478027,0.8280343196168332,3944,2,5,SHELF_NORMAL_Y_NEG,-289.01923788646684,22.63576178657993,2802.4752086140675,-38.34042739868164,-326.749267578125,-2.8193185329437256,0.0002897251688409,-0.0015303222462534,-3.558335083653219e-05,0.0,0.0,0.0,0.0,309.40460781276965,0.8715622755289286,1.060748737470675,0.2445113931881268,0.2445113931881268
BH032,198,1343236,1.9800009727478027,0.8280343196168332,3536,1,5,SHELF_NORMAL_Y_POS,160.98076211353316,-21.36871258581148,946.475208614068,-26.74496459960937,-337.6851501464844,-0.6404672861099243,0.0003619383205659,-0.0016002984484657,-8.083200555120129e-06,0.0,0.0,0.0,0.0,325.1405956958317,0.9158890019600892,1.7599791072611648,0.2653610211997429,0.2653610211997429
BH032,198,1343236,1.9800009727478027,0.8280343196168332,5009,3,5,SIDE_NORMAL_X_POS,-800.0,24.15470053837925,2637.524791385932,27.38697052001953,-357.73046875,46.52744674682617,0.0127686625346541,-0.0278611481189727,0.0021414642687886,0.0121145248413085,-0.0260844267904758,0.0015542200999334,0.0283400248736143,380.8053283903265,1.0726910658882436,-0.2569823065355675,0.3404661679003734,0.3436372404996582
BH032,198,1343236,1.9800009727478027,0.8280343196168332,4371,1,1,SHELF_NORMAL_Y_POS,-796.8452994616207,-25.01400788112261,1906.475208614068,-247.7580108642578,-404.04736328125,-17.26700210571289,-0.0006794582586735,-0.007537261582911,0.0008813500753603,-6.522460898850113e-05,-0.0059365178458392,0.0010993008036166,0.0070802262052893,354.1564354710917,0.9976237618903993,0.0047104371717848,0.4013862202182984,0.4020201811259531
BH032,198,1343236,1.9800009727478027,0.8280343196168332,3944,1,1,SHELF_NORMAL_Y_NEG,-289.01923788646684,22.46877624313318,2765.524791385932,-39.81982421875,-331.8577880859375,-4.249565124511719,0.000289997406071,-0.00155297270976,-5.363467062124983e-05,0.0,0.0,0.0,0.0,313.9344956167454,0.8843225228640715,1.060748737470675,0.252023426109685,0.252023426109685
BH032,198,1343236,1.9800009727478027,0.8280343196168332,3562,1,1,SHELF_NORMAL_Y_NEG,70.98076211353316,28.89403051151763,717.5247913859318,142.88754272460938,-193.1933135986328,4.511233329772949,0.0009749488672241,-0.0011458699591457,5.6938315537991e-05,0.0,0.0,0.0,0.0,292.24386702631966,0.8232221606375202,-3.00332038991072,0.1804626979318679,0.1804626979318679
BH032,199,1350226,1.9900002479553225,0.8359044359423154,3023,2,1,SHELF_NORMAL_Y_POS,779.9393102292058,-25.04300957874569,1741.5247913859318,-23.82413673400879,-313.7362060546875,-4.543761730194092,0.000341248785844,-0.0014883215771988,-5.734808291890658e-05,0.0,0.0,0.0,0.0,302.63086346444635,0.8524813055336516,-0.0439832870417391,0.2295394811437619,0.2295394811437619
BH032,199,1350226,1.9900002479553225,0.8359044359423154,3944,2,5,SHELF_NORMAL_Y_NEG,-289.01923788646684,22.63576178657993,2802.4752086140675,-38.52684020996094,-329.9761047363281,-2.8053863048553467,0.0002935186203103,-0.001545705134049,-3.5407530958764255e-05,0.0,0.0,0.0,0.0,312.5367514872461,0.8803852154570312,1.0644924205699815,0.2494162421170868,0.2494162421170868
BH032,199,1350226,1.9900002479553225,0.8359044359423154,3536,1,5,SHELF_NORMAL_Y_POS,160.98076211353316,-21.36871258581148,946.475208614068,-26.887666702270508,-340.1056823730469,-0.6779928803443909,0.0003647695120889,-0.0016118376515805,-8.556841748941224e-06,0.0,0.0,0.0,0.0,327.49282831074464,0.9225150093260412,1.7872645519650645,0.2691959894021414,0.2691959894021414
BH032,199,1350226,1.9900002479553225,0.8359044359423154,5009,3,5,SIDE_NORMAL_X_POS,-800.0,24.15470053837925,2637.524791385932,26.67353820800781,-358.1913452148437,56.32610702514648,0.0129288518801331,-0.0281560681760311,0.0023304300848394,0.0122775072231888,-0.0263781659305095,0.0016195104690268,0.0286439266055822,384.8176697574373,1.083993435936443,-0.2603792570814309,0.3471736477631908,0.3471736477631908
BH032,199,1350226,1.9900002479553225,0.8359044359423154,4371,1,1,SHELF_NORMAL_Y_POS,-796.8452994616207,-25.01400788112261,1906.475208614068,-244.20098876953125,-405.14453125,-15.672822952270508,-0.0006661245715804,-0.0075815459713339,0.0009044110774993,-7.075526082189754e-05,-0.0059703094884753,0.0011022414546459,0.0071230456233024,354.36764966607825,0.9982187314537416,0.0048662356287192,0.4006602628544422,0.4020201811259531
BH032,199,1350226,1.9900002479553225,0.8359044359423154,3944,1,1,SHELF_NORMAL_Y_NEG,-289.01923788646684,22.46877624313318,2765.524791385932,-40.07304763793945,-335.4149169921875,-4.296422958374023,0.0002939484256785,-0.0015698715578764,-5.422625326900743e-05,0.0,0.0,0.0,0.0,317.3693360920001,0.89399812983662,1.0644924205699815,0.2575062016985297,0.2575062016985297
BH032,199,1350226,1.9900002479553225,0.8359044359423154,3562,1,1,SHELF_NORMAL_Y_NEG,70.98076211353316,28.89403051151763,717.5247913859318,147.67282104492188,-191.91000366210935,5.037827968597412,0.0009963128250092,-0.0011466107098385,6.358457903843373e-05,0.0,0.0,0.0,0.0,295.0470171691367,0.8311183582229204,-3.0753588053843446,0.1837407539204766,0.1837407539204766
BH032,200,1357217,2.0000009536743164,0.8436127000684883,3023,2,1,SHELF_NORMAL_Y_POS,779.9393102292058,-25.04300957874569,1741.5247913859318,-24.85917282104492,-320.0050354003906,-4.22019624710083,0.000345351814758,-0.0015172484563663,-5.3264455345924944e-05,0.0,0.0,0.0,0.0,308.4146086770551,0.8687735455691694,-0.0409827918207453,0.2385879589481279,0.2385879589481279
BH032,200,1357217,2.0000009536743164,0.8436127000684883,3944,2,5,SHELF_NORMAL_Y_NEG,-289.01923788646684,22.63576178657993,2802.4752086140675,-38.96292495727539,-333.66925048828125,-2.788236141204834,0.0002967795007862,-0.00156298908405,-3.519128586049192e-05,0.0,0.0,0.0,0.0,316.0314399828754,0.8902294084024659,1.0810051816998387,0.2550244375805996,0.2550244375805996
BH032,200,1357217,2.0000009536743164,0.8436127000684883,3536,1,5,SHELF_NORMAL_Y_POS,160.98076211353316,-21.36871258581148,946.475208614068,-26.85282516479492,-342.2898254394531,-0.9126685857772828,0.0003681207017507,-0.0016224927967414,-1.1518774044816382e-05,0.0,0.0,0.0,0.0,329.6884117956391,0.9286997515370116,1.8146801253815217,0.2727438022780885,0.2727438022780885
BH032,200,1357217,2.0000009536743164,0.8436127000684883,5009,3,5,SIDE_NORMAL_X_POS,-800.0,24.15470053837925,2637.524791385932,27.78065299987793,-358.31005859375,-3.152150869369507,0.0131029412150383,-0.0284616090357303,0.0016322908923029,0.0124460533261299,-0.0266816020011901,0.001672064885497,0.0289580021053552,373.0171019404136,1.0507523998321509,-0.2625844425981252,0.3281196741977319,0.3471736477631908
BH032,200,1357217,2.0000009536743164,0.8436127000684883,4371,1,1,SHELF_NORMAL_Y_POS,-796.8452994616207,-25.01400788112261,1906.475208614068,-241.10723876953125,-405.2755737304688,2.422459363937378,-0.000655680138152,-0.0076185055077075,0.0011386643163859,-7.5516763899941e-05,-0.0060021318495273,0.0011081106495112,0.0071630179882049,353.1058221763658,0.9946642878207488,0.0051017837575158,0.3975388628557738,0.4020201811259531
BH032,200,1357217,2.0000009536743164,0.8436127000684883,3944,1,1,SHELF_NORMAL_Y_NEG,-289.01923788646684,22.46877624313318,2765.524791385932,-40.495567321777344,-338.9683532714844,-4.371418952941895,0.0002970706555061,-0.0015865036984905,-5.517292447621003e-05,0.0,0.0,0.0,0.0,320.7336085186949,0.9034749535737886,1.0810051816998387,0.2629927479546772,0.2629927479546772
BH032,200,1357217,2.0000009536743164,0.8436127000684883,3562,1,1,SHELF_NORMAL_Y_NEG,70.98076211353316,28.89403051151763,717.5247913859318,159.56784057617188,-185.71859741210935,5.390501499176025,0.0010450413683429,-0.0011338772019371,6.803581345593557e-05,0.0,0.0,0.0,0.0,299.4581460471352,0.8435440733722116,-3.2146618802066618,0.1888453982405749,0.1888453982405749
BH032,201,1364207,2.010000228881836,0.8510478017763553,3023,2,1,SHELF_NORMAL_Y_POS,779.9393102292058,-25.04300957874569,1741.5247913859318,-35.18721008300781,-328.95001220703125,-4.512353420257568,0.0003082430921494,-0.0015456365654245,-5.695151776308194e-05,0.0,0.0,0.0,0.0,312.9416896136769,0.8815258862357095,-0.035003019624663,0.248929758916353,0.248929758916353
BH032,201,1364207,2.010000228881836,0.8510478017763553,3944,2,5,SHELF_NORMAL_Y_NEG,-289.01923788646684,22.63576178657993,2802.4752086140675,-39.15060424804688,-336.7376403808594,-2.722452402114868,0.000300334097119,-0.0015776001382619,-3.436098631937057e-05,0.0,0.0,0.0,0.0,319.00432819873987,0.8986037414049011,1.0803098451734852,0.2597809107028379,0.2597809107028379
BH032,201,1364207,2.010000228881836,0.8510478017763553,3536,1,5,SHELF_NORMAL_Y_POS,160.98076211353316,-21.36871258581148,946.475208614068,-27.246152877807617,-346.448486328125,-1.0427640676498413,0.0003722648252733,-0.0016421034233644,-1.3160692105884664e-05,0.0,0.0,0.0,0.0,333.66567125434267,0.9399032993080076,1.8373060347817016,0.2793865908958778,0.2793865908958778
BH032,201,1364207,2.010000228881836,0.8510478017763553,5009,3,5,SIDE_NORMAL_X_POS,-800.0,24.15470053837925,2637.524791385932,27.730581283569336,-360.7911682128906,-50.68134689331055,0.0132672954350709,-0.028762899339199,0.0010616274084895,0.0126070268452167,-0.0269709099084138,0.0017012819880619,0.0292570516467094,385.5515500993722,1.086060704505274,-0.2662125734761273,0.3486685171658066,0.3486685171658066
BH032,201,1364207,2.010000228881836,0.8510478017763553,4371,1,1,SHELF_NORMAL_Y_POS,-796.8452994616207,-25.01400788112261,1906.475208614068,-235.64108276367188,-406.49169921875,-9.518698692321776,-0.0006302643450908,-0.0076562683098018,0.0009918183786794,-7.840673060854897e-05,-0.0060260305181145,0.0011119745904579,0.0071925176307559,353.90379223147204,0.996912090792879,0.0053657087267499,0.3969541558927444,0.4020201811259531
BH032,201,1364207,2.010000228881836,0.8510478017763553,3944,1,1,SHELF_NORMAL_Y_NEG,-289.01923788646684,22.46877624313318,2765.524791385932,-40.554908752441406,-342.3924560546875,-4.317784786224365,0.0003017728740815,-0.0016030457336455,-5.449599848361686e-05,0.0,0.0,0.0,0.0,324.1103663424517,0.912986947443526,1.0803098451734852,0.2684348077372397,0.2684348077372397
BH032,201,1364207,2.010000228881836,0.8510478017763553,3562,1,1,SHELF_NORMAL_Y_NEG,70.98076211353316,28.89403051151763,717.5247913859318,164.52670288085938,-184.96534729003903,5.11022424697876,0.0010680147679522,-0.0011374457972124,6.449851935030892e-05,0.0,0.0,0.0,0.0,302.97078666329827,0.8534388356712628,-3.266135840288656,0.1932109270492493,0.1932109270492493
BH032,202,1371198,2.02000093460083,0.85671263587787,3023,2,1,SHELF_NORMAL_Y_POS,779.9393102292058,-25.04300957874569,1741.5247913859318,-33.219032287597656,-329.8290405273437,-6.402218818664551,0.000319073733408,-0.001552749890834,-8.080407860688865e-05,0.0,0.0,0.0,0.0,314.7333216423924,0.8865727370208237,-0.0306952737276996,0.251032562393251,0.251032562393251
BH032,202,1371198,2.02000093460083,0.85671263587787,3944,2,5,SHELF_NORMAL_Y_NEG,-289.01923788646684,22.63576178657993,2802.4752086140675,-39.36811447143555,-339.3274841308594,-2.900604486465454,0.00030305198743,-0.0015898630954325,-3.660947550088167e-05,0.0,0.0,0.0,0.0,321.4957965576027,0.9056219621340922,1.0727198367005495,0.2638257343162757,0.2638257343162757
BH032,202,1371198,2.02000093460083,0.85671263587787,3536,1,5,SHELF_NORMAL_Y_POS,160.98076211353316,-21.36871258581148,946.475208614068,-27.30078125,-351.751708984375,-0.30582395195961,0.0003797248064074,-0.0016677669482305,-3.859459866362158e-06,0.0,0.0,0.0,0.0,338.9273986473526,0.9547250666122608,1.8753263675059624,0.2881359630860261,0.2881359630860261
BH032,202,1371198,2.02000093460083,0.85671263587787,5009,3,5,SIDE_NORMAL_X_POS,-800.0,24.15470053837925,2637.524791385932,26.68106460571289,-361.2222595214844,41.799354553222656,0.0134189780801534,-0.0290439669042825,0.0022508318070322,0.0127631537616252,-0.0272513851523399,0.0017232522368431,0.0295466259121894,382.1946526952113,1.0766046554794684,-0.269407829361555,0.3435788794839941,0.3486685171658066
BH032,202,1371198,2.02000093460083,0.85671263587787,4371,1,1,SHELF_NORMAL_Y_POS,-796.8452994616207,-25.01400788112261,1906.475208614068,-233.0140838623047,-407.0804443359375,8.952007293701172,-0.0006197003531269,-0.0076910904608666,0.001229150337167,-8.14533414086327e-05,-0.0060541648417711,0.001116179395467,0.0072269868105649,354.1115501469763,0.9974973243576796,0.0054456834497941,0.3964191983293219,0.4020201811259531
BH032,202,1371198,2.02000093460083,0.85671263587787,3944,1,1,SHELF_NORMAL_Y_NEG,-289.01923788646684,22.46877624313318,2765.524791385932,-40.2785530090332,-344.542236328125,-4.295763969421387,0.000306244706735,-0.0016138789942488,-5.421800960903056e-05,0.0,0.0,0.0,0.0,326.3577982535989,0.9193177415594336,1.0727198367005495,0.2719737576580332,0.2719737576580332
BH032,202,1371198,2.02000093460083,0.85671263587787,3562,1,1,SHELF_NORMAL_Y_NEG,70.98076211353316,28.89403051151763,717.5247913859318,162.16050720214844,-191.08642578125,5.2195916175842285,0.0010654430370777,-0.0011637178249657,6.587905227206647e-05,0.0,0.0,0.0,0.0,306.395914378778,0.8630870827571211,-3.300127405073866,0.1977375920099355,0.1977375920099355
BH032,203,1378188,2.0300002098083496,0.8624170881551202,3023,2,1,SHELF_NORMAL_Y_POS,779.9393102292058,-25.04300957874569,1741.5247913859318,-31.14681625366211,-332.8401794433594,-6.085695266723633,0.0003335163346491,-0.00157038832549,-7.680884300498292e-05,0.0,0.0,0.0,0.0,318.58578807647257,0.8974247551449932,-0.0330787697675027,0.2563870796535784,0.2563870796535784
BH032,203,1378188,2.0300002098083496,0.8624170881551202,3944,2,5,SHELF_NORMAL_Y_NEG,-289.01923788646684,22.63576178657993,2802.4752086140675,-39.98631286621094,-342.2787780761719,-2.8746490478515625,0.0003043498145416,-0.001603290089406,-3.628194099292159e-05,0.0,0.0,0.0,0.0,324.1789500442288,0.9131801409696584,1.0977430889541115,0.268349185622323,0.268349185622323
BH032,203,1378188,2.0300002098083496,0.8624170881551202,3536,1,5,SHELF_NORMAL_Y_POS,160.98076211353316,-21.36871258581148,946.475208614068,-28.570560455322266,-357.0132141113281,-0.2350977957248687,0.0003812240611296,-0.0016914604930207,-2.9668151455553016e-06,0.0,0.0,0.0,0.0,343.6201539063684,0.9679440955108968,2.01688125133239,0.2964903898850988,0.2964903898850988
BH032,203,1378188,2.0300002098083496,0.8624170881551202,5009,3,5,SIDE_NORMAL_X_POS,-800.0,24.15470053837925,2637.524791385932,28.76371192932129,-361.6026916503906,32.82786560058594,0.0135736325755715,-0.0293076634407043,0.0021558166481554,0.0129071539267897,-0.0275101698935031,0.0017414735630154,0.0298133585602045,381.0746641642946,1.0734497582092806,-0.2701905426287932,0.3414246565337683,0.3486685171658066
BH032,203,1378188,2.0300002098083496,0.8624170881551202,4371,1,1,SHELF_NORMAL_Y_POS,-796.8452994616207,-25.01400788112261,1906.475208614068,-229.1291656494141,-407.5123901367188,-0.0166076142340898,-0.0006014150567352,-0.0077107870019972,0.0011178003624081,-8.265653741545975e-05,-0.0060661016032099,0.0011180245783179,0.0072415536269545,353.82700511655634,0.996695789060722,0.005539071378457,0.3945711795382235,0.4020201811259531
BH032,203,1378188,2.0300002098083496,0.8624170881551202,3944,1,1,SHELF_NORMAL_Y_NEG,-289.01923788646684,22.46877624313318,2765.524791385932,-40.944820404052734,-346.86846923828125,-4.393692493438721,0.0003063985204789,-0.0016242003766819,-5.545391104533337e-05,0.0,0.0,0.0,0.0,328.40471935406043,0.9250837164903112,1.0977430889541115,0.2755410339564769,0.2755410339564769
BH032,203,1378188,2.0300002098083496,0.8624170881551202,3562,1,1,SHELF_NORMAL_Y_NEG,70.98076211353316,28.89403051151763,717.5247913859318,169.33175659179688,-189.62864685058597,8.325956344604492,0.0010981316445395,-0.0011670853709802,0.0001050855353241,0.0,0.0,0.0,0.0,311.3685661966214,0.8770945526665391,-3.551060333674439,0.2040620589219929,0.2040620589219929
BH032,204,1385179,2.040000915527344,0.8699040784037846,3023,2,1,SHELF_NORMAL_Y_POS,779.9393102292058,-25.04300957874569,1741.5247913859318,-34.5216064453125,-337.6603088378906,-5.902187824249268,0.0003241543308831,-0.0015888712368905,-7.449277472915128e-05,0.0,0.0,0.0,0.0,321.95365605238675,0.9069117071898218,-0.0238713424304512,0.2628770926769082,0.2628770926769082
BH032,204,1385179,2.040000915527344,0.8699040784037846,3944,2,5,SHELF_NORMAL_Y_NEG,-289.01923788646684,22.63576178657993,2802.4752086140675,-40.70763397216797,-345.77557373046875,-3.256216764450073,0.0003059384471271,-0.0016192070906981,-4.1097642679233104e-05,0.0,0.0,0.0,0.0,327.37434567045995,0.9221812554097464,1.116479860714639,0.2737756378059879,0.2737756378059879
BH032,204,1385179,2.040000915527344,0.8699040784037846,3536,1,5,SHELF_NORMAL_Y_POS,160.98076211353316,-21.36871258581148,946.475208614068,-29.350313186645508,-360.4176330566406,0.2493508756160736,0.0003823970910161,-0.0017068539746105,3.1475885862164432e-06,0.0,0.0,0.0,0.0,346.6758243974925,0.9765516180211056,2.003014804704363,0.3019783311551097,0.3019783311551097
BH032,204,1385179,2.040000915527344,0.8699040784037846,5009,3,5,SIDE_NORMAL_X_POS,-800.0,24.15470053837925,2637.524791385932,27.801422119140625,-363.5645446777344,37.95577239990234,0.0137076713144779,-0.0295598544180393,0.002238038694486,0.0130430106073617,-0.027754234150052,0.0017589617054909,0.0300642717629671,383.90315258946936,1.0814173312379418,-0.2734001669584103,0.3466112612973721,0.3486685171658066
BH032,204,1385179,2.040000915527344,0.8699040784037846,4371,1,1,SHELF_NORMAL_Y_POS,-796.8452994616207,-25.01400788112261,1906.475208614068,-217.92086791992188,-408.0414733886719,-9.486065864562988,-0.0005476603400893,-0.0077501214109361,0.0010015645530074,-8.408216672251001e-05,-0.0060865259729325,0.0011213060934096,0.0072660786099731,354.0290284549385,0.9972648688871508,0.0058476450802502,0.3905167735925492,0.4020201811259531
BH032,204,1385179,2.040000915527344,0.8699040784037846,3944,1,1,SHELF_NORMAL_Y_NEG,-289.01923788646684,22.46877624313318,2765.524791385932,-41.57288360595703,-351.4561767578125,-4.531630992889404,0.0003100306494161,-0.0016455580480396,-5.71951168240048e-05,0.0,0.0,0.0,0.0,332.7165597651448,0.9372297458173092,1.116479860714639,0.282856243830868,0.282856243830868
BH032,204,1385179,2.040000915527344,0.8699040784037846,3562,1,1,SHELF_NORMAL_Y_NEG,70.98076211353316,28.89403051151763,717.5247913859318,167.44140625,-194.6365966796875,10.659618377685549,0.0010962480446323,-0.0011886437423527,0.0001345392956864,0.0,0.0,0.0,0.0,314.4060068472985,0.8856507235135169,-3.5461525615199454,0.2081663936046918,0.2081663936046918
BH032,205,1392169,2.0500001907348637,0.874477111768332,3023,2,1,SHELF_NORMAL_Y_POS,779.9393102292058,-25.04300957874569,1741.5247913859318,-34.84180450439453,-342.7728271484375,-4.942148208618164,0.000330047099851,-0.0016132263699546,-6.237538764253259e-05,0.0,0.0,0.0,0.0,326.86023469715377,0.9207330554849402,-0.0434777877331897,0.2708931397000251,0.2708931397000251
BH032,205,1392169,2.0500001907348637,0.874477111768332,3944,2,5,SHELF_NORMAL_Y_NEG,-289.01923788646684,22.63576178657993,2802.4752086140675,-39.819732666015625,-345.0191650390625,-2.9842450618743896,0.0003091496473643,-0.0016168330330401,-3.766480949707329e-05,0.0,0.0,0.0,0.0,326.97397693563533,0.9210534561567192,1.05525852462084,0.2728156548639455,0.2737756378059879
BH032,205,1392169,2.0500001907348637,0.874477111768332,3536,1,5,SHELF_NORMAL_Y_POS,160.98076211353316,-21.36871258581148,946.475208614068,-27.598451614379883,-363.7144775390625,-0.8493545651435852,0.0003957032749895,-0.0017254124395549,-1.0719522833824158e-05,0.0,0.0,0.0,0.0,350.7336646270859,0.9879821538791153,1.9239008706127576,0.3083229815030055,0.3083229815030055
BH032,205,1392169,2.0500001907348637,0.874477111768332,5009,3,5,SIDE_NORMAL_X_POS,-800.0,24.15470053837925,2637.524791385932,27.967300415039062,-364.6828002929688,48.43640899658203,0.0138294994831085,-0.0297800749540328,0.0023763012140989,0.0131623828783631,-0.0279688220471143,0.0017649509245529,0.0302843768149614,388.6041241462448,1.094659504637309,-0.2783184477789964,0.3544449282668765,0.3544449282668765
BH032,205,1392169,2.0500001907348637,0.874477111768332,4371,1,1,SHELF_NORMAL_Y_POS,-796.8452994616207,-25.01400788112261,1906.475208614068,-206.4542388916016,-407.5259399414063,-0.5133337378501892,-0.0004930672585032,-0.0077775218524038,0.0011168417986482,-8.439974044449627e-05,-0.0060997321270406,0.0011233360273763,0.0072815604507923,352.93919767692114,0.9941949230335808,0.005489379741913,0.3840878106254448,0.4020201811259531
BH032,205,1392169,2.0500001907348637,0.874477111768332,3944,1,1,SHELF_NORMAL_Y_NEG,-289.01923788646684,22.46877624313318,2765.524791385932,-40.73034286499024,-351.0315246582031,-4.275722026824951,0.0003135031438432,-0.0016447212547063,-5.396496635512449e-05,0.0,0.0,0.0,0.0,332.6248685449804,0.9369714606900856,1.05525852462084,0.2824052112703352,0.282856243830868
BH032,205,1392169,2.0500001907348637,0.874477111768332,3562,1,1,SHELF_NORMAL_Y_NEG,70.98076211353316,28.89403051151763,717.5247913859318,161.52645874023438,-199.25662231445312,11.002283096313477,0.0010742660379037,-0.0012024539755657,0.0001388646487612,0.0,0.0,0.0,0.0,313.5958636403126,0.8833686299727115,-3.475729887038338,0.2073173801220823,0.2081663936046918
BH032,206,1399160,2.0600008964538574,0.8796618221153213,3023,2,1,SHELF_NORMAL_Y_POS,779.9393102292058,-25.04300957874569,1741.5247913859318,-36.767486572265625,-343.0498962402344,-5.736457824707031,0.0003211045695934,-0.0016117736231535,-7.240055128931999e-05,0.0,0.0,0.0,0.0,326.3751181857638,0.9193665301007432,-0.0539054401072174,0.2707686949214879,0.2708931397000251
BH032,206,1399160,2.0600008964538574,0.8796618221153213,3944,2,5,SHELF_NORMAL_Y_NEG,-289.01923788646684,22.63576178657993,2802.4752086140675,-41.270877838134766,-348.2179260253906,-3.665371179580689,0.0003067642974201,-0.0016302433796226,-4.626141162589192e-05,0.0,0.0,0.0,0.0,329.587704131335,0.9284160679755916,1.160131113786126,0.2775891396224047,0.2775891396224047
BH032,206,1399160,2.0600008964538574,0.8796618221153213,3536,1,5,SHELF_NORMAL_Y_POS,160.98076211353316,-21.36871258581148,946.475208614068,-26.814563751220703,-367.4842529296875,-0.7198389768600464,0.0004049974959343,-0.0017448492581024,-9.08483980310848e-06,0.0,0.0,0.0,0.0,354.8398533946882,0.9995488828019384,1.9513978776323728,0.3151749115776097,0.3151749115776097
BH032,206,1399160,2.0600008964538574,0.8796618221153213,5009,3,5,SIDE_NORMAL_X_POS,-800.0,24.15470053837925,2637.524791385932,28.022987365722656,-365.80712890625,0.481408029794693,0.0139478407800197,-0.0299950446933507,0.0018363429699093,0.0132788242772221,-0.0281782913953065,0.0018302501412108,0.0304991584271192,380.59407140973417,1.072095975802068,-0.271997740495364,0.3417025970151844,0.3544449282668765
BH032,206,1399160,2.0600008964538574,0.8796618221153213,4371,1,1,SHELF_NORMAL_Y_POS,-796.8452994616207,-25.01400788112261,1906.475208614068,-206.51528930664065,-408.0970458984375,2.0782930850982666,-0.0004927879199385,-0.0078091192990541,0.0011530255433171,-8.465680002700537e-05,-0.0061286641284823,0.0011268116068094,0.007315226830542,353.4493485578639,0.9956319677686308,0.0043963948344304,0.3850896915807173,0.4020201811259531
BH032,206,1399160,2.0600008964538574,0.8796618221153213,3944,1,1,SHELF_NORMAL_Y_NEG,-289.01923788646684,22.46877624313318,2765.524791385932,-42.96745300292969,-354.1958923339844,-5.47744083404541,0.0003072502440772,-0.0016568155260756,-6.913230754435062e-05,0.0,0.0,0.0,0.0,334.9209516892107,0.943439300532988,1.160131113786126,0.2870054209335005,0.2870054209335005
BH032,206,1399160,2.0600008964538574,0.8796618221153213,3562,1,1,SHELF_NORMAL_Y_NEG,70.98076211353316,28.89403051151763,717.5247913859318,160.85289001464844,-204.48275756835935,13.172088623046877,0.0010786120546981,-0.0012268448481336,0.0001662499562371,0.0,0.0,0.0,0.0,317.9606966874059,0.8956639343307209,-3.5124421206437315,0.2132724935238509,0.2132724935238509
BH032,207,1406150,2.070000171661377,0.8871720676332661,3023,2,1,SHELF_NORMAL_Y_POS,779.9393102292058,-25.04300957874569,1741.5247913859318,-39.29419708251953,-350.5124206542969,-5.292313575744629,0.0003197049081791,-0.0016443140339106,-6.679507350781932e-05,0.0,0.0,0.0,0.0,332.73700210404274,0.937287329870543,-0.0456307720285872,0.282075603477989,0.282075603477989
BH032,207,1406150,2.070000171661377,0.8871720676332661,3944,2,5,SHELF_NORMAL_Y_NEG,-289.01923788646684,22.63576178657993,2802.4752086140675,-41.05392837524414,-351.699462890625,-3.342405080795288,0.0003128844255115,-0.0016474495641887,-4.218506728648208e-05,0.0,0.0,0.0,0.0,333.12581360297287,0.938382573529501,1.1303816234841673,0.2833442616349191,0.2833442616349191
BH032,207,1406150,2.070000171661377,0.8871720676332661,3536,1,5,SHELF_NORMAL_Y_POS,160.98076211353316,-21.36871258581148,946.475208614068,-28.77844619750977,-368.4186706542969,0.4625512957572937,0.0004000781918875,-0.001753929303959,5.846126896358328e-06,3.246080041208188e-06,-7.392891802737722e-06,7.633915721783069e-09,7.411189926642692e-06,354.90652406196074,0.999736687498481,2.0429146210697398,0.3160207578814051,0.3160207578814051
BH032,207,1406150,2.070000171661377,0.8871720676332661,5009,3,5,SIDE_NORMAL_X_POS,-800.0,24.15470053837925,2637.524791385932,30.051532745361328,-365.7772216796875,18.73689079284668,0.0140662910416722,-0.0301926415413618,0.0021383131388574,0.0133874574676156,-0.0283731091767549,0.0019018083112314,0.0306989215314388,383.0684663407057,1.0790661023681851,-0.2810721226687204,0.3452191394616809,0.3544449282668765
BH032,207,1406150,2.070000171661377,0.8871720676332661,4371,1,1,SHELF_NORMAL_Y_POS,-796.8452994616207,-25.01400788112261,1906.475208614068,-207.86578369140625,-407.553466796875,0.3254940807819366,-0.0005007874569855,-0.0078277261927723,0.0011344922240823,-8.531624189345166e-05,-0.0061518722213804,0.0011304016225039,0.0073425071313977,352.97579151423673,0.9942980042654556,0.0049698080874515,0.3847072832094101,0.4020201811259531
BH032,207,1406150,2.070000171661377,0.8871720676332661,3944,1,1,SHELF_NORMAL_Y_NEG,-289.01923788646684,22.46877624313318,2765.524791385932,-42.06025695800781,-357.4797058105469,-4.776435852050781,0.0003164386434946,-0.0016740839928388,-6.028422285453416e-05,0.0,0.0,0.0,0.0,338.5167056681995,0.9535681849808436,1.1303816234841673,0.2927141918010889,0.2927141918010889
BH032,207,1406150,2.070000171661377,0.8871720676332661,3562,1,1,SHELF_NORMAL_Y_NEG,70.98076211353316,28.89403051151763,717.5247913859318,168.11329650878906,-200.7042236328125,13.710406303405762,0.0011083523277193,-0.0012190787820145,0.000173043605173,0.0,0.0,0.0,0.0,320.70116967087097,0.9033835765376648,-3.657451734176948,0.2166822439722658,0.2166822439722658
BH032,208,1413141,2.080000877380371,0.8930996750714061,3023,2,1,SHELF_NORMAL_Y_POS,779.9393102292058,-25.04300957874569,1741.5247913859318,-37.86432647705078,-351.1228332519531,-5.348939418792725,0.0003275377093814,-0.0016493679722771,-6.750939064659178e-05,0.0,0.0,0.0,0.0,333.93375857699425,0.9406584748647724,-0.0360548007659734,0.2835502467814694,0.2835502467814694
BH032,208,1413141,2.080000877380371,0.8930996750714061,3944,2,5,SHELF_NORMAL_Y_NEG,-289.01923788646684,22.63576178657993,2802.4752086140675,-39.5898551940918,-352.2373352050781,-2.785703659057617,0.0003207785193808,-0.0016522012883797,-3.5158602258889005e-05,0.0,0.0,0.0,0.0,334.24056050481096,0.9415227056473549,1.0449920698862631,0.2846768545377164,0.2846768545377164
BH032,208,1413141,2.080000877380371,0.8930996750714061,3536,1,5,SHELF_NORMAL_Y_POS,160.98076211353316,-21.36871258581148,946.475208614068,-32.333946228027344,-369.9637756347656,1.2153863906860352,0.0003992976271547,-0.0017890392336994,1.5672665540478192e-05,1.7450051018386148e-05,-4.0157039620680735e-05,3.3255059861403424e-07,4.027237082482316e-05,354.90945609429974,0.9997449467445064,2.1152783468591454,0.3173526215363962,0.3173526215363962
BH032,208,1413141,2.080000877380371,0.8930996750714061,5009,3,5,SIDE_NORMAL_X_POS,-800.0,24.15470053837925,2637.524791385932,30.74591064453125,-367.2703247070313,-29.098865509033203,0.0141765726730227,-0.0303886905312538,0.0015915022231638,0.0134921427816152,-0.0285608768463134,0.0019587462302297,0.0308911669999361,386.8657324438783,1.089762626602474,-0.2878601825054592,0.3515519945505354,0.3544449282668765
BH032,208,1413141,2.080000877380371,0.8930996750714061,4371,1,1,SHELF_NORMAL_Y_POS,-796.8452994616207,-25.01400788112261,1906.475208614068,-203.3618011474609,-409.1736145019531,6.09053373336792,-0.0004767170466948,-0.0078658023849129,0.0012105662608519,-8.546452590962872e-05,-0.0061755245551466,0.0011337115429341,0.0073699750937521,354.5138495840046,0.9986305622084636,0.0054435555084566,0.3858516141707132,0.4020201811259531
BH032,208,1413141,2.080000877380371,0.8930996750714061,3944,1,1,SHELF_NORMAL_Y_NEG,-289.01923788646684,22.46877624313318,2765.524791385932,-40.536563873291016,-358.8252258300781,-4.160613536834717,0.0003257971839047,-0.0016828443622216,-5.251195398159325e-05,0.0,0.0,0.0,0.0,340.4484485666804,0.959009714272339,1.0449920698862631,0.2954305430845189,0.2954305430845189
BH032,208,1413141,2.080000877380371,0.8930996750714061,3562,1,1,SHELF_NORMAL_Y_NEG,70.98076211353316,28.89403051151763,717.5247913859318,174.25453186035156,-201.01060485839844,14.06696319580078,0.0011386101832613,-0.0012295095948502,0.0001775441487552,0.0,0.0,0.0,0.0,326.17564646771507,0.9188046379372256,-3.787930390226267,0.2240193836535605,0.2240193836535605
BH032,209,1420131,2.09000015258789,0.8993259142347114,3023,2,1,SHELF_NORMAL_Y_POS,779.9393102292058,-25.04300957874569,1741.5247913859318,-40.73405838012695,-357.4247436523437,-5.12660026550293,0.0003227874694857,-0.0016757907578721,-6.470316293416545e-05,0.0,0.0,0.0,0.0,339.01503890457354,0.9549719405762636,-0.0439988124283395,0.2930833459936335,0.2930833459936335
BH032,209,1420131,2.09000015258789,0.8993259142347114,3944,2,5,SHELF_NORMAL_Y_NEG,-289.01923788646684,22.63576178657993,2802.4752086140675,-41.15533828735352,-358.3667297363281,-3.5371015071868896,0.0003221053339075,-0.0016796796116977,-4.464230369194411e-05,0.0,0.0,0.0,0.0,339.71944913331384,0.9569561947417292,1.107393967098517,0.2944161863237443,0.2944161863237443
BH032,209,1420131,2.09000015258789,0.8993259142347114,3536,1,5,SHELF_NORMAL_Y_POS,160.98076211353316,-21.36871258581148,946.475208614068,-34.2147216796875,-370.861572265625,1.2856760025024414,0.0004027606337331,-0.0018166960217058,1.682713264017366e-05,2.871153992600739e-05,-6.616814789595082e-05,5.999013410473708e-07,6.636210309807211e-05,354.99998080921137,0.9999999459414404,2.078080332217974,0.3182227677875965,0.3182227677875965
BH032,209,1420131,2.09000015258789,0.8993259142347114,5009,3,5,SIDE_NORMAL_X_POS,-800.0,24.15470053837925,2637.524791385932,30.30606460571289,-367.4806823730469,-30.74041557312012,0.0142799960449337,-0.0305768903344869,0.0016197171062231,0.0135973636060953,-0.0287485998123884,0.0020076774526387,0.0310830865055322,387.2109531242875,1.0907350792233452,-0.2866127988940377,0.3522919933374748,0.3544449282668765
BH032,209,1420131,2.09000015258789,0.8993259142347114,4371,1,1,SHELF_NORMAL_Y_POS,-796.8452994616207,-25.01400788112261,1906.475208614068,-197.9730987548828,-406.4135437011719,9.593865394592283,-0.0004546166455838,-0.007887627929449,0.0012587907258421,-8.550568600185215e-05,-0.0062028975225985,0.0011377184418961,0.0074016936123371,352.3953666998328,0.9926630047882612,0.0049809771559067,0.3794929048988001,0.4020201811259531
BH032,209,1420131,2.09000015258789,0.8993259142347114,3944,1,1,SHELF_NORMAL_Y_NEG,-289.01923788646684,22.46877624313318,2765.524791385932,-41.64901351928711,-361.09674072265625,-5.170386791229248,0.0003237066266592,-0.0016922592185437,-6.525671778945252e-05,0.0,0.0,0.0,0.0,342.29573784994653,0.9642133460561876,1.107393967098517,0.2989649004678951,0.2989649004678951
BH032,209,1420131,2.09000015258789,0.8993259142347114,3562,1,1,SHELF_NORMAL_Y_NEG,70.98076211353316,28.89403051151763,717.5247913859318,170.02517700195312,-207.522216796875,16.64801788330078,0.0011275601573288,-0.0012549612438306,0.0002101211575791,0.0,0.0,0.0,0.0,328.76967989747646,0.9261117743590886,-3.7384625365355815,0.227816290632288,0.227816290632288
BH032,210,1427122,2.1000008583068848,0.9056874419522328,3023,2,1,SHELF_NORMAL_Y_POS,779.9393102292058,-25.04300957874569,1741.5247913859318,-36.85231018066406,-357.3283386230469,-4.699068546295166,0.0003414938109926,-0.0016809878870844,-5.930711267865263e-05,0.0,0.0,0.0,0.0,340.49890354168423,0.9591518409624908,-0.0489648252404292,0.2941885083594568,0.2941885083594568
BH032,210,1427122,2.1000008583068848,0.9056874419522328,3944,2,5,SHELF_NORMAL_Y_NEG,-289.01923788646684,22.63576178657993,2802.4752086140675,-40.02952194213867,-358.5109558105469,-4.0316314697265625,0.0003277815412729,-0.0016820254968479,-5.088388206786476e-05,0.0,0.0,0.0,0.0,340.33837287017127,0.9586996418878064,1.054086077388756,0.2950502430211407,0.2950502430211407
BH032,210,1427122,2.1000008583068848,0.9056874419522328,3536,1,5,SHELF_NORMAL_Y_POS,160.98076211353316,-21.36871258581148,946.475208614068,-34.517539978027344,-370.96783447265625,1.4802712202072144,0.0004152713518124,-0.0018488906789571,1.968947071873117e-05,4.2512208892731e-05,-9.825779125094414e-05,1.0063126865134109e-06,9.855697135208176e-05,354.9792547898409,0.9999415627882844,2.036288241781964,0.3183094352380154,0.3183094352380154
BH032,210,1427122,2.1000008583068848,0.9056874419522328,5009,3,5,SIDE_NORMAL_X_POS,-800.0,24.15470053837925,2637.524791385932,29.81627082824707,-367.1482543945313,38.49777221679688,0.0143716633319854,-0.0307435896247625,0.002550849225372,0.0136918611824512,-0.0289175398647785,0.0020649302750825,0.0312557741999626,388.690208128748,1.0949019947288676,-0.2911244754683351,0.3547748057179947,0.3547748057179947
BH032,210,1427122,2.1000008583068848,0.9056874419522328,4371,1,1,SHELF_NORMAL_Y_POS,-796.8452994616207,-25.01400788112261,1906.475208614068,-187.9687957763672,-407.419189453125,2.908236265182495,-0.000404010846978,-0.0079289181157946,0.0011774429585784,-8.492321649100631e-05,-0.006224725395441,0.0011407585116103,0.0074266353622078,353.22222922275694,0.9949921949936816,0.0048400524684798,0.3772327287549811,0.4020201811259531
BH032,210,1427122,2.1000008583068848,0.9056874419522328,3944,1,1,SHELF_NORMAL_Y_NEG,-289.01923788646684,22.46877624313318,2765.524791385932,-41.175926208496094,-362.9264526367188,-5.278469085693359,0.0003286697901785,-0.0017018369399011,-6.662046507699415e-05,0.0,0.0,0.0,0.0,344.312097953855,0.969893233672831,1.054086077388756,0.3022337791495091,0.3022337791495091
BH032,210,1427122,2.1000008583068848,0.9056874419522328,3562,1,1,SHELF_NORMAL_Y_NEG,70.98076211353316,28.89403051151763,717.5247913859318,168.43023681640625,-217.79869079589844,20.43149185180664,0.0011347817489877,-0.0013025221414864,0.0002578742569312,0.0,0.0,0.0,0.0,337.2554477445336,0.9500153457592496,-3.80747997797699,0.2400376777885093,0.2400376777885093
BH032,211,1434112,2.1100001335144043,0.9118333169011316,3023,2,1,SHELF_NORMAL_Y_POS,779.9393102292058,-25.04300957874569,1741.5247913859318,-43.49819564819336,-365.0455017089844,-5.488714218139648,0.0003204738604836,-0.0017087757587432,-6.927391950739548e-05,0.0,0.0,0.0,0.0,345.48787046738346,0.9732052689222068,-0.0390418321447777,0.3051207389607838,0.3051207389607838
BH032,211,1434112,2.1100001335144043,0.9118333169011316,3944,2,5,SHELF_NORMAL_Y_NEG,-289.01923788646684,22.63576178657993,2802.4752086140675,-38.90079116821289,-359.9159240722656,-3.3130877017974854,0.0003353043575771,-0.0016904831863939,-4.181491749477573e-05,0.0,0.0,0.0,0.0,342.1763571672006,0.9638770624428186,1.0789477265665155,0.297758122608632,0.297758122608632
BH032,211,1434112,2.1100001335144043,0.9118333169011316,3536,1,5,SHELF_NORMAL_Y_POS,160.98076211353316,-21.36871258581148,946.475208614068,-38.05242919921875,-372.4654541015625,2.5633790493011475,0.0004130402230657,-0.0018808975582942,3.378365727257915e-05,5.523478830582462e-05,-0.0001281157165067,1.4303046782515594e-06,0.0001285244507016,354.99999898893145,0.9999999971519196,2.135726145947278,0.31967831011236,0.31967831011236
BH032,211,1434112,2.1100001335144043,0.9118333169011316,5009,3,5,SIDE_NORMAL_X_POS,-800.0,24.15470053837925,2637.524791385932,31.0591983795166,-368.2281494140625,-5.256036758422852,0.0144700063392519,-0.030912535265088,0.002054181182757,0.0137825710698962,-0.0290794242173433,0.0021205018274486,0.0314211845397949,384.8069551524175,1.0839632539504718,-0.2939425159216327,0.3484247441302397,0.3547748057179947
BH032,211,1434112,2.1100001335144043,0.9118333169011316,4371,1,1,SHELF_NORMAL_Y_POS,-796.8452994616207,-25.01400788112261,1906.475208614068,-191.4870758056641,-406.4365539550781,7.299848079681396,-0.0004216271045152,-0.0079557877033948,0.0012395186349749,-8.402415551245213e-05,-0.0062615298666059,0.0011474000057205,0.0074688084423542,352.4067092438134,0.9926949556163758,0.0052361220769775,0.3769853513127091,0.4020201811259531
BH032,211,1434112,2.1100001335144043,0.9118333169011316,3944,1,1,SHELF_NORMAL_Y_NEG,-289.01923788646684,22.46877624313318,2765.524791385932,-41.79790878295898,-367.5799560546875,-5.883216381072998,0.0003324265708215,-0.0017235174309462,-7.425285002682358e-05,0.0,0.0,0.0,0.0,348.71457168167814,0.9822945681174032,1.0789477265665155,0.3100394721719408,0.3100394721719408
BH032,211,1434112,2.1100001335144043,0.9118333169011316,3562,1,1,SHELF_NORMAL_Y_NEG,70.98076211353316,28.89403051151763,717.5247913859318,164.90786743164062,-221.9940490722656,25.96492576599121,0.001123797846958,-0.0013177575310692,0.0003277132927905,0.0,0.0,0.0,0.0,339.27431363053944,0.9557022919170124,-3.876387306842219,0.2431772576453303,0.2431772576453303
BH032,212,1441103,2.1200008392333984,0.9171650677777926,3023,2,1,SHELF_NORMAL_Y_POS,779.9393102292058,-25.04300957874569,1741.5247913859318,-42.6196174621582,-367.2425842285156,-5.2235283851623535,0.0003279366064816,-0.0017207184573635,-6.592695717699826e-05,0.0,0.0,0.0,0.0,348.0138858640516,0.9803208052508496,-0.0397147717082708,0.3091543541814631,0.3091543541814631
BH032,212,1441103,2.1200008392333984,0.9171650677777926,3944,2,5,SHELF_NORMAL_Y_NEG,-289.01923788646684,22.63576178657993,2802.4752086140675,-41.35922622680664,-364.5522766113281,-4.597639560699463,0.0003301237884443,-0.001709415926598,-5.802760279038921e-05,0.0,0.0,0.0,0.0,345.8247573053547,0.9741542459305766,1.0658461550484346,0.3048881188577807,0.3048881188577807
BH032,212,1441103,2.1200008392333984,0.9171650677777926,3536,1,5,SHELF_NORMAL_Y_POS,160.98076211353316,-21.36871258581148,946.475208614068,-38.64456558227539,-372.7188720703125,2.2936294078826904,0.0004167730512563,-0.0018960988381877,3.07035879814066e-05,6.145556835690513e-05,-0.0001429294497938,1.754846380208619e-06,0.000143402692629,354.99997656129216,0.9999999339754708,2.2041477875132447,0.3199098152262425,0.3199098152262425
BH032,212,1441103,2.1200008392333984,0.9171650677777926,5009,3,5,SIDE_NORMAL_X_POS,-800.0,24.15470053837925,2637.524791385932,29.38731384277344,-368.8451843261719,43.20382308959961,0.0145508246496319,-0.0310702119022607,0.0027191485278308,0.0138706415891647,-0.0292366128414869,0.0021738375071436,0.0315817184746265,391.5986011151757,1.103094651028664,-0.2967400672789901,0.3599909012401374,0.3599909012401374
BH032,212,1441103,2.1200008392333984,0.9171650677777926,4371,1,1,SHELF_NORMAL_Y_POS,-796.8452994616207,-25.01400788112261,1906.475208614068,-179.68621826171875,-404.6180114746094,27.643930435180664,-0.0003645479155238,-0.0080134086310863,0.001507326029241,-8.158448326867074e-05,-0.0063108406029641,0.0011584371095523,0.0075247748754918,354.3884205079664,0.9982772408675108,0.005307742262313,0.3747013352453347,0.4020201811259531
BH032,212,1441103,2.1200008392333984,0.9171650677777926,3944,1,1,SHELF_NORMAL_Y_NEG,-289.01923788646684,22.46877624313318,2765.524791385932,-40.75472640991211,-365.8315124511719,-5.794649124145508,0.0003349425678607,-0.0017165332101285,-7.313480455195531e-05,0.0,0.0,0.0,0.0,347.3974868941955,0.9785844701244945,1.0658461550484346,0.3073679373123606,0.3100394721719408
BH032,212,1441103,2.1200008392333984,0.9171650677777926,3562,1,1,SHELF_NORMAL_Y_NEG,70.98076211353316,28.89403051151763,717.5247913859318,134.91018676757812,-257.1009521484375,33.96110916137695,0.0010293077211827,-0.0014444935368373,0.0004286364710424,0.0,0.0,0.0,0.0,349.9246581311136,0.985703262341165,-3.758109099325667,0.262394671031724,0.262394671031724
BH032,213,1448093,2.130000114440918,0.923224726446359,3023,2,1,SHELF_NORMAL_Y_POS,779.9393102292058,-25.04300957874569,1741.5247913859318,-40.311668395996094,-370.2956237792969,-4.947121620178223,0.0003435848921071,-0.0017388990381732,-6.243823008844629e-05,0.0,0.0,0.0,0.0,351.9802085936968,0.9914935453343572,-0.0422333907063037,0.3151923675151932,0.3151923675151932
BH032,213,1448093,2.130000114440918,0.923224726446359,3944,2,5,SHELF_NORMAL_Y_NEG,-289.01923788646684,22.63576178657993,2802.4752086140675,-39.856842041015625,-364.5794372558594,-4.291817665100098,0.0003374580410309,-0.0017117399256676,-5.416771091404371e-05,0.0,0.0,0.0,0.0,346.4549147894771,0.9759293374351466,1.062334584065754,0.3054203776896298,0.3054203776896298
