case,frame_index,frame_id,step_time_s,P_over_Pu,element,integration_point,section_point,panel,x_ip_mm,y_ip_mm,z_ip_mm,sigma_x_transverse_MPa,sigma_y_axial_MPa,tau_xy_MPa,LE_x_transverse,LE_y_axial,gamma_xy_engineering,PE_x_transverse,PE_y_axial,PE_xy_engineering,PEEQ,sigma_VM_MPa,sigma_VM_over_fy,w_local_ref_normal_mm,Y_s_MPa,Y_s_max_MPa
BH050,357,2539440,3.570000648498535,0.475153670143918,8857,1,1,SHELF_NORMAL_Y_NEG,1246.8452994616207,25.009422437046773,2189.4337567297407,-190.13162231445312,-216.2807464599609,-162.87017822265625,0.000573473458644,-0.0061843688599765,-0.0046279062516987,0.0011813717428594,-0.0054111210629343,-0.0025725127197802,0.0059688496403396,348.4044643173074,0.9814210262459364,-0.0286411153625291,0.3087861884016973,0.3619825278703239
BH050,357,2539440,3.570000648498535,0.475153670143918,7318,1,1,SHELF_NORMAL_Y_NEG,-29.717559197604437,30.49643744586834,860.5662432702593,374.0951843261719,331.9264221191406,-4.92951250076294,0.0028286704327911,0.0010729427449405,-0.0001221666316268,0.0014948867028579,7.050994099699892e-06,-5.995168612571433e-05,0.0018297507194802,354.99743781039507,0.9999927825644932,-110.19040278635,0.4266532160675044,0.4266532160675044
BH050,357,2539440,3.570000648498535,0.475153670143918,7687,4,5,SHELF_NORMAL_Y_POS,-392.1574408023956,-20.81674579952917,689.4337567297406,105.52191925048828,86.53233337402344,17.936758041381836,0.0002939887053798,0.0004022029461339,-0.0001911069703055,-9.206144022755323e-05,0.0001356393331661,-0.0004175659269094,0.0005152153316885,102.25871177418036,0.2880527092230432,87.84344702802984,0.0339316305000012,0.3571644698394131
BH050,357,2539440,3.570000648498535,0.475153670143918,6592,3,5,SHELF_NORMAL_Y_NEG,592.2175591976044,22.738223297176344,4589.433756729741,-89.47026062011719,-27.83760070800781,36.1270637512207,-0.0003696933272294,-0.0004125708364881,0.000381386547815,2.4110335289151408e-05,-0.0004077263001818,-7.457813626388088e-05,0.0004597895604092,101.0183961666401,0.2845588624412397,1.3494971952580477,0.0259215685062339,0.379364011692263
BH050,357,2539440,3.570000648498535,0.475153670143918,7690,1,1,SHELF_NORMAL_Y_POS,-310.96755919760443,-21.386331148337096,539.4337567297406,-57.98412704467773,-143.0030975341797,-140.8983154296875,-0.0001067914417944,-0.000852501776535,-0.0021269747521728,-3.3639083994785324e-05,-0.0002427382278256,-0.0003488196525722,0.0003835926472675,274.0020820925824,0.7718368509650207,66.50160603697549,0.17097645532199,0.3553389779109036
BH050,357,2539440,3.570000648498535,0.475153670143918,8803,2,1,SHELF_NORMAL_Y_NEG,1246.8452994616207,24.99568236389409,4860.566243270259,-46.21677017211914,-38.48476028442383,29.580020904541016,-0.0044089588336646,-0.0012404671870172,0.0012861503055319,-0.004240630660206,-0.0011209420626983,0.0009127901284955,0.0057617402635514,66.80836929784309,0.1881925895713889,-0.0110507895133603,0.0117127451100662,0.4218543590981223
BH050,358,2547828,3.5799999237060547,0.4745122987947807,5809,3,5,SIDE_NORMAL_X_POS,-1250.0,-24.15470053837925,439.4337567297406,122.3159408569336,-390.8298950195313,62.07771682739258,0.2504469454288482,-0.3879605233669281,0.0492322668433189,0.249283418059349,-0.385882705450058,0.0484486259520053,0.4785857200622558,476.52371539361087,1.342320325052425,2.8381122571341173,0.5020397694762685,0.5385553506579153
BH050,358,2547828,3.5799999237060547,0.4745122987947807,8857,1,1,SHELF_NORMAL_Y_NEG,1246.8452994616207,25.009422437046773,2189.4337567297407,-187.9617919921875,-213.86610412597656,-161.97665405273438,0.0005804927786812,-0.0061758100055158,-0.0046166172251105,0.0011813717428594,-0.0054111210629343,-0.0025725127197802,0.0059688496403396,345.8019649154537,0.9740900420153624,-0.0286679292346632,0.303784706872654,0.3619825278703239
BH050,358,2547828,3.5799999237060547,0.4745122987947807,7318,1,1,SHELF_NORMAL_Y_NEG,-29.717559197604437,30.49643744586834,860.5662432702593,373.6376037597656,332.3130798339844,-5.024804592132568,0.0028317421674728,0.0010795812122523,-0.0001237943652085,0.0015007447218522,1.114294082071865e-05,-6.037666025804356e-05,0.0018397542880848,354.8917089880481,0.99969495489591,-110.459287104472,0.4264624833133487,0.4266532160675044
BH050,358,2547828,3.5799999237060547,0.4745122987947807,7687,4,5,SHELF_NORMAL_Y_POS,-392.1574408023956,-20.81674579952917,689.4337567297406,105.43563842773438,85.50944519042969,18.69957160949707,0.0002950608904939,0.0003973657439928,-0.0001814787974581,-9.206144022755323e-05,0.0001356393331661,-0.0004175659269094,0.0005152153316885,102.2830291755228,0.2881212089451346,88.07600630653141,0.0338048821081919,0.3571644698394131
BH050,358,2547828,3.5799999237060547,0.4745122987947807,6592,3,5,SHELF_NORMAL_Y_NEG,592.2175591976044,22.738223297176344,4589.433756729741,-90.75770568847656,-28.83892059326172,35.78879928588867,-0.0003744860296137,-0.0004155564529355,0.0003771168703678,2.4110335289151408e-05,-0.0004077263001818,-7.457813626388088e-05,0.0004597895604092,101.45838890018344,0.2857982785920661,1.3456540563012107,0.026284575468752,0.379364011692263
BH050,358,2547828,3.5799999237060547,0.4745122987947807,7690,1,1,SHELF_NORMAL_Y_POS,-310.96755919760443,-21.386331148337096,539.4337567297406,-56.864219665527344,-142.17501831054688,-140.75209045410156,-0.0001025611927616,-0.0008501086849719,-0.0021251426078379,-3.3639083994785324e-05,-0.0002427382278256,-0.0003488196525722,0.0003835926472675,273.48867753384445,0.7703906409404069,66.67898041023088,0.1701343830626417,0.3553389779109036
BH050,358,2547828,3.5799999237060547,0.4745122987947807,8803,2,1,SHELF_NORMAL_Y_NEG,1246.8452994616207,24.99568236389409,4860.566243270259,-45.974979400634766,-38.33592224121094,28.773061752319336,-0.0044080060906708,-0.0012400943087413,0.0012759697856381,-0.004240630660206,-0.0011209420626983,0.0009127901284955,0.0057617402635514,65.608807925745,0.1848135434528028,-0.0110803353919367,0.0113574477705655,0.4218543590981223
BH050,359,2556217,3.5900003910064697,0.4731258469175189,5809,3,5,SIDE_NORMAL_X_POS,-1250.0,-24.15470053837925,439.4337567297406,121.66394805908205,-394.2153015136719,82.79969024658203,0.251183271408081,-0.3890309631824493,0.049400258809328,0.2500174045562744,-0.3869376480579376,0.0483550578355789,0.4797554910182953,488.6071799381204,1.376358253346818,2.851108989877887,0.5273660526255577,0.5385553506579153
BH050,359,2556217,3.5900003910064697,0.4731258469175189,8857,1,1,SHELF_NORMAL_Y_NEG,1246.8452994616207,25.009422437046773,2189.4337567297407,-184.8180694580078,-211.2649078369141,-163.03956604003906,0.0005919653922319,-0.0061677764169871,-0.004630047827959,0.0011813717428594,-0.0054111210629343,-0.0025725127197802,0.0059688496403396,345.67428014599983,0.9737303666084502,-0.0285589141140149,0.302120664636505,0.3619825278703239
BH050,359,2556217,3.5900003910064697,0.4731258469175189,7318,1,1,SHELF_NORMAL_Y_NEG,-29.717559197604437,30.49643744586834,860.5662432702593,373.3213195800781,332.688720703125,-5.236140251159668,0.0028342909645289,0.0010851160623133,-0.0001268013293156,0.001505370135419,1.4403442037291825e-05,-6.0716858570231125e-05,0.0018476813565939,354.8704718738705,0.9996351320390718,-110.71615333393656,0.4264562166281381,0.4266532160675044
BH050,359,2556217,3.5900003910064697,0.4731258469175189,7687,4,5,SHELF_NORMAL_Y_POS,-392.1574408023956,-20.81674579952917,689.4337567297406,105.8168487548828,84.5609130859375,19.390748977661133,0.0002982896985486,0.0003922056639567,-0.0001727561466395,-9.206144022755323e-05,0.0001356393331661,-0.0004175659269094,0.0005152153316885,102.60500762387662,0.2890281904897933,88.28919791758302,0.0338730790697602,0.3571644698394131
BH050,359,2556217,3.5900003910064697,0.4731258469175189,6592,3,5,SHELF_NORMAL_Y_NEG,592.2175591976044,22.738223297176344,4589.433756729741,-89.88713073730469,-29.46469116210937,36.95455551147461,-0.0003693470207508,-0.0004198628594167,0.0003918316506315,2.4110335289151408e-05,-0.0004077263001818,-7.457813626388088e-05,0.0004597895604092,101.96217568291164,0.2872173962898919,1.3329782970155608,0.026481124498865,0.379364011692263
BH050,359,2556217,3.5900003910064697,0.4731258469175189,7690,1,1,SHELF_NORMAL_Y_POS,-310.96755919760443,-21.386331148337096,539.4337567297406,-55.9800910949707,-141.54962158203125,-140.49566650390625,-9.917981515172868e-05,-0.0008483601850457,-0.0021218860056251,-3.3639083994785324e-05,-0.0002427382278256,-0.0003488196525722,0.0003835926472675,272.8794645581218,0.7686745480510474,66.83932267379915,0.1692376914287546,0.3553389779109036
BH050,359,2556217,3.5900003910064697,0.4731258469175189,8803,2,1,SHELF_NORMAL_Y_NEG,1246.8452994616207,24.99568236389409,4860.566243270259,-43.41291427612305,-37.01198959350586,29.363571166992188,-0.0043975003063678,-0.0012374016223475,0.001283424324356,-0.004240630660206,-0.0011209420626983,0.0009127901284955,0.0057617402635514,65.07248345684381,0.1833027703009684,-0.0109887442798507,0.0110030818900743,0.4218543590981223
BH050,360,2564606,3.6000008583068848,0.4729080026994728,5809,3,5,SIDE_NORMAL_X_POS,-1250.0,-24.15470053837925,439.4337567297406,112.4122543334961,-383.1031188964844,-40.5515251159668,0.2518494129180908,-0.3900070786476135,0.047756902873516,0.2507438659667969,-0.3879814147949219,0.0482685081660747,0.4809114933013916,455.41550087540094,1.2828605658461998,2.8669772358900687,0.4610639027421531,0.5385553506579153
BH050,360,2564606,3.6000008583068848,0.4729080026994728,8857,1,1,SHELF_NORMAL_Y_NEG,1246.8452994616207,25.009422437046773,2189.4337567297407,-183.16336059570312,-209.6378326416016,-162.73477172851562,0.0005976316751912,-0.0061622872017323,-0.0046262200921773,0.0011813717428594,-0.0054111210629343,-0.0025725127197802,0.0059688496403396,344.3060925881804,0.9698763171498038,-0.0285177775971792,0.2992992549390836,0.3619825278703239
BH050,360,2564606,3.6000008583068848,0.4729080026994728,7318,1,1,SHELF_NORMAL_Y_NEG,-29.717559197604437,30.49643744586834,860.5662432702593,372.63287353515625,333.154541015625,-5.163837432861328,0.0028371447697281,0.0010932618752121,-0.000126406099298,0.0015122386394068,1.928757774294354e-05,-6.123492494225502e-05,0.0018594936700537,354.6588055294273,0.9990388888152884,-110.96997246809464,0.4260388629642264,0.4266532160675044
BH050,360,2564606,3.6000008583068848,0.4729080026994728,7687,4,5,SHELF_NORMAL_Y_POS,-392.1574408023956,-20.81674579952917,689.4337567297406,106.09683227539062,83.74048614501953,20.064453125,0.000300843588775,0.0003878150891978,-0.0001642529678065,-9.206144022755323e-05,0.0001356393331661,-0.0004175659269094,0.0005152153316885,102.91818771774372,0.2899103879373063,88.50646277351979,0.0339418114755102,0.3571644698394131
BH050,360,2564606,3.6000008583068848,0.4729080026994728,6592,3,5,SHELF_NORMAL_Y_NEG,592.2175591976044,22.738223297176344,4589.433756729741,-89.43010711669922,-26.519699096679688,35.10356903076172,-0.000371419271687,-0.0004062318475916,0.0003684681141749,2.4110335289151408e-05,-0.0004077263001818,-7.457813626388088e-05,0.0004597895604092,100.13071778558462,0.2820583599593933,1.3712756406720714,0.0254435734431914,0.379364011692263
BH050,360,2564606,3.6000008583068848,0.4729080026994728,7690,1,1,SHELF_NORMAL_Y_POS,-310.96755919760443,-21.386331148337096,539.4337567297406,-54.890586853027344,-140.34095764160156,-140.18548583984375,-9.565179789206012e-05,-0.0008440767414867,-0.0021179746836423,-3.3639083994785324e-05,-0.0002427382278256,-0.0003488196525722,0.0003835926472675,271.95785466286367,0.7660784638390525,67.00631575373265,0.1678895809830095,0.3553389779109036
BH050,360,2564606,3.6000008583068848,0.4729080026994728,8803,2,1,SHELF_NORMAL_Y_NEG,1246.8452994616207,24.99568236389409,4860.566243270259,-43.50170516967773,-37.640846252441406,27.518461227416992,-0.0043970239348709,-0.0012403220171108,0.0012601327616721,-0.004240630660206,-0.0011209420626983,0.0009127901284955,0.0057617402635514,62.79799191242648,0.17689575186599,-0.0110255986571048,0.0104289174897293,0.4218543590981223
BH050,361,2572994,3.610000133514404,0.4724220244007246,5809,3,5,SIDE_NORMAL_X_POS,-1250.0,-24.15470053837925,439.4337567297406,117.39126586914062,-388.6883544921875,27.268592834472656,0.2525971531867981,-0.3910712897777557,0.0484749488532543,0.2514592409133911,-0.3890109658241272,0.0481306090950965,0.4820528924465179,461.2143673479303,1.2991954009800857,2.880900224781944,0.472509426029023,0.5385553506579153
BH050,361,2572994,3.610000133514404,0.4724220244007246,8857,1,1,SHELF_NORMAL_Y_NEG,1246.8452994616207,25.009422437046773,2189.4337567297407,-184.75460815429688,-208.2657165527344,-163.05650329589844,0.0005879129748791,-0.0061533255502581,-0.0046302713453769,0.0011813717428594,-0.0054111210629343,-0.0025725127197802,0.0059688496403396,344.66373884273554,0.9708837713879874,-0.0286459293691103,0.2998738789008395,0.3619825278703239
BH050,361,2572994,3.610000133514404,0.4724220244007246,7318,1,1,SHELF_NORMAL_Y_NEG,-29.717559197604437,30.49643744586834,860.5662432702593,372.71978759765625,333.6496276855469,-4.980427265167236,0.0028408735524863,0.001098426990211,-0.0001243872538907,0.0015162732452154,2.217374822066631e-05,-6.153166032163426e-05,0.0018664479721337,354.9066211354513,0.9997369609449333,-111.2059563672918,0.4266727494268565,0.4266727494268565
BH050,361,2572994,3.610000133514404,0.4724220244007246,7687,4,5,SHELF_NORMAL_Y_POS,-392.1574408023956,-20.81674579952917,689.4337567297406,106.38037872314452,82.7913589477539,20.784076690673828,0.0003036031557712,0.0003827945329248,-0.0001551710010971,-9.206144022755323e-05,0.0001356393331661,-0.0004175659269094,0.0005152153316885,103.24607259107276,0.2908340072987965,88.70356877974561,0.0340022679376729,0.3571644698394131
BH050,361,2572994,3.610000133514404,0.4724220244007246,6592,3,5,SHELF_NORMAL_Y_NEG,592.2175591976044,22.738223297176344,4589.433756729741,-90.31967163085938,-28.849092483520508,36.4234619140625,-0.0003723432309925,-0.0004162440891377,0.0003851256042253,2.4110335289151408e-05,-0.0004077263001818,-7.457813626388088e-05,0.0004597895604092,101.80510003965716,0.2867749296891751,1.3382518780949553,0.0263995522716258,0.379364011692263
BH050,361,2572994,3.610000133514404,0.4724220244007246,7690,1,1,SHELF_NORMAL_Y_POS,-310.96755919760443,-21.386331148337096,539.4337567297406,-53.6718978881836,-139.69662475585938,-140.26361083984375,-9.067670907825232e-05,-0.0008427213761024,-0.0021189569961279,-3.3639083994785324e-05,-0.0002427382278256,-0.0003488196525722,0.0003835926472675,271.8817356671316,0.765864044132765,67.15150222763552,0.1675675548191232,0.3553389779109036
BH050,361,2572994,3.610000133514404,0.4724220244007246,8803,2,1,SHELF_NORMAL_Y_NEG,1246.8452994616207,24.99568236389409,4860.566243270259,-41.90131759643555,-35.756370544433594,28.12007522583008,-0.0043919957242906,-0.0012335031060501,0.0012677273480221,-0.004240630660206,-0.0011209420626983,0.0009127901284955,0.0057617402635514,62.515720460289664,0.1761006210149004,-0.0109959317984232,0.0101751784043641,0.4218543590981223
BH050,362,2581383,3.6200006008148193,0.4708901712792352,5809,3,5,SIDE_NORMAL_X_POS,-1250.0,-24.15470053837925,439.4337567297406,105.18048858642578,-379.3497009277344,-104.37297821044922,0.2532241642475128,-0.3920184373855591,0.0466866008937358,0.2521596848964691,-0.3900213241577148,0.0480036661028862,0.4831713438034057,477.02250827763993,1.3437253754299716,2.8946582876273705,0.504040950062053,0.5385553506579153
BH050,362,2581383,3.6200006008148193,0.4708901712792352,8857,1,1,SHELF_NORMAL_Y_NEG,1246.8452994616207,25.009422437046773,2189.4337567297407,-189.0383453369141,-206.9625701904297,-163.18402099609375,0.0005652235704474,-0.0061407438479363,-0.0046318769454956,0.0011813717428594,-0.0054111210629343,-0.0025725127197802,0.0059688496403396,345.444950429781,0.9730843674078338,-0.0285759342965438,0.3017633763147286,0.3619825278703239
BH050,362,2581383,3.6200006008148193,0.4708901712792352,7318,1,1,SHELF_NORMAL_Y_NEG,-29.717559197604437,30.49643744586834,860.5662432702593,372.3097229003906,334.0189208984375,-5.468808174133301,0.0028414491098374,0.0011030570603907,-0.0001307888887822,0.0015193849103525,2.441476135572884e-05,-6.17690893705003e-05,0.0018718254286795,354.8441925545266,0.9995611057873988,-111.4682429235283,0.4265570560828085,0.4266727494268565
BH050,362,2581383,3.6200006008148193,0.4708901712792352,7687,4,5,SHELF_NORMAL_Y_POS,-392.1574408023956,-20.81674579952917,689.4337567297406,106.61060333251952,81.31401824951172,21.462631225585938,0.0003068737569265,0.000375289004296,-0.0001466067915316,-9.206144022755323e-05,0.0001356393331661,-0.0004175659269094,0.0005152153316885,103.3962638551814,0.2912570812822011,88.92258695686779,0.033915372340012,0.3571644698394131
BH050,362,2581383,3.6200006008148193,0.4708901712792352,6592,3,5,SHELF_NORMAL_Y_NEG,592.2175591976044,22.738223297176344,4589.433756729741,-89.3695068359375,-28.13010025024414,36.24087524414063,-0.0003687794378492,-0.0004141367680858,0.0003828250919468,2.4110335289151408e-05,-0.0004077263001818,-7.457813626388088e-05,0.0004597895604092,101.01703431086143,0.2845550262277787,1.3595429780551571,0.0259357205355494,0.379364011692263
BH050,362,2581383,3.6200006008148193,0.4708901712792352,7690,1,1,SHELF_NORMAL_Y_POS,-310.96755919760443,-21.386331148337096,539.4337567297406,-53.08889389038086,-139.00086975097656,-139.8583526611328,-8.88599461177364e-05,-0.0008401934755966,-0.0021138321608304,-3.3639083994785324e-05,-0.0002427382278256,-0.0003488196525722,0.0003835926472675,271.0006392029532,0.76338208226184,67.32200701939365,0.1664006332459783,0.3553389779109036
BH050,362,2581383,3.6200006008148193,0.4708901712792352,8803,2,1,SHELF_NORMAL_Y_NEG,1246.8452994616207,24.99568236389409,4860.566243270259,-45.700462341308594,-36.66483688354492,28.372167587280277,-0.0044091218151152,-0.001232375157997,0.0012709104921668,-0.004240630660206,-0.0011209420626983,0.0009127901284955,0.0057617402635514,64.59243148745684,0.1819505112322727,-0.0109755157328775,0.0109745330520209,0.4218543590981223
BH050,363,2589772,3.6300010681152335,0.4698278007823568,5809,3,5,SIDE_NORMAL_X_POS,-1250.0,-24.15470053837925,439.4337567297406,119.73772430419922,-395.8213195800781,72.52851867675781,0.2540117800235748,-0.3931213021278381,0.0488248355686664,0.2528529763221741,-0.3910223841667175,0.0479092113673687,0.4842764735221863,483.9292735076076,1.363181052134106,2.9099643426492734,0.5186639671407086,0.5385553506579153
BH050,363,2589772,3.6300010681152335,0.4698278007823568,8857,1,1,SHELF_NORMAL_Y_NEG,1246.8452994616207,25.009422437046773,2189.4337567297407,-184.2002410888672,-205.55084228515625,-163.38108825683594,0.0005866508581675,-0.0061409445479512,-0.0046343533322215,0.0011813717428594,-0.0054111210629343,-0.0025725127197802,0.0059688496403396,344.0908352112165,0.9692699583414548,-0.0285774442994186,0.2982105077878085,0.3619825278703239
BH050,363,2589772,3.6300010681152335,0.4698278007823568,7318,1,1,SHELF_NORMAL_Y_NEG,-29.717559197604437,30.49643744586834,860.5662432702593,371.642578125,334.487060546875,-5.489762306213379,0.0028434961568564,0.0011106193996965,-0.0001315301342401,0.0015253443270921,2.8735898013110276e-05,-6.224608659977093e-05,0.0018821521662175,354.65557726916984,0.999029795124422,-111.72726908030978,0.4261855092568524,0.4266727494268565
BH050,363,2589772,3.6300010681152335,0.4698278007823568,7687,4,5,SHELF_NORMAL_Y_POS,-392.1574408023956,-20.81674579952917,689.4337567297406,106.7003173828125,80.21774291992188,22.2465934753418,0.0003089033125434,0.0003698382352013,-0.0001367116346955,-9.206144022755323e-05,0.0001356393331661,-0.0004175659269094,0.0005152153316885,103.65962638965294,0.2919989475764871,89.14482629794968,0.033907697148313,0.3571644698394131
BH050,363,2589772,3.6300010681152335,0.4698278007823568,6592,3,5,SHELF_NORMAL_Y_NEG,592.2175591976044,22.738223297176344,4589.433756729741,-90.361328125,-28.49595642089844,35.47344970703125,-0.0003730583703145,-0.0004144705308135,0.0003731408214662,2.4110335289151408e-05,-0.0004077263001818,-7.457813626388088e-05,0.0004597895604092,100.88287063135635,0.2841771003700179,1.3435080380910145,0.0259824762696079,0.379364011692263
BH050,363,2589772,3.6300010681152335,0.4698278007823568,7690,1,1,SHELF_NORMAL_Y_POS,-310.96755919760443,-21.386331148337096,539.4337567297406,-51.83096694946289,-138.7904815673828,-139.35739135742188,-8.30595672596246e-05,-0.0008410006412304,-0.0021075061522424,-3.3639083994785324e-05,-0.0002427382278256,-0.0003488196525722,0.0003835926472675,270.216671623792,0.761173722883921,67.49337410925611,0.1653254722087189,0.3553389779109036
BH050,363,2589772,3.6300010681152335,0.4698278007823568,8803,2,1,SHELF_NORMAL_Y_NEG,1246.8452994616207,24.99568236389409,4860.566243270259,-39.58023452758789,-35.34486770629883,29.20586585998535,-0.0043813269585371,-0.0012348791351541,0.0012814285000786,-0.004240630660206,-0.0011209420626983,0.0009127901284955,0.0057617402635514,63.0542963418602,0.177617736174254,-0.0109735779557864,0.0101821053621228,0.4218543590981223
BH050,364,2598160,3.640000343322754,0.4693719052833768,5809,3,5,SIDE_NORMAL_X_POS,-1250.0,-24.15470053837925,439.4337567297406,111.53567504882812,-383.6886596679688,-57.251224517822266,0.2546336352825165,-0.3940329551696777,0.0470607690513134,0.2535322904586792,-0.3920055627822876,0.04778303951025,0.4853618443012237,460.7442632930088,1.2978711642056584,2.9229873014358465,0.4715534185498781,0.5385553506579153
BH050,364,2598160,3.640000343322754,0.4693719052833768,8857,1,1,SHELF_NORMAL_Y_NEG,1246.8452994616207,25.009422437046773,2189.4337567297407,-187.0669708251953,-204.5384063720703,-163.865966796875,0.000571260927245,-0.0061318455263972,-0.0046404763124883,0.0011813717428594,-0.0054111210629343,-0.0025725127197802,0.0059688496403396,345.14315346002195,0.9722342350986534,-0.0286773779660005,0.3002028640552617,0.3619825278703239
BH050,364,2598160,3.640000343322754,0.4693719052833768,7318,1,1,SHELF_NORMAL_Y_NEG,-29.717559197604437,30.49643744586834,860.5662432702593,371.6678466796875,335.1485900878906,-5.36738920211792,0.0028473031707108,0.0011171874357387,-0.0001303526951232,0.0015299810329452,3.2126619771588594e-05,-6.261278758756816e-05,0.0018902163719758,354.9423016467016,0.9998374694273284,-111.96039821155917,0.4269322170178097,0.4269322170178097
BH050,364,2598160,3.640000343322754,0.4693719052833768,7687,4,5,SHELF_NORMAL_Y_POS,-392.1574408023956,-20.81674579952917,689.4337567297406,107.47087097167967,79.92875671386719,22.87457275390625,0.0003130668774247,0.0003673131286632,-0.0001287857157876,-9.206144022755323e-05,0.0001356393331661,-0.0004175659269094,0.0005152153316885,104.49076224018296,0.294340175324459,89.33668204917169,0.0343300328710756,0.3571644698394131
BH050,364,2598160,3.640000343322754,0.4693719052833768,6592,3,5,SHELF_NORMAL_Y_NEG,592.2175591976044,22.738223297176344,4589.433756729741,-88.17929077148438,-27.159128189086918,36.033470153808594,-0.0003644123789854,-0.000411159300711,0.0003802090941462,2.4110335289151408e-05,-0.0004077263001818,-7.457813626388088e-05,0.0004597895604092,100.06780609788532,0.2818811439377051,1.3531236935741184,0.0253711595416277,0.379364011692263
BH050,364,2598160,3.640000343322754,0.4693719052833768,7690,1,1,SHELF_NORMAL_Y_POS,-310.96755919760443,-21.386331148337096,539.4337567297406,-50.51457977294922,-137.4033660888672,-139.4793701171875,-7.868883403716609e-05,-0.0008361833752132,-0.0021090558730065,-3.3639083994785324e-05,-0.0002427382278256,-0.0003488196525722,0.0003835926472675,269.91483573468724,0.760323480942781,67.63187324143504,0.1646526759731212,0.3553389779109036
BH050,364,2598160,3.640000343322754,0.4693719052833768,8803,2,1,SHELF_NORMAL_Y_NEG,1246.8452994616207,24.99568236389409,4860.566243270259,-41.73865509033203,-35.402523040771484,27.684593200683597,-0.0043917070142924,-0.0012320107780396,0.0012622248614206,-0.004240630660206,-0.0011209420626983,0.0009127901284955,0.0057617402635514,61.782767580756456,0.1740359650162153,-0.0109326768226516,0.009956462134261,0.4218543590981223
BH050,365,2606549,3.650000810623169,0.4683170586665826,5809,3,5,SIDE_NORMAL_X_POS,-1250.0,-24.15470053837925,439.4337567297406,115.6707000732422,-393.64654541015625,36.40083312988281,0.2553394436836242,-0.3950615525245666,0.0481376163661479,0.2542042732238769,-0.3929795622825622,0.0476779267191886,0.4864355325698852,466.7394851685884,1.3147591131509533,2.9378778524932425,0.4843498200929094,0.5385553506579153
BH050,365,2606549,3.650000810623169,0.4683170586665826,8857,1,1,SHELF_NORMAL_Y_NEG,1246.8452994616207,25.009422437046773,2189.4337567297407,-188.14752197265625,-203.0699615478516,-164.02015686035156,0.00056387524819,-0.0061231409199535,-0.0046424069441854,0.0011813717428594,-0.0054111210629343,-0.0025725127197802,0.0059688496403396,345.1631857899524,0.9722906641970492,-0.028672668986611,0.3001304314366714,0.3619825278703239
BH050,365,2606549,3.650000810623169,0.4683170586665826,7318,1,1,SHELF_NORMAL_Y_NEG,-29.717559197604437,30.49643744586834,860.5662432702593,371.4109802246094,335.4989624023437,-5.31239652633667,0.0028511506970971,0.0011233749100938,-0.0001301053271163,0.0015355905052274,3.624324017437175e-05,-6.305948772933334e-05,0.001899983966723,354.93990503297834,0.999830718402756,-112.21012725543038,0.4269677648361749,0.4269677648361749
BH050,365,2606549,3.650000810623169,0.4683170586665826,7687,4,5,SHELF_NORMAL_Y_POS,-392.1574408023956,-20.81674579952917,689.4337567297406,107.87883758544922,79.21829223632812,23.55579948425293,0.000316081859637,0.0003632705775089,-0.0001201890627271,-9.206144022755323e-05,0.0001356393331661,-0.0004175659269094,0.0005152153316885,105.03347661434194,0.2958689482094139,89.54899204418855,0.0345324123440776,0.3571644698394131
BH050,365,2606549,3.650000810623169,0.4683170586665826,6592,3,5,SHELF_NORMAL_Y_NEG,592.2175591976044,22.738223297176344,4589.433756729741,-90.78775024414062,-28.662710189819336,35.46501541137695,-0.0003748840244952,-0.0004146602295804,0.0003730352909769,2.4110335289151408e-05,-0.0004077263001818,-7.457813626388088e-05,0.0004597895604092,101.16840183660184,0.2849814136242305,1.337531751868201,0.0261495223802944,0.379364011692263
BH050,365,2606549,3.650000810623169,0.4683170586665826,7690,1,1,SHELF_NORMAL_Y_POS,-310.96755919760443,-21.386331148337096,539.4337567297406,-49.550254821777344,-135.96055603027344,-139.09100341796875,-7.610796455992386e-05,-0.0008305825176648,-0.0021041540894657,-3.3639083994785324e-05,-0.0002427382278256,-0.0003488196525722,0.0003835926472675,268.779727746357,0.75712599365171,67.79523961167544,0.1630753966526951,0.3553389779109036
BH050,365,2606549,3.650000810623169,0.4683170586665826,8803,2,1,SHELF_NORMAL_Y_NEG,1246.8452994616207,24.99568236389409,4860.566243270259,-39.71880340576172,-34.93821334838867,28.27843475341797,-0.0043825735338032,-0.0012326948344707,0.0012697188649326,-0.004240630660206,-0.0011209420626983,0.0009127901284955,0.0057617402635514,61.72169541530607,0.173863930747341,-0.0109436922138663,0.0098181988368123,0.4218543590981223
BH050,366,2614937,3.660000085830689,0.4683944039117869,5809,3,5,SIDE_NORMAL_X_POS,-1250.0,-24.15470053837925,439.4337567297406,120.4997787475586,-394.5986328125,63.70639801025391,0.2560299932956695,-0.3960347175598144,0.0483772903680801,0.2548691034317016,-0.3939410448074341,0.0475729443132877,0.4874948859214782,479.533983244173,1.3507999528004873,2.951037246307037,0.5092565825744516,0.5385553506579153
BH050,366,2614937,3.660000085830689,0.4683944039117869,8857,1,1,SHELF_NORMAL_Y_NEG,1246.8452994616207,25.009422437046773,2189.4337567297407,-189.73817443847656,-202.5941467285156,-164.22048950195312,0.0005554644740186,-0.0061185359954833,-0.0046449392102658,0.0011813717428594,-0.0054111210629343,-0.0025725127197802,0.0059688496403396,345.702512418546,0.9738098941367492,-0.0286818852307518,0.3012008094922845,0.3619825278703239
BH050,366,2614937,3.660000085830689,0.4683944039117869,7318,1,1,SHELF_NORMAL_Y_NEG,-29.717559197604437,30.49643744586834,860.5662432702593,371.2545471191406,335.7033996582031,-5.346296787261963,0.0028542843647301,0.0011276868171989,-0.0001308614882873,0.0015397807583212,3.9338854548987e-05,-6.33889576420188e-05,0.001907299272716,354.9380880664455,0.9998256001871704,-112.4361057457285,0.4269855721015254,0.4269855721015254
BH050,366,2614937,3.660000085830689,0.4683944039117869,7687,4,5,SHELF_NORMAL_Y_POS,-392.1574408023956,-20.81674579952917,689.4337567297406,108.11510467529295,78.1987533569336,24.11378288269043,0.0003187150286976,0.0003579752228688,-0.0001131471071857,-9.206144022755323e-05,0.0001356393331661,-0.0004175659269094,0.0005152153316885,105.32748005912984,0.2966971269271263,89.73606078904155,0.0345676548451757,0.3571644698394131
BH050,366,2614937,3.660000085830689,0.4683944039117869,6592,3,5,SHELF_NORMAL_Y_NEG,592.2175591976044,22.738223297176344,4589.433756729741,-88.23775482177734,-26.817890167236328,35.83010482788086,-0.0003651910810731,-0.000409418833442,0.0003776439116336,2.4110335289151408e-05,-0.0004077263001818,-7.457813626388088e-05,0.0004597895604092,99.95068497777731,0.2815512252895136,1.3580710595023568,0.025300702004394,0.379364011692263
BH050,366,2614937,3.660000085830689,0.4683944039117869,7690,1,1,SHELF_NORMAL_Y_POS,-310.96755919760443,-21.386331148337096,539.4337567297406,-48.98455047607422,-135.4856414794922,-139.00025939941406,-7.405147334793583e-05,-0.0008291048579849,-0.0021030094940215,-3.3639083994785324e-05,-0.0002427382278256,-0.0003488196525722,0.0003835926472675,268.481579122163,0.7562861383722901,67.9364944853897,0.1626144273870071,0.3553389779109036
BH050,366,2614937,3.660000085830689,0.4683944039117869,8803,2,1,SHELF_NORMAL_Y_NEG,1246.8452994616207,24.99568236389409,4860.566243270259,-38.69953536987305,-34.16221237182617,27.33062744140625,-0.004378764424473,-0.0012304100673645,0.0012577534653246,-0.004240630660206,-0.0011209420626983,0.0009127901284955,0.0057617402635514,59.86266478372018,0.1686272247428737,-0.0109385091140831,0.00925718880586,0.4218543590981223
BH050,367,2623326,3.670000553131104,0.4683247409047693,5809,3,5,SIDE_NORMAL_X_POS,-1250.0,-24.15470053837925,439.4337567297406,112.24422454833984,-388.8215026855469,-23.28178024291992,0.2566298544406891,-0.3969364464282989,0.0471498630940914,0.2555185258388519,-0.394882470369339,0.0474433973431587,0.48853200674057,457.2198801732085,1.2879433244315734,2.96560521703795,0.4657003891513162,0.5385553506579153
BH050,367,2623326,3.670000553131104,0.4683247409047693,8857,1,1,SHELF_NORMAL_Y_NEG,1246.8452994616207,25.009422437046773,2189.4337567297407,-186.7553253173828,-200.9916839599609,-164.17269897460938,0.0005676133441738,-0.006115083117038,-0.0046443287283182,0.0011813717428594,-0.0054111210629343,-0.0025725127197802,0.0059688496403396,344.37910287538404,0.9700819799306593,-0.0286568375716646,0.2981167562797235,0.3619825278703239
BH050,367,2623326,3.670000553131104,0.4683247409047693,7318,1,1,SHELF_NORMAL_Y_NEG,-29.717559197604437,30.49643744586834,860.5662432702593,370.8827819824219,336.2257080078125,-5.182061195373535,0.002855798928067,0.0011337853502482,-0.0001291020016651,0.0015438647242262,4.237117900629528e-05,-6.370222399709746e-05,0.0019144446123391,354.9394314684215,0.9998293844180888,-112.65573946354392,0.4270506082528664,0.4270506082528664
BH050,367,2623326,3.670000553131104,0.4683247409047693,7687,4,5,SHELF_NORMAL_Y_POS,-392.1574408023956,-20.81674579952917,689.4337567297406,107.7984848022461,76.54639434814453,24.735471725463867,0.0003195837489329,0.0003504134365357,-0.0001053005616995,-9.206144022755323e-05,0.0001356393331661,-0.0004175659269094,0.0005152153316885,105.18464322323962,0.2962947696429285,89.92925957742472,0.0342678162961836,0.3571644698394131
BH050,367,2623326,3.670000553131104,0.4683247409047693,6592,3,5,SHELF_NORMAL_Y_NEG,592.2175591976044,22.738223297176344,4589.433756729741,-89.89743041992188,-28.64268112182617,36.21939468383789,-0.0003705917624756,-0.0004158575611654,0.0003825554158538,2.4110335289151408e-05,-0.0004077263001818,-7.457813626388088e-05,0.0004597895604092,101.3043996998788,0.2853645061968417,1.3470798829383697,0.0261372571827709,0.379364011692263
BH050,367,2623326,3.670000553131104,0.4683247409047693,7690,1,1,SHELF_NORMAL_Y_POS,-310.96755919760443,-21.386331148337096,539.4337567297406,-47.98609161376953,-134.8227996826172,-138.72482299804688,-7.016955350991338e-05,-0.0008273411658592,-0.0020995268132537,-3.3639083994785324e-05,-0.0002427382278256,-0.0003488196525722,0.0003835926472675,267.8506349310144,0.7545088307915898,68.08338489255773,0.1617043416900012,0.3553389779109036
BH050,367,2623326,3.670000553131104,0.4683247409047693,8803,2,1,SHELF_NORMAL_Y_NEG,1246.8452994616207,24.99568236389409,4860.566243270259,-37.15447235107422,-33.914649963378906,27.076852798461918,-0.0043716193176805,-0.0012314589694142,0.0012545523932203,-0.004240630660206,-0.0011209420626983,0.0009127901284955,0.0057617402635514,58.90708994572095,0.1659354646358336,-0.0109207882385425,0.008934785680171,0.4218543590981223
BH050,368,2631715,3.680001020431519,0.4678737631100114,5809,3,5,SIDE_NORMAL_X_POS,-1250.0,-24.15470053837925,439.4337567297406,122.03941345214844,-397.181640625,79.43754577636719,0.2573375999927521,-0.3979294300079345,0.0483600012958049,0.2561683058738708,-0.3958204090595245,0.0473571121692657,0.48956298828125,489.9486295297349,1.3801369845908025,2.977349715842496,0.5305749505885645,0.5385553506579153
BH050,368,2631715,3.680001020431519,0.4678737631100114,8857,1,1,SHELF_NORMAL_Y_NEG,1246.8452994616207,25.009422437046773,2189.4337567297407,-188.08139038085935,-200.2235107421875,-164.6071319580078,0.0005600589211098,-0.0061094332486391,-0.0046498416922986,0.0011813717428594,-0.0054111210629343,-0.0025725127197802,0.0059688496403396,345.0974805015527,0.9721055788776132,-0.0285807925972149,0.2993050062595755,0.3619825278703239
BH050,368,2631715,3.680001020431519,0.4678737631100114,7318,1,1,SHELF_NORMAL_Y_NEG,-29.717559197604437,30.49643744586834,860.5662432702593,370.6090393066406,336.7259216308594,-5.10574197769165,0.0028576387558132,0.0011395181063562,-0.0001284385070903,0.001547765918076,4.528370118350722e-05,-6.400164420483634e-05,0.001921284594573,354.9928756920553,0.9999799315269164,-112.8725347613824,0.4272297133376835,0.4272297133376835
BH050,368,2631715,3.680001020431519,0.4678737631100114,7687,4,5,SHELF_NORMAL_Y_POS,-392.1574408023956,-20.81674579952917,689.4337567297406,108.37747192382812,76.22863006591797,24.89459991455078,0.000322859006701,0.0003480281156953,-0.0001032929576467,-9.206144022755323e-05,0.0001356393331661,-0.0004175659269094,0.0005152153316885,105.61362394256945,0.2975031660354068,90.10794579400424,0.0344892971506903,0.3571644698394131
BH050,368,2631715,3.680001020431519,0.4678737631100114,6592,3,5,SHELF_NORMAL_Y_NEG,592.2175591976044,22.738223297176344,4589.433756729741,-90.20620727539062,-28.247861862182617,35.34284210205078,-0.0003726672730408,-0.0004134924674872,0.0003714910126291,2.4110335289151408e-05,-0.0004077263001818,-7.457813626388088e-05,0.0004597895604092,100.6693523974428,0.2835756405561769,1.359214593788485,0.0258609956023952,0.379364011692263
BH050,368,2631715,3.680001020431519,0.4678737631100114,7690,1,1,SHELF_NORMAL_Y_POS,-310.96755919760443,-21.386331148337096,539.4337567297406,-46.99595642089844,-133.83111572265625,-138.58082580566406,-6.680640944978222e-05,-0.0008239694288931,-0.0020977002568542,-3.3639083994785324e-05,-0.0002427382278256,-0.0003488196525722,0.0003835926472675,267.2897342139485,0.752928828771686,68.21693666253945,0.1608385396408007,0.3553389779109036
BH050,368,2631715,3.680001020431519,0.4678737631100114,8803,2,1,SHELF_NORMAL_Y_NEG,1246.8452994616207,24.99568236389409,4860.566243270259,-38.88596725463867,-34.12965774536133,27.66735076904297,-0.004379694815725,-0.0012299789814278,0.0012620092602446,-0.004240630660206,-0.0011209420626983,0.0009127901284955,0.0057617402635514,60.38405525780772,0.1700959303036837,-0.0108949070068351,0.0093955995472879,0.4218543590981223
BH050,369,2640103,3.690000295639038,0.4674814711633865,5809,3,5,SIDE_NORMAL_X_POS,-1250.0,-24.15470053837925,439.4337567297406,113.0149917602539,-387.9311218261719,-32.758338928222656,0.2579171359539032,-0.3987894356250763,0.0468489043414592,0.2568050026893616,-0.39673912525177,0.0472620725631713,0.4905723929405212,458.6112760155623,1.291862749339612,2.990979449892113,0.4677139220231932,0.5385553506579153
BH050,369,2640103,3.690000295639038,0.4674814711633865,8857,1,1,SHELF_NORMAL_Y_NEG,1246.8452994616207,25.009422437046773,2189.4337567297407,-182.79124450683597,-198.4971466064453,-164.25323486328125,0.0005832251626998,-0.0061087696813046,-0.0046453704126179,0.0011813717428594,-0.0054111210629343,-0.0025725127197802,0.0059688496403396,342.7354538257856,0.9654519826078468,-0.0285578934418315,0.2941418835434579,0.3619825278703239
BH050,369,2640103,3.690000295639038,0.4674814711633865,7318,1,1,SHELF_NORMAL_Y_NEG,-29.717559197604437,30.49643744586834,860.5662432702593,370.2373962402344,337.0394897460937,-5.148274898529053,0.0028600024525076,0.0011450495803728,-0.0001293317618547,0.0015523971524089,4.876117964158766e-05,-6.435791146941483e-05,0.0019294245867058,354.9172274103035,0.9997668377755028,-113.08730485931422,0.4270838353164317,0.4272297133376835
BH050,369,2640103,3.690000295639038,0.4674814711633865,7687,4,5,SHELF_NORMAL_Y_POS,-392.1574408023956,-20.81674579952917,689.4337567297406,108.98223114013672,76.91205596923828,25.212594985961918,0.0003247993590775,0.0003504651831462,-9.928029612638056e-05,-9.206144022755323e-05,0.0001356393331661,-0.0004175659269094,0.0005152153316885,106.38406099775108,0.2996734112612707,90.2927577989887,0.0349873531997414,0.3571644698394131
BH050,369,2640103,3.690000295639038,0.4674814711633865,6592,3,5,SHELF_NORMAL_Y_NEG,592.2175591976044,22.738223297176344,4589.433756729741,-88.85479736328125,-27.48114013671875,36.43526840209961,-0.0003672262246254,-0.0004117396310903,0.0003852784575428,2.4110335289151408e-05,-0.0004077263001818,-7.457813626388088e-05,0.0004597895604092,100.9511926136724,0.2843695566582321,1.3517962170307756,0.0258197885239565,0.379364011692263
BH050,369,2640103,3.690000295639038,0.4674814711633865,7690,1,1,SHELF_NORMAL_Y_POS,-310.96755919760443,-21.386331148337096,539.4337567297406,-46.57715606689453,-133.7828826904297,-138.61386108398438,-6.484363984782249e-05,-0.0008243457996286,-0.0020981121342629,-3.3639083994785324e-05,-0.0002427382278256,-0.0003488196525722,0.0003835926472675,267.35271163001187,0.7531062299436954,68.35808293650382,0.1608541764787659,0.3553389779109036
BH050,369,2640103,3.690000295639038,0.4674814711633865,8803,2,1,SHELF_NORMAL_Y_NEG,1246.8452994616207,24.99568236389409,4860.566243270259,-38.43971633911133,-33.99624252319336,27.46902847290039,-0.0043777176178991,-0.0012299859663471,0.0012595073785632,-0.004240630660206,-0.0011209420626983,0.0009127901284955,0.0057617402635514,59.91821888603643,0.1687837151719336,-0.0108866527727595,0.0092504190343866,0.4218543590981223
BH050,370,2648492,3.700000762939453,0.4670360941455997,5809,3,5,SIDE_NORMAL_X_POS,-1250.0,-24.15470053837925,439.4337567297406,117.40367126464844,-393.70062255859375,27.58683967590332,0.2585783898830414,-0.399737685918808,0.047515396028757,0.2574364840984344,-0.3976523280143738,0.047166857868433,0.4915748536586761,466.1424694950144,1.3130773788591956,3.0044627949391733,0.4829018785664932,0.5385553506579153
BH050,370,2648492,3.700000762939453,0.4670360941455997,8857,1,1,SHELF_NORMAL_Y_NEG,1246.8452994616207,25.009422437046773,2189.4337567297407,-188.0868682861328,-198.7160186767578,-164.80406188964844,0.0005578382406383,-0.006102118641138,-0.0046523339115083,0.0011813717428594,-0.0054111210629343,-0.0025725127197802,0.0059688496403396,344.92026457604345,0.9716063790874464,-0.0286056040135326,0.298673676346608,0.3619825278703239
BH050,370,2648492,3.700000762939453,0.4670360941455997,7318,1,1,SHELF_NORMAL_Y_NEG,-29.717559197604437,30.49643744586834,860.5662432702593,369.7096252441406,336.9807434082031,-5.21239185333252,0.0028616173658519,0.001148636569269,-0.0001304548641201,0.0015564757632091,5.185309055377729e-05,-6.467190542025492e-05,0.0019366207998245,354.5951369557506,0.9988595407204244,-113.30736199049858,0.4263427884392235,0.4272297133376835
BH050,370,2648492,3.700000762939453,0.4670360941455997,7687,4,5,SHELF_NORMAL_Y_POS,-392.1574408023956,-20.81674579952917,689.4337567297406,108.98888397216795,75.4529037475586,25.692333221435547,0.0003269561275374,0.0003433735400903,-9.322397818323223e-05,-9.206144022755323e-05,0.0001356393331661,-0.0004175659269094,0.0005152153316885,106.43532167760408,0.2998178075425466,90.48303650120351,0.0348360699565219,0.3571644698394131
BH050,370,2648492,3.700000762939453,0.4670360941455997,6592,3,5,SHELF_NORMAL_Y_NEG,592.2175591976044,22.738223297176344,4589.433756729741,-89.82597351074219,-27.179391860961918,35.1628532409668,-0.0003723789413925,-0.0004088615824002,0.0003692191385198,2.4110335289151408e-05,-0.0004077263001818,-7.457813626388088e-05,0.0004597895604092,100.37573546371026,0.2827485506020007,1.366764869239823,0.025626594580759,0.379364011692263
BH050,370,2648492,3.700000762939453,0.4670360941455997,7690,1,1,SHELF_NORMAL_Y_POS,-310.96755919760443,-21.386331148337096,539.4337567297406,-45.49125289916992,-132.7686004638672,-138.4140625,-6.104913336457685e-05,-0.0008210029336623,-0.0020955810323357,-3.3639083994785324e-05,-0.0002427382278256,-0.0003488196525722,0.0003835926472675,266.70677432709,0.751286688245324,68.50511980074283,0.1598834931387288,0.3553389779109036
BH050,370,2648492,3.700000762939453,0.4670360941455997,8803,2,1,SHELF_NORMAL_Y_NEG,1246.8452994616207,24.99568236389409,4860.566243270259,-42.840030670166016,-34.97275161743164,28.02726936340332,-0.0043976618908345,-0.0012283195974305,0.0012665592366829,-0.004240630660206,-0.0011209420626983,0.0009127901284955,0.0057617402635514,62.58363456616084,0.1762919283553826,-0.0108889717949335,0.010199164344442,0.4218543590981223
BH050,371,2656880,3.7100000381469727,0.4667456181755592,5809,3,5,SIDE_NORMAL_X_POS,-1250.0,-24.15470053837925,439.4337567297406,121.03119659423828,-396.7166748046875,68.9725112915039,0.2592203915119171,-0.4006558358669281,0.0479455217719078,0.2580583393573761,-0.3985500931739807,0.047074656933546,0.492559552192688,484.0654774089864,1.363564725095736,3.017239228923394,0.5185959164377887,0.5385553506579153
BH050,371,2656880,3.7100000381469727,0.4667456181755592,8857,1,1,SHELF_NORMAL_Y_NEG,1246.8452994616207,25.009422437046773,2189.4337567297407,-188.3131103515625,-198.53292846679688,-164.41293334960938,0.000556475657504,-0.0061009037308394,-0.0046474104747176,0.0011813717428594,-0.0054111210629343,-0.0025725127197802,0.0059688496403396,344.3626517306494,0.9700356386778856,-0.0286870961607694,0.2978783749414323,0.3619825278703239
BH050,371,2656880,3.7100000381469727,0.4667456181755592,7318,1,1,SHELF_NORMAL_Y_NEG,-29.717559197604437,30.49643744586834,860.5662432702593,369.2357177734375,337.8005065917969,-5.082645416259766,0.0028624243568629,0.001156584592536,-0.0001291517255594,0.0015607873210683,5.514114309335128e-05,-6.500635936390609e-05,0.0019442469347268,354.67405440907226,0.9990818434058374,-113.52644097227778,0.426610665116725,0.4272297133376835
BH050,371,2656880,3.7100000381469727,0.4667456181755592,7687,4,5,SHELF_NORMAL_Y_POS,-392.1574408023956,-20.81674579952917,689.4337567297406,109.40495300292967,74.84725952148438,25.96100234985352,0.0003298544033896,0.0003398252301849,-8.983298175735399e-05,-9.206144022755323e-05,0.0001356393331661,-0.0004175659269094,0.0005152153316885,106.79333321013492,0.3008262907327744,90.66384266775066,0.0349733135863923,0.3571644698394131
BH050,371,2656880,3.7100000381469727,0.4667456181755592,6592,3,5,SHELF_NORMAL_Y_NEG,592.2175591976044,22.738223297176344,4589.433756729741,-90.31346130371094,-29.47234344482422,36.13082885742188,-0.000371403817553,-0.0004192822088953,0.0003814363153651,2.4110335289151408e-05,-0.0004077263001818,-7.457813626388088e-05,0.0004597895604092,101.38886207727988,0.2856024283867039,1.3418845724940307,0.0262694722854511,0.379364011692263
BH050,371,2656880,3.7100000381469727,0.4667456181755592,7690,1,1,SHELF_NORMAL_Y_POS,-310.96755919760443,-21.386331148337096,539.4337567297406,-44.74405288696289,-132.0948486328125,-138.2675323486328,-5.8402318245498464e-05,-0.0008188223582692,-0.0020937318913638,-3.3639083994785324e-05,-0.0002427382278256,-0.0003488196525722,0.0003835926472675,266.2599329904816,0.7500279802548776,68.64180204126144,0.1592195640482638,0.3553389779109036
BH050,371,2656880,3.7100000381469727,0.4667456181755592,8803,2,1,SHELF_NORMAL_Y_NEG,1246.8452994616207,24.99568236389409,4860.566243270259,-40.68894958496094,-34.25554275512695,26.97689819335937,-0.0043882532045245,-0.0012279691873118,0.0012533008120954,-0.004240630660206,-0.0011209420626983,0.0009127901284955,0.0057617402635514,60.15371878788225,0.1694470951771331,-0.0108442279542013,0.0094294377563871,0.4218543590981223
BH050,372,2665269,3.720000505447388,0.4656123477325922,5809,3,5,SIDE_NORMAL_X_POS,-1250.0,-24.15470053837925,439.4337567297406,110.07233428955078,-385.2584533691406,-76.00393676757812,0.2597546875476837,-0.4014566838741302,0.0460171364247798,0.2586621940135956,-0.3994233608245849,0.0469759739935398,0.4935169219970703,469.335793593421,1.3220726580096367,3.032305375258288,0.4886148741984976,0.5385553506579153
BH050,372,2665269,3.720000505447388,0.4656123477325922,8857,1,1,SHELF_NORMAL_Y_NEG,1246.8452994616207,25.009422437046773,2189.4337567297407,-190.1262359619141,-197.75636291503903,-164.9042510986328,0.0005465444410219,-0.0060945232398808,-0.0046536130830645,0.0011813717428594,-0.0054111210629343,-0.0025725127197802,0.0059688496403396,345.307294807217,0.972696605090752,-0.0287158958982907,0.2995140630321712,0.3619825278703239
BH050,372,2665269,3.720000505447388,0.4656123477325922,7318,1,1,SHELF_NORMAL_Y_NEG,-29.717559197604437,30.49643744586834,860.5662432702593,369.1199645996094,338.4304504394531,-5.20305871963501,0.0028643035329878,0.0011623874306678,-0.0001309285580646,0.0015641375211998,5.7712506531970575e-05,-6.526421202579513e-05,0.001950187375769,354.8865982608348,0.9996805584812248,-113.76182646316772,0.42716748036101,0.4272297133376835
BH050,372,2665269,3.720000505447388,0.4656123477325922,7687,4,5,SHELF_NORMAL_Y_POS,-392.1574408023956,-20.81674579952917,689.4337567297406,109.60965728759766,74.30165100097656,26.24984359741211,0.0003316416987217,0.0003368813195265,-8.618836000096053e-05,-9.206144022755323e-05,0.0001356393331661,-0.0004175659269094,0.0005152153316885,107.042032289758,0.3015268515204451,90.864827824869,0.0350445259936097,0.3571644698394131
BH050,372,2665269,3.720000505447388,0.4656123477325922,6592,3,5,SHELF_NORMAL_Y_NEG,592.2175591976044,22.738223297176344,4589.433756729741,-88.48162841796875,-27.200199127197266,35.94978713989258,-0.0003658192581497,-0.0004109185829292,0.0003791509370785,2.4110335289151408e-05,-0.0004077263001818,-7.457813626388088e-05,0.0004597895604092,100.19627275601628,0.2822430218479331,1.3697112282756037,0.0254508091105469,0.379364011692263
BH050,372,2665269,3.720000505447388,0.4656123477325922,7690,1,1,SHELF_NORMAL_Y_POS,-310.96755919760443,-21.386331148337096,539.4337567297406,-43.84063720703125,-131.0618438720703,-138.1048126220703,-5.552103903028183e-05,-0.0008151258807629,-0.0020916855428367,-3.3639083994785324e-05,-0.0002427382278256,-0.0003488196525722,0.0003835926472675,265.65427052678245,0.7483218888078379,68.79469936238746,0.1583228790385083,0.3553389779109036
BH050,372,2665269,3.720000505447388,0.4656123477325922,8803,2,1,SHELF_NORMAL_Y_NEG,1246.8452994616207,24.99568236389409,4860.566243270259,-43.32798004150391,-34.63486862182617,27.03257942199707,-0.004400520119816,-0.0012259708018973,0.00125400244724,-0.004240630660206,-0.0011209420626983,0.0009127901284955,0.0057617402635514,61.38819213139661,0.1729244848771735,-0.0109007491638426,0.0098948494577357,0.4218543590981223
BH050,373,2673658,3.7300009727478023,0.465195011453675,5809,3,5,SIDE_NORMAL_X_POS,-1250.0,-24.15470053837925,439.4337567297406,116.6057586669922,-393.49993896484375,21.038375854492188,0.2604036927223205,-0.4023831486701965,0.0471307560801506,0.2592668533325195,-0.4002993106842041,0.0468649119138717,0.4944764077663421,464.3827124407582,1.30812031673453,3.0448838622239847,0.4797000527532724,0.5385553506579153
BH050,373,2673658,3.7300009727478023,0.465195011453675,8857,1,1,SHELF_NORMAL_Y_NEG,1246.8452994616207,25.009422437046773,2189.4337567297407,-188.06483459472656,-196.6837921142578,-164.8514862060547,0.0005549825145862,-0.0060923169367015,-0.0046529578976333,0.0011813717428594,-0.0054111210629343,-0.0025725127197802,0.0059688496403396,344.371353008914,0.9700601493208846,-0.028736094964323,0.2973752373906728,0.3619825278703239
BH050,373,2673658,3.7300009727478023,0.465195011453675,7318,1,1,SHELF_NORMAL_Y_NEG,-29.717559197604437,30.49643744586834,860.5662432702593,368.7771301269531,338.42645263671875,-5.240809917449951,0.0028662323020398,0.0011656440328806,-0.0001316831767326,0.0015677267219871,6.048665818525478e-05,-6.554239371325821e-05,0.0019565692637115,354.69352665689166,0.9991366948081456,-113.97563904997084,0.4267202264499525,0.4272297133376835
BH050,373,2673658,3.7300009727478023,0.465195011453675,7687,4,5,SHELF_NORMAL_Y_POS,-392.1574408023956,-20.81674579952917,689.4337567297406,109.24783325195312,73.61944580078125,26.758544921875,0.0003308782179374,0.0003340952680446,-7.976748747751117e-05,-9.206144022755323e-05,0.0001356393331661,-0.0004175659269094,0.0005152153316885,107.05235219425953,0.3015559216739704,91.04596614906644,0.0349250779935739,0.3571644698394131
BH050,373,2673658,3.7300009727478023,0.465195011453675,6592,3,5,SHELF_NORMAL_Y_NEG,592.2175591976044,22.738223297176344,4589.433756729741,-91.0475845336914,-29.18900489807129,35.042701721191406,-0.0003753810306079,-0.0004168360610492,0.0003677025961223,2.4110335289151408e-05,-0.0004077263001818,-7.457813626388088e-05,0.0004597895604092,100.83672494289472,0.2840471125151964,1.3434012104385409,0.0260696608215201,0.379364011692263
BH050,373,2673658,3.7300009727478023,0.465195011453675,7690,1,1,SHELF_NORMAL_Y_POS,-310.96755919760443,-21.386331148337096,539.4337567297406,-42.94067001342773,-130.5764617919922,-137.78208923339844,-5.1858780352631584e-05,-0.0008140771533362,-0.002087612170726,-3.3639083994785324e-05,-0.0002427382278256,-0.0003488196525722,0.0003835926472675,265.0260083436101,0.7465521361791834,68.93488993554017,0.1574650073040421,0.3553389779109036
BH050,373,2673658,3.7300009727478023,0.465195011453675,8803,2,1,SHELF_NORMAL_Y_NEG,1246.8452994616207,24.99568236389409,4860.566243270259,-41.68446350097656,-34.049049377441406,28.00242042541504,-0.0043933917768299,-0.0012255117762833,0.0012662466615438,-0.004240630660206,-0.0011209420626983,0.0009127901284955,0.0057617402635514,61.88717600521039,0.1743300732541138,-0.0108343101189049,0.0099130513818887,0.4218543590981223
BH050,374,2682046,3.740000247955322,0.4649885868999042,5809,3,5,SIDE_NORMAL_X_POS,-1250.0,-24.15470053837925,439.4337567297406,102.72461700439452,-383.01361083984375,-115.20098114013672,0.2609159052371979,-0.4031723737716675,0.0453294143080711,0.2598609328269958,-0.4011586904525757,0.0467832460999488,0.4954158961772918,486.2206265423325,1.3696355677248804,3.056856646810207,0.5243977309606211,0.5385553506579153
BH050,374,2682046,3.740000247955322,0.4649885868999042,8857,1,1,SHELF_NORMAL_Y_NEG,1246.8452994616207,25.009422437046773,2189.4337567297407,-187.294189453125,-195.79542541503903,-164.7421417236328,0.0005574311362579,-0.0060891229659318,-0.0046515678986907,0.0011813717428594,-0.0054111210629343,-0.0025725127197802,0.0059688496403396,343.749234608149,0.9683077031215463,-0.0287655172365562,0.2960596759453863,0.3619825278703239
BH050,374,2682046,3.740000247955322,0.4649885868999042,7318,1,1,SHELF_NORMAL_Y_NEG,-29.717559197604437,30.49643744586834,860.5662432702593,368.4667053222656,339.1419982910156,-5.229175090789795,0.0028670860920101,0.0011722167255356,-0.000131802924443,0.0015711301239207,6.31310831522569e-05,-6.580913031939417e-05,0.0019626356661319,354.83024956387106,0.9995218297573832,-114.17677616334188,0.4271096292663498,0.4272297133376835
BH050,374,2682046,3.740000247955322,0.4649885868999042,7687,4,5,SHELF_NORMAL_Y_POS,-392.1574408023956,-20.81674579952917,689.4337567297406,109.7427978515625,73.06610870361328,27.055683135986328,0.0003340847033541,0.0003306864819023,-7.601709512528032e-05,-9.206144022755323e-05,0.0001356393331661,-0.0004175659269094,0.0005152153316885,107.51599273587584,0.3028619513686643,91.2160842940462,0.035126909658449,0.3571644698394131
BH050,374,2682046,3.740000247955322,0.4649885868999042,6592,3,5,SHELF_NORMAL_Y_NEG,592.2175591976044,22.738223297176344,4589.433756729741,-88.65972137451172,-27.5819034576416,36.14126968383789,-0.0003661289229057,-0.0004125094856135,0.0003815696691162,2.4110335289151408e-05,-0.0004077263001818,-7.457813626388088e-05,0.0004597895604092,100.47127868251316,0.2830176864296145,1.360449031774662,0.0256090028092008,0.379364011692263
BH050,374,2682046,3.740000247955322,0.4649885868999042,7690,1,1,SHELF_NORMAL_Y_POS,-310.96755919760443,-21.386331148337096,539.4337567297406,-41.94439697265625,-129.54698181152344,-137.46815490722656,-4.852287020185031e-05,-0.0008105307933874,-0.0020836489275097,-3.3639083994785324e-05,-0.0002427382278256,-0.0003488196525722,0.0003835926472675,264.1977739174853,0.744219081457705,69.06387335934812,0.1563168612680063,0.3553389779109036
BH050,374,2682046,3.740000247955322,0.4649885868999042,8803,2,1,SHELF_NORMAL_Y_NEG,1246.8452994616207,24.99568236389409,4860.566243270259,-38.72946548461914,-33.40704345703125,27.283729553222656,-0.0043799625709652,-0.0012266936246305,0.0012571776751428,-0.004240630660206,-0.0011209420626983,0.0009127901284955,0.0057617402635514,59.62693022244397,0.1679631837251942,-0.0108816398900607,0.0091623014253239,0.4218543590981223
BH050,375,2690435,3.750000715255737,0.4642543352660021,5809,3,5,SIDE_NORMAL_X_POS,-1250.0,-24.15470053837925,439.4337567297406,114.19821166992188,-391.0575866699219,-13.107707977294922,0.2615670561790466,-0.4040769934654236,0.0464989505708217,0.2604451477527618,-0.4020080268383026,0.0466644093394279,0.4963448643684387,459.5005775008628,1.2943678239460925,3.070017947972568,0.4704234762916625,0.5385553506579153
BH050,375,2690435,3.750000715255737,0.4642543352660021,8857,1,1,SHELF_NORMAL_Y_NEG,1246.8452994616207,25.009422437046773,2189.4337567297407,-189.68539428710935,-195.9771423339844,-164.6217041015625,0.0005460900720208,-0.0060865185223519,-0.0046500409953296,0.0011813717428594,-0.0054111210629343,-0.0025725127197802,0.0059688496403396,344.2593557076922,0.96974466396533,-0.0287524832067204,0.297435523656568,0.3619825278703239
BH050,375,2690435,3.750000715255737,0.4642543352660021,7318,1,1,SHELF_NORMAL_Y_NEG,-29.717559197604437,30.49643744586834,860.5662432702593,368.1705627441406,339.8595275878906,-5.289164543151856,0.0028688479214906,0.0011794448364526,-0.00013289450726,0.0015753704356029,6.64474573568441e-05,-6.614318408537656e-05,0.001970212906599,354.98128686214363,0.999947286935616,-114.38933628307366,0.4275279757652547,0.4275279757652547
BH050,375,2690435,3.750000715255737,0.4642543352660021,7687,4,5,SHELF_NORMAL_Y_POS,-392.1574408023956,-20.81674579952917,689.4337567297406,109.67496490478516,72.98532104492188,27.220258712768555,0.000333871343173,0.0003303926205262,-7.393966370727867e-05,-9.206144022755323e-05,0.0001356393331661,-0.0004175659269094,0.0005152153316885,107.58076010095878,0.3030443946505881,91.39708079325317,0.0351384293815269,0.3571644698394131
BH050,375,2690435,3.750000715255737,0.4642543352660021,6592,3,5,SHELF_NORMAL_Y_NEG,592.2175591976044,22.738223297176344,4589.433756729741,-90.52462768554688,-29.37391662597656,35.47148895263672,-0.0003725727729033,-0.000418492098106,0.0003731167234946,2.4110335289151408e-05,-0.0004077263001818,-7.457813626388088e-05,0.0004597895604092,100.86204397529808,0.284118433733234,1.3456417212937102,0.0260540760848688,0.379364011692263
BH050,375,2690435,3.750000715255737,0.4642543352660021,7690,1,1,SHELF_NORMAL_Y_POS,-310.96755919760443,-21.386331148337096,539.4337567297406,-41.66206359863281,-129.77108764648438,-137.56500244140625,-4.682493818108924e-05,-0.0008120330167002,-0.002084877109155,-3.3639083994785324e-05,-0.0002427382278256,-0.0003488196525722,0.0003835926472675,264.46572767670443,0.7449738807794491,69.20355217285405,0.1566095564273981,0.3553389779109036
BH050,375,2690435,3.750000715255737,0.4642543352660021,8803,2,1,SHELF_NORMAL_Y_NEG,1246.8452994616207,24.99568236389409,4860.566243270259,-39.54613876342773,-33.342960357666016,27.122802734375,-0.0043840259313583,-0.0012251974549144,0.0012551498366519,-0.004240630660206,-0.0011209420626983,0.0009127901284955,0.0057617402635514,59.69928009553297,0.1681669861845999,-0.0108729435081405,0.0092162122857504,0.4218543590981223
BH050,376,2698823,3.759999990463257,0.4639229452846901,5809,3,5,SIDE_NORMAL_X_POS,-1250.0,-24.15470053837925,439.4337567297406,99.24593353271484,-385.8207092285156,-113.87629699707033,0.2620590627193451,-0.4048591554164886,0.0451275035738945,0.2610167860984802,-0.4028379321098327,0.0465647615492343,0.4972516894340515,485.6973795577941,1.3681616325571664,3.081671549696943,0.524131753808945,0.5385553506579153
BH050,376,2698823,3.759999990463257,0.4639229452846901,8857,1,1,SHELF_NORMAL_Y_NEG,1246.8452994616207,25.009422437046773,2189.4337567297407,-189.00733947753903,-194.8636779785156,-163.95372009277344,0.0005477612139657,-0.0060820821672677,-0.0046416134573519,0.0011813717428594,-0.0054111210629343,-0.0025725127197802,0.0059688496403396,342.7935662070449,0.9656156794564644,-0.0287072698849226,0.2948675137178893,0.3619825278703239
BH050,376,2698823,3.759999990463257,0.4639229452846901,7318,1,1,SHELF_NORMAL_Y_NEG,-29.717559197604437,30.49643744586834,860.5662432702593,367.8301086425781,339.86578369140625,-5.181828498840332,0.0028700914699584,0.0011822589440271,-0.0001317688438575,0.0015782725531607,6.873053644085303e-05,-6.63730752421543e-05,0.0019754122477024,354.78926935415313,0.9994063925469102,-114.58140447544076,0.4270905953516009,0.4275279757652547
BH050,376,2698823,3.759999990463257,0.4639229452846901,7687,4,5,SHELF_NORMAL_Y_POS,-392.1574408023956,-20.81674579952917,689.4337567297406,110.0997543334961,72.86804962158203,27.53173828125,0.000336103112204,0.0003292050678282,-7.000882760621607e-05,-9.206144022755323e-05,0.0001356393331661,-0.0004175659269094,0.0005152153316885,108.08766828928307,0.304472305040234,91.55906476669767,0.0354046028295956,0.3571644698394131
BH050,376,2698823,3.759999990463257,0.4639229452846901,6592,3,5,SHELF_NORMAL_Y_NEG,592.2175591976044,22.738223297176344,4589.433756729741,-89.20342254638672,-27.848522186279297,35.48815155029297,-0.000368380889995,-0.0004130116140004,0.0003733297344297,2.4110335289151408e-05,-0.0004077263001818,-7.457813626388088e-05,0.0004597895604092,100.13408006989174,0.2820678311827936,1.365856068566142,0.025528094000379,0.379364011692263
BH050,376,2698823,3.759999990463257,0.4639229452846901,7690,1,1,SHELF_NORMAL_Y_POS,-310.96755919760443,-21.386331148337096,539.4337567297406,-40.34667205810547,-128.25717163085938,-137.15817260742188,-4.2643929191399366e-05,-0.0008065986912697,-0.0020797464530915,-3.3639083994785324e-05,-0.0002427382278256,-0.0003488196525722,0.0003835926472675,263.3250822026713,0.7417607949371022,69.32727079618897,0.1550324139325167,0.3553389779109036
BH050,376,2698823,3.759999990463257,0.4639229452846901,8803,2,1,SHELF_NORMAL_Y_NEG,1246.8452994616207,24.99568236389409,4860.566243270259,-38.35737609863281,-32.55031967163086,26.368751525878903,-0.0043793888762593,-0.0012230791617184,0.0012456324184313,-0.004240630660206,-0.0011209420626983,0.0009127901284955,0.0057617402635514,58.036194992629206,0.1634822394158569,-0.0108589443222154,0.0087112694823804,0.4218543590981223
BH050,377,2707212,3.770000457763672,0.4632052375509539,5809,3,5,SIDE_NORMAL_X_POS,-1250.0,-24.15470053837925,439.4337567297406,119.29351806640624,-401.5270080566406,74.48066711425781,0.2627441585063934,-0.4057857096195221,0.0473647527396678,0.2615815103054046,-0.403659850358963,0.0464247912168502,0.4981506466865539,489.8944379789253,1.379984332335001,3.0935799612690102,0.5316709745176456,0.5385553506579153
BH050,377,2707212,3.770000457763672,0.4632052375509539,8857,1,1,SHELF_NORMAL_Y_NEG,1246.8452994616207,25.009422437046773,2189.4337567297407,-189.0688323974609,-194.91026306152344,-169.3267059326172,0.0005475279758684,-0.0060821892693638,-0.0047094360925257,0.0011813717428594,-0.0054111210629343,-0.0025725127197802,0.0059688496403396,350.5712170123216,0.987524554964286,-0.0287050826220468,0.3062333095185463,0.3619825278703239
BH050,377,2707212,3.770000457763672,0.4632052375509539,7318,1,1,SHELF_NORMAL_Y_NEG,-29.717559197604437,30.49643744586834,860.5662432702593,367.5647583007813,339.9058837890625,-5.318680763244629,0.0028726586606353,0.0011859376681968,-0.0001338090223725,0.0015821867855265,7.182855188148096e-05,-6.668573769275099e-05,0.0019824444316327,354.66505671461226,0.9990564977876402,-114.7803999592789,0.4268013953179034,0.4275279757652547
BH050,377,2707212,3.770000457763672,0.4632052375509539,7687,4,5,SHELF_NORMAL_Y_POS,-392.1574408023956,-20.81674579952917,689.4337567297406,110.52916717529295,72.98481750488281,27.815326690673828,0.0003380155249033,0.0003291477041784,-6.643072265433148e-05,-9.206144022755323e-05,0.0001356393331661,-0.0004175659269094,0.0005152153316885,108.61678730360332,0.3059627811369108,91.72817349770752,0.0357103668301,0.3571644698394131
BH050,377,2707212,3.770000457763672,0.4632052375509539,6592,3,5,SHELF_NORMAL_Y_NEG,592.2175591976044,22.738223297176344,4589.433756729741,-89.91976928710938,-28.462291717529297,35.87711334228516,-0.0003709616430569,-0.0004149471351411,0.0003782364656217,2.4110335289151408e-05,-0.0004077263001818,-7.457813626388088e-05,0.0004597895604092,100.98438512544206,0.2844630566913861,1.3531333451661485,0.0259888276338745,0.379364011692263
BH050,377,2707212,3.770000457763672,0.4632052375509539,7690,1,1,SHELF_NORMAL_Y_POS,-310.96755919760443,-21.386331148337096,539.4337567297406,-39.98092269897461,-128.25338745117188,-137.16329956054688,-4.0875194827094674e-05,-0.0008071102784015,-0.002079818630591,-3.3639083994785324e-05,-0.0002427382278256,-0.0003488196525722,0.0003835926472675,263.3648211929676,0.7418727357548384,69.45449638588434,0.1550369129287883,0.3553389779109036
BH050,377,2707212,3.770000457763672,0.4632052375509539,8803,2,1,SHELF_NORMAL_Y_NEG,1246.8452994616207,24.99568236389409,4860.566243270259,-41.278202056884766,-33.7681770324707,27.700782775878903,-0.004391795489937,-0.0012247341219335,0.0012624444207176,-0.004240630660206,-0.0011209420626983,0.0009127901284955,0.0057617402635514,61.25594019926227,0.172551944223274,-0.0108678976833651,0.0097145713288441,0.4218543590981223
BH050,378,2715601,3.780000925064087,0.4631005105881426,5809,3,5,SIDE_NORMAL_X_POS,-1250.0,-24.15470053837925,439.4337567297406,119.84001922607422,-401.4739990234375,66.37236022949219,0.2633125782012939,-0.4066060781478882,0.0471650585532188,0.2621457874774933,-0.40447998046875,0.0463274717330932,0.4990453720092773,486.6944878144964,1.3709703882098492,3.1059710512379484,0.5250519389735758,0.5385553506579153
BH050,378,2715601,3.780000925064087,0.4631005105881426,8857,1,1,SHELF_NORMAL_Y_NEG,1246.8452994616207,25.009422437046773,2189.4337567297407,-183.11376953125,-185.8948974609375,-122.07601165771484,0.0005196164711378,-0.0060934522189199,-0.0043623126111924,0.0011376807233318,-0.0054574813693761,-0.0028217597864568,0.0061386204324662,280.63376124412105,0.7905176373073832,-0.0286659890864377,0.2097307394417784,0.3619825278703239
BH050,378,2715601,3.780000925064087,0.4631005105881426,7318,1,1,SHELF_NORMAL_Y_NEG,-29.717559197604437,30.49643744586834,860.5662432702593,367.3333129882813,340.54266357421875,-5.275680065155029,0.0028729394543915,0.0011912182671949,-0.0001334524276899,0.0015845043817535,7.367171201622114e-05,-6.687227141810581e-05,0.0019866174552589,354.8153070557248,0.9994797381851404,-114.9769334091268,0.4272189253424558,0.4275279757652547
BH050,378,2715601,3.780000925064087,0.4631005105881426,7687,4,5,SHELF_NORMAL_Y_POS,-392.1574408023956,-20.81674579952917,689.4337567297406,110.29954528808594,71.50263214111328,28.036911010742188,0.0003390616329852,0.00032228755299,-6.36335535091348e-05,-9.206144022755323e-05,0.0001356393331661,-0.0004175659269094,0.0005152153316885,108.39794010437949,0.3053463101531816,91.89447743698808,0.0354081762622218,0.3571644698394131
BH050,378,2715601,3.780000925064087,0.4631005105881426,6592,3,5,SHELF_NORMAL_Y_NEG,592.2175591976044,22.738223297176344,4589.433756729741,-89.95482635498047,-27.92412567138672,34.99485397338867,-0.0003719154919963,-0.0004122844547964,0.0003671002050396,2.4110335289151408e-05,-0.0004077263001818,-7.457813626388088e-05,0.0004597895604092,100.1680443906051,0.2821635053256481,1.362374300800103,0.0256049211987649,0.379364011692263
BH050,378,2715601,3.780000925064087,0.4631005105881426,7690,1,1,SHELF_NORMAL_Y_POS,-310.96755919760443,-21.386331148337096,539.4337567297406,-39.0809440612793,-127.3584213256836,-136.9610137939453,-3.780871702474542e-05,-0.0008040788234211,-0.0020772758871316,-3.3639083994785324e-05,-0.0002427382278256,-0.0003488196525722,0.0003835926472675,262.7644538938346,0.7401815602643229,69.58112365184215,0.1541798324063016,0.3553389779109036
BH050,378,2715601,3.780000925064087,0.4631005105881426,8803,2,1,SHELF_NORMAL_Y_NEG,1246.8452994616207,24.99568236389409,4860.566243270259,-37.40901184082031,-32.882564544677734,18.41793441772461,-0.0043742978014051,-0.0012260653311386,0.0011452755425125,-0.004240630660206,-0.0011209420626983,0.0009127901284955,0.0057617402635514,47.62618918389291,0.1341582793912476,-0.0107852979154904,0.00636857330201,0.4218543590981223
BH050,379,2723989,3.7900002002716064,0.4623995221074756,5809,3,5,SIDE_NORMAL_X_POS,-1250.0,-24.15470053837925,439.4337567297406,103.12106323242188,-385.572509765625,-110.55316925048828,0.2637616991996765,-0.4073089957237243,0.0448170863091945,0.2626978754997253,-0.4052854478359222,0.0462126322090625,0.4999243319034576,485.51701393808446,1.3676535603889703,3.1179403191502484,0.5225257825739575,0.5385553506579153
BH050,379,2723989,3.7900002002716064,0.4623995221074756,8857,1,1,SHELF_NORMAL_Y_NEG,1246.8452994616207,25.009422437046773,2189.4337567297407,-183.39175415039065,-188.93130493164065,-161.44076538085938,0.0004861920606344,-0.0061451122164726,-0.0050669568590819,0.0011011851020157,-0.0054947989992797,-0.0030295809265226,0.0062794941477477,335.95906332240395,0.946363558654659,-0.0289436825098215,0.282276799981412,0.3619825278703239
BH050,379,2723989,3.7900002002716064,0.4623995221074756,7318,1,1,SHELF_NORMAL_Y_NEG,-29.717559197604437,30.49643744586834,860.5662432702593,367.0021057128906,341.1262512207031,-5.376072883605957,0.0028739781118929,0.0011973249493166,-0.0001350032107438,0.0015879957936704,7.646555604878813e-05,-6.715600466122851e-05,0.0019929178524762,354.8947996753305,0.9997036610572688,-115.18031704869202,0.4274534696299467,0.4275279757652547
BH050,379,2723989,3.7900002002716064,0.4623995221074756,7687,4,5,SHELF_NORMAL_Y_POS,-392.1574408023956,-20.81674579952917,689.4337567297406,110.9158172607422,71.72158813476562,28.06144523620605,0.0003417330153752,0.0003224546671845,-6.332368502626196e-05,-9.206144022755323e-05,0.0001356393331661,-0.0004175659269094,0.0005152153316885,108.87414884268534,0.3066877432188319,92.06572277954328,0.0357242393515264,0.3571644698394131
BH050,379,2723989,3.7900002002716064,0.4623995221074756,6592,3,5,SHELF_NORMAL_Y_NEG,592.2175591976044,22.738223297176344,4589.433756729741,-89.06774139404297,-28.22305679321289,35.92056655883789,-0.0003671727317851,-0.0004150283057242,0.0003787837049458,2.4110335289151408e-05,-0.0004077263001818,-7.457813626388088e-05,0.0004597895604092,100.43256878973808,0.2829086444781354,1.3613582434935942,0.0256716729382143,0.379364011692263
BH050,379,2723989,3.7900002002716064,0.4623995221074756,7690,1,1,SHELF_NORMAL_Y_POS,-310.96755919760443,-21.386331148337096,539.4337567297406,-38.25578689575195,-126.3124008178711,-136.7206573486328,-3.532576738507487e-05,-0.0008002026006579,-0.0020742441993206,-3.3639083994785324e-05,-0.0002427382278256,-0.0003488196525722,0.0003835926472675,262.0377109901077,0.738134397155233,69.71363879586562,0.1531774103561394,0.3553389779109036
BH050,379,2723989,3.7900002002716064,0.4623995221074756,8803,2,1,SHELF_NORMAL_Y_NEG,1246.8452994616207,24.99568236389409,4860.566243270259,-37.45418167114258,-35.80962371826172,39.94081878662109,-0.0043702744878828,-0.0012402031570672,0.0014169195201247,-0.004240630660206,-0.0011209420626983,0.0009127901284955,0.0057617402635514,78.29260334933645,0.2205425446460181,-0.0107445257470716,0.0146303989796304,0.4218543590981223
BH050,380,2732378,3.8000006675720215,0.4621492377688302,5809,3,5,SIDE_NORMAL_X_POS,-1250.0,-24.15470053837925,439.4337567297406,109.78228759765624,-392.6352233886719,-31.73910140991211,0.2643462419509887,-0.4081421792507171,0.0457005500793457,0.2632400095462799,-0.4060755670070648,0.0461012609302997,0.5007854700088501,460.80481117887433,1.298041721630632,3.1302430154340097,0.4730239295026519,0.5385553506579153
BH050,380,2732378,3.8000006675720215,0.4621492377688302,8857,1,1,SHELF_NORMAL_Y_NEG,1246.8452994616207,25.009422437046773,2189.4337567297407,-185.5951232910156,-196.6365509033203,-112.900390625,0.0004538034845609,-0.0062153926119208,-0.0046420488506555,0.0010682707652449,-0.0055308886803686,-0.0032173115760087,0.0064079980365931,273.5985976608293,0.7707002751009275,-0.0290468065124491,0.2047476488771554,0.3619825278703239
BH050,380,2732378,3.8000006675720215,0.4621492377688302,7318,1,1,SHELF_NORMAL_Y_NEG,-29.717559197604437,30.49643744586834,860.5662432702593,366.6636352539063,341.335693359375,-5.447237014770508,0.0028759252745658,0.0012019735295325,-0.0001362246257485,0.0015918972203508,7.960539369378239e-05,-6.747920997440815e-05,0.0019999735523015,354.80404166660657,0.9994480046946664,-115.37694706182546,0.4272557325792657,0.4275279757652547
BH050,380,2732378,3.8000006675720215,0.4621492377688302,7687,4,5,SHELF_NORMAL_Y_POS,-392.1574408023956,-20.81674579952917,689.4337567297406,110.9710922241211,71.58734893798828,28.04551315307617,0.0003421975707169,0.0003217228804714,-6.352557829814032e-05,-9.206144022755323e-05,0.0001356393331661,-0.0004175659269094,0.0005152153316885,108.88001634994345,0.3067042714082914,92.23187942167576,0.0357176437249163,0.3571644698394131
BH050,380,2732378,3.8000006675720215,0.4621492377688302,6592,3,5,SHELF_NORMAL_Y_NEG,592.2175591976044,22.738223297176344,4589.433756729741,-90.26426696777344,-28.88188362121582,35.24968719482422,-0.0003720209642779,-0.0004164840502198,0.0003703158290591,2.4110335289151408e-05,-0.0004077263001818,-7.457813626388088e-05,0.0004597895604092,100.5107973355112,0.2831290065789048,1.3547785493588542,0.0258466570288744,0.379364011692263
BH050,380,2732378,3.8000006675720215,0.4621492377688302,7690,1,1,SHELF_NORMAL_Y_POS,-310.96755919760443,-21.386331148337096,539.4337567297406,-37.98249816894531,-126.2398910522461,-136.73764038085938,-3.410292265471071e-05,-0.0008002504473552,-0.0020744507201015,-3.3639083994785324e-05,-0.0002427382278256,-0.0003488196525722,0.0003835926472675,262.0607195290297,0.7381992099409288,69.84132333852386,0.1531650918087229,0.3553389779109036
BH050,380,2732378,3.8000006675720215,0.4621492377688302,8803,2,1,SHELF_NORMAL_Y_NEG,1246.8452994616207,24.99568236389409,4860.566243270259,-35.522640228271484,-36.90717697143555,28.279518127441406,-0.0043593035079538,-0.0012483401224017,0.001269741449505,-0.004240630660206,-0.0011209420626983,0.0009127901284955,0.0057617402635514,60.92742197033684,0.1716265407615122,-0.0106101989646435,0.0095053958246676,0.4218543590981223
BH050,381,2740766,3.809999942779541,0.4610709862259297,5809,3,5,SIDE_NORMAL_X_POS,-1250.0,-24.15470053837925,439.4337567297406,103.94610595703124,-389.363037109375,-80.17925262451172,0.2648521065711975,-0.4089012444019317,0.0450083725154399,0.263778954744339,-0.4068601131439209,0.0460206381976604,0.5016390085220337,471.3462387418248,1.327735883779788,3.1419310090372425,0.4937485020087925,0.5385553506579153
BH050,381,2740766,3.809999942779541,0.4610709862259297,8857,1,1,SHELF_NORMAL_Y_NEG,1246.8452994616207,25.009422437046773,2189.4337567297407,-189.06668090820312,-205.27024841308597,-166.8945770263672,0.0004143209953326,-0.0062941526994109,-0.0055251941084861,0.0010330700315535,-0.0055728084407746,-0.0034189708530902,0.0065477099269628,350.1909760102048,0.9864534535498728,-0.0290873569380584,0.3082810700430765,0.3619825278703239
BH050,381,2740766,3.809999942779541,0.4610709862259297,7318,1,1,SHELF_NORMAL_Y_NEG,-29.717559197604437,30.49643744586834,860.5662432702593,366.4314880371094,341.5938415527344,-5.42625093460083,0.0028767881449311,0.0012054911348968,-0.0001361578761134,0.0015942667378112,8.152248483384028e-05,-6.767718878109008e-05,0.0020042692776769,354.79005192504985,0.9994085969719714,-115.573308613857,0.4272481155196189,0.4275279757652547
BH050,381,2740766,3.809999942779541,0.4610709862259297,7687,4,5,SHELF_NORMAL_Y_POS,-392.1574408023956,-20.81674579952917,689.4337567297406,110.7208023071289,70.11980438232422,28.45513153076172,0.0003431203076615,0.0003149636904709,-5.835623232997023e-05,-9.206144022755323e-05,0.0001356393331661,-0.0004175659269094,0.0005152153316885,108.81748739342731,0.3065281335026122,92.39384847887064,0.0354868563067424,0.3571644698394131
BH050,381,2740766,3.809999942779541,0.4610709862259297,6592,3,5,SHELF_NORMAL_Y_NEG,592.2175591976044,22.738223297176344,4589.433756729741,-89.50628662109375,-27.880897521972656,35.782569885253906,-0.0003697982174344,-0.0004127296269871,0.0003770420444197,2.4110335289151408e-05,-0.0004077263001818,-7.457813626388088e-05,0.0004597895604092,100.66966330157432,0.2835765163424629,1.3589260608939286,0.0257791760268135,0.379364011692263
BH050,381,2740766,3.809999942779541,0.4610709862259297,7690,1,1,SHELF_NORMAL_Y_POS,-310.96755919760443,-21.386331148337096,539.4337567297406,-37.303184509277344,-125.4665756225586,-136.56121826171875,-3.193064912920818e-05,-0.0007974818581715,-0.002072243951261,-3.3639083994785324e-05,-0.0002427382278256,-0.0003488196525722,0.0003835926472675,261.53390860873714,0.7367152355175693,69.96333807215647,0.152433404355626,0.3553389779109036
BH050,381,2740766,3.809999942779541,0.4610709862259297,8803,2,1,SHELF_NORMAL_Y_NEG,1246.8452994616207,24.99568236389409,4860.566243270259,-39.04803085327149,-40.042667388916016,40.1254768371582,-0.0043718423694372,-0.001258430420421,0.0014192503876984,-0.004240630660206,-0.0011209420626983,0.0009127901284955,0.0057617402635514,79.96710753625942,0.2252594578486181,-0.0105210255515433,0.0154748228360502,0.4218543590981223
BH050,382,2749155,3.820000410079956,0.4605014907353555,5809,3,5,SIDE_NORMAL_X_POS,-1250.0,-24.15470053837925,439.4337567297406,107.24752044677734,-390.1508483886719,-67.94426727294922,0.2654032111167907,-0.4096855819225311,0.0450729168951511,0.2643129527568817,-0.4076369702816009,0.0459306724369525,0.5024847984313965,468.4140226296048,1.3194761200833935,3.1545112245375786,0.4870285916869343,0.5385553506579153
BH050,382,2749155,3.820000410079956,0.4605014907353555,8857,1,1,SHELF_NORMAL_Y_NEG,1246.8452994616207,25.009422437046773,2189.4337567297407,-193.72543334960935,-212.9017333984375,-96.7915267944336,0.0003685670963022,-0.0063684610649943,-0.0048376126214861,0.0009988150559365,-0.0056168385781347,-0.0036161809694021,0.0066860043443739,264.0416823621805,0.7437793869357199,-0.0290257160654553,0.2001751038051722,0.3619825278703239
BH050,382,2749155,3.820000410079956,0.4605014907353555,7318,1,1,SHELF_NORMAL_Y_NEG,-29.717559197604437,30.49643744586834,860.5662432702593,366.1452331542969,342.0857849121094,-5.4943528175354,0.0028778938576579,0.0012109001399949,-0.0001372862898278,0.0015974798006936,8.41368455439806e-05,-6.794554792577401e-05,0.002010109135881,354.8556048081869,0.999593252980808,-115.77274156098484,0.4274355872570763,0.4275279757652547
BH050,382,2749155,3.820000410079956,0.4605014907353555,7687,4,5,SHELF_NORMAL_Y_POS,-392.1574408023956,-20.81674579952917,689.4337567297406,111.31412506103516,70.52498626708984,28.632099151611328,0.0003454095567576,0.0003160672495141,-5.612272798316553e-05,-9.206144022755323e-05,0.0001356393331661,-0.0004175659269094,0.0005152153316885,109.42381957461303,0.3082361114777832,92.56293502887154,0.0358823374588231,0.3571644698394131
BH050,382,2749155,3.820000410079956,0.4605014907353555,6592,3,5,SHELF_NORMAL_Y_NEG,592.2175591976044,22.738223297176344,4589.433756729741,-89.61465454101562,-27.868141174316406,35.253944396972656,-0.0003703397524077,-0.0004125112027395,0.0003703704569488,2.4110335289151408e-05,-0.0004077263001818,-7.457813626388088e-05,0.0004597895604092,100.19255233606488,0.282232541791732,1.373237904365394,0.0255846281606826,0.379364011692263
BH050,382,2749155,3.820000410079956,0.4605014907353555,7690,1,1,SHELF_NORMAL_Y_POS,-310.96755919760443,-21.386331148337096,539.4337567297406,-36.38092041015625,-124.64846801757812,-136.29637145996094,-2.8644119083764963e-05,-0.0007948556449264,-0.0020688998047262,-3.3639083994785324e-05,-0.0002427382278256,-0.0003488196525722,0.0003835926472675,260.87561897248827,0.7348608985140515,70.09326140136024,0.1515277610440173,0.3553389779109036
BH050,382,2749155,3.820000410079956,0.4605014907353555,8803,2,1,SHELF_NORMAL_Y_NEG,1246.8452994616207,24.99568236389409,4860.566243270259,-32.31248092651367,-40.43625259399414,17.33979034423828,-0.0043385522440075,-0.0012701485538855,0.0011316629825159,-0.004240630660206,-0.0011209420626983,0.0009127901284955,0.0057617402635514,47.69272789781373,0.1343457123882077,-0.0104014459065804,0.0064951572861656,0.4218543590981223
BH050,383,2757544,3.830000877380371,0.4604605324171213,5809,3,5,SIDE_NORMAL_X_POS,-1250.0,-24.15470053837925,439.4337567297406,101.78311157226562,-388.4002380371094,-111.39500427246094,0.2658993601799011,-0.4104338884353637,0.0444459877908229,0.2648375332355499,-0.4084016978740692,0.0458520762622356,0.5033150315284729,487.8254528025633,1.374156205077643,3.165270458597712,0.52683411109416,0.5385553506579153
BH050,383,2757544,3.830000877380371,0.4604605324171213,8857,1,1,SHELF_NORMAL_Y_NEG,1246.8452994616207,25.009422437046773,2189.4337567297407,-198.05545043945312,-223.68133544921875,-109.51685333251952,0.0003419160784687,-0.0064448579214513,-0.0051233060657978,0.0009774845093488,-0.005647222045809,-0.0037412717938423,0.0067749884910881,284.49923922815145,0.8014063076849337,-0.0289078642421446,0.2278278601342518,0.3619825278703239
BH050,383,2757544,3.830000877380371,0.4604605324171213,7318,1,1,SHELF_NORMAL_Y_NEG,-29.717559197604437,30.49643744586834,860.5662432702593,365.7887573242188,342.1950988769531,-5.570599555969238,0.0028797450941056,0.00121500948444,-0.000138565985253,0.0016012178966775,8.71963202371262e-05,-6.826285243732855e-05,0.0020169226918369,354.71238410549466,0.9991898143816752,-115.94911635283108,0.4271090921860344,0.4275279757652547
BH050,383,2757544,3.830000877380371,0.4604605324171213,7687,4,5,SHELF_NORMAL_Y_POS,-392.1574408023956,-20.81674579952917,689.4337567297406,111.39622497558594,70.1960220336914,28.94328117370605,0.0003462893946561,0.0003143514622934,-5.2193532610544935e-05,-9.206144022755323e-05,0.0001356393331661,-0.0004175659269094,0.0005152153316885,109.68212780854589,0.308963740305763,92.71626297243112,0.035972647161295,0.3571644698394131
BH050,383,2757544,3.830000877380371,0.4604605324171213,6592,3,5,SHELF_NORMAL_Y_NEG,592.2175591976044,22.738223297176344,4589.433756729741,-89.94788360595703,-28.30489730834961,35.35611343383789,-0.0003713225596584,-0.0004141463723499,0.0003716596111189,2.4110335289151408e-05,-0.0004077263001818,-7.457813626388088e-05,0.0004597895604092,100.47879198963456,0.2830388506750269,1.3622457526818854,0.0257643137043914,0.379364011692263
BH050,383,2757544,3.830000877380371,0.4604605324171213,7690,1,1,SHELF_NORMAL_Y_POS,-310.96755919760443,-21.386331148337096,539.4337567297406,-35.875606536865234,-124.51036071777344,-136.09303283691406,-2.6392410291009583e-05,-0.0007949218852445,-0.002066335408017,-3.3639083994785324e-05,-0.0002427382278256,-0.0003488196525722,0.0003835926472675,260.5512331957616,0.7339471357627088,70.21118636459623,0.1511054752364453,0.3553389779109036
BH050,383,2757544,3.830000877380371,0.4604605324171213,8803,2,1,SHELF_NORMAL_Y_NEG,1246.8452994616207,24.99568236389409,4860.566243270259,-36.95518112182617,-42.861106872558594,17.913124084472656,-0.0043575721792876,-0.0012751565081998,0.0011388988932594,-0.004240630660206,-0.0011209420626983,0.0009127901284955,0.0057617402635514,50.80806992917226,0.1431213237441472,-0.0103775053731658,0.0074897601930841,0.4218543590981223
BH050,384,2765932,3.84000015258789,0.459995527937393,5809,3,5,SIDE_NORMAL_X_POS,-1250.0,-24.15470053837925,439.4337567297406,112.98924255371094,-401.7670593261719,39.69169235229492,0.2664922177791595,-0.4112738072872162,0.0462086349725723,0.265357106924057,-0.4091609716415405,0.0457077324390411,0.5041424632072449,473.6084732499248,1.334108375351901,3.1755116091031903,0.4981788192879457,0.5385553506579153
BH050,384,2765932,3.84000015258789,0.459995527937393,8857,1,1,SHELF_NORMAL_Y_NEG,1246.8452994616207,25.009422437046773,2189.4337567297407,-195.7965087890625,-229.9308013916016,-108.04225158691406,0.0003399034321773,-0.0065127569250762,-0.0052353362552821,0.0009554005227982,-0.0056815035641193,-0.0038719158619642,0.0068694157525897,284.96347571387594,0.8027140160954251,-0.0287723190589752,0.2294771570566866,0.3619825278703239
BH050,384,2765932,3.84000015258789,0.459995527937393,7318,1,1,SHELF_NORMAL_Y_NEG,-29.717559197604437,30.49643744586834,860.5662432702593,365.6746215820313,342.7674255371094,-5.4369707107543945,0.0028807597700506,0.0012199309421703,-0.0001370811660308,0.0016036189626902,8.917009108699858e-05,-6.846532778581604e-05,0.0020213059615343,354.90107101289345,0.999721326796883,-116.12182563227483,0.427601793316047,0.427601793316047
BH050,384,2765932,3.84000015258789,0.459995527937393,7687,4,5,SHELF_NORMAL_Y_POS,-392.1574408023956,-20.81674579952917,689.4337567297406,111.7700424194336,70.14048767089844,29.31220817565918,0.0003481835592538,0.0003135355655103,-4.753701796289533e-05,-9.206144022755323e-05,0.0001356393331661,-0.0004175659269094,0.0005152153316885,110.22813504390297,0.3105017888560646,92.86322877548416,0.0362623353817186,0.3571644698394131
BH050,384,2765932,3.84000015258789,0.459995527937393,6592,3,5,SHELF_NORMAL_Y_NEG,592.2175591976044,22.738223297176344,4589.433756729741,-89.23561096191406,-28.210765838623047,35.99700164794922,-0.0003680018417071,-0.0004147270228713,0.0003797488752752,2.4110335289151408e-05,-0.0004077263001818,-7.457813626388088e-05,0.0004597895604092,100.64188507059104,0.2834982678044818,1.3641971915758266,0.0257717966483968,0.379364011692263
BH050,384,2765932,3.84000015258789,0.459995527937393,7690,1,1,SHELF_NORMAL_Y_POS,-310.96755919760443,-21.386331148337096,539.4337567297406,-35.36605453491211,-124.1598663330078,-135.8472900390625,-2.4429007680737413e-05,-0.0007939635543152,-0.0020632355008274,-3.3639083994785324e-05,-0.0002427382278256,-0.0003488196525722,0.0003835926472675,260.0746897533239,0.7326047598685181,70.32380482089937,0.1504949621412632,0.3553389779109036
BH050,384,2765932,3.84000015258789,0.459995527937393,8803,2,1,SHELF_NORMAL_Y_NEG,1246.8452994616207,24.99568236389409,4860.566243270259,-34.59728240966797,-43.64058303833008,23.4412784576416,-0.0043450165539979,-0.0012823692522943,0.0012086754431948,-0.004240630660206,-0.0011209420626983,0.0009127901284955,0.0057617402635514,56.92194189718152,0.1603434983019197,-0.0101990404548693,0.0087954560291566,0.4218543590981223
BH050,385,2774321,3.8500006198883057,0.4591117873101804,5809,3,5,SIDE_NORMAL_X_POS,-1250.0,-24.15470053837925,439.4337567297406,114.74528503417967,-401.7181396484375,42.324337005615234,0.2670126557350158,-0.4120230972766876,0.0461356714367866,0.2658685445785522,-0.4099084436893463,0.0456016734242439,0.5049548149108887,475.4085139187473,1.3391789124471756,3.188225398607896,0.5012947445145869,0.5385553506579153
BH050,385,2774321,3.8500006198883057,0.4591117873101804,8857,1,1,SHELF_NORMAL_Y_NEG,1246.8452994616207,25.009422437046773,2189.4337567297407,-197.8643035888672,-237.17515563964844,-149.16896057128906,0.0003223732928745,-0.0065745315514504,-0.0058611035346984,0.0009373613283969,-0.0057111377827823,-0.0039785946719348,0.0069475905038416,339.4524657178601,0.9562041287827048,-0.0285810172872134,0.3036337059593234,0.3619825278703239
BH050,385,2774321,3.8500006198883057,0.4591117873101804,7318,1,1,SHELF_NORMAL_Y_NEG,-29.717559197604437,30.49643744586834,860.5662432702593,365.1904602050781,343.21685791015625,-5.388331413269043,0.0028811481315642,0.0012256358750164,-0.000136752234539,0.0016070208512246,9.198197221849114e-05,-6.875061808386818e-05,0.002027531620115,354.8372356932456,0.999541508995058,-116.30501211826336,0.4274886638445608,0.427601793316047
BH050,385,2774321,3.8500006198883057,0.4591117873101804,7687,4,5,SHELF_NORMAL_Y_POS,-392.1574408023956,-20.81674579952917,689.4337567297406,111.97541046142578,69.98667907714844,29.53365898132324,0.000349403504515,0.0003124907962046,-4.474196248338558e-05,-9.206144022755323e-05,0.0001356393331661,-0.0004175659269094,0.0005152153316885,110.52851088398891,0.3113479179830674,93.02362788732133,0.0364078025531291,0.3571644698394131
BH050,385,2774321,3.8500006198883057,0.4591117873101804,6592,3,5,SHELF_NORMAL_Y_NEG,592.2175591976044,22.738223297176344,4589.433756729741,-90.29462432861328,-27.943321228027344,34.743751525878906,-0.0003735321515705,-0.000411887129303,0.0003639303031377,2.4110335289151408e-05,-0.0004077263001818,-7.457813626388088e-05,0.0004597895604092,100.160878098166,0.2821433185863831,1.367770789764141,0.0256289977865089,0.379364011692263
BH050,385,2774321,3.8500006198883057,0.4591117873101804,7690,1,1,SHELF_NORMAL_Y_POS,-310.96755919760443,-21.386331148337096,539.4337567297406,-34.33123016357422,-123.33094787597656,-135.77830505371094,-2.0612653315765783e-05,-0.0007914477610029,-0.0020623642485588,-3.3639083994785324e-05,-0.0002427382278256,-0.0003488196525722,0.0003835926472675,259.73505208285803,0.7316480340362198,70.44738404212033,0.1499324007698798,0.3553389779109036
BH050,385,2774321,3.8500006198883057,0.4591117873101804,8803,2,1,SHELF_NORMAL_Y_NEG,1246.8452994616207,24.99568236389409,4860.566243270259,-38.53666687011719,-46.121768951416016,30.897336959838867,-0.0043605254031717,-0.001288678497076,0.0013027786044403,-0.004240630660206,-0.0011209420626983,0.0009127901284955,0.0057617402635514,68.54815324102051,0.1930933894113254,-0.0101588925378609,0.012202505620153,0.4218543590981223
BH050,386,2782709,3.859999895095825,0.4588239541355294,5809,3,5,SIDE_NORMAL_X_POS,-1250.0,-24.15470053837925,439.4337567297406,104.75007629394533,-394.7039489746094,-55.42606735229492,0.267461359500885,-0.4127127230167389,0.044806819409132,0.2663748860359192,-0.4106480777263641,0.0455066598951816,0.5057578086853027,466.1815112322385,1.3131873555837703,3.19810254356019,0.4831602346413694,0.5385553506579153
BH050,386,2782709,3.859999895095825,0.4588239541355294,8857,1,1,SHELF_NORMAL_Y_NEG,1246.8452994616207,25.009422437046773,2189.4337567297407,-199.22056579589844,-243.4012756347656,-152.327392578125,0.0003128421958535,-0.0066239209845662,-0.0059733311645686,0.0009253436001017,-0.0057322597131133,-0.0040509630925953,0.0070011806674301,346.4871982602218,0.9760202767893572,-0.0285053252792707,0.315941601603053,0.3619825278703239
BH050,386,2782709,3.859999895095825,0.4588239541355294,7318,1,1,SHELF_NORMAL_Y_NEG,-29.717559197604437,30.49643744586834,860.5662432702593,365.0120849609375,343.418212890625,-5.465149402618408,0.0028824091423302,0.0012288728030398,-0.0001379262394038,0.0016094320453703,9.398997644893824e-05,-6.895435944898054e-05,0.0020319581963121,354.8347457419214,0.999534495047666,-116.48027584849385,0.4274955711778568,0.427601793316047
BH050,386,2782709,3.859999895095825,0.4588239541355294,7687,4,5,SHELF_NORMAL_Y_POS,-392.1574408023956,-20.81674579952917,689.4337567297406,111.97553253173828,68.85742950439453,29.96885299682617,0.0003510480746626,0.0003070090897381,-3.924838165403344e-05,-9.206144022755323e-05,0.0001356393331661,-0.0004175659269094,0.0005152153316885,110.74256000307184,0.3119508732480897,93.16690883815384,0.0363746690438173,0.3571644698394131
BH050,386,2782709,3.859999895095825,0.4588239541355294,6592,3,5,SHELF_NORMAL_Y_NEG,592.2175591976044,22.738223297176344,4589.433756729741,-89.03019714355469,-27.7734375,35.957733154296875,-0.0003676420310512,-0.0004129025910515,0.0003792537900153,2.4110335289151408e-05,-0.0004077263001818,-7.457813626388088e-05,0.0004597895604092,100.51836120229125,0.2831503132458908,1.3700800675539249,0.0256708372670576,0.379364011692263
BH050,386,2782709,3.859999895095825,0.4588239541355294,7690,1,1,SHELF_NORMAL_Y_POS,-310.96755919760443,-21.386331148337096,539.4337567297406,-33.740875244140625,-122.5252914428711,-135.4144287109375,-1.8919550711871125e-05,-0.0007883959915488,-0.002057772828266,-3.3639083994785324e-05,-0.0002427382278256,-0.0003488196525722,0.0003835926472675,258.89763545058497,0.7292891139453098,70.55477056965924,0.148877139230158,0.3553389779109036
BH050,386,2782709,3.859999895095825,0.4588239541355294,8803,2,1,SHELF_NORMAL_Y_NEG,1246.8452994616207,24.99568236389409,4860.566243270259,-34.83549118041992,-45.92109680175781,31.43104362487793,-0.0043428717181086,-0.0012930957600474,0.0013095156755298,-0.004240630660206,-0.0011209420626983,0.0009127901284955,0.0057617402635514,68.45660030027507,0.1928354938035917,-0.0100929867197046,0.0119681179373268,0.4218543590981223
BH050,387,2791098,3.87000036239624,0.4582341286720675,5809,3,5,SIDE_NORMAL_X_POS,-1250.0,-24.15470053837925,439.4337567297406,101.39615631103516,-389.7940673828125,-104.69416809082033,0.2679406702518463,-0.4134183526039123,0.0440911687910556,0.266877681016922,-0.4113828241825104,0.0454129762947559,0.5065547227859497,484.3829292653046,1.3644589556769144,3.2096432540912248,0.5191411054010726,0.5385553506579153
BH050,387,2791098,3.87000036239624,0.4582341286720675,8857,1,1,SHELF_NORMAL_Y_NEG,1246.8452994616207,25.009422437046773,2189.4337567297407,-201.31495666503903,-249.3539276123047,-129.1416015625,0.0003010994987562,-0.0066693229600787,-0.0057433377951383,0.0009151025442406,-0.0057518063113093,-0.0041136196814477,0.0070483493618667,320.217235050806,0.9020203804248056,-0.0283403345462721,0.2814327569808317,0.3619825278703239
BH050,387,2791098,3.87000036239624,0.4582341286720675,7318,1,1,SHELF_NORMAL_Y_NEG,-29.717559197604437,30.49643744586834,860.5662432702593,364.6307067871094,343.5758972167969,-5.426137447357178,0.0028835856355726,0.0012329196324571,-0.0001377102744299,0.0016126981936395,9.67143350862898e-05,-6.923052569618449e-05,0.0020379577763378,354.6969920171453,0.9991464563863248,-116.65751713322084,0.4271842498997071,0.427601793316047
BH050,387,2791098,3.87000036239624,0.4582341286720675,7687,4,5,SHELF_NORMAL_Y_POS,-392.1574408023956,-20.81674579952917,689.4337567297406,112.316162109375,69.53544616699219,29.964563369750977,0.0003517147270031,0.000309803901473,-3.930137609131634e-05,-9.206144022755323e-05,0.0001356393331661,-0.0004175659269094,0.0005152153316885,111.0575043587867,0.3128380404472864,93.32231479861072,0.0366412945733374,0.3571644698394131
BH050,387,2791098,3.87000036239624,0.4582341286720675,6592,3,5,SHELF_NORMAL_Y_NEG,592.2175591976044,22.738223297176344,4589.433756729741,-90.55169677734376,-29.050329208374023,35.30611801147461,-0.0003731680335476,-0.0004168840241618,0.0003710317250806,2.4110335289151408e-05,-0.0004077263001818,-7.457813626388088e-05,0.0004597895604092,100.75981699930152,0.2838304704205677,1.3701723829447496,0.0259872075994061,0.379364011692263
BH050,387,2791098,3.87000036239624,0.4582341286720675,7690,1,1,SHELF_NORMAL_Y_POS,-310.96755919760443,-21.386331148337096,539.4337567297406,-33.27326965332031,-122.2488250732422,-135.1426544189453,-1.7053371266229078e-05,-0.0007877337629906,-0.0020543467253446,-3.3639083994785324e-05,-0.0002427382278256,-0.0003488196525722,0.0003835926472675,258.4083565095034,0.7279108634070518,70.67948672788324,0.1482701575271217,0.3553389779109036
BH050,387,2791098,3.87000036239624,0.4582341286720675,8803,2,1,SHELF_NORMAL_Y_NEG,1246.8452994616207,24.99568236389409,4860.566243270259,-34.781272888183594,-45.87120056152344,25.753883361816406,-0.0043426700867712,-0.0012929334770888,0.0012378669343888,-0.004240630660206,-0.0011209420626983,0.0009127901284955,0.0057617402635514,60.89526061099491,0.1715359453830842,-0.0101149883326024,0.0099048942391014,0.4218543590981223
BH050,388,2799487,3.8800008296966553,0.4580012085389908,5809,3,5,SIDE_NORMAL_X_POS,-1250.0,-24.15470053837925,439.4337567297406,117.44998168945312,-401.8131713867188,49.287235260009766,0.2685365974903106,-0.4142311811447143,0.045929692685604,0.2673774361610412,-0.4121126532554626,0.0453079640865325,0.5073471665382385,479.30049780840346,1.3501422473476157,3.220024713925702,0.5086250130890935,0.5385553506579153
BH050,388,2799487,3.8800008296966553,0.4580012085389908,8857,1,1,SHELF_NORMAL_Y_NEG,1246.8452994616207,25.009422437046773,2189.4337567297407,-202.099609375,-254.954833984375,-116.32545471191406,0.0002981752040795,-0.0067095779813826,-0.0056253634393215,0.0009078344446606,-0.0057660122402012,-0.0041574020870029,0.0070817591622471,308.08242625443336,0.8678378204350236,-0.0282508948718436,0.2672761179643896,0.3619825278703239
BH050,388,2799487,3.8800008296966553,0.4580012085389908,7318,1,1,SHELF_NORMAL_Y_NEG,-29.717559197604437,30.49643744586834,860.5662432702593,364.6083068847656,344.2652282714844,-5.453469276428223,0.00288533908315,0.0012387088499963,-0.000138298710226,0.0016155529301613,9.91156484815292e-05,-6.94741538609378e-05,0.0020432209130376,355.0000335609509,1.0000000945378895,-116.83862273017697,0.4279492926698068,0.4279492926698068
BH050,388,2799487,3.8800008296966553,0.4580012085389908,7687,4,5,SHELF_NORMAL_Y_POS,-392.1574408023956,-20.81674579952917,689.4337567297406,112.48916625976562,69.03152465820312,30.26826286315918,0.0003532893315423,0.0003071058890782,-3.5466811823425815e-05,-9.206144022755323e-05,0.0001356393331661,-0.0004175659269094,0.0005152153316885,111.36592153020366,0.3137068212118413,93.4708030564769,0.0367467388966462,0.3571644698394131
BH050,388,2799487,3.8800008296966553,0.4580012085389908,6592,3,5,SHELF_NORMAL_Y_NEG,592.2175591976044,22.738223297176344,4589.433756729741,-89.9350357055664,-28.88348388671875,35.45447540283203,-0.0003704170521814,-0.0004169720050413,0.0003729063319042,2.4110335289151408e-05,-0.0004077263001818,-7.457813626388088e-05,0.0004597895604092,100.47879683004123,0.2830388643099753,1.3680537167561266,0.025807812998007,0.379364011692263
BH050,388,2799487,3.8800008296966553,0.4580012085389908,7690,1,1,SHELF_NORMAL_Y_POS,-310.96755919760443,-21.386331148337096,539.4337567297406,-32.5836296081543,-122.10426330566406,-135.2296142578125,-1.391738078382332e-05,-0.0007880323682911,-0.002055448712781,-3.3639083994785324e-05,-0.0002427382278256,-0.0003488196525722,0.0003835926472675,258.5608045773418,0.7283402945840614,70.78872700555158,0.1483523861298697,0.3553389779109036
BH050,388,2799487,3.8800008296966553,0.4580012085389908,8803,2,1,SHELF_NORMAL_Y_NEG,1246.8452994616207,24.99568236389409,4860.566243270259,-34.78458404541016,-47.08025741577149,25.219350814819336,-0.0043409019708633,-0.0012987984810024,0.0012311220634728,-0.004240630660206,-0.0011209420626983,0.0009127901284955,0.0057617402635514,60.80211938042824,0.1712735757195161,-0.0100681272372354,0.0099440168630118,0.4218543590981223
BH050,389,2807875,3.890000104904175,0.4568635102411056,5809,3,5,SIDE_NORMAL_X_POS,-1250.0,-24.15470053837925,439.4337567297406,111.17745208740234,-397.6841125488281,-8.54808235168457,0.2689870595932007,-0.4149167239665985,0.0450999811291694,0.2678666412830353,-0.4128272533416748,0.0452081970870494,0.5081225633621216,463.6224700452812,1.305978788859947,3.232263633241736,0.4777247229657153,0.5385553506579153
BH050,389,2807875,3.890000104904175,0.4568635102411056,8857,1,1,SHELF_NORMAL_Y_NEG,1246.8452994616207,25.009422437046773,2189.4337567297407,-202.79507446289065,-258.1439819335937,-109.61066436767578,0.0002908210153691,-0.0067418133839964,-0.0055936225689947,0.0008992112707346,-0.0057837814092636,-0.0042104073800146,0.0071225152350962,302.4191178248169,0.8518848389431463,-0.0281378944827801,0.2611590861768332,0.3619825278703239
BH050,389,2807875,3.890000104904175,0.4568635102411056,7318,1,1,SHELF_NORMAL_Y_NEG,-29.717559197604437,30.49643744586834,860.5662432702593,363.9351196289063,344.9193725585937,-5.2885422706604,0.0028853265102952,0.0012464262545108,-0.0001365774660371,0.0016197591321542,0.0001026755489874,-6.983440835028887e-05,0.0020510011818259,354.9278487088987,0.9997967569264752,-117.0164598639361,0.4278327679767879,0.4279492926698068
BH050,389,2807875,3.890000104904175,0.4568635102411056,7687,4,5,SHELF_NORMAL_Y_POS,-392.1574408023956,-20.81674579952917,689.4337567297406,112.30777740478516,68.34373474121094,30.278255462646484,0.0003534102579578,0.0003040301671717,-3.5341381590114906e-05,-9.206144022755323e-05,0.0001356393331661,-0.0004175659269094,0.0005152153316885,111.16963729920153,0.3131539078850747,93.62448284848962,0.0365527733789877,0.3571644698394131
BH050,389,2807875,3.890000104904175,0.4568635102411056,6592,3,5,SHELF_NORMAL_Y_NEG,592.2175591976044,22.738223297176344,4589.433756729741,-88.7846450805664,-27.0428466796875,35.39833068847656,-0.0003675123443827,-0.0004097124328836,0.0003721988177858,2.4110335289151408e-05,-0.0004077263001818,-7.457813626388088e-05,0.0004597895604092,99.86072631816388,0.2812978206145461,1.3789329011823,0.0253201541812315,0.379364011692263
BH050,389,2807875,3.890000104904175,0.4568635102411056,7690,1,1,SHELF_NORMAL_Y_POS,-310.96755919760443,-21.386331148337096,539.4337567297406,-31.61241149902344,-120.6030502319336,-134.8938751220703,-1.1388033271941822e-05,-0.0007821611361578,-0.0020512165501713,-3.3639083994785324e-05,-0.0002427382278256,-0.0003488196525722,0.0003835926472675,257.528560882879,0.7254325658672648,70.90829706053522,0.1469872101449857,0.3553389779109036
BH050,389,2807875,3.890000104904175,0.4568635102411056,8803,2,1,SHELF_NORMAL_Y_NEG,1246.8452994616207,24.99568236389409,4860.566243270259,-31.09893798828125,-46.70472717285156,21.303390502929688,-0.0043235551565885,-0.0013023457722738,0.0011816965416073,-0.004240630660206,-0.0011209420626983,0.0009127901284955,0.0057617402635514,55.29476838673168,0.1557599109485399,-0.0100154724385677,0.0083892023316805,0.4218543590981223
BH050,390,2816264,3.90000057220459,0.4566631551304759,5809,3,5,SIDE_NORMAL_X_POS,-1250.0,-24.15470053837925,439.4337567297406,118.703369140625,-404.8612365722656,68.40679931640625,0.2695154249668121,-0.4156695902347564,0.0459484755992889,0.2683484852313995,-0.413533478975296,0.0450854040682315,0.5088889598846436,489.9999735896649,1.380281615745535,3.2416560136346653,0.5308239870944932,0.5385553506579153
BH050,390,2816264,3.90000057220459,0.4566631551304759,8857,1,1,SHELF_NORMAL_Y_NEG,1246.8452994616207,25.009422437046773,2189.4337567297407,-205.03829956054688,-263.8109741210937,-144.4622802734375,0.0002822888200171,-0.0067783454433083,-0.0060691442340612,0.0008933186763897,-0.0057960706762969,-0.0042460286058485,0.0071502146311104,346.6318393910232,0.9764277165944314,-0.0280864112990149,0.3239014329803649,0.3619825278703239
BH050,390,2816264,3.90000057220459,0.4566631551304759,7318,1,1,SHELF_NORMAL_Y_NEG,-29.717559197604437,30.49643744586834,860.5662432702593,363.6770629882813,344.848388671875,-5.552299499511719,0.0028863144107162,0.0012482904130592,-0.0001400929613737,0.0016219144454225,0.0001045106982928,-7.002070196904242e-05,0.0020549979526549,354.76816688386646,0.999346948968638,-117.18802358906494,0.427435836897484,0.4279492926698068
BH050,390,2816264,3.90000057220459,0.4566631551304759,7687,4,5,SHELF_NORMAL_Y_POS,-392.1574408023956,-20.81674579952917,689.4337567297406,111.83834838867188,67.25160217285156,30.709278106689453,0.0003527238732203,0.0002994109236169,-2.990100620081648e-05,-9.206144022755323e-05,0.0001356393331661,-0.0004175659269094,0.0005152153316885,111.07864482932662,0.3128975910685257,93.77631510979676,0.036328491578278,0.3571644698394131
BH050,390,2816264,3.90000057220459,0.4566631551304759,6592,3,5,SHELF_NORMAL_Y_NEG,592.2175591976044,22.738223297176344,4589.433756729741,-90.56903076171876,-28.94265937805176,34.956790924072266,-0.0003734069759957,-0.0004163370176684,0.0003666274715214,2.4110335289151408e-05,-0.0004077263001818,-7.457813626388088e-05,0.0004597895604092,100.42434940084138,0.2828854912699757,1.357994914004054,0.0258382561390643,0.379364011692263
BH050,390,2816264,3.90000057220459,0.4566631551304759,7690,1,1,SHELF_NORMAL_Y_POS,-310.96755919760443,-21.386331148337096,539.4337567297406,-31.21341896057129,-119.86476135253906,-134.6044464111328,-1.0526694495638368e-05,-0.0007791548268869,-0.0020475557539612,-3.3639083994785324e-05,-0.0002427382278256,-0.0003488196525722,0.0003835926472675,256.8180688805719,0.723431179945273,71.02666461609164,0.1461054715256873,0.3553389779109036
BH050,390,2816264,3.90000057220459,0.4566631551304759,8803,2,1,SHELF_NORMAL_Y_NEG,1246.8452994616207,24.99568236389409,4860.566243270259,-34.780792236328125,-47.96955490112305,28.09644317626953,-0.0043395846150815,-0.0013031269190832,0.0012674374738708,-0.004240630660206,-0.0011209420626983,0.0009127901284955,0.0057617402635514,64.88908183034657,0.1827861460009762,-0.0099906092483718,0.0110720600620705,0.4218543590981223
BH050,391,2824653,3.910001039505005,0.4562711358857251,5809,3,5,SIDE_NORMAL_X_POS,-1250.0,-24.15470053837925,439.4337567297406,98.94515991210938,-395.206787109375,-81.2763442993164,0.2698763310909271,-0.4162846803665161,0.0439463928341865,0.2688194513320923,-0.4142251312732696,0.0449726767838001,0.509638249874115,474.2361019831988,1.3358763436146444,3.2522891242707703,0.5004396940306607,0.5385553506579153
BH050,391,2824653,3.910001039505005,0.4562711358857251,8857,1,1,SHELF_NORMAL_Y_NEG,1246.8452994616207,25.009422437046773,2189.4337567297407,-200.70753479003903,-264.8038635253906,-146.99478149414062,0.0002976916148327,-0.0068049258552491,-0.0061443950980901,0.0008862560498528,-0.0058115487918257,-0.0042892997153103,0.0071842125616967,349.3978640002537,0.9842193352119823,-0.0279789320789886,0.3269388125527612,0.3619825278703239
BH050,391,2824653,3.910001039505005,0.4562711358857251,7318,1,1,SHELF_NORMAL_Y_NEG,-29.717559197604437,30.49643744586834,860.5662432702593,363.4757080078125,345.1541748046875,-5.621276378631592,0.0028877407312393,0.0012524945195764,-0.0001412112906109,0.0016247567255049,0.0001069413046934,-7.026884850347415e-05,0.0020602783188223,354.80365398664395,0.9994469126384335,-117.350782338531,0.4275373225251239,0.4279492926698068
BH050,391,2824653,3.910001039505005,0.4562711358857251,7687,4,5,SHELF_NORMAL_Y_POS,-392.1574408023956,-20.81674579952917,689.4337567297406,111.5088348388672,65.43882751464844,30.77105712890625,0.0003537661395967,0.0002910876646637,-2.9121621992089786e-05,-9.206144022755323e-05,0.0001356393331661,-0.0004175659269094,0.0005152153316885,110.7250055530586,0.3119014240931228,93.91861154369658,0.035916377200943,0.3571644698394131
BH050,391,2824653,3.910001039505005,0.4562711358857251,6592,3,5,SHELF_NORMAL_Y_NEG,592.2175591976044,22.738223297176344,4589.433756729741,-88.92867279052734,-28.08669090270996,35.648529052734375,-0.0003666888806037,-0.0004145706188865,0.0003753572236746,2.4110335289151408e-05,-0.0004077263001818,-7.457813626388088e-05,0.0004597895604092,100.05954115407592,0.2818578624058477,1.373014119052043,0.025493107169603,0.379364011692263
BH050,391,2824653,3.910001039505005,0.4562711358857251,7690,1,1,SHELF_NORMAL_Y_POS,-310.96755919760443,-21.386331148337096,539.4337567297406,-30.265066146850582,-118.99401092529295,-134.3895263671875,-7.191584245447302e-06,-0.0007763079483993,-0.0020448439754545,-3.3639083994785324e-05,-0.0002427382278256,-0.0003488196525722,0.0003835926472675,256.23391977804164,0.7217856895156103,71.13609744712919,0.1452983243435283,0.3553389779109036
BH050,391,2824653,3.910001039505005,0.4562711358857251,8803,2,1,SHELF_NORMAL_Y_NEG,1246.8452994616207,24.99568236389409,4860.566243270259,-34.166160583496094,-47.78825759887695,29.89803695678711,-0.0043368563055992,-0.0013031375128775,0.0012901795562356,-0.004240630660206,-0.0011209420626983,0.0009127901284955,0.0057617402635514,67.08189511211933,0.1889630848228713,-0.0100476703164074,0.0116380554363017,0.4218543590981223
BH050,392,2833041,3.920000314712525,0.4554769830207733,5809,3,5,SIDE_NORMAL_X_POS,-1250.0,-24.15470053837925,439.4337567297406,110.6943130493164,-403.7124938964844,21.99364852905273,0.2704164087772369,-0.4170345366001129,0.0451593846082687,0.2692902088165283,-0.4149163365364074,0.0448824055492877,0.5103861689567566,470.50701118871245,1.3253718625034154,3.262384779843332,0.4924349472065625,0.5385553506579153
BH050,392,2833041,3.920000314712525,0.4554769830207733,8857,1,1,SHELF_NORMAL_Y_NEG,1246.8452994616207,25.009422437046773,2189.4337567297407,-203.8079376220703,-267.9385681152344,-147.12786865234375,0.0002804377872962,-0.0068306415341794,-0.0061872727237641,0.000879491737578,-0.0058265561237931,-0.0043305158615112,0.0072168153710663,351.65405435878483,0.9905748010106616,-0.0279018017860544,0.332157463009413,0.3619825278703239
BH050,392,2833041,3.920000314712525,0.4554769830207733,7318,1,1,SHELF_NORMAL_Y_NEG,-29.717559197604437,30.49643744586834,860.5662432702593,363.0835571289063,345.2411804199219,-5.482608795166016,0.0028874953277409,0.0012550167739391,-0.000139617579407,0.0016265338053926,0.0001084694158635,-7.042505603749305e-05,0.0020635884720832,354.6264559483338,0.9989477632347432,-117.51472500547816,0.4271355362749659,0.4279492926698068
BH050,392,2833041,3.920000314712525,0.4554769830207733,7687,4,5,SHELF_NORMAL_Y_POS,-392.1574408023956,-20.81674579952917,689.4337567297406,111.80479431152344,66.17637634277344,31.419925689697266,0.0003541316254995,0.0002942362916655,-2.093231523758732e-05,-9.206144022755323e-05,0.0001356393331661,-0.0004175659269094,0.0005152153316885,111.5456133725347,0.3142129954155907,94.05906810691316,0.0364191636234589,0.3571644698394131
BH050,392,2833041,3.920000314712525,0.4554769830207733,6592,3,5,SHELF_NORMAL_Y_NEG,592.2175591976044,22.738223297176344,4589.433756729741,-90.20515441894533,-28.74614715576172,35.024147033691406,-0.000371926696971,-0.0004159120726399,0.0003674795734696,2.4110335289151408e-05,-0.0004077263001818,-7.457813626388088e-05,0.0004597895604092,100.25134833619032,0.2823981643272967,1.3662473082445186,0.0257220106858322,0.379364011692263
BH050,392,2833041,3.920000314712525,0.4554769830207733,7690,1,1,SHELF_NORMAL_Y_POS,-310.96755919760443,-21.386331148337096,539.4337567297406,-30.127260208129883,-119.13917541503906,-134.18453979492188,-6.311567176453536e-06,-0.0007772119133733,-0.0020422553643584,-3.3639083994785324e-05,-0.0002427382278256,-0.0003488196525722,0.0003835926472675,255.9861913217934,0.7210878628782913,71.24553162977021,0.1450318086477018,0.3553389779109036
BH050,392,2833041,3.920000314712525,0.4554769830207733,8803,2,1,SHELF_NORMAL_Y_NEG,1246.8452994616207,24.99568236389409,4860.566243270259,-32.72642517089844,-46.61982345581055,30.985918045043945,-0.0043315775692462,-0.0012995534343644,0.0013039067853242,-0.004240630660206,-0.0011209420626983,0.0009127901284955,0.0057617402635514,67.81672382969276,0.1910330248723739,-0.009905331565463,0.0117103232433862,0.4218543590981223
BH050,393,2841430,3.93000078201294,0.4553705686004187,5809,3,5,SIDE_NORMAL_X_POS,-1250.0,-24.15470053837925,439.4337567297406,101.55593872070312,-395.3150939941406,-67.6966552734375,0.2708267867565155,-0.4176670014858246,0.0438864044845104,0.2697565257549286,-0.4156030118465423,0.0447416417300701,0.5111303329467773,469.5558956031852,1.3226926636709442,3.2725249600840174,0.4907902498423395,0.5385553506579153
BH050,393,2841430,3.93000078201294,0.4553705686004187,8857,1,1,SHELF_NORMAL_Y_NEG,1246.8452994616207,25.009422437046773,2189.4337567297407,-203.0414581298828,-269.5205993652344,-146.9568328857422,0.0002780264476314,-0.0068589346483349,-0.006237463094294,0.0008710625697858,-0.0058460640721023,-0.0043828720226883,0.0072584715671837,352.0401453044395,0.991662381139266,-0.0278536925844799,0.3329761096251894,0.3619825278703239
BH050,393,2841430,3.93000078201294,0.4553705686004187,7318,1,1,SHELF_NORMAL_Y_NEG,-29.717559197604437,30.49643744586834,860.5662432702593,362.7437744140625,345.5980834960937,-5.642691612243652,0.0028881595935672,0.001259691431187,-0.0001418863103026,0.0016293656080961,0.0001109125514631,-7.067325350362808e-05,0.0020688693039119,354.6167619566037,0.9989204562157852,-117.66681086955768,0.4271303303124431,0.4279492926698068
BH050,393,2841430,3.93000078201294,0.4553705686004187,7687,4,5,SHELF_NORMAL_Y_POS,-392.1574408023956,-20.81674579952917,689.4337567297406,111.7668228149414,64.71456909179688,31.48675346374512,0.0003560776240192,0.0002871942706406,-2.008875344472472e-05,-9.206144022755323e-05,0.0001356393331661,-0.0004175659269094,0.0005152153316885,111.45000353842664,0.3139436719392299,94.1941016153047,0.0362021195560044,0.3571644698394131
BH050,393,2841430,3.93000078201294,0.4553705686004187,6592,3,5,SHELF_NORMAL_Y_NEG,592.2175591976044,22.738223297176344,4589.433756729741,-88.9500503540039,-27.537084579467773,35.16033172607422,-0.0003675950574688,-0.0004118704528082,0.0003691964666359,2.4110335289151408e-05,-0.0004077263001818,-7.457813626388088e-05,0.0004597895604092,99.64800151750768,0.2806985958239653,1.3839033131878855,0.0252804813182159,0.379364011692263
BH050,393,2841430,3.93000078201294,0.4553705686004187,7690,1,1,SHELF_NORMAL_Y_POS,-310.96755919760443,-21.386331148337096,539.4337567297406,-29.613693237304688,-118.68856811523438,-134.00595092773438,-4.475361038203118e-06,-0.0007757719140499,-0.0020399936474859,-3.3639083994785324e-05,-0.0002427382278256,-0.0003488196525722,0.0003835926472675,255.58154243528108,0.7199480068599468,71.34966628268225,0.1445025034969604,0.3553389779109036
BH050,393,2841430,3.93000078201294,0.4553705686004187,8803,2,1,SHELF_NORMAL_Y_NEG,1246.8452994616207,24.99568236389409,4860.566243270259,-33.59952926635742,-48.08935928344727,29.28846740722656,-0.00433368422091,-0.0013054171577095,0.0012824756558984,-0.004240630660206,-0.0011209420626983,0.0009127901284955,0.0057617402635514,66.32629929191918,0.1868346458927301,-0.0099498717711089,0.0114118624441579,0.4218543590981223
BH050,394,2849818,3.940000057220459,0.4552158020351974,5809,3,5,SIDE_NORMAL_X_POS,-1250.0,-24.15470053837925,439.4337567297406,103.57715606689452,-392.5513000488281,-90.911865234375,0.2712922990322113,-0.4183337092399597,0.0434900671243667,0.2702169716358185,-0.4162799119949341,0.0446380749344825,0.5118625164031982,479.87394117573234,1.3517575807767108,3.2811839649527323,0.5105384183621209,0.5385553506579153
BH050,394,2849818,3.940000057220459,0.4552158020351974,8857,1,1,SHELF_NORMAL_Y_NEG,1246.8452994616207,25.009422437046773,2189.4337567297407,-206.26986694335935,-272.74322509765625,-146.73519897460938,0.0002594316611066,-0.006887711584568,-0.0062819030135869,0.0008634465630166,-0.0058639114722609,-0.0044301059097051,0.0072962460108101,353.9365366125124,0.9970043284859504,-0.0277857725359434,0.3377764304618612,0.3619825278703239
BH050,394,2849818,3.940000057220459,0.4552158020351974,7318,1,1,SHELF_NORMAL_Y_NEG,-29.717559197604437,30.49643744586834,860.5662432702593,362.4714050292969,346.0675964355469,-5.543517112731934,0.002888320479542,0.0012642504880204,-0.0001408268144587,0.0016315334942191,0.0001127955983974,-7.086580444592983e-05,0.0020729249808937,354.6842040427261,0.9991104339231722,-117.81252358566744,0.4273204114005915,0.4279492926698068
BH050,394,2849818,3.940000057220459,0.4552158020351974,7687,4,5,SHELF_NORMAL_Y_POS,-392.1574408023956,-20.81674579952917,689.4337567297406,111.68795776367188,63.554290771484375,31.654451370239254,0.0003573834837879,0.0002816775231622,-1.797186996554956e-05,-9.206144022755323e-05,0.0001356393331661,-0.0004175659269094,0.0005152153316885,111.45004134657373,0.3139437784410527,94.3178646640366,0.0360608614298027,0.3571644698394131
BH050,394,2849818,3.940000057220459,0.4552158020351974,6592,3,5,SHELF_NORMAL_Y_NEG,592.2175591976044,22.738223297176344,4589.433756729741,-90.33829498291016,-28.80035781860352,35.28620147705078,-0.0003724936395883,-0.0004159804375376,0.0003707851283252,2.4110335289151408e-05,-0.0004077263001818,-7.457813626388088e-05,0.0004597895604092,100.6182934396404,0.2834318125060293,1.3637300742933571,0.0258913670459788,0.379364011692263
BH050,394,2849818,3.940000057220459,0.4552158020351974,7690,1,1,SHELF_NORMAL_Y_POS,-310.96755919760443,-21.386331148337096,539.4337567297406,-28.67502212524414,-117.92308807373048,-133.87730407714844,-1.0335592151022863e-06,-0.000773424108047,-0.0020383794326335,-3.3639083994785324e-05,-0.0002427382278256,-0.0003488196525722,0.0003835926472675,255.17849062182435,0.7188126496389419,71.44519841418081,0.1439083103817087,0.3553389779109036
BH050,394,2849818,3.940000057220459,0.4552158020351974,8803,2,1,SHELF_NORMAL_Y_NEG,1246.8452994616207,24.99568236389409,4860.566243270259,-31.04808235168457,-46.57572555541992,27.79660987854004,-0.0043234885670244,-0.0013017886085435,0.001263641519472,-0.004240630660206,-0.0011209420626983,0.0009127901284955,0.0057617402635514,63.28624833497317,0.1782711220703469,-0.0099121205984129,0.0103730609679824,0.4218543590981223
BH050,395,2858207,3.950000524520874,0.4546102183358946,5809,3,5,SIDE_NORMAL_X_POS,-1250.0,-24.15470053837925,439.4337567297406,108.73043823242188,-399.3818359375,-17.005998611450195,0.2717859148979187,-0.4190476238727569,0.0443198606371879,0.2706755995750427,-0.4169541597366333,0.0445349998772144,0.5125923156738281,464.3497960426969,1.30802759448647,3.290902799973922,0.4795667247152583,0.5385553506579153
BH050,395,2858207,3.950000524520874,0.4546102183358946,8857,1,1,SHELF_NORMAL_Y_NEG,1246.8452994616207,25.009422437046773,2189.4337567297407,-204.3104553222656,-276.15533447265625,-139.12303161621094,0.0002712219138629,-0.0069137513637542,-0.0062028095126152,0.0008607576601207,-0.0058705219998955,-0.0044470834545791,0.0073099457658827,345.90282242874355,0.9743741476866016,-0.0277379810757923,0.3264073847740898,0.3619825278703239
BH050,395,2858207,3.950000524520874,0.4546102183358946,7318,1,1,SHELF_NORMAL_Y_NEG,-29.717559197604437,30.49643744586834,860.5662432702593,362.50335693359375,346.3851318359375,-5.786431312561035,0.0028907514642924,0.0012681417865678,-0.0001441366039216,0.0016342827584594,0.0001151929827756,-7.110973092494532e-05,0.002078077988699,354.8605622279214,0.9996072175434404,-117.96618299722496,0.4277394788063683,0.4279492926698068
BH050,395,2858207,3.950000524520874,0.4546102183358946,7687,4,5,SHELF_NORMAL_Y_POS,-392.1574408023956,-20.81674579952917,689.4337567297406,112.16184997558594,64.80806732177734,31.730863571166992,0.0003578587784431,0.0002870713651645,-1.7008607755997218e-05,-9.206144022755323e-05,0.0001356393331661,-0.0004175659269094,0.0005152153316885,111.94604309529232,0.3153409664656121,94.44835439682063,0.0364909103262236,0.3571644698394131
BH050,395,2858207,3.950000524520874,0.4546102183358946,6592,3,5,SHELF_NORMAL_Y_NEG,592.2175591976044,22.738223297176344,4589.433756729741,-89.11994934082031,-27.768308639526367,35.08293533325195,-0.0003680832160171,-0.0004127434222027,0.0003682211972773,2.4110335289151408e-05,-0.0004077263001818,-7.457813626388088e-05,0.0004597895604092,99.65526143042791,0.2807190462828955,1.3818348795666824,0.0253138346567897,0.379364011692263
BH050,395,2858207,3.950000524520874,0.4546102183358946,7690,1,1,SHELF_NORMAL_Y_POS,-310.96755919760443,-21.386331148337096,539.4337567297406,-28.09878158569336,-117.01669311523438,-133.97622680664062,4.434771199157695e-07,-0.0007698615081608,-0.0020396246109157,-3.3639083994785324e-05,-0.0002427382278256,-0.0003488196525722,0.0003835926472675,255.0358985329979,0.7184109817830926,71.54443497576446,0.1436146701624073,0.3553389779109036
BH050,395,2858207,3.950000524520874,0.4546102183358946,8803,2,1,SHELF_NORMAL_Y_NEG,1246.8452994616207,24.99568236389409,4860.566243270259,-31.57636260986328,-46.32886505126953,27.864669799804688,-0.0043264222331345,-0.0012998185120522,0.0012644965900108,-0.004240630660206,-0.0011209420626983,0.0009127901284955,0.0057617402635514,63.32339883173082,0.1783757713569882,-0.009895236155687,0.0103971975418642,0.4218543590981223
BH050,396,2866596,3.960000991821289,0.4539110725059565,5809,3,5,SIDE_NORMAL_X_POS,-1250.0,-24.15470053837925,439.4337567297406,101.2696304321289,-391.7397766113281,-105.82376861572266,0.2721921503543854,-0.4196677803993225,0.0431022495031356,0.2711298763751983,-0.4176208674907684,0.0444384291768074,0.5133130550384521,486.8089389508467,1.371292785777033,3.300850397613929,0.5250205091523393,0.5385553506579153
BH050,396,2866596,3.960000991821289,0.4539110725059565,8857,1,1,SHELF_NORMAL_Y_NEG,1246.8452994616207,25.009422437046773,2189.4337567297407,-209.23004150390625,-280.3276062011719,-124.03388214111328,0.0002506193413864,-0.0069337808527052,-0.0060297837480902,0.0008579636341892,-0.0058774766512215,-0.0044644880108535,0.0073241516947746,331.45291089841174,0.9336701715448218,-0.0276806569651058,0.3086743178219872,0.3619825278703239
BH050,396,2866596,3.960000991821289,0.4539110725059565,7318,1,1,SHELF_NORMAL_Y_NEG,-29.717559197604437,30.49643744586834,860.5662432702593,362.1797790527344,346.7977905273437,-5.589902877807617,0.0028912948910146,0.001272972789593,-0.0001419001928297,0.0016369965160265,0.0001175695942947,-7.135406485758722e-05,0.0020831746514886,354.8710945719798,0.9996368861182532,-118.12055900175407,0.4277889981336691,0.4279492926698068
BH050,396,2866596,3.960000991821289,0.4539110725059565,7687,4,5,SHELF_NORMAL_Y_POS,-392.1574408023956,-20.81674579952917,689.4337567297406,112.25138854980467,64.27430725097656,32.09141159057617,0.0003590738633647,0.0002843507973011,-1.245783187187044e-05,-9.206144022755323e-05,0.0001356393331661,-0.0004175659269094,0.0005152153316885,112.27758752565252,0.3162748944384578,94.57869927775135,0.036596800475502,0.3571644698394131
BH050,396,2866596,3.960000991821289,0.4539110725059565,6592,3,5,SHELF_NORMAL_Y_NEG,592.2175591976044,22.738223297176344,4589.433756729741,-89.26828002929688,-27.79569625854492,35.23053741455078,-0.0003687622665893,-0.0004126607382204,0.0003700845991261,2.4110335289151408e-05,-0.0004077263001818,-7.457813626388088e-05,0.0004597895604092,99.91859112409148,0.2814608200678633,1.3753250294257937,0.0254376185640729,0.379364011692263
BH050,396,2866596,3.960000991821289,0.4539110725059565,7690,1,1,SHELF_NORMAL_Y_POS,-310.96755919760443,-21.386331148337096,539.4337567297406,-27.870508193969727,-116.98141479492188,-133.89126586914062,1.4998079223005334e-06,-0.0007700234418734,-0.002038566628471,-3.3639083994785324e-05,-0.0002427382278256,-0.0003488196525722,0.0003835926472675,254.91508072876024,0.7180706499401697,71.64320450216786,0.1434623844799306,0.3553389779109036
BH050,396,2866596,3.960000991821289,0.4539110725059565,8803,2,1,SHELF_NORMAL_Y_NEG,1246.8452994616207,24.99568236389409,4860.566243270259,-32.31938171386719,-46.57095718383789,25.76066398620605,-0.00432965811342,-0.0012999132741242,0.001237939344719,-0.004240630660206,-0.0011209420626983,0.0009127901284955,0.0057617402635514,60.820123087770334,0.1713242903880854,-0.0098876396359319,0.0097928435201667,0.4218543590981223
BH050,397,2874984,3.9700002670288086,0.4537985405181429,5809,3,5,SIDE_NORMAL_X_POS,-1250.0,-24.15470053837925,439.4337567297406,111.75225830078124,-407.4043884277344,50.42092514038086,0.2727141380310058,-0.4204185605049133,0.0449787825345993,0.2715796232223511,-0.4182808995246887,0.0443428754806518,0.5140261650085449,481.2713085879777,1.355693827008388,3.310432320770756,0.5142219219392316,0.5385553506579153
BH050,397,2874984,3.9700002670288086,0.4537985405181429,8857,1,1,SHELF_NORMAL_Y_NEG,1246.8452994616207,25.009422437046773,2189.4337567297407,-208.3173675537109,-282.94342041015625,-112.45013427734376,0.0002574590616859,-0.0069514331407845,-0.0058925040066242,0.0008565613534301,-0.0058810980990529,-0.0044734273105859,0.0073314672335982,320.07213931924406,0.9016116600542086,-0.0276333388548149,0.2936187380830149,0.3619825278703239
BH050,397,2874984,3.9700002670288086,0.4537985405181429,7318,1,1,SHELF_NORMAL_Y_NEG,-29.717559197604437,30.49643744586834,860.5662432702593,362.0054321289063,346.70977783203125,-5.678832054138184,0.0028925752267241,0.0012745626736432,-0.0001432030258001,0.0016389997908845,0.0001193310454254,-7.15345231583342e-05,0.0020869437139481,354.74149375040463,0.9992718133814216,-118.27090346160102,0.4274739066704701,0.4279492926698068
BH050,397,2874984,3.9700002670288086,0.4537985405181429,7687,4,5,SHELF_NORMAL_Y_POS,-392.1574408023956,-20.81674579952917,689.4337567297406,112.47437286376952,64.45487213134766,31.99197578430176,0.0003598918847274,0.0002849020820576,-1.371274902339792e-05,-9.206144022755323e-05,0.0001356393331661,-0.0004175659269094,0.0005152153316885,112.36482241043636,0.3165206265082714,94.70760434798804,0.0366839751627689,0.3571644698394131
BH050,397,2874984,3.9700002670288086,0.4537985405181429,6592,3,5,SHELF_NORMAL_Y_NEG,592.2175591976044,22.738223297176344,4589.433756729741,-89.7785415649414,-28.06172561645508,34.78147888183594,-0.0003708506410475,-0.0004132098401896,0.0003644156386144,2.4110335289151408e-05,-0.0004077263001818,-7.457813626388088e-05,0.0004597895604092,99.78757432708257,0.2810917586678382,1.3751064713397425,0.0254414696870995,0.379364011692263
BH050,397,2874984,3.9700002670288086,0.4537985405181429,7690,1,1,SHELF_NORMAL_Y_POS,-310.96755919760443,-21.386331148337096,539.4337567297406,-27.23200416564941,-115.82777404785156,-133.71255493164062,2.9199338769103637e-06,-0.0007653527427464,-0.0020363102667033,-3.3639083994785324e-05,-0.0002427382278256,-0.0003488196525722,0.0003835926472675,254.24510792821587,0.7161834026146926,71.74472464014376,0.1425777306939852,0.3553389779109036
BH050,397,2874984,3.9700002670288086,0.4537985405181429,8803,2,1,SHELF_NORMAL_Y_NEG,1246.8452994616207,24.99568236389409,4860.566243270259,-28.224834442138672,-45.60301208496094,24.56180000305176,-0.0043111965060234,-0.001301179989241,0.0012228082632645,-0.004240630660206,-0.0011209420626983,0.0009127901284955,0.0057617402635514,58.30081116516389,0.1642276370849687,-0.0098884540821722,0.0089118055204488,0.4218543590981223
BH050,398,2883373,3.980000734329224,0.45343637764949,5809,3,5,SIDE_NORMAL_X_POS,-1250.0,-24.15470053837925,439.4337567297406,100.4613800048828,-390.9902648925781,-105.04241180419922,0.2730858922004699,-0.4209825098514557,0.0429086945950984,0.2720299363136291,-0.4189418256282806,0.044235061854124,0.5147402882575989,485.12578010838166,1.366551493263047,3.3197479899884854,0.5209138932201312,0.5385553506579153
BH050,398,2883373,3.980000734329224,0.45343637764949,8857,1,1,SHELF_NORMAL_Y_NEG,1246.8452994616207,25.009422437046773,2189.4337567297407,-206.45831298828125,-286.1235656738281,-110.53831481933594,0.0002709268301259,-0.0069700544700026,-0.0058694807812571,0.0008563798037357,-0.0058815609663724,-0.004474529530853,0.0073323873803019,319.4922507510286,0.8999781711296581,-0.0275471858203395,0.2932660701635703,0.3619825278703239
BH050,398,2883373,3.980000734329224,0.45343637764949,7318,1,1,SHELF_NORMAL_Y_NEG,-29.717559197604437,30.49643744586834,860.5662432702593,361.7544860839844,346.7100830078125,-5.621087074279785,0.0028939286712557,0.0012771871406584,-0.0001427052193321,0.001641567563638,0.0001215939046232,-7.176582585088909e-05,0.0020917796064168,354.6054875805435,0.9988886974099818,-118.41645637335864,0.427155422853104,0.4279492926698068
BH050,398,2883373,3.980000734329224,0.45343637764949,7687,4,5,SHELF_NORMAL_Y_POS,-392.1574408023956,-20.81674579952917,689.4337567297406,112.78694915771484,64.15283966064453,32.298179626464844,0.0003618482442107,0.0002829806762747,-9.847773071669508e-06,-9.206144022755323e-05,0.0001356393331661,-0.0004175659269094,0.0005152153316885,112.82906049972826,0.3178283394358542,94.83246176168235,0.0369049229868898,0.3571644698394131
BH050,398,2883373,3.980000734329224,0.45343637764949,6592,3,5,SHELF_NORMAL_Y_NEG,592.2175591976044,22.738223297176344,4589.433756729741,-89.34779357910156,-28.58747291564941,35.552982330322266,-0.0003679940709844,-0.0004163887060713,0.000374150724383,2.4110335289151408e-05,-0.0004077263001818,-7.457813626388088e-05,0.0004597895604092,100.19025827834636,0.2822260796573137,1.3699770463535297,0.0256180241574871,0.379364011692263
BH050,398,2883373,3.980000734329224,0.45343637764949,7690,1,1,SHELF_NORMAL_Y_POS,-310.96755919760443,-21.386331148337096,539.4337567297406,-26.93441772460937,-116.45924377441406,-133.38636779785156,5.284307007968891e-06,-0.0007688492187298,-0.0020321884658187,-3.3639083994785324e-05,-0.0002427382278256,-0.0003488196525722,0.0003835926472675,254.02209695589707,0.7155552026926678,71.84055697716894,0.1423693942796826,0.3553389779109036
BH050,398,2883373,3.980000734329224,0.45343637764949,8803,2,1,SHELF_NORMAL_Y_NEG,1246.8452994616207,24.99568236389409,4860.566243270259,-29.11297035217285,-45.50773620605469,23.99712562561035,-0.0043156393803656,-0.0012994265416637,0.0012156796874478,-0.004240630660206,-0.0011209420626983,0.0009127901284955,0.0057617402635514,57.63019900398538,0.1623385887436207,-0.0098692872952294,0.0087861809812444,0.4218543590981223
BH050,399,2891761,3.990000009536743,0.4529667774034708,5809,3,5,SIDE_NORMAL_X_POS,-1250.0,-24.15470053837925,439.4337567297406,108.98192596435548,-399.2160339355469,-12.352635383605955,0.2735787630081177,-0.4216795563697815,0.0439703129231929,0.2724697887897491,-0.4195869266986847,0.0441267043352127,0.515437126159668,463.9133507402393,1.3067981710992658,3.328335350076632,0.4782233113293451,0.5385553506579153
BH050,399,2891761,3.990000009536743,0.4529667774034708,8857,1,1,SHELF_NORMAL_Y_NEG,1246.8452994616207,25.009422437046773,2189.4337567297407,-209.48301696777344,-289.8858337402344,-125.5268325805664,0.0002616275742184,-0.0069841803051531,-0.0060592554509639,0.0008562857401557,-0.0058818245306611,-0.0044751316308975,0.0073328954167664,338.3219311043805,0.9530195242376917,-0.0275399655933647,0.3214990389947753,0.3619825278703239
BH050,399,2891761,3.990000009536743,0.4529667774034708,7318,1,1,SHELF_NORMAL_Y_NEG,-29.717559197604437,30.49643744586834,860.5662432702593,361.8127746582031,347.1464233398437,-5.604335784912109,0.0028949165716767,0.0012804029975086,-0.0001426150265615,0.0016429125098511,0.0001227820175699,-7.18872033758089e-05,0.0020943148992955,354.839876903687,0.9995489490244704,-118.55652521656734,0.4277283324998507,0.4279492926698068
BH050,399,2891761,3.990000009536743,0.4529667774034708,7687,4,5,SHELF_NORMAL_Y_POS,-392.1574408023956,-20.81674579952917,689.4337567297406,112.55722045898438,63.60334014892578,32.556602478027344,0.0003615345340222,0.0002806473348755,-6.585064056707779e-06,-9.206144022755323e-05,0.0001356393331661,-0.0004175659269094,0.0005152153316885,112.85076282958322,0.3178894727593893,94.94844498486232,0.0368262917890137,0.3571644698394131
BH050,399,2891761,3.990000009536743,0.4529667774034708,6592,3,5,SHELF_NORMAL_Y_NEG,592.2175591976044,22.738223297176344,4589.433756729741,-89.62773895263672,-27.831043243408203,34.55241775512695,-0.0003704525588545,-0.0004123103281017,0.0003615207970142,2.4110335289151408e-05,-0.0004077263001818,-7.457813626388088e-05,0.0004597895604092,99.47298023761606,0.2802055781341297,1.3800499183304744,0.025280263520122,0.379364011692263
BH050,399,2891761,3.990000009536743,0.4529667774034708,7690,1,1,SHELF_NORMAL_Y_POS,-310.96755919760443,-21.386331148337096,539.4337567297406,-26.49430084228516,-115.83193969726562,-133.4320526123047,6.506918907689396e-06,-0.000766443379689,-0.0020327717065811,-3.3639083994785324e-05,-0.0002427382278256,-0.0003488196525722,0.0003835926472675,253.8945410336076,0.7151958902355142,71.92889292301075,0.1421351407293243,0.3553389779109036
BH050,399,2891761,3.990000009536743,0.4529667774034708,8803,2,1,SHELF_NORMAL_Y_NEG,1246.8452994616207,24.99568236389409,4860.566243270259,-30.062593460083008,-45.55082321166992,26.132381439208984,-0.0043201893568038,-0.0012982505140826,0.0012426283210515,-0.004240630660206,-0.0011209420626983,0.0009127901284955,0.0057617402635514,60.48111457203339,0.1703693368226292,-0.0098863616068226,0.0095427080465955,0.4218543590981223
BH050,400,2900150,4.000000476837158,0.4528474648505039,5809,3,5,SIDE_NORMAL_X_POS,-1250.0,-24.15470053837925,439.4337567297406,109.8578109741211,-396.7144470214844,-39.96562576293945,0.2740230858325958,-0.4223179817199707,0.0435324572026729,0.2729134559631347,-0.4202360808849334,0.044037114828825,0.5161374807357788,466.7172865526271,1.3146965818383862,3.337967400738,0.4831541753252772,0.5385553506579153
BH050,400,2900150,4.000000476837158,0.4528474648505039,8857,1,1,SHELF_NORMAL_Y_NEG,1246.8452994616207,25.009422437046773,2189.4337567297407,-206.95098876953125,-292.05279541015625,-134.8445587158203,0.0002762170915957,-0.0070008104667067,-0.0061823441646993,0.0008554285741411,-0.0058842753060162,-0.0044806338846683,0.0073375734500586,349.61707241255925,0.98483682369735,-0.0274418410437344,0.3377153762275711,0.3619825278703239
BH050,400,2900150,4.000000476837158,0.4528474648505039,7318,1,1,SHELF_NORMAL_Y_NEG,-29.717559197604437,30.49643744586834,860.5662432702593,361.4604187011719,347.042236328125,-5.547640323638916,0.0028955764137208,0.00128239847254,-0.0001420990447513,0.0016451446572318,0.0001247601612703,-7.208695751614869e-05,0.0020985305309295,354.6015298508721,0.998877548875696,-118.69064884320277,0.427161402358287,0.4279492926698068
BH050,400,2900150,4.000000476837158,0.4528474648505039,7687,4,5,SHELF_NORMAL_Y_POS,-392.1574408023956,-20.81674579952917,689.4337567297406,112.75983428955078,62.976348876953125,32.87342834472656,0.0003634312597569,0.0002773103187792,-2.5856413685687585e-06,-9.206144022755323e-05,0.0001356393331661,-0.0004175659269094,0.0005152153316885,113.2324377409588,0.3189646133548135,95.06668627441849,0.0369594957540954,0.3571644698394131
BH050,400,2900150,4.000000476837158,0.4528474648505039,6592,3,5,SHELF_NORMAL_Y_NEG,592.2175591976044,22.738223297176344,4589.433756729741,-89.02772521972656,-27.90534782409668,35.2654914855957,-0.0003674304462037,-0.0004135432245675,0.0003705205162987,2.4110335289151408e-05,-0.0004077263001818,-7.457813626388088e-05,0.0004597895604092,99.75599894693175,0.281002813935019,1.377264452016212,0.0253588310972408,0.379364011692263
BH050,400,2900150,4.000000476837158,0.4528474648505039,7690,1,1,SHELF_NORMAL_Y_POS,-310.96755919760443,-21.386331148337096,539.4337567297406,-25.653099060058597,-114.9049301147461,-133.28945922851562,9.240700819646008e-06,-0.0007631659391336,-0.0020309798419475,-3.3639083994785324e-05,-0.0002427382278256,-0.0003488196525722,0.0003835926472675,253.4004670982821,0.7138041326712172,72.01794538614561,0.1414468663252991,0.3553389779109036
BH050,400,2900150,4.000000476837158,0.4528474648505039,8803,2,1,SHELF_NORMAL_Y_NEG,1246.8452994616207,24.99568236389409,4860.566243270259,-28.250112533569336,-45.61051559448242,27.835887908935547,-0.0043112994171679,-0.0013011782430112,0.0012641191715374,-0.004240630660206,-0.0011209420626983,0.0009127901284955,0.0057617402635514,62.565132140291055,0.1762398088458903,-0.0098928416538999,0.0099969567692707,0.4218543590981223
BH050,401,2910636,4.010000705718994,0.4524250741493269,5809,3,5,SIDE_NORMAL_X_POS,-1250.0,-24.15470053837925,439.4337567297406,119.41559600830078,-405.8041076660156,64.96879577636719,0.2746259272098541,-0.4231725335121155,0.0447365008294582,0.2734573185443878,-0.4210318624973297,0.0439165756106376,0.5169963836669922,489.9583972360069,1.3801644992563575,3.347431664330068,0.5299917819115834,0.5385553506579153
BH050,401,2910636,4.010000705718994,0.4524250741493269,8857,1,1,SHELF_NORMAL_Y_NEG,1246.8452994616207,25.009422437046773,2189.4337567297407,-210.4591217041016,-295.5330505371094,-108.50809478759766,0.0002637670841068,-0.0070140706375241,-0.0058531481772661,0.0008549439371563,-0.0058857589028775,-0.0044838576577603,0.0073403432033956,323.66219970975976,0.9117245062246754,-0.0273112877070385,0.3032310146899944,0.3619825278703239
BH050,401,2910636,4.010000705718994,0.4524250741493269,7318,1,1,SHELF_NORMAL_Y_NEG,-29.717559197604437,30.49643744586834,860.5662432702593,361.5745239257813,347.5450744628906,-5.574588298797607,0.0028971787542104,0.0012862650910392,-0.0001425999653292,0.0016469224356114,0.0001263397571165,-7.224854925880209e-05,0.0021018909756094,354.89927923004427,0.9997162795212514,-118.85429537465464,0.4278939517077019,0.4279492926698068
BH050,401,2910636,4.010000705718994,0.4524250741493269,7687,4,5,SHELF_NORMAL_Y_POS,-392.1574408023956,-20.81674579952917,689.4337567297406,113.1776885986328,63.00935745239258,33.01582336425781,0.0003654111060313,0.0002768626436591,-7.881508281570859e-07,-9.206144022755323e-05,0.0001356393331661,-0.0004175659269094,0.0005152153316885,113.65847378794624,0.3201647148956232,95.20268266857542,0.0372141180651434,0.3571644698394131
BH050,401,2910636,4.010000705718994,0.4524250741493269,6592,3,5,SHELF_NORMAL_Y_NEG,592.2175591976044,22.738223297176344,4589.433756729741,-89.12391662597656,-27.725547790527344,35.25879669189453,-0.0003681616508401,-0.0004125288105569,0.000370431371266,2.4110335289151408e-05,-0.0004077263001818,-7.457813626388088e-05,0.0004597895604092,99.8514763928276,0.2812717644868383,1.3797566751522683,0.0253926036961622,0.379364011692263
BH050,401,2910636,4.010000705718994,0.4524250741493269,7690,1,1,SHELF_NORMAL_Y_POS,-310.96755919760443,-21.386331148337096,539.4337567297406,-25.50683212280273,-115.32394409179688,-133.4015350341797,1.0561552699073218e-05,-0.0007654148503206,-0.0020323959179222,-3.3639083994785324e-05,-0.0002427382278256,-0.0003488196525722,0.0003835926472675,253.7647941156657,0.7148304059596217,72.11939804792655,0.1418607827018231,0.3553389779109036
BH050,401,2910636,4.010000705718994,0.4524250741493269,8803,2,1,SHELF_NORMAL_Y_NEG,1246.8452994616207,24.99568236389409,4860.566243270259,-32.84555435180664,-46.9266471862793,23.00825881958008,-0.0043316935189068,-0.0013008741661906,0.0012031897203996,-0.004240630660206,-0.0011209420626983,0.0009127901284955,0.0057617402635514,57.68664349608479,0.1624975873129149,-0.009843613482409,0.0090566720790221,0.4218543590981223
BH050,402,2921121,4.019999980926514,0.4516878904173404,5809,3,5,SIDE_NORMAL_X_POS,-1250.0,-24.15470053837925,439.4337567297406,119.08499145507812,-406.0275573730469,65.08609771728516,0.2751648426055908,-0.4239630699157715,0.0446348004043102,0.2739987373352051,-0.4218216240406036,0.0438131503760814,0.5178486108779907,490.0000011068025,1.3802816932585986,3.3590582651512837,0.5301205374357616,0.5385553506579153
BH050,402,2921121,4.019999980926514,0.4516878904173404,8857,1,1,SHELF_NORMAL_Y_NEG,1246.8452994616207,25.009422437046773,2189.4337567297407,-208.3241729736328,-297.3516845703125,-108.4953384399414,0.0002765369135886,-0.0070267557166516,-0.0058546056970953,0.0008547055767849,-0.0058865053579211,-0.004485469777137,0.0073417294770479,324.3226125035319,0.913584823953611,-0.0271927284635155,0.304030047126126,0.3619825278703239
BH050,402,2921121,4.019999980926514,0.4516878904173404,7318,1,1,SHELF_NORMAL_Y_NEG,-29.717559197604437,30.49643744586834,860.5662432702593,361.277099609375,347.53033447265625,-5.6324076652526855,0.0028989589773118,0.0012894831597805,-0.000143619661685,0.0016501246718689,0.0001291903317905,-7.253789226524532e-05,0.0021079496946185,354.7377860682509,0.9992613692063406,-119.021989967663,0.4275114692894118,0.4279492926698068
BH050,402,2921121,4.019999980926514,0.4516878904173404,7687,4,5,SHELF_NORMAL_Y_POS,-392.1574408023956,-20.81674579952917,689.4337567297406,113.2085418701172,62.82136154174805,33.195884704589844,0.0003658328787423,0.0002759052149485,1.4834884041192709e-06,-9.206144022755323e-05,0.0001356393331661,-0.0004175659269094,0.0005152153316885,113.82742623744775,0.3206406372885852,95.34949231561124,0.0372768023887763,0.3571644698394131
BH050,402,2921121,4.019999980926514,0.4516878904173404,6592,3,5,SHELF_NORMAL_Y_NEG,592.2175591976044,22.738223297176344,4589.433756729741,-90.1521453857422,-28.22272109985352,34.9041748046875,-0.0003724284179043,-0.0004134434275329,0.0003659599751699,2.4110335289151408e-05,-0.0004077263001818,-7.457813626388088e-05,0.0004597895604092,100.17233502592126,0.2821755916223134,1.3804122532003935,0.0256438019665093,0.379364011692263
BH050,402,2921121,4.019999980926514,0.4516878904173404,7690,1,1,SHELF_NORMAL_Y_POS,-310.96755919760443,-21.386331148337096,539.4337567297406,-24.34861183166504,-113.80677032470705,-133.1182403564453,1.397471260133898e-05,-0.0007597357616759,-0.0020288259256631,-3.3639083994785324e-05,-0.0002427382278256,-0.0003488196525722,0.0003835926472675,252.85410169148332,0.712265075187277,72.23292451725308,0.1406494622745437,0.3553389779109036
BH050,402,2921121,4.019999980926514,0.4516878904173404,8803,2,1,SHELF_NORMAL_Y_NEG,1246.8452994616207,24.99568236389409,4860.566243270259,-28.6716251373291,-45.40238952636719,26.286457061767575,-0.0043136556632816,-0.0012995616998523,0.0012445653555914,-0.004240630660206,-0.0011209420626983,0.0009127901284955,0.0057617402635514,60.453389023783885,0.1702912366867151,-0.0098464598832222,0.0094612886619929,0.4218543590981223
BH050,403,2931607,4.03000020980835,0.4509807248972471,5809,3,5,SIDE_NORMAL_X_POS,-1250.0,-24.15470053837925,439.4337567297406,115.6148910522461,-401.4211120605469,16.19321632385254,0.2756813466548919,-0.4247232377529144,0.0438828617334365,0.2745382189750671,-0.4226095080375671,0.0436782874166965,0.5186996459960938,470.8530887045701,1.3263467287452675,3.3697440066869238,0.4911723832426418,0.5385553506579153
BH050,403,2931607,4.03000020980835,0.4509807248972471,8857,1,1,SHELF_NORMAL_Y_NEG,1246.8452994616207,25.009422437046773,2189.4337567297407,-209.7303924560547,-299.0371398925781,-124.49017333984376,0.000272158998996,-0.0070328568108379,-0.0060564647428691,0.0008547055767849,-0.0058865053579211,-0.004485469777137,0.0073417294770479,342.32481887945335,0.9642952644491644,-0.0272145456963363,0.3302760481091674,0.3619825278703239
BH050,403,2931607,4.03000020980835,0.4509807248972471,7318,1,1,SHELF_NORMAL_Y_NEG,-29.717559197604437,30.49643744586834,860.5662432702593,360.9751586914063,347.798828125,-5.689778804779053,0.0028999154455959,0.0012937274295836,-0.0001445936504751,0.0016529301647096,0.0001317040296271,-7.278766133822501e-05,0.0021132740657776,354.7075888825106,0.9991763067112976,-119.1926999307934,0.42744897603228,0.4279492926698068
BH050,403,2931607,4.03000020980835,0.4509807248972471,7687,4,5,SHELF_NORMAL_Y_POS,-392.1574408023956,-20.81674579952917,689.4337567297406,112.9380111694336,61.22360610961914,33.75186538696289,0.000366848136764,0.0002685411891434,8.500624062435236e-06,-9.206144022755323e-05,0.0001356393331661,-0.0004175659269094,0.0005152153316885,114.04568055227136,0.3212554381754122,95.49401885784346,0.0371695659625773,0.3571644698394131
BH050,403,2931607,4.03000020980835,0.4509807248972471,6592,3,5,SHELF_NORMAL_Y_NEG,592.2175591976044,22.738223297176344,4589.433756729741,-88.51335906982422,-26.36493492126465,34.87232208251953,-0.0003671793383546,-0.0004068128764629,0.0003655588661786,2.4110335289151408e-05,-0.0004077263001818,-7.457813626388088e-05,0.0004597895604092,99.2185069327726,0.2794887519233031,1.4003018047540652,0.0249798993797361,0.379364011692263
BH050,403,2931607,4.03000020980835,0.4509807248972471,7690,1,1,SHELF_NORMAL_Y_POS,-310.96755919760443,-21.386331148337096,539.4337567297406,-24.29891395568848,-114.09622955322266,-132.9751739501953,1.463638909626752e-05,-0.000761212198995,-0.002027021953836,-3.3639083994785324e-05,-0.0002427382278256,-0.0003488196525722,0.0003835926472675,252.7511879583546,0.7119751773474777,72.34505946092789,0.1405616180084019,0.3553389779109036
BH050,403,2931607,4.03000020980835,0.4509807248972471,8803,2,1,SHELF_NORMAL_Y_NEG,1246.8452994616207,24.99568236389409,4860.566243270259,-27.27545166015625,-46.62641143798828,26.04913902282715,-0.0043050809763371,-0.0013075361493974,0.0012415754608809,-0.004240630660206,-0.0011209420626983,0.0009127901284955,0.0057617402635514,60.67857123464928,0.1709255527736599,-0.0097545429292351,0.0095101544992868,0.4218543590981223
BH050,404,2942093,4.0400004386901855,0.4506546167349062,5809,3,5,SIDE_NORMAL_X_POS,-1250.0,-24.15470053837925,439.4337567297406,102.6514663696289,-392.0425720214844,-101.42350006103516,0.2761350870132446,-0.4254322350025177,0.0422735698521137,0.2750689685344696,-0.4233832359313965,0.0435535013675689,0.5195352435112,485.1171258740248,1.366527115138098,3.3802799021507277,0.5203988955499513,0.5385553506579153
BH050,404,2942093,4.0400004386901855,0.4506546167349062,8857,1,1,SHELF_NORMAL_Y_NEG,1246.8452994616207,25.009422437046773,2189.4337567297407,-207.2407073974609,-299.82049560546875,-109.21530151367188,0.0002853854966815,-0.0070402882993221,-0.0058636697940528,0.0008547055767849,-0.0058865053579211,-0.004485469777137,0.0073417294770479,326.32801755341364,0.919233852263137,-0.0271348247884946,0.3072191025825739,0.3619825278703239
BH050,404,2942093,4.0400004386901855,0.4506546167349062,7318,1,1,SHELF_NORMAL_Y_NEG,-29.717559197604437,30.49643744586834,860.5662432702593,360.8763732910156,348.5337219238281,-5.424034118652344,0.0028999792411923,0.0012989025563001,-0.000141384472954,0.0016545564867556,0.0001331662206212,-7.29318562662229e-05,0.0021163653582334,354.9904041218907,0.9999729693574386,-119.35492471182104,0.4281585259896321,0.4281585259896321
BH050,404,2942093,4.0400004386901855,0.4506546167349062,7687,4,5,SHELF_NORMAL_Y_POS,-392.1574408023956,-20.81674579952917,689.4337567297406,113.28589630126952,61.5274543762207,33.97819137573242,0.0003680950321722,0.0002695107832551,1.1357003131706732e-05,-9.206144022755323e-05,0.0001356393331661,-0.0004175659269094,0.0005152153316885,114.51061782276774,0.3225651206275147,95.63218942851904,0.0374668545021812,0.3571644698394131
BH050,404,2942093,4.0400004386901855,0.4506546167349062,6592,3,5,SHELF_NORMAL_Y_NEG,592.2175591976044,22.738223297176344,4589.433756729741,-88.9489974975586,-27.997812271118164,35.66766357421875,-0.0003669149591587,-0.0004141060926485,0.0003755974175874,2.4110335289151408e-05,-0.0004077263001818,-7.457813626388088e-05,0.0004597895604092,100.10979466905128,0.2819994216029614,1.3819622678108263,0.0255087523854552,0.379364011692263
BH050,404,2942093,4.0400004386901855,0.4506546167349062,7690,1,1,SHELF_NORMAL_Y_POS,-310.96755919760443,-21.386331148337096,539.4337567297406,-23.51992416381836,-113.57432556152344,-132.91477966308594,1.76565554284025e-05,-0.0007598075899295,-0.002026250353083,-3.3639083994785324e-05,-0.0002427382278256,-0.0003488196525722,0.0003835926472675,252.5471652858588,0.7114004655939684,72.44785608688903,0.1402270002386835,0.3553389779109036
BH050,404,2942093,4.0400004386901855,0.4506546167349062,8803,2,1,SHELF_NORMAL_Y_NEG,1246.8452994616207,24.99568236389409,4860.566243270259,-28.274105072021484,-47.81700897216797,26.819869995117188,-0.0043082199990749,-0.0013118650531396,0.0012513052206486,-0.004240630660206,-0.0011209420626983,0.0009127901284955,0.0057617402635514,62.38448932566647,0.1757309558469477,-0.0096653689020692,0.0100588991724433,0.4218543590981223
BH050,405,2952579,4.0500006675720215,0.4501592240020509,5809,3,5,SIDE_NORMAL_X_POS,-1250.0,-24.15470053837925,439.4337567297406,113.51792907714844,-401.8579711914063,10.292363166809082,0.2767298519611358,-0.4262644946575165,0.0435853973031044,0.2755970954895019,-0.4241529405117035,0.0434552691876888,0.5203647017478943,469.3740854835329,1.322180522488825,3.391157391822047,0.4881293175154477,0.5385553506579153
BH050,405,2952579,4.0500006675720215,0.4501592240020509,8857,1,1,SHELF_NORMAL_Y_NEG,1246.8452994616207,25.009422437046773,2189.4337567297407,-212.05133056640625,-302.0154113769531,-111.69884490966795,0.0002652343537192,-0.0070439567789435,-0.0058950055390596,0.0008547055767849,-0.0058865053579211,-0.004485469777137,0.0073417294770479,331.007857206732,0.9324164991738928,-0.0270777272946438,0.3160082524479637,0.3619825278703239
BH050,405,2952579,4.0500006675720215,0.4501592240020509,7318,1,1,SHELF_NORMAL_Y_NEG,-29.717559197604437,30.49643744586834,860.5662432702593,360.45263671875,348.421875,-5.553709506988525,0.0029012179002165,0.0013017886085435,-0.0001433015277143,0.0016576766502112,0.0001359802263323,-7.321204611798748e-05,0.0021223046351224,354.7208111030957,0.9992135524030864,-119.52369632766084,0.427513599628293,0.4281585259896321
BH050,405,2952579,4.0500006675720215,0.4501592240020509,7687,4,5,SHELF_NORMAL_Y_POS,-392.1574408023956,-20.81674579952917,689.4337567297406,113.38955688476562,60.969512939453125,34.35887908935547,0.0003694129409268,0.0002666502841748,1.6160816812771372e-05,-9.206144022755323e-05,0.0001356393331661,-0.0004175659269094,0.0005152153316885,114.9032844602099,0.3236712238315772,95.77809834563416,0.0376050739826502,0.3571644698394131
BH050,405,2952579,4.0500006675720215,0.4501592240020509,6592,3,5,SHELF_NORMAL_Y_NEG,592.2175591976044,22.738223297176344,4589.433756729741,-89.10625457763672,-27.042308807373047,35.016510009765625,-0.0003690672747325,-0.0004092390008736,0.0003673805913422,2.4110335289151408e-05,-0.0004077263001818,-7.457813626388088e-05,0.0004597895604092,99.69974993611132,0.2808443660172149,1.3949726156696576,0.0252760198324982,0.379364011692263
BH050,405,2952579,4.0500006675720215,0.4501592240020509,7690,1,1,SHELF_NORMAL_Y_POS,-310.96755919760443,-21.386331148337096,539.4337567297406,-22.79024124145508,-112.8698272705078,-132.70263671875,2.017302358581219e-05,-0.0007574477931484,-0.0020235790871083,-3.3639083994785324e-05,-0.0002427382278256,-0.0003488196525722,0.0003835926472675,252.02506182494503,0.7099297516195635,72.56051358685443,0.1395468700650302,0.3553389779109036
BH050,405,2952579,4.0500006675720215,0.4501592240020509,8803,2,1,SHELF_NORMAL_Y_NEG,1246.8452994616207,24.99568236389409,4860.566243270259,-19.36079978942871,-47.24073028564453,16.174978256225586,-0.0042657852172851,-0.0013220473192632,0.0011169442441314,-0.004240630660206,-0.0011209420626983,0.0009127901284955,0.0057617402635514,49.76744528513294,0.1401899867186843,-0.0096480750062186,0.0066439437125523,0.4218543590981223
BH050,406,2963064,4.059999942779541,0.4498243803256972,5809,3,5,SIDE_NORMAL_X_POS,-1250.0,-24.15470053837925,439.4337567297406,114.80020904541016,-404.00341796875,29.531963348388672,0.2772577702999115,-0.4270314872264862,0.0436793975532054,0.2761148810386657,-0.4249091446399688,0.0433064624667167,0.5211824178695679,474.75671363637065,1.33734285531372,3.400847557010081,0.4984578140424556,0.5385553506579153
BH050,406,2963064,4.059999942779541,0.4498243803256972,8857,1,1,SHELF_NORMAL_Y_NEG,1246.8452994616207,25.009422437046773,2189.4337567297407,-210.4453125,-303.6945495605469,-122.96426391601562,0.0002754073357209,-0.0070546511560678,-0.0060376487672328,0.0008546377066522,-0.0058867246843874,-0.0044859126210212,0.0073421238921582,343.4634554074315,0.9675026912885396,-0.0270890668779853,0.3336995052093101,0.3619825278703239
BH050,406,2963064,4.059999942779541,0.4498243803256972,7318,1,1,SHELF_NORMAL_Y_NEG,-29.717559197604437,30.49643744586834,860.5662432702593,360.49847412109375,348.4197998046875,-5.562655448913574,0.0029032002203166,0.0013033304130658,-0.0001435757585568,0.0016594575718045,0.0001375904685119,-7.337327406276017e-05,0.0021256986074149,354.744316322811,0.9992797642896084,-119.67541304559111,0.4275630308209654,0.4281585259896321
BH050,406,2963064,4.059999942779541,0.4498243803256972,7687,4,5,SHELF_NORMAL_Y_POS,-392.1574408023956,-20.81674579952917,689.4337567297406,113.6410903930664,61.57896041870117,34.50941467285156,0.0003697422507684,0.0002692438138183,1.8061185983242467e-05,-9.206144022755323e-05,0.0001356393331661,-0.0004175659269094,0.0005152153316885,115.24350171662108,0.324629582300341,95.90636391646726,0.0378668832332627,0.3571644698394131
BH050,406,2963064,4.059999942779541,0.4498243803256972,6592,3,5,SHELF_NORMAL_Y_NEG,592.2175591976044,22.738223297176344,4589.433756729741,-89.29393005371094,-27.68980407714844,34.97272491455078,-0.0003690375597216,-0.000412108580349,0.0003668269782792,2.4110335289151408e-05,-0.0004077263001818,-7.457813626388088e-05,0.0004597895604092,99.68387146198005,0.2807996379210705,1.3896394531452414,0.0253325295189421,0.379364011692263
BH050,406,2963064,4.059999942779541,0.4498243803256972,7690,1,1,SHELF_NORMAL_Y_POS,-310.96755919760443,-21.386331148337096,539.4337567297406,-22.13507652282715,-112.57888793945312,-132.65272521972656,2.2929030819796022e-05,-0.0007569904555566,-0.0020229436922818,-3.3639083994785324e-05,-0.0002427382278256,-0.0003488196525722,0.0003835926472675,251.9171725937349,0.709625838292211,72.660032977932,0.139349163275842,0.3553389779109036
BH050,406,2963064,4.059999942779541,0.4498243803256972,8803,2,1,SHELF_NORMAL_Y_NEG,1246.8452994616207,24.99568236389409,4860.566243270259,-27.93199348449707,-51.90932846069336,22.92007827758789,-0.0043005840852856,-0.00133222353179,0.0012020759750157,-0.004240630660206,-0.0011209420626983,0.0009127901284955,0.0057617402635514,60.00694611177693,0.1690336510190899,-0.0095959042165139,0.0096349942347682,0.4218543590981223
BH050,407,2973550,4.070000171661377,0.4493407347829097,5809,3,5,SIDE_NORMAL_X_POS,-1250.0,-24.15470053837925,439.4337567297406,111.7368621826172,-400.4009399414063,-10.82114315032959,0.277752012014389,-0.4277595281600952,0.043053638190031,0.2766290307044983,-0.4256603419780731,0.0431902073323726,0.5219918489456177,466.794253539653,1.3149133902525438,3.411645474483349,0.4821519910901907,0.5385553506579153
BH050,407,2973550,4.070000171661377,0.4493407347829097,8857,1,1,SHELF_NORMAL_Y_NEG,1246.8452994616207,25.009422437046773,2189.4337567297407,-210.675537109375,-304.1054077148437,-118.61942291259766,0.0002746410027612,-0.007057168520987,-0.0059845205396413,0.0008543877047486,-0.0058875703252851,-0.0044876071624457,0.0073436326347291,339.12890367218466,0.9552926864005202,-0.0270635345234315,0.327695176450689,0.3619825278703239
BH050,407,2973550,4.070000171661377,0.4493407347829097,7318,1,1,SHELF_NORMAL_Y_NEG,-29.717559197604437,30.49643744586834,860.5662432702593,360.2051696777344,348.8357238769531,-5.5848565101623535,0.0029039757791906,0.0013083331286907,-0.0001441097410861,0.0016622643452137,0.000140139600262,-7.362681208178401e-05,0.0021310576703399,354.7890461574137,0.9994057638237004,-119.83096142927523,0.4276874327803525,0.4281585259896321
BH050,407,2973550,4.070000171661377,0.4493407347829097,7687,4,5,SHELF_NORMAL_Y_POS,-392.1574408023956,-20.81674579952917,689.4337567297406,113.51012420654295,60.75540542602539,35.01652145385742,0.0003703060792759,0.000265437294729,2.4459848646074533e-05,-9.206144022755323e-05,0.0001356393331661,-0.0004175659269094,0.0005152153316885,115.57631372354751,0.3255670809114014,96.04349401502536,0.0379204376705911,0.3571644698394131
BH050,407,2973550,4.070000171661377,0.4493407347829097,6592,3,5,SHELF_NORMAL_Y_NEG,592.2175591976044,22.738223297176344,4589.433756729741,-88.51332092285156,-27.4820556640625,35.527130126953125,-0.0003655502805486,-0.0004122378886677,0.0003738251107279,2.4110335289151408e-05,-0.0004077263001818,-7.457813626388088e-05,0.0004597895604092,99.71897651336926,0.2808985253897725,1.3943141273772583,0.0252727430646414,0.379364011692263
BH050,407,2973550,4.070000171661377,0.4493407347829097,7690,1,1,SHELF_NORMAL_Y_POS,-310.96755919760443,-21.386331148337096,539.4337567297406,-21.9671688079834,-112.64287567138672,-132.53466796875,2.3835951651562937e-05,-0.0007575421477667,-0.0020214484538882,-3.3639083994785324e-05,-0.0002427382278256,-0.0003488196525722,0.0003835926472675,251.7793548344032,0.70923761925184,72.76532825454774,0.1391930589599804,0.3553389779109036
BH050,407,2973550,4.070000171661377,0.4493407347829097,8803,2,1,SHELF_NORMAL_Y_NEG,1246.8452994616207,24.99568236389409,4860.566243270259,-20.872209548950195,-51.068119049072266,21.067726135253903,-0.0042675547301769,-0.0013384263729676,0.0011786931427195,-0.004240630660206,-0.0011209420626983,0.0009127901284955,0.0057617402635514,57.5260348549482,0.1620451686054879,-0.0095564530270828,0.008634366962559,0.4218543590981223
BH050,408,2984036,4.080000400543213,0.4488830327937592,5809,3,5,SIDE_NORMAL_X_POS,-1250.0,-24.15470053837925,439.4337567297406,101.876708984375,-392.5166931152344,-106.29652404785156,0.2781983315944671,-0.4284500479698181,0.0417058058083057,0.2771359384059906,-0.4264014065265655,0.0430472008883953,0.522791862487793,488.19399852679726,1.3751943620473162,3.4204371592867924,0.526262392076626,0.5385553506579153
BH050,408,2984036,4.080000400543213,0.4488830327937592,8857,1,1,SHELF_NORMAL_Y_NEG,1246.8452994616207,25.009422437046773,2189.4337567297407,-208.686767578125,-305.0436096191406,-129.00985717773438,0.0002856593637261,-0.0070646018721163,-0.0061156800948083,0.0008543877047486,-0.0058875703252851,-0.0044876071624457,0.0073436326347291,350.5336440585374,0.9874187156578518,-0.0270262637607446,0.343886374260275,0.3619825278703239
BH050,408,2984036,4.080000400543213,0.4488830327937592,7318,1,1,SHELF_NORMAL_Y_NEG,-29.717559197604437,30.49643744586834,860.5662432702593,360.17852783203125,349.1748046875,-5.484745025634766,0.0029052726458758,0.0013117558555677,-0.0001430186966899,0.0016641826368868,0.0001418848842149,-7.38003509468399e-05,0.0021347231231629,354.9318192490087,0.9998079415465032,-119.97591139274029,0.4280417992248113,0.4281585259896321
BH050,408,2984036,4.080000400543213,0.4488830327937592,7687,4,5,SHELF_NORMAL_Y_POS,-392.1574408023956,-20.81674579952917,689.4337567297406,113.68092346191406,60.31274032592773,35.128990173339844,0.0003717782965395,0.0002630420494824,2.587862763903104e-05,-9.206144022755323e-05,0.0001356393331661,-0.0004175659269094,0.0005152153316885,115.78734317619558,0.3261615300737903,96.16588830812368,0.0379923416856438,0.3571644698394131
BH050,408,2984036,4.080000400543213,0.4488830327937592,6592,3,5,SHELF_NORMAL_Y_NEG,592.2175591976044,22.738223297176344,4589.433756729741,-89.0129165649414,-27.205400466918945,34.986351013183594,-0.000368379347492,-0.0004101650556549,0.0003669980214908,2.4110335289151408e-05,-0.0004077263001818,-7.457813626388088e-05,0.0004597895604092,99.56874690251986,0.2804753433873799,1.400136894805317,0.0252264811664631,0.379364011692263
BH050,408,2984036,4.080000400543213,0.4488830327937592,7690,1,1,SHELF_NORMAL_Y_POS,-310.96755919760443,-21.386331148337096,539.4337567297406,-21.270938873291016,-111.8614730834961,-132.32232666015625,2.607678470667452e-05,-0.0007547624409198,-0.0020187676418572,-3.3639083994785324e-05,-0.0002427382278256,-0.0003488196525722,0.0003835926472675,251.22427797288412,0.7076740224588286,72.85708598541086,0.1384776593093746,0.3553389779109036
BH050,408,2984036,4.080000400543213,0.4488830327937592,8803,2,1,SHELF_NORMAL_Y_NEG,1246.8452994616207,24.99568236389409,4860.566243270259,-21.346582412719727,-52.01210784912109,28.439321517944336,-0.0042684786021709,-0.0013423130149021,0.001271732035093,-0.004240630660206,-0.0011209420626983,0.0009127901284955,0.0057617402635514,66.91068839994209,0.188480812394203,-0.0094397111705837,0.011157185685255,0.4218543590981223
BH050,409,2994522,4.090000629425049,0.4488317568936211,5809,3,5,SIDE_NORMAL_X_POS,-1250.0,-24.15470053837925,439.4337567297406,120.2813720703125,-404.4021911621094,66.9556884765625,0.2788175940513611,-0.4292818307876587,0.0438095219433307,0.2776486277580261,-0.42714923620224,0.0429642610251903,0.5235995650291443,489.9999834317987,1.3802816434698555,3.429943742175202,0.5284405101808689,0.5385553506579153
BH050,409,2994522,4.090000629425049,0.4488317568936211,8857,1,1,SHELF_NORMAL_Y_NEG,1246.8452994616207,25.009422437046773,2189.4337567297407,-212.14956665039065,-306.38702392578125,-123.55598449707033,0.0002708163519855,-0.0070660877972841,-0.0060468348674476,0.0008543877047486,-0.0058875703252851,-0.0044876071624457,0.0073436326347291,345.9462626218258,0.9744965144276784,-0.0270242899297269,0.3387709886378715,0.3619825278703239
BH050,409,2994522,4.090000629425049,0.4488317568936211,7318,1,1,SHELF_NORMAL_Y_NEG,-29.717559197604437,30.49643744586834,860.5662432702593,359.77020263671875,349.02899169921875,-5.442404270172119,0.0029054731130599,0.0013134364271536,-0.0001426619273843,0.0016661378322169,0.0001436691818526,-7.397819717880338e-05,0.002138465642929,354.6469568103488,0.9990055121418276,-120.11930851600012,0.4273706273155067,0.4281585259896321
BH050,409,2994522,4.090000629425049,0.4488317568936211,7687,4,5,SHELF_NORMAL_Y_POS,-392.1574408023956,-20.81674579952917,689.4337567297406,113.98916625976562,59.88517761230469,35.05916976928711,0.0003739003441296,0.0002605181653052,2.499601760064252e-05,-9.206144022755323e-05,0.0001356393331661,-0.0004175659269094,0.0005152153316885,115.93506462517828,0.3265776468314881,96.28954494442212,0.0380511135897429,0.3571644698394131
BH050,409,2994522,4.090000629425049,0.4488317568936211,6592,3,5,SHELF_NORMAL_Y_NEG,592.2175591976044,22.738223297176344,4589.433756729741,-90.13992309570312,-27.95396614074707,34.67769241333008,-0.0003727632865775,-0.0004121560195926,0.0003631032886914,2.4110335289151408e-05,-0.0004077263001818,-7.457813626388088e-05,0.0004597895604092,99.9724394715417,0.2816125055536386,1.3892143374893466,0.0255384400183856,0.379364011692263
BH050,409,2994522,4.090000629425049,0.4488317568936211,7690,1,1,SHELF_NORMAL_Y_POS,-310.96755919760443,-21.386331148337096,539.4337567297406,-21.109344482421875,-111.89627838134766,-132.10557556152344,2.6911948225460947e-05,-0.0007551669841632,-0.0020160470157861,-3.3639083994785324e-05,-0.0002427382278256,-0.0003488196525722,0.0003835926472675,250.9182610667165,0.7068120030048352,72.95182744556692,0.1381455560911675,0.3553389779109036
BH050,409,2994522,4.090000629425049,0.4488317568936211,8803,2,1,SHELF_NORMAL_Y_NEG,1246.8452994616207,24.99568236389409,4860.566243270259,-20.30387115478516,-52.7680892944336,19.28848648071289,-0.0042623202316462,-0.0013474945444613,0.0011562393046915,-0.004240630660206,-0.0011209420626983,0.0009127901284955,0.0057617402635514,56.93381313145105,0.1603769383984536,-0.0093975222151546,0.0085442898136038,0.4218543590981223
BH050,410,3005007,4.099999904632568,0.4480311405979442,5809,3,5,SIDE_NORMAL_X_POS,-1250.0,-24.15470053837925,439.4337567297406,103.1784210205078,-390.4316101074219,-95.2515106201172,0.2792017757892608,-0.4299021959304809,0.0416850112378597,0.2781377732753753,-0.4278625547885895,0.0428871065378189,0.5243727564811707,480.1929785086203,1.3526562774890711,3.440218271280612,0.5088753420558956,0.5385553506579153
BH050,410,3005007,4.099999904632568,0.4480311405979442,8857,1,1,SHELF_NORMAL_Y_NEG,1246.8452994616207,25.009422437046773,2189.4337567297407,-212.6339263916016,-306.5940246582031,-116.07244110107422,0.0002687727392185,-0.0070663676597177,-0.0059523908421397,0.0008543877047486,-0.0058875703252851,-0.0044876071624457,0.0073436326347291,338.2886727146413,0.9529258386327925,-0.0270132205181491,0.3279766509158494,0.3619825278703239
BH050,410,3005007,4.099999904632568,0.4480311405979442,7318,1,1,SHELF_NORMAL_Y_NEG,-29.717559197604437,30.49643744586834,860.5662432702593,359.44219970703125,349.0443420410156,-5.556124687194824,0.0029071671888232,0.001317024230957,-0.0001444035733584,0.0016694562509655,0.00014671109966,-7.42845149943605e-05,0.0021448300685733,354.4883539796163,0.998558743604553,-120.27149861323988,0.4269845359591573,0.4281585259896321
BH050,410,3005007,4.099999904632568,0.4480311405979442,7687,4,5,SHELF_NORMAL_Y_POS,-392.1574408023956,-20.81674579952917,689.4337567297406,113.91678619384766,59.254581451416016,35.32583236694336,0.000374466413632,0.000257562205661,2.8362683224258944e-05,-9.206144022755323e-05,0.0001356393331661,-0.0004175659269094,0.0005152153316885,116.11111665453294,0.3270735680409378,96.41885608604956,0.038057932793333,0.3571644698394131
BH050,410,3005007,4.099999904632568,0.4480311405979442,6592,3,5,SHELF_NORMAL_Y_NEG,592.2175591976044,22.738223297176344,4589.433756729741,-88.5757827758789,-27.13725471496582,35.205718994140625,-0.0003663618699647,-0.0004104689578525,0.0003697672218549,2.4110335289151408e-05,-0.0004077263001818,-7.457813626388088e-05,0.0004597895604092,99.48228112956244,0.2802317778297533,1.3997480037673349,0.0251527814666387,0.379364011692263
BH050,410,3005007,4.099999904632568,0.4480311405979442,7690,1,1,SHELF_NORMAL_Y_POS,-310.96755919760443,-21.386331148337096,539.4337567297406,-20.474853515625,-111.69512939453124,-132.1317901611328,2.970061359519605e-05,-0.000755118089728,-0.0020163701847195,-3.3639083994785324e-05,-0.0002427382278256,-0.0003488196525722,0.0003835926472675,250.96714935971696,0.7069497165062449,73.05271726105812,0.1381248473122606,0.3553389779109036
BH050,410,3005007,4.099999904632568,0.4480311405979442,8803,2,1,SHELF_NORMAL_Y_NEG,1246.8452994616207,24.99568236389409,4860.566243270259,-20.066415786743164,-54.22515487670898,31.663557052612305,-0.0042590494267642,-0.0013549143914133,0.0013124292017892,-0.004240630660206,-0.0011209420626983,0.0009127901284955,0.0057617402635514,72.54423819811639,0.2043499667552574,-0.0093858756990006,0.0128542841763998,0.4218543590981223
BH050,411,3015493,4.110000133514404,0.4480466365839129,5809,3,5,SIDE_NORMAL_X_POS,-1250.0,-24.15470053837925,439.4337567297406,104.15888214111328,-387.4191284179688,-108.80847930908205,0.2796661257743835,-0.4305664896965027,0.0413277484476566,0.2786016166210174,-0.428540289402008,0.0427009798586368,0.5251144766807556,486.63503022058507,1.3708029020298171,3.449399114796474,0.5211731740225637,0.5385553506579153
BH050,411,3015493,4.110000133514404,0.4480466365839129,8857,1,1,SHELF_NORMAL_Y_NEG,1246.8452994616207,25.009422437046773,2189.4337567297407,-210.58848571777344,-306.6636962890625,-124.541259765625,0.0002788066922221,-0.0070696901530027,-0.0060592875815927,0.0008543877047486,-0.0058875703252851,-0.0044876071624457,0.0073436326347291,346.9032511586956,0.977192256785058,-0.0270498153761153,0.339731011460718,0.3619825278703239
BH050,411,3015493,4.110000133514404,0.4480466365839129,7318,1,1,SHELF_NORMAL_Y_NEG,-29.717559197604437,30.49643744586834,860.5662432702593,359.47021484375,349.6076354980469,-5.68407154083252,0.0029094128403812,0.0013223973801359,-0.0001462874352,0.0016723762964829,0.0001493994059273,-7.455328886862844e-05,0.0021504433825612,354.7784214445582,0.9993758350550936,-120.4128812185604,0.4276887676003507,0.4281585259896321
BH050,411,3015493,4.110000133514404,0.4480466365839129,7687,4,5,SHELF_NORMAL_Y_POS,-392.1574408023956,-20.81674579952917,689.4337567297406,113.32579040527344,57.727664947509766,35.36837387084961,0.0003738222294487,0.0002510095364414,2.889838651753962e-05,-9.206144022755323e-05,0.0001356393331661,-0.0004175659269094,0.0005152153316885,115.69766818587642,0.3259089244672575,96.5388794472844,0.0376202370131433,0.3571644698394131
BH050,411,3015493,4.110000133514404,0.4480466365839129,6592,3,5,SHELF_NORMAL_Y_NEG,592.2175591976044,22.738223297176344,4589.433756729741,-88.93325805664062,-27.538986206054688,35.37480163574219,-0.000367513828678,-0.0004118976357858,0.0003718982625287,2.4110335289151408e-05,-0.0004077263001818,-7.457813626388088e-05,0.0004597895604092,99.8624962398262,0.2813028063093696,1.387744841160775,0.0253692910007278,0.379364011692263
BH050,411,3015493,4.110000133514404,0.4480466365839129,7690,1,1,SHELF_NORMAL_Y_POS,-310.96755919760443,-21.386331148337096,539.4337567297406,-20.715356826782227,-111.5499038696289,-132.17132568359375,2.8322769139776938e-05,-0.0007540651131421,-0.0020168866030871,-3.3639083994785324e-05,-0.0002427382278256,-0.0003488196525722,0.0003835926472675,250.9372212287519,0.7068654119119772,73.14532110368542,0.1381039134274851,0.3553389779109036
BH050,411,3015493,4.110000133514404,0.4480466365839129,8803,2,1,SHELF_NORMAL_Y_NEG,1246.8452994616207,24.99568236389409,4860.566243270259,-20.423131942749023,-55.27188873291016,20.90035820007324,-0.0042592519894242,-0.0013594810152426,0.0011765861418098,-0.004240630660206,-0.0011209420626983,0.0009127901284955,0.0057617402635514,60.446140032355046,0.1702708169925494,-0.0093590441553842,0.0095381000612958,0.4218543590981223
BH050,412,3025979,4.12000036239624,0.4477593913824276,5809,3,5,SIDE_NORMAL_X_POS,-1250.0,-24.15470053837925,439.4337567297406,120.51712036132812,-404.7295837402344,65.80965423583984,0.2802188098430633,-0.4313277900218963,0.0434534214437007,0.2790497243404388,-0.4291941225528717,0.0426227636635303,0.52582186460495,489.99998773884136,1.38028165560237,3.4577172407133867,0.5279181557845015,0.5385553506579153
BH050,412,3025979,4.12000036239624,0.4477593913824276,8857,1,1,SHELF_NORMAL_Y_NEG,1246.8452994616207,25.009422437046773,2189.4337567297407,-207.33493041992188,-305.85235595703125,-128.7530975341797,0.000293421675451,-0.0070704924874007,-0.0061124465428292,0.0008543877047486,-0.0058875703252851,-0.0044876071624457,0.0073436326347291,350.5019835172379,0.9873295310344729,-0.0270042457674035,0.3436545504330021,0.3619825278703239
BH050,412,3025979,4.12000036239624,0.4477593913824276,7318,1,1,SHELF_NORMAL_Y_NEG,-29.717559197604437,30.49643744586834,860.5662432702593,359.34735107421875,349.63983154296875,-5.697353839874268,0.0029096023645251,0.0013235040241852,-0.0001465336827095,0.0016732212388888,0.0001501774531789,-7.463226211257279e-05,0.00215206714347,354.7305495059337,0.999240984523757,-120.552476645229,0.4275688756977197,0.4281585259896321
BH050,412,3025979,4.12000036239624,0.4477593913824276,7687,4,5,SHELF_NORMAL_Y_POS,-392.1574408023956,-20.81674579952917,689.4337567297406,113.75148010253906,57.050880432128906,35.57537841796875,0.000376876007067,0.0002471038023941,3.150859265588224e-05,-9.206144022755323e-05,0.0001356393331661,-0.0004175659269094,0.0005152153316885,116.19553667003218,0.3273113709014991,96.65512587243582,0.0378352219216709,0.3571644698394131
BH050,412,3025979,4.12000036239624,0.4477593913824276,6592,3,5,SHELF_NORMAL_Y_NEG,592.2175591976044,22.738223297176344,4589.433756729741,-89.28533935546875,-27.151315689086918,34.54730224609375,-0.0003697884385474,-0.0004095030017197,0.0003614529559854,2.4110335289151408e-05,-0.0004077263001818,-7.457813626388088e-05,0.0004597895604092,99.3247180195894,0.2797879380833504,1.3996344646750405,0.0251413259964019,0.379364011692263
BH050,412,3025979,4.12000036239624,0.4477593913824276,7690,1,1,SHELF_NORMAL_Y_POS,-310.96755919760443,-21.386331148337096,539.4337567297406,-20.17093086242676,-111.32849884033205,-132.00338745117188,3.0642975616501644e-05,-0.0007537832134403,-0.0020147666800767,-3.3639083994785324e-05,-0.0002427382278256,-0.0003488196525722,0.0003835926472675,250.6591002707165,0.7060819725935676,73.23338718588016,0.1377451111585635,0.3553389779109036
BH050,412,3025979,4.12000036239624,0.4477593913824276,8803,2,1,SHELF_NORMAL_Y_NEG,1246.8452994616207,24.99568236389409,4860.566243270259,-23.776254653930664,-56.64849472045898,29.45194435119629,-0.0042735314927995,-0.0013612799812108,0.0012845220044255,-0.004240630660206,-0.0011209420626983,0.0009127901284955,0.0057617402635514,70.9205490772938,0.1997761945839262,-0.0092893586130816,0.0126716911396108,0.4218543590981223
BH050,413,3036465,4.130000591278076,0.4473123189127351,5809,3,5,SIDE_NORMAL_X_POS,-1250.0,-24.15470053837925,439.4337567297406,113.47450256347656,-406.2344970703125,49.73170471191406,0.2806252539157867,-0.4319681823253631,0.0431462675333023,0.2794883251190185,-0.4298361837863922,0.0425186231732368,0.5265159010887146,481.061237455103,1.3551020773383184,3.467183888491164,0.5117792289219392,0.5385553506579153
BH050,413,3036465,4.130000591278076,0.4473123189127351,8857,1,1,SHELF_NORMAL_Y_NEG,1246.8452994616207,25.009422437046773,2189.4337567297407,-207.64422607421875,-306.5831604003906,-125.69705963134766,0.0002929854381363,-0.0070735793560743,-0.0060738888569176,0.0008543877047486,-0.0058875703252851,-0.0044876071624457,0.0073436326347291,347.6325476623635,0.9792466131334184,-0.0269492212483564,0.3397854759877436,0.3619825278703239
BH050,413,3036465,4.130000591278076,0.4473123189127351,7318,1,1,SHELF_NORMAL_Y_NEG,-29.717559197604437,30.49643744586834,860.5662432702593,359.2659606933594,349.9526672363281,-5.773589611053467,0.0029111129697412,0.0013273239601403,-0.000147716680658,0.0016755884280428,0.0001523657992947,-7.485334936063737e-05,0.0021566257346421,354.841967131666,0.9995548369906084,-120.68725638152576,0.4278370458798044,0.4281585259896321
BH050,413,3036465,4.130000591278076,0.4473123189127351,7687,4,5,SHELF_NORMAL_Y_POS,-392.1574408023956,-20.81674579952917,689.4337567297406,114.19110870361328,58.53207778930664,35.685428619384766,0.0003768537717405,0.0002536539686843,3.289668165962212e-05,-9.206144022755323e-05,0.0001356393331661,-0.0004175659269094,0.0005152153316885,116.62812708371176,0.3285299354470753,96.77206346307354,0.0382608827204546,0.3571644698394131
BH050,413,3036465,4.130000591278076,0.4473123189127351,6592,3,5,SHELF_NORMAL_Y_NEG,592.2175591976044,22.738223297176344,4589.433756729741,-89.32252502441406,-27.588653564453125,35.058292388916016,-0.0003693325561471,-0.0004115712945349,0.0003679014916997,2.4110335289151408e-05,-0.0004077263001818,-7.457813626388088e-05,0.0004597895604092,99.81287832497324,0.2811630375351359,1.3929902043178513,0.0253816495468846,0.379364011692263
BH050,413,3036465,4.130000591278076,0.4473123189127351,7690,1,1,SHELF_NORMAL_Y_POS,-310.96755919760443,-21.386331148337096,539.4337567297406,-19.13391876220703,-110.40650177001952,-131.83206176757812,3.4334996598772705e-05,-0.00075082143303,-0.0020125983282923,-3.3639083994785324e-05,-0.0002427382278256,-0.0003488196525722,0.0003835926472675,250.16448783605688,0.7046886981297377,73.32422381675627,0.1370582453578149,0.3553389779109036
BH050,413,3036465,4.130000591278076,0.4473123189127351,8803,2,1,SHELF_NORMAL_Y_NEG,1246.8452994616207,24.99568236389409,4860.566243270259,-19.33452606201172,-56.361595153808594,17.55788230895996,-0.0042523755691945,-0.001366353360936,0.0011344007216393,-0.004240630660206,-0.0011209420626983,0.0009127901284955,0.0057617402635514,58.18561909486255,0.1639031523798945,-0.0092906230362445,0.0089737886899794,0.4218543590981223
BH050,414,3046950,4.139999866485596,0.4473019394869752,5809,3,5,SIDE_NORMAL_X_POS,-1250.0,-24.15470053837925,439.4337567297406,103.87384033203124,-390.7167053222656,-109.6440200805664,0.2809975445270538,-0.4325264692306518,0.0410135276615619,0.2799297869205475,-0.4304835796356201,0.0423975810408592,0.5272157192230225,489.999996535914,1.3802816803828564,3.475337207570913,0.5291686093706218,0.5385553506579153
BH050,414,3046950,4.139999866485596,0.4473019394869752,8857,1,1,SHELF_NORMAL_Y_NEG,1246.8452994616207,25.009422437046773,2189.4337567297407,-207.19174194335935,-306.4709167480469,-126.06900787353516,0.0002950170601252,-0.0070736920461058,-0.0060785580426454,0.0008543877047486,-0.0058875703252851,-0.0044876071624457,0.0073436326347291,347.9005344700669,0.9800015055494842,-0.0269480800446174,0.3399863506428952,0.3619825278703239
BH050,414,3046950,4.139999866485596,0.4473019394869752,7318,1,1,SHELF_NORMAL_Y_NEG,-29.717559197604437,30.49643744586834,860.5662432702593,358.6955871582031,349.83453369140625,-5.800807476043701,0.002911047777161,0.0013299413258209,-0.0001483013766119,0.0016781230224296,0.0001547176361782,-7.509466377086937e-05,0.0021615144796669,354.4905779302448,0.9985650082542108,-120.81449747747236,0.4269980820775545,0.4281585259896321
BH050,414,3046950,4.139999866485596,0.4473019394869752,7687,4,5,SHELF_NORMAL_Y_POS,-392.1574408023956,-20.81674579952917,689.4337567297406,114.3137664794922,58.16860580444336,35.70292663574219,0.0003779765102081,0.0002517102111596,3.3116204576799646e-05,-9.206144022755323e-05,0.0001356393331661,-0.0004175659269094,0.0005152153316885,116.72980938331644,0.3288163644600463,96.88268898625188,0.038283491434361,0.3571644698394131
BH050,414,3046950,4.139999866485596,0.4473019394869752,6592,3,5,SHELF_NORMAL_Y_NEG,592.2175591976044,22.738223297176344,4589.433756729741,-88.56734466552734,-27.65572166442871,35.29325866699219,-0.0003655704786069,-0.0004129963344894,0.0003708654548972,2.4110335289151408e-05,-0.0004077263001818,-7.457813626388088e-05,0.0004597895604092,99.48096285853376,0.2802280643902359,1.398964737972717,0.0251906405318867,0.379364011692263
BH050,414,3046950,4.139999866485596,0.4473019394869752,7690,1,1,SHELF_NORMAL_Y_POS,-310.96755919760443,-21.386331148337096,539.4337567297406,-19.030744552612305,-110.21454620361328,-131.80992126464844,3.455564728938043e-05,-0.0007500349311158,-0.0020123226568102,-3.3639083994785324e-05,-0.0002427382278256,-0.0003488196525722,0.0003835926472675,250.0670241948958,0.7044141526616783,73.41068195446445,0.1369309476002463,0.3553389779109036
BH050,414,3046950,4.139999866485596,0.4473019394869752,8803,2,1,SHELF_NORMAL_Y_NEG,1246.8452994616207,24.99568236389409,4860.566243270259,-21.1643009185791,-58.004390716552734,25.294574737548828,-0.0042588952928781,-0.0013716687681153,0.001232050708495,-0.004240630660206,-0.0011209420626983,0.0009127901284955,0.0057617402635514,67.11379239401577,0.1890529363211712,-0.0092831627681732,0.0115020097284437,0.4218543590981223
BH050,415,3057436,4.150000095367432,0.4464206727179088,5809,3,5,SIDE_NORMAL_X_POS,-1250.0,-24.15470053837925,439.4337567297406,106.66055297851562,-397.4325866699219,-55.48727798461914,0.28146493434906,-0.4332099556922912,0.041566427797079,0.2803719937801361,-0.4311316609382629,0.0422670468688011,0.5279169082641602,470.05960050737247,1.3241115507249928,3.483950972515792,0.489279435429083,0.5385553506579153
BH050,415,3057436,4.150000095367432,0.4464206727179088,8857,1,1,SHELF_NORMAL_Y_NEG,1246.8452994616207,25.009422437046773,2189.4337567297407,-205.73825073242188,-306.674560546875,-122.0077133178711,0.0003023734316229,-0.0070767826400697,-0.006027293857187,0.0008543877047486,-0.0058875703252851,-0.0044876071624457,0.0073436326347291,343.42462433141714,0.9673933079758228,-0.0268965904369644,0.3330573230798782,0.3619825278703239
BH050,415,3057436,4.150000095367432,0.4464206727179088,7318,1,1,SHELF_NORMAL_Y_NEG,-29.717559197604437,30.49643744586834,860.5662432702593,358.75177001953125,350.4039306640625,-5.803033351898193,0.0029114785138517,0.0013335450785234,-0.0001484243693994,0.0016791084781289,0.0001556360948598,-7.5188756454736e-05,0.0021634197328239,354.79394351889374,0.9994195592081514,-120.94274029858408,0.4277391390827008,0.4281585259896321
BH050,415,3057436,4.150000095367432,0.4464206727179088,7687,4,5,SHELF_NORMAL_Y_POS,-392.1574408023956,-20.81674579952917,689.4337567297406,114.06462097167967,58.20901107788086,35.72700881958008,0.0003767102607525,0.0002522695285733,3.3416585210943595e-05,-9.206144022755323e-05,0.0001356393331661,-0.0004175659269094,0.0005152153316885,116.57055983363072,0.3283677741792414,96.99222997548446,0.0381822245457878,0.3571644698394131
BH050,415,3057436,4.150000095367432,0.4464206727179088,6592,3,5,SHELF_NORMAL_Y_NEG,592.2175591976044,22.738223297176344,4589.433756729741,-89.29842376708984,-27.224184036254883,34.7121696472168,-0.0003697429783642,-0.0004098384524695,0.000363528903108,2.4110335289151408e-05,-0.0004077263001818,-7.457813626388088e-05,0.0004597895604092,99.49418136652704,0.2802652996240198,1.3998413429690737,0.0252182758618232,0.379364011692263
BH050,415,3057436,4.150000095367432,0.4464206727179088,7690,1,1,SHELF_NORMAL_Y_POS,-310.96755919760443,-21.386331148337096,539.4337567297406,-18.71405029296875,-110.40523529052734,-131.98255920410156,3.636992914834991e-05,-0.0007514171302318,-0.0020144977606832,-3.3639083994785324e-05,-0.0002427382278256,-0.0003488196525722,0.0003835926472675,250.46275238901893,0.7055288799690674,73.49393944718679,0.1373360651544282,0.3553389779109036
BH050,415,3057436,4.150000095367432,0.4464206727179088,8803,2,1,SHELF_NORMAL_Y_NEG,1246.8452994616207,24.99568236389409,4860.566243270259,-15.312355041503906,-56.95611572265625,29.522306442260746,-0.0042320140637457,-0.0013750989455729,0.0012854109518229,-0.004240630660206,-0.0011209420626983,0.0009127901284955,0.0057617402635514,72.2567284231139,0.2035400800651095,-0.0092740106974954,0.0126715109091835,0.4218543590981223
BH050,416,3067922,4.160000324249268,0.4461845273479818,5809,3,5,SIDE_NORMAL_X_POS,-1250.0,-24.15470053837925,439.4337567297406,105.63713836669922,-393.3347473144531,-94.00634002685548,0.2818960845470428,-0.4338371455669403,0.0409629642963409,0.2808135449886322,-0.4317791163921356,0.0421497859060764,0.5286163687705994,483.6669943974384,1.362442237739263,3.4924515482441167,0.5165425234821371,0.5385553506579153
BH050,416,3067922,4.160000324249268,0.4461845273479818,8857,1,1,SHELF_NORMAL_Y_NEG,1246.8452994616207,25.009422437046773,2189.4337567297407,-207.43276977539065,-306.92822265625,-122.7622299194336,0.0002945177257061,-0.0070755719207227,-0.0060368124395608,0.0008543877047486,-0.0058875703252851,-0.0044876071624457,0.0073436326347291,344.6418601623527,0.970822141302402,-0.0268673238869733,0.3354733755562057,0.3619825278703239
BH050,416,3067922,4.160000324249268,0.4461845273479818,7318,1,1,SHELF_NORMAL_Y_NEG,-29.717559197604437,30.49643744586834,860.5662432702593,358.4441223144531,350.3461303710937,-5.805269718170166,0.0029130629263818,0.0013365057529881,-0.000148740640725,0.0016820954624563,0.0001584295241627,-7.547692075604573e-05,0.0021692037116736,354.607095459395,0.9988932266461832,-121.07217356974247,0.4272946231670759,0.4281585259896321
BH050,416,3067922,4.160000324249268,0.4461845273479818,7687,4,5,SHELF_NORMAL_Y_POS,-392.1574408023956,-20.81674579952917,689.4337567297406,113.89502716064452,56.6529655456543,36.04232406616211,0.0003781540726777,0.0002449626044835,3.739489693543874e-05,-9.206144022755323e-05,0.0001356393331661,-0.0004175659269094,0.0005152153316885,116.73170965833764,0.32882171734743,97.10350445296164,0.038069680368965,0.3571644698394131
BH050,416,3067922,4.160000324249268,0.4461845273479818,6592,3,5,SHELF_NORMAL_Y_NEG,592.2175591976044,22.738223297176344,4589.433756729741,-89.5254135131836,-28.0527400970459,34.71238708496094,-0.0003696395142469,-0.0004135300405323,0.0003635316679719,2.4110335289151408e-05,-0.0004077263001818,-7.457813626388088e-05,0.0004597895604092,99.52473152790472,0.280351356416633,1.3939397638728592,0.025311155567759,0.379364011692263
BH050,416,3067922,4.160000324249268,0.4461845273479818,7690,1,1,SHELF_NORMAL_Y_POS,-310.96755919760443,-21.386331148337096,539.4337567297406,-18.345727920532227,-110.21643829345705,-131.84861755371094,3.788286267081276e-05,-0.0007510361610911,-0.0020128155592828,-3.3639083994785324e-05,-0.0002427382278256,-0.0003488196525722,0.0003835926472675,250.228699525458,0.7048695761280506,73.5804963364617,0.1370441412545044,0.3553389779109036
BH050,416,3067922,4.160000324249268,0.4461845273479818,8803,2,1,SHELF_NORMAL_Y_NEG,1246.8452994616207,24.99568236389409,4860.566243270259,-18.84840583801269,-58.11866760253906,20.598312377929688,-0.0042474968358874,-0.0013755874242633,0.0011727819219231,-0.004240630660206,-0.0011209420626983,0.0009127901284955,0.0057617402635514,62.53374378084165,0.1761513909319483,-0.0091868053819739,0.0101414224264753,0.4218543590981223
BH050,417,3078408,4.170000553131104,0.4456354071845587,5809,3,5,SIDE_NORMAL_X_POS,-1250.0,-24.15470053837925,439.4337567297406,108.36042785644533,-398.2954406738281,-44.73772048950195,0.2823593318462372,-0.4345124363899231,0.0414751209318637,0.2812561988830566,-0.4324274361133575,0.0420401096343994,0.5293155312538147,468.5563953840228,1.3198771700958387,3.5001231426012804,0.4862316755086375,0.5385553506579153
BH050,417,3078408,4.170000553131104,0.4456354071845587,8857,1,1,SHELF_NORMAL_Y_NEG,1246.8452994616207,25.009422437046773,2189.4337567297407,-207.90939331054688,-307.15313720703125,-115.27662658691406,0.0002925294684246,-0.007075972855091,-0.005942310206592,0.0008543877047486,-0.0058875703252851,-0.0044876071624457,0.0073436326347291,337.00956221524706,0.9493227104654848,-0.0268792805700062,0.3247635084079139,0.3619825278703239
BH050,417,3078408,4.170000553131104,0.4456354071845587,7318,1,1,SHELF_NORMAL_Y_NEG,-29.717559197604437,30.49643744586834,860.5662432702593,358.455810546875,350.7283630371094,-6.1066203117370605,0.0029138110112398,0.0013395193964242,-0.00015266770788,0.00168333936017,0.0001595961366547,-7.5601099524647e-05,0.0021716153714805,354.81291624482475,0.9994730035065486,-121.20404376635652,0.4277867757865154,0.4281585259896321
BH050,417,3078408,4.170000553131104,0.4456354071845587,7687,4,5,SHELF_NORMAL_Y_POS,-392.1574408023956,-20.81674579952917,689.4337567297406,114.16841888427734,56.72706985473633,36.05031967163086,0.0003793763462454,0.0002449241583235,3.749435200006701e-05,-9.206144022755323e-05,0.0001356393331661,-0.0004175659269094,0.0005152153316885,116.93940780107908,0.3294067825382509,97.216201501876,0.0382104314820946,0.3571644698394131
BH050,417,3078408,4.170000553131104,0.4456354071845587,6592,3,5,SHELF_NORMAL_Y_NEG,592.2175591976044,22.738223297176344,4589.433756729741,-88.21875,-26.763410568237305,35.07264709472656,-0.0003651748120319,-0.0004091732262168,0.0003680787922348,2.4110335289151408e-05,-0.0004077263001818,-7.457813626388088e-05,0.0004597895604092,99.1365981534244,0.2792580229673926,1.4052844927565418,0.0249535931714552,0.379364011692263
BH050,417,3078408,4.170000553131104,0.4456354071845587,7690,1,1,SHELF_NORMAL_Y_POS,-310.96755919760443,-21.386331148337096,539.4337567297406,-17.574417114257812,-108.9505844116211,-131.7505645751953,3.978215318056755e-05,-0.0007460101041942,-0.0020115722436457,-3.3639083994785324e-05,-0.0002427382278256,-0.0003488196525722,0.0003835926472675,249.6777538406172,0.7033176164524428,73.66679360223034,0.1362954762094753,0.3553389779109036
BH050,417,3078408,4.170000553131104,0.4456354071845587,8803,2,1,SHELF_NORMAL_Y_NEG,1246.8452994616207,24.99568236389409,4860.566243270259,-18.659217834472656,-58.56745529174805,21.61710929870605,-0.004245935473591,-0.0013780386652797,0.0011856409255415,-0.004240630660206,-0.0011209420626983,0.0009127901284955,0.0057617402635514,63.93268777818085,0.1800920782483967,-0.0091475268101008,0.0105265727118089,0.4218543590981223
BH050,418,3088893,4.179999828338623,0.4454927612010737,5809,3,5,SIDE_NORMAL_X_POS,-1250.0,-24.15470053837925,439.4337567297406,115.46100616455078,-407.7821960449219,48.62777328491211,0.2828487455844879,-0.4352151453495025,0.0425207279622554,0.2816970646381378,-0.4330737590789795,0.0419071875512599,0.5300130248069763,483.5229953280741,1.3620366065579552,3.5096623292292657,0.5165777160169812,0.5385553506579153
BH050,418,3088893,4.179999828338623,0.4454927612010737,8857,1,1,SHELF_NORMAL_Y_NEG,1246.8452994616207,25.009422437046773,2189.4337567297407,-206.50241088867188,-306.49639892578125,-117.60484313964844,0.0002984056482091,-0.0070748073048889,-0.005971698090434,0.0008543877047486,-0.0058875703252851,-0.0044876071624457,0.0073436326347291,338.7974916379097,0.9543591313743934,-0.0268628495487276,0.3266097432002706,0.3619825278703239
BH050,418,3088893,4.179999828338623,0.4454927612010737,7318,1,1,SHELF_NORMAL_Y_NEG,-29.717559197604437,30.49643744586834,860.5662432702593,357.9164428710937,350.7616577148437,-5.9110107421875,0.0029141693376004,0.0013433239655569,-0.0001504983229096,0.001686377916485,0.00016245439474,-7.590110908495262e-05,0.0021775150671601,354.54107790139057,0.998707261694058,-121.32863720874572,0.4271431839007973,0.4281585259896321
BH050,418,3088893,4.179999828338623,0.4454927612010737,7687,4,5,SHELF_NORMAL_Y_POS,-392.1574408023956,-20.81674579952917,689.4337567297406,114.2312240600586,57.09056854248047,36.19026947021485,0.0003791526833083,0.000246598618105,3.925924829673022e-05,-9.206144022755323e-05,0.0001356393331661,-0.0004175659269094,0.0005152153316885,117.11441778385375,0.3298997684052219,97.32501188725662,0.0383439907253837,0.3571644698394131
BH050,418,3088893,4.179999828338623,0.4454927612010737,6592,3,5,SHELF_NORMAL_Y_NEG,592.2175591976044,22.738223297176344,4589.433756729741,-89.3548355102539,-28.036888122558597,34.788082122802734,-0.0003688352880999,-0.0004137005598749,0.00036448505125,2.4110335289151408e-05,-0.0004077263001818,-7.457813626388088e-05,0.0004597895604092,99.47740533206216,0.2802180431889075,1.3904126726120736,0.0252771348279608,0.379364011692263
BH050,418,3088893,4.179999828338623,0.4454927612010737,7690,1,1,SHELF_NORMAL_Y_POS,-310.96755919760443,-21.386331148337096,539.4337567297406,-17.53653335571289,-108.74874877929688,-131.81602478027344,3.967221346101724e-05,-0.0007450861157849,-0.002012399258092,-3.3639083994785324e-05,-0.0002427382278256,-0.0003488196525722,0.0003835926472675,249.70610218707003,0.703397470949493,73.75056398072456,0.1363058160452987,0.3553389779109036
BH050,418,3088893,4.179999828338623,0.4454927612010737,8803,2,1,SHELF_NORMAL_Y_NEG,1246.8452994616207,24.99568236389409,4860.566243270259,-16.009716033935547,-58.86127471923828,22.158935546875,-0.0042326394468545,-0.0013833201956003,0.0011924796272069,-0.004240630660206,-0.0011209420626983,0.0009127901284955,0.0057617402635514,65.20478240989766,0.1836754434081624,-0.0091992862500134,0.0107558358745891,0.4218543590981223
BH050,419,3099379,4.190000057220459,0.4449594408632055,5809,3,5,SIDE_NORMAL_X_POS,-1250.0,-24.15470053837925,439.4337567297406,106.72649383544922,-400.74945068359375,-35.03539276123047,0.2832414209842682,-0.4358218312263489,0.0413282252848148,0.2821428775787353,-0.4337276518344879,0.0417705588042736,0.5307188034057617,467.379595966013,1.3165622421577832,3.5174501526397632,0.4845003861759991,0.5385553506579153
BH050,419,3099379,4.190000057220459,0.4449594408632055,8857,1,1,SHELF_NORMAL_Y_NEG,1246.8452994616207,25.009422437046773,2189.4337567297407,-203.01876831054688,-305.9674377441406,-115.02848052978516,0.0003145480877719,-0.0070772995240986,-0.0059391749091446,0.0008543877047486,-0.0058875703252851,-0.0044876071624457,0.0073436326347291,335.2763261715181,0.9444403554127272,-0.0268621856481024,0.3202855486751274,0.3619825278703239
BH050,419,3099379,4.190000057220459,0.4449594408632055,7318,1,1,SHELF_NORMAL_Y_NEG,-29.717559197604437,30.49643744586834,860.5662432702593,358.02020263671875,351.00518798828125,-6.06956148147583,0.0029161018319427,0.0013460369082167,-0.0001526770647615,0.0016881607007235,0.0001641377602936,-7.6079108112026e-05,0.0021809823811054,354.7205628242519,0.9992128530260616,-121.44739661467196,0.4275699893464425,0.4281585259896321
BH050,419,3099379,4.190000057220459,0.4449594408632055,7687,4,5,SHELF_NORMAL_Y_POS,-392.1574408023956,-20.81674579952917,689.4337567297406,113.8195571899414,55.81436538696289,36.68495559692383,0.0003790150512941,0.0002410020679235,4.550258017843589e-05,-9.206144022755323e-05,0.0001356393331661,-0.0004175659269094,0.0005152153316885,117.28054625864792,0.3303677359398533,97.42696449272285,0.0382397195566237,0.3571644698394131
BH050,419,3099379,4.190000057220459,0.4449594408632055,6592,3,5,SHELF_NORMAL_Y_NEG,592.2175591976044,22.738223297176344,4589.433756729741,-88.59909057617188,-26.662328720092773,34.46706008911133,-0.0003671673766802,-0.000408129155403,0.0003604360972531,2.4110335289151408e-05,-0.0004077263001818,-7.457813626388088e-05,0.0004597895604092,98.80463167290822,0.2783229061208682,1.4039840641007424,0.0248361377422166,0.379364011692263
BH050,419,3099379,4.190000057220459,0.4449594408632055,7690,1,1,SHELF_NORMAL_Y_POS,-310.96755919760443,-21.386331148337096,539.4337567297406,-16.837154388427734,-108.9333267211914,-131.69686889648438,4.3336265662219375e-05,-0.0007469992851838,-0.0020109023898839,-3.3639083994785324e-05,-0.0002427382278256,-0.0003488196525722,0.0003835926472675,249.6958710708073,0.7033686509036825,73.82845106720512,0.1362539093321492,0.3553389779109036
BH050,419,3099379,4.190000057220459,0.4449594408632055,8803,2,1,SHELF_NORMAL_Y_NEG,1246.8452994616207,24.99568236389409,4860.566243270259,-16.130680084228516,-59.91386413574219,25.934938430786133,-0.0042316881008446,-0.0013882600469514,0.0012401335407048,-0.004240630660206,-0.0011209420626983,0.0009127901284955,0.0057617402635514,70.00915422213237,0.1972088851327672,-0.0091901336146551,0.0121798482731442,0.4218543590981223
BH050,420,3109865,4.200000286102295,0.4446794000681645,5809,3,5,SIDE_NORMAL_X_POS,-1250.0,-24.15470053837925,439.4337567297406,101.43492126464844,-394.6319274902344,-100.50255584716795,0.2836549878120422,-0.4364412426948547,0.040361788123846,0.2825906276702881,-0.4343842267990112,0.0416303388774395,0.5314270257949829,486.1637081637736,1.3694752342641507,3.524839220990362,0.522216884459822,0.5385553506579153
BH050,420,3109865,4.200000286102295,0.4446794000681645,8857,1,1,SHELF_NORMAL_Y_NEG,1246.8452994616207,25.009422437046773,2189.4337567297407,-204.38661193847656,-306.5111389160156,-111.40657043457033,0.0003086972865276,-0.0070779467932879,-0.0058934595435857,0.0008543877047486,-0.0058875703252851,-0.0044876071624457,0.0073436326347291,332.1301913750283,0.9355780038733192,-0.0268745974695543,0.3165006307827153,0.3619825278703239
BH050,420,3109865,4.200000286102295,0.4446794000681645,7318,1,1,SHELF_NORMAL_Y_NEG,-29.717559197604437,30.49643744586834,860.5662432702593,357.6169738769531,351.52410888671875,-6.036145687103272,0.0029151448979973,0.0013508127303794,-0.000152434251504,0.0016899299807846,0.0001658130349824,-7.62579365982674e-05,0.0021844287402927,354.7638880056959,0.9993348957906928,-121.5609774301348,0.4276802722896387,0.4281585259896321
BH050,420,3109865,4.200000286102295,0.4446794000681645,7687,4,5,SHELF_NORMAL_Y_POS,-392.1574408023956,-20.81674579952917,689.4337567297406,113.68148040771484,54.68315124511719,36.609771728515625,0.0003799973928835,0.0002357110352022,4.455428643268533e-05,-9.206144022755323e-05,0.0001356393331661,-0.0004175659269094,0.0005152153316885,117.12425277850949,0.3299274726155196,97.52474769859714,0.0380242053071798,0.3571644698394131
BH050,420,3109865,4.200000286102295,0.4446794000681645,6592,3,5,SHELF_NORMAL_Y_NEG,592.2175591976044,22.738223297176344,4589.433756729741,-88.71109008789062,-27.7838191986084,35.14066696166992,-0.0003660797374323,-0.0004134103946853,0.0003689380828291,2.4110335289151408e-05,-0.0004077263001818,-7.457813626388088e-05,0.0004597895604092,99.4055564315315,0.280015651919807,1.3927412868495563,0.0251793857656004,0.379364011692263
BH050,420,3109865,4.200000286102295,0.4446794000681645,7690,1,1,SHELF_NORMAL_Y_POS,-310.96755919760443,-21.386331148337096,539.4337567297406,-16.1754093170166,-108.20958709716795,-131.63250732421875,4.549414734356105e-05,-0.0007444490911439,-0.0020100981928408,-3.3639083994785324e-05,-0.0002427382278256,-0.0003488196525722,0.0003835926472675,249.4032381433169,0.7025443327980759,73.90288953691382,0.1358355956391967,0.3553389779109036
BH050,420,3109865,4.200000286102295,0.4446794000681645,8803,2,1,SHELF_NORMAL_Y_NEG,1246.8452994616207,24.99568236389409,4860.566243270259,-19.656179428100582,-61.65389251708984,21.12133026123047,-0.0042462670244276,-0.001391575904563,0.0011793776648119,-0.004240630660206,-0.0011209420626983,0.0009127901284955,0.0057617402635514,65.68119711510833,0.1850174566622769,-0.0091217852046656,0.0112127157775327,0.4218543590981223
BH050,421,3120351,4.210000514984131,0.4445263701941462,5809,3,5,SIDE_NORMAL_X_POS,-1250.0,-24.15470053837925,439.4337567297406,105.4232940673828,-392.3512573242188,-102.34111785888672,0.2841255664825439,-0.4371031522750854,0.0402088798582553,0.2830454111099243,-0.4350512623786926,0.0415005758404731,0.5321451425552368,487.6860211737992,1.3737634399261949,3.532875536156422,0.5241839007400101,0.5385553506579153
BH050,421,3120351,4.210000514984131,0.4445263701941462,8857,1,1,SHELF_NORMAL_Y_NEG,1246.8452994616207,25.009422437046773,2189.4337567297407,-207.80332946777344,-307.5793151855469,-119.84971618652344,0.0002936713863164,-0.0070781512185931,-0.0060000279918313,0.0008543877047486,-0.0058875703252851,-0.0044876071624457,0.0073436326347291,341.9987083409794,0.9633766432140264,-0.0268420415043846,0.3319801378367086,0.3619825278703239
BH050,421,3120351,4.210000514984131,0.4445263701941462,7318,1,1,SHELF_NORMAL_Y_NEG,-29.717559197604437,30.49643744586834,860.5662432702593,357.46588134765625,351.4801330566406,-6.0730977058410645,0.0029162964783608,0.0013525625690817,-0.0001530849258415,0.0016917632892727,0.000167556485394,-7.644231664016843e-05,0.0021880059503018,354.6669314569953,0.9990617787520994,-121.67256276200834,0.4274414485262251,0.4281585259896321
BH050,421,3120351,4.210000514984131,0.4445263701941462,7687,4,5,SHELF_NORMAL_Y_POS,-392.1574408023956,-20.81674579952917,689.4337567297406,114.18651580810548,56.12880325317383,36.5093879699707,0.0003803430590778,0.0002419943921267,4.328836075728759e-05,-9.206144022755323e-05,0.0001356393331661,-0.0004175659269094,0.0005152153316885,117.38252296187524,0.3306549942588035,97.62401447480067,0.0383656109820295,0.3571644698394131
BH050,421,3120351,4.210000514984131,0.4445263701941462,6592,3,5,SHELF_NORMAL_Y_NEG,592.2175591976044,22.738223297176344,4589.433756729741,-88.4363784790039,-27.16594123840332,34.7297477722168,-0.0003656433545984,-0.0004108108405489,0.0003637518384493,2.4110335289151408e-05,-0.0004077263001818,-7.457813626388088e-05,0.0004597895604092,98.86854950750306,0.2785029563591635,1.4051515867833722,0.0248881263476854,0.379364011692263
BH050,421,3120351,4.210000514984131,0.4445263701941462,7690,1,1,SHELF_NORMAL_Y_POS,-310.96755919760443,-21.386331148337096,539.4337567297406,-15.87028980255127,-107.9034423828125,-131.62396240234375,4.652993084164336e-05,-0.0007434092694893,-0.0020099927205592,-3.3639083994785324e-05,-0.0002427382278256,-0.0003488196525722,0.0003835926472675,249.31338213311088,0.7022912172763687,73.98102241113446,0.1356927848398786,0.3553389779109036
BH050,421,3120351,4.210000514984131,0.4445263701941462,8803,2,1,SHELF_NORMAL_Y_NEG,1246.8452994616207,24.99568236389409,4860.566243270259,-12.750846862792969,-60.734596252441406,27.983081817626957,-0.0042141024023294,-0.0013971745502203,0.0012659842614084,-0.004240630660206,-0.0011209420626983,0.0009127901284955,0.0057617402635514,73.66149839375412,0.2074971785739552,-0.0090969046780308,0.0131605124984864,0.4218543590981223
BH050,422,3130836,4.21999979019165,0.4440211508112955,5809,3,5,SIDE_NORMAL_X_POS,-1250.0,-24.15470053837925,439.4337567297406,104.08479309082033,-401.5787353515625,-31.42508316040039,0.2845860719680786,-0.4378061890602112,0.0409676767885685,0.2834983170032501,-0.4357136487960815,0.0413643792271614,0.5328583717346191,465.6822650402032,1.3117810282822626,3.540040014213194,0.4811926237924875,0.5385553506579153
BH050,422,3130836,4.21999979019165,0.4440211508112955,8857,1,1,SHELF_NORMAL_Y_NEG,1246.8452994616207,25.009422437046773,2189.4337567297407,-202.66297912597656,-306.50927734375,-117.84303283691406,0.000317071302561,-0.0070804716087877,-0.0059747090563178,0.0008543877047486,-0.0058875703252851,-0.0044876071624457,0.0073436326347291,338.47167990006983,0.9534413518311826,-0.0267445845736582,0.3248820180723017,0.3619825278703239
BH050,422,3130836,4.21999979019165,0.4440211508112955,7318,1,1,SHELF_NORMAL_Y_NEG,-29.717559197604437,30.49643744586834,860.5662432702593,357.5619812011719,351.2996826171875,-6.11253023147583,0.0029178881086409,0.0013523850357159,-0.0001536715280963,0.0016926440875977,0.0001683948794379,-7.653143256902695e-05,0.0021897263359278,354.63039347042934,0.9989588548462798,-121.78128505652612,0.4273418415399374,0.4281585259896321
BH050,422,3130836,4.21999979019165,0.4440211508112955,7687,4,5,SHELF_NORMAL_Y_POS,-392.1574408023956,-20.81674579952917,689.4337567297406,113.6806869506836,54.3137321472168,36.85916519165039,0.0003805316518992,0.000233919112361,4.770150917465799e-05,-9.206144022755323e-05,0.0001356393331661,-0.0004175659269094,0.0005152153316885,117.3654628920451,0.3306069377240707,97.71764881451897,0.038102844108794,0.3571644698394131
BH050,422,3130836,4.21999979019165,0.4440211508112955,6592,3,5,SHELF_NORMAL_Y_NEG,592.2175591976044,22.738223297176344,4589.433756729741,-89.61339569091797,-27.989892959594727,34.37982940673828,-0.0003701550303958,-0.0004130979359615,0.0003593385918065,2.4110335289151408e-05,-0.0004077263001818,-7.457813626388088e-05,0.0004597895604092,99.25544545324092,0.2795928040936364,1.396463142918141,0.0252003702037813,0.379364011692263
BH050,422,3130836,4.21999979019165,0.4440211508112955,7690,1,1,SHELF_NORMAL_Y_POS,-310.96755919760443,-21.386331148337096,539.4337567297406,-15.702061653137209,-108.08937072753906,-131.47027587890625,4.761727541335858e-05,-0.0007445563678629,-0.0020080737303942,-3.3639083994785324e-05,-0.0002427382278256,-0.0003488196525722,0.0003835926472675,249.17050620057108,0.7018887498607637,74.05244111723755,0.1355470860954053,0.3553389779109036
BH050,422,3130836,4.21999979019165,0.4440211508112955,8803,2,1,SHELF_NORMAL_Y_NEG,1246.8452994616207,24.99568236389409,4860.566243270259,-14.872142791748049,-61.43971252441406,25.590621948242188,-0.0042233825661242,-0.001397505402565,0.0012357884552329,-0.004240630660206,-0.0011209420626983,0.0009127901284955,0.0057617402635514,71.04166751736133,0.2001173732883417,-0.0091017290810436,0.0125000613333011,0.4218543590981223
BH050,423,3141322,4.230000019073486,0.4433746068630084,5809,3,5,SIDE_NORMAL_X_POS,-1250.0,-24.15470053837925,439.4337567297406,104.9373779296875,-395.361572265625,-81.24457550048828,0.285044252872467,-0.4384546279907226,0.0402146503329277,0.2839612364768982,-0.4363905191421509,0.0412400551140308,0.5335872769355774,478.1347885100832,1.346858559183333,3.547562298940306,0.5048359208901386,0.5385553506579153
BH050,423,3141322,4.230000019073486,0.4433746068630084,8857,1,1,SHELF_NORMAL_Y_NEG,1246.8452994616207,25.009422437046773,2189.4337567297407,-204.38571166992188,-306.0456237792969,-108.5920639038086,0.0003080255410168,-0.0070756999775767,-0.0058579510077834,0.0008543877047486,-0.0058875703252851,-0.0044876071624457,0.0073436326347291,329.03312808644233,0.9268538819336404,-0.0267524937541062,0.3120444905528078,0.3619825278703239
BH050,423,3141322,4.230000019073486,0.4433746068630084,7318,1,1,SHELF_NORMAL_Y_NEG,-29.717559197604437,30.49643744586834,860.5662432702593,357.4030456542969,351.9286804199219,-6.175825119018555,0.0029176147654652,0.0013570267474278,-0.0001546136627439,0.0016940586501732,0.0001697443949524,-7.66742232372053e-05,0.0021924918983131,354.8588076370646,0.9996022750339848,-121.89285844721542,0.4279003699016669,0.4281585259896321
BH050,423,3141322,4.230000019073486,0.4433746068630084,7687,4,5,SHELF_NORMAL_Y_POS,-392.1574408023956,-20.81674579952917,689.4337567297406,113.6852569580078,54.60804748535156,37.15777206420898,0.0003801272832788,0.0002353408199269,5.147164119989611e-05,-9.206144022755323e-05,0.0001356393331661,-0.0004175659269094,0.0005152153316885,117.6450027147372,0.3313943738443301,97.81404626675727,0.038273895844759,0.3571644698394131
BH050,423,3141322,4.230000019073486,0.4433746068630084,6592,3,5,SHELF_NORMAL_Y_NEG,592.2175591976044,22.738223297176344,4589.433756729741,-88.32976531982422,-27.423852920532227,34.768531799316406,-0.0003647475386969,-0.0004122190293855,0.0003642424708232,2.4110335289151408e-05,-0.0004077263001818,-7.457813626388088e-05,0.0004597895604092,98.78474106999748,0.278266876253514,1.4009645087759757,0.0248644359349871,0.379364011692263
BH050,423,3141322,4.230000019073486,0.4433746068630084,7690,1,1,SHELF_NORMAL_Y_POS,-310.96755919760443,-21.386331148337096,539.4337567297406,-14.93803596496582,-107.54530334472656,-131.63612365722656,5.053394488641061e-05,-0.0007430284749716,-0.0020101794507354,-3.3639083994785324e-05,-0.0002427382278256,-0.0003488196525722,0.0003835926472675,249.3327670709871,0.702345822735175,74.12647585090913,0.1356147344425908,0.3553389779109036
BH050,423,3141322,4.230000019073486,0.4433746068630084,8803,2,1,SHELF_NORMAL_Y_NEG,1246.8452994616207,24.99568236389409,4860.566243270259,-13.604303359985352,-61.64546203613281,25.58279228210449,-0.0042169359512627,-0.001400347566232,0.001235686824657,-0.004240630660206,-0.0011209420626983,0.0009127901284955,0.0057617402635514,71.48450374802013,0.2013647992901975,-0.0090558022151282,0.0125805345590936,0.4218543590981223
BH050,424,3151808,4.240000247955322,0.4431017072305605,5809,3,5,SIDE_NORMAL_X_POS,-1250.0,-24.15470053837925,439.4337567297406,111.4801025390625,-399.02728271484375,-21.61390686035156,0.285542219877243,-0.4391575753688812,0.0408162921667099,0.2844225168228149,-0.437065064907074,0.0410889685153961,0.5343149304389954,466.4071943218177,1.3138230825966697,3.5549496387562654,0.4813341768190886,0.5385553506579153
BH050,424,3151808,4.240000247955322,0.4431017072305605,8857,1,1,SHELF_NORMAL_Y_NEG,1246.8452994616207,25.009422437046773,2189.4337567297407,-202.90231323242188,-305.99835205078125,-116.12886810302734,0.0003151586570311,-0.0070776450447738,-0.0059530758298933,0.0008543877047486,-0.0058875703252851,-0.0044876071624457,0.0073436326347291,336.4138949525125,0.9476447745141198,-0.026814801176941,0.3218737508515964,0.3619825278703239
BH050,424,3151808,4.240000247955322,0.4431017072305605,7318,1,1,SHELF_NORMAL_Y_NEG,-29.717559197604437,30.49643744586834,860.5662432702593,356.9881286621094,351.82916259765625,-6.112334251403809,0.0029178231488913,0.0013591479510068,-0.0001540227385703,0.001696134568192,0.0001717360428301,-7.688466575928032e-05,0.0021965613123029,354.5948831911582,0.9988588258905864,-122.00374541874818,0.4272735607703817,0.4281585259896321
BH050,424,3151808,4.240000247955322,0.4431017072305605,7687,4,5,SHELF_NORMAL_Y_POS,-392.1574408023956,-20.81674579952917,689.4337567297406,113.8717803955078,54.23720932006836,36.86009216308594,0.0003815746749751,0.0002332709700567,4.771524254465476e-05,-9.206144022755323e-05,0.0001356393331661,-0.0004175659269094,0.0005152153316885,117.5090159907963,0.3310113126501304,97.90833557807188,0.0381868001960416,0.3571644698394131
BH050,424,3151808,4.240000247955322,0.4431017072305605,6592,3,5,SHELF_NORMAL_Y_NEG,592.2175591976044,22.738223297176344,4589.433756729741,-88.4161605834961,-27.681957244873047,34.79780960083008,-0.0003647912817541,-0.0004133470647502,0.000364613108104,2.4110335289151408e-05,-0.0004077263001818,-7.457813626388088e-05,0.0004597895604092,98.83743466547604,0.2784153089168339,1.3994112202823306,0.0249122758257094,0.379364011692263
BH050,424,3151808,4.240000247955322,0.4431017072305605,7690,1,1,SHELF_NORMAL_Y_POS,-310.96755919760443,-21.386331148337096,539.4337567297406,-14.954760551452637,-107.35191345214844,-131.33901977539062,5.017071816837415e-05,-0.0007420612964779,-0.0020064541604369,-3.3639083994785324e-05,-0.0002427382278256,-0.0003488196525722,0.0003835926472675,248.7819735657169,0.7007942917344138,74.20029910337209,0.1350264312994818,0.3553389779109036
BH050,424,3151808,4.240000247955322,0.4431017072305605,8803,2,1,SHELF_NORMAL_Y_NEG,1246.8452994616207,24.99568236389409,4860.566243270259,-10.152103424072266,-61.01104736328125,26.315261840820312,-0.004201072268188,-0.0014022926334291,0.0012449356727302,-0.004240630660206,-0.0011209420626983,0.0009127901284955,0.0057617402635514,72.687699500723,0.2047540831006281,-0.0090388211419819,0.0127513293964405,0.4218543590981223
BH050,425,3162294,4.250000476837158,0.4426949673289742,5809,3,5,SIDE_NORMAL_X_POS,-1250.0,-24.15470053837925,439.4337567297406,105.22830200195312,-391.6302795410156,-107.14801788330078,0.2859621345996856,-0.4397839903831482,0.0396073944866657,0.2848827242851257,-0.4377354681491852,0.0409595891833305,0.5350374579429626,489.999952993059,1.3802815577269267,3.562488433969415,0.5291260569070788,0.5385553506579153
BH050,425,3162294,4.250000476837158,0.4426949673289742,8857,1,1,SHELF_NORMAL_Y_NEG,1246.8452994616207,25.009422437046773,2189.4337567297407,-205.442138671875,-306.4964294433594,-112.89730834960938,0.0003035573754459,-0.0070763700641691,-0.0059122913517057,0.0008543877047486,-0.0058875703252851,-0.0044876071624457,0.0073436326347291,333.7913395239985,0.9402572944337986,-0.0267494226526244,0.3191821505162113,0.3619825278703239
BH050,425,3162294,4.250000476837158,0.4426949673289742,7318,1,1,SHELF_NORMAL_Y_NEG,-29.717559197604437,30.49643744586834,860.5662432702593,356.9230041503906,352.1277160644531,-6.184084415435791,0.0029183675069361,0.0013619511155411,-0.0001550615561427,0.0016974339960142,0.0001729844661895,-7.701820868533105e-05,0.0021991105750203,354.71144011765284,0.999187155260994,-122.11080416420602,0.4275565805661959,0.4281585259896321
BH050,425,3162294,4.250000476837158,0.4426949673289742,7687,4,5,SHELF_NORMAL_Y_POS,-392.1574408023956,-20.81674579952917,689.4337567297406,113.77674102783205,53.49535751342773,37.25531768798828,0.0003821948776021,0.0002298090694239,5.27027077623643e-05,-9.206144022755323e-05,0.0001356393331661,-0.0004175659269094,0.0005152153316885,117.8314420029987,0.3319195549380245,98.00099193033503,0.0382556437786224,0.3571644698394131
BH050,425,3162294,4.250000476837158,0.4426949673289742,6592,3,5,SHELF_NORMAL_Y_NEG,592.2175591976044,22.738223297176344,4589.433756729741,-89.1722183227539,-27.99913024902344,34.28275680541992,-0.0003680012014228,-0.000413784669945,0.0003581128257792,2.4110335289151408e-05,-0.0004077263001818,-7.457813626388088e-05,0.0004597895604092,98.81707090593316,0.2783579462138962,1.3944546853624011,0.0249849713591478,0.379364011692263
BH050,425,3162294,4.250000476837158,0.4426949673289742,7690,1,1,SHELF_NORMAL_Y_POS,-310.96755919760443,-21.386331148337096,539.4337567297406,-14.454225540161133,-106.97673797607422,-131.20379638671875,5.205359411775135e-05,-0.0007409675745293,-0.0020047496072947,-3.3639083994785324e-05,-0.0002427382278256,-0.0003488196525722,0.0003835926472675,248.49545220098744,0.6999871892985562,74.27209971033672,0.1346578262363555,0.3553389779109036
BH050,425,3162294,4.250000476837158,0.4426949673289742,8803,2,1,SHELF_NORMAL_Y_NEG,1246.8452994616207,24.99568236389409,4860.566243270259,-17.496864318847656,-63.94477844238281,31.206336975097656,-0.0042324438691139,-0.0014058389933779,0.0013066697865724,-0.004240630660206,-0.0011209420626983,0.0009127901284955,0.0057617402635514,78.72577875729452,0.2217627570628014,-0.0090341948398083,0.0151821167435041,0.4218543590981223
BH050,426,3172780,4.260000705718994,0.4427748770962105,5809,3,5,SIDE_NORMAL_X_POS,-1250.0,-24.15470053837925,439.4337567297406,109.1412353515625,-397.8819580078125,-46.32072067260742,0.2864455580711365,-0.4404860436916351,0.0400558710098266,0.2853375971317291,-0.4384013712406158,0.0406401567161083,0.5357640385627747,469.1311305745508,1.3214961424635232,3.569657799606892,0.487504852694996,0.5385553506579153
BH050,426,3172780,4.260000705718994,0.4427748770962105,8857,1,1,SHELF_NORMAL_Y_NEG,1246.8452994616207,25.009422437046773,2189.4337567297407,-200.54254150390625,-304.8564758300781,-107.74972534179688,0.0003249530273023,-0.0070755509659647,-0.0058473511599004,0.0008543877047486,-0.0058875703252851,-0.0044876071624457,0.0073436326347291,326.8762751947454,0.9207782399851984,-0.0266874572934712,0.3074256028054698,0.3619825278703239
BH050,426,3172780,4.260000705718994,0.4427748770962105,7318,1,1,SHELF_NORMAL_Y_NEG,-29.717559197604437,30.49643744586834,860.5662432702593,356.98992919921875,352.1112365722656,-6.260452747344971,0.0029198199044913,0.0013628408778458,-0.0001561401586513,0.0016985404072329,0.0001740505394991,-7.713225932093337e-05,0.0022012838162481,354.7415211978096,0.9992718906980552,-122.21555390475515,0.4276240842481852,0.4281585259896321
BH050,426,3172780,4.260000705718994,0.4427748770962105,7687,4,5,SHELF_NORMAL_Y_POS,-392.1574408023956,-20.81674579952917,689.4337567297406,114.02758026123048,54.00535202026367,37.27048873901367,0.0003826691245194,0.0002319203777005,5.289560067467392e-05,-9.206144022755323e-05,0.0001356393331661,-0.0004175659269094,0.0005152153316885,118.017098284834,0.3324425303798141,98.09133348103109,0.0384303864301088,0.3571644698394131
BH050,426,3172780,4.260000705718994,0.4427748770962105,6592,3,5,SHELF_NORMAL_Y_NEG,592.2175591976044,22.738223297176344,4589.433756729741,-88.28739929199219,-27.63611602783203,34.52369689941406,-0.0003642349911388,-0.0004133102775085,0.0003611561842262,2.4110335289151408e-05,-0.0004077263001818,-7.457813626388088e-05,0.0004597895604092,98.45890470153658,0.277349027328272,1.401902047960384,0.0247422886995341,0.379364011692263
BH050,426,3172780,4.260000705718994,0.4427748770962105,7690,1,1,SHELF_NORMAL_Y_POS,-310.96755919760443,-21.386331148337096,539.4337567297406,-14.11878490447998,-106.76593780517578,-131.3075714111328,5.337495531421155e-05,-0.0007404322386719,-0.0020060644019395,-3.3639083994785324e-05,-0.0002427382278256,-0.0003488196525722,0.0003835926472675,248.62810617721905,0.7003608624710395,74.34084703806278,0.1347543349139102,0.3553389779109036
BH050,426,3172780,4.260000705718994,0.4427748770962105,8803,2,1,SHELF_NORMAL_Y_NEG,1246.8452994616207,24.99568236389409,4860.566243270259,-11.911691665649414,-63.05829620361328,28.404449462890625,-0.0042066113092005,-0.0014096687082201,0.0012713071191683,-0.004240630660206,-0.0011209420626983,0.0009127901284955,0.0057617402635514,76.0759119890864,0.2142983436312293,-0.0089800234416665,0.0139914823799066,0.4218543590981223
BH050,427,3183265,4.269999980926514,0.442125487622423,5809,3,5,SIDE_NORMAL_X_POS,-1250.0,-24.15470053837925,439.4337567297406,110.53166198730467,-398.4577026367188,-30.921607971191406,0.2869205474853515,-0.4411660432815552,0.0401842333376407,0.2858037054538727,-0.4390772581100464,0.0405739955604076,0.5364890694618225,466.7937646486502,1.3149120130947891,3.5760094491506837,0.4826086367445115,0.5385553506579153
BH050,427,3183265,4.269999980926514,0.442125487622423,8857,1,1,SHELF_NORMAL_Y_NEG,1246.8452994616207,25.009422437046773,2189.4337567297407,-203.07257080078125,-305.0432434082031,-108.99095153808594,0.0003129495889879,-0.007072776556015,-0.0058630085550248,0.0008543877047486,-0.0058875703252851,-0.0044876071624457,0.0073436326347291,328.6046504050947,0.9256469025495624,-0.0267032239004182,0.310698219440585,0.3619825278703239
BH050,427,3183265,4.269999980926514,0.442125487622423,7318,1,1,SHELF_NORMAL_Y_NEG,-29.717559197604437,30.49643744586834,860.5662432702593,356.85260009765625,351.9449157714844,-6.272688388824463,0.0029204944148659,0.0013632926857098,-0.0001564064441481,0.0016996359918266,0.0001751074596541,-7.724450551904738e-05,0.0022034379653632,354.5907267661128,0.998847117651022,-122.30950527568628,0.4272616910677285,0.4281585259896321
BH050,427,3183265,4.269999980926514,0.442125487622423,7687,4,5,SHELF_NORMAL_Y_POS,-392.1574408023956,-20.81674579952917,689.4337567297406,113.56397247314452,53.20895385742188,37.5744743347168,0.0003815776435658,0.0002287302922923,5.673172199749388e-05,-9.206144022755323e-05,0.0001356393331661,-0.0004175659269094,0.0005152153316885,117.98674420410192,0.3323570259270477,98.17393125956002,0.0382786720345355,0.3571644698394131
BH050,427,3183265,4.269999980926514,0.442125487622423,6592,3,5,SHELF_NORMAL_Y_NEG,592.2175591976044,22.738223297176344,4589.433756729741,-88.58014678955078,-28.21307373046875,34.80185317993164,-0.0003648148267529,-0.0004156848590355,0.0003646667173597,2.4110335289151408e-05,-0.0004077263001818,-7.457813626388088e-05,0.0004597895604092,98.8777461131798,0.2785288622906473,1.392278500958322,0.0249815639845056,0.379364011692263
BH050,427,3183265,4.269999980926514,0.442125487622423,7690,1,1,SHELF_NORMAL_Y_POS,-310.96755919760443,-21.386331148337096,539.4337567297406,-13.622596740722656,-106.24393463134766,-131.1558074951172,5.502388012246229e-05,-0.0007386239594779,-0.0020041477400809,-3.3639083994785324e-05,-0.0002427382278256,-0.0003488196525722,0.0003835926472675,248.2570603817112,0.6993156630470737,74.4036940595638,0.1342873974671672,0.3553389779109036
BH050,427,3183265,4.269999980926514,0.442125487622423,8803,2,1,SHELF_NORMAL_Y_NEG,1246.8452994616207,24.99568236389409,4860.566243270259,-13.963823318481444,-63.97677993774414,21.25343513488769,-0.0042152227833867,-0.0014111391501501,0.0011810516007244,-0.004240630660206,-0.0011209420626983,0.0009127901284955,0.0057617402635514,68.91866072722914,0.1941370724710679,-0.0089726796869113,0.0119551772638884,0.4218543590981223
BH050,428,3193751,4.28000020980835,0.4415728863619882,5809,3,5,SIDE_NORMAL_X_POS,-1250.0,-24.15470053837925,439.4337567297406,105.666259765625,-393.0738220214844,-94.22029113769533,0.2873534262180328,-0.4418079555034637,0.0392907224595546,0.2862696647644043,-0.4397526085376739,0.0404794588685035,0.5372157096862793,483.5694555929267,1.3621674805434556,3.5828589762752427,0.5158001782986992,0.5385553506579153
BH050,428,3193751,4.28000020980835,0.4415728863619882,8857,1,1,SHELF_NORMAL_Y_NEG,1246.8452994616207,25.009422437046773,2189.4337567297407,-201.8544921875,-304.92431640625,-110.81613159179688,0.0003186887479387,-0.0070739672519266,-0.0058860601857304,0.0008543877047486,-0.0058875703252851,-0.0044876071624457,0.0073436326347291,330.17325265866026,0.9300655004469304,-0.0266872266447612,0.3124325936047368,0.3619825278703239
BH050,428,3193751,4.28000020980835,0.4415728863619882,7318,1,1,SHELF_NORMAL_Y_NEG,-29.717559197604437,30.49643744586834,860.5662432702593,356.5245361328125,352.7359313964844,-6.2441887855529785,0.0029191540088504,0.0013689622282981,-0.0001561933895573,0.0017010488081723,0.0001764713815646,-7.739100692560896e-05,0.0022062165662646,354.8102838491638,0.9994655883075036,-122.4081345903226,0.4277936030413601,0.4281585259896321
BH050,428,3193751,4.28000020980835,0.4415728863619882,7687,4,5,SHELF_NORMAL_Y_POS,-392.1574408023956,-20.81674579952917,689.4337567297406,114.16094207763672,53.83881759643555,37.90046310424805,0.0003835561801679,0.0002309194678673,6.084778942749836e-05,-9.206144022755323e-05,0.0001356393331661,-0.0004175659269094,0.0005152153316885,118.71977151944851,0.3344218916040803,98.2605691567913,0.038776496118711,0.3571644698394131
