case,frame_index,frame_id,step_time_s,P_over_Pu,element,integration_point,section_point,panel,x_ip_mm,y_ip_mm,z_ip_mm,sigma_x_transverse_MPa,sigma_y_axial_MPa,tau_xy_MPa,LE_x_transverse,LE_y_axial,gamma_xy_engineering,PE_x_transverse,PE_y_axial,PE_xy_engineering,PEEQ,sigma_VM_MPa,sigma_VM_over_fy,w_local_ref_normal_mm,Y_s_MPa,Y_s_max_MPa
BH032,427,3143983,4.269999980926514,0.4464220660442977,4371,1,1,SHELF_NORMAL_Y_POS,-796.8452994616207,-25.01400788112261,1906.475208614068,-404.547607421875,-194.9344787597656,19.46087074279785,-0.0020953631028532,-0.0090924073010683,0.0022439856547862,-0.0004155166971031,-0.0087348902598023,0.0019983849488198,0.0107040619477629,352.04277746321566,0.99166979567103,0.0070005268909832,0.3770432158692597,0.4228813935991979
BH032,427,3143983,4.269999980926514,0.4464220660442977,3944,1,1,SHELF_NORMAL_Y_NEG,-289.01923788646684,22.46877624313318,2765.524791385932,20.14044189453125,-88.79821014404297,-41.490604400634766,0.0007814038544893,-0.0014003328979015,-0.0010869544930756,0.000554142112378,-0.0009397337562404,-0.000563348410651,0.001000135205686,123.46499697010078,0.3477887238594388,0.5480343519482218,0.0336109029606654,0.3144757115719866
BH032,427,3143983,4.269999980926514,0.4464220660442977,3562,1,1,SHELF_NORMAL_Y_NEG,70.98076211353316,28.89403051151763,717.5247913859318,391.7344970703125,128.60614013671875,24.33667755126953,0.0070827007293701,-0.0047413376159965,0.0015493896789848,0.0053585646674036,-0.0047870054841041,0.0012422207510098,0.006366298533976,348.4147176453483,0.981449908860136,-60.49883152304776,0.3457853461938943,0.3555839809867985
BH032,428,3154469,4.28000020980835,0.4460738663992855,3023,2,1,SHELF_NORMAL_Y_POS,779.9393102292058,-25.04300957874569,1741.5247913859318,7.894985198974609,-118.16465759277344,-25.134828567504883,0.0004358600417617,-0.001123878872022,-0.0003690940793603,0.0002254225983051,-0.0005387591081671,-5.184583642403595e-05,0.0005420342786237,129.8206614503248,0.3656920040854219,0.1174098954780124,0.039388631587423,0.3211637613494267
BH032,428,3154469,4.28000020980835,0.4460738663992855,3944,2,5,SHELF_NORMAL_Y_NEG,-289.01923788646684,22.63576178657993,2802.4752086140675,-15.302180290222168,1.8068536520004272,92.2656707763672,-4.2463270801818e-05,-5.285056977299973e-05,0.0011631356319412,3.436797487665899e-05,-8.38460837258026e-05,-1.4264960555010475e-06,8.430604066234082e-05,160.63602414631066,0.4524958426656638,0.5489180753037294,0.0543417406072818,0.3232393372116897
BH032,428,3154469,4.28000020980835,0.4460738663992855,3536,1,5,SHELF_NORMAL_Y_POS,160.98076211353316,-21.36871258581148,946.475208614068,-184.72789001464844,-251.5606231689453,-20.59928131103516,-0.0007077008485794,-0.0056253941729664,-0.0009662108495831,-0.0001782332401489,-0.0046714288182556,-0.0007062505465,0.0055689769797027,228.49478882730847,0.6436472924712915,32.10065147133037,0.1717151342042882,0.412287892802365
BH032,428,3154469,4.28000020980835,0.4460738663992855,5009,3,5,SIDE_NORMAL_X_POS,-800.0,24.15470053837925,2637.524791385932,83.3024673461914,-317.1148681640625,103.58909606933594,0.4159153401851654,-0.636759877204895,0.0027043509762734,0.4150575697422027,-0.6351069211959839,0.0013968965504318,0.954101264476776,407.5655703077592,1.1480720290359414,0.3993434529500851,0.3639660735906419,0.5286946076853171
BH032,428,3154469,4.28000020980835,0.4460738663992855,4371,1,1,SHELF_NORMAL_Y_POS,-796.8452994616207,-25.01400788112261,1906.475208614068,-404.8950805664063,-194.72015380859372,19.19022750854492,-0.0020975221414119,-0.0090908473357558,0.0022405898198485,-0.0004156761569902,-0.0087348856031894,0.0019984149839729,0.0107042444869875,352.30601286009096,0.992411303831242,0.0069946307831864,0.3774831589137318,0.4228813935991979
BH032,428,3154469,4.28000020980835,0.4460738663992855,3944,1,1,SHELF_NORMAL_Y_NEG,-289.01923788646684,22.46877624313318,2765.524791385932,20.31791114807129,-88.72991180419922,-41.46284866333008,0.0007821645704098,-0.0014002526877447,-0.0010866076918318,0.000554142112378,-0.0009397337562404,-0.000563348410651,0.001000135205686,123.47519866050207,0.3478174610154988,0.5489180753037294,0.0336048058938972,0.3144757115719866
BH032,428,3154469,4.28000020980835,0.4460738663992855,3562,1,1,SHELF_NORMAL_Y_NEG,70.98076211353316,28.89403051151763,717.5247913859318,391.28997802734375,128.62867736816406,24.304311752319336,0.0070805414579808,-0.004740578122437,0.001548983156681,0.0053585646674036,-0.0047870054841041,0.0012422207510098,0.006366298533976,347.9858760270436,0.9802419043015314,-60.57010317449171,0.3450232631782327,0.3555839809867985
BH032,429,3164955,4.2900004386901855,0.4457321548305346,3023,2,1,SHELF_NORMAL_Y_POS,779.9393102292058,-25.04300957874569,1741.5247913859318,7.6568193435668945,-118.38386535644533,-25.132383346557617,0.0004350249073468,-0.0011245942441746,-0.0003690635494422,0.0002254225983051,-0.0005387591081671,-5.184583642403595e-05,0.0005420342786237,129.90273441100237,0.3659231955239503,0.117101774740969,0.039465975001018,0.3211637613494267
BH032,429,3164955,4.2900004386901855,0.4457321548305346,3944,2,5,SHELF_NORMAL_Y_NEG,-289.01923788646684,22.63576178657993,2802.4752086140675,-14.768235206604004,1.3793452978134155,92.11161041259766,-3.9248821849469095e-05,-5.570342182181776e-05,0.0011611932422965,3.436797487665899e-05,-8.38460837258026e-05,-1.4264960555010475e-06,8.430604066234082e-05,160.29354378378412,0.4515311092500961,0.546668089089235,0.054109862467598,0.3232393372116897
BH032,429,3164955,4.2900004386901855,0.4457321548305346,3536,1,5,SHELF_NORMAL_Y_POS,160.98076211353316,-21.36871258581148,946.475208614068,-184.1807098388672,-250.8828125,-21.0118465423584,-0.0007060267380438,-0.0056228851899504,-0.0009714199113659,-0.0001782332401489,-0.0046714288182556,-0.0007062505465,0.0055689769797027,227.99438167945408,0.6422376948717017,32.141740388133705,0.1708836636232177,0.412287892802365
BH032,429,3164955,4.2900004386901855,0.4457321548305346,5009,3,5,SIDE_NORMAL_X_POS,-800.0,24.15470053837925,2637.524791385932,79.84769439697266,-339.55255126953125,-100.77783203125,0.4174643158912658,-0.6391736268997192,-0.0001955982297658,0.4165911674499511,-0.6374143362045288,0.0010763325262814,0.9571262001991272,423.38232368203376,1.192626263893053,0.4022771157000798,0.3963860534989347,0.5286946076853171
BH032,429,3164955,4.2900004386901855,0.4457321548305346,4371,1,1,SHELF_NORMAL_Y_POS,-796.8452994616207,-25.01400788112261,1906.475208614068,-405.0242004394531,-194.970458984375,19.37193489074707,-0.0020977933891117,-0.0090918391942977,0.0022428843658417,-0.0004156761569902,-0.0087348856031894,0.0019984149839729,0.0107042444869875,352.4431076684158,0.9927974863899036,0.0069845111631315,0.3778305726805658,0.4228813935991979
BH032,429,3164955,4.2900004386901855,0.4457321548305346,3944,1,1,SHELF_NORMAL_Y_NEG,-289.01923788646684,22.46877624313318,2765.524791385932,19.682241439819336,-88.04340362548828,-41.42739486694336,0.0007780776941217,-0.0013959887437522,-0.001086157746613,0.000554142112378,-0.0009397337562404,-0.000563348410651,0.001000135205686,122.5585991017409,0.3452354904274391,0.546668089089235,0.0331272995483412,0.3144757115719866
BH032,429,3164955,4.2900004386901855,0.4457321548305346,3562,1,1,SHELF_NORMAL_Y_NEG,70.98076211353316,28.89403051151763,717.5247913859318,390.2732238769531,128.9237823486328,24.379064559936523,0.0070751993916928,-0.0047376723960042,0.0015499226283282,0.0053585646674036,-0.0047870054841041,0.0012422207510098,0.006366298533976,346.98998130382546,0.9774365670530296,-60.63800035235813,0.3433203720842616,0.3555839809867985
BH032,430,3175441,4.3000006675720215,0.4452718602932137,3023,2,1,SHELF_NORMAL_Y_POS,779.9393102292058,-25.04300957874569,1741.5247913859318,8.477956771850586,-117.77289581298828,-24.84096336364746,0.0004381224571261,-0.0011228239163756,-0.0003653861931525,0.0002254225983051,-0.0005387591081671,-5.184583642403595e-05,0.0005420342786237,129.58404470189515,0.3650254780335075,0.1174046352027944,0.039190059486736,0.3211637613494267
BH032,430,3175441,4.3000006675720215,0.4452718602932137,3944,2,5,SHELF_NORMAL_Y_NEG,-289.01923788646684,22.63576178657993,2802.4752086140675,-15.633514404296877,1.463712215423584,91.82551574707033,-4.357233046903275e-05,-5.403349859989248e-05,0.0011575984535738,3.436797487665899e-05,-8.38460837258026e-05,-1.4264960555010475e-06,8.430604066234082e-05,159.89123871785122,0.4503978555432429,0.5537974676478777,0.0538472581814731,0.3232393372116897
BH032,430,3175441,4.3000006675720215,0.4452718602932137,3536,1,5,SHELF_NORMAL_Y_POS,160.98076211353316,-21.36871258581148,946.475208614068,-184.3805694580078,-250.8325958251953,-21.385173797607425,-0.0007070727297104,-0.0056223440915346,-0.0009761349647305,-0.0001782332401489,-0.0046714288182556,-0.0007062505465,0.0055689769797027,228.11511488774,0.6425777884161691,32.18868277964053,0.1710403456669805,0.412287892802365
BH032,430,3175441,4.3000006675720215,0.4452718602932137,5009,3,5,SIDE_NORMAL_X_POS,-800.0,24.15470053837925,2637.524791385932,77.51695251464844,-350.4935913085937,-136.74183654785156,0.4190268218517303,-0.6415695548057556,-0.0007664553122594,0.4181495308876037,-0.6397600173950195,0.0009593899594619,0.9601916670799256,460.563589678069,1.297362224445265,0.4049081330826189,0.4679211052709547,0.5286946076853171
BH032,430,3175441,4.3000006675720215,0.4452718602932137,4371,1,1,SHELF_NORMAL_Y_POS,-796.8452994616207,-25.01400788112261,1906.475208614068,-404.4255676269531,-195.0257873535156,19.625808715820312,-0.0020982578862458,-0.0090929251164197,0.0022467372473329,-0.0004191415500827,-0.0087347943335771,0.0019990738946944,0.0107082137838006,351.9619295238518,0.9914420549967656,0.0069854244698583,0.3769079310636464,0.4228813935991979
BH032,430,3175441,4.3000006675720215,0.4452718602932137,3944,1,1,SHELF_NORMAL_Y_NEG,-289.01923788646684,22.46877624313318,2765.524791385932,20.058433532714844,-88.32102966308594,-41.56300354003906,0.0007803065818734,-0.0013978776987642,-0.0010878664907068,0.000554142112378,-0.0009397337562404,-0.000563348410651,0.001000135205686,123.11367239011226,0.3467990771552457,0.5537974676478777,0.033409174625552,0.3144757115719866
BH032,430,3175441,4.3000006675720215,0.4452718602932137,3562,1,1,SHELF_NORMAL_Y_NEG,70.98076211353316,28.89403051151763,717.5247913859318,388.8927307128906,129.4563446044922,24.560009002685547,0.0070677399635314,-0.0047330833040177,0.0015522068133577,0.0053585646674036,-0.0047870054841041,0.0012422207510098,0.006366298533976,345.63196021920766,0.9736111555470638,-60.70886650962401,0.3410451387046675,0.3555839809867985
BH032,431,3185926,4.309999942779541,0.4447156314808386,3023,2,1,SHELF_NORMAL_Y_POS,779.9393102292058,-25.04300957874569,1741.5247913859318,8.147655487060547,-117.48555755615234,-24.76872062683105,0.0004360994498711,-0.0011209403164684,-0.0003644740500021,0.0002254225983051,-0.0005387591081671,-5.184583642403595e-05,0.0005420342786237,129.10050711115966,0.3636634003131258,0.1185607205497382,0.0389290393225165,0.3211637613494267
BH032,431,3185926,4.309999942779541,0.4447156314808386,3944,2,5,SHELF_NORMAL_Y_NEG,-289.01923788646684,22.63576178657993,2802.4752086140675,-15.37253189086914,1.3076828718185425,91.95117950439452,-4.207828169455752e-05,-5.5171127314679325e-05,0.0011591906659305,3.436797487665899e-05,-8.38460837258026e-05,-1.4264960555010475e-06,8.430604066234082e-05,160.07243799176473,0.4509082760331401,0.546208704746277,0.0539688643028286,0.3232393372116897
BH032,431,3185926,4.309999942779541,0.4447156314808386,3536,1,5,SHELF_NORMAL_Y_POS,160.98076211353316,-21.36871258581148,946.475208614068,-184.23780822753903,-250.4268341064453,-21.721250534057617,-0.0007069697603583,-0.0056206039153039,-0.0009803812718018,-0.0001782332401489,-0.0046714288182556,-0.0007062505465,0.0055689769797027,227.891457405102,0.6419477673383155,32.23706776882284,0.1706761471118561,0.412287892802365
BH032,431,3185926,4.309999942779541,0.4447156314808386,5009,3,5,SIDE_NORMAL_X_POS,-800.0,24.15470053837925,2637.524791385932,76.9107666015625,-357.40411376953125,-58.91246795654297,0.4205869138240814,-0.643943190574646,0.0001119585940614,0.4197030961513519,-0.6421002745628357,0.0008554917876608,0.9632394909858704,414.18984485062265,1.1667319573256976,0.4074324250927117,0.3841205739653167,0.5286946076853171
BH032,431,3185926,4.309999942779541,0.4447156314808386,4371,1,1,SHELF_NORMAL_Y_POS,-796.8452994616207,-25.01400788112261,1906.475208614068,-405.2322082519531,-194.8008575439453,19.471040725708008,-0.0021034022793173,-0.009090619161725,0.0022449570242315,-0.0004200602706987,-0.0087347691878676,0.0019992480520159,0.0107092652469873,352.6447210912567,0.9933654115246668,0.0070428804199549,0.3781356783804175,0.4228813935991979
BH032,431,3185926,4.309999942779541,0.4447156314808386,3944,1,1,SHELF_NORMAL_Y_NEG,-289.01923788646684,22.46877624313318,2765.524791385932,20.195148468017575,-87.52743530273438,-41.491004943847656,0.0007798167644068,-0.0013942200457677,-0.0010869620600715,0.000554142112378,-0.0009397337562404,-0.000563348410651,0.001000135205686,122.47871642466832,0.3450104688018826,0.546208704746277,0.0330400404672641,0.3144757115719866
BH032,431,3185926,4.309999942779541,0.4447156314808386,3562,1,1,SHELF_NORMAL_Y_NEG,70.98076211353316,28.89403051151763,717.5247913859318,387.8467102050781,129.54483032226562,24.613269805908203,0.0070625375956296,-0.0047311219386756,0.0015528781805187,0.0053585646674036,-0.0047870054841041,0.0012422207510098,0.006366298533976,344.6459582922393,0.9708336853302516,-60.78480361069572,0.3392841452727928,0.3555839809867985
BH032,432,3196412,4.320000171661377,0.4425089835520111,3023,2,1,SHELF_NORMAL_Y_POS,779.9393102292058,-25.04300957874569,1741.5247913859318,9.056037902832031,-114.99141693115234,-25.079984664916992,0.0004368767258711,-0.0011101569980382,-0.0003684032999444,0.0002254225983051,-0.0005387591081671,-5.184583642403595e-05,0.0005420342786237,127.41044428514458,0.3589026599581537,0.1180862126536356,0.0377802586223263,0.3211637613494267
BH032,432,3196412,4.320000171661377,0.4425089835520111,3944,2,5,SHELF_NORMAL_Y_NEG,-289.01923788646684,22.63576178657993,2802.4752086140675,-14.508936882019045,2.0638201236724854,91.7556381225586,-3.898714203387499e-05,-5.275834337226115e-05,0.0011567235924303,3.436797487665899e-05,-8.38460837258026e-05,-1.4264960555010475e-06,8.430604066234082e-05,159.69346830942484,0.4498407558011967,0.5522105362067857,0.0537001505709937,0.3232393372116897
BH032,432,3196412,4.320000171661377,0.4425089835520111,3536,1,5,SHELF_NORMAL_Y_POS,160.98076211353316,-21.36871258581148,946.475208614068,-183.92611694335935,-250.5747528076172,-20.83011817932129,-0.0007052444852888,-0.0056217764504253,-0.0009691314771771,-0.0001782332401489,-0.0046714288182556,-0.0007062505465,0.0055689769797027,227.66414610255845,0.6413074538100237,32.29333962461672,0.1704135047698679,0.412287892802365
BH032,432,3196412,4.320000171661377,0.4425089835520111,5009,3,5,SIDE_NORMAL_X_POS,-800.0,24.15470053837925,2637.524791385932,76.79155731201172,-362.8954772949219,15.880403518676758,0.4221295118331909,-0.646284818649292,0.0010118022328242,0.4212383031845093,-0.644416093826294,0.0008113477379083,0.9662503600120544,407.6934402295725,1.1484322259987956,0.4110097495902475,0.3736517176045242,0.5286946076853171
BH032,432,3196412,4.320000171661377,0.4425089835520111,4371,1,1,SHELF_NORMAL_Y_POS,-796.8452994616207,-25.01400788112261,1906.475208614068,-404.489990234375,-194.7133636474609,19.29363822937012,-0.002104019280523,-0.0090911919251084,0.002243478083983,-0.0004241444985382,-0.0087346546351909,0.002000014996156,0.0107139376923441,351.96956267669907,0.991463556835772,0.0070011953537881,0.3768223216971969,0.4228813935991979
BH032,432,3196412,4.320000171661377,0.4425089835520111,3944,1,1,SHELF_NORMAL_Y_NEG,-289.01923788646684,22.46877624313318,2765.524791385932,19.47707748413086,-87.5346908569336,-41.48898315429688,0.0007763390894979,-0.0013932094443589,-0.0010869415709748,0.000554142112378,-0.0009397337562404,-0.000563348410651,0.001000135205686,122.10899138328962,0.3439689898120834,0.5522105362067857,0.0328816259684286,0.3144757115719866
BH032,432,3196412,4.320000171661377,0.4425089835520111,3562,1,1,SHELF_NORMAL_Y_NEG,70.98076211353316,28.89403051151763,717.5247913859318,385.5040588378906,130.3273468017578,24.560121536254883,0.0070500620640814,-0.0047239167615771,0.0015522042522206,0.0053585646674036,-0.0047870054841041,0.0012422207510098,0.006366298533976,342.2958869820806,0.964213766146706,-60.87511336104838,0.335350308412604,0.3555839809867985
BH032,433,3206898,4.330000400543213,0.4408782653837624,3023,2,1,SHELF_NORMAL_Y_POS,779.9393102292058,-25.04300957874569,1741.5247913859318,9.127741813659668,-113.97671508789062,-25.398170471191406,0.0004357481084298,-0.0011053429916501,-0.000372419541236,0.0002254225983051,-0.0005387591081671,-5.184583642403595e-05,0.0005420342786237,126.68685200440272,0.3568643718433879,0.1194347033939085,0.0373202407896703,0.3211637613494267
BH032,433,3206898,4.330000400543213,0.4408782653837624,3944,2,5,SHELF_NORMAL_Y_NEG,-289.01923788646684,22.63576178657993,2802.4752086140675,-15.429644584655762,1.5947970151901243,91.29474639892578,-4.277379412087612e-05,-5.369412247091532e-05,0.0011509016621857,3.436797487665899e-05,-8.38460837258026e-05,-1.4264960555010475e-06,8.430604066234082e-05,158.96357010582653,0.447784704523455,0.5482046043900435,0.0532221908332349,0.3232393372116897
BH032,433,3206898,4.330000400543213,0.4408782653837624,3536,1,5,SHELF_NORMAL_Y_POS,160.98076211353316,-21.36871258581148,946.475208614068,-183.9987335205078,-250.02078247070312,-21.51154136657715,-0.0007064056117087,-0.0056189708411693,-0.0009777296800166,-0.0001782332401489,-0.0046714288182556,-0.0007062505465,0.0055689769797027,227.48770848530611,0.6408104464374821,32.40529514698619,0.1701058097616495,0.412287892802365
BH032,433,3206898,4.330000400543213,0.4408782653837624,5009,3,5,SIDE_NORMAL_X_POS,-800.0,24.15470053837925,2637.524791385932,77.45157623291016,-363.960205078125,113.6414031982422,0.4236999452114105,-0.648652970790863,0.0021965375635772,0.4228030145168304,-0.64677494764328,0.0007622081902809,0.96931791305542,453.20875396821657,1.276644377375258,0.4139728104094187,0.4573694527791624,0.5286946076853171
BH032,433,3206898,4.330000400543213,0.4408782653837624,4371,1,1,SHELF_NORMAL_Y_POS,-796.8452994616207,-25.01400788112261,1906.475208614068,-403.9540100097656,-193.5321502685547,19.15963554382324,-0.0021070763468742,-0.0090861562639474,0.00224254373461,-0.0004280741559341,-0.0087345410138368,0.0020007682032883,0.0107184313237667,351.5063614307164,0.9901587645935674,0.0070723635477708,0.3754812593504061,0.4228813935991979
BH032,433,3206898,4.330000400543213,0.4408782653837624,3944,1,1,SHELF_NORMAL_Y_NEG,-289.01923788646684,22.46877624313318,2765.524791385932,20.69958877563477,-86.40547180175781,-41.33382415771485,0.0007806281209923,-0.0013895108131691,-0.001084984280169,0.000554142112378,-0.0009397337562404,-0.000563348410651,0.001000135205686,121.68973385429238,0.3427879826881476,0.5482046043900435,0.0325650663000136,0.3144757115719866
BH032,433,3206898,4.330000400543213,0.4408782653837624,3562,1,1,SHELF_NORMAL_Y_NEG,70.98076211353316,28.89403051151763,717.5247913859318,386.9953002929688,132.54653930664062,24.5335693359375,0.007054089102894,-0.004715321585536,0.0015518678119406,0.0053585646674036,-0.0047870054841041,0.0012422207510098,0.006366298533976,343.28522808639536,0.9670006424968884,-61.00622701064211,0.3380239545445244,0.3555839809867985
BH032,434,3217384,4.340000629425049,0.4409155318345669,3023,2,1,SHELF_NORMAL_Y_POS,779.9393102292058,-25.04300957874569,1741.5247913859318,9.661434173583984,-113.62525177001952,-24.75895881652832,0.0004378267622087,-0.0011044119019061,-0.0003643526579253,0.0002254225983051,-0.0005387591081671,-5.184583642403595e-05,0.0005420342786237,126.2570479837043,0.3556536562921247,0.1213190015001196,0.0370315092298545,0.3211637613494267
BH032,434,3217384,4.340000629425049,0.4409155318345669,3944,2,5,SHELF_NORMAL_Y_NEG,-289.01923788646684,22.63576178657993,2802.4752086140675,-13.923717498779297,2.8283181190490723,91.72892761230467,-3.7259676901157945e-05,-4.989939043298364e-05,0.0011563835432752,3.436797487665899e-05,-8.38460837258026e-05,-1.4264960555010475e-06,8.430604066234082e-05,159.6365825165553,0.4496805141311417,0.5264582532243907,0.0536513888258827,0.3232393372116897
BH032,434,3217384,4.340000629425049,0.4409155318345669,3536,1,5,SHELF_NORMAL_Y_POS,160.98076211353316,-21.36871258581148,946.475208614068,-184.61203002929688,-249.97564697265625,-20.551198959350582,-0.0007094497559592,-0.0056178770028054,-0.0009656051988713,-0.0001782332401489,-0.0046714288182556,-0.0007062505465,0.0055689769797027,227.34988322281487,0.6404222062614505,32.4417693874511,0.1701377983605894,0.412287892802365
BH032,434,3217384,4.340000629425049,0.4409155318345669,5009,3,5,SIDE_NORMAL_X_POS,-800.0,24.15470053837925,2637.524791385932,80.86829376220703,-356.655517578125,26.441028594970703,0.4253185987472534,-0.6510472893714905,0.0010306918993592,0.4244153201580047,-0.6492006778717041,0.0006969436071813,0.972477912902832,405.81072718920433,1.1431288089836742,0.4149415579157056,0.3694495947957376,0.5286946076853171
BH032,434,3217384,4.340000629425049,0.4409155318345669,4371,1,1,SHELF_NORMAL_Y_POS,-796.8452994616207,-25.01400788112261,1906.475208614068,-404.7275390625,-193.69412231445312,19.30523109436035,-0.0021105897612869,-0.0090857865288853,0.0022443789057433,-0.0004280741559341,-0.0087345410138368,0.0020007682032883,0.0107184313237667,352.20239107986515,0.992119411492578,0.0071502721564787,0.3768655648888117,0.4228813935991979
BH032,434,3217384,4.340000629425049,0.4409155318345669,3944,1,1,SHELF_NORMAL_Y_NEG,-289.01923788646684,22.46877624313318,2765.524791385932,19.93379211425781,-86.47241973876953,-41.17326354980469,0.0007770070224069,-0.0013887216337025,-0.0010829562088474,0.000554142112378,-0.0009397337562404,-0.000563348410651,0.001000135205686,121.1786762439947,0.3413483837859005,0.5264582532243907,0.0323395086294975,0.3144757115719866
BH032,434,3217384,4.340000629425049,0.4409155318345669,3562,1,1,SHELF_NORMAL_Y_NEG,70.98076211353316,28.89403051151763,717.5247913859318,386.870849609375,132.17430114746094,24.534496307373047,0.0070540253072977,-0.0047169565223157,0.0015518858563154,0.0053585646674036,-0.0047870054841041,0.0012422207510098,0.006366298533976,343.2354010107717,0.966860284537385,-61.0580344919261,0.3377851225201446,0.3555839809867985
BH032,435,3227869,4.349999904632568,0.4408510981853487,3023,2,1,SHELF_NORMAL_Y_POS,779.9393102292058,-25.04300957874569,1741.5247913859318,9.604876518249512,-113.67447662353516,-24.90617179870605,0.0004376242577563,-0.0011045671999454,-0.0003662113449536,0.0002254225983051,-0.0005387591081671,-5.184583642403595e-05,0.0005420342786237,126.36028561542246,0.3559444665223167,0.1182669887648014,0.0370933647509044,0.3211637613494267
BH032,435,3227869,4.349999904632568,0.4408510981853487,3944,2,5,SHELF_NORMAL_Y_NEG,-289.01923788646684,22.63576178657993,2802.4752086140675,-15.080429077148438,2.045126676559448,91.3245849609375,-4.173430716036819e-05,-5.201675230637193e-05,0.0011512711644172,3.436797487665899e-05,-8.38460837258026e-05,-1.4264960555010475e-06,8.430604066234082e-05,159.00623486812142,0.4479048869524547,0.5594409517166888,0.0532431286015272,0.3232393372116897
BH032,435,3227869,4.349999904632568,0.4408510981853487,3536,1,5,SHELF_NORMAL_Y_POS,160.98076211353316,-21.36871258581148,946.475208614068,-184.0774383544922,-249.5907440185547,-21.129106521606445,-0.0007074135937727,-0.0056167882867157,-0.0009728989098221,-0.0001782332401489,-0.0046714288182556,-0.0007062505465,0.0055689769797027,227.1020375121377,0.6397240493299654,32.44406455718063,0.169642272032248,0.412287892802365
BH032,435,3227869,4.349999904632568,0.4408510981853487,5009,3,5,SIDE_NORMAL_X_POS,-800.0,24.15470053837925,2637.524791385932,77.1534194946289,-345.833984375,-60.91069793701172,0.4269222915172577,-0.6534522175788879,-3.460654988884926e-05,0.4260537028312683,-0.6516643166542053,0.0007341426098719,0.9756954312324524,404.1861065522996,1.1385524128233793,0.4206942769590615,0.3651527768630017,0.5286946076853171
BH032,435,3227869,4.349999904632568,0.4408510981853487,4371,1,1,SHELF_NORMAL_Y_POS,-796.8452994616207,-25.01400788112261,1906.475208614068,-404.36468505859375,-193.86415100097656,19.950828552246094,-0.0021085820626467,-0.0090871769934892,0.0022525324020534,-0.0004280741559341,-0.0087345410138368,0.0020007682032883,0.0107184313237667,351.98920137124514,0.991518877102099,0.0069359041959353,0.3764829190560363,0.4228813935991979
BH032,435,3227869,4.349999904632568,0.4408510981853487,3944,1,1,SHELF_NORMAL_Y_NEG,-289.01923788646684,22.46877624313318,2765.524791385932,19.63440322875977,-87.43377685546875,-41.51861572265625,0.0007769531221129,-0.0013929505366832,-0.0010873102582991,0.000554142112378,-0.0009397337562404,-0.000563348410651,0.001000135205686,122.14037625016516,0.3440573978877891,0.5594409517166888,0.0328862915331175,0.3144757115719866
BH032,435,3227869,4.349999904632568,0.4408510981853487,3562,1,1,SHELF_NORMAL_Y_NEG,70.98076211353316,28.89403051151763,717.5247913859318,386.5040588378906,132.12371826171875,24.778507232666016,0.0070523074828088,-0.0047166813164949,0.0015549689996987,0.0053585646674036,-0.0047870054841041,0.0012422207510098,0.006366298533976,342.9542743728313,0.9660683785150178,-61.08992930803424,0.3372300202975121,0.3555839809867985
BH032,436,3238355,4.360000133514404,0.4405654035880545,3023,2,1,SHELF_NORMAL_Y_POS,779.9393102292058,-25.04300957874569,1741.5247913859318,9.926054000854492,-113.1718292236328,-24.570396423339844,0.0004384511848911,-0.0011025966377928,-0.0003619740309659,0.0002254225983051,-0.0005387591081671,-5.184583642403595e-05,0.0005420342786237,125.86044774789444,0.3545364725292801,0.1190227143590132,0.0367731115322061,0.3211637613494267
BH032,436,3238355,4.360000133514404,0.4405654035880545,3944,2,5,SHELF_NORMAL_Y_NEG,-289.01923788646684,22.63576178657993,2802.4752086140675,-15.402690887451172,1.5869419574737549,90.92446899414062,-4.2632109398255125e-05,-5.377132401918061e-05,0.0011462232796475,3.436797487665899e-05,-8.38460837258026e-05,-1.4264960555010475e-06,8.430604066234082e-05,158.32239776284774,0.4459785852474584,0.548521978755012,0.0527936179074693,0.3232393372116897
BH032,436,3238355,4.360000133514404,0.4405654035880545,3536,1,5,SHELF_NORMAL_Y_POS,160.98076211353316,-21.36871258581148,946.475208614068,-184.62969970703125,-250.34056091308597,-20.984649658203125,-0.0007089952123351,-0.0056196297518908,-0.0009710736921988,-0.0001782332401489,-0.0046714288182556,-0.0007062505465,0.0055689769797027,227.72634109857995,0.6414826509819154,32.48774769290974,0.1706065553537642,0.412287892802365
BH032,436,3238355,4.360000133514404,0.4405654035880545,5009,3,5,SIDE_NORMAL_X_POS,-800.0,24.15470053837925,2637.524791385932,83.04329681396484,-325.12744140625,92.8912582397461,0.4285688102245331,-0.6558371186256409,0.0018745333654806,0.4277001619338989,-0.6541399955749512,0.0007020892226137,0.9789337515830994,406.8046883852994,1.1459286996768998,0.4225040091871018,0.365748871360166,0.5286946076853171
BH032,436,3238355,4.360000133514404,0.4405654035880545,4371,1,1,SHELF_NORMAL_Y_POS,-796.8452994616207,-25.01400788112261,1906.475208614068,-402.9364013671875,-193.2205047607422,19.325851440429688,-0.0021025971509516,-0.0090861711651086,0.0022446445655077,-0.0004280741559341,-0.0087345410138368,0.0020007682032883,0.0107184313237667,350.65196099520523,0.987752002803395,0.0069449325456865,0.3737174100953632,0.4228813935991979
BH032,436,3238355,4.360000133514404,0.4405654035880545,3944,1,1,SHELF_NORMAL_Y_NEG,-289.01923788646684,22.46877624313318,2765.524791385932,20.19788360595703,-86.68311309814453,-41.45514678955078,0.0007785953348502,-0.0013901290949434,-0.0010865067597478,0.000554142112378,-0.0009397337562404,-0.000563348410651,0.001000135205686,121.77158787473144,0.3430185573936097,0.548521978755012,0.0326399902608295,0.3144757115719866
BH032,436,3238355,4.360000133514404,0.4405654035880545,3562,1,1,SHELF_NORMAL_Y_NEG,70.98076211353316,28.89403051151763,717.5247913859318,386.25592041015625,132.24896240234375,24.715576171875,0.0070509333163499,-0.0047157118096947,0.0015541712054982,0.0053585646674036,-0.0047870054841041,0.0012422207510098,0.006366298533976,342.68653100014205,0.965314171831386,-61.15009604214624,0.3368040146507219,0.3555839809867985
BH032,437,3248841,4.37000036239624,0.4400920205705095,3023,2,1,SHELF_NORMAL_Y_POS,779.9393102292058,-25.04300957874569,1741.5247913859318,9.872849464416504,-112.48204803466795,-24.54279136657715,0.0004371870600152,-0.0010991698363795,-0.000361627084203,0.0002254225983051,-0.0005387591081671,-5.184583642403595e-05,0.0005420342786237,125.16887967264836,0.3525883934440799,0.1224096856284414,0.0363654373118298,0.3211637613494267
BH032,437,3248841,4.37000036239624,0.4400920205705095,3944,2,5,SHELF_NORMAL_Y_NEG,-289.01923788646684,22.63576178657993,2802.4752086140675,-13.789178848266602,3.02039098739624,91.8520278930664,-3.688720971695148e-05,-4.9162499635713175e-05,0.0011579239508137,3.436797487665899e-05,-8.38460837258026e-05,-1.4264960555010475e-06,8.430604066234082e-05,159.84773383050845,0.4502753065648125,0.5378973681043167,0.0537897841436212,0.3232393372116897
BH032,437,3248841,4.37000036239624,0.4400920205705095,3536,1,5,SHELF_NORMAL_Y_POS,160.98076211353316,-21.36871258581148,946.475208614068,-185.21334838867188,-250.059326171875,-20.82712745666504,-0.0007122348179109,-0.0056174038909375,-0.0009690852602943,-0.0001782332401489,-0.0046714288182556,-0.0007062505465,0.0055689769797027,227.64145853744705,0.6412435451759071,32.557235351714006,0.1706060944210265,0.412287892802365
BH032,437,3248841,4.37000036239624,0.4400920205705095,5009,3,5,SIDE_NORMAL_X_POS,-800.0,24.15470053837925,2637.524791385932,89.53643798828125,-303.7223815917969,-2.6497716903686523,0.4302022159099579,-0.6581989526748657,0.0006465895567089,0.4293328523635864,-0.6565920114517212,0.0006799953989684,0.9821460843086244,357.0424944772018,1.0057535055695823,0.4252103770826062,0.2829935164930469,0.5286946076853171
BH032,437,3248841,4.37000036239624,0.4400920205705095,4371,1,1,SHELF_NORMAL_Y_POS,-796.8452994616207,-25.01400788112261,1906.475208614068,-406.727294921875,-193.96273803710935,19.45221710205078,-0.0021230240818113,-0.0090841585770249,0.0022468203678727,-0.0004311789234634,-0.0087344450876116,0.0020013495814055,0.0107219778001308,353.9687312099762,0.9970950174928908,0.0071092355761274,0.3803898406118487,0.4228813935991979
BH032,437,3248841,4.37000036239624,0.4400920205705095,3944,1,1,SHELF_NORMAL_Y_NEG,-289.01923788646684,22.46877624313318,2765.524791385932,19.343908309936523,-87.22726440429688,-41.51004409790039,0.0007752422243356,-0.0013915201416239,-0.0010872018756344,0.000554142112378,-0.0009397337562404,-0.000563348410651,0.001000135205686,121.81687047347982,0.3431461140098023,0.5378973681043167,0.0327234445138668,0.3144757115719866
BH032,437,3248841,4.37000036239624,0.4400920205705095,3562,1,1,SHELF_NORMAL_Y_NEG,70.98076211353316,28.89403051151763,717.5247913859318,387.3444519042969,133.7794952392578,24.643875122070312,0.0070539778098464,-0.0047098835930228,0.0015532706165686,0.0053585646674036,-0.0047870054841041,0.0012422207510098,0.006366298533976,343.41795854486634,0.9673745311122997,-61.23152796888774,0.3387329077786618,0.3555839809867985
BH032,438,3259327,4.380000591278076,0.4395850630068596,3023,2,1,SHELF_NORMAL_Y_POS,779.9393102292058,-25.04300957874569,1741.5247913859318,10.269587516784668,-112.69317626953124,-24.632549285888672,0.000439420400653,-0.0011007698485627,-0.0003627608239185,0.0002254225983051,-0.0005387591081671,-5.184583642403595e-05,0.0005420342786237,125.62967919520504,0.3538864202681832,0.1203379436583503,0.0365959610113674,0.3211637613494267
BH032,438,3259327,4.380000591278076,0.4395850630068596,3944,2,5,SHELF_NORMAL_Y_NEG,-289.01923788646684,22.63576178657993,2802.4752086140675,-15.208362579345703,1.6088134050369265,90.76226806640624,-4.172099943389185e-05,-5.3948231652611867e-05,0.0011441610986366,3.436797487665899e-05,-8.38460837258026e-05,-1.4264960555010475e-06,8.430604066234082e-05,158.02442185997057,0.4451392165069593,0.5524131413114596,0.0525920607168417,0.3232393372116897
BH032,438,3259327,4.380000591278076,0.4395850630068596,3536,1,5,SHELF_NORMAL_Y_POS,160.98076211353316,-21.36871258581148,946.475208614068,-184.19320678710935,-249.37075805664065,-21.865345001220703,-0.0007082885713316,-0.0056155351921916,-0.0009821909479796,-0.0001782332401489,-0.0046714288182556,-0.0007062505465,0.0055689769797027,227.1888921821325,0.6399687103722042,32.58345615528315,0.1696899823014639,0.412287892802365
BH032,438,3259327,4.380000591278076,0.4395850630068596,5009,3,5,SIDE_NORMAL_X_POS,-800.0,24.15470053837925,2637.524791385932,83.09302520751953,-320.633056640625,-174.0236358642578,0.4316913187503814,-0.6605209112167358,-0.0014949197648093,0.4308293759822845,-0.6588438153266907,0.0007014536531642,0.985076367855072,476.66031513531584,1.3427051130572276,0.4279195207849492,0.4953823735353191,0.5286946076853171
BH032,438,3259327,4.380000591278076,0.4395850630068596,4371,1,1,SHELF_NORMAL_Y_POS,-796.8452994616207,-25.01400788112261,1906.475208614068,-403.1644287109375,-192.64671325683597,19.75807762145996,-0.0021079469006508,-0.009082899428904,0.0022507484536617,-0.0004314748221077,-0.0087344357743859,0.0020014059264212,0.0107223158702254,350.93753789974227,0.9885564447880064,0.0069458031127239,0.3739985908092958,0.4228813935991979
BH032,438,3259327,4.380000591278076,0.4395850630068596,3944,1,1,SHELF_NORMAL_Y_NEG,-289.01923788646684,22.46877624313318,2765.524791385932,20.01902961730957,-86.44203186035156,-41.32170486450195,0.0007773762918077,-0.0013886950910091,-0.0010848266538232,0.000554142112378,-0.0009397337562404,-0.000563348410651,0.001000135205686,121.35040953241386,0.3418321395279263,0.5524131413114596,0.0324217418327016,0.3144757115719866
BH032,438,3259327,4.380000591278076,0.4395850630068596,3562,1,1,SHELF_NORMAL_Y_NEG,70.98076211353316,28.89403051151763,717.5247913859318,386.3362731933594,134.37948608398438,24.81298065185547,0.0070482157170772,-0.004705473780632,0.0015554062556475,0.0053585646674036,-0.0047870054841041,0.0012422207510098,0.006366298533976,342.4104911422727,0.9645365947669652,-61.28409757846815,0.3371330319340699,0.3555839809867985
BH032,439,3269812,4.389999866485596,0.4396389423678411,3023,2,1,SHELF_NORMAL_Y_POS,779.9393102292058,-25.04300957874569,1741.5247913859318,10.740361213684082,-111.9072036743164,-24.00037956237793,0.0004405590589158,-0.0010976386256515,-0.0003547811938915,0.0002254225983051,-0.0005387591081671,-5.184583642403595e-05,0.0005420342786237,124.77401989394843,0.3514761123773195,0.1198177853955265,0.0360622508595575,0.3211637613494267
BH032,439,3269812,4.389999866485596,0.4396389423678411,3944,2,5,SHELF_NORMAL_Y_NEG,-289.01923788646684,22.63576178657993,2802.4752086140675,-14.86395263671875,1.6189504861831665,91.56183624267578,-4.006396193290129e-05,-5.440070890472271e-05,0.0011542469728738,3.436797487665899e-05,-8.38460837258026e-05,-1.4264960555010475e-06,8.430604066234082e-05,159.36854037231714,0.4489254658375131,0.5456706560880163,0.0534859244287889,0.3232393372116897
BH032,439,3269812,4.389999866485596,0.4396389423678411,3536,1,5,SHELF_NORMAL_Y_POS,160.98076211353316,-21.36871258581148,946.475208614068,-184.20989990234372,-249.4798126220703,-21.54515647888184,-0.0007082091760821,-0.0056160455569624,-0.0009781474946066,-0.0001782332401489,-0.0046714288182556,-0.0007062505465,0.0055689769797027,227.17701054531528,0.6399352409727191,32.59137212777794,0.1697150855758603,0.412287892802365
BH032,439,3269812,4.389999866485596,0.4396389423678411,5009,3,5,SIDE_NORMAL_X_POS,-800.0,24.15470053837925,2637.524791385932,81.82536315917969,-377.1870727539063,-67.0865249633789,0.4331713914871216,-0.6628953218460083,-0.0001513148308731,0.4322331249713897,-0.6609438061714172,0.0006953720003366,0.987850308418274,439.693930604932,1.238574452408259,0.4305551815088557,0.434755065811734,0.5286946076853171
BH032,439,3269812,4.389999866485596,0.4396389423678411,4371,1,1,SHELF_NORMAL_Y_POS,-796.8452994616207,-25.01400788112261,1906.475208614068,-403.7487487792969,-193.17755126953125,19.58242416381836,-0.0021119285374879,-0.0090845618396997,0.002248893957585,-0.0004333841789048,-0.0087343761697411,0.002001766115427,0.0107244970276951,351.4055176664327,0.989874697651923,0.0069096894469476,0.3751234799255443,0.4228813935991979
BH032,439,3269812,4.389999866485596,0.4396389423678411,3944,1,1,SHELF_NORMAL_Y_NEG,-289.01923788646684,22.46877624313318,2765.524791385932,20.38343620300293,-85.69286346435547,-41.56499862670898,0.0007780555170029,-0.0013855898287147,-0.0010879073524847,0.000554142112378,-0.0009397337562404,-0.000563348410651,0.001000135205686,121.19576588377932,0.3413965236162798,0.5456706560880163,0.0322957845391479,0.3144757115719866
BH032,439,3269812,4.389999866485596,0.4396389423678411,3562,1,1,SHELF_NORMAL_Y_NEG,70.98076211353316,28.89403051151763,717.5247913859318,386.3674926757813,134.35260009765625,24.930953979492188,0.0070483945310115,-0.0047056525945663,0.0015568920644,0.0053585646674036,-0.0047870054841041,0.0012422207510098,0.006366298533976,342.46991213002923,0.9647039778310682,-61.30743112573124,0.3372155594814205,0.3555839809867985
BH032,440,3280298,4.400000095367432,0.4385433861683665,3023,2,1,SHELF_NORMAL_Y_POS,779.9393102292058,-25.04300957874569,1741.5247913859318,11.156719207763672,-110.96705627441406,-24.19194602966309,0.0004412113630678,-0.0010936771286651,-0.000357199634891,0.0002254225983051,-0.0005387591081671,-5.184583642403595e-05,0.0005420342786237,124.22535573691066,0.3499305795405934,0.1214811354038429,0.0356862272872715,0.3211637613494267
BH032,440,3280298,4.400000095367432,0.4385433861683665,3944,2,5,SHELF_NORMAL_Y_NEG,-289.01923788646684,22.63576178657993,2802.4752086140675,-13.993608474731444,2.8960132598876958,90.9415512084961,-3.769879549508914e-05,-4.946894478052855e-05,0.0011464200215414,3.436797487665899e-05,-8.38460837258026e-05,-1.4264960555010475e-06,8.430604066234082e-05,158.29033721381913,0.445888273841744,0.5534971025865008,0.0527486777417133,0.3232393372116897
BH032,440,3280298,4.400000095367432,0.4385433861683665,3536,1,5,SHELF_NORMAL_Y_POS,160.98076211353316,-21.36871258581148,946.475208614068,-185.0559844970703,-248.5051727294922,-21.260622024536133,-0.0007137290667742,-0.0056100748479366,-0.000974554917775,-0.0001782332401489,-0.0046714288182556,-0.0007062505465,0.0055689769797027,226.64776863237492,0.6384444186827464,32.66470334155363,0.169168139539773,0.412287892802365
BH032,440,3280298,4.400000095367432,0.4385433861683665,5009,3,5,SIDE_NORMAL_X_POS,-800.0,24.15470053837925,2637.524791385932,78.8718032836914,-367.7842102050781,80.98861694335938,0.4348417818546295,-0.6653904914855957,0.0016897346358746,0.43393075466156,-0.6634877920150757,0.0006675185868516,0.9911976456642152,436.0862973434636,1.2284121051928552,0.4333892069494463,0.4273835847746041,0.5286946076853171
BH032,440,3280298,4.400000095367432,0.4385433861683665,4371,1,1,SHELF_NORMAL_Y_POS,-796.8452994616207,-25.01400788112261,1906.475208614068,-403.6921081542969,-192.78663635253903,19.577356338500977,-0.0021146989893168,-0.0090826852247118,0.0022492948919534,-0.0004358598671387,-0.00873429980129,0.0020022336393594,0.0107273254543542,351.3650243445814,0.9897606319565672,0.0069783508416777,0.3748936037437386,0.4228813935991979
BH032,440,3280298,4.400000095367432,0.4385433861683665,3944,1,1,SHELF_NORMAL_Y_NEG,-289.01923788646684,22.46877624313318,2765.524791385932,18.61268424987793,-87.20183563232422,-41.38322830200195,0.0007716536638326,-0.0013903406215831,-0.0010856178123503,0.000554142112378,-0.0009397337562404,-0.000563348410651,0.001000135205686,121.29042476367869,0.3416631683483906,0.5534971025865008,0.032486694384955,0.3144757115719866
BH032,440,3280298,4.400000095367432,0.4385433861683665,3562,1,1,SHELF_NORMAL_Y_NEG,70.98076211353316,28.89403051151763,717.5247913859318,386.7649230957031,136.21859741210938,25.12229347229004,0.0070475880056619,-0.0046971812844276,0.0015592998825013,0.0053585646674036,-0.0047870054841041,0.0012422207510098,0.006366298533976,342.5659433653206,0.9649744883530158,-61.400610886892814,0.338098749271676,0.3555839809867985
BH032,441,3290784,4.410000324249268,0.4381652011154812,3023,2,1,SHELF_NORMAL_Y_POS,779.9393102292058,-25.04300957874569,1741.5247913859318,11.10689926147461,-111.40958404541016,-24.24020767211914,0.0004416144511196,-0.0010957532795146,-0.0003578090108931,0.0002254225983051,-0.0005387591081671,-5.184583642403595e-05,0.0005420342786237,124.64203407796828,0.3511043213463895,0.1239019018769101,0.0359363123847459,0.3211637613494267
BH032,441,3290784,4.410000324249268,0.4381652011154812,3944,2,5,SHELF_NORMAL_Y_NEG,-289.01923788646684,22.63576178657993,2802.4752086140675,-15.665080070495604,1.2488820552825928,90.76730346679688,-4.3414296669652686e-05,-5.503061765921302e-05,0.0011442210525274,3.436797487665899e-05,-8.38460837258026e-05,-1.4264960555010475e-06,8.430604066234082e-05,158.0589396816847,0.4452364498075625,0.5408862098564662,0.0526220797768604,0.3232393372116897
BH032,441,3290784,4.410000324249268,0.4381652011154812,3536,1,5,SHELF_NORMAL_Y_POS,160.98076211353316,-21.36871258581148,946.475208614068,-185.3979034423828,-249.5752868652344,-21.096548080444336,-0.0007138312212191,-0.0056147635914385,-0.0009724835981614,-0.0001782332401489,-0.0046714288182556,-0.0007062505465,0.0055689769797027,227.43057072781772,0.6406494950079373,32.71407616726819,0.1703124949000795,0.412287892802365
BH032,441,3290784,4.410000324249268,0.4381652011154812,5009,3,5,SIDE_NORMAL_X_POS,-800.0,24.15470053837925,2637.524791385932,82.68051147460938,-334.9144592285156,162.8731689453125,0.4365621507167816,-0.6678565740585327,0.002694122493267,0.4356796145439148,-0.6661064624786377,0.0006384119624271,0.9946436285972596,475.68652309494,1.3399620368871548,0.4360320267497389,0.4973563940963356,0.5286946076853171
BH032,441,3290784,4.410000324249268,0.4381652011154812,4371,1,1,SHELF_NORMAL_Y_POS,-796.8452994616207,-25.01400788112261,1906.475208614068,-403.78326416015625,-193.0322113037109,19.64967155456543,-0.0021148030646145,-0.0090836947783827,0.0022501940838992,-0.0004358598671387,-0.00873429980129,0.0020022336393594,0.0107273254543542,351.4505817678675,0.9900016387827254,0.0070947681770588,0.3751480981520552,0.4228813935991979
BH032,441,3290784,4.410000324249268,0.4381652011154812,3944,1,1,SHELF_NORMAL_Y_NEG,-289.01923788646684,22.46877624313318,2765.524791385932,20.79731559753418,-85.17290496826172,-41.29532623291016,0.0007793018012307,-0.0013836674625054,-0.0010845060460269,0.000554142112378,-0.0009397337562404,-0.000563348410651,0.001000135205686,120.72378294200004,0.340066994202817,0.5408862098564662,0.032016280525766,0.3144757115719866
BH032,441,3290784,4.410000324249268,0.4381652011154812,3562,1,1,SHELF_NORMAL_Y_NEG,70.98076211353316,28.89403051151763,717.5247913859318,386.95745849609375,136.79685974121094,25.025728225708008,0.0070476736873388,-0.0046946327202022,0.0015580776380375,0.0053585646674036,-0.0047870054841041,0.0012422207510098,0.006366298533976,342.6277156985232,0.9651484949254177,-61.46218973447655,0.3384462920169327,0.3555839809867985
BH032,442,3301270,4.420000553131104,0.4379798034570907,3023,2,1,SHELF_NORMAL_Y_POS,779.9393102292058,-25.04300957874569,1741.5247913859318,11.375569343566896,-111.12718963623048,-24.15548324584961,0.0004425068909768,-0.0010947759728878,-0.0003567395033314,0.0002254225983051,-0.0005387591081671,-5.184583642403595e-05,0.0005420342786237,124.47189650086176,0.3506250605658077,0.1212963334923625,0.0358117280791481,0.3211637613494267
BH032,442,3301270,4.420000553131104,0.4379798034570907,3944,2,5,SHELF_NORMAL_Y_NEG,-289.01923788646684,22.63576178657993,2802.4752086140675,-14.043375015258787,2.780293703079224,91.24954223632812,-3.777227902901359e-05,-4.9958183808485046e-05,0.0011503068963065,3.436797487665899e-05,-8.38460837258026e-05,-1.4264960555010475e-06,8.430604066234082e-05,158.81885277585206,0.4473770500728227,0.547162704174288,0.0531024116850465,0.3232393372116897
BH032,442,3301270,4.420000553131104,0.4379798034570907,3536,1,5,SHELF_NORMAL_Y_POS,160.98076211353316,-21.36871258581148,946.475208614068,-184.7598876953125,-248.6957092285156,-21.14813041687012,-0.0007120164227671,-0.0056114173494279,-0.0009731358732096,-0.0001782332401489,-0.0046714288182556,-0.0007062505465,0.0055689769797027,226.66828371626917,0.6385022076514624,32.715760873009714,0.1691557329106443,0.412287892802365
BH032,442,3301270,4.420000553131104,0.4379798034570907,5009,3,5,SIDE_NORMAL_X_POS,-800.0,24.15470053837925,2637.524791385932,84.15961456298828,-309.0641784667969,105.79779052734376,0.4381511509418487,-0.6701650023460388,0.0020162323489785,0.4372987151145935,-0.6685370802879333,0.0006808848120272,0.997822642326355,402.73284781743615,1.134458726246299,0.4393405139940659,0.35860538637837,0.5286946076853171
BH032,442,3301270,4.420000553131104,0.4379798034570907,4371,1,1,SHELF_NORMAL_Y_POS,-796.8452994616207,-25.01400788112261,1906.475208614068,-404.8761596679688,-192.87478637695312,19.039278030395508,-0.0021203320939093,-0.0090812919661402,0.0022424918133765,-0.0004358598671387,-0.00873429980129,0.0020022336393594,0.0107273254543542,352.3101863502009,0.992423060141411,0.0069618097167438,0.3767709259085174,0.4228813935991979
BH032,442,3301270,4.420000553131104,0.4379798034570907,3944,1,1,SHELF_NORMAL_Y_NEG,-289.01923788646684,22.46877624313318,2765.524791385932,19.215660095214844,-86.3824691772461,-41.49264907836914,0.0007733881939202,-0.0013872376875951,-0.0010869920952245,0.000554142112378,-0.0009397337562404,-0.000563348410651,0.001000135205686,121.0619202002434,0.3410194935218124,0.547162704174288,0.0323070785554695,0.3144757115719866
BH032,442,3301270,4.420000553131104,0.4379798034570907,3562,1,1,SHELF_NORMAL_Y_NEG,70.98076211353316,28.89403051151763,717.5247913859318,386.6289367675781,136.8412322998047,25.12302589416504,0.0070460177958011,-0.0046939710155129,0.0015593077987432,0.0053585646674036,-0.0047870054841041,0.0012422207510098,0.006366298533976,342.33635030997664,0.9643277473520468,-61.48874878080128,0.3379236138688489,0.3555839809867985
BH032,443,3311755,4.429999828338623,0.4376911219038021,3023,2,1,SHELF_NORMAL_Y_POS,779.9393102292058,-25.04300957874569,1741.5247913859318,11.614127159118652,-110.47332000732422,-23.97763061523437,0.0004427133244462,-0.0010919495252892,-0.0003544931823853,0.0002254225983051,-0.0005387591081671,-5.184583642403595e-05,0.0005420342786237,123.88330750801651,0.3489670634028635,0.1208393173080638,0.0354468732464388,0.3211637613494267
BH032,443,3311755,4.429999828338623,0.4376911219038021,3944,2,5,SHELF_NORMAL_Y_NEG,-289.01923788646684,22.63576178657993,2802.4752086140675,-14.088508605957031,3.36934757232666,90.94503021240234,-3.884926991304383e-05,-4.703270678874105e-05,0.0011464609997346,3.436797487665899e-05,-8.38460837258026e-05,-1.4264960555010475e-06,8.430604066234082e-05,158.33604523631624,0.4460170288346936,0.560955242877905,0.0527761542992558,0.3232393372116897
BH032,443,3311755,4.429999828338623,0.4376911219038021,3536,1,5,SHELF_NORMAL_Y_POS,160.98076211353316,-21.36871258581148,946.475208614068,-185.2204132080078,-249.9850616455078,-20.824729919433597,-0.0007123732939362,-0.0056170332245528,-0.0009690521983429,-0.0001782332401489,-0.0046714288182556,-0.0007062505465,0.0055689769797027,227.59130965328023,0.6411022807134654,32.74621161734149,0.1705382376641087,0.412287892802365
BH032,443,3311755,4.429999828338623,0.4376911219038021,5009,3,5,SIDE_NORMAL_X_POS,-800.0,24.15470053837925,2637.524791385932,78.98947143554688,-381.9464416503906,-123.5736312866211,0.4395860433578491,-0.6725301742553711,-0.0008917218074202,0.4386528730392456,-0.6705604195594788,0.0006678941426798,1.000515699386597,477.6018168702879,1.3453572306205293,0.4418983648150024,0.509251366757555,0.5286946076853171
BH032,443,3311755,4.429999828338623,0.4376911219038021,4371,1,1,SHELF_NORMAL_Y_POS,-796.8452994616207,-25.01400788112261,1906.475208614068,-405.0736389160156,-193.18333435058597,19.3829402923584,-0.0021211649291217,-0.0090824831277132,0.0022468829993158,-0.0004361732280813,-0.0087342895567417,0.0020022937096655,0.0107276830822229,352.5309525634354,0.9930449367984095,0.0069276902245581,0.3772964855103518,0.4228813935991979
BH032,443,3311755,4.429999828338623,0.4376911219038021,3944,1,1,SHELF_NORMAL_Y_NEG,-289.01923788646684,22.46877624313318,2765.524791385932,19.02620887756348,-87.29586029052734,-41.43656921386719,0.0007737975683994,-0.0013913996517658,-0.0010862807976081,0.000554142112378,-0.0009397337562404,-0.000563348410651,0.001000135205686,121.63240080174744,0.342626481131683,0.560955242877905,0.0326469787051459,0.3144757115719866
BH032,443,3311755,4.429999828338623,0.4376911219038021,3562,1,1,SHELF_NORMAL_Y_NEG,70.98076211353316,28.89403051151763,717.5247913859318,386.654541015625,136.64979553222656,25.209495544433597,0.0070464159362018,-0.0046949204988777,0.0015603984938934,0.0053585646674036,-0.0047870054841041,0.0012422207510098,0.006366298533976,342.4108537012595,0.964537616059886,-61.53329458030655,0.3379769540294328,0.3555839809867985
BH032,444,3322241,4.440000057220459,0.4373698591590481,3023,2,1,SHELF_NORMAL_Y_POS,779.9393102292058,-25.04300957874569,1741.5247913859318,11.709746360778809,-110.4549560546875,-23.87217903137207,0.0004431508714333,-0.0010919939959421,-0.0003531604306772,0.0002254225983051,-0.0005387591081671,-5.184583642403595e-05,0.0005420342786237,123.85660172831209,0.3488918358544002,0.1240719701963704,0.035425003421615,0.3211637613494267
BH032,444,3322241,4.440000057220459,0.4373698591590481,3944,2,5,SHELF_NORMAL_Y_NEG,-289.01923788646684,22.63576178657993,2802.4752086140675,-15.332623481750488,1.144816756248474,90.89259338378906,-4.164916754234582e-05,-5.601968223345466e-05,0.0011457914952188,3.436797487665899e-05,-8.38460837258026e-05,-1.4264960555010475e-06,8.430604066234082e-05,158.23508962493153,0.445732646830793,0.5375167925719107,0.0527362191605337,0.3232393372116897
BH032,444,3322241,4.440000057220459,0.4373698591590481,3536,1,5,SHELF_NORMAL_Y_POS,160.98076211353316,-21.36871258581148,946.475208614068,-185.0707550048828,-248.0519256591797,-21.452585220336918,-0.0007144650444388,-0.0056078652851283,-0.0009769778698682,-0.0001782332401489,-0.0046714288182556,-0.0007062505465,0.0055689769797027,226.3944020002539,0.6377307098598701,32.791320988369456,0.1688066619044514,0.412287892802365
BH032,444,3322241,4.440000057220459,0.4373698591590481,5009,3,5,SIDE_NORMAL_X_POS,-800.0,24.15470053837925,2637.524791385932,80.6385498046875,-346.2625427246094,-146.42897033691406,0.4413750469684601,-0.6750968098640442,-0.0012045727344229,0.4404863715171814,-0.6733008623123169,0.0006435099057853,1.0041416883468628,467.5967959337379,1.3171740730527828,0.4443153195737384,0.4813785669851197,0.5286946076853171
BH032,444,3322241,4.440000057220459,0.4373698591590481,4371,1,1,SHELF_NORMAL_Y_POS,-796.8452994616207,-25.01400788112261,1906.475208614068,-405.866943359375,-193.00735473632807,19.476961135864254,-0.0021252930164337,-0.0090804602950811,0.0022480662446469,-0.0004361732280813,-0.0087342895567417,0.0020022937096655,0.0107276830822229,353.24575811571856,0.9950584735654044,0.0070877682649544,0.378602600277605,0.4228813935991979
BH032,444,3322241,4.440000057220459,0.4373698591590481,3944,1,1,SHELF_NORMAL_Y_NEG,-289.01923788646684,22.46877624313318,2765.524791385932,20.912771224975582,-84.4957046508789,-41.266143798828125,0.0007788787479512,-0.0013805592898279,-0.0010841317707672,0.000554142112378,-0.0009397337562404,-0.000563348410651,0.001000135205686,120.21893077918446,0.3386448754343224,0.5375167925719107,0.0317282191421851,0.3144757115719866
BH032,444,3322241,4.440000057220459,0.4373698591590481,3562,1,1,SHELF_NORMAL_Y_NEG,70.98076211353316,28.89403051151763,717.5247913859318,386.4757385253906,137.1158447265625,25.26679039001465,0.0070448815822601,-0.0046923947520554,0.001561117125675,0.0053585646674036,-0.0047870054841041,0.0012422207510098,0.006366298533976,342.1805606393103,0.9638889032093249,-61.59143662732642,0.3377421328906007,0.3555839809867985
BH032,445,3332727,4.450000286102295,0.437148562108046,3023,2,1,SHELF_NORMAL_Y_POS,779.9393102292058,-25.04300957874569,1741.5247913859318,12.272320747375488,-110.47518920898438,-23.77924919128418,0.0004459107876755,-0.001092905877158,-0.00035198853584,0.0002254225983051,-0.0005387591081671,-5.184583642403595e-05,0.0005420342786237,124.12704105145896,0.3496536367646731,0.1237100328867295,0.0355309214937418,0.3211637613494267
BH032,445,3332727,4.450000286102295,0.437148562108046,3944,2,5,SHELF_NORMAL_Y_NEG,-289.01923788646684,22.63576178657993,2802.4752086140675,-13.775762557983398,3.136937141418457,90.89075469970705,-3.699279113789089e-05,-4.861639172304422e-05,0.001145762973465,3.436797487665899e-05,-8.38460837258026e-05,-1.4264960555010475e-06,8.430604066234082e-05,158.1967559071601,0.4456246645272115,0.5544281028155559,0.0526817118785917,0.3232393372116897
BH032,445,3332727,4.450000286102295,0.437148562108046,3536,1,5,SHELF_NORMAL_Y_POS,160.98076211353316,-21.36871258581148,946.475208614068,-185.9699859619141,-249.56224060058597,-20.384296417236328,-0.0007166324066929,-0.0056138793006539,-0.0009634960442781,-0.0001782332401489,-0.0046714288182556,-0.0007062505465,0.0055689769797027,227.3799020415431,0.6405067663142059,32.82650429089588,0.1704250046463208,0.412287892802365
BH032,445,3332727,4.450000286102295,0.437148562108046,5009,3,5,SIDE_NORMAL_X_POS,-800.0,24.15470053837925,2637.524791385932,84.24256134033203,-309.3974914550781,158.61569213867188,0.4430106580257416,-0.6774262189865112,0.0026565827429294,0.4421585500240326,-0.6758065819740295,0.0006545959622599,1.0074292421340942,452.0673261696911,1.2734290878019467,0.448133617201742,0.4441486291977142,0.5286946076853171
BH032,445,3332727,4.450000286102295,0.437148562108046,4371,1,1,SHELF_NORMAL_Y_POS,-796.8452994616207,-25.01400788112261,1906.475208614068,-404.7560424804688,-192.6779022216797,19.706302642822266,-0.002123637124896,-0.0090803289785981,0.002251585246995,-0.0004394331772346,-0.008734181523323,0.0020029125735163,0.0107314037159085,352.32044766641616,0.9924519652575104,0.0070249510846054,0.376662406742529,0.4228813935991979
BH032,445,3332727,4.450000286102295,0.437148562108046,3944,1,1,SHELF_NORMAL_Y_NEG,-289.01923788646684,22.46877624313318,2765.524791385932,18.29663848876953,-86.88053894042969,-41.51049041748047,0.0007696552202105,-0.0013883276842534,-0.0010872170096263,0.000554142112378,-0.0009397337562404,-0.000563348410651,0.001000135205686,121.00404655783194,0.3408564691769913,0.5544281028155559,0.032340765935102,0.3144757115719866
BH032,445,3332727,4.450000286102295,0.437148562108046,3562,1,1,SHELF_NORMAL_Y_NEG,70.98076211353316,28.89403051151763,717.5247913859318,386.190673828125,137.2791748046875,25.302095413208008,0.0070432499051094,-0.0046911453828215,0.0015615647425875,0.0053585646674036,-0.0047870054841041,0.0012422207510098,0.006366298533976,341.89685500656947,0.9630897324128718,-61.63531745508176,0.3372902711624103,0.3555839809867985
BH032,446,3343213,4.460000514984131,0.4369147031287713,3023,2,1,SHELF_NORMAL_Y_POS,779.9393102292058,-25.04300957874569,1741.5247913859318,12.539051055908203,-110.20475769042967,-23.32149887084961,0.0004468112892936,-0.0010919752530753,-0.0003462095337454,0.0002254225983051,-0.0005387591081671,-5.184583642403595e-05,0.0005420342786237,123.7572479938949,0.3486119661799856,0.1219080372788666,0.035303314719881,0.3211637613494267
BH032,446,3343213,4.460000514984131,0.4369147031287713,3944,2,5,SHELF_NORMAL_Y_NEG,-289.01923788646684,22.63576178657993,2802.4752086140675,-15.473949432373049,1.6731570959091189,90.7433853149414,-4.310469375923276e-05,-5.3248968470143154e-05,0.0011439059162512,3.436797487665899e-05,-8.38460837258026e-05,-1.4264960555010475e-06,8.430604066234082e-05,158.0228428083912,0.4451347684743414,0.5537759753062802,0.0525912511438795,0.3232393372116897
BH032,446,3343213,4.460000514984131,0.4369147031287713,3536,1,5,SHELF_NORMAL_Y_POS,160.98076211353316,-21.36871258581148,946.475208614068,-184.9479217529297,-247.6317901611328,-20.88351249694824,-0.0007144806440919,-0.0056059975177049,-0.0009697962086647,-0.0001782332401489,-0.0046714288182556,-0.0007062505465,0.0055689769797027,225.91284954934855,0.6363742240826721,32.818769000984844,0.168193981995475,0.412287892802365
BH032,446,3343213,4.460000514984131,0.4369147031287713,5009,3,5,SIDE_NORMAL_X_POS,-800.0,24.15470053837925,2637.524791385932,76.8045654296875,-375.5284423828125,-8.979960441589355,0.4444611668586731,-0.6798095703125,0.0005055969813838,0.4435485303401947,-0.6778825521469116,0.0006189047126099,1.0101876258850098,419.5292244905012,1.1817724633535245,0.450039703361562,0.3956555593458581,0.5286946076853171
BH032,446,3343213,4.460000514984131,0.4369147031287713,4371,1,1,SHELF_NORMAL_Y_POS,-796.8452994616207,-25.01400788112261,1906.475208614068,-405.75921630859375,-192.98324584960935,19.36573982238769,-0.0021280653309077,-0.0090803569182753,0.002247282071039,-0.0004394331772346,-0.008734181523323,0.0020029125735163,0.0107314037159085,353.1337421402747,0.9947429356064076,0.0069454015546341,0.3783783612867712,0.4228813935991979
BH032,446,3343213,4.460000514984131,0.4369147031287713,3944,1,1,SHELF_NORMAL_Y_NEG,-289.01923788646684,22.46877624313318,2765.524791385932,20.405935287475582,-85.17071533203125,-41.4582633972168,0.0007774074329063,-0.0013831002870574,-0.0010865540243685,0.000554142112378,-0.0009397337562404,-0.000563348410651,0.001000135205686,120.68472920100122,0.3399569836647921,0.5537759753062802,0.0320136112810848,0.3144757115719866
BH032,446,3343213,4.460000514984131,0.4369147031287713,3562,1,1,SHELF_NORMAL_Y_NEG,70.98076211353316,28.89403051151763,717.5247913859318,386.75103759765625,137.52481079101562,25.303903579711918,0.0070456033572554,-0.0046907411888241,0.0015615867450833,0.0053585646674036,-0.0047870054841041,0.0012422207510098,0.006366298533976,342.3776248621335,0.9644440136961506,-61.65439529086812,0.3382594061884423,0.3555839809867985
BH032,447,3353698,4.46999979019165,0.4365609414134342,3023,2,1,SHELF_NORMAL_Y_POS,779.9393102292058,-25.04300957874569,1741.5247913859318,12.774344444274902,-109.63944244384766,-23.070581436157227,0.000447129306849,-0.0010895761661231,-0.0003430423967074,0.0002254225983051,-0.0005387591081671,-5.184583642403595e-05,0.0005420342786237,123.2124928781242,0.3470774447271104,0.1236205270925656,0.0349701747849174,0.3211637613494267
BH032,447,3353698,4.46999979019165,0.4365609414134342,3944,2,5,SHELF_NORMAL_Y_NEG,-289.01923788646684,22.63576178657993,2802.4752086140675,-14.210123062133787,2.57780385017395,90.88115692138672,-3.828709668596275e-05,-5.069815961178392e-05,0.0011456370120868,3.436797487665899e-05,-8.38460837258026e-05,-1.4264960555010475e-06,8.430604066234082e-05,158.18772907587086,0.445599236833439,0.5526750429518601,0.0526824250046436,0.3232393372116897
BH032,447,3353698,4.46999979019165,0.4365609414134342,3536,1,5,SHELF_NORMAL_Y_POS,160.98076211353316,-21.36871258581148,946.475208614068,-185.7484893798828,-249.01698303222656,-20.50001716613769,-0.0007163516711443,-0.0056115537881851,-0.0009649559506215,-0.0001782332401489,-0.0046714288182556,-0.0007062505465,0.0055689769797027,226.97617238081287,0.6393694996642616,32.871033551829896,0.1698221576743903,0.412287892802365
BH032,447,3353698,4.46999979019165,0.4365609414134342,5009,3,5,SIDE_NORMAL_X_POS,-800.0,24.15470053837925,2637.524791385932,84.1065673828125,-315.8580322265625,5.3536882400512695,0.446250706911087,-0.6822853088378906,0.0006723267724737,0.4453884065151214,-0.6806387305259705,0.000604715780355,1.0138195753097534,365.3654773006567,1.0291985276074838,0.4533561541121215,0.2947922216689722,0.5286946076853171
BH032,447,3353698,4.46999979019165,0.4365609414134342,4371,1,1,SHELF_NORMAL_Y_POS,-796.8452994616207,-25.01400788112261,1906.475208614068,-403.5144348144531,-192.3985137939453,19.70463180541992,-0.0021180233452469,-0.0090807536616921,0.0022515703458338,-0.0004394331772346,-0.008734181523323,0.0020029125735163,0.0107314037159085,351.24112402280485,0.9894116169656476,0.006982540055055,0.3744751181364993,0.4228813935991979
BH032,447,3353698,4.46999979019165,0.4365609414134342,3944,1,1,SHELF_NORMAL_Y_NEG,-289.01923788646684,22.46877624313318,2765.524791385932,19.265172958374023,-86.1136245727539,-41.33562850952149,0.0007732405210845,-0.0013860194012522,-0.0010850039543583,0.000554142112378,-0.0009397337562404,-0.000563348410651,0.001000135205686,120.71288104618893,0.3400362846371519,0.5526750429518601,0.0321167901660018,0.3144757115719866
BH032,447,3353698,4.46999979019165,0.4365609414134342,3562,1,1,SHELF_NORMAL_Y_NEG,70.98076211353316,28.89403051151763,717.5247913859318,386.40179443359375,137.47776794433594,25.36360740661621,0.007043975405395,-0.0046904720366001,0.0015623420476913,0.0053585646674036,-0.0047870054841041,0.0012422207510098,0.006366298533976,342.0742096885882,0.9635893230664456,-61.7090209284688,0.3376831619259023,0.3555839809867985
BH032,448,3364184,4.480000019073486,0.4358473447047279,3023,2,1,SHELF_NORMAL_Y_POS,779.9393102292058,-25.04300957874569,1741.5247913859318,12.845083236694336,-109.90528106689452,-23.35790252685547,0.0004478578630369,-0.0010909703560173,-0.0003466685302555,0.0002254225983051,-0.0005387591081671,-5.184583642403595e-05,0.0005420342786237,123.6635932057996,0.3483481498754918,0.1256328835280599,0.0352167303922884,0.3211637613494267
BH032,448,3364184,4.480000019073486,0.4358473447047279,3944,2,5,SHELF_NORMAL_Y_NEG,-289.01923788646684,22.63576178657993,2802.4752086140675,-13.925676345825195,3.2123026847839355,90.96248626708984,-3.783032661885954e-05,-4.803233241545968e-05,0.0011466547148302,3.436797487665899e-05,-8.38460837258026e-05,-1.4264960555010475e-06,8.430604066234082e-05,158.33981988562448,0.4460276616496464,0.547943619898519,0.0527762342549055,0.3232393372116897
BH032,448,3364184,4.480000019073486,0.4358473447047279,3536,1,5,SHELF_NORMAL_Y_POS,160.98076211353316,-21.36871258581148,946.475208614068,-185.68316650390625,-247.10389709472656,-20.924379348754883,-0.0007188208983279,-0.0056023676879704,-0.0009703122195787,-0.0001782332401489,-0.0046714288182556,-0.0007062505465,0.0055689769797027,225.76321482408545,0.6359527178143252,32.915903559267335,0.168109540756858,0.412287892802365
BH032,448,3364184,4.480000019073486,0.4358473447047279,5009,3,5,SIDE_NORMAL_X_POS,-800.0,24.15470053837925,2637.524791385932,81.79557800292969,-361.29388427734375,-16.24350357055664,0.4476588070392608,-0.684531033039093,0.0004018211620859,0.4467419385910034,-0.6826683282852173,0.0006067838403396,1.0164786577224731,409.35019691600615,1.1530991462422708,0.4550638345770655,0.3735512336779327,0.5286946076853171
BH032,448,3364184,4.480000019073486,0.4358473447047279,4371,1,1,SHELF_NORMAL_Y_POS,-796.8452994616207,-25.01400788112261,1906.475208614068,-403.6971740722656,-192.09011840820312,19.85297393798828,-0.0021239074412733,-0.0090788332745432,0.0022543359082192,-0.00044397849706,-0.0087340269237756,0.0020037968643009,0.0107365911826491,351.4344970232141,0.9899563296428564,0.007037558498341,0.374713118591853,0.4228813935991979
BH032,448,3364184,4.480000019073486,0.4358473447047279,3944,1,1,SHELF_NORMAL_Y_NEG,-289.01923788646684,22.46877624313318,2765.524791385932,19.178693771362305,-86.15043640136719,-41.22333908081055,0.0007728749769739,-0.0013860776089131,-0.0010835814755409,0.000554142112378,-0.0009397337562404,-0.000563348410651,0.001000135205686,120.58218724109793,0.3396681330735152,0.547943619898519,0.0320560577170471,0.3144757115719866
BH032,448,3364184,4.480000019073486,0.4358473447047279,3562,1,1,SHELF_NORMAL_Y_NEG,70.98076211353316,28.89403051151763,717.5247913859318,386.8481750488281,137.599365234375,25.33812141418457,0.0070459577254951,-0.0046905376948416,0.0015620131744071,0.0053585646674036,-0.0047870054841041,0.0012422207510098,0.006366298533976,342.4632735244999,0.9646852775338026,-61.7703810044852,0.3384356265370219,0.3555839809867985
BH032,449,3374670,4.490000247955322,0.4358215315533713,3023,2,1,SHELF_NORMAL_Y_POS,779.9393102292058,-25.04300957874569,1741.5247913859318,13.14716911315918,-109.64708709716795,-23.0620174407959,0.0004489477432798,-0.0010901527712121,-0.0003429338976275,0.0002254225983051,-0.0005387591081671,-5.184583642403595e-05,0.0005420342786237,123.41981407672932,0.3476614481034628,0.1248409764258958,0.0350544703400839,0.3211637613494267
BH032,449,3374670,4.490000247955322,0.4358215315533713,3944,2,5,SHELF_NORMAL_Y_NEG,-289.01923788646684,22.63576178657993,2802.4752086140675,-15.261263847351074,1.8750542402267456,90.58641815185548,-4.236633685650304e-05,-5.257876546238549e-05,0.0011419141665101,3.436797487665899e-05,-8.38460837258026e-05,-1.4264960555010475e-06,8.430604066234082e-05,157.74262315829188,0.444345417347301,0.5499799671335406,0.0524005130222237,0.3232393372116897
BH032,449,3374670,4.490000247955322,0.4358215315533713,3536,1,5,SHELF_NORMAL_Y_POS,160.98076211353316,-21.36871258581148,946.475208614068,-185.52322387695312,-248.39291381835935,-20.551803588867188,-0.0007161638932302,-0.005608872976154,-0.000965607992839,-0.0001782332401489,-0.0046714288182556,-0.0007062505465,0.0055689769797027,226.5002913140884,0.6380289896171504,32.921533345849426,0.1691330295002725,0.412287892802365
BH032,449,3374670,4.490000247955322,0.4358215315533713,5009,3,5,SIDE_NORMAL_X_POS,-800.0,24.15470053837925,2637.524791385932,80.05921173095703,-347.156494140625,-94.2627410888672,0.4493575990200043,-0.687043309211731,-0.0005873282207176,0.4484700858592987,-0.6852512359619141,0.0006023502210155,1.0199049711227417,425.8832905244504,1.199671240913945,0.4584551538811743,0.4007130296412843,0.5286946076853171
BH032,449,3374670,4.490000247955322,0.4358215315533713,4371,1,1,SHELF_NORMAL_Y_POS,-796.8452994616207,-25.01400788112261,1906.475208614068,-402.4957885742188,-191.7845764160156,19.383214950561523,-0.0021185264922678,-0.0090791331604123,0.0022484008222818,-0.00044397849706,-0.0087340269237756,0.0020037968643009,0.0107365911826491,350.31246954051613,0.9867956888465244,0.0069509360007395,0.37248516608165,0.4228813935991979
BH032,449,3374670,4.490000247955322,0.4358215315533713,3944,1,1,SHELF_NORMAL_Y_NEG,-289.01923788646684,22.46877624313318,2765.524791385932,20.30087661743164,-85.1065444946289,-41.26212310791016,0.0007768017821945,-0.0013826431240886,-0.0010840657632797,0.000554142112378,-0.0009397337562404,-0.000563348410651,0.001000135205686,120.37722116950054,0.339090763857748,0.5499799671335406,0.0318594281344034,0.3144757115719866
BH032,449,3374670,4.490000247955322,0.4358215315533713,3562,1,1,SHELF_NORMAL_Y_NEG,70.98076211353316,28.89403051151763,717.5247913859318,387.0667419433594,137.56166076660156,25.568931579589844,0.0070470548234879,-0.004691052250564,0.0015649258857592,0.0053585646674036,-0.0047870054841041,0.0012422207510098,0.006366298533976,342.72385409923226,0.965419307321781,-61.78863806369332,0.338865947434921,0.3555839809867985
BH032,450,3385156,4.500000476837158,0.4356388879393655,3023,2,1,SHELF_NORMAL_Y_POS,779.9393102292058,-25.04300957874569,1741.5247913859318,12.939946174621582,-109.8758544921875,-23.347631454467773,0.0004482751828618,-0.0010909653501585,-0.0003465381741989,0.0002254225983051,-0.0005387591081671,-5.184583642403595e-05,0.0005420342786237,123.68212859589246,0.3484003622419506,0.1235619119004149,0.0352185190394045,0.3211637613494267
BH032,450,3385156,4.500000476837158,0.4356388879393655,3944,2,5,SHELF_NORMAL_Y_NEG,-289.01923788646684,22.63576178657993,2802.4752086140675,-13.77738094329834,3.1284565925598145,90.78375244140624,-3.6988294596085325e-05,-4.865524533670396e-05,0.0011444103438407,3.436797487665899e-05,-8.38460837258026e-05,-1.4264960555010475e-06,8.430604066234082e-05,158.01194425288287,0.4451040683179799,0.5609001499453885,0.0525586569105424,0.3232393372116897
BH032,450,3385156,4.500000476837158,0.4356388879393655,3536,1,5,SHELF_NORMAL_Y_POS,160.98076211353316,-21.36871258581148,946.475208614068,-185.1558380126953,-246.88381958007807,-20.581960678100582,-0.0007165833958424,-0.0056020724587142,-0.0009659881470724,-0.0001782332401489,-0.0046714288182556,-0.0007062505465,0.0055689769797027,225.373413539779,0.6348546860275465,32.93687524999909,0.1675321069532828,0.412287892802365
BH032,450,3385156,4.500000476837158,0.4356388879393655,5009,3,5,SIDE_NORMAL_X_POS,-800.0,24.15470053837925,2637.524791385932,84.57096099853516,-327.5748291015625,40.89320373535156,0.4508785307407379,-0.6892560720443726,0.001126741641201,0.4499986469745636,-0.6875516772270203,0.0006105722859501,1.022896409034729,383.6373242222485,1.080668518935911,0.4616471096251719,0.3251411546730899,0.5286946076853171
BH032,450,3385156,4.500000476837158,0.4356388879393655,4371,1,1,SHELF_NORMAL_Y_POS,-796.8452994616207,-25.01400788112261,1906.475208614068,-404.1267700195313,-192.36468505859372,19.64548110961914,-0.0021256008185446,-0.009079567156732,0.0022517149336636,-0.00044397849706,-0.0087340269237756,0.0020037968643009,0.0107365911826491,351.7680119761352,0.9908958083834796,0.0068759128582575,0.375486473415126,0.4228813935991979
BH032,450,3385156,4.500000476837158,0.4356388879393655,3944,1,1,SHELF_NORMAL_Y_NEG,-289.01923788646684,22.46877624313318,2765.524791385932,18.23426818847656,-86.34638977050781,-41.49981689453125,0.0007685763412155,-0.0013856481527909,-0.0010870671831071,0.000554142112378,-0.0009397337562404,-0.000563348410651,0.001000135205686,120.53777498274464,0.3395430281204074,0.5609001499453885,0.0320826409196133,0.3144757115719866
BH032,450,3385156,4.500000476837158,0.4356388879393655,3562,1,1,SHELF_NORMAL_Y_NEG,70.98076211353316,28.89403051151763,717.5247913859318,387.4366455078125,138.0385284423828,25.565874099731445,0.0070481360889971,-0.0046892906539142,0.0015648890985175,0.0053585646674036,-0.0047870054841041,0.0012422207510098,0.006366298533976,342.9889895634892,0.9661661677844766,-61.822782526196136,0.3395262219764309,0.3555839809867985
BH032,451,3395642,4.510000705718994,0.4351907426493577,3023,2,1,SHELF_NORMAL_Y_POS,779.9393102292058,-25.04300957874569,1741.5247913859318,13.346160888671877,-108.81149291992188,-23.14105033874512,0.0004486982361413,-0.0010863912757486,-0.0003439316351432,0.0002254225983051,-0.0005387591081671,-5.184583642403595e-05,0.0005420342786237,122.78762692272944,0.3458806392189561,0.1257678183976375,0.0346633696699337,0.3211637613494267
BH032,451,3395642,4.510000705718994,0.4351907426493577,3944,2,5,SHELF_NORMAL_Y_NEG,-289.01923788646684,22.63576178657993,2802.4752086140675,-15.194955825805664,1.7941163778305054,90.7535171508789,-4.192643245914951e-05,-5.306820094119757e-05,0.0011440222151577,3.436797487665899e-05,-8.38460837258026e-05,-1.4264960555010475e-06,8.430604066234082e-05,158.01889026631432,0.4451236345529981,0.5467056363912184,0.0525840658285626,0.3232393372116897
BH032,451,3395642,4.510000705718994,0.4351907426493577,3536,1,5,SHELF_NORMAL_Y_POS,160.98076211353316,-21.36871258581148,946.475208614068,-185.803955078125,-247.6298370361328,-19.957448959350582,-0.0007186464499682,-0.0056047509424388,-0.0009581081103533,-0.0001782332401489,-0.0046714288182556,-0.0007062505465,0.0055689769797027,225.89365219820988,0.636320147037211,32.985034145802075,0.1684180922232134,0.412287892802365
BH032,451,3395642,4.510000705718994,0.4351907426493577,5009,3,5,SIDE_NORMAL_X_POS,-800.0,24.15470053837925,2637.524791385932,77.56822204589844,-363.0177612304688,-90.04451751708984,0.4524070918560028,-0.6916775703430176,-0.0005809374852105,0.4515100419521332,-0.6898099780082703,0.0005555035313591,1.0258911848068235,436.21257633696194,1.2287678206674983,0.463452753114419,0.4232541544986635,0.5286946076853171
BH032,451,3395642,4.510000705718994,0.4351907426493577,4371,1,1,SHELF_NORMAL_Y_POS,-796.8452994616207,-25.01400788112261,1906.475208614068,-404.1516418457031,-192.281982421875,19.36671257019043,-0.002126135630533,-0.009079148992896,0.0022482660133391,-0.0004442685749381,-0.0087340166792273,0.0020038520451635,0.0107369218021631,351.7457038043897,0.9908329684630696,0.0070090623521543,0.3754385623609484,0.4228813935991979
BH032,451,3395642,4.510000705718994,0.4351907426493577,3944,1,1,SHELF_NORMAL_Y_NEG,-289.01923788646684,22.46877624313318,2765.524791385932,20.46906852722168,-84.3900146484375,-41.33307266235352,0.0007765765185467,-0.0013794081751257,-0.0010849643731489,0.000554142112378,-0.0009397337562404,-0.000563348410651,0.001000135205686,119.97212600734342,0.337949650724911,0.5467056363912184,0.0316176669904868,0.3144757115719866
BH032,451,3395642,4.510000705718994,0.4351907426493577,3562,1,1,SHELF_NORMAL_Y_NEG,70.98076211353316,28.89403051151763,717.5247913859318,386.9289245605469,138.64175415039062,25.83063507080078,0.0070447945035994,-0.0046856282278895,0.0015682281227782,0.0053585646674036,-0.0047870054841041,0.0012422207510098,0.006366298533976,342.48020227067576,0.9647329641427488,-61.87371498320479,0.3388149802630845,0.3555839809867985
BH032,452,3406127,4.519999980926514,0.4349086548107337,3023,2,1,SHELF_NORMAL_Y_POS,779.9393102292058,-25.04300957874569,1741.5247913859318,13.805892944335938,-108.8270492553711,-23.01827621459961,0.0004509526770561,-0.0010871373815461,-0.0003423821472097,0.0002254225983051,-0.0005387591081671,-5.184583642403595e-05,0.0005420342786237,122.98742635230587,0.3464434545135377,0.1263603836959746,0.0347394146198537,0.3211637613494267
BH032,452,3406127,4.519999980926514,0.4349086548107337,3944,2,5,SHELF_NORMAL_Y_NEG,-289.01923788646684,22.63576178657993,2802.4752086140675,-14.062054634094238,3.142875909805298,90.31721496582033,-3.839135752059519e-05,-4.817058288608678e-05,0.0011385126272216,3.436797487665899e-05,-8.38460837258026e-05,-1.4264960555010475e-06,8.430604066234082e-05,157.23680326124395,0.4429205725668844,0.5534855654844268,0.0520456337969403,0.3232393372116897
BH032,452,3406127,4.519999980926514,0.4349086548107337,3536,1,5,SHELF_NORMAL_Y_POS,160.98076211353316,-21.36871258581148,946.475208614068,-184.96456909179688,-245.9580078125,-20.807945251464844,-0.0007170039461925,-0.0055978377349674,-0.0009688450954854,-0.0001782332401489,-0.0046714288182556,-0.0007062505465,0.0055689769797027,224.7501462812781,0.6330990036092341,33.00940146262441,0.1666240179839755,0.412287892802365
BH032,452,3406127,4.519999980926514,0.4349086548107337,5009,3,5,SIDE_NORMAL_X_POS,-800.0,24.15470053837925,2637.524791385932,83.66712951660156,-311.1410217285156,-36.76080703735352,0.453996330499649,-0.6938930749893188,8.532032370567322e-05,0.4531448483467102,-0.6922706365585327,0.0005492478376254,1.029089093208313,365.9170273830018,1.0307521898112728,0.4666620109686156,0.2947126499638575,0.5286946076853171
BH032,452,3406127,4.519999980926514,0.4349086548107337,4371,1,1,SHELF_NORMAL_Y_POS,-796.8452994616207,-25.01400788112261,1906.475208614068,-404.4584655761719,-191.97987365722656,20.337247848510746,-0.0021302262321114,-0.0090771596878767,0.002260933862999,-0.0004464333178475,-0.0087339393794536,0.0020042753312736,0.0107393898069858,352.1872344292481,0.9920767167021074,0.0069901218534711,0.3760928047370376,0.4228813935991979
BH032,452,3406127,4.519999980926514,0.4349086548107337,3944,1,1,SHELF_NORMAL_Y_NEG,-289.01923788646684,22.46877624313318,2765.524791385932,18.78261947631836,-86.33651733398438,-41.26527786254883,0.0007712218211963,-0.0013864046195521,-0.0010841083712875,0.000554142112378,-0.0009397337562404,-0.000563348410651,0.001000135205686,120.56896965209762,0.339630900428444,0.5534855654844268,0.0320745824985186,0.3144757115719866
BH032,452,3406127,4.519999980926514,0.4349086548107337,3562,1,1,SHELF_NORMAL_Y_NEG,70.98076211353316,28.89403051151763,717.5247913859318,386.6450805664063,138.85060119628906,25.90228271484375,0.0070430901832878,-0.004684176761657,0.0015691323205828,0.0053585646674036,-0.0047870054841041,0.0012422207510098,0.006366298533976,342.1999278814355,0.963943458820945,-61.91434704869269,0.3383759887824363,0.3555839809867985
BH032,453,3416613,4.53000020980835,0.43469323904528,3023,2,1,SHELF_NORMAL_Y_POS,779.9393102292058,-25.04300957874569,1741.5247913859318,14.35466480255127,-108.68331909179688,-23.03035926818848,0.0004534083127509,-0.0010872443672269,-0.0003425333125051,0.0002254225983051,-0.0005387591081671,-5.184583642403595e-05,0.0005420342786237,123.16422049304704,0.3469414661775973,0.1245044178763958,0.0347891222481506,0.3211637613494267
BH032,453,3416613,4.53000020980835,0.43469323904528,3944,2,5,SHELF_NORMAL_Y_NEG,-289.01923788646684,22.63576178657993,2802.4752086140675,-14.24524211883545,2.7648732662200928,90.97178649902344,-3.873009336530231e-05,-4.973917384631932e-05,0.0011467696167528,3.436797487665899e-05,-8.38460837258026e-05,-1.4264960555010475e-06,8.430604066234082e-05,158.35894528816303,0.4460815360229944,0.5564415080379534,0.0527942605420218,0.3232393372116897
BH032,453,3416613,4.53000020980835,0.43469323904528,3536,1,5,SHELF_NORMAL_Y_POS,160.98076211353316,-21.36871258581148,946.475208614068,-185.82374572753903,-247.4574432373047,-19.951221466064453,-0.0007189924363046,-0.0056038657203316,-0.0009580280748195,-0.0001782332401489,-0.0046714288182556,-0.0007062505465,0.0055689769797027,225.7793954133215,0.6359982969389338,33.02151200974695,0.168261315642666,0.412287892802365
BH032,453,3416613,4.53000020980835,0.43469323904528,5009,3,5,SIDE_NORMAL_X_POS,-800.0,24.15470053837925,2637.524791385932,75.76445770263672,-370.857421875,-11.972152709960938,0.455399751663208,-0.696200966835022,0.0003983885399065,0.454499214887619,-0.694301187992096,0.000549450807739,1.0317602157592771,414.4916032751877,1.1675819810568666,0.4692556748666106,0.3850186000433881,0.5286946076853171
BH032,453,3416613,4.53000020980835,0.43469323904528,4371,1,1,SHELF_NORMAL_Y_POS,-796.8452994616207,-25.01400788112261,1906.475208614068,-406.4966125488281,-192.7657012939453,20.216083526611328,-0.002138989046216,-0.0090779867023229,0.0022593988105654,-0.0004464333178475,-0.0087339393794536,0.0020042753312736,0.0107393898069858,353.9287740731112,0.996982462177778,0.0068824466969525,0.3797741082426929,0.4228813935991979
BH032,453,3416613,4.53000020980835,0.43469323904528,3944,1,1,SHELF_NORMAL_Y_NEG,-289.01923788646684,22.46877624313318,2765.524791385932,19.2602481842041,-85.34390258789062,-41.47330474853516,0.0007720938301645,-0.0013822795590385,-0.0010867390083149,0.000554142112378,-0.0009397337562404,-0.000563348410651,0.001000135205686,120.24303985759184,0.3387127883312446,0.5564415080379534,0.0318457629001377,0.3144757115719866
BH032,453,3416613,4.53000020980835,0.43469323904528,3562,1,1,SHELF_NORMAL_Y_NEG,70.98076211353316,28.89403051151763,717.5247913859318,385.97998046875,138.90966796875,25.906782150268555,0.0070397681556642,-0.004682888276875,0.0015691964654251,0.0053585646674036,-0.0047870054841041,0.0012422207510098,0.006366298533976,341.57513716968737,0.9621834849850348,-61.93333259842361,0.337266197210076,0.3555839809867985
BH032,454,3427099,4.5400004386901855,0.4343876337455403,3023,2,1,SHELF_NORMAL_Y_POS,779.9393102292058,-25.04300957874569,1741.5247913859318,14.125109672546388,-108.20999145507812,-22.88909149169922,0.0004516049521043,-0.0010846214136108,-0.0003407502663321,0.0002254225983051,-0.0005387591081671,-5.184583642403595e-05,0.0005420342786237,122.51175657415072,0.345103539645495,0.1251794864905176,0.0344380477797702,0.3211637613494267
BH032,454,3427099,4.5400004386901855,0.4343876337455403,3944,2,5,SHELF_NORMAL_Y_NEG,-289.01923788646684,22.63576178657993,2802.4752086140675,-15.295042037963867,2.2070674896240234,90.13182830810548,-4.30138134106528e-05,-5.091796992928721e-05,0.001136167673394,3.436797487665899e-05,-8.38460837258026e-05,-1.4264960555010475e-06,8.430604066234082e-05,156.9834579513608,0.4422069238066501,0.5542656221056304,0.0518945186437826,0.3232393372116897
BH032,454,3427099,4.5400004386901855,0.4343876337455403,3536,1,5,SHELF_NORMAL_Y_POS,160.98076211353316,-21.36871258581148,946.475208614068,-185.3490447998047,-246.52914428710935,-20.46442413330078,-0.0007180403335951,-0.0056000561453402,-0.0009645060054026,-0.0001782332401489,-0.0046714288182556,-0.0007062505465,0.0055689769797027,225.1517798009341,0.6342303656364341,33.039650647640954,0.167273328865071,0.412287892802365
BH032,454,3427099,4.5400004386901855,0.4343876337455403,5009,3,5,SIDE_NORMAL_X_POS,-800.0,24.15470053837925,2637.524791385932,84.984619140625,-308.0724182128906,-25.728391647338867,0.457019567489624,-0.6984187960624695,0.0002240537432953,0.4561642110347748,-0.696807861328125,0.0005487335729412,1.0350123643875122,360.968513715318,1.0168127146910364,0.4721357539741089,0.2871421862157376,0.5286946076853171
BH032,454,3427099,4.5400004386901855,0.4343876337455403,4371,1,1,SHELF_NORMAL_Y_POS,-796.8452994616207,-25.01400788112261,1906.475208614068,-405.64105224609375,-192.57501220703125,19.631139755249023,-0.0021359450183808,-0.0090782744809985,0.0022521794307976,-0.0004472749715205,-0.0087339095771312,0.0020044355187565,0.0107403500005602,353.085843599205,0.9946080101386056,0.0068915503749767,0.3781103853023164,0.4228813935991979
BH032,454,3427099,4.5400004386901855,0.4343876337455403,3944,1,1,SHELF_NORMAL_Y_NEG,-289.01923788646684,22.46877624313318,2765.524791385932,19.971681594848636,-85.11319732666016,-41.3374137878418,0.0007752134697511,-0.0013821991160511,-0.0010850183898583,0.000554142112378,-0.0009397337562404,-0.000563348410651,0.001000135205686,120.2885008528344,0.338840847472773,0.5542656221056304,0.0318289397497636,0.3144757115719866
BH032,454,3427099,4.5400004386901855,0.4343876337455403,3562,1,1,SHELF_NORMAL_Y_NEG,70.98076211353316,28.89403051151763,717.5247913859318,386.0196533203125,138.95681762695312,25.93658828735352,0.0070398761890828,-0.0046827518381178,0.0015695723704993,0.0053585646674036,-0.0047870054841041,0.0012422207510098,0.006366298533976,341.6112222741772,0.9622851331666964,-61.9655962354157,0.3373366184351666,0.3555839809867985
BH032,455,3437585,4.5500006675720215,0.4340256884314497,3023,2,1,SHELF_NORMAL_Y_POS,779.9393102292058,-25.04300957874569,1741.5247913859318,14.372576713562012,-108.30075073242188,-23.11483764648437,0.0004529388970695,-0.0010854249121621,-0.0003436010156292,0.0002254225983051,-0.0005387591081671,-5.184583642403595e-05,0.0005420342786237,122.86200216869936,0.3460901469540827,0.1270928030044327,0.0346096207035174,0.3211637613494267
BH032,455,3437585,4.5500006675720215,0.4340256884314497,3944,2,5,SHELF_NORMAL_Y_NEG,-289.01923788646684,22.63576178657993,2802.4752086140675,-13.458795547485352,3.366562366485596,90.74417877197266,-3.5788681998383254e-05,-4.7963523684302345e-05,0.0011438980000093,3.436797487665899e-05,-8.38460837258026e-05,-1.4264960555010475e-06,8.430604066234082e-05,157.928150553801,0.4448680297290169,0.5547235897910809,0.0524980750704992,0.3232393372116897
BH032,455,3437585,4.5500006675720215,0.4340256884314497,3536,1,5,SHELF_NORMAL_Y_POS,160.98076211353316,-21.36871258581148,946.475208614068,-185.59030151367188,-246.9416656494141,-19.852863311767575,-0.0007186072762124,-0.0056017059832811,-0.0009567830129526,-0.0001782332401489,-0.0046714288182556,-0.0007062505465,0.0055689769797027,225.33614137662587,0.6347496940186644,33.086597910421865,0.1676304127530123,0.412287892802365
BH032,455,3437585,4.5500006675720215,0.4340256884314497,5009,3,5,SIDE_NORMAL_X_POS,-800.0,24.15470053837925,2637.524791385932,78.8214111328125,-375.6306457519531,21.646574020385746,0.4583371877670288,-0.7006142139434814,0.0008064057328738,0.457413375377655,-0.6986845135688782,0.000533141021151,1.0374631881713867,422.28504229294674,1.1895353304026668,0.4737576279679004,0.399968237133132,0.5286946076853171
BH032,455,3437585,4.5500006675720215,0.4340256884314497,4371,1,1,SHELF_NORMAL_Y_POS,-796.8452994616207,-25.01400788112261,1906.475208614068,-404.6276245117188,-192.0015869140625,19.898366928100582,-0.0021333047188818,-0.0090769361704587,0.002255834871903,-0.0004487234400585,-0.008733857423067,0.0020047163125127,0.010742001235485,352.25958169965133,0.9922805118300038,0.0069613216871877,0.3762731165109955,0.4228813935991979
BH032,455,3437585,4.5500006675720215,0.4340256884314497,3944,1,1,SHELF_NORMAL_Y_NEG,-289.01923788646684,22.46877624313318,2765.524791385932,18.287399291992188,-86.11288452148438,-41.344635009765625,0.0007684947922825,-0.0013846037909388,-0.0010851029073819,0.000554142112378,-0.0009397337562404,-0.000563348410651,0.001000135205686,120.21969509683956,0.3386470284418015,0.5547235897910809,0.0319097036652025,0.3144757115719866
BH032,455,3437585,4.5500006675720215,0.4340256884314497,3562,1,1,SHELF_NORMAL_Y_NEG,70.98076211353316,28.89403051151763,717.5247913859318,385.6123352050781,139.2793426513672,25.907129287719727,0.0070374114438891,-0.0046806000173091,0.0015692025190219,0.0053585646674036,-0.0047870054841041,0.0012422207510098,0.006366298533976,341.17636763099586,0.9610601905098476,-62.015009413661886,0.3366688202827198,0.3555839809867985
BH032,456,3448070,4.559999942779541,0.433479695787143,3023,2,1,SHELF_NORMAL_Y_POS,779.9393102292058,-25.04300957874569,1741.5247913859318,14.520153999328612,-108.35530853271484,-22.896223068237305,0.0004537338390946,-0.0010859037283807,-0.0003408415941521,0.0002254225983051,-0.0005387591081671,-5.184583642403595e-05,0.0005420342786237,122.87292060619085,0.3461209031160305,0.1265452326123558,0.0346094928904794,0.3211637613494267
BH032,456,3448070,4.559999942779541,0.433479695787143,3944,2,5,SHELF_NORMAL_Y_NEG,-289.01923788646684,22.63576178657993,2802.4752086140675,-15.31003761291504,1.837960124015808,90.3051986694336,-4.254920713719912e-05,-5.268785389489494e-05,0.0011383612873032,3.436797487665899e-05,-8.38460837258026e-05,-1.4264960555010475e-06,8.430604066234082e-05,157.26093382634377,0.4429885459897008,0.5504312463549182,0.0520817568033451,0.3232393372116897
BH032,456,3448070,4.559999942779541,0.433479695787143,3536,1,5,SHELF_NORMAL_Y_POS,160.98076211353316,-21.36871258581148,946.475208614068,-185.5792999267578,-246.27487182617188,-19.82367515563965,-0.0007195268990471,-0.0055984584614634,-0.0009564158390276,-0.0001782332401489,-0.0046714288182556,-0.0007062505465,0.0055689769797027,224.8697512812226,0.6334359191020354,33.095046816762135,0.1669917359577403,0.412287892802365
BH032,456,3448070,4.559999942779541,0.433479695787143,5009,3,5,SIDE_NORMAL_X_POS,-800.0,24.15470053837925,2637.524791385932,86.46977233886719,-306.8702087402344,-173.49481201171875,0.4599603116512298,-0.7028299570083618,-0.0016644821735098,0.4590990543365478,-0.7012215256690979,0.0005252097034826,1.04075026512146,467.421322805137,1.316679782549682,0.4772587562533944,0.4726471088001862,0.5286946076853171
BH032,456,3448070,4.559999942779541,0.433479695787143,4371,1,1,SHELF_NORMAL_Y_POS,-796.8452994616207,-25.01400788112261,1906.475208614068,-404.11907958984375,-191.53793334960935,19.7111873626709,-0.0021329091396182,-0.0090753659605979,0.0022537501063197,-0.0004501209186855,-0.0087338099256157,0.0020049910526722,0.0107435947284102,351.7960627840167,0.9909748247437092,0.0068954738208068,0.375209189861342,0.4228813935991979
BH032,456,3448070,4.559999942779541,0.433479695787143,3944,1,1,SHELF_NORMAL_Y_NEG,-289.01923788646684,22.46877624313318,2765.524791385932,20.21497917175293,-84.13304138183594,-41.22394561767578,0.0007749682408757,-0.0013777968706563,-0.0010835801949724,0.000554142112378,-0.0009397337562404,-0.000563348410651,0.001000135205686,119.52406783208744,0.3366875150199646,0.5504312463549182,0.0313919540984923,0.3144757115719866
BH032,456,3448070,4.559999942779541,0.433479695787143,3562,1,1,SHELF_NORMAL_Y_NEG,70.98076211353316,28.89403051151763,717.5247913859318,385.84228515625,139.51246643066406,26.025747299194336,0.0070381755940616,-0.0046798102557659,0.0015707046259194,0.0053585646674036,-0.0047870054841041,0.0012422207510098,0.006366298533976,341.37985736744434,0.9616334010350543,-62.03917146428917,0.3371130042268314,0.3555839809867985
BH032,457,3458556,4.570000171661377,0.4335176500530248,3023,2,1,SHELF_NORMAL_Y_POS,779.9393102292058,-25.04300957874569,1741.5247913859318,14.613568305969238,-108.23235321044922,-22.898298263549805,0.0004540098307188,-0.0010854414431378,-0.0003408680204302,0.0002254225983051,-0.0005387591081671,-5.184583642403595e-05,0.0005420342786237,122.81064993216516,0.3459454927666624,0.1258780988381947,0.034564058050809,0.3211637613494267
BH032,457,3458556,4.570000171661377,0.4335176500530248,3944,2,5,SHELF_NORMAL_Y_NEG,-289.01923788646684,22.63576178657993,2802.4752086140675,-14.14293384552002,3.411506414413452,90.2705535888672,-3.917539288522676e-05,-4.674879528465681e-05,0.0011379222851246,3.436797487665899e-05,-8.38460837258026e-05,-1.4264960555010475e-06,8.430604066234082e-05,157.18214974680996,0.4427666190050984,0.5612821790819319,0.0520080226947951,0.3232393372116897
BH032,457,3458556,4.570000171661377,0.4335176500530248,3536,1,5,SHELF_NORMAL_Y_POS,160.98076211353316,-21.36871258581148,946.475208614068,-185.44314575195312,-246.52719116210935,-20.01889419555664,-0.0007185011636465,-0.005599888972938,-0.0009588792454451,-0.0001782332401489,-0.0046714288182556,-0.0007062505465,0.0055689769797027,225.05623035277952,0.6339612122613507,33.10209127357796,0.1672035754838402,0.412287892802365
BH032,457,3458556,4.570000171661377,0.4335176500530248,5009,3,5,SIDE_NORMAL_X_POS,-800.0,24.15470053837925,2637.524791385932,76.0311279296875,-377.9851379394531,102.60263061523438,0.4612244069576263,-0.70498126745224,0.0018347200239077,0.4603098928928375,-0.7030423879623413,0.0005396850756369,1.0431194305419922,457.13677682184107,1.2877092304840594,0.4790451893525524,0.4661825890479111,0.5286946076853171
BH032,457,3458556,4.570000171661377,0.4335176500530248,4371,1,1,SHELF_NORMAL_Y_POS,-796.8452994616207,-25.01400788112261,1906.475208614068,-403.0505981445313,-191.48716735839844,19.66888999938965,-0.0021318430081009,-0.0090765003114938,0.0022539698984473,-0.0004541628877632,-0.0087336637079715,0.002005752408877,0.0107482010498642,350.8542408012586,0.9883218050739678,0.0068518192783949,0.3733822199817543,0.4228813935991979
BH032,457,3458556,4.570000171661377,0.4335176500530248,3944,1,1,SHELF_NORMAL_Y_NEG,-289.01923788646684,22.46877624313318,2765.524791385932,18.7249813079834,-86.06627655029297,-41.34358596801758,0.0007705500465817,-0.0013850135728716,-0.0010850910330191,0.000554142112378,-0.0009397337562404,-0.000563348410651,0.001000135205686,120.40554225596254,0.3391705415660916,0.5612821790819319,0.0319825905920722,0.3144757115719866
BH032,457,3458556,4.570000171661377,0.4335176500530248,3562,1,1,SHELF_NORMAL_Y_NEG,70.98076211353316,28.89403051151763,717.5247913859318,385.3113403320313,139.63214111328125,26.1467227935791,0.0070354333147406,-0.0046784719452261,0.0015722265234217,0.0053585646674036,-0.0047870054841041,0.0012422207510098,0.006366298533976,340.89744750157456,0.9602745000044354,-62.052269395804586,0.3362760090681781,0.3555839809867985
BH032,458,3469042,4.580000400543213,0.4333159814502223,3023,2,1,SHELF_NORMAL_Y_POS,779.9393102292058,-25.04300957874569,1741.5247913859318,15.167861938476562,-108.0321044921875,-22.76329231262207,0.0004564093251246,-0.0010852811392396,-0.0003391639911569,0.0002254225983051,-0.0005387591081671,-5.184583642403595e-05,0.0005420342786237,122.85812188612448,0.3460792165806323,0.1267564060151065,0.0345435627554946,0.3211637613494267
BH032,458,3469042,4.580000400543213,0.4333159814502223,3944,2,5,SHELF_NORMAL_Y_NEG,-289.01923788646684,22.63576178657993,2802.4752086140675,-14.02821445465088,2.7055411338806152,90.72225189208984,-3.759051105589606e-05,-5.034291461925022e-05,0.001143617555499,3.436797487665899e-05,-8.38460837258026e-05,-1.4264960555010475e-06,8.430604066234082e-05,157.90391264933922,0.4447997539418006,0.554478802539107,0.0524901629553507,0.3232393372116897
BH032,458,3469042,4.580000400543213,0.4333159814502223,3536,1,5,SHELF_NORMAL_Y_POS,160.98076211353316,-21.36871258581148,946.475208614068,-185.28985595703125,-245.2064208984375,-20.53196907043457,-0.000719680218026,-0.0055936793796718,-0.0009653529268689,-0.0001782332401489,-0.0046714288182556,-0.0007062505465,0.0055689769797027,224.25196191809843,0.6316956673749251,33.12837591073963,0.1660244222010834,0.412287892802365
BH032,458,3469042,4.580000400543213,0.4333159814502223,5009,3,5,SIDE_NORMAL_X_POS,-800.0,24.15470053837925,2637.524791385932,84.19064331054688,-310.94805908203125,-191.61099243164065,0.4628061652183532,-0.7071404457092285,-0.0019135511247441,0.461949735879898,-0.7055143713951111,0.0005047897575423,1.0463072061538696,489.9999941429826,1.3802816736422046,0.4819796125274034,0.5194084741777028,0.5286946076853171
BH032,458,3469042,4.580000400543213,0.4333159814502223,4371,1,1,SHELF_NORMAL_Y_POS,-796.8452994616207,-25.01400788112261,1906.475208614068,-404.8238525390625,-191.79852294921875,20.213685989379883,-0.0021400053519755,-0.0090754320845007,0.002260852837935,-0.0004541628877632,-0.0087336637079715,0.002005752408877,0.0107482010498642,352.4914003522609,0.9929335221190448,0.0068991916870614,0.376611882833144,0.4228813935991979
BH032,458,3469042,4.580000400543213,0.4333159814502223,3944,1,1,SHELF_NORMAL_Y_NEG,-289.01923788646684,22.46877624313318,2765.524791385932,19.11121940612793,-84.83777618408203,-41.38248825073242,0.0007706350879743,-0.0013796128332614,-0.001085590571165,0.000554142112378,-0.0009397337562404,-0.000563348410651,0.001000135205686,119.6727677088549,0.3371063879122673,0.554478802539107,0.031543159016304,0.3144757115719866
BH032,458,3469042,4.580000400543213,0.4333159814502223,3562,1,1,SHELF_NORMAL_Y_NEG,70.98076211353316,28.89403051151763,717.5247913859318,385.6640930175781,139.9313507080078,26.07720375061035,0.0070366906002163,-0.0046775355003774,0.0015713501488789,0.0053585646674036,-0.0047870054841041,0.0012422207510098,0.006366298533976,341.16145703297536,0.9610181888252828,-62.0849210687112,0.3368696642824408,0.3555839809867985
BH032,459,3479528,4.590000629425049,0.4331116435490959,3023,2,1,SHELF_NORMAL_Y_POS,779.9393102292058,-25.04300957874569,1741.5247913859318,15.050217628479004,-108.08084106445312,-22.62315368652344,0.0004559081280604,-0.0010853422572836,-0.0003373944782651,0.0002254225983051,-0.0005387591081671,-5.184583642403595e-05,0.0005420342786237,122.76008587291474,0.3458030587969429,0.1279405901119794,0.0345024333438007,0.3211637613494267
BH032,459,3479528,4.590000629425049,0.4331116435490959,3944,2,5,SHELF_NORMAL_Y_NEG,-289.01923788646684,22.63576178657993,2802.4752086140675,-15.467626571655272,2.0255820751190186,89.95182037353516,-4.358732985565439e-05,-5.15473511768505e-05,0.0011338955955579,3.436797487665899e-05,-8.38460837258026e-05,-1.4264960555010475e-06,8.430604066234082e-05,156.68015626482378,0.4413525528586585,0.5551535939716645,0.0516974217111184,0.3232393372116897
BH032,459,3479528,4.590000629425049,0.4331116435490959,3536,1,5,SHELF_NORMAL_Y_POS,160.98076211353316,-21.36871258581148,946.475208614068,-185.0150451660156,-245.1457672119141,-20.891267776489254,-0.0007184413261711,-0.0055937869474291,-0.0009698890498839,-0.0001782332401489,-0.0046714288182556,-0.0007062505465,0.0055689769797027,224.23357048991988,0.6316438605349856,33.15319877194386,0.1659154931208062,0.412287892802365
BH032,459,3479528,4.590000629425049,0.4331116435490959,5009,3,5,SIDE_NORMAL_X_POS,-800.0,24.15470053837925,2637.524791385932,77.26701354980469,-379.1339416503906,89.94957733154297,0.4640495181083679,-0.7092307209968567,0.001654741121456,0.4631266593933105,-0.7072843313217163,0.0005194186232984,1.0485970973968506,450.8659045518177,1.270044801554416,0.4834177822183173,0.4542741860806774,0.5286946076853171
BH032,459,3479528,4.590000629425049,0.4331116435490959,4371,1,1,SHELF_NORMAL_Y_POS,-796.8452994616207,-25.01400788112261,1906.475208614068,-404.4042663574219,-191.85191345214844,19.94181632995605,-0.0021388209424912,-0.0090762404724955,0.0022575973998755,-0.0004550861194729,-0.0087336301803588,0.0020059309899806,0.0107492534443736,352.0756497545161,0.9917623936746932,0.006960521460889,0.3758516732496438,0.4228813935991979
BH032,459,3479528,4.590000629425049,0.4331116435490959,3944,1,1,SHELF_NORMAL_Y_NEG,-289.01923788646684,22.46877624313318,2765.524791385932,20.051647186279297,-84.7549057006836,-41.26261901855469,0.000775079766754,-0.0013805753551423,-0.0010840829927474,0.000554142112378,-0.0009397337562404,-0.000563348410651,0.001000135205686,119.96978472283112,0.3379430555572708,0.5551535939716645,0.0316496627384456,0.3144757115719866
BH032,459,3479528,4.590000629425049,0.4331116435490959,3562,1,1,SHELF_NORMAL_Y_NEG,70.98076211353316,28.89403051151763,717.5247913859318,386.90924072265625,140.2904815673828,26.172134399414062,0.0070421989075839,-0.0046776165254414,0.0015725446864962,0.0053585646674036,-0.0047870054841041,0.0012422207510098,0.006366298533976,342.27976558394687,0.9641683537575968,-62.11372777008802,0.3390264991723136,0.3555839809867985
BH032,460,3490013,4.599999904632568,0.432977067466745,3023,2,1,SHELF_NORMAL_Y_POS,779.9393102292058,-25.04300957874569,1741.5247913859318,15.259761810302734,-108.3981475830078,-22.60503196716309,0.0004573861369863,-0.0010871851118281,-0.0003371652856003,0.0002254225983051,-0.0005387591081671,-5.184583642403595e-05,0.0005420342786237,123.16700472707312,0.3469493090903468,0.1274776109086229,0.0347191244009585,0.3211637613494267
BH032,460,3490013,4.599999904632568,0.432977067466745,3944,2,5,SHELF_NORMAL_Y_NEG,-289.01923788646684,22.63576178657993,2802.4752086140675,-13.414804458618164,3.5262134075164795,90.64777374267578,-3.580776683520526e-05,-4.725217513623648e-05,0.0011426841374486,3.436797487665899e-05,-8.38460837258026e-05,-1.4264960555010475e-06,8.430604066234082e-05,157.7680299569895,0.4444169857943365,0.5581302222511284,0.0523906835195642,0.3232393372116897
BH032,460,3490013,4.599999904632568,0.432977067466745,3536,1,5,SHELF_NORMAL_Y_POS,160.98076211353316,-21.36871258581148,946.475208614068,-184.638916015625,-244.60157775878903,-21.28091812133789,-0.0007174120983108,-0.0055916840210556,-0.0009748066659085,-0.0001782332401489,-0.0046714288182556,-0.0007062505465,0.0055689769797027,223.8685404532776,0.6306156069106411,33.1633246431966,0.1653133707089176,0.412287892802365
BH032,460,3490013,4.599999904632568,0.432977067466745,5009,3,5,SIDE_NORMAL_X_POS,-800.0,24.15470053837925,2637.524791385932,84.35182189941406,-314.86737060546875,-27.69676399230957,0.465578019618988,-0.7113229632377625,0.000141455209814,0.4647136926651001,-0.7096784114837646,0.0004909952986054,1.051670789718628,367.5835408501562,1.035446593944102,0.48690280886837,0.2989847447171392,0.5286946076853171
BH032,460,3490013,4.599999904632568,0.432977067466745,4371,1,1,SHELF_NORMAL_Y_POS,-796.8452994616207,-25.01400788112261,1906.475208614068,-405.7880554199219,-192.2270965576172,19.842771530151367,-0.0021455010864883,-0.0090760616585612,0.0022564390674233,-0.0004555940977297,-0.0087336115539073,0.0020060292445123,0.0107498317956924,353.2604557650253,0.9950998753944374,0.0069209288791505,0.3782963374781473,0.4228813935991979
BH032,460,3490013,4.599999904632568,0.432977067466745,3944,1,1,SHELF_NORMAL_Y_NEG,-289.01923788646684,22.46877624313318,2765.524791385932,18.27742958068848,-85.85679626464844,-41.45612335205078,0.0007680734852328,-0.0013833378907293,-0.0010865256190299,0.000554142112378,-0.0009397337562404,-0.000563348410651,0.001000135205686,120.12712405946608,0.3383862649562424,0.5581302222511284,0.031851990800412,0.3144757115719866
BH032,460,3490013,4.599999904632568,0.432977067466745,3562,1,1,SHELF_NORMAL_Y_NEG,70.98076211353316,28.89403051151763,717.5247913859318,386.4943542480469,139.83009338378906,26.5278377532959,0.0070408666506409,-0.0046792645007371,0.0015770288882777,0.0053585646674036,-0.0047870054841041,0.0012422207510098,0.006366298533976,342.0496714837157,0.9635202013625794,-62.13097812961677,0.3383984156738257,0.3555839809867985
BH032,461,3500499,4.610000133514404,0.4330235730002393,3023,2,1,SHELF_NORMAL_Y_POS,779.9393102292058,-25.04300957874569,1741.5247913859318,15.7350435256958,-107.91722869873048,-22.516159057617188,0.0004589939780998,-0.0010855436557903,-0.0003360439150128,0.0002254225983051,-0.0005387591081671,-5.184583642403595e-05,0.0005420342786237,122.93386185929562,0.3462925686177341,0.1274844021420124,0.0345412186473607,0.3211637613494267
BH032,461,3500499,4.610000133514404,0.4330235730002393,3944,2,5,SHELF_NORMAL_Y_NEG,-289.01923788646684,22.63576178657993,2802.4752086140675,-15.061280250549316,2.2352254390716557,90.09815979003906,-4.1919956856872886e-05,-5.112123835715465e-05,0.0011357488110661,3.436797487665899e-05,-8.38460837258026e-05,-1.4264960555010475e-06,8.430604066234082e-05,156.9029602810741,0.4419801698058425,0.5584229064385603,0.0518397353432295,0.3232393372116897
BH032,461,3500499,4.610000133514404,0.4330235730002393,3536,1,5,SHELF_NORMAL_Y_POS,160.98076211353316,-21.36871258581148,946.475208614068,-185.55929565429688,-245.3702850341797,-20.490365982055664,-0.0007207579910755,-0.0055940682068467,-0.0009648278355598,-0.0001782332401489,-0.0046714288182556,-0.0007062505465,0.0055689769797027,224.42739808292717,0.6321898537547244,33.17331219821816,0.1663089097607192,0.412287892802365
BH032,461,3500499,4.610000133514404,0.4330235730002393,5009,3,5,SIDE_NORMAL_X_POS,-800.0,24.15470053837925,2637.524791385932,76.3478775024414,-379.361328125,-22.679292678833008,0.4667481780052185,-0.7133066654205322,0.000205304735573,0.4658285975456238,-0.711360514163971,0.0004915053723379,1.0538324117660522,424.5591817803252,1.1959413571276765,0.4886142136921625,0.4061161098876871,0.5286946076853171
BH032,461,3500499,4.610000133514404,0.4330235730002393,4371,1,1,SHELF_NORMAL_Y_POS,-796.8452994616207,-25.01400788112261,1906.475208614068,-404.79638671875,-192.19580078125,19.912023544311523,-0.0021423292346298,-0.009077338501811,0.0022576178889721,-0.0004571966128423,-0.0087335556745529,0.0020063302945345,0.0107516590505838,352.4040874970418,0.9926875704142024,0.0069041096608735,0.3766349260989203,0.4228813935991979
BH032,461,3500499,4.610000133514404,0.4330235730002393,3944,1,1,SHELF_NORMAL_Y_NEG,-289.01923788646684,22.46877624313318,2765.524791385932,19.85863876342773,-84.66895294189453,-41.34017181396485,0.0007740163709968,-0.0013798750005662,-0.0010850641410797,0.000554142112378,-0.0009397337562404,-0.000563348410651,0.001000135205686,119.88176130499672,0.3376951022675964,0.5584229064385603,0.031609582039298,0.3144757115719866
BH032,461,3500499,4.610000133514404,0.4330235730002393,3562,1,1,SHELF_NORMAL_Y_NEG,70.98076211353316,28.89403051151763,717.5247913859318,386.731689453125,140.0648956298828,26.53501510620117,0.0070416778326034,-0.004678476601839,0.001577119459398,0.0053585646674036,-0.0047870054841041,0.0012422207510098,0.006366298533976,342.2343670280895,0.9640404705016604,-62.146866335293,0.3388250965489053,0.3555839809867985
BH032,462,3510985,4.62000036239624,0.4326611196656676,3023,2,1,SHELF_NORMAL_Y_POS,779.9393102292058,-25.04300957874569,1741.5247913859318,15.744009017944336,-107.78941345214844,-22.29510498046875,0.0004588525334838,-0.0010849307291209,-0.0003332544874865,0.0002254225983051,-0.0005387591081671,-5.184583642403595e-05,0.0005420342786237,122.69753089616448,0.3456268475948295,0.1283729251311884,0.0344103849515534,0.3211637613494267
BH032,462,3510985,4.62000036239624,0.4326611196656676,3944,2,5,SHELF_NORMAL_Y_NEG,-289.01923788646684,22.63576178657993,2802.4752086140675,-14.4678373336792,2.899799108505249,90.29718017578124,-4.000733679276891e-05,-4.8759207857074216e-05,0.0011382687371224,3.436797487665899e-05,-8.38460837258026e-05,-1.4264960555010475e-06,8.430604066234082e-05,157.2272979379796,0.4428937970083932,0.5574379639786947,0.0520448638915533,0.3232393372116897
BH032,462,3510985,4.62000036239624,0.4326611196656676,3536,1,5,SHELF_NORMAL_Y_POS,160.98076211353316,-21.36871258581148,946.475208614068,-185.23426818847656,-244.66583251953125,-21.0523681640625,-0.0007202172419056,-0.0055911033414304,-0.0009719224763102,-0.0001782332401489,-0.0046714288182556,-0.0007062505465,0.0055689769797027,224.01386986582267,0.6310249855375286,33.19202032073353,0.165628614034224,0.412287892802365
BH032,462,3510985,4.62000036239624,0.4326611196656676,5009,3,5,SIDE_NORMAL_X_POS,-800.0,24.15470053837925,2637.524791385932,84.21709442138672,-315.77911376953125,59.919532775878906,0.4682449698448181,-0.7153509855270386,0.0012505310587584,0.4673796892166137,-0.713701069355011,0.0004942311206832,1.0568320751190186,379.7025392998059,1.069584617745932,0.4914768058219372,0.3185694920689098,0.5286946076853171
BH032,462,3510985,4.62000036239624,0.4326611196656676,4371,1,1,SHELF_NORMAL_Y_POS,-796.8452994616207,-25.01400788112261,1906.475208614068,-403.9913024902344,-191.84117126464844,20.005544662475582,-0.0021389285102486,-0.0090767564252018,0.0022587964776903,-0.0004571966128423,-0.0087335556745529,0.0020063302945345,0.0107516590505838,351.72504642293774,0.9907747786561626,0.0069279102801284,0.3751713460919237,0.4228813935991979
BH032,462,3510985,4.62000036239624,0.4326611196656676,3944,1,1,SHELF_NORMAL_Y_NEG,-289.01923788646684,22.46877624313318,2765.524791385932,19.007251739501957,-85.16584777832031,-41.38299560546875,0.0007706052856519,-0.0013810453237965,-0.0010856037260964,0.000554142112378,-0.0009397337562404,-0.000563348410651,0.001000135205686,119.87878432260732,0.3376867164017108,0.5574379639786947,0.0316649502960476,0.3144757115719866
BH032,462,3510985,4.62000036239624,0.4326611196656676,3562,1,1,SHELF_NORMAL_Y_NEG,70.98076211353316,28.89403051151763,717.5247913859318,386.5079650878906,140.46868896484375,26.63063621520996,0.0070399781689047,-0.0046762251295149,0.0015783280832692,0.0053585646674036,-0.0047870054841041,0.0012422207510098,0.006366298533976,341.9870829157134,0.9633438955372208,-62.175506708424805,0.3385104110312621,0.3555839809867985
BH032,463,3521471,4.630000591278076,0.4324036101639177,3023,2,1,SHELF_NORMAL_Y_POS,779.9393102292058,-25.04300957874569,1741.5247913859318,16.021631240844727,-107.80513763427734,-22.295499801635746,0.0004602246626745,-0.0010854095453396,-0.0003332595806568,0.0002254225983051,-0.0005387591081671,-5.184583642403595e-05,0.0005420342786237,122.8703481854846,0.34611365686052,0.1289310780597071,0.0344839147246912,0.3211637613494267
BH032,463,3521471,4.630000591278076,0.4324036101639177,3944,2,5,SHELF_NORMAL_Y_NEG,-289.01923788646684,22.63576178657993,2802.4752086140675,-14.022865295410156,2.962921142578125,90.27588653564452,-3.793912401306443e-05,-4.91010578116402e-05,0.0011380037758499,3.436797487665899e-05,-8.38460837258026e-05,-1.4264960555010475e-06,8.430604066234082e-05,157.15016820303867,0.4426765301494047,0.5588487446079125,0.0519905082692654,0.3232393372116897
BH032,463,3521471,4.630000591278076,0.4324036101639177,3536,1,5,SHELF_NORMAL_Y_POS,160.98076211353316,-21.36871258581148,946.475208614068,-184.968017578125,-244.84945678710935,-21.247568130493164,-0.0007186616421677,-0.0055923759937286,-0.0009743878617882,-0.0001782332401489,-0.0046714288182556,-0.0007062505465,0.0055689769797027,224.1193495508845,0.6313221114109422,33.21634866827204,0.1657048528379475,0.412287892802365
BH032,463,3521471,4.630000591278076,0.4324036101639177,5009,3,5,SIDE_NORMAL_X_POS,-800.0,24.15470053837925,2637.524791385932,76.7985610961914,-378.4008483886719,-61.832515716552734,0.4693600535392761,-0.7172451615333557,-0.0002909425820689,0.4684414267539978,-0.7153017520904541,0.000489437021315,1.0588873624801636,435.448781972178,1.2266162872455717,0.4929882044730641,0.4258882444879987,0.5286946076853171
BH032,463,3521471,4.630000591278076,0.4324036101639177,4371,1,1,SHELF_NORMAL_Y_POS,-796.8452994616207,-25.01400788112261,1906.475208614068,-404.7838745117188,-191.94146728515625,19.558862686157227,-0.0021426177117973,-0.0090760793536901,0.0022531654685735,-0.0004571966128423,-0.0087335556745529,0.0020063302945345,0.0107516590505838,352.34123864497553,0.9925105313942972,0.006931162308587,0.3764219204308779,0.4228813935991979
BH032,463,3521471,4.630000591278076,0.4324036101639177,3944,1,1,SHELF_NORMAL_Y_NEG,-289.01923788646684,22.46877624313318,2765.524791385932,18.722814559936523,-85.2449722290039,-41.301300048828125,0.0007693385705351,-0.0013810103992,-0.0010845741489902,0.000554142112378,-0.0009397337562404,-0.000563348410651,0.001000135205686,119.71076409308392,0.337213419980518,0.5588487446079125,0.03159548581942,0.3144757115719866
BH032,463,3521471,4.630000591278076,0.4324036101639177,3562,1,1,SHELF_NORMAL_Y_NEG,70.98076211353316,28.89403051151763,717.5247913859318,386.8020935058594,139.8642120361328,27.125194549560547,0.0070422878488898,-0.0046795634552836,0.0015845695743337,0.0053585646674036,-0.0047870054841041,0.0012422207510098,0.006366298533976,342.46958385371227,0.9647030531090486,-62.19384555322549,0.3391110961833695,0.3555839809867985
BH032,464,3531956,4.639999866485596,0.432296013769604,3023,2,1,SHELF_NORMAL_Y_POS,779.9393102292058,-25.04300957874569,1741.5247913859318,16.076677322387695,-107.90614318847656,-22.305274963378903,0.0004606384027283,-0.0010859858011826,-0.0003333835047669,0.0002254225983051,-0.0005387591081671,-5.184583642403595e-05,0.0005420342786237,123.00220896496327,0.3464850956759529,0.12895330079951,0.0345554721124141,0.3211637613494267
BH032,464,3531956,4.639999866485596,0.432296013769604,3944,2,5,SHELF_NORMAL_Y_NEG,-289.01923788646684,22.63576178657993,2802.4752086140675,-15.205523490905762,2.2300496101379395,90.10305786132812,-4.261318099452183e-05,-5.093635263619945e-05,0.0011358220363035,3.436797487665899e-05,-8.38460837258026e-05,-1.4264960555010475e-06,8.430604066234082e-05,156.9260120104839,0.4420451042548842,0.5577501429892873,0.0518572254828514,0.3232393372116897
BH032,464,3531956,4.639999866485596,0.432296013769604,3536,1,5,SHELF_NORMAL_Y_POS,160.98076211353316,-21.36871258581148,946.475208614068,-185.5561981201172,-244.5450439453125,-20.621906280517575,-0.0007219611434265,-0.0055900481529533,-0.0009664938552305,-0.0001782332401489,-0.0046714288182556,-0.0007062505465,0.0055689769797027,223.9024823697254,0.6307112179428884,33.22059508928213,0.1655802189616051,0.412287892802365
BH032,464,3531956,4.639999866485596,0.432296013769604,5009,3,5,SIDE_NORMAL_X_POS,-800.0,24.15470053837925,2637.524791385932,84.36968994140625,-322.5544738769531,151.16722106933594,0.4708264470100403,-0.7192600965499878,0.0023823038209229,0.4699505865573883,-0.7175775170326233,0.0004743296885862,1.061801791191101,454.8934384298541,1.2813899674080398,0.49570705535027,0.4514014956683897,0.5286946076853171
BH032,464,3531956,4.639999866485596,0.432296013769604,4371,1,1,SHELF_NORMAL_Y_POS,-796.8452994616207,-25.01400788112261,1906.475208614068,-404.9478149414063,-191.9332733154297,19.87063789367676,-0.0021434207446873,-0.0090757794678211,0.0022570989094674,-0.0004571966128423,-0.0087335556745529,0.0020063302945345,0.0107516590505838,352.5374892669782,0.993063350047826,0.0068997048396361,0.376767013328639,0.4228813935991979
BH032,464,3531956,4.639999866485596,0.432296013769604,3944,1,1,SHELF_NORMAL_Y_NEG,-289.01923788646684,22.46877624313318,2765.524791385932,20.01016998291016,-84.53813934326172,-41.32998275756836,0.0007745620678178,-0.001379452412948,-0.0010849344544112,0.000554142112378,-0.0009397337562404,-0.000563348410651,0.001000135205686,119.8466890192883,0.3375963070965868,0.5577501429892873,0.0315793465903965,0.3144757115719866
BH032,464,3531956,4.639999866485596,0.432296013769604,3562,1,1,SHELF_NORMAL_Y_NEG,70.98076211353316,28.89403051151763,717.5247913859318,386.2462158203125,139.91680908203125,27.118227005004883,0.0070395329967141,-0.0046784812584519,0.0015844842419028,0.0053585646674036,-0.0047870054841041,0.0012422207510098,0.006366298533976,341.9454771879667,0.9632266963041316,-62.20963593455151,0.3381895217266679,0.3555839809867985
BH032,465,3542442,4.650000095367432,0.4322196945755351,3023,2,1,SHELF_NORMAL_Y_POS,779.9393102292058,-25.04300957874569,1741.5247913859318,16.240734100341797,-108.01496887207033,-22.27031707763672,0.0004615916986949,-0.0010867541423067,-0.0003329412138555,0.0002254225983051,-0.0005387591081671,-5.184583642403595e-05,0.0005420342786237,123.17929371885415,0.3469839259686033,0.128836488146016,0.0346439728979091,0.3211637613494267
BH032,465,3542442,4.650000095367432,0.4322196945755351,3944,2,5,SHELF_NORMAL_Y_NEG,-289.01923788646684,22.63576178657993,2802.4752086140675,-13.525297164916992,3.5708258152008057,90.43679809570312,-3.640943396021612e-05,-4.68747821287252e-05,0.0011400328949093,3.436797487665899e-05,-8.38460837258026e-05,-1.4264960555010475e-06,8.430604066234082e-05,157.41799226926216,0.4434309641387666,0.5603908132529842,0.052160062304013,0.3232393372116897
BH032,465,3542442,4.650000095367432,0.4322196945755351,3536,1,5,SHELF_NORMAL_Y_POS,160.98076211353316,-21.36871258581148,946.475208614068,-185.92076110839844,-245.5063018798828,-20.61278343200684,-0.0007223265129141,-0.0055941888131201,-0.0009663785458542,-0.0001782332401489,-0.0046714288182556,-0.0007062505465,0.0055689769797027,224.65488130439255,0.6328306515616692,33.231091645352045,0.1666616177619369,0.412287892802365
BH032,465,3542442,4.650000095367432,0.4322196945755351,5009,3,5,SIDE_NORMAL_X_POS,-800.0,24.15470053837925,2637.524791385932,78.17959594726562,-378.2389831542969,-96.97643280029295,0.4719056487083435,-0.7210693359375,-0.0007438817410729,0.4709780812263489,-0.719124972820282,0.0004800576425623,1.063789963722229,454.9292626668359,1.2814908807516503,0.4973913903530353,0.4621555930663505,0.5286946076853171
BH032,465,3542442,4.650000095367432,0.4322196945755351,4371,1,1,SHELF_NORMAL_Y_POS,-796.8452994616207,-25.01400788112261,1906.475208614068,-404.6069030761719,-191.72093200683597,20.014314651489254,-0.0021420679986476,-0.0090752830728888,0.002258914289996,-0.0004571966128423,-0.0087335556745529,0.0020063302945345,0.0107516590505838,352.2694531253083,0.9923083186628404,0.0068839008069046,0.3761603878868413,0.4228813935991979
BH032,465,3542442,4.650000095367432,0.4322196945755351,3944,1,1,SHELF_NORMAL_Y_NEG,-289.01923788646684,22.46877624313318,2765.524791385932,18.03725242614746,-85.71094512939453,-41.40619659423828,0.000766692799516,-0.0013822788605466,-0.0010858963942155,0.000554142112378,-0.0009397337562404,-0.000563348410651,0.001000135205686,119.83788170792796,0.3375714977688112,0.5603908132529842,0.0317099357050499,0.3144757115719866
BH032,465,3542442,4.650000095367432,0.4322196945755351,3562,1,1,SHELF_NORMAL_Y_NEG,70.98076211353316,28.89403051151763,717.5247913859318,386.1272888183594,139.71591186523438,26.97972679138184,0.0070392494089901,-0.0046792821958661,0.0015827359165996,0.0053585646674036,-0.0047870054841041,0.0012422207510098,0.006366298533976,341.83389229047447,0.9629123726492238,-62.22914402749234,0.3379212162744534,0.3555839809867985
BH032,466,3552928,4.660000324249268,0.431970333533436,3023,2,1,SHELF_NORMAL_Y_POS,779.9393102292058,-25.04300957874569,1741.5247913859318,16.57005500793457,-108.19780731201172,-22.150596618652344,0.0004634553333744,-0.0010881228372454,-0.0003314302302896,0.0002254225983051,-0.0005387591081671,-5.184583642403595e-05,0.0005420342786237,123.47519038526684,0.347817437704977,0.1292808819963509,0.0347889586463169,0.3211637613494267
BH032,466,3552928,4.660000324249268,0.431970333533436,3944,2,5,SHELF_NORMAL_Y_NEG,-289.01923788646684,22.63576178657993,2802.4752086140675,-15.029769897460938,2.436678409576416,89.9625015258789,-4.2060659325215966e-05,-5.018951196689159e-05,0.0011340475175529,3.436797487665899e-05,-8.38460837258026e-05,-1.4264960555010475e-06,8.430604066234082e-05,156.6786812014757,0.4413483977506358,0.5596501114022369,0.0516908485771587,0.3232393372116897
BH032,466,3552928,4.660000324249268,0.431970333533436,3536,1,5,SHELF_NORMAL_Y_POS,160.98076211353316,-21.36871258581148,946.475208614068,-185.9211578369141,-244.8389892578125,-20.55565643310547,-0.0007233015494421,-0.0055909771472215,-0.0009656556067056,-0.0001782332401489,-0.0046714288182556,-0.0007062505465,0.0055689769797027,224.18667279738392,0.6315117543588279,33.239765280003354,0.1660394440178375,0.412287892802365
BH032,466,3552928,4.660000324249268,0.431970333533436,5009,3,5,SIDE_NORMAL_X_POS,-800.0,24.15470053837925,2637.524791385932,85.18022155761719,-320.1058044433594,75.9340591430664,0.4733902513980865,-0.7231065630912781,0.0014211870729923,0.472514271736145,-0.7214323282241821,0.0004627635353244,1.0667667388916016,392.7951419520457,1.1064651885973118,0.5004217611702066,0.3409126631470556,0.5286946076853171
BH032,466,3552928,4.660000324249268,0.431970333533436,4371,1,1,SHELF_NORMAL_Y_POS,-796.8452994616207,-25.01400788112261,1906.475208614068,-405.90667724609375,-192.1919708251953,19.974931716918945,-0.0021476987749338,-0.0090756695717573,0.0022584123071283,-0.0004571966128423,-0.0087335556745529,0.0020063302945345,0.0107516590505838,353.3878516628589,0.9954587370784758,0.0068701583881381,0.3785065412472141,0.4228813935991979
BH032,466,3552928,4.660000324249268,0.431970333533436,3944,1,1,SHELF_NORMAL_Y_NEG,-289.01923788646684,22.46877624313318,2765.524791385932,19.672178268432617,-84.67084503173828,-41.33206558227539,0.0007731138612143,-0.0013796150451526,-0.0010849561076611,0.000554142112378,-0.0009397337562404,-0.000563348410651,0.001000135205686,119.77823462428124,0.3374034778148767,0.5596501114022369,0.031565236978095,0.3144757115719866
BH032,466,3552928,4.660000324249268,0.431970333533436,3562,1,1,SHELF_NORMAL_Y_NEG,70.98076211353316,28.89403051151763,717.5247913859318,386.0162963867188,140.08502197265625,27.130823135375977,0.0070381998084485,-0.0046773059293627,0.0015846473397687,0.0053585646674036,-0.0047870054841041,0.0012422207510098,0.006366298533976,341.7097273828636,0.9625626123460946,-62.24772663244252,0.3378401046575914,0.3555839809867985
BH032,467,3563414,4.670000553131104,0.4317695860913512,3023,2,1,SHELF_NORMAL_Y_POS,779.9393102292058,-25.04300957874569,1741.5247913859318,16.634239196777344,-107.68816375732422,-21.83962059020996,0.0004630252660717,-0.0010857472661882,-0.0003275051712989,0.0002254225983051,-0.0005387591081671,-5.184583642403595e-05,0.0005420342786237,122.86438167448657,0.3460968497872861,0.1294383383713137,0.0344390561755237,0.3211637613494267
BH032,467,3563414,4.670000553131104,0.4317695860913512,3944,2,5,SHELF_NORMAL_Y_NEG,-289.01923788646684,22.63576178657993,2802.4752086140675,-14.25178337097168,2.75589370727539,90.22539520263672,-3.874915637425147e-05,-4.977277058060281e-05,0.0011373768793419,3.436797487665899e-05,-8.38460837258026e-05,-1.4264960555010475e-06,8.430604066234082e-05,157.0727554285095,0.4424584659958014,0.5583706217580746,0.0519434539975203,0.3232393372116897
BH032,467,3563414,4.670000553131104,0.4317695860913512,3536,1,5,SHELF_NORMAL_Y_POS,160.98076211353316,-21.36871258581148,946.475208614068,-186.1592254638672,-245.2626800537109,-20.21479606628418,-0.0007238357793539,-0.0055926861241459,-0.000961352547165,-0.0001782332401489,-0.0046714288182556,-0.0007062505465,0.0055689769797027,224.4483077201724,0.6322487541413306,33.2504019735497,0.1664704461240439,0.412287892802365
BH032,467,3563414,4.670000553131104,0.4317695860913512,5009,3,5,SIDE_NORMAL_X_POS,-800.0,24.15470053837925,2637.524791385932,77.55487823486328,-375.35394287109375,-41.070091247558594,0.474462479352951,-0.7249048352241516,1.870369305834174e-05,0.4735420346260071,-0.722974956035614,0.0005370273138396,1.0687639713287354,425.530407945769,1.1986772054810395,0.5017352928965486,0.4074583435375977,0.5286946076853171
BH032,467,3563414,4.670000553131104,0.4317695860913512,4371,1,1,SHELF_NORMAL_Y_POS,-796.8452994616207,-25.01400788112261,1906.475208614068,-405.0157470703125,-192.17117309570312,19.860429763793945,-0.0021433974616229,-0.0090768877416849,0.0022569766733795,-0.0004571966128423,-0.0087335556745529,0.0020063302945345,0.0107516590505838,352.5882498302734,0.993206337550066,0.0068733467761509,0.3769680663844846,0.4228813935991979
BH032,467,3563414,4.670000553131104,0.4317695860913512,3944,1,1,SHELF_NORMAL_Y_NEG,-289.01923788646684,22.46877624313318,2765.524791385932,18.811729431152344,-84.69210815429688,-41.44109725952149,0.0007689673220738,-0.001378457294777,-0.0010863313218578,0.000554142112378,-0.0009397337562404,-0.000563348410651,0.001000135205686,119.46519575835416,0.3365216781925469,0.5583706217580746,0.031444177543808,0.3144757115719866
BH032,467,3563414,4.670000553131104,0.4317695860913512,3562,1,1,SHELF_NORMAL_Y_NEG,70.98076211353316,28.89403051151763,717.5247913859318,385.5806274414063,140.2461700439453,27.35190963745117,0.0070358482189476,-0.0046758917160332,0.0015874397940933,0.0053585646674036,-0.0047870054841041,0.0012422207510098,0.006366298533976,341.3350012974806,0.961507045908396,-62.26310576621053,0.3372015839006935,0.3555839809867985
BH032,468,3573899,4.679999828338623,0.4313671743577626,3023,2,1,SHELF_NORMAL_Y_POS,779.9393102292058,-25.04300957874569,1741.5247913859318,16.871009826660156,-107.7033920288086,-21.871522903442383,0.0004641970735974,-0.0010861683404073,-0.0003279061347711,0.0002254225983051,-0.0005387591081671,-5.184583642403595e-05,0.0005420342786237,123.03173230802112,0.3465682600225947,0.1290847675830767,0.0345128050442578,0.3211637613494267
BH032,468,3573899,4.679999828338623,0.4313671743577626,3944,2,5,SHELF_NORMAL_Y_NEG,-289.01923788646684,22.63576178657993,2802.4752086140675,-14.22214126586914,3.0076711177825928,89.95146179199219,-3.897239366779104e-05,-4.859350883634761e-05,0.0011339180637151,3.436797487665899e-05,-8.38460837258026e-05,-1.4264960555010475e-06,8.430604066234082e-05,156.6138159512313,0.4411656787358627,0.5629326996310402,0.0516384088967714,0.3232393372116897
BH032,468,3573899,4.679999828338623,0.4313671743577626,3536,1,5,SHELF_NORMAL_Y_POS,160.98076211353316,-21.36871258581148,946.475208614068,-185.6922607421875,-244.1452789306641,-20.51632308959961,-0.0007231971248984,-0.0055879289284348,-0.0009651571162976,-0.0001782332401489,-0.0046714288182556,-0.0007062505465,0.0055689769797027,223.64123651254448,0.6299753141198436,33.25462733602633,0.165263520152812,0.412287892802365
BH032,468,3573899,4.679999828338623,0.4313671743577626,5009,3,5,SIDE_NORMAL_X_POS,-800.0,24.15470053837925,2637.524791385932,84.95426940917969,-318.8541259765625,-30.14225196838379,0.475913256406784,-0.7268974781036377,7.818033918738365e-05,0.4750382900238037,-0.7252293229103088,0.0004585745045915,1.0716832876205444,372.4229677728578,1.0490787824587544,0.5048782522272341,0.3082308948457473,0.5286946076853171
BH032,468,3573899,4.679999828338623,0.4313671743577626,4371,1,1,SHELF_NORMAL_Y_POS,-796.8452994616207,-25.01400788112261,1906.475208614068,-404.5459289550781,-191.46243286132807,20.203536987304688,-0.0021424903534352,-0.0090740816667675,0.0022613769397139,-0.0004575424536596,-0.0087335435673594,0.002006399212405,0.0107520530000329,352.2562601144408,0.992271155251946,0.0068316379252011,0.3760115475752635,0.4228813935991979
BH032,468,3573899,4.679999828338623,0.4313671743577626,3944,1,1,SHELF_NORMAL_Y_NEG,-289.01923788646684,22.46877624313318,2765.524791385932,18.802169799804688,-85.08207702636719,-41.29764175415039,0.0007694934029132,-0.0013803360052406,-0.0010845189681276,0.000554142112378,-0.0009397337562404,-0.000563348410651,0.001000135205686,119.61895636910408,0.3369548066735326,0.5629326996310402,0.0315386594107891,0.3144757115719866
BH032,468,3573899,4.679999828338623,0.4313671743577626,3562,1,1,SHELF_NORMAL_Y_NEG,70.98076211353316,28.89403051151763,717.5247913859318,386.04638671875,140.73330688476562,27.440357208251957,0.0070374188944697,-0.0046742055565118,0.0015885569155216,0.0053585646674036,-0.0047870054841041,0.0012422207510098,0.006366298533976,341.71188355488744,0.9625686860701056,-62.28500283495334,0.3380756752224728,0.3555839809867985
BH032,469,3584385,4.690000057220459,0.4312097837186979,3023,2,1,SHELF_NORMAL_Y_POS,779.9393102292058,-25.04300957874569,1741.5247913859318,17.161413192749023,-107.35317993164062,-21.65227508544922,0.0004650956834666,-0.0010848949896171,-0.0003251377202104,0.0002254225983051,-0.0005387591081671,-5.184583642403595e-05,0.0005420342786237,122.75184182609148,0.3457798361298351,0.1295996388892743,0.0343309305199296,0.3211637613494267
BH032,469,3584385,4.690000057220459,0.4312097837186979,3944,2,5,SHELF_NORMAL_Y_NEG,-289.01923788646684,22.63576178657993,2802.4752086140675,-14.768959999084473,2.619447469711304,90.15647888183594,-4.106098276679404e-05,-4.968182474840432e-05,0.0011365062091499,3.436797487665899e-05,-8.38460837258026e-05,-1.4264960555010475e-06,8.430604066234082e-05,156.9975867728985,0.4422467233039394,0.5593664397590901,0.0518986817749649,0.3232393372116897
BH032,469,3584385,4.690000057220459,0.4312097837186979,3536,1,5,SHELF_NORMAL_Y_POS,160.98076211353316,-21.36871258581148,946.475208614068,-186.05108642578125,-245.21519470214844,-20.091596603393555,-0.0007233810611069,-0.0055926064960658,-0.0009597951429896,-0.0001782332401489,-0.0046714288182556,-0.0007062505465,0.0055689769797027,224.35231635265637,0.6319783559229756,33.2657167553748,0.166334922400556,0.412287892802365
BH032,469,3584385,4.690000057220459,0.4312097837186979,5009,3,5,SIDE_NORMAL_X_POS,-800.0,24.15470053837925,2637.524791385932,79.1734390258789,-373.9219970703125,69.52934265136719,0.4769841432571411,-0.7286939024925232,0.0013425408396869,0.4760558307170868,-0.7267662286758423,0.0004649492329917,1.073669195175171,436.1121097198636,1.2284848161122917,0.5061044231050996,0.4271170846556202,0.5286946076853171
BH032,469,3584385,4.690000057220459,0.4312097837186979,4371,1,1,SHELF_NORMAL_Y_POS,-796.8452994616207,-25.01400788112261,1906.475208614068,-403.8605651855469,-191.6548767089844,20.21169662475586,-0.0021388637833297,-0.0090760113671422,0.0022614696063101,-0.0004575424536596,-0.0087335435673594,0.002006399212405,0.0107520530000329,351.6513032699042,0.9905670514645188,0.0068198553429224,0.374917280623177,0.4228813935991979
BH032,469,3584385,4.690000057220459,0.4312097837186979,3944,1,1,SHELF_NORMAL_Y_NEG,-289.01923788646684,22.46877624313318,2765.524791385932,19.596267700195312,-84.25753021240234,-41.4033203125,0.000772146100644,-0.00137748895213,-0.0010858507594093,0.000554142112378,-0.0009397337562404,-0.000563348410651,0.001000135205686,119.48716676601536,0.3365835683549728,0.5593664397590901,0.0314035647176618,0.3144757115719866
BH032,469,3584385,4.690000057220459,0.4312097837186979,3562,1,1,SHELF_NORMAL_Y_NEG,70.98076211353316,28.89403051151763,717.5247913859318,386.2364196777344,140.76593017578125,27.5214786529541,0.0070383306592702,-0.0046743284910917,0.0015895810211077,0.0053585646674036,-0.0047870054841041,0.0012422207510098,0.006366298533976,341.9020114912505,0.9631042577218324,-62.30096438243473,0.3384402506979003,0.3555839809867985
BH032,470,3594871,4.700000286102295,0.4308033821112772,3023,2,1,SHELF_NORMAL_Y_POS,779.9393102292058,-25.04300957874569,1741.5247913859318,17.16233253479004,-107.48492431640624,-21.618328094482425,0.0004652917559724,-0.0010855346918106,-0.0003247078275308,0.0002254225983051,-0.0005387591081671,-5.184583642403595e-05,0.0005420342786237,122.85887414320246,0.3460813356146548,0.1298844595842045,0.0343937119665123,0.3211637613494267
BH032,470,3594871,4.700000286102295,0.4308033821112772,3944,2,5,SHELF_NORMAL_Y_NEG,-289.01923788646684,22.63576178657993,2802.4752086140675,-13.808479309082031,3.097475290298462,89.88362121582031,-3.709470547619276e-05,-4.876003731624223e-05,0.0011330561246722,3.436797487665899e-05,-8.38460837258026e-05,-1.4264960555010475e-06,8.430604066234082e-05,156.46161179684628,0.4407369346390036,0.5605839777338604,0.0515341060663889,0.3232393372116897
BH032,470,3594871,4.700000286102295,0.4308033821112772,3536,1,5,SHELF_NORMAL_Y_POS,160.98076211353316,-21.36871258581148,946.475208614068,-185.773681640625,-244.4717712402344,-20.439546585083008,-0.000723117031157,-0.0055893883109092,-0.0009641864453442,-0.0001782332401489,-0.0046714288182556,-0.0007062505465,0.0055689769797027,223.86427119341332,0.6306035808265165,33.270444302812415,0.1655858050685645,0.412287892802365
BH032,470,3594871,4.700000286102295,0.4308033821112772,5009,3,5,SIDE_NORMAL_X_POS,-800.0,24.15470053837925,2637.524791385932,85.25910186767578,-312.2447204589844,-98.19632720947266,0.4783732891082763,-0.7305841445922852,-0.0007938102353364,0.4775045812129974,-0.728945255279541,0.0004455209418665,1.0764786005020142,400.39373167837925,1.12786966669966,0.5089879299452165,0.3535912527973903,0.5286946076853171
BH032,470,3594871,4.700000286102295,0.4308033821112772,4371,1,1,SHELF_NORMAL_Y_POS,-796.8452994616207,-25.01400788112261,1906.475208614068,-404.0262451171875,-191.55604553222656,20.00255012512207,-0.0021398006938397,-0.009075247682631,0.0022588237188756,-0.0004575424536596,-0.0087335435673594,0.002006399212405,0.0107520530000329,351.7635023024414,0.9908831050772996,0.0068281978603862,0.3750961835636426,0.4228813935991979
BH032,470,3594871,4.700000286102295,0.4308033821112772,3944,1,1,SHELF_NORMAL_Y_NEG,-289.01923788646684,22.46877624313318,2765.524791385932,17.997695922851562,-85.04238891601562,-41.3661994934082,0.0007655306835658,-0.0013789612567052,-0.0010853816056624,0.000554142112378,-0.0009397337562404,-0.000563348410651,0.001000135205686,119.24839373728668,0.335910968274047,0.5605839777338604,0.0313843094846119,0.3144757115719866
BH032,470,3594871,4.700000286102295,0.4308033821112772,3562,1,1,SHELF_NORMAL_Y_NEG,70.98076211353316,28.89403051151763,717.5247913859318,386.5343017578125,141.05532836914062,27.716127395629883,0.0070393569767475,-0.0046733496710658,0.0015920359874144,0.0053585646674036,-0.0047870054841041,0.0012422207510098,0.006366298533976,342.18007012357305,0.9638875214748536,-62.317765902037536,0.3390430927149738,0.3555839809867985
BH032,471,3605357,4.710000514984131,0.4306876423646475,3023,2,1,SHELF_NORMAL_Y_POS,779.9393102292058,-25.04300957874569,1741.5247913859318,17.357269287109375,-107.72537994384766,-21.54902648925781,0.0004665875749196,-0.0010869827819988,-0.0003238325007259,0.0002254225983051,-0.0005387591081671,-5.184583642403595e-05,0.0005420342786237,123.16221960405431,0.3469358298705756,0.129488820861784,0.0345530131390564,0.3211637613494267
BH032,471,3605357,4.710000514984131,0.4306876423646475,3944,2,5,SHELF_NORMAL_Y_NEG,-289.01923788646684,22.63576178657993,2802.4752086140675,-15.246150016784668,2.4944772720336914,89.93840026855469,-4.3195563193876296e-05,-4.959323268849403e-05,0.0011337464675307,3.436797487665899e-05,-8.38460837258026e-05,-1.4264960555010475e-06,8.430604066234082e-05,156.6634807812534,0.4413055796655025,0.5614048428233883,0.0516823979340347,0.3232393372116897
BH032,471,3605357,4.710000514984131,0.4306876423646475,3536,1,5,SHELF_NORMAL_Y_POS,160.98076211353316,-21.36871258581148,946.475208614068,-186.00827026367188,-245.12632751464844,-20.021432876586918,-0.0007233009091578,-0.0055922199971973,-0.0009589075343683,-0.0001782332401489,-0.0046714288182556,-0.0007062505465,0.0055689769797027,224.2611027207145,0.6317214161146886,33.27432611769134,0.1662073312953073,0.412287892802365
BH032,471,3605357,4.710000514984131,0.4306876423646475,5009,3,5,SIDE_NORMAL_X_POS,-800.0,24.15470053837925,2637.524791385932,79.04866790771484,-368.12939453125,-86.90103912353516,0.4794966876506805,-0.732454240322113,-0.0006579425535164,0.4785770177841186,-0.7305521368980408,0.0004388303495943,1.0785669088363647,439.91300625640565,1.2391915669194526,0.5107807649555334,0.4340968456161963,0.5286946076853171
BH032,471,3605357,4.710000514984131,0.4306876423646475,4371,1,1,SHELF_NORMAL_Y_POS,-796.8452994616207,-25.01400788112261,1906.475208614068,-403.6512756347656,-191.8966827392578,20.00460624694824,-0.0021374926436692,-0.0090774204581975,0.0022588504943996,-0.0004575424536596,-0.0087335435673594,0.002006399212405,0.0107520530000329,351.42552725066787,0.9899310626779376,0.006807638527351,0.3745813069393922,0.4228813935991979
BH032,471,3605357,4.710000514984131,0.4306876423646475,3944,1,1,SHELF_NORMAL_Y_NEG,-289.01923788646684,22.46877624313318,2765.524791385932,19.924467086791992,-83.87273406982422,-41.4210090637207,0.0007731799269095,-0.0013760874280706,-0.001086072763428,0.000554142112378,-0.0009397337562404,-0.000563348410651,0.001000135205686,119.37269124076946,0.3362611020866745,0.5614048428233883,0.031315348119726,0.3144757115719866
BH032,471,3605357,4.710000514984131,0.4306876423646475,3562,1,1,SHELF_NORMAL_Y_NEG,70.98076211353316,28.89403051151763,717.5247913859318,387.0654296875,141.233154296875,27.848257064819336,0.0070416801609098,-0.0046732737682759,0.0015937025891616,0.0053585646674036,-0.0047870054841041,0.0012422207510098,0.006366298533976,342.67558337649007,0.9652833334549016,-62.32731586623566,0.3400025081316033,0.3555839809867985
BH032,472,3615842,4.71999979019165,0.4304766462340554,3023,2,1,SHELF_NORMAL_Y_POS,779.9393102292058,-25.04300957874569,1741.5247913859318,17.55508804321289,-107.34654998779295,-21.47088623046875,0.0004669956106226,-0.0010854329448193,-0.000322845444316,0.0002254225983051,-0.0005387591081671,-5.184583642403595e-05,0.0005420342786237,122.87773562864326,0.3461344665595585,0.1295441887433175,0.0343722423143927,0.3211637613494267
BH032,472,3615842,4.71999979019165,0.4304766462340554,3944,2,5,SHELF_NORMAL_Y_NEG,-289.01923788646684,22.63576178657993,2802.4752086140675,-13.657563209533691,3.464098691940308,89.9212646484375,-3.689574805321172e-05,-4.720003562397324e-05,0.0011335363378748,3.436797487665899e-05,-8.38460837258026e-05,-1.4264960555010475e-06,8.430604066234082e-05,156.53543262578654,0.4409448806360184,0.5634319487062222,0.051579655536406,0.3232393372116897
BH032,472,3615842,4.71999979019165,0.4304766462340554,3536,1,5,SHELF_NORMAL_Y_POS,160.98076211353316,-21.36871258581148,946.475208614068,-185.5514678955078,-244.58645629882807,-20.028709411621094,-0.0007218745886348,-0.0055902558378875,-0.0009589985129423,-0.0001782332401489,-0.0046714288182556,-0.0007062505465,0.0055689769797027,223.7676327163374,0.6303313597643307,33.27855121982376,0.1654627043616478,0.412287892802365
BH032,472,3615842,4.71999979019165,0.4304766462340554,5009,3,5,SIDE_NORMAL_X_POS,-800.0,24.15470053837925,2637.524791385932,84.33281707763672,-331.5048217773437,76.83595275878906,0.4807538986206054,-0.7342145442962646,0.001427367911674,0.4798624515533447,-0.7324814796447754,0.0004575576167553,1.0810458660125732,403.33050628762817,1.1361422712327554,0.5131906523731535,0.3622448791116955,0.5286946076853171
BH032,472,3615842,4.71999979019165,0.4304766462340554,4371,1,1,SHELF_NORMAL_Y_POS,-796.8452994616207,-25.01400788112261,1906.475208614068,-404.861083984375,-192.0034942626953,19.970008850097656,-0.0021431858185678,-0.0090762097388505,0.0022584272082895,-0.0004575424536596,-0.0087335435673594,0.002006399212405,0.0107520530000329,352.4762404454014,0.9928908181560604,0.0068310051922076,0.3766418852393735,0.4228813935991979
BH032,472,3615842,4.71999979019165,0.4304766462340554,3944,1,1,SHELF_NORMAL_Y_NEG,-289.01923788646684,22.46877624313318,2765.524791385932,17.909446716308594,-85.16082763671875,-41.36217880249024,0.0007652775966562,-0.0013794008409604,-0.0010853318963199,0.000554142112378,-0.0009397337562404,-0.000563348410651,0.001000135205686,119.2928650682818,0.3360362396289628,0.5634319487062222,0.0314151256548281,0.3144757115719866
BH032,472,3615842,4.71999979019165,0.4304766462340554,3562,1,1,SHELF_NORMAL_Y_NEG,70.98076211353316,28.89403051151763,717.5247913859318,387.0423889160156,141.3983612060547,28.05615997314453,0.0070413192734122,-0.0046724108979105,0.0015963306650519,0.0053585646674036,-0.0047870054841041,0.0012422207510098,0.006366298533976,342.6800142945152,0.9652958149141274,-62.34195439503711,0.3400566012905851,0.3555839809867985
BH032,473,3626328,4.730000019073486,0.4299745822852734,3023,2,1,SHELF_NORMAL_Y_POS,779.9393102292058,-25.04300957874569,1741.5247913859318,17.65300750732422,-107.48809051513672,-21.303773880004883,0.0004676785320043,-0.0010862569324672,-0.0003207350673619,0.0002254225983051,-0.0005387591081671,-5.184583642403595e-05,0.0005420342786237,122.98113143912222,0.3464257223637246,0.1301289175759963,0.034427641740364,0.3211637613494267
BH032,473,3626328,4.730000019073486,0.4299745822852734,3944,2,5,SHELF_NORMAL_Y_NEG,-289.01923788646684,22.63576178657993,2802.4752086140675,-14.778949737548828,2.733891010284424,89.88626861572266,-4.127583815716207e-05,-4.911171708954498e-05,0.0011331014102324,3.436797487665899e-05,-8.38460837258026e-05,-1.4264960555010475e-06,8.430604066234082e-05,156.54047211569147,0.4409590763822295,0.5599412318201216,0.0515968594190823,0.3232393372116897
BH032,473,3626328,4.730000019073486,0.4299745822852734,3536,1,5,SHELF_NORMAL_Y_POS,160.98076211353316,-21.36871258581148,946.475208614068,-185.9193572998047,-244.9955902099609,-19.61986351013184,-0.0007230577757582,-0.0055917082354426,-0.0009538381709717,-0.0001782332401489,-0.0046714288182556,-0.0007062505465,0.0055689769797027,224.04071304217436,0.631100600118801,33.29115875323937,0.1659360939713409,0.412287892802365
BH032,473,3626328,4.730000019073486,0.4299745822852734,5009,3,5,SIDE_NORMAL_X_POS,-800.0,24.15470053837925,2637.524791385932,80.29989624023438,-352.183837890625,13.517513275146484,0.4820164442062378,-0.736180305480957,0.0005977717228233,0.4811151921749115,-0.734351396560669,0.0004271293291822,1.0834945440292358,399.1365983508634,1.12432844605877,0.5148917716707841,0.3597495628540489,0.5286946076853171
BH032,473,3626328,4.730000019073486,0.4299745822852734,4371,1,1,SHELF_NORMAL_Y_POS,-796.8452994616207,-25.01400788112261,1906.475208614068,-405.4855041503906,-192.1802215576172,19.73033142089844,-0.0021471029613167,-0.0090761166065931,0.0022556253243237,-0.0004586738650687,-0.0087335035204887,0.0020066152792423,0.0107533419504761,352.9777550242261,0.99430353527951,0.0068536590309396,0.3777004773848143,0.4228813935991979
BH032,473,3626328,4.730000019073486,0.4299745822852734,3944,1,1,SHELF_NORMAL_Y_NEG,-289.01923788646684,22.46877624313318,2765.524791385932,19.640329360961918,-84.04615783691406,-41.326133728027344,0.0007720534922555,-0.0013765161857008,-0.0010848785750567,0.000554142112378,-0.0009397337562404,-0.000563348410651,0.001000135205686,119.263327945833,0.3359530364671352,0.5599412318201216,0.031279644684053,0.3144757115719866
BH032,473,3626328,4.730000019073486,0.4299745822852734,3562,1,1,SHELF_NORMAL_Y_NEG,70.98076211353316,28.89403051151763,717.5247913859318,387.4436950683594,141.3945770263672,28.094430923461918,0.0070432843640446,-0.0046730362810194,0.0015968141378834,0.0053585646674036,-0.0047870054841041,0.0012422207510098,0.006366298533976,343.0604859521207,0.9663675660623118,-62.35780628802772,0.3407467388635052,0.3555839809867985
BH032,474,3636814,4.740000247955322,0.4298113577355815,3023,2,1,SHELF_NORMAL_Y_POS,779.9393102292058,-25.04300957874569,1741.5247913859318,17.96680450439453,-107.571044921875,-21.438724517822266,0.00046932240366,-0.0010871102567762,-0.0003224376123398,0.0002254225983051,-0.0005387591081671,-5.184583642403595e-05,0.0005420342786237,123.31220714503966,0.3473583299860272,0.1298758255996276,0.0345850708874356,0.3211637613494267
BH032,474,3636814,4.740000247955322,0.4298113577355815,3944,2,5,SHELF_NORMAL_Y_NEG,-289.01923788646684,22.63576178657993,2802.4752086140675,-14.25855827331543,2.9816505908966064,89.77692413330078,-3.911049134330824e-05,-4.866695235250518e-05,0.0011317186290398,3.436797487665899e-05,-8.38460837258026e-05,-1.4264960555010475e-06,8.430604066234082e-05,156.31506352073055,0.4403241225936071,0.5624917187059342,0.051442497386036,0.3232393372116897
BH032,474,3636814,4.740000247955322,0.4298113577355815,3536,1,5,SHELF_NORMAL_Y_POS,160.98076211353316,-21.36871258581148,946.475208614068,-185.7486724853516,-244.15635681152344,-19.59534072875977,-0.0007234486984089,-0.0055878795683383,-0.0009535269346088,-0.0001782332401489,-0.0046714288182556,-0.0007062505465,0.0055689769797027,223.41689479485345,0.6293433656193055,33.29647441774935,0.1650649371547069,0.412287892802365
BH032,474,3636814,4.740000247955322,0.4298113577355815,5009,3,5,SIDE_NORMAL_X_POS,-800.0,24.15470053837925,2637.524791385932,76.46548461914062,-381.2506408691406,84.46788787841797,0.4830482900142669,-0.7378235459327698,0.0014953454956412,0.4821213483810425,-0.735856294631958,0.0004292135126888,1.0854499340057373,449.1725823828857,1.2652748799517906,0.5165441110875937,0.4564830156031194,0.5286946076853171
BH032,474,3636814,4.740000247955322,0.4298113577355815,4371,1,1,SHELF_NORMAL_Y_POS,-796.8452994616207,-25.01400788112261,1906.475208614068,-403.8812561035156,-191.81170654296875,20.003093719482425,-0.002140030497685,-0.0090766763314604,0.0022591061424463,-0.0004588549782056,-0.0087334970012307,0.0020066502038389,0.0107535487040877,351.6290916573849,0.9905044835419292,0.0068353754021958,0.3749422857575859,0.4228813935991979
BH032,474,3636814,4.740000247955322,0.4298113577355815,3944,1,1,SHELF_NORMAL_Y_NEG,-289.01923788646684,22.46877624313318,2765.524791385932,18.76778793334961,-84.16864013671875,-41.36103439331055,0.0007679979898966,-0.0013758429558947,-0.0010853200219571,0.000554142112378,-0.0009397337562404,-0.000563348410651,0.001000135205686,118.94727627547364,0.3350627500717567,0.5624917187059342,0.0311632598589353,0.3144757115719866
BH032,474,3636814,4.740000247955322,0.4298113577355815,3562,1,1,SHELF_NORMAL_Y_NEG,70.98076211353316,28.89403051151763,717.5247913859318,387.9041442871094,141.82081604003906,28.29219436645508,0.007044886238873,-0.0046716625802218,0.0015993104316294,0.0053585646674036,-0.0047870054841041,0.0012422207510098,0.006366298533976,343.4694040456501,0.967519448015916,-62.37257319189121,0.3416336969100206,0.3555839809867985
BH032,475,3647300,4.750000476837158,0.42959138245544,3023,2,1,SHELF_NORMAL_Y_POS,779.9393102292058,-25.04300957874569,1741.5247913859318,18.024547576904297,-107.81947326660156,-21.396053314208984,0.0004699644923675,-0.0010883980430662,-0.0003219008794985,0.0002254225983051,-0.0005387591081671,-5.184583642403595e-05,0.0005420342786237,123.55846247312864,0.3480520069665595,0.1300558221496275,0.0347238187683117,0.3211637613494267
BH032,475,3647300,4.750000476837158,0.42959138245544,3944,2,5,SHELF_NORMAL_Y_NEG,-289.01923788646684,22.63576178657993,2802.4752086140675,-14.313057899475098,3.0174777507781982,89.74661254882812,-3.942746479879133e-05,-4.8413636250188574e-05,0.0011313353898003,3.436797487665899e-05,-8.38460837258026e-05,-1.4264960555010475e-06,8.430604066234082e-05,156.2706675103676,0.4401990634094861,0.5631467463695233,0.0514133775595472,0.3232393372116897
BH032,475,3647300,4.750000476837158,0.42959138245544,3536,1,5,SHELF_NORMAL_Y_POS,160.98076211353316,-21.36871258581148,946.475208614068,-185.67510986328125,-244.31829833984372,-19.377864837646484,-0.0007228595204651,-0.0055887512862682,-0.0009507801150903,-0.0001782332401489,-0.0046714288182556,-0.0007062505465,0.0055689769797027,223.44877573519247,0.6294331710850493,33.29988298810741,0.1651152477043194,0.412287892802365
BH032,475,3647300,4.750000476837158,0.42959138245544,5009,3,5,SIDE_NORMAL_X_POS,-800.0,24.15470053837925,2637.524791385932,85.2322769165039,-313.3414306640625,-139.37046813964844,0.4844983220100403,-0.739762544631958,-0.0013362328754737,0.4836285412311554,-0.7381099462509155,0.0004227814788464,1.0883803367614746,436.37893963290696,1.2292364496701604,0.5197672926794655,0.4197088202461592,0.5286946076853171
BH032,475,3647300,4.750000476837158,0.42959138245544,4371,1,1,SHELF_NORMAL_Y_POS,-796.8452994616207,-25.01400788112261,1906.475208614068,-403.4917907714844,-191.55453491210935,20.397218704223636,-0.002139528049156,-0.009075928479433,0.0022642745170742,-0.000459862378193,-0.0087334606796503,0.0020068443845957,0.0107546970248222,351.3633764863547,0.9897559901024076,0.0068161073020997,0.3742968386485614,0.4228813935991979
BH032,475,3647300,4.750000476837158,0.42959138245544,3944,1,1,SHELF_NORMAL_Y_NEG,-289.01923788646684,22.46877624313318,2765.524791385932,18.517576217651367,-84.42876434326172,-41.321048736572266,0.0007671617204323,-0.001376733649522,-0.0010848164092749,0.000554142112378,-0.0009397337562404,-0.000563348410651,0.001000135205686,118.98243636043752,0.3351617925646127,0.5631467463695233,0.0312019414787996,0.3144757115719866
BH032,475,3647300,4.750000476837158,0.42959138245544,3562,1,1,SHELF_NORMAL_Y_NEG,70.98076211353316,28.89403051151763,717.5247913859318,387.6152648925781,141.2121124267578,28.253145217895508,0.0070443460717797,-0.0046741892583668,0.0015988178784027,0.0053585646674036,-0.0047870054841041,0.0012422207510098,0.006366298533976,343.285893321504,0.9670025163986028,-62.377878635150495,0.3410548530174414,0.3555839809867985
BH032,476,3657786,4.760000705718994,0.4293372121905009,3023,2,1,SHELF_NORMAL_Y_POS,779.9393102292058,-25.04300957874569,1741.5247913859318,17.87051773071289,-107.60326385498048,-21.262672424316406,0.0004688997287303,-0.0010871215490624,-0.0003202176594641,0.0002254225983051,-0.0005387591081671,-5.184583642403595e-05,0.0005420342786237,123.19516040284468,0.3470286208530836,0.130559648960211,0.0345313107150316,0.3211637613494267
BH032,476,3657786,4.760000705718994,0.4293372121905009,3944,2,5,SHELF_NORMAL_Y_NEG,-289.01923788646684,22.63576178657993,2802.4752086140675,-14.806756973266602,2.9589524269104004,89.70303344726562,-4.173886554781348e-05,-4.797877772944048e-05,0.0011307868408039,3.436797487665899e-05,-8.38460837258026e-05,-1.4264960555010475e-06,8.430604066234082e-05,156.2424736425233,0.4401196440634459,0.5609096718590916,0.0513990747658198,0.3232393372116897
BH032,476,3657786,4.760000705718994,0.4293372121905009,3536,1,5,SHELF_NORMAL_Y_POS,160.98076211353316,-21.36871258581148,946.475208614068,-185.55398559570312,-244.0767364501953,-19.185794830322266,-0.0007226166781038,-0.005587781779468,-0.0009483604808337,-0.0001782332401489,-0.0046714288182556,-0.0007062505465,0.0055689769797027,223.2008238715001,0.6287347151309861,33.31074678934209,0.1647864775025255,0.412287892802365
BH032,476,3657786,4.760000705718994,0.4293372121905009,5009,3,5,SIDE_NORMAL_X_POS,-800.0,24.15470053837925,2637.524791385932,79.19148254394531,-364.0792236328125,-22.460962295532227,0.4855930507183075,-0.7415634393692017,0.0001256571267731,0.4846783280372619,-0.7396754026412964,0.0004091188020538,1.0904278755187988,411.30333083168006,1.1586009319202255,0.5210958959985166,0.3840773724445256,0.5286946076853171
BH032,476,3657786,4.760000705718994,0.4293372121905009,4371,1,1,SHELF_NORMAL_Y_POS,-796.8452994616207,-25.01400788112261,1906.475208614068,-403.395751953125,-191.6159210205078,20.353172302246094,-0.0021389639005064,-0.009076377376914,0.0022637152578681,-0.000459862378193,-0.0087334606796503,0.0020068443845957,0.0107546970248222,351.2698395883157,0.9894925058825794,0.0068296754263941,0.3741438642671051,0.4228813935991979
BH032,476,3657786,4.760000705718994,0.4293372121905009,3944,1,1,SHELF_NORMAL_Y_NEG,-289.01923788646684,22.46877624313318,2765.524791385932,19.60918426513672,-83.88995361328125,-41.37178802490234,0.0007716775289736,-0.0013757059350609,-0.0010854579741135,0.000554142112378,-0.0009397337562404,-0.000563348410651,0.001000135205686,119.17186126058252,0.3356953838326268,0.5609096718590916,0.0312281515645689,0.3144757115719866
BH032,476,3657786,4.760000705718994,0.4293372121905009,3562,1,1,SHELF_NORMAL_Y_NEG,70.98076211353316,28.89403051151763,717.5247913859318,387.6390380859375,141.76373291015625,28.409988403320312,0.0070436601527035,-0.004671533126384,0.0016008038073778,0.0053585646674036,-0.0047870054841041,0.0012422207510098,0.006366298533976,343.2625891053068,0.966936870719174,-62.39359829303346,0.3412167545000633,0.3555839809867985
BH032,477,3668271,4.769999980926514,0.4289607538675749,3023,2,1,SHELF_NORMAL_Y_POS,779.9393102292058,-25.04300957874569,1741.5247913859318,18.2266902923584,-107.15560913085938,-21.293291091918945,0.0004699773853644,-0.0010854662396013,-0.0003206046530976,0.0002254225983051,-0.0005387591081671,-5.184583642403595e-05,0.0005420342786237,122.99529114771768,0.3464656088668103,0.1309025820364095,0.0343812618336026,0.3211637613494267
BH032,477,3668271,4.769999980926514,0.4289607538675749,3944,2,5,SHELF_NORMAL_Y_NEG,-289.01923788646684,22.63576178657993,2802.4752086140675,-13.337465286254885,3.75322151184082,89.8056869506836,-3.576320523279719e-05,-4.626296140486375e-05,0.0011320834746584,3.436797487665899e-05,-8.38460837258026e-05,-1.4264960555010475e-06,8.430604066234082e-05,156.32407792677796,0.4403495152866984,0.563439800545182,0.0514371952488495,0.3232393372116897
BH032,477,3668271,4.769999980926514,0.4289607538675749,3536,1,5,SHELF_NORMAL_Y_POS,160.98076211353316,-21.36871258581148,946.475208614068,-185.6920318603516,-243.797119140625,-19.13007926940918,-0.0007236953824758,-0.005586237180978,-0.0009476538398303,-0.0001782332401489,-0.0046714288182556,-0.0007062505465,0.0055689769797027,223.0364619996755,0.6282717239427479,33.319652621906954,0.1645957803537372,0.412287892802365
BH032,477,3668271,4.769999980926514,0.4289607538675749,5009,3,5,SIDE_NORMAL_X_POS,-800.0,24.15470053837925,2637.524791385932,83.64032745361328,-357.0598449707031,122.08516693115234,0.486742228269577,-0.7432385683059692,0.0019543645903468,0.4858160614967346,-0.7413780093193054,0.0004134689515922,1.0926384925842283,457.2377976225918,1.287993796119977,0.5231364432474281,0.4659423072383836,0.5286946076853171
BH032,477,3668271,4.769999980926514,0.4289607538675749,4371,1,1,SHELF_NORMAL_Y_POS,-796.8452994616207,-25.01400788112261,1906.475208614068,-403.8211975097656,-191.67877197265625,19.839204788208008,-0.0021431618370115,-0.0090759573504328,0.0022576551418751,-0.0004620817198883,-0.0087333796545863,0.0020072683691978,0.0107572264969348,351.55247415976567,0.9902886596049736,0.0068490320338411,0.3747471532426152,0.4228813935991979
BH032,477,3668271,4.769999980926514,0.4289607538675749,3944,1,1,SHELF_NORMAL_Y_NEG,-289.01923788646684,22.46877624313318,2765.524791385932,17.934146881103516,-84.85948181152344,-41.39859390258789,0.0007649585022591,-0.0013779695145785,-0.0010858001187443,0.000554142112378,-0.0009397337562404,-0.000563348410651,0.001000135205686,119.10574469801875,0.335509139994419,0.563439800545182,0.0313070523085539,0.3144757115719866
BH032,477,3668271,4.769999980926514,0.4289607538675749,3562,1,1,SHELF_NORMAL_Y_NEG,70.98076211353316,28.89403051151763,717.5247913859318,388.0135192871094,142.15689086914062,28.63089179992676,0.0070448936894536,-0.0046701659448444,0.0016035949811339,0.0053585646674036,-0.0047870054841041,0.0012422207510098,0.006366298533976,343.6036396051085,0.9678975763524184,-62.40511425464561,0.341969276689038,0.3555839809867985
BH032,478,3678757,4.78000020980835,0.4287270194853944,3023,2,1,SHELF_NORMAL_Y_POS,779.9393102292058,-25.04300957874569,1741.5247913859318,18.453393936157227,-107.1243133544922,-21.02587127685547,0.0004710328939836,-0.0010856499429792,-0.0003172299475409,0.0002254225983051,-0.0005387591081671,-5.184583642403595e-05,0.0005420342786237,122.96021796808073,0.3463668111776921,0.130895550450191,0.0343488978419209,0.3211637613494267
BH032,478,3678757,4.78000020980835,0.4287270194853944,3944,2,5,SHELF_NORMAL_Y_NEG,-289.01923788646684,22.63576178657993,2802.4752086140675,-15.55786418914795,2.1336941719055176,89.43323516845703,-4.418329990585335e-05,-5.089115074952133e-05,0.0011273847194388,3.436797487665899e-05,-8.38460837258026e-05,-1.4264960555010475e-06,8.430604066234082e-05,155.80342156443322,0.4388828776462907,0.5605130041874471,0.0511240279578954,0.3232393372116897
BH032,478,3678757,4.78000020980835,0.4287270194853944,3536,1,5,SHELF_NORMAL_Y_POS,160.98076211353316,-21.36871258581148,946.475208614068,-185.69656372070312,-243.7830047607422,-19.226953506469727,-0.0007237337413243,-0.005586149636656,-0.0009488781797699,-0.0001782332401489,-0.0046714288182556,-0.0007062505465,0.0055689769797027,223.05319574867207,0.6283188612638649,33.32127467233736,0.1646050051844785,0.412287892802365
BH032,478,3678757,4.78000020980835,0.4287270194853944,5009,3,5,SIDE_NORMAL_X_POS,-800.0,24.15470053837925,2637.524791385932,84.3477554321289,-310.9355163574219,-187.78628540039065,0.4881440997123718,-0.7451958656311035,-0.0019803629256784,0.4872809946537018,-0.7435579299926758,0.0003897398128174,1.0955212116241455,485.6060327273584,1.3679043175418546,0.5262465036092915,0.5145068024526486,0.5286946076853171
BH032,478,3678757,4.78000020980835,0.4287270194853944,4371,1,1,SHELF_NORMAL_Y_POS,-796.8452994616207,-25.01400788112261,1906.475208614068,-404.8955078125,-191.70541381835935,20.388072967529297,-0.0021484207827597,-0.0090745277702808,0.0022645930293947,-0.0004621786065399,-0.008733375929296,0.0020072869956493,0.0107573373243212,352.5871489626479,0.9932032365145012,0.0068349416572971,0.3767002324615456,0.4228813935991979
BH032,478,3678757,4.78000020980835,0.4287270194853944,3944,1,1,SHELF_NORMAL_Y_NEG,-289.01923788646684,22.46877624313318,2765.524791385932,19.793819427490234,-83.00999450683594,-41.32258605957031,0.0007712919614277,-0.0013717046240344,-0.0010848444653674,0.000554142112378,-0.0009397337562404,-0.000563348410651,0.001000135205686,118.52513519692803,0.3338736202730367,0.5605130041874471,0.0308611531089669,0.3144757115719866
BH032,478,3678757,4.78000020980835,0.4287270194853944,3562,1,1,SHELF_NORMAL_Y_NEG,70.98076211353316,28.89403051151763,717.5247913859318,388.3313598632813,142.00413513183594,28.63986587524414,0.0070466548204422,-0.0046713594347238,0.0016037044115364,0.0053585646674036,-0.0047870054841041,0.0012422207510098,0.006366298533976,343.9222096607122,0.9687949567907388,-62.4129529462502,0.3424908009618074,0.3555839809867985
BH032,479,3689243,4.7900004386901855,0.4283273843241445,3023,2,1,SHELF_NORMAL_Y_POS,779.9393102292058,-25.04300957874569,1741.5247913859318,18.83821678161621,-107.02904510498048,-20.872270584106445,0.0004727633495349,-0.0010857468005269,-0.0003152903809677,0.0002254225983051,-0.0005387591081671,-5.184583642403595e-05,0.0005420342786237,123.01742274661984,0.3465279513989291,0.1310914218766958,0.034350911387033,0.3211637613494267
BH032,479,3689243,4.7900004386901855,0.4283273843241445,3944,2,5,SHELF_NORMAL_Y_NEG,-289.01923788646684,22.63576178657993,2802.4752086140675,-13.45546531677246,3.65119218826294,89.82766723632812,-3.618772825575434e-05,-4.6586217649746686e-05,0.0011323716025799,3.436797487665899e-05,-8.38460837258026e-05,-1.4264960555010475e-06,8.430604066234082e-05,156.3666800968225,0.4404695213995001,0.5654816412755526,0.0514675620401092,0.3232393372116897
BH032,479,3689243,4.7900004386901855,0.4283273843241445,3536,1,5,SHELF_NORMAL_Y_POS,160.98076211353316,-21.36871258581148,946.475208614068,-185.60250854492188,-243.49679565429688,-18.95836067199707,-0.0007236899691633,-0.0055849240161478,-0.0009454895625822,-0.0001782332401489,-0.0046714288182556,-0.0007062505465,0.0055689769797027,222.7636031628575,0.627503107501007,33.33020169949408,0.1642331761444966,0.412287892802365
BH032,479,3689243,4.7900004386901855,0.4283273843241445,5009,3,5,SIDE_NORMAL_X_POS,-800.0,24.15470053837925,2637.524791385932,81.12445068359375,-357.2831420898437,-18.32766914367676,0.4892813265323639,-0.7470287680625916,0.0001643330324441,0.4883653521537781,-0.7451714277267456,0.0003956443106289,1.0976455211639404,405.24625739119847,1.1415387532146437,0.5277397684791887,0.3720091981563172,0.5286946076853171
BH032,479,3689243,4.7900004386901855,0.4283273843241445,4371,1,1,SHELF_NORMAL_Y_POS,-796.8452994616207,-25.01400788112261,1906.475208614068,-403.8805847167969,-191.44454956054688,19.8231258392334,-0.0021438654512166,-0.0090747810900211,0.0022574698086827,-0.0004621786065399,-0.008733375929296,0.0020072869956493,0.0107573373243212,351.60869529119896,0.9904470289892928,0.0068327280580907,0.3747634707646626,0.4228813935991979
BH032,479,3689243,4.7900004386901855,0.4283273843241445,3944,1,1,SHELF_NORMAL_Y_NEG,-289.01923788646684,22.46877624313318,2765.524791385932,17.97697639465332,-84.6003646850586,-41.30712890625,0.0007647898746654,-0.0013767785858362,-0.001084653311409,0.000554142112378,-0.0009397337562404,-0.000563348410651,0.001000135205686,118.82798003624336,0.3347267043274461,0.5654816412755526,0.0311556588413783,0.3144757115719866
BH032,479,3689243,4.7900004386901855,0.4283273843241445,3562,1,1,SHELF_NORMAL_Y_NEG,70.98076211353316,28.89403051151763,717.5247913859318,388.70550537109375,142.1024627685547,28.60972785949707,0.0070483377203345,-0.0046714572235941,0.0016033221036195,0.0053585646674036,-0.0047870054841041,0.0012422207510098,0.006366298533976,344.24499968821806,0.9697042244738536,-62.4244505300418,0.3431227158929305,0.3555839809867985
BH032,480,3699729,4.8000006675720215,0.428152413417701,3023,2,1,SHELF_NORMAL_Y_POS,779.9393102292058,-25.04300957874569,1741.5247913859318,18.67828941345215,-106.970458984375,-20.804882049560547,0.0004719021380878,-0.0010852310806512,-0.0003144398215226,0.0002254225983051,-0.0005387591081671,-5.184583642403595e-05,0.0005420342786237,122.83367670809533,0.3460103569242121,0.1318231246674445,0.0342618457977225,0.3211637613494267
BH032,480,3699729,4.8000006675720215,0.428152413417701,3944,2,5,SHELF_NORMAL_Y_NEG,-289.01923788646684,22.63576178657993,2802.4752086140675,-14.736519813537598,3.029555082321167,89.62544250488281,-4.150129825575277e-05,-4.7738336434122175e-05,0.0011298235040158,3.436797487665899e-05,-8.38460837258026e-05,-1.4264960555010475e-06,8.430604066234082e-05,156.10620792043025,0.4397357969589584,0.5603695076385069,0.0513099063496158,0.3232393372116897
BH032,480,3699729,4.8000006675720215,0.428152413417701,3536,1,5,SHELF_NORMAL_Y_POS,160.98076211353316,-21.36871258581148,946.475208614068,-185.48321533203125,-243.5274810791016,-18.959938049316406,-0.0007230621413327,-0.0055852504447102,-0.0009455052786506,-0.0001782332401489,-0.0046714288182556,-0.0007062505465,0.0055689769797027,222.7506111122491,0.6274665101753496,33.33887517511702,0.1641966402063659,0.412287892802365
BH032,480,3699729,4.8000006675720215,0.428152413417701,5009,3,5,SIDE_NORMAL_X_POS,-800.0,24.15470053837925,2637.524791385932,78.3635482788086,-372.6249694824219,97.52437591552734,0.4903648495674133,-0.7486997842788696,0.0016163062537088,0.4894388914108276,-0.7467693090438843,0.0003854154492728,1.0997551679611206,450.248198285885,1.2683047839039014,0.5292721991872983,0.4574888551487481,0.5286946076853171
BH032,480,3699729,4.8000006675720215,0.428152413417701,4371,1,1,SHELF_NORMAL_Y_POS,-796.8452994616207,-25.01400788112261,1906.475208614068,-404.8978576660156,-191.9482269287109,19.52382469177246,-0.0021480806171894,-0.0090757142752408,0.0022536916658282,-0.0004621786065399,-0.008733375929296,0.0020072869956493,0.0107573373243212,352.43511500581906,0.9927749718473776,0.0068325874439148,0.3765726200125636,0.4228813935991979
BH032,480,3699729,4.8000006675720215,0.428152413417701,3944,1,1,SHELF_NORMAL_Y_NEG,-289.01923788646684,22.46877624313318,2765.524791385932,19.290447235107425,-83.7062759399414,-41.28753662109375,0.0007698629051446,-0.0013743492309004,-0.001084400806576,0.000554142112378,-0.0009397337562404,-0.000563348410651,0.001000135205686,118.77531530686556,0.334578352977086,0.5603695076385069,0.0310353911406293,0.3144757115719866
BH032,480,3699729,4.8000006675720215,0.428152413417701,3562,1,1,SHELF_NORMAL_Y_NEG,70.98076211353316,28.89403051151763,717.5247913859318,388.7071838378906,142.09120178222656,28.593355178833008,0.0070483922027051,-0.0046715233474969,0.0016031180275604,0.0053585646674036,-0.0047870054841041,0.0012422207510098,0.006366298533976,344.24417697230416,0.9697019069642372,-62.434887264074334,0.3431288298494322,0.3555839809867985
BH032,481,3710214,4.809999942779541,0.4278583928959894,3023,2,1,SHELF_NORMAL_Y_POS,779.9393102292058,-25.04300957874569,1741.5247913859318,18.897985458374023,-106.83807373046876,-20.7531852722168,0.0004727748455479,-0.0010849062819033,-0.0003137882740702,0.0002254225983051,-0.0005387591081671,-5.184583642403595e-05,0.0005420342786237,122.81130368744545,0.3459473343308322,0.1318497852381301,0.034229987212298,0.3211637613494267
BH032,481,3710214,4.809999942779541,0.4278583928959894,3944,2,5,SHELF_NORMAL_Y_NEG,-289.01923788646684,22.63576178657993,2802.4752086140675,-14.30129337310791,3.085789918899536,89.48978424072266,-3.9470331103075296e-05,-4.809920210391283e-05,0.001128111151047,3.436797487665899e-05,-8.38460837258026e-05,-1.4264960555010475e-06,8.430604066234082e-05,155.83146129340673,0.4389618627983288,0.5628287940840769,0.0511259849448165,0.3232393372116897
BH032,481,3710214,4.809999942779541,0.4278583928959894,3536,1,5,SHELF_NORMAL_Y_POS,160.98076211353316,-21.36871258581148,946.475208614068,-185.5229949951172,-243.2780914306641,-18.786500930786133,-0.0007236150559037,-0.0055839661508798,-0.000943319289945,-0.0001782332401489,-0.0046714288182556,-0.0007062505465,0.0055689769797027,222.54916120906717,0.6268990456593441,33.34274925769128,0.1639448764590751,0.412287892802365
BH032,481,3710214,4.809999942779541,0.4278583928959894,5009,3,5,SIDE_NORMAL_X_POS,-800.0,24.15470053837925,2637.524791385932,85.29930114746094,-326.36737060546875,124.98606872558594,0.4917135834693908,-0.750546395778656,0.0019736948888748,0.490819901227951,-0.7488310933113098,0.0003961967595387,1.1024528741836548,434.1602148154344,1.2229865206068575,0.5321215600177083,0.4179020599001877,0.5286946076853171
BH032,481,3710214,4.809999942779541,0.4278583928959894,4371,1,1,SHELF_NORMAL_Y_POS,-796.8452994616207,-25.01400788112261,1906.475208614068,-405.7968444824219,-191.9613037109375,19.9646053314209,-0.0021528396755456,-0.0090744430199265,0.0022593378089368,-0.0004625911824405,-0.0087333610281348,0.0020073673222213,0.0107578076422214,353.29688111244576,0.9952024820068894,0.0068242500816936,0.3782031059077783,0.4228813935991979
BH032,481,3710214,4.809999942779541,0.4278583928959894,3944,1,1,SHELF_NORMAL_Y_NEG,-289.01923788646684,22.46877624313318,2765.524791385932,18.633031845092773,-83.95448303222656,-41.33297348022461,0.0007670309278182,-0.0013745927717536,-0.0010849690297618,0.000554142112378,-0.0009397337562404,-0.000563348410651,0.001000135205686,118.68073029341068,0.3343119163194667,0.5628287940840769,0.0310255087024535,0.3144757115719866
BH032,481,3710214,4.809999942779541,0.4278583928959894,3562,1,1,SHELF_NORMAL_Y_NEG,70.98076211353316,28.89403051151763,717.5247913859318,388.9253845214844,142.58985900878906,28.796688079833984,0.0070487116463482,-0.0046694390475749,0.0016056860331445,0.0053585646674036,-0.0047870054841041,0.0012422207510098,0.006366298533976,344.4208974591627,0.970199711152571,-62.44353021202282,0.3436214540535023,0.3555839809867985
BH032,482,3720700,4.820000171661377,0.4274707558698505,3023,2,1,SHELF_NORMAL_Y_POS,779.9393102292058,-25.04300957874569,1741.5247913859318,19.027328491210938,-107.34441375732422,-20.92685890197754,0.0004741406883113,-0.001087550423108,-0.0003159812767989,0.0002254225983051,-0.0005387591081671,-5.184583642403595e-05,0.0005420342786237,123.45501240202022,0.3477605983155499,0.1320701190078606,0.0345847553736022,0.3211637613494267
BH032,482,3720700,4.820000171661377,0.4274707558698505,3944,2,5,SHELF_NORMAL_Y_NEG,-289.01923788646684,22.63576178657993,2802.4752086140675,-13.987553596496582,3.366957664489746,89.65512084960938,-3.835684765363112e-05,-4.719123535323888e-05,0.0011301948688924,3.436797487665899e-05,-8.38460837258026e-05,-1.4264960555010475e-06,8.430604066234082e-05,156.10318908975788,0.4397272932105855,0.5637306382520986,0.0512998253945353,0.3232393372116897
BH032,482,3720700,4.820000171661377,0.4274707558698505,3536,1,5,SHELF_NORMAL_Y_POS,160.98076211353316,-21.36871258581148,946.475208614068,-185.31504821777344,-243.1550750732422,-18.855592727661133,-0.0007227842579595,-0.0055836723186075,-0.0009441906004212,-0.0001782332401489,-0.0046714288182556,-0.0007062505465,0.0055689769797027,222.42383707590747,0.6265460199321338,33.34419663948303,0.1637357389332577,0.412287892802365
BH032,482,3720700,4.820000171661377,0.4274707558698505,5009,3,5,SIDE_NORMAL_X_POS,-800.0,24.15470053837925,2637.524791385932,85.66526794433594,-309.51251220703125,172.10244750976562,0.4930699467658996,-0.752510130405426,0.0025530168786644,0.4921993315219879,-0.7508755922317505,0.0003808487672358,1.1051892042160034,467.449208953847,1.3167583350812593,0.5346074535993639,0.4784704999332644,0.5286946076853171
BH032,482,3720700,4.820000171661377,0.4274707558698505,4371,1,1,SHELF_NORMAL_Y_POS,-796.8452994616207,-25.01400788112261,1906.475208614068,-404.3524169921875,-191.2760162353516,19.921188354492188,-0.0021517630666494,-0.0090730441734194,0.0022597620263695,-0.0004675371746998,-0.0087331803515553,0.0020083249546587,0.010763444006443,352.0440785942217,0.9916734608287936,0.0067927145323724,0.3755194319295046,0.4228813935991979
BH032,482,3720700,4.820000171661377,0.4274707558698505,3944,1,1,SHELF_NORMAL_Y_NEG,-289.01923788646684,22.46877624313318,2765.524791385932,18.52635383605957,-83.96229553222656,-41.39504623413086,0.0007665252778679,-0.0013744824100285,-0.0010857520392164,0.000554142112378,-0.0009397337562404,-0.000563348410651,0.001000135205686,118.69733616048492,0.3343586934098166,0.5637306382520986,0.0310392160090713,0.3144757115719866
BH032,482,3720700,4.820000171661377,0.4274707558698505,3562,1,1,SHELF_NORMAL_Y_NEG,70.98076211353316,28.89403051151763,717.5247913859318,388.8210144042969,142.68959045410156,28.78800201416016,0.0070480653084814,-0.004668821580708,0.001605573343113,0.0053585646674036,-0.0047870054841041,0.0012422207510098,0.006366298533976,344.30747354791777,0.9698802071772332,-62.45031257625592,0.3434531272443166,0.3555839809867985
BH032,483,3731186,4.830000400543213,0.4273955086796898,3023,2,1,SHELF_NORMAL_Y_POS,779.9393102292058,-25.04300957874569,1741.5247913859318,19.11486053466797,-106.97083282470705,-20.634735107421875,0.0004740215663332,-0.0010858612367883,-0.0003122949856333,0.0002254225983051,-0.0005387591081671,-5.184583642403595e-05,0.0005420342786237,123.00506655440331,0.3464931452236713,0.1326029163981018,0.0343248730409814,0.3211637613494267
BH032,483,3731186,4.830000400543213,0.4273955086796898,3944,2,5,SHELF_NORMAL_Y_NEG,-289.01923788646684,22.63576178657993,2802.4752086140675,-14.675870895385742,2.9968061447143555,89.41127014160156,-4.115902629564516e-05,-4.798583177034743e-05,0.0011271155672147,3.436797487665899e-05,-8.38460837258026e-05,-1.4264960555010475e-06,8.430604066234082e-05,155.72882988929413,0.4386727602515328,0.5618517989831329,0.0510617124985892,0.3232393372116897
BH032,483,3731186,4.830000400543213,0.4273955086796898,3536,1,5,SHELF_NORMAL_Y_POS,160.98076211353316,-21.36871258581148,946.475208614068,-185.0480194091797,-242.5952911376953,-18.667613983154297,-0.0007223067223094,-0.0055813412182033,-0.0009418140398338,-0.0001782332401489,-0.0046714288182556,-0.0007062505465,0.0055689769797027,221.9209455231561,0.6251294240088905,33.35483317526627,0.1630358261976837,0.412287892802365
BH032,483,3731186,4.830000400543213,0.4273955086796898,5009,3,5,SIDE_NORMAL_X_POS,-800.0,24.15470053837925,2637.524791385932,79.51004028320312,-343.12371826171875,-146.7095489501953,0.4942514598369598,-0.7543923258781433,-0.0014791744761168,0.4933617115020752,-0.7526013851165771,0.0003724932612385,1.107484221458435,464.6596479792547,1.308900416842971,0.5360388386055541,0.4802589679083272,0.5286946076853171
BH032,483,3731186,4.830000400543213,0.4273955086796898,4371,1,1,SHELF_NORMAL_Y_POS,-796.8452994616207,-25.01400788112261,1906.475208614068,-402.7732543945313,-191.1792449951172,20.025367736816406,-0.0021442356519401,-0.0090748611837625,0.0022610845044255,-0.0004675371746998,-0.0087331803515553,0.0020083249546587,0.010763444006443,350.6807059877636,0.9878329746134183,0.0068013886961281,0.3728556536054895,0.4228813935991979
BH032,483,3731186,4.830000400543213,0.4273955086796898,3944,1,1,SHELF_NORMAL_Y_NEG,-289.01923788646684,22.46877624313318,2765.524791385932,19.289958953857425,-83.73145294189453,-41.22899627685547,0.0007698971894569,-0.0013744779862463,-0.0010836592409759,0.000554142112378,-0.0009397337562404,-0.000563348410651,0.001000135205686,118.733842776982,0.334461528949245,0.5618517989831329,0.0310162439833185,0.3144757115719866
BH032,483,3731186,4.830000400543213,0.4273955086796898,3562,1,1,SHELF_NORMAL_Y_NEG,70.98076211353316,28.89403051151763,717.5247913859318,389.0453186035156,143.07684326171875,28.794456481933597,0.0070486087352037,-0.0046672862954437,0.0016056509921327,0.0053585646674036,-0.0047870054841041,0.0012422207510098,0.006366298533976,344.4578771138478,0.9703038791939376,-62.4613735215795,0.3438851488974256,0.3555839809867985
BH032,484,3741672,4.840000629425049,0.4272535561507747,3023,2,1,SHELF_NORMAL_Y_POS,779.9393102292058,-25.04300957874569,1741.5247913859318,19.1986083984375,-106.91027069091795,-20.712417602539062,0.0004743384197354,-0.0010856842854991,-0.0003132755227852,0.0002254225983051,-0.0005387591081671,-5.184583642403595e-05,0.0005420342786237,123.03631046660048,0.346581156243945,0.1329097118640814,0.0343322946040897,0.3211637613494267
BH032,484,3741672,4.840000629425049,0.4272535561507747,3944,2,5,SHELF_NORMAL_Y_NEG,-289.01923788646684,22.63576178657993,2802.4752086140675,-13.50076389312744,3.759279489517212,89.739013671875,-3.656502303783782e-05,-4.599595195031725e-05,0.0011312519200146,3.436797487665899e-05,-8.38460837258026e-05,-1.4264960555010475e-06,8.430604066234082e-05,156.2255666566053,0.4400720187510009,0.562100288623602,0.0513742909514537,0.3232393372116897
BH032,484,3741672,4.840000629425049,0.4272535561507747,3536,1,5,SHELF_NORMAL_Y_POS,160.98076211353316,-21.36871258581148,946.475208614068,-185.4677734375,-242.7713623046875,-18.409517288208008,-0.0007240882259793,-0.0055815749801695,-0.0009385531884618,-0.0001782332401489,-0.0046714288182556,-0.0007062505465,0.0055689769797027,222.0961420161394,0.6256229352567307,33.358292604246174,0.1633620718846601,0.412287892802365
BH032,484,3741672,4.840000629425049,0.4272535561507747,5009,3,5,SIDE_NORMAL_X_POS,-800.0,24.15470053837925,2637.524791385932,79.65119934082031,-361.9129638671875,85.08924865722656,0.4954288601875305,-0.7561900615692139,0.0014447957510128,0.4945105016231537,-0.7543070316314697,0.0003708518634084,1.109749436378479,433.4427866647797,1.2209655962388162,0.5378043150848555,0.4250482451878612,0.5286946076853171
BH032,484,3741672,4.840000629425049,0.4272535561507747,4371,1,1,SHELF_NORMAL_Y_POS,-796.8452994616207,-25.01400788112261,1906.475208614068,-401.89013671875,-190.98956298828125,20.09531021118164,-0.0021402223501354,-0.0090752188116312,0.0022619660012423,-0.0004675371746998,-0.0087331803515553,0.0020083249546587,0.010763444006443,349.9247605679061,0.9857035508955102,0.0068049676615597,0.3713270458421889,0.4228813935991979
BH032,484,3741672,4.840000629425049,0.4272535561507747,3944,1,1,SHELF_NORMAL_Y_NEG,-289.01923788646684,22.46877624313318,2765.524791385932,17.999296188354492,-84.15050506591797,-41.287864685058594,0.0007642436539754,-0.0013746371259912,-0.0010843984782695,0.000554142112378,-0.0009397337562404,-0.000563348410651,0.001000135205686,118.46516509911852,0.3337046904200521,0.562100288623602,0.0309545433989208,0.3144757115719866
BH032,484,3741672,4.840000629425049,0.4272535561507747,3562,1,1,SHELF_NORMAL_Y_NEG,70.98076211353316,28.89403051151763,717.5247913859318,388.5125427246094,142.67938232421875,28.699630737304688,0.0070466110482811,-0.0046684644185006,0.0016044479561969,0.0053585646674036,-0.0047870054841041,0.0012422207510098,0.006366298533976,344.00244008869475,0.9690209579963232,-62.46528609340548,0.3429036667759669,0.3555839809867985
BH032,485,3752157,4.849999904632568,0.4268824303601968,3023,2,1,SHELF_NORMAL_Y_POS,779.9393102292058,-25.04300957874569,1741.5247913859318,19.27265739440918,-106.71273040771484,-20.5349235534668,0.0004744101606775,-0.0010848405072465,-0.000311035400955,0.0002254225983051,-0.0005387591081671,-5.184583642403595e-05,0.0005420342786237,122.803620886853,0.3459256926390225,0.1326588984388188,0.0341973520634637,0.3211637613494267
BH032,485,3752157,4.849999904632568,0.4268824303601968,3944,2,5,SHELF_NORMAL_Y_NEG,-289.01923788646684,22.63576178657993,2802.4752086140675,-14.915233612060549,2.656045198440552,89.18533325195312,-4.182477277936414e-05,-4.9291404138784856e-05,0.0011242667678743,3.436797487665899e-05,-8.38460837258026e-05,-1.4264960555010475e-06,8.430604066234082e-05,155.3422199732038,0.4375837182343769,0.563637228270429,0.050813469306249,0.3232393372116897
BH032,485,3752157,4.849999904632568,0.4268824303601968,3536,1,5,SHELF_NORMAL_Y_POS,160.98076211353316,-21.36871258581148,946.475208614068,-185.21144104003903,-242.5967559814453,-18.74023056030273,-0.0007230940973386,-0.0055811135098338,-0.0009427244076505,-0.0001782332401489,-0.0046714288182556,-0.0007062505465,0.0055689769797027,221.9872921188204,0.6253163158276631,33.35621845907224,0.1631432281053943,0.412287892802365
BH032,485,3752157,4.849999904632568,0.4268824303601968,5009,3,5,SIDE_NORMAL_X_POS,-800.0,24.15470053837925,2637.524791385932,77.42757415771484,-368.3787841796875,-71.43119812011719,0.4965739548206329,-0.7579254508018494,-0.0005280070472508,0.4956567287445068,-0.7560120224952698,0.0003735499922186,1.112006664276123,430.7294762359329,1.2133224682702335,0.5400405341313188,0.4226356600204042,0.5286946076853171
BH032,485,3752157,4.849999904632568,0.4268824303601968,4371,1,1,SHELF_NORMAL_Y_POS,-796.8452994616207,-25.01400788112261,1906.475208614068,-403.0030822753906,-191.36192321777344,20.360918045043945,-0.0021450798958539,-0.0090754190459847,0.0022653085179626,-0.0004675371746998,-0.0087331803515553,0.0020083249546587,0.010763444006443,350.9346464016797,0.9885482997230414,0.0067708444137804,0.3733878033343445,0.4228813935991979
BH032,485,3752157,4.849999904632568,0.4268824303601968,3944,1,1,SHELF_NORMAL_Y_NEG,-289.01923788646684,22.46877624313318,2765.524791385932,19.35745620727539,-83.48384857177734,-41.312896728515625,0.0007698653498664,-0.0013733733212575,-0.0010847114026546,0.000554142112378,-0.0009397337562404,-0.000563348410651,0.001000135205686,118.66155794619424,0.3342579097075894,0.563637228270429,0.0309666543923052,0.3144757115719866
BH032,485,3752157,4.849999904632568,0.4268824303601968,3562,1,1,SHELF_NORMAL_Y_NEG,70.98076211353316,28.89403051151763,717.5247913859318,388.369384765625,142.94952392578125,28.82270622253418,0.0070455227978527,-0.004666962660849,0.001606005243957,0.0053585646674036,-0.0047870054841041,0.0012422207510098,0.006366298533976,343.8609776293531,0.9686224721953608,-62.467823405618574,0.3427365802008704,0.3555839809867985
BH032,486,3762643,4.860000133514404,0.4267129975075864,3023,2,1,SHELF_NORMAL_Y_POS,779.9393102292058,-25.04300957874569,1741.5247913859318,19.22888946533203,-106.62579345703124,-20.40940284729004,0.0004740699660032,-0.0010843520285561,-0.0003094511048402,0.0002254225983051,-0.0005387591081671,-5.184583642403595e-05,0.0005420342786237,122.63252745784428,0.3454437393178712,0.1328677809007707,0.0341062618904886,0.3211637613494267
BH032,486,3762643,4.860000133514404,0.4267129975075864,3944,2,5,SHELF_NORMAL_Y_NEG,-289.01923788646684,22.63576178657993,2802.4752086140675,-13.52766227722168,3.4599571228027344,89.63679504394531,-3.6260495107853785e-05,-4.740933218272403e-05,0.0011299677425995,3.436797487665899e-05,-8.38460837258026e-05,-1.4264960555010475e-06,8.430604066234082e-05,156.03217347290885,0.4395272492194615,0.5635524651869477,0.0512499089336783,0.3232393372116897
BH032,486,3762643,4.860000133514404,0.4267129975075864,3536,1,5,SHELF_NORMAL_Y_POS,160.98076211353316,-21.36871258581148,946.475208614068,-185.4728240966797,-242.8355865478516,-18.507436752319336,-0.0007240127306431,-0.0055819060653448,-0.0009397855610586,-0.0001782332401489,-0.0046714288182556,-0.0007062505465,0.0055689769797027,222.16539827267565,0.6258180233033117,33.361562092060765,0.1634513186319813,0.412287892802365
BH032,486,3762643,4.860000133514404,0.4267129975075864,5009,3,5,SIDE_NORMAL_X_POS,-800.0,24.15470053837925,2637.524791385932,75.05081176757812,-384.0110473632813,-68.7989501953125,0.4977233111858368,-0.7596928477287292,-0.0004915890167467,0.4967922568321228,-0.7577055096626282,0.0003767563321162,1.1142327785491943,442.8513704622354,1.2474686491893956,0.541658783417774,0.4493619731406159,0.5286946076853171
BH032,486,3762643,4.860000133514404,0.4267129975075864,4371,1,1,SHELF_NORMAL_Y_POS,-796.8452994616207,-25.01400788112261,1906.475208614068,-402.7183532714844,-190.95628356933597,19.98099708557129,-0.0021442850120365,-0.0090738562867045,0.0022605140693485,-0.0004675371746998,-0.0087331803515553,0.0020083249546587,0.010763444006443,350.6315658408752,0.9876945516644372,0.0067806587225951,0.3726720824591105,0.4228813935991979
BH032,486,3762643,4.860000133514404,0.4267129975075864,3944,1,1,SHELF_NORMAL_Y_NEG,-289.01923788646684,22.46877624313318,2765.524791385932,18.05528450012207,-83.89920043945312,-41.40591430664063,0.000764149299357,-0.0013734927633777,-0.0010858841706067,0.000554142112378,-0.0009397337562404,-0.000563348410651,0.001000135205686,118.41977151106808,0.3335768211579383,0.5635524651869477,0.0309180710282639,0.3144757115719866
BH032,486,3762643,4.860000133514404,0.4267129975075864,3562,1,1,SHELF_NORMAL_Y_NEG,70.98076211353316,28.89403051151763,717.5247913859318,387.9479675292969,142.2133331298828,28.768430709838867,0.0070445332676172,-0.0046699168160557,0.00160532083828,0.0053585646674036,-0.0047870054841041,0.0012422207510098,0.006366298533976,343.5691370062785,0.9678003859331789,-62.47366070359784,0.3419134975865986,0.3555839809867985
BH032,487,3773129,4.87000036239624,0.426548318755572,3023,2,1,SHELF_NORMAL_Y_POS,779.9393102292058,-25.04300957874569,1741.5247913859318,19.41281509399414,-107.06024169921876,-20.50797843933105,0.0004755954141728,-0.0010867285309359,-0.0003106941003352,0.0002254225983051,-0.0005387591081671,-5.184583642403595e-05,0.0005420342786237,123.20237399335372,0.3470489408263485,0.1336160385971535,0.0344150778638324,0.3211637613494267
BH032,487,3773129,4.87000036239624,0.426548318755572,3944,2,5,SHELF_NORMAL_Y_NEG,-289.01923788646684,22.63576178657993,2802.4752086140675,-14.578369140625,3.238628625869751,89.28697204589844,-4.103892206330784e-05,-4.69534716103226e-05,0.001125545008108,3.436797487665899e-05,-8.38460837258026e-05,-1.4264960555010475e-06,8.430604066234082e-05,155.5208076662705,0.4380867821585085,0.5622449418174069,0.0509228333215666,0.3232393372116897
BH032,487,3773129,4.87000036239624,0.426548318755572,3536,1,5,SHELF_NORMAL_Y_POS,160.98076211353316,-21.36871258581148,946.475208614068,-185.3925323486328,-242.51284790039065,-18.307376861572266,-0.0007240902632474,-0.0055804592557251,-0.000937259523198,-0.0001782332401489,-0.0046714288182556,-0.0007062505465,0.0055689769797027,221.87447259817773,0.624998514361064,33.366930711869344,0.1630676097880454,0.412287892802365
BH032,487,3773129,4.87000036239624,0.426548318755572,5009,3,5,SIDE_NORMAL_X_POS,-800.0,24.15470053837925,2637.524791385932,80.13448333740234,-372.929443359375,-146.17283630371094,0.4989238977432251,-0.7614433765411377,-0.0014634528197348,0.4979824423789978,-0.7595051527023315,0.0003814509836956,1.1165227890014648,489.3688870659931,1.3785039072281495,0.5437232777632269,0.5364470481682623,0.5364470481682623
BH032,487,3773129,4.87000036239624,0.426548318755572,4371,1,1,SHELF_NORMAL_Y_POS,-796.8452994616207,-25.01400788112261,1906.475208614068,-405.02642822265625,-191.7602386474609,20.34615707397461,-0.0021543214097619,-0.0090744122862815,0.0022651269100606,-0.0004675371746998,-0.0087331803515553,0.0020083249546587,0.010763444006443,352.692969129617,0.9935013214918788,0.0068171426666639,0.3769248342450452,0.4228813935991979
BH032,487,3773129,4.87000036239624,0.426548318755572,3944,1,1,SHELF_NORMAL_Y_NEG,-289.01923788646684,22.46877624313318,2765.524791385932,19.187694549560547,-83.77554321289062,-41.20723342895508,0.0007694671512581,-0.001374544808641,-0.0010833747219294,0.000554142112378,-0.0009397337562404,-0.000563348410651,0.001000135205686,118.69320560689133,0.3343470580475811,0.5622449418174069,0.0310018315892646,0.3144757115719866
BH032,487,3773129,4.87000036239624,0.426548318755572,3562,1,1,SHELF_NORMAL_Y_NEG,70.98076211353316,28.89403051151763,717.5247913859318,387.3439331054688,142.0151824951172,28.914798736572266,0.0070418729446828,-0.0046700066886842,0.0016071747522801,0.0053585646674036,-0.0047870054841041,0.0012422207510098,0.006366298533976,343.0788713726264,0.9664193559792292,-62.47962539867861,0.3409186243866781,0.3555839809867985
BH032,488,3783615,4.880000591278076,0.4264102160780635,3023,2,1,SHELF_NORMAL_Y_POS,779.9393102292058,-25.04300957874569,1741.5247913859318,19.640119552612305,-106.96385955810548,-20.46188735961914,0.0004765586054418,-0.0010865965159609,-0.0003101121401414,0.0002254225983051,-0.0005387591081671,-5.184583642403595e-05,0.0005420342786237,123.22276997410124,0.3471063942932429,0.1333053892089053,0.0344078426171964,0.3211637613494267
BH032,488,3783615,4.880000591278076,0.4264102160780635,3944,2,5,SHELF_NORMAL_Y_NEG,-289.01923788646684,22.63576178657993,2802.4752086140675,-13.73497200012207,3.470198154449463,89.51618957519531,-3.728160299942829e-05,-4.705757237388752e-05,0.0011284339707344,3.436797487665899e-05,-8.38460837258026e-05,-1.4264960555010475e-06,8.430604066234082e-05,155.84543430511027,0.4390012233946768,0.5637306697542526,0.0511276339288126,0.3232393372116897
BH032,488,3783615,4.880000591278076,0.4264102160780635,3536,1,5,SHELF_NORMAL_Y_POS,160.98076211353316,-21.36871258581148,946.475208614068,-185.2175445556641,-242.1188201904297,-18.35159111022949,-0.000723817734979,-0.0055788015015423,-0.000937822216656,-0.0001782332401489,-0.0046714288182556,-0.0007062505465,0.0055689769797027,221.5688408239761,0.6241375797858482,33.36719635359091,0.1626251845463557,0.412287892802365
BH032,488,3783615,4.880000591278076,0.4264102160780635,5009,3,5,SIDE_NORMAL_X_POS,-800.0,24.15470053837925,2637.524791385932,81.85010528564453,-365.77484130859375,106.3282470703125,0.5001021027565002,-0.7632014155387878,0.0017466493882238,0.4991625249385834,-0.7612941861152649,0.0004046373360324,1.1187738180160522,452.046979767239,1.2733717739922226,0.5458795986487488,0.4612911588585111,0.5364470481682623
BH032,488,3783615,4.880000591278076,0.4264102160780635,4371,1,1,SHELF_NORMAL_Y_POS,-796.8452994616207,-25.01400788112261,1906.475208614068,-402.997314453125,-191.1626892089844,20.50739288330078,-0.0021453495137393,-0.0090744886547327,0.0022671662736684,-0.0004675371746998,-0.0087331803515553,0.0020083249546587,0.010763444006443,350.96099258435225,0.988622514322119,0.0067832826293958,0.3733564330946985,0.4228813935991979
BH032,488,3783615,4.880000591278076,0.4264102160780635,3944,1,1,SHELF_NORMAL_Y_NEG,-289.01923788646684,22.46877624313318,2765.524791385932,18.142030715942383,-84.16973114013672,-41.36339569091797,0.0007649649633094,-0.0013749374775215,-0.0010853474959731,0.000554142112378,-0.0009397337562404,-0.000563348410651,0.001000135205686,118.63169170018789,0.3341737794371489,0.5637306697542526,0.0310320987127848,0.3144757115719866
BH032,488,3783615,4.880000591278076,0.4264102160780635,3562,1,1,SHELF_NORMAL_Y_NEG,70.98076211353316,28.89403051151763,717.5247913859318,386.7685852050781,142.43516540527344,28.89805030822754,0.0070384545251727,-0.0046671307645738,0.0016069670673459,0.0053585646674036,-0.0047870054841041,0.0012422207510098,0.006366298533976,342.4814730363776,0.964736543764444,-62.48291126784228,0.3399893761889917,0.3555839809867985
BH032,489,3794100,4.889999866485596,0.4262494151659579,3023,2,1,SHELF_NORMAL_Y_POS,779.9393102292058,-25.04300957874569,1741.5247913859318,19.714115142822266,-106.58002471923828,-20.328027725219727,0.0004763596807606,-0.0010848487727344,-0.0003084206837229,0.0002254225983051,-0.0005387591081671,-5.184583642403595e-05,0.0005420342786237,122.83633427390168,0.3460178430250751,0.1332897229614029,0.0341828229134907,0.3211637613494267
BH032,489,3794100,4.889999866485596,0.4262494151659579,3944,2,5,SHELF_NORMAL_Y_NEG,-289.01923788646684,22.63576178657993,2802.4752086140675,-14.419267654418944,3.0435662269592285,89.2320327758789,-3.998192914878018e-05,-4.813196210307069e-05,0.0011248473310843,3.436797487665899e-05,-8.38460837258026e-05,-1.4264960555010475e-06,8.430604066234082e-05,155.396691055713,0.4377371579034169,0.5645860257730356,0.0508415536654799,0.3232393372116897
BH032,489,3794100,4.889999866485596,0.4262494151659579,3536,1,5,SHELF_NORMAL_Y_POS,160.98076211353316,-21.36871258581148,946.475208614068,-185.53826904296875,-242.31922912597656,-18.31056022644043,-0.0007250844500958,-0.0055793058127164,-0.0009373035863973,-0.0001782332401489,-0.0046714288182556,-0.0007062505465,0.0055689769797027,221.7868291924177,0.6247516315279372,33.36604636991272,0.1629727109752791,0.412287892802365
BH032,489,3794100,4.889999866485596,0.4262494151659579,5009,3,5,SIDE_NORMAL_X_POS,-800.0,24.15470053837925,2637.524791385932,81.3353042602539,-362.2914733886719,-95.8252944946289,0.5011992454528809,-0.764866292476654,-0.0007994383340701,0.5002676248550415,-0.7629805207252502,0.0004100002988707,1.120859980583191,441.4579162538069,1.2435434260670617,0.5481238643219815,0.4393818578909088,0.5364470481682623
BH032,489,3794100,4.889999866485596,0.4262494151659579,4371,1,1,SHELF_NORMAL_Y_POS,-796.8452994616207,-25.01400788112261,1906.475208614068,-403.963623046875,-191.3677520751953,20.213348388671875,-0.0021561996545642,-0.0090737892314791,0.0022647154983133,-0.0004739926371257,-0.0087329382076859,0.0020095859654247,0.0107707977294921,351.7504131853786,0.99084623432501,0.0067938587045773,0.3749665127523345,0.4228813935991979
BH032,489,3794100,4.889999866485596,0.4262494151659579,3944,1,1,SHELF_NORMAL_Y_NEG,-289.01923788646684,22.46877624313318,2765.524791385932,18.835102081298828,-83.54536437988281,-41.33903121948242,0.0007674205116927,-0.0013729186030104,-0.0010850394610315,0.000554142112378,-0.0009397337562404,-0.000563348410651,0.001000135205686,118.46907171405864,0.3337156949691792,0.5645860257730356,0.0308954666265901,0.3144757115719866
BH032,489,3794100,4.889999866485596,0.4262494151659579,3562,1,1,SHELF_NORMAL_Y_NEG,70.98076211353316,28.89403051151763,717.5247913859318,386.8669128417969,141.9839630126953,28.916654586791992,0.0070395702496171,-0.0046694693155586,0.0016072016442194,0.0053585646674036,-0.0047870054841041,0.0012422207510098,0.006366298533976,342.64424013580486,0.96519504263607,-62.48434171636448,0.3400998607420408,0.3555839809867985
BH032,490,3804586,4.900000095367432,0.425984724870273,3023,2,1,SHELF_NORMAL_Y_POS,779.9393102292058,-25.04300957874569,1741.5247913859318,19.75475311279297,-106.43572998046876,-20.166221618652344,0.000476347253425,-0.0010842129122465,-0.0003063752083107,0.0002254225983051,-0.0005387591081671,-5.184583642403595e-05,0.0005420342786237,122.6436135242456,0.3454749676739312,0.1339001311813447,0.0340734380059141,0.3211637613494267
BH032,490,3804586,4.900000095367432,0.425984724870273,3944,2,5,SHELF_NORMAL_Y_NEG,-289.01923788646684,22.63576178657993,2802.4752086140675,-14.07882022857666,3.3818395137786865,89.28705596923828,-3.88222724723164e-05,-4.698544216807932e-05,0.0011255349963903,3.436797487665899e-05,-8.38460837258026e-05,-1.4264960555010475e-06,8.430604066234082e-05,155.47925076692255,0.4379697204702044,0.5636939941299006,0.050890102752923,0.3232393372116897
BH032,490,3804586,4.900000095367432,0.425984724870273,3536,1,5,SHELF_NORMAL_Y_POS,160.98076211353316,-21.36871258581148,946.475208614068,-185.31756591796875,-242.0141448974609,-18.231952667236328,-0.0007244579028338,-0.0055781481787562,-0.0009363119606859,-0.0001782332401489,-0.0046714288182556,-0.0007062505465,0.0055689769797027,221.4975995632343,0.6239369001781248,33.37128195962528,0.1625577416063165,0.412287892802365
BH032,490,3804586,4.900000095367432,0.425984724870273,5009,3,5,SIDE_NORMAL_X_POS,-800.0,24.15470053837925,2637.524791385932,81.29998016357422,-359.75115966796875,108.68195343017578,0.5022560954093933,-0.7664815783500671,0.0017723569180816,0.5013278126716614,-0.7646064162254333,0.0004006462113466,1.122842788696289,448.0107663952634,1.262002158859897,0.549917610165745,0.4518519505359553,0.5364470481682623
BH032,490,3804586,4.900000095367432,0.425984724870273,4371,1,1,SHELF_NORMAL_Y_POS,-796.8452994616207,-25.01400788112261,1906.475208614068,-402.2304382324219,-190.83673095703125,20.5403995513916,-0.0021485488396137,-0.0090737473219633,0.0022688452154397,-0.0004739926371257,-0.0087329382076859,0.0020095859654247,0.0107707977294921,350.30467516223,0.986773732851352,0.0068162483521514,0.3719587061880565,0.4228813935991979
BH032,490,3804586,4.900000095367432,0.425984724870273,3944,1,1,SHELF_NORMAL_Y_NEG,-289.01923788646684,22.46877624313318,2765.524791385932,18.516651153564453,-83.83393096923828,-41.33733367919922,0.0007662938442081,-0.0013738565612584,-0.0010850223479792,0.000554142112378,-0.0009397337562404,-0.000563348410651,0.001000135205686,118.53119198507864,0.3338906816481088,0.5636939941299006,0.0309522151277431,0.3144757115719866
BH032,490,3804586,4.900000095367432,0.425984724870273,3562,1,1,SHELF_NORMAL_Y_NEG,70.98076211353316,28.89403051151763,717.5247913859318,385.84814453125,141.91354370117188,28.88119888305664,0.0070347343571484,-0.004668332170695,0.0016067512333393,0.0053585646674036,-0.0047870054841041,0.0012422207510098,0.006366298533976,341.7068011466105,0.9625543694270716,-62.48959003435273,0.3383705084130738,0.3555839809867985
BH032,491,3815072,4.910000324249268,0.4258124780183305,3023,2,1,SHELF_NORMAL_Y_POS,779.9393102292058,-25.04300957874569,1741.5247913859318,19.820558547973636,-106.20822143554688,-19.9765682220459,0.0004763363394886,-0.0010832044063135,-0.0003039807779714,0.0002254225983051,-0.0005387591081671,-5.184583642403595e-05,0.0005420342786237,122.37375922429358,0.3447148147163199,0.1341611977064801,0.0339179355716785,0.3211637613494267
BH032,491,3815072,4.910000324249268,0.4258124780183305,3944,2,5,SHELF_NORMAL_Y_NEG,-289.01923788646684,22.63576178657993,2802.4752086140675,-13.890761375427246,3.3218436241149902,89.27457427978516,-3.78220975107979e-05,-4.755062764161266e-05,0.0011253834236413,3.436797487665899e-05,-8.38460837258026e-05,-1.4264960555010475e-06,8.430604066234082e-05,155.4348084319334,0.4378445307941785,0.5635398921884656,0.0508607063931263,0.3232393372116897
BH032,491,3815072,4.910000324249268,0.4258124780183305,3536,1,5,SHELF_NORMAL_Y_POS,160.98076211353316,-21.36871258581148,946.475208614068,-185.54458618164065,-242.1245574951172,-17.96636962890625,-0.0007253949297592,-0.0055783479474484,-0.000932962168008,-0.0001782332401489,-0.0046714288182556,-0.0007062505465,0.0055689769797027,221.5729344744201,0.6241491111955496,33.37612433516529,0.1627192210605622,0.412287892802365
BH032,491,3815072,4.910000324249268,0.4258124780183305,5009,3,5,SIDE_NORMAL_X_POS,-800.0,24.15470053837925,2637.524791385932,81.52001953125,-355.67138671875,115.89393615722656,0.5032705068588257,-0.7680296897888184,0.0018632365390658,0.5023484230041504,-0.7661752104759216,0.000400499702664,1.124735713005066,449.92910621661184,1.2674059330045404,0.5517250240991459,0.4541281958709999,0.5364470481682623
BH032,491,3815072,4.910000324249268,0.4258124780183305,4371,1,1,SHELF_NORMAL_Y_POS,-796.8452994616207,-25.01400788112261,1906.475208614068,-403.5488586425781,-191.0857391357422,20.45648002624512,-0.002154593123123,-0.0090730478987097,0.0022677942179143,-0.0004739926371257,-0.0087329382076859,0.0020095859654247,0.0107707977294921,351.43763572911587,0.989965171067932,0.0068356961040813,0.3742386978137739,0.4228813935991979
BH032,491,3815072,4.910000324249268,0.4258124780183305,3944,1,1,SHELF_NORMAL_Y_NEG,-289.01923788646684,22.46877624313318,2765.524791385932,18.2226505279541,-83.90924835205078,-41.40043640136719,0.0007649743347428,-0.0013737936969846,-0.0010858179302886,0.000554142112378,-0.0009397337562404,-0.000563348410651,0.001000135205686,118.50681103938189,0.3338220029278362,0.5635398921884656,0.0309555752471511,0.3144757115719866
BH032,491,3815072,4.910000324249268,0.4258124780183305,3562,1,1,SHELF_NORMAL_Y_NEG,70.98076211353316,28.89403051151763,717.5247913859318,385.4378662109375,142.02403259277344,28.83709144592285,0.00703258626163,-0.0046672080643475,0.0016061979113146,0.0053585646674036,-0.0047870054841041,0.0012422207510098,0.006366298533976,341.30113975652654,0.9614116612859902,-62.49524924939679,0.3376808119049593,0.3555839809867985
BH032,492,3825558,4.920000553131104,0.4256918660622806,3023,2,1,SHELF_NORMAL_Y_POS,779.9393102292058,-25.04300957874569,1741.5247913859318,20.240522384643555,-106.34034729003906,-20.096593856811523,0.0004785687196999,-0.0010844595963135,-0.0003054966800846,0.0002254225983051,-0.0005387591081671,-5.184583642403595e-05,0.0005420342786237,122.80859758917974,0.3459397115188162,0.1340987399320693,0.0341264316496028,0.3211637613494267
BH032,492,3825558,4.920000553131104,0.4256918660622806,3944,2,5,SHELF_NORMAL_Y_NEG,-289.01923788646684,22.63576178657993,2802.4752086140675,-14.660940170288086,2.8990907669067383,89.04454040527344,-4.0945280488813296e-05,-4.84810043417383e-05,0.0011224742047488,3.436797487665899e-05,-8.38460837258026e-05,-1.4264960555010475e-06,8.430604066234082e-05,155.08914152252086,0.4368708211901996,0.5652314655665354,0.0506429692089802,0.3232393372116897
BH032,492,3825558,4.920000553131104,0.4256918660622806,3536,1,5,SHELF_NORMAL_Y_POS,160.98076211353316,-21.36871258581148,946.475208614068,-185.59312438964844,-242.02305603027344,-18.103492736816406,-0.0007257764809764,-0.0055777844972908,-0.0009346916922368,-0.0001782332401489,-0.0046714288182556,-0.0007062505465,0.0055689769797027,221.55216468310772,0.6240906047411486,33.37299665655274,0.16268458916617,0.412287892802365
BH032,492,3825558,4.920000553131104,0.4256918660622806,5009,3,5,SIDE_NORMAL_X_POS,-800.0,24.15470053837925,2637.524791385932,81.49854278564453,-352.4294738769531,-85.68325805664062,0.504239022731781,-0.7695160508155823,-0.0006895470432937,0.5033232569694519,-0.767675518989563,0.0003919019654858,1.1265345811843872,426.1407012040216,1.2003963414197791,0.5535381954685059,0.4102142404545618,0.5364470481682623
BH032,492,3825558,4.920000553131104,0.4256918660622806,4371,1,1,SHELF_NORMAL_Y_POS,-796.8452994616207,-25.01400788112261,1906.475208614068,-404.2772216796875,-191.7663116455078,20.219087600708008,-0.0021571270190179,-0.0090752737596631,0.0022648063022643,-0.0004739926371257,-0.0087329382076859,0.0020095859654247,0.0107707977294921,352.0143080580355,0.9915896001634804,0.0067928325944623,0.375627544054969,0.4228813935991979
BH032,492,3825558,4.920000553131104,0.4256918660622806,3944,1,1,SHELF_NORMAL_Y_NEG,-289.01923788646684,22.46877624313318,2765.524791385932,18.79375457763672,-83.47908020019531,-41.27485275268555,0.0007671210332773,-0.0013725372264161,-0.0010842314222827,0.000554142112378,-0.0009397337562404,-0.000563348410651,0.001000135205686,118.32872769159664,0.3333203596946383,0.5652314655665354,0.0308245886124954,0.3144757115719866
BH032,492,3825558,4.920000553131104,0.4256918660622806,3562,1,1,SHELF_NORMAL_Y_NEG,70.98076211353316,28.89403051151763,717.5247913859318,385.7081909179688,142.34619140625,28.932130813598636,0.0070334235206246,-0.0046660271473228,0.0016073931474238,0.0053585646674036,-0.0047870054841041,0.0012422207510098,0.006366298533976,341.5265134040913,0.9620465166312432,-62.49520019576489,0.3382060152439426,0.3555839809867985
BH032,493,3836043,4.929999828338623,0.4254259845548715,3023,2,1,SHELF_NORMAL_Y_POS,779.9393102292058,-25.04300957874569,1741.5247913859318,20.37114524841309,-106.5625228881836,-20.12675666809082,0.0004795262939296,-0.0010857279412448,-0.0003058784059248,0.0002254225983051,-0.0005387591081671,-5.184583642403595e-05,0.0005420342786237,123.11220279382846,0.3467949374474041,0.1343068804029551,0.0342885757877785,0.3211637613494267
BH032,493,3836043,4.929999828338623,0.4254259845548715,3944,2,5,SHELF_NORMAL_Y_NEG,-289.01923788646684,22.63576178657993,2802.4752086140675,-13.452486991882324,3.728705644607544,89.39073181152344,-3.628723789006472e-05,-4.621365951607004e-05,0.0011268428061157,3.436797487665899e-05,-8.38460837258026e-05,-1.4264960555010475e-06,8.430604066234082e-05,155.618577996429,0.4383621915392366,0.5651088471585933,0.0509748209578836,0.3232393372116897
BH032,493,3836043,4.929999828338623,0.4254259845548715,3536,1,5,SHELF_NORMAL_Y_POS,160.98076211353316,-21.36871258581148,946.475208614068,-185.5694274902344,-242.08499145507807,-18.18452262878418,-0.0007255736854858,-0.0055780955590307,-0.0009357152157463,-0.0001782332401489,-0.0046714288182556,-0.0007062505465,0.0055689769797027,221.6068880433814,0.6242447550517786,33.37499648375205,0.1627409372526234,0.412287892802365
BH032,493,3836043,4.929999828338623,0.4254259845548715,5009,3,5,SIDE_NORMAL_X_POS,-800.0,24.15470053837925,2637.524791385932,83.11617279052734,-350.3775329589844,-73.71807098388672,0.5051884055137634,-0.7709648609161377,-0.0005382921663112,0.5042688250541687,-0.7691318392753601,0.0003921407915186,1.1282727718353271,418.4469086059338,1.178723686213898,0.5551010757671503,0.3958399733097603,0.5364470481682623
BH032,493,3836043,4.929999828338623,0.4254259845548715,4371,1,1,SHELF_NORMAL_Y_POS,-796.8452994616207,-25.01400788112261,1906.475208614068,-403.1222534179688,-191.302734375,20.522361755371094,-0.0021521928720176,-0.0090746572241187,0.0022686293814331,-0.0004739926371257,-0.0087329382076859,0.0020095859654247,0.0107707977294921,351.0689391129877,0.9889265890506695,0.0067809305269486,0.3735954762257253,0.4228813935991979
BH032,493,3836043,4.929999828338623,0.4254259845548715,3944,1,1,SHELF_NORMAL_Y_NEG,-289.01923788646684,22.46877624313318,2765.524791385932,17.6998233795166,-84.21888732910156,-41.38581848144531,0.0007628866005688,-0.0013745315372943,-0.0010856302687898,0.000554142112378,-0.0009397337562404,-0.000563348410651,0.001000135205686,118.46992055243354,0.333718086063193,0.5651088471585933,0.0309723044567216,0.3144757115719866
BH032,493,3836043,4.929999828338623,0.4254259845548715,3562,1,1,SHELF_NORMAL_Y_NEG,70.98076211353316,28.89403051151763,717.5247913859318,386.0238952636719,142.33334350585938,28.89763832092285,0.0070349648594856,-0.0046665440313518,0.0016069582197815,0.0053585646674036,-0.0047870054841041,0.0012422207510098,0.006366298533976,341.81044045441587,0.9628463111391996,-62.49854860756422,0.3387177891495464,0.3555839809867985
BH032,494,3846529,4.940000057220459,0.42519944607335,3023,2,1,SHELF_NORMAL_Y_POS,779.9393102292058,-25.04300957874569,1741.5247913859318,20.273906707763672,-106.26578521728516,-20.09916114807129,0.0004786221252288,-0.0010841457406058,-0.000305531284539,0.0002254225983051,-0.0005387591081671,-5.184583642403595e-05,0.0005420342786237,122.75911311724352,0.3458003186401226,0.1348209641359529,0.0340948454190498,0.3211637613494267
BH032,494,3846529,4.940000057220459,0.42519944607335,3944,2,5,SHELF_NORMAL_Y_NEG,-289.01923788646684,22.63576178657993,2802.4752086140675,-14.744873046875,2.9318974018096924,89.01329803466797,-4.140020973864012e-05,-4.8199544835370034e-05,0.0011220881715416,3.436797487665899e-05,-8.38460837258026e-05,-1.4264960555010475e-06,8.430604066234082e-05,155.04624935658785,0.4367499981875714,0.5628597256406361,0.050616100668977,0.3232393372116897
BH032,494,3846529,4.940000057220459,0.42519944607335,3536,1,5,SHELF_NORMAL_Y_POS,160.98076211353316,-21.36871258581148,946.475208614068,-185.57083129882807,-241.79754638671875,-18.12798500061035,-0.0007259945268742,-0.0055767237208783,-0.0009350007749162,-0.0001782332401489,-0.0046714288182556,-0.0007062505465,0.0055689769797027,221.39983446046716,0.6236615055224426,33.37785770649346,0.1624736625813944,0.412287892802365
BH032,494,3846529,4.940000057220459,0.42519944607335,5009,3,5,SIDE_NORMAL_X_POS,-800.0,24.15470053837925,2637.524791385932,80.38563537597656,-359.361328125,-91.98084259033205,0.5060815811157227,-0.7723780870437622,-0.0007783231558278,0.5051619410514832,-0.7705060243606567,0.0003826141764875,1.129910945892334,435.74227408908655,1.2274430256030606,0.5563384178589159,0.4288765670783989,0.5364470481682623
BH032,494,3846529,4.940000057220459,0.42519944607335,4371,1,1,SHELF_NORMAL_Y_POS,-796.8452994616207,-25.01400788112261,1906.475208614068,-404.2642822265625,-191.48687744140625,20.12626838684082,-0.0021574876736849,-0.0090739242732524,0.0022636239882558,-0.0004739926371257,-0.0087329382076859,0.0020095859654247,0.0107707977294921,351.995353789364,0.9915362078573634,0.0067802738428644,0.3754908469786759,0.4228813935991979
BH032,494,3846529,4.940000057220459,0.42519944607335,3944,1,1,SHELF_NORMAL_Y_NEG,-289.01923788646684,22.46877624313318,2765.524791385932,19.23360824584961,-83.17107391357422,-41.25349807739258,0.000768807483837,-0.0013716772664338,-0.0010839611059054,0.000554142112378,-0.0009397337562404,-0.000563348410651,0.001000135205686,118.29028863772642,0.3332120806696519,0.5628597256406361,0.0307738625467638,0.3144757115719866
BH032,494,3846529,4.940000057220459,0.42519944607335,3562,1,1,SHELF_NORMAL_Y_NEG,70.98076211353316,28.89403051151763,717.5247913859318,385.9959716796875,142.32949829101562,28.863025665283203,0.0070348749868571,-0.0046665342524647,0.0016065204981714,0.0053585646674036,-0.0047870054841041,0.0012422207510098,0.006366298533976,341.7765146947048,0.9627507456188866,-62.50109391353968,0.33867168686275,0.3555839809867985
BH032,495,3857015,4.950000286102295,0.424936173090322,3023,2,1,SHELF_NORMAL_Y_POS,779.9393102292058,-25.04300957874569,1741.5247913859318,20.348764419555664,-106.4720230102539,-19.949037551879883,0.000479287613416,-0.0010852554114535,-0.0003036365669686,0.0002254225983051,-0.0005387591081671,-5.184583642403595e-05,0.0005420342786237,122.92611727597485,0.3462707528900699,0.1349246185593899,0.0341884595198276,0.3211637613494267
BH032,495,3857015,4.950000286102295,0.424936173090322,3944,2,5,SHELF_NORMAL_Y_NEG,-289.01923788646684,22.63576178657993,2802.4752086140675,-13.178524017333984,4.129954814910889,89.37130737304688,-3.5541241231840104e-05,-4.466508107725531e-05,0.0011266075307503,3.436797487665899e-05,-8.38460837258026e-05,-1.4264960555010475e-06,8.430604066234082e-05,155.58550213779668,0.4382690201064695,0.566230617150695,0.0509499403311542,0.3232393372116897
BH032,495,3857015,4.950000286102295,0.424936173090322,3536,1,5,SHELF_NORMAL_Y_POS,160.98076211353316,-21.36871258581148,946.475208614068,-185.61550903320312,-241.9868927001953,-18.12697029113769,-0.000725942547433,-0.0055775665678083,-0.0009349867468699,-0.0001782332401489,-0.0046714288182556,-0.0007062505465,0.0055689769797027,221.5400964165369,0.6240566096240476,33.38038500294051,0.1626679272998532,0.412287892802365
BH032,495,3857015,4.950000286102295,0.424936173090322,5009,3,5,SIDE_NORMAL_X_POS,-800.0,24.15470053837925,2637.524791385932,81.39916229248047,-373.4070434570313,-30.462032318115234,0.5069615244865417,-0.7737613916397095,-1.3067852705717088e-05,0.5060173273086548,-0.7718219757080078,0.0003714210761245,1.1314791440963743,423.36446531989753,1.1925759586475986,0.557889155574248,0.4081368146457478,0.5364470481682623
BH032,495,3857015,4.950000286102295,0.424936173090322,4371,1,1,SHELF_NORMAL_Y_POS,-796.8452994616207,-25.01400788112261,1906.475208614068,-403.4364013671875,-191.298583984375,20.560911178588867,-0.0021537342108786,-0.0090742371976375,0.0022691083140671,-0.0004739926371257,-0.0087329382076859,0.0020095859654247,0.0107707977294921,351.3509912875157,0.989721102218354,0.0067876515816306,0.3741465225121481,0.4228813935991979
BH032,495,3857015,4.950000286102295,0.424936173090322,3944,1,1,SHELF_NORMAL_Y_NEG,-289.01923788646684,22.46877624313318,2765.524791385932,17.367952346801758,-84.49034118652344,-41.35969924926758,0.0007616695947945,-0.0013753584353253,-0.0010853032581508,0.000554142112378,-0.0009397337562404,-0.000563348410651,0.001000135205686,118.48865729679812,0.3337708656247835,0.566230617150695,0.0310071837489068,0.3144757115719866
BH032,495,3857015,4.950000286102295,0.424936173090322,3562,1,1,SHELF_NORMAL_Y_NEG,70.98076211353316,28.89403051151763,717.5247913859318,385.60931396484375,142.31407165527344,28.861644744873047,0.0070330323651432,-0.0046660620719194,0.0016065033851191,0.0053585646674036,-0.0047870054841041,0.0012422207510098,0.006366298533976,341.4223046040547,0.9617529707156472,-62.50438617015087,0.338023874810932,0.3555839809867985
BH032,496,3867501,4.960000514984131,0.4248717897300562,3023,2,1,SHELF_NORMAL_Y_POS,779.9393102292058,-25.04300957874569,1741.5247913859318,20.527084350585938,-106.1906967163086,-19.763919830322266,0.0004797426809091,-0.0010841545881703,-0.000301298830891,0.0002254225983051,-0.0005387591081671,-5.184583642403595e-05,0.0005420342786237,122.67619260048984,0.3455667397196896,0.1347162947603133,0.0340342898488798,0.3211637613494267
BH032,496,3867501,4.960000514984131,0.4248717897300562,3944,2,5,SHELF_NORMAL_Y_NEG,-289.01923788646684,22.63576178657993,2802.4752086140675,-14.718341827392578,2.559022188186645,89.13509368896484,-4.072845695191063e-05,-5.004874401492998e-05,0.001123612630181,3.436797487665899e-05,-8.38460837258026e-05,-1.4264960555010475e-06,8.430604066234082e-05,155.22898416481002,0.4372647441262254,0.5641134683592102,0.0507369466757214,0.3232393372116897
BH032,496,3867501,4.960000514984131,0.4248717897300562,3536,1,5,SHELF_NORMAL_Y_POS,160.98076211353316,-21.36871258581148,946.475208614068,-185.88986206054688,-241.81808471679688,-17.971376419067383,-0.0007275174139067,-0.0055763330310583,-0.0009330222383141,-0.0001782332401489,-0.0046714288182556,-0.0007062505465,0.0055689769797027,221.46875087114552,0.6238556362567479,33.37751645947424,0.1626260622689518,0.412287892802365
BH032,496,3867501,4.960000514984131,0.4248717897300562,5009,3,5,SIDE_NORMAL_X_POS,-800.0,24.15470053837925,2637.524791385932,79.9554672241211,-384.0457153320313,-107.64535522460938,0.5078185796737671,-0.7751132845878601,-0.0009940236341208,0.5068666338920593,-0.7731232643127441,0.0003646249824669,1.1330374479293823,468.3514815958314,1.3192999481572716,0.5591748575203679,0.4952852052047249,0.5364470481682623
BH032,496,3867501,4.960000514984131,0.4248717897300562,4371,1,1,SHELF_NORMAL_Y_POS,-796.8452994616207,-25.01400788112261,1906.475208614068,-402.7017822265625,-191.2411193847656,20.46310806274414,-0.002150249434635,-0.0090750660747289,0.0022678666282445,-0.0004739926371257,-0.0087329382076859,0.0020095859654247,0.0107707977294921,350.6921269653806,0.987865146381354,0.0067885026834123,0.3728750472278569,0.4228813935991979
BH032,496,3867501,4.960000514984131,0.4248717897300562,3944,1,1,SHELF_NORMAL_Y_NEG,-289.01923788646684,22.46877624313318,2765.524791385932,19.380922317504883,-83.0302963256836,-41.32001876831055,0.0007693146471865,-0.0013711971696466,-0.0010847999947145,0.000554142112378,-0.0009397337562404,-0.000563348410651,0.001000135205686,118.32533893438074,0.333310813899664,0.5641134683592102,0.0307783881402936,0.3144757115719866
BH032,496,3867501,4.960000514984131,0.4248717897300562,3562,1,1,SHELF_NORMAL_Y_NEG,70.98076211353316,28.89403051151763,717.5247913859318,385.5860900878906,142.26608276367188,28.841047286987305,0.0070329830050468,-0.0046662520617246,0.0016062423819676,0.0053585646674036,-0.0047870054841041,0.0012422207510098,0.006366298533976,341.40279230705346,0.9616980064987422,-62.5026046097852,0.337970427093881,0.3555839809867985
BH032,497,3877986,4.96999979019165,0.4246856601168503,3023,2,1,SHELF_NORMAL_Y_POS,779.9393102292058,-25.04300957874569,1741.5247913859318,20.668649673461918,-106.1282730102539,-19.693403244018555,0.0004803411429747,-0.0010840622708201,-0.0003004090685863,0.0002254225983051,-0.0005387591081671,-5.184583642403595e-05,0.0005420342786237,122.66793346574444,0.3455434745513928,0.1351897796189585,0.03401926542096,0.3211637613494267
BH032,497,3877986,4.96999979019165,0.4246856601168503,3944,2,5,SHELF_NORMAL_Y_NEG,-289.01923788646684,22.63576178657993,2802.4752086140675,-13.224077224731444,4.004006862640381,89.31255340576172,-3.557879972504452e-05,-4.521071241470054e-05,0.0011258515296503,3.436797487665899e-05,-8.38460837258026e-05,-1.4264960555010475e-06,8.430604066234082e-05,155.48007645011228,0.4379720463383444,0.5663400066702384,0.0508806760495516,0.3232393372116897
BH032,497,3877986,4.96999979019165,0.4246856601168503,3536,1,5,SHELF_NORMAL_Y_POS,160.98076211353316,-21.36871258581148,946.475208614068,-185.515380859375,-241.58274841308597,-18.10232162475586,-0.0007260408019647,-0.0055757365189492,-0.0009346756269223,-0.0001782332401489,-0.0046714288182556,-0.0007062505465,0.0055689769797027,221.23279013276812,0.6231909581204736,33.380447718487986,0.1622374286345822,0.412287892802365
BH032,497,3877986,4.96999979019165,0.4246856601168503,5009,3,5,SIDE_NORMAL_X_POS,-800.0,24.15470053837925,2637.524791385932,80.47896575927734,-389.8219299316406,-9.742074012756348,0.5086860060691833,-0.7764472365379333,0.0002378761419095,0.5077226758003235,-0.7744303345680237,0.0003608540573623,1.1346096992492676,435.9990719654181,1.2281663999025862,0.5606159469074534,0.4341196893522798,0.5364470481682623
BH032,497,3877986,4.96999979019165,0.4246856601168503,4371,1,1,SHELF_NORMAL_Y_POS,-796.8452994616207,-25.01400788112261,1906.475208614068,-402.4669189453125,-191.19769287109372,20.6921329498291,-0.0021491735242307,-0.0090752085670828,0.0022707618772983,-0.0004739926371257,-0.0087329382076859,0.0020095859654247,0.0107707977294921,350.5280664131202,0.9874030039806204,0.0067654045786268,0.3725287431650936,0.4228813935991979
BH032,497,3877986,4.96999979019165,0.4246856601168503,3944,1,1,SHELF_NORMAL_Y_NEG,-289.01923788646684,22.46877624313318,2765.524791385932,17.567304611206055,-84.24349212646484,-41.27838516235352,0.0007622806588187,-0.0013744441093876,-0.0010842778719961,0.000554142112378,-0.0009397337562404,-0.000563348410651,0.001000135205686,118.30985795569536,0.333267205509001,0.5663400066702384,0.0308983455852305,0.3144757115719866
BH032,497,3877986,4.96999979019165,0.4246856601168503,3562,1,1,SHELF_NORMAL_Y_NEG,70.98076211353316,28.89403051151763,717.5247913859318,385.9689331054688,143.0100860595703,28.852495193481445,0.0070337732322514,-0.0046631935983896,0.0016063833609223,0.0053585646674036,-0.0047870054841041,0.0012422207510098,0.006366298533976,341.6487247660607,0.9623907739889034,-62.50740555509135,0.3387131909744155,0.3555839809867985
BH032,498,3888472,4.980000019073486,0.4246701612684778,3023,2,1,SHELF_NORMAL_Y_POS,779.9393102292058,-25.04300957874569,1741.5247913859318,20.815488815307617,-106.18895721435548,-19.78779983520508,0.0004811387334484,-0.0010845649521797,-0.0003016004629898,0.0002254225983051,-0.0005387591081671,-5.184583642403595e-05,0.0005420342786237,122.8593721579735,0.3460827384731648,0.1355598071754717,0.0341126973658528,0.3211637613494267
BH032,498,3888472,4.980000019073486,0.4246701612684778,3944,2,5,SHELF_NORMAL_Y_NEG,-289.01923788646684,22.63576178657993,2802.4752086140675,-14.37771224975586,3.0821354389190674,89.08110809326172,-3.983626811532304e-05,-4.800584792974405e-05,0.0011229325318709,3.436797487665899e-05,-8.38460837258026e-05,-1.4264960555010475e-06,8.430604066234082e-05,155.13498535864278,0.4369999587567402,0.5639999592572709,0.0506691207237471,0.3232393372116897
BH032,498,3888472,4.980000019073486,0.4246701612684778,3536,1,5,SHELF_NORMAL_Y_POS,160.98076211353316,-21.36871258581148,946.475208614068,-185.779296875,-241.71910095214844,-17.83357810974121,-0.00072712340625,-0.0055760154500603,-0.0009312879410572,-0.0001782332401489,-0.0046714288182556,-0.0007062505465,0.0055689769797027,221.3363409404921,0.6234826505365975,33.38405243425646,0.1624449506103049,0.412287892802365
BH032,498,3888472,4.980000019073486,0.4246701612684778,5009,3,5,SIDE_NORMAL_X_POS,-800.0,24.15470053837925,2637.524791385932,77.28450012207031,-391.7105407714844,-50.91066360473633,0.5095420479774475,-0.7777785658836365,-0.0003047041827812,0.5085918307304382,-0.7757546305656433,0.0003378795518074,1.1362141370773315,444.3634571527016,1.2517280483174693,0.5620903273501516,0.451597262266381,0.5364470481682623
BH032,498,3888472,4.980000019073486,0.4246701612684778,4371,1,1,SHELF_NORMAL_Y_POS,-796.8452994616207,-25.01400788112261,1906.475208614068,-403.5201110839844,-191.4833831787109,21.800050735473636,-0.00215385411866,-0.0090750511735677,0.0022847407963126,-0.0004739926371257,-0.0087329382076859,0.0020095859654247,0.0107707977294921,351.64285385600147,0.9905432502985956,0.0067969924606751,0.3746818411514838,0.4228813935991979
BH032,498,3888472,4.980000019073486,0.4246701612684778,3944,1,1,SHELF_NORMAL_Y_NEG,-289.01923788646684,22.46877624313318,2765.524791385932,18.77131462097168,-83.45646667480469,-41.29683303833008,0.0007669790065847,-0.0013723751762881,-0.0010845153592526,0.000554142112378,-0.0009397337562404,-0.000563348410651,0.001000135205686,118.32251236572364,0.3333028517344327,0.5639999592572709,0.0308201075517218,0.3144757115719866
BH032,498,3888472,4.980000019073486,0.4246701612684778,3562,1,1,SHELF_NORMAL_Y_NEG,70.98076211353316,28.89403051151763,717.5247913859318,385.7700500488281,142.63201904296875,28.77458953857422,0.0070333620533347,-0.0046647433191537,0.0016053988365456,0.0053585646674036,-0.0047870054841041,0.0012422207510098,0.006366298533976,341.50138250894094,0.9619757253772984,-62.50940951567066,0.3383060292825671,0.3555839809867985
