case,frame_index,time_s,P_over_Pu,steel_element,steel_ip,steel_section_point,panel,uhpc_element,uhpc_ip,pair_distance_mm,uhpc_sigma_x_MPa,uhpc_sigma_y_axial_MPa,uhpc_epsilon_x_star,uhpc_epsilon_y_star,UHPC_epsilon_x_star_with_Poisson,UHPC_epsilon_y_star_with_Poisson,uhpc_PE_x,uhpc_PE_y,PEEQ,PEEQT,PEQC,DAMAGEC,DAMAGET,SDEG,kappa_Ux_Poisson_corrected,kappa_Uy_Poisson_corrected,steel_PEEQ,steel_sigma_VM_over_fy,steel_w_local_mm,q_FEM_W_over_b,R2_after_plane,A_current_normal_mm_s2,actual_A_available,actual_V_available,classification,d_s_raw,spatially_supported_unloading,qualified_scalar_stiffness
BH032,492,4.920000553131104,0.4256918660622806,3536,1,5,SHELF_NORMAL_Y_POS,4986,1,5.056624302436944,-15.990366231606709,-14.258500335660448,0.0009245102406606,-0.0044546431273137,0.0008116085860765,-0.0045795162051416,0.001542130841562,-0.0039624995396632,0.0052934889681637,0.0003164710360579,,0.6216381788253784,0.4926495850086212,0.6366570591926575,0.0014243606812522,0.0045864291013251,0.0055689769797027,0.6240906047411486,33.37299665655274,0.0153022347583749,0.5027505938040322,,0,0,AMBIGUOUS,,False,False
BH032,493,4.929999828338623,0.4254259845548715,3536,1,5,SHELF_NORMAL_Y_POS,4986,1,5.056624302436944,-16.04597009756717,-14.31341163928982,0.0009315021850479,-0.0044474759163674,0.0008180840243832,-0.0045728702875732,0.0015421462578479,-0.0039624871949123,0.0052934889681637,0.0003164710360579,,0.6216381788253784,0.4926495850086212,0.6365635991096497,0.0014243606812522,0.0045864291013251,0.0055689769797027,0.6242447550517786,33.37499648375205,0.0153031197579213,0.5027540211009575,,0,0,ELASTIC_RELOADING,,False,False
BH032,494,4.940000057220459,0.42519944607335,3536,1,5,SHELF_NORMAL_Y_POS,4986,1,5.056624302436944,-16.013768899952904,-14.275747115665006,0.0009321343583286,-0.0044469594460826,0.0008190765635909,-0.0045720312162877,0.001542147302184,-0.003962480026524,0.0052934889681637,0.0003164710360579,,0.6216381788253784,0.4926495850086212,0.6365668773651123,0.0014243606812522,0.0045864291013251,0.0055689769797027,0.6236615055224426,33.37785770649346,0.0153026926097739,0.5027047056272278,,0,0,TRUE_ELASTIC_UNLOADING,-0.0186074018542461,True,False
BH032,495,4.950000286102295,0.424936173090322,3536,1,5,SHELF_NORMAL_Y_POS,4986,1,5.056624302436944,-16.02909083716806,-14.295468669735422,0.0009323839036061,-0.0044476473968171,0.0008191919850067,-0.0045728228787858,0.0015421436289889,-0.0039624819197239,0.0052934889681637,0.0003164710360579,,0.6216381788253784,0.4926495850086212,0.6365863680839539,0.0014243606812522,0.0045864291013251,0.0055689769797027,0.6240566096240476,33.38038500294051,0.0153045584505577,0.5027371705217505,,0,0,ELASTIC_RELOADING,,False,False
BH032,496,4.960000514984131,0.4248717897300562,3536,1,5,SHELF_NORMAL_Y_POS,4986,1,5.056624302436944,-15.97265129192872,-14.214234762594309,0.0009386201630165,-0.0044390683532942,0.0008261805276413,-0.004563662941637,0.0015420937233725,-0.003962424136811,0.0052938116714358,0.000316527497489,,0.621652364730835,0.4926829636096954,0.6369507908821106,0.0014243606812522,0.0045864291013251,0.0055689769797027,0.6238556362567479,33.37751645947424,0.015303782843237,0.5027103179658676,,0,0,TRUE_ELASTIC_UNLOADING,0.0013032820119488,True,False
BH032,497,4.96999979019165,0.4246856601168503,3536,1,5,SHELF_NORMAL_Y_POS,4986,1,5.056624302436944,-15.995034933309082,-14.256017228325025,0.0009413451868315,-0.0044374467887718,0.0008284543615394,-0.0045623584737757,0.0015420958589415,-0.0039624093797622,0.0052939294837415,0.0003165481030009,,0.6216575503349304,0.4926951229572296,0.636768639087677,0.0014243606812522,0.0045864291013251,0.0055689769797027,0.6231909581204736,33.380447718487986,0.0153050566184203,0.5027201126057237,,0,0,TRUE_ELASTIC_UNLOADING,0.000528449481126,False,False
BH032,498,4.980000019073486,0.4246701612684778,3536,1,5,SHELF_NORMAL_Y_POS,4986,1,5.056624302436944,-16.001506612190624,-14.26772433137442,0.000941155802671,-0.0044373510017197,0.0008280390640003,-0.0045624524105342,0.001542105029056,-0.0039623999930864,0.0052939294837415,0.0003165481030009,,0.6216575503349304,0.4926951229572296,0.6367297172546387,0.0014243606812522,0.0045864291013251,0.0055689769797027,0.6234826505365975,33.38405243425646,0.0153051216961741,0.5026957028879052,,0,0,ELASTIC_RELOADING,,False,False
BH032,499,4.990000247955322,0.4243269878489827,3536,1,5,SHELF_NORMAL_Y_POS,4986,1,5.056624302436944,-15.98246445477986,-14.24053085568108,0.0009353891634117,-0.0044426624430163,0.0008225547734315,-0.0045675378486584,0.0015421039756234,-0.0039624027398351,0.0052939294837415,0.0003165481030009,,0.6216575503349304,0.4926951229572296,0.6368369460105896,0.0014243606812522,0.0045864291013251,0.0055689769797027,0.6231871507616082,33.38275809531132,0.0153057242187467,0.5027063354475152,,0,0,TRUE_ELASTIC_UNLOADING,-0.0002322774214522,True,False
BH032,500,5.0,0.4242707957344159,3536,1,5,SHELF_NORMAL_Y_POS,4986,1,5.056624302436944,-15.961895143410135,-14.2570607721229,0.0009334748422405,-0.0044481904011397,0.0008206146421664,-0.0045728351706005,0.0015420908692363,-0.0039623828806194,0.0052939294837415,0.0003165481030009,,0.6216575503349304,0.4926951229572296,0.6367807984352112,0.0014243606812522,0.0045864291013251,0.0055689769797027,0.6238981966117446,33.38385388562833,0.0153062969577194,0.5027114880111674,-4781.709051171357,1,1,ELASTIC_RELOADING,,False,False
BH032,0,0.0,0.0,3562,1,1,SHELF_NORMAL_Y_NEG,1289,6,5.056624327025936,0.0,0.0,-2.435805968045613e-07,4.223939949441153e-07,-2.435805968045613e-07,4.223939949441154e-07,0.0,0.0,0.0,0.0,,0.0,0.0,0.0,2.435805968045613e-07,4.223939949441154e-07,0.0,0.0,0.0,0.0,,0.0,1,1,,,,
BH032,1,0.0100004216656088,3.758334647400553e-08,3562,1,1,SHELF_NORMAL_Y_NEG,1289,6,5.056624327025936,-0.0003429046621855,-0.0010532746379884,-1.7216146178395145e-07,4.427498679673117e-07,-1.8791500768682002e-07,4.31906713602251e-07,0.0,0.0,0.0,0.0,,0.0,0.0,0.0,2.435805968045613e-07,4.31906713602251e-07,0.0,2.2435594803550504e-05,-8.368580137213758e-05,-5.1261794200980594e-09,0.0017074555574889,,0,0,AMBIGUOUS,,False,False
BH032,2,0.0200000535696744,2.418561546540417e-06,3562,1,1,SHELF_NORMAL_Y_NEG,1289,6,5.056624327025936,0.0002985959529123,8.470792349679131e-05,-2.504606878854921e-07,4.20442199471839e-07,-2.47265919037814e-07,4.251154570021124e-07,0.0,0.0,0.0,0.0,,0.0,0.0,0.0,2.47265919037814e-07,4.31906713602251e-07,0.0,3.1141389048005934e-05,-9.31203395281054e-05,-6.889978969263434e-09,0.0040020173887773,,0,0,AMBIGUOUS,,False,False
BH032,3,0.0300005301833152,5.956553901020615e-06,3562,1,1,SHELF_NORMAL_Y_NEG,1289,6,5.056624327025936,-0.000520190361909,-0.0009905631215577,-1.4614272116949212e-07,3.001616687619363e-07,-1.5630981003375905e-07,2.932460045035347e-07,0.0,0.0,0.0,0.0,,0.0,0.0,0.0,2.47265919037814e-07,4.31906713602251e-07,0.0,2.044103077719437e-05,-6.350863498934224e-05,4.096406876659903e-09,0.0016774046674989,,0,0,AMBIGUOUS,,False,False
BH032,4,0.0400013327598571,1.510635299959955e-05,3562,1,1,SHELF_NORMAL_Y_NEG,1289,6,5.056624327025936,0.000227589000195,-0.000189715524554,-2.4882458298417184e-07,4.267653203946684e-07,-2.572336453611881e-07,4.212408515067008e-07,0.0,0.0,0.0,0.0,,0.0,0.0,0.0,2.572336453611881e-07,4.31906713602251e-07,0.0,2.706677850262336e-05,-7.093026034759003e-05,3.822240453270917e-09,0.0014344241347059,,0,0,AMBIGUOUS,,False,False
BH032,5,0.0500013679265975,2.743281033846044e-05,3562,1,1,SHELF_NORMAL_Y_NEG,1289,6,5.056624327025936,0.0001978875719038,-0.0020078752392023,-1.0496625113793497e-07,1.4667088154918905e-07,-1.1424557012297284e-07,1.5263877093584904e-07,0.0,0.0,0.0,0.0,,0.0,0.0,0.0,2.572336453611881e-07,4.31906713602251e-07,0.0,5.186257083975467e-05,-9.874579642674788e-05,2.740579872887088e-08,0.0668834226568355,,0,0,AMBIGUOUS,,False,False
BH032,6,0.0600004978477954,4.84236440560974e-05,3562,1,1,SHELF_NORMAL_Y_NEG,1289,6,5.056624327025936,-0.0007947107150115,-0.0037629363114069,-8.209532286799677e-08,1.871100767612755e-07,-1.18111605522321e-07,1.7161148256129786e-07,0.0,0.0,0.0,0.0,,0.0,0.0,0.0,2.572336453611881e-07,4.31906713602251e-07,0.0,6.974229304897644e-05,-6.656521799924074e-05,4.599748861322911e-08,0.1678226629821272,,0,0,AMBIGUOUS,,False,False
BH032,7,0.0700011625885963,6.89757764392477e-05,3562,1,1,SHELF_NORMAL_Y_NEG,1289,6,5.056624327025936,-0.0035238840018377,-0.0081627220163286,-8.592313222265752e-08,1.763862801079088e-07,-1.5255773099639276e-07,1.4181738189517116e-07,0.0,0.0,0.0,0.0,,0.0,0.0,0.0,2.572336453611881e-07,4.31906713602251e-07,0.0,0.0001326384578057,-0.0001294841318938,6.522672079052965e-08,0.206554369312175,,0,0,AMBIGUOUS,,False,False
BH032,8,0.080000951886177,0.000127376562625,3562,1,1,SHELF_NORMAL_Y_NEG,1289,6,5.056624327025936,0.0039610111693468,-0.0097042432261045,1.528138605394619e-07,6.947735429380235e-07,6.281908919011057e-08,6.992390554281965e-07,0.0,0.0,0.0,0.0,,0.0,0.0,0.0,2.572336453611881e-07,6.992390554281965e-07,0.0,0.000106087996785,-0.0002787880573527,9.925581456317808e-08,0.3331346913534376,,0,0,AMBIGUOUS,,False,False
BH032,9,0.0900012999773025,0.0001570901268403,3562,1,1,SHELF_NORMAL_Y_NEG,1289,6,5.056624327025936,0.0009374264123218,-0.0081740494746544,-3.17587287696022e-07,6.631419238576326e-07,-3.380121864377372e-07,7.056995773300354e-07,0.0,0.0,0.0,0.0,,0.0,0.0,0.0,3.380121864377372e-07,7.056995773300354e-07,0.0,0.0001731295473787,-0.0003234816839179,1.4863744087192284e-07,0.4960898521781245,,0,0,AMBIGUOUS,,False,False
BH032,10,0.1000005528330802,0.0002058092213063,3562,1,1,SHELF_NORMAL_Y_NEG,1289,6,5.056624327025936,0.0093768369294245,-0.0135991056756278,-4.853326772186511e-08,2.0542423314363934e-07,-1.2299780250427966e-07,2.897795781196486e-07,0.0,0.0,0.0,0.0,,0.0,0.0,0.0,3.380121864377372e-07,7.056995773300354e-07,0.0,0.0002242655728202,-0.0003785284490123,2.1548508385104922e-07,0.6496590197708857,,0,0,AMBIGUOUS,,False,False
BH032,11,0.110000230371952,0.0003016485010776,3562,1,1,SHELF_NORMAL_Y_NEG,1289,6,5.056624327025936,0.0070599182817649,-0.0166897678204334,-1.3302142103281726e-07,-2.634629785930678e-07,-2.0958988461713758e-07,-1.7586310506542162e-07,0.0,0.0,0.0,0.0,,0.0,0.0,0.0,3.380121864377372e-07,7.056995773300354e-07,0.0,0.0002986868830332,-0.0005146902781768,2.737109984883963e-07,0.7127902779453017,,0,0,AMBIGUOUS,,False,False
BH032,12,0.1200005337595939,0.0003804823187686,3562,1,1,SHELF_NORMAL_Y_NEG,1289,6,5.056624327025936,0.0088046945628297,-0.0245641276899339,-5.296598465335412e-09,1.1732094468078835e-07,-2.0322583185297646e-07,1.5005177294819408e-07,0.0,0.0,0.0,0.0,,0.0,0.0,0.0,3.380121864377372e-07,7.056995773300354e-07,0.0,0.000463223602436,-0.0007097423732897,3.578548408979644e-07,0.7980210970177315,,0,0,AMBIGUOUS,,False,False
BH032,13,0.1300000846385955,0.0004604194291082,3562,1,1,SHELF_NORMAL_Y_NEG,1289,6,5.056624327025936,-0.0037865483104797,-0.0384274099657523,1.7727497818409086e-07,2.4304638464995004e-07,-1.2308531360301145e-07,1.8213905361358105e-07,0.0,0.0,0.0,0.0,,0.0,0.0,0.0,3.380121864377372e-07,7.056995773300354e-07,0.0,0.0004466073742544,-0.000792359165501,4.600566725801936e-07,0.852770081226759,,0,0,AMBIGUOUS,,False,False
BH032,14,0.1400003582239151,0.0005717144374705,3562,1,1,SHELF_NORMAL_Y_NEG,1289,6,5.056624327025936,-0.0076467077937828,-0.0462070916531276,2.739329861749984e-08,-4.95458181337233e-09,-2.5795838802935746e-07,-2.37598362527778e-08,0.0,0.0,0.0,0.0,,0.0,0.0,0.0,3.380121864377372e-07,7.056995773300354e-07,0.0,0.000667273147141,-0.0010586765990834,5.839873517470187e-07,0.8995745824045884,,0,0,AMBIGUOUS,,False,False
BH032,15,0.1500009447336197,0.0007341739951479,3562,1,1,SHELF_NORMAL_Y_NEG,1289,6,5.056624327025936,0.0058335074087673,-0.0513908626498029,1.956583318312898e-07,6.170986428518415e-07,-1.781872633661053e-07,6.388132093496306e-07,0.0,0.0,0.0,0.0,,0.0,0.0,0.0,3.380121864377372e-07,7.056995773300354e-07,0.0,0.0006876950891318,-0.0013374502472283,7.253145179672543e-07,0.9178471093305725,,0,0,AMBIGUOUS,,False,False
BH032,16,0.160000666975975,0.0008640605224913,3562,1,1,SHELF_NORMAL_Y_NEG,1289,6,5.056624327025936,0.0105507046809658,-0.0603031561370649,4.7482175617568213e-07,-2.959670559357612e-07,1.4016403729173917e-08,-2.6699917692122935e-07,0.0,0.0,0.0,0.0,,0.0,0.0,0.0,3.380121864377372e-07,7.056995773300354e-07,0.0,0.0008985330105927,-0.0014879787761619,8.905603928272607e-07,0.92958709034273,,0,0,AMBIGUOUS,,False,False
BH032,17,0.1700009405612945,0.0010544743615751,3562,1,1,SHELF_NORMAL_Y_NEG,1289,6,5.056624327025936,0.0045001523083505,-0.0803918421024653,3.933194332987247e-07,9.90735871301962e-08,-1.7115804045732824e-07,1.2140713464706338e-07,0.0,0.0,0.0,0.0,,0.0,0.0,0.0,3.380121864377372e-07,7.056995773300354e-07,0.0,0.0011299336568112,-0.0019410874444612,1.0735878608188172e-06,0.9435817816005664,,0,0,AMBIGUOUS,,False,False
BH032,18,0.1800008416175842,0.001232156713675,3562,1,1,SHELF_NORMAL_Y_NEG,1289,6,5.056624327025936,0.0097411803392959,-0.0863829406410497,3.92831902128934e-07,-5.058039720551074e-07,-1.7361375851602248e-07,-4.077971835271694e-07,0.0,0.0,0.0,0.0,,0.0,0.0,0.0,3.380121864377372e-07,7.056995773300354e-07,0.0,0.0013588273934248,-0.0022517562811672,1.2841706370642477e-06,0.9524028090334584,,0,0,AMBIGUOUS,,False,False
BH032,19,0.190000832080841,0.001451524315192,3562,1,1,SHELF_NORMAL_Y_NEG,1289,6,5.056624327025936,0.0055354599800425,-0.0917831291666156,6.480874298875277e-07,4.140968653666142e-07,2.377933179435954e-09,4.4109651022528286e-07,0.0,0.0,0.0,0.0,,0.0,0.0,0.0,3.380121864377372e-07,7.056995773300354e-07,0.0,0.0014685890226252,-0.0026965199459656,1.5222725758302013e-06,0.9593786036250328,,0,0,AMBIGUOUS,,False,False
BH032,20,0.2000001817941665,0.0016677185669085,3562,1,1,SHELF_NORMAL_Y_NEG,1289,6,5.056624327025936,0.0052030282966118,-0.1263043788627729,5.503930646307026e-07,-5.994182912526905e-08,-2.967330314284128e-07,1.96945149339074e-09,0.0,0.0,0.0,0.0,,0.0,0.0,0.0,3.380121864377372e-07,7.056995773300354e-07,0.0,0.0016975169117102,-0.0030210114838212,1.7752884841738968e-06,0.9588513029228606,,0,0,AMBIGUOUS,,False,False
BH032,21,0.2100008875131607,0.0019480210638481,3562,1,1,SHELF_NORMAL_Y_NEG,1289,6,5.056624327025936,-0.0006681380375778,-0.1411492722818116,5.864233134447157e-07,-1.7283040316437198e-07,-4.337703185479075e-07,-2.21956286924964e-07,0.0,0.0,0.0,0.0,,0.0,0.0,0.0,4.337703185479075e-07,7.056995773300354e-07,0.0,0.002001092619949,-0.0035423673811768,2.065438957467529e-06,0.9632969935637606,,0,0,AMBIGUOUS,,False,False
BH032,22,0.2200004607439041,0.0022296206012666,3562,1,1,SHELF_NORMAL_Y_NEG,1289,6,5.056624327025936,0.0135165594993202,-0.158471407787558,1.04892424245996e-06,4.192332850203289e-07,-5.2156314311430544e-08,5.070096449785101e-07,0.0,0.0,0.0,0.0,,0.0,0.0,0.0,4.337703185479075e-07,7.056995773300354e-07,0.0,0.0022061501274971,-0.0041446398054713,2.3790308485672746e-06,0.9642633055739852,,0,0,AMBIGUOUS,,False,False
BH032,23,0.2300004065036773,0.0025162200585375,3562,1,1,SHELF_NORMAL_Y_NEG,1289,6,5.056624327025936,0.0221659856074748,-0.1672817547092691,8.099974992763212e-07,-4.96023902921602e-08,-3.039231695306431e-07,1.460235329521025e-07,0.0,0.0,0.0,0.0,,0.0,0.0,0.0,4.337703185479075e-07,7.056995773300354e-07,0.0,0.0024691611559348,-0.004583601551658,2.7171186399128467e-06,0.9649251976132484,,0,0,AMBIGUOUS,,False,False
BH032,24,0.2400002628564834,0.0028804610719441,3562,1,1,SHELF_NORMAL_Y_NEG,1289,6,5.056624327025936,0.0169254015297048,-0.1964174682341462,1.3933681615644844e-06,3.5227678766711613e-07,2.096165232029652e-08,4.5459057632973094e-07,0.0,0.0,0.0,0.0,,0.0,0.0,0.0,4.337703185479075e-07,7.056995773300354e-07,0.0,0.0029287046316352,-0.0054165949859546,3.0941476081630395e-06,0.9658958326726642,,0,0,AMBIGUOUS,,False,False
BH032,25,0.2500005662441253,0.0032444186036879,3562,1,1,SHELF_NORMAL_Y_NEG,1289,6,5.056624327025936,0.0028775696550113,-0.2348199408381106,1.2647245362584511e-06,8.62845759530114e-07,-3.523096131989706e-07,8.888819591034892e-07,0.0,0.0,0.0,0.0,,0.0,0.0,0.0,4.337703185479075e-07,8.888819591034892e-07,0.0,0.0033611426372887,-0.0058668890108628,3.482794433560844e-06,0.9656406846527412,5281.126657901736,1,1,AMBIGUOUS,,False,False
BH032,26,0.2600001990795135,0.0036284824673401,3562,1,1,SHELF_NORMAL_Y_NEG,1289,6,5.056624327025936,0.0108346040830632,-0.2595748541556769,1.6663547029235038e-06,-3.9946571960287056e-10,-1.244086891599212e-07,7.802694569056452e-08,0.0,0.0,0.0,0.0,,0.0,0.0,0.0,4.337703185479075e-07,8.888819591034892e-07,0.0,0.003690831535374,-0.006852056698933,3.935791535791241e-06,0.9678159184745044,,0,0,AMBIGUOUS,,False,False
BH032,27,0.270000010728836,0.0040746785996643,3562,1,1,SHELF_NORMAL_Y_NEG,1289,6,5.056624327025936,0.0264089250437657,-0.2876179370085117,1.9755142140812174e-06,5.644022943207241e-07,-8.652093542098613e-08,6.730597396499302e-07,0.0,0.0,0.0,0.0,,0.0,0.0,0.0,4.337703185479075e-07,8.888819591034892e-07,0.0,0.0040389213759613,-0.0074694426589451,4.396954935582285e-06,0.9675432155945844,,0,0,AMBIGUOUS,,False,False
BH032,28,0.2800003588199615,0.004505091077076,3562,1,1,SHELF_NORMAL_Y_NEG,1289,6,5.056624327025936,0.0242242496237955,-0.3096932248542874,1.851791273862452e-06,2.05242140402478e-07,-2.628987507841577e-07,3.98737423208055e-07,0.0,0.0,0.0,0.0,,0.0,0.0,0.0,4.337703185479075e-07,8.888819591034892e-07,0.0,0.0045604736071295,-0.0083684552390646,4.9023907471835e-06,0.9684663811407253,,0,0,AMBIGUOUS,,False,False
BH032,29,0.2900010645389557,0.0050145708354011,3562,1,1,SHELF_NORMAL_Y_NEG,1289,6,5.056624327025936,0.016797009405204,-0.359713299229621,2.105359717033397e-06,-1.5853339016680836e-07,-2.624940891908083e-07,7.621862366537712e-08,0.0,0.0,0.0,0.0,,0.0,0.0,0.0,4.337703185479075e-07,8.888819591034892e-07,0.0,0.0051332115380253,-0.0092611272224145,5.452478398666989e-06,0.9687148239184766,,0,0,AMBIGUOUS,,False,False
BH032,30,0.3000000417232513,0.005517258513247,3562,1,1,SHELF_NORMAL_Y_NEG,1289,6,5.056624327025936,0.0120483114452268,-0.3934401085631183,2.6030895093496256e-06,2.158065247308616e-09,-9.089847856006755e-08,1.1108542301741737e-07,0.0,0.0,0.0,0.0,,0.0,0.0,0.0,4.337703185479075e-07,8.888819591034892e-07,0.0,0.0055055132702373,-0.0101227200589819,6.004383712812941e-06,0.9682736024670512,,0,0,AMBIGUOUS,,False,False
BH032,31,0.3100012242794037,0.0060779233941586,3562,1,1,SHELF_NORMAL_Y_NEG,1289,6,5.056624327025936,0.0119957165987786,-0.4371739119033947,3.1795140926707617e-06,1.5131436993069065e-07,1.2636304764424316e-07,2.0302250809892362e-07,0.0,0.0,0.0,0.0,,0.0,0.0,0.0,4.337703185479075e-07,8.888819591034892e-07,0.0,0.006187038716908,-0.0112923929498318,6.63331832267236e-06,0.9694402991256807,,0,0,AMBIGUOUS,,False,False
BH032,32,0.3200008571147918,0.0066475610208589,3562,1,1,SHELF_NORMAL_Y_NEG,1289,6,5.056624327025936,0.0299954841210708,-0.4759444827110438,3.182585292609383e-06,-3.405731544561827e-07,-4.2829056954597017e-08,-6.870662730047761e-08,0.0,0.0,0.0,0.0,,0.0,0.0,0.0,4.337703185479075e-07,8.888819591034892e-07,0.0,0.0067971169179509,-0.012284166227682,7.269232005519183e-06,0.969075434581408,,0,0,AMBIGUOUS,,False,False
BH032,33,0.3300012648105621,0.0072586805030445,3562,1,1,SHELF_NORMAL_Y_NEG,1289,6,5.056624327025936,0.0417356924088563,-0.5084380653558105,3.247207509675846e-06,-4.506365955479476e-07,-1.8078796104779035e-07,-7.558765776006487e-08,0.0,0.0,0.0,0.0,,0.0,0.0,0.0,4.337703185479075e-07,8.888819591034892e-07,0.0,0.0073030380010753,-0.013411187129984,7.967146745995216e-06,0.9704344103043384,,0,0,AMBIGUOUS,,False,False
BH032,34,0.3400005400180816,0.0079175712446819,3562,1,1,SHELF_NORMAL_Y_NEG,1289,6,5.056624327025936,0.0290543681383658,-0.5651652727208408,3.876821022997143e-06,1.5355920348340173e-07,-4.8348371762480695e-08,3.358988469210635e-07,0.0,0.0,0.0,0.0,,0.0,0.0,0.0,4.337703185479075e-07,8.888819591034892e-07,0.0,0.0080549642873731,-0.0147182000662097,8.675395445799879e-06,0.9698358959635612,,0,0,AMBIGUOUS,,False,False
BH032,35,0.3500011265277862,0.0086236956268978,3562,1,1,SHELF_NORMAL_Y_NEG,1289,6,5.056624327025936,0.0432400401087314,-0.6009403162531817,4.037787146787386e-06,-2.399687844187508e-07,-1.500847786350165e-07,2.5018896347179863e-08,0.0,0.0,0.0,0.0,,0.0,0.0,0.0,4.337703185479075e-07,8.888819591034892e-07,0.0,0.0085673840432436,-0.0159641790264415,9.479884021293527e-06,0.9703127324489914,,0,0,AMBIGUOUS,,False,False
BH032,36,0.3600009381771087,0.0093749567030197,3562,1,1,SHELF_NORMAL_Y_NEG,1289,6,5.056624327025936,0.0326164557082657,-0.666801008873756,4.731396964070144e-06,-1.1626197499717333e-07,1.5986397589219613e-07,1.4688797172364898e-07,0.0,0.0,0.0,0.0,,0.0,0.0,0.0,4.337703185479075e-07,8.888819591034892e-07,0.0,0.009487150445166,-0.0173740999358249,1.0264815884358662e-05,0.9697472866441904,,0,0,AMBIGUOUS,,False,False
BH032,37,0.3700006902217865,0.0101412281839962,3562,1,1,SHELF_NORMAL_Y_NEG,1289,6,5.056624327025936,0.0441209750200823,-0.719130276129478,4.5596124110423234e-06,3.977523720944521e-07,-3.78242111659881e-07,7.358281568776886e-07,0.0,0.0,0.0,0.0,,0.0,0.0,0.0,4.337703185479075e-07,8.888819591034892e-07,0.0,0.0102496605130831,-0.0187227381071989,1.111574941235482e-05,0.9698479187696276,,0,0,AMBIGUOUS,,False,False
BH032,38,0.3800011575222015,0.0109359944222498,3562,1,1,SHELF_NORMAL_Y_NEG,1289,6,5.056624327025936,0.04157010604181,-0.7939811457385594,5.262708091632802e-06,-1.2275183560003284e-07,-3.123971375101009e-07,7.784283235638983e-08,0.0,0.0,0.0,0.0,,0.0,0.0,0.0,4.337703185479075e-07,8.888819591034892e-07,0.0,0.0110259113804431,-0.0202549364664047,1.2030027641352311e-05,0.970517228218313,,0,0,AMBIGUOUS,,False,False
BH032,39,0.3900003135204315,0.0117767511080669,3562,1,1,SHELF_NORMAL_Y_NEG,1289,6,5.056624327025936,0.0556273491733053,-0.8462114922430503,6.009290719606015e-06,-1.4961497493500125e-07,1.910153043556598e-07,2.660186518631864e-07,0.0,0.0,0.0,0.0,,0.0,0.0,0.0,4.337703185479075e-07,8.888819591034892e-07,0.0,0.0119666995271802,-0.0219171122378181,1.2955658797727051e-05,0.9704176050400556,,0,0,AMBIGUOUS,,False,False
BH032,40,0.4000013768672943,0.0126616271249512,3562,1,1,SHELF_NORMAL_Y_NEG,1289,6,5.056624327025936,0.0396560066968928,-0.8953429890704164,5.891447877778552e-06,-3.616264272667945e-07,-3.1961119125457736e-07,-1.0955879744755879e-07,0.0,0.0,0.0,0.0,,0.0,0.0,0.0,4.337703185479075e-07,8.888819591034892e-07,0.0,0.0128003064552947,-0.0233435113675739,1.3958994491023722e-05,0.9705511354041748,,0,0,AMBIGUOUS,,False,False
BH032,41,0.410001128911972,0.0136090458856199,3562,1,1,SHELF_NORMAL_Y_NEG,1289,6,5.056624327025936,0.0629534168477135,-0.976657926388476,6.649493956008668e-06,4.5885151237398654e-08,-6.345263393153712e-08,5.191920859713113e-07,0.0,0.0,0.0,0.0,,0.0,0.0,0.0,4.337703185479075e-07,8.888819591034892e-07,0.0,0.0138654914546391,-0.0254119017523243,1.4992792573721176e-05,0.9707206958454636,,0,0,AMBIGUOUS,,False,False
BH032,42,0.4200007021427154,0.0145670825592122,3562,1,1,SHELF_NORMAL_Y_NEG,1289,6,5.056624327025936,0.0606772337131843,-1.04191163687079,7.054292579645962e-06,-2.274696163437436e-07,-1.5782211412997716e-07,1.819977446082573e-07,0.0,0.0,0.0,0.0,,0.0,0.0,0.0,4.337703185479075e-07,8.888819591034892e-07,0.0,0.0146961351189934,-0.0270126977054044,1.6061032079542772e-05,0.9709406894036128,,0,0,AMBIGUOUS,,False,False
BH032,43,0.4300008118152618,0.0156102279258219,3562,1,1,SHELF_NORMAL_Y_NEG,1289,6,5.056624327025936,0.0640268267376152,-1.119642769135455,7.63045639143072e-06,-1.2446107250878017e-07,-1.0139307316902476e-07,3.257373606315928e-07,0.0,0.0,0.0,0.0,,0.0,0.0,0.0,4.337703185479075e-07,8.888819591034892e-07,0.0,0.0158227312748157,-0.028920597622018,1.7220017077223246e-05,0.970941509778921,,0,0,AMBIGUOUS,,False,False
BH032,44,0.4400002658367157,0.0166906098926845,3562,1,1,SHELF_NORMAL_Y_NEG,1289,6,5.056624327025936,0.0692835112993235,-1.1892111134696146,8.052882553402784e-06,-7.514584722549997e-07,-1.588134453476143e-07,-2.638828712201154e-07,0.0,0.0,0.0,0.0,,0.0,0.0,0.0,4.337703185479075e-07,8.888819591034892e-07,0.0,0.0169289869800301,-0.0309932489375444,1.8383927089806e-05,0.9708838505342432,,0,0,AMBIGUOUS,,False,False
BH032,45,0.4500011503696441,0.017781796830458,3562,1,1,SHELF_NORMAL_Y_NEG,1289,6,5.056624327025936,0.0758522649500116,-1.258004790358488,8.525823683466708e-06,-1.609710316853626e-07,-2.2296430497808454e-07,3.104510396060265e-07,0.0,0.0,0.0,0.0,,0.0,0.0,0.0,4.337703185479075e-07,8.888819591034892e-07,0.0,0.0179243039260766,-0.0329616270748717,1.9619277392039737e-05,0.9712956667301442,,0,0,AMBIGUOUS,,False,False
BH032,46,0.4600003659725189,0.0189281729411429,3562,1,1,SHELF_NORMAL_Y_NEG,1289,6,5.056624327025936,0.0800353185205848,-1.3454848821152705,9.247036535709128e-06,-7.459639753481471e-07,-7.9782273672213e-08,-2.1895651305305907e-07,0.0,0.0,0.0,0.0,,0.0,0.0,0.0,4.337703185479075e-07,8.888819591034892e-07,0.0,0.0191628768251388,-0.0353519910344533,2.089547008013982e-05,0.971353108442452,,0,0,AMBIGUOUS,,False,False
BH032,47,0.4700005352497101,0.0201345272101862,3562,1,1,SHELF_NORMAL_Y_NEG,1289,6,5.056624327025936,0.0775956221249905,-1.4315048226636728,9.930924935774748e-06,-2.7992608640252576e-07,3.399940734301878e-08,2.547182800182558e-07,0.0,0.0,0.0,0.0,,0.0,0.0,0.0,4.337703185479075e-07,8.888819591034892e-07,0.0,0.0204002297973511,-0.0373205769780247,2.2241411705619184e-05,0.9713807998746996,,0,0,AMBIGUOUS,,False,False
BH032,48,0.4800002872943878,0.0213925730820901,3562,1,1,SHELF_NORMAL_Y_NEG,1289,6,5.056624327025936,0.0774701604759764,-1.5321171926235693,1.0523349191216326e-05,-5.094853419929251e-07,-4.73560070183238e-08,4.598931990752123e-08,0.0,0.0,0.0,0.0,,0.0,0.0,0.0,4.337703185479075e-07,8.888819591034892e-07,0.0,0.0216773781497905,-0.0398786505689012,2.364580953429922e-05,0.9714186511172392,,0,0,AMBIGUOUS,,False,False
BH032,49,0.4900000393390655,0.0226739938202897,3562,1,1,SHELF_NORMAL_Y_NEG,1289,6,5.056624327025936,0.0983383006588935,-1.6075566742779708,1.0868892861553042e-05,-3.169204871881758e-07,-2.618117305827119e-07,3.442756690875688e-07,0.0,0.0,0.0,0.0,,0.0,0.0,0.0,4.337703185479075e-07,8.888819591034892e-07,0.0,0.0230359572778301,-0.0422590207256168,2.505977640578074e-05,0.97171015065487,,0,0,AMBIGUOUS,,False,False
BH032,50,0.5000011324882507,0.0239955500551157,3562,1,1,SHELF_NORMAL_Y_NEG,1289,6,5.056624327025936,0.1076911786796718,-1.696011280754684,1.1491745983669164e-05,4.602148796465256e-08,-1.894280610913638e-07,8.32836794132848e-07,0.0,0.0,0.0,0.0,,0.0,0.0,0.0,4.337703185479075e-07,8.888819591034892e-07,0.0,0.0243024300786733,-0.04470150500623,2.656303230410059e-05,0.9718024139205808,8996.266651388585,1,1,AMBIGUOUS,,False,False
BH032,51,0.5100001692771912,0.0254358130792536,3562,1,1,SHELF_NORMAL_Y_NEG,1289,6,5.056624327025936,0.1076559942177657,-1.8057240652547115,1.249088221522936e-05,-1.0517365118310903e-06,5.4145608833673856e-08,-2.623436748686321e-07,0.0,0.0,0.0,0.0,,0.0,0.0,0.0,4.337703185479075e-07,8.888819591034892e-07,0.0,0.0256585062110205,-0.0475029676800415,2.812264821560656e-05,0.9719082303139333,,0,0,AMBIGUOUS,,False,False
BH032,52,0.5200014114379883,0.0268654461268165,3562,1,1,SHELF_NORMAL_Y_NEG,1289,6,5.056624327025936,0.12082564754997,-1.9030869726189168,1.3174162511665606e-05,-1.0478981580787995e-06,-5.835295773140667e-08,-2.902342253867249e-07,0.0,0.0,0.0,0.0,,0.0,0.0,0.0,4.337703185479075e-07,8.888819591034892e-07,0.0,0.0272078437373197,-0.0500378688211644,2.974267309258012e-05,0.9720108179845268,,0,0,AMBIGUOUS,,False,False
BH032,53,0.5300014019012451,0.0283303165536909,3562,1,1,SHELF_NORMAL_Y_NEG,1289,6,5.056624327025936,0.1298277586828125,-2.0058185573746,1.3836636841616786e-05,-5.426264461256685e-07,-4.5239308915054654e-08,3.3802954198821586e-07,0.0,0.0,0.0,0.0,,0.0,0.0,0.0,4.337703185479075e-07,8.888819591034892e-07,0.0,0.0286856042604075,-0.0529218704745577,3.140279038337955e-05,0.9720573036920128,,0,0,AMBIGUOUS,,False,False
BH032,54,0.5400002598762512,0.0299142968453197,3562,1,1,SHELF_NORMAL_Y_NEG,1289,6,5.056624327025936,0.1214239250704596,-2.1227075086635376,1.445975684109846e-05,-7.348074539017318e-07,-2.0557725737968609e-07,1.1228771306249619e-07,0.0,0.0,0.0,0.0,,0.0,0.0,0.0,4.337703185479075e-07,8.888819591034892e-07,0.0,0.0302562763966255,-0.0558411764251085,3.312834740783511e-05,0.9723621595595788,,0,0,AMBIGUOUS,,False,False
BH032,55,0.5500006675720215,0.0314856624516114,3562,1,1,SHELF_NORMAL_Y_NEG,1289,6,5.056624327025936,0.1400808687519538,-2.232728871060268,1.5253600666326792e-05,-6.180890051231161e-07,-1.12422923671068e-07,4.177980487423034e-07,0.0,0.0,0.0,0.0,,0.0,0.0,0.0,4.337703185479075e-07,8.888819591034892e-07,0.0,0.0318881952249519,-0.0588504976764333,3.4910656215386374e-05,0.9722639197864978,,0,0,AMBIGUOUS,,False,False
BH032,56,0.5600007176399231,0.0331381715878672,3562,1,1,SHELF_NORMAL_Y_NEG,1289,6,5.056624327025936,0.133473773658206,-2.3607984347261324,1.6115889266013037e-05,-7.813407870245405e-07,-2.0325970275917362e-07,1.410232053853172e-07,0.0,0.0,0.0,0.0,,0.0,0.0,0.0,4.337703185479075e-07,8.888819591034892e-07,0.0,0.0335780349833488,-0.0620473326856962,3.6759163890455e-05,0.9726739516735446,,0,0,AMBIGUOUS,,False,False
BH032,57,0.5700010061264038,0.034807944500197,3562,1,1,SHELF_NORMAL_Y_NEG,1289,6,5.056624327025936,0.1409597594156252,-2.479764725819846,1.7062207105543463e-05,-1.0145673762885577e-07,-1.0292504423283678e-07,8.49018153393019e-07,0.0,0.0,0.0,0.0,,0.0,0.0,0.0,4.337703185479075e-07,8.888819591034892e-07,0.0,0.0352246789818042,-0.0651392591347353,3.866268728008829e-05,0.9726642867678346,,0,0,AMBIGUOUS,,False,False
BH032,58,0.580001175403595,0.0365971103756832,3562,1,1,SHELF_NORMAL_Y_NEG,1289,6,5.056624327025936,0.1461486181159218,-2.606545697543848,1.7922292975625343e-05,-1.1437139615046282e-06,-1.3864630329306384e-07,-1.7681234876566109e-07,0.0,0.0,0.0,0.0,,0.0,0.0,0.0,4.337703185479075e-07,8.888819591034892e-07,0.0,0.0370121785308044,-0.0685506413616652,4.061764882536634e-05,0.9728766147318316,,0,0,AMBIGUOUS,,False,False
BH032,59,0.590001106262207,0.038399949261707,3562,1,1,SHELF_NORMAL_Y_NEG,1289,6,5.056624327025936,0.157474637635065,-2.736363919408681,1.8745625268570987e-05,-1.056192041890011e-06,-1.5002663343255748e-07,5.1648385901911504e-08,0.0,0.0,0.0,0.0,,0.0,0.0,0.0,4.337703185479075e-07,8.888819591034892e-07,0.0,0.0388476060115409,-0.0719519486233852,4.263292537341103e-05,0.9731205597051764,,0,0,AMBIGUOUS,,False,False
BH032,60,0.6000012755393982,0.0402430336423061,3562,1,1,SHELF_NORMAL_Y_NEG,1289,6,5.056624327025936,0.1786469349473098,-2.8529657207667247,1.97046495666182e-05,-8.704850251625809e-07,-7.833983159975853e-08,3.023734271773485e-07,0.0,0.0,0.0,0.0,,0.0,0.0,0.0,4.337703185479075e-07,8.888819591034892e-07,0.0,0.0407393624212581,-0.075497401359522,4.470838798050299e-05,0.973336955914454,,0,0,AMBIGUOUS,,False,False
BH032,61,0.6100014448165894,0.0422066217448756,3562,1,1,SHELF_NORMAL_Y_NEG,1289,6,5.056624327025936,0.1683700999975976,-3.002086353987269,2.073377167133191e-05,-8.610479570938937e-07,-3.080351902837427e-08,2.899744607361257e-07,0.0,0.0,0.0,0.0,,0.0,0.0,0.0,4.337703185479075e-07,8.888819591034892e-07,0.0,0.0427539607089007,-0.0791597343800179,4.684354214102044e-05,0.97365549552427,,0,0,AMBIGUOUS,,False,False
BH032,62,0.6200001239776611,0.0441757540041041,3562,1,1,SHELF_NORMAL_Y_NEG,1289,6,5.056624327025936,0.1898404832055014,-3.135083522303993,2.1736245536484763e-05,-8.274929623063758e-07,6.046948278329684e-08,4.800766441960308e-07,0.0,0.0,0.0,0.0,,0.0,0.0,0.0,4.337703185479075e-07,8.888819591034892e-07,0.0,0.0447345202770397,-0.0828927600416948,4.904267063750639e-05,0.9737867387040896,,0,0,AMBIGUOUS,,False,False
BH032,63,0.6300002932548523,0.046194124641131,3562,1,1,SHELF_NORMAL_Y_NEG,1289,6,5.056624327025936,0.1902263383411042,-3.2900526093563025,2.287477225933684e-05,-5.86446401248456e-07,2.3994669183792744e-08,6.200037576589425e-07,0.0,0.0,0.0,0.0,,0.0,0.0,0.0,4.337703185479075e-07,8.888819591034892e-07,0.0,0.0467313677426938,-0.0868241018796978,5.130540164985606e-05,0.9742272115830788,,0,0,AMBIGUOUS,,False,False
BH032,64,0.6400004625320435,0.0482368961433459,3562,1,1,SHELF_NORMAL_Y_NEG,1289,6,5.056624327025936,0.205480659809497,-3.443109368211338,2.409848796426538e-05,-1.4921646444728654e-06,2.2253730161932305e-07,-1.474469106615105e-07,0.0,0.0,0.0,0.0,,0.0,0.0,0.0,4.337703185479075e-07,8.888819591034892e-07,0.0,0.0487941848022944,-0.0907773558253581,5.361027459756086e-05,0.9743265756366248,,0,0,AMBIGUOUS,,False,False
BH032,65,0.6500006318092346,0.0503650606881482,3562,1,1,SHELF_NORMAL_Y_NEG,1289,6,5.056624327025936,0.2070129521078428,-3.5729589788168625,2.458453995382448e-05,-1.1220889350536104e-06,-7.707618915140586e-08,3.451331541689493e-07,0.0,0.0,0.0,0.0,,0.0,0.0,0.0,4.337703185479075e-07,8.888819591034892e-07,0.0,0.0509953973264116,-0.094780051873292,5.601659830722154e-05,0.974741858769282,,0,0,AMBIGUOUS,,False,False
BH032,66,0.6600008010864258,0.0526023667010388,3562,1,1,SHELF_NORMAL_Y_NEG,1289,6,5.056624327025936,0.2302374739776105,-3.733279962632588,2.5970253991099183e-05,-1.2569205493001477e-06,1.6338076075863458e-07,3.3379218771093574e-07,0.0,0.0,0.0,0.0,,0.0,0.0,0.0,4.337703185479075e-07,8.888819591034892e-07,0.0,0.0532285800811984,-0.0992429827379442,5.841611993958989e-05,0.9752100896349224,,0,0,AMBIGUOUS,,False,False
BH032,67,0.6700009703636169,0.0548499343749948,3562,1,1,SHELF_NORMAL_Y_NEG,1289,6,5.056624327025936,0.2239136934652409,-3.905766451569936,2.717264012723826e-05,-8.689128975967152e-07,1.638822899416523e-07,6.685053828613612e-07,0.0,0.0,0.0,0.0,,0.0,0.0,0.0,4.337703185479075e-07,8.888819591034892e-07,0.0,0.0554945562253104,-0.1033652720551782,6.093166700816329e-05,0.9754532228595768,,0,0,AMBIGUOUS,,False,False
BH032,68,0.6800011396408081,0.0571516100119179,3562,1,1,SHELF_NORMAL_Y_NEG,1289,6,5.056624327025936,0.2429892757889611,-4.066442755004318,2.827980679802461e-05,-1.364818840066684e-06,8.161566031869345e-08,2.256906959136496e-07,0.0,0.0,0.0,0.0,,0.0,0.0,0.0,4.337703185479075e-07,8.888819591034892e-07,0.0,0.0579315641370601,-0.1078908456521811,6.349487276082085e-05,0.9758400486224226,,0,0,AMBIGUOUS,,False,False
BH032,69,0.6900013089179993,0.0595037691238824,3562,1,1,SHELF_NORMAL_Y_NEG,1289,6,5.056624327025936,0.248804699380111,-4.227104126928921,2.927738262124318e-05,-1.760785049413372e-06,9.703224858846617e-08,-1.6734890563422941e-09,0.0,0.0,0.0,0.0,,0.0,0.0,0.0,4.337703185479075e-07,8.888819591034892e-07,0.0,0.0603054349873397,-0.1124670634330063,6.610746350723148e-05,0.9762982781763896,,0,0,AMBIGUOUS,,False,False
BH032,70,0.699999988079071,0.0619285679905122,3562,1,1,SHELF_NORMAL_Y_NEG,1289,6,5.056624327025936,0.2649407916366351,-4.4000489043892985,3.0250263495109192e-05,-1.4540945328118254e-06,-1.7174227904745434e-07,3.703722462407066e-07,0.0,0.0,0.0,0.0,,0.0,0.0,0.0,4.337703185479075e-07,8.888819591034892e-07,0.0,0.0627207272244031,-0.117205344388597,6.882087375105001e-05,0.97661215910577,,0,0,AMBIGUOUS,,False,False
BH032,71,0.7100001573562622,0.0644184868988798,3562,1,1,SHELF_NORMAL_Y_NEG,1289,6,5.056624327025936,0.2729101148870413,-4.579524604194668,3.1681674099577086e-05,-1.587577426808242e-06,-2.401047080172788e-09,2.705229041195903e-07,0.0,0.0,0.0,0.0,,0.0,0.0,0.0,4.337703185479075e-07,8.888819591034892e-07,0.0,0.0652097062571703,-0.1219433739402983,7.156960931629712e-05,0.9770777803698726,,0,0,AMBIGUOUS,,False,False
BH032,72,0.7200003266334534,0.0669499238242739,3562,1,1,SHELF_NORMAL_Y_NEG,1289,6,5.056624327025936,0.2932204324658055,-4.7508684565115376,3.30420829601502e-05,-1.9638779888271304e-06,2.281239187250112e-07,8.913685669640466e-08,0.0,0.0,0.0,0.0,,0.0,0.0,0.0,4.337703185479075e-07,8.888819591034892e-07,0.0,0.0676932024212984,-0.1269314995659299,7.436716171357336e-05,0.9774845020357388,,0,0,AMBIGUOUS,,False,False
BH032,73,0.7300004959106445,0.0695442774057586,3562,1,1,SHELF_NORMAL_Y_NEG,1289,6,5.056624327025936,0.3063094898619697,-4.937651896887049,3.420721068919187e-05,-1.6480291104987153e-06,1.0320369278213285e-08,4.036615840306309e-07,0.0,0.0,0.0,0.0,,0.0,0.0,0.0,4.337703185479075e-07,8.888819591034892e-07,0.0,0.0704088808121555,-0.1321314890753778,7.727556501621941e-05,0.977924497148594,,0,0,AMBIGUOUS,,False,False
BH032,74,0.7400006651878357,0.0722135500640371,3562,1,1,SHELF_NORMAL_Y_NEG,1289,6,5.056624327025936,0.2989799015296664,-5.134231320015542,3.54064301887259e-05,-1.9114812198507946e-06,-9.826407255198393e-08,1.405841148648568e-07,0.0,0.0,0.0,0.0,,0.0,0.0,0.0,4.337703185479075e-07,8.888819591034892e-07,0.0,0.0731795526532865,-0.1370719771483942,8.021392415954822e-05,0.978243626955336,,0,0,AMBIGUOUS,,False,False
BH032,75,0.7500008344650269,0.0749421044453527,3562,1,1,SHELF_NORMAL_Y_NEG,1289,6,5.056624327025936,0.3258236771532908,-5.316406362214478,3.685700223811378e-05,-2.040288144112819e-06,8.061382703648085e-08,1.8491357876363455e-07,0.0,0.0,0.0,0.0,,0.0,0.0,0.0,4.337703185479075e-07,8.888819591034892e-07,0.0,0.0758551506491843,-0.1425468724749266,8.324761544245396e-05,0.9786568184924084,-5101.054595275322,1,1,AMBIGUOUS,,False,False
BH032,76,0.760001003742218,0.0777224682094641,3562,1,1,SHELF_NORMAL_Y_NEG,1289,6,5.056624327025936,0.317968614724969,-5.529079792346439,3.831703491878477e-05,-1.4667622736400316e-06,3.591081847118411e-08,6.694989284727448e-07,0.0,0.0,0.0,0.0,,0.0,0.0,0.0,4.337703185479075e-07,8.888819591034892e-07,0.0,0.0787369230794421,-0.1480442988193248,8.633518093334619e-05,0.9790936256600974,,0,0,AMBIGUOUS,,False,False
BH032,77,0.7700011730194092,0.0805700676964747,3562,1,1,SHELF_NORMAL_Y_NEG,1289,6,5.056624327025936,0.3489033673321945,-5.715186963308623,3.9380693970241934e-05,-1.915111903146293e-06,-2.062488574841576e-07,4.1562036573382875e-07,0.0,0.0,0.0,0.0,,0.0,0.0,0.0,4.337703185479075e-07,8.888819591034892e-07,0.0,0.0816565405721655,-0.1533879104745295,8.944698060970738e-05,0.9794308713209172,,0,0,AMBIGUOUS,,False,False
BH032,78,0.7800013422966003,0.0834784871897777,3562,1,1,SHELF_NORMAL_Y_NEG,1289,6,5.056624327025936,0.3601721224388576,-5.929401040736261,4.0937853342452525e-05,-1.4628606543758452e-06,-7.752612122689292e-08,9.980720698124317e-07,0.0,0.0,0.0,0.0,,0.0,0.0,0.0,4.337703185479075e-07,9.980720698124317e-07,0.0,0.0844962026459623,-0.1594071616655614,9.272760641360842e-05,0.979911943158457,,0,0,AMBIGUOUS,,False,False
BH032,79,0.7900000214576721,0.0864461060783915,3562,1,1,SHELF_NORMAL_Y_NEG,1289,6,5.056624327025936,0.3688730988271291,-6.145065360963837,4.245531604131565e-05,-1.798178402310569e-06,-6.811838466738491e-09,7.669180943526029e-07,0.0,0.0,0.0,0.0,,0.0,0.0,0.0,4.337703185479075e-07,9.980720698124317e-07,0.0,0.0876020794176714,-0.165028975310508,9.598495114671888e-05,0.980251756551557,,0,0,AMBIGUOUS,,False,False
BH032,80,0.8000001907348633,0.0894645444779807,3562,1,1,SHELF_NORMAL_Y_NEG,1289,6,5.056624327025936,0.3815831725267865,-6.346744886380893,4.404334636815566e-05,-2.480769124118794e-06,1.1826814500557025e-07,1.0333278350151588e-07,0.0,0.0,0.0,0.0,,0.0,0.0,0.0,4.337703185479075e-07,9.980720698124317e-07,0.0,0.0906058295734348,-0.171035102625457,9.936050505206752e-05,0.9806785294703652,,0,0,AMBIGUOUS,,False,False
BH032,81,0.8100003600120544,0.0925687385905334,3562,1,1,SHELF_NORMAL_Y_NEG,1289,6,5.056624327025936,0.4043761969302639,-6.570737298666116,4.548029484603601e-05,-2.410293850344501e-06,-4.6337149789788625e-08,2.781443999070297e-07,0.0,0.0,0.0,0.0,,0.0,0.0,0.0,4.337703185479075e-07,9.980720698124317e-07,0.0,0.0937207851207668,-0.1771576995930536,0.0001027876883965,0.9810389848382622,,0,0,AMBIGUOUS,,False,False
BH032,82,0.8200005292892456,0.0956907501732978,3562,1,1,SHELF_NORMAL_Y_NEG,1289,6,5.056624327025936,0.4177206639116732,-6.795701295102028,4.709805310090453e-05,-2.5489990964708146e-06,6.421054062936907e-08,2.795221153251788e-07,0.0,0.0,0.0,0.0,,0.0,0.0,0.0,4.337703185479075e-07,9.980720698124317e-07,0.0,0.0969380373777116,-0.1833162716930039,0.0001062706121546,0.9814247346616252,,0,0,AMBIGUOUS,,False,False
BH032,83,0.8300006985664368,0.0989297827447724,3562,1,1,SHELF_NORMAL_Y_NEG,1289,6,5.056624327025936,0.4183970159167875,-7.026876476040188,4.860599579817217e-05,-3.119039819783723e-06,-4.52956285624189e-08,-3.053071085511866e-07,0.0,0.0,0.0,0.0,,0.0,0.0,0.0,4.337703185479075e-07,9.980720698124317e-07,0.0,0.1001683292557102,-0.1898186091338088,0.0001098675551436,0.981826998843784,,0,0,AMBIGUOUS,,False,False
BH032,84,0.8400008678436279,0.1021813224775532,3562,1,1,SHELF_NORMAL_Y_NEG,1289,6,5.056624327025936,0.4513807129878859,-7.241998649755605,5.01126660572387e-05,-2.564949685888046e-06,5.2592985623066846e-08,5.550189204992114e-07,0.0,0.0,0.0,0.0,,0.0,0.0,0.0,4.337703185479075e-07,9.980720698124317e-07,0.0,0.1034645476113053,-0.1962144194002417,0.0001134910871104,0.9821750628747196,,0,0,AMBIGUOUS,,False,False
BH032,85,0.8500010371208191,0.1055376172869245,3562,1,1,SHELF_NORMAL_Y_NEG,1289,6,5.056624327025936,0.4675265655991089,-7.490016710505853,5.179227861493856e-05,-2.766947411096915e-06,-4.364966888319708e-08,4.0318381740926754e-07,0.0,0.0,0.0,0.0,,0.0,0.0,0.0,4.337703185479075e-07,9.980720698124317e-07,0.0,0.1068976362191631,-0.2029141520590685,0.0001171996429145,0.9825615606134178,,0,0,AMBIGUOUS,,False,False
BH032,86,0.8600012063980103,0.1089473620913933,3562,1,1,SHELF_NORMAL_Y_NEG,1289,6,5.056624327025936,0.4938107517691938,-7.721578722460045,5.3534878033126735e-05,-2.275100537729117e-06,8.05225463027632e-08,1.0589504793755329e-06,0.0,0.0,0.0,0.0,,0.0,0.0,0.0,4.337703185479075e-07,1.0589504793755329e-06,0.0,0.1104407042152363,-0.2095997466233086,0.0001210039791878,0.9828735454264452,,0,0,AMBIGUOUS,,False,False
BH032,87,0.8700013756752014,0.1124075430088244,3562,1,1,SHELF_NORMAL_Y_NEG,1289,6,5.056624327025936,0.4919469193089843,-7.9704806734063265,5.494939447733673e-05,-2.8804302050015862e-06,-2.119207780582939e-07,4.5429780728753065e-07,0.0,0.0,0.0,0.0,,0.0,0.0,0.0,4.337703185479075e-07,1.0589504793755329e-06,0.0,0.1139093146595078,-0.2165516551697697,0.0001248864598037,0.983206888138866,,0,0,AMBIGUOUS,,False,False
BH032,88,0.8800000548362732,0.1159064111952736,3562,1,1,SHELF_NORMAL_Y_NEG,1289,6,5.056624327025936,0.5119267502956292,-8.218497674670434,5.699113348649821e-05,-3.412731807993978e-06,1.1311001923882672e-07,5.780065774315182e-08,0.0,0.0,0.0,0.0,,0.0,0.0,0.0,4.337703185479075e-07,1.0589504793755329e-06,0.0,0.1175223859025559,-0.2235590990931723,0.0001288013706887,0.98355492969653,,0,0,AMBIGUOUS,,False,False
BH032,89,0.8900002241134644,0.1195138819097265,3562,1,1,SHELF_NORMAL_Y_NEG,1289,6,5.056624327025936,0.5211326412800833,-8.478359619734922,5.8765319842605984e-05,-3.0775076175013755e-06,1.345052548012228e-07,5.00149645046204e-07,0.0,0.0,0.0,0.0,,0.0,0.0,0.0,4.337703185479075e-07,1.0589504793755329e-06,0.0,0.1210870597723113,-0.230723028016445,0.0001328396392481,0.9838866310690172,,0,0,AMBIGUOUS,,False,False
BH032,90,0.9000003933906555,0.1231724760752705,3562,1,1,SHELF_NORMAL_Y_NEG,1289,6,5.056624327025936,0.5484066710938293,-8.736815054366764,6.041281999182616e-05,-3.160846627360249e-06,-3.894680167872708e-08,5.709468934673924e-07,0.0,0.0,0.0,0.0,,0.0,0.0,0.0,4.337703185479075e-07,1.0589504793755329e-06,0.0,0.1248218417273962,-0.2380845819356965,0.0001369047942871,0.984165438305078,,0,0,AMBIGUOUS,,False,False
BH032,91,0.9100005626678468,0.1269082495014405,3562,1,1,SHELF_NORMAL_Y_NEG,1289,6,5.056624327025936,0.5694911302730572,-8.9935448440198,6.206765718791363e-05,-4.022203968053801e-06,-1.693906210986499e-07,-1.553164707957509e-07,0.0,0.0,0.0,0.0,,0.0,0.0,0.0,4.337703185479075e-07,1.0589504793755329e-06,0.0,0.1286722987910067,-0.2453949923371653,0.0001411107860617,0.9845149024498246,,0,0,AMBIGUOUS,,False,False
BH032,92,0.9200007319450378,0.1306668600852393,3562,1,1,SHELF_NORMAL_Y_NEG,1289,6,5.056624327025936,0.5890793593206047,-9.259294893228304,6.397068494717511e-05,-3.2483014808229926e-06,-1.310055657156834e-07,7.263277243881202e-07,0.0,0.0,0.0,0.0,,0.0,0.0,0.0,4.337703185479075e-07,1.0589504793755329e-06,0.0,0.1324415426526953,-0.2533052352483331,0.0001453265118403,0.9847934682983492,,0,0,AMBIGUOUS,,False,False
BH032,93,0.930000901222229,0.1345337423993864,3562,1,1,SHELF_NORMAL_Y_NEG,1289,6,5.056624327025936,0.5994031312396066,-9.531047625713562,6.581015128138009e-05,-4.138240836028278e-06,-1.498478618765746e-07,-7.208267307711965e-08,0.0,0.0,0.0,0.0,,0.0,0.0,0.0,4.337703185479075e-07,1.0589504793755329e-06,0.0,0.1363876254571596,-0.2607398552766931,0.0001496944139098,0.9850730327274568,,0,0,AMBIGUOUS,,False,False
BH032,94,0.9400010704994202,0.1384326453927102,3562,1,1,SHELF_NORMAL_Y_NEG,1289,6,5.056624327025936,0.6210622372893725,-9.806925647438032,6.780152668531547e-05,-4.400397487109876e-06,-1.639497577788165e-08,-1.354535854783791e-07,0.0,0.0,0.0,0.0,,0.0,0.0,0.0,4.337703185479075e-07,1.0589504793755329e-06,0.0,0.1403738087257761,-0.2687220431871094,0.0001541045532566,0.9853094335774524,,0,0,AMBIGUOUS,,False,False
BH032,95,0.9500012397766112,0.142405338629365,3562,1,1,SHELF_NORMAL_Y_NEG,1289,6,5.056624327025936,0.6350744932696256,-10.09408904973126,6.986830334665159e-05,-4.0902600895712416e-06,5.887946617682345e-08,2.650409815847961e-07,0.0,0.0,0.0,0.0,,0.0,0.0,0.0,4.337703185479075e-07,1.0589504793755329e-06,0.0,0.1443387465448571,-0.2767681505186427,0.0001585805763755,0.9855891469109992,,0,0,AMBIGUOUS,,False,False
BH032,96,0.9600014090538024,0.1464637265473829,3562,1,1,SHELF_NORMAL_Y_NEG,1289,6,5.056624327025936,0.66101581663869,-10.375812637757148,7.183160922057232e-05,-4.5622400003976764e-06,-1.079866869549092e-09,-1.0348815880991977e-07,0.0,0.0,0.0,0.0,,0.0,0.0,0.0,4.337703185479075e-07,1.0589504793755329e-06,0.0,0.1485178350861068,-0.2847899349160991,0.0001631892399576,0.9858282831307098,,0,0,AMBIGUOUS,,False,False
BH032,97,0.9700000882148744,0.1505628774024313,3562,1,1,SHELF_NORMAL_Y_NEG,1289,6,5.056624327025936,0.6776272787786211,-10.665687346931485,7.373646477848309e-05,-4.368990436618553e-06,5.797968362770923e-09,3.1035168677562373e-07,0.0,0.0,0.0,0.0,,0.0,0.0,0.0,4.337703185479075e-07,1.0589504793755329e-06,0.0,0.1526521741584139,-0.2931746824502556,0.0001678202686467,0.9860451497579976,,0,0,AMBIGUOUS,,False,False
BH032,98,0.9800002574920654,0.1547356178232285,3562,1,1,SHELF_NORMAL_Y_NEG,1289,6,5.056624327025936,0.7023154963669612,-10.954628424587158,7.566350549972701e-05,-4.12613108529352e-06,-1.709019119037022e-07,6.174148737397574e-07,0.0,0.0,0.0,0.0,,0.0,0.0,0.0,4.337703185479075e-07,1.0589504793755329e-06,0.0,0.1568253041009696,-0.3014568779245769,0.000172591227722,0.986297056358724,,0,0,AMBIGUOUS,,False,False
BH032,99,0.9900004267692566,0.1589780763159982,3562,1,1,SHELF_NORMAL_Y_NEG,1289,6,5.056624327025936,0.7181957507414667,-11.26303873433182,7.796204078464126e-05,-4.96648915859272e-06,9.823450125532609e-08,-1.070222709986888e-08,0.0,0.0,0.0,0.0,,0.0,0.0,0.0,4.337703185479075e-07,1.0589504793755329e-06,0.0,0.1611851345277013,-0.310082362010506,0.0001773792405568,0.9864904727787268,,0,0,AMBIGUOUS,,False,False
BH032,100,1.0000005960464478,0.1632746164956347,3562,1,1,SHELF_NORMAL_Y_NEG,1289,6,5.056624327025936,0.7484052206644771,-11.554198384573608,8.003167975098409e-05,-4.954993012453021e-06,7.59964719608151e-08,1.303624544787981e-07,0.0,0.0,0.0,0.0,,0.0,0.0,0.0,4.337703185479075e-07,1.0589504793755329e-06,0.0,0.165522942579438,-0.3187952743079215,0.0001823301740437,0.986739828011084,4722.253825004617,1,1,AMBIGUOUS,,False,False
BH032,101,1.0100009441375732,0.1674804395724671,3562,1,1,SHELF_NORMAL_Y_NEG,1289,6,5.056624327025936,0.7645358429709127,-11.85411099995083,8.194703126821566e-05,-5.060508971963949e-06,-1.0189490728953966e-07,1.1623427368057061e-07,0.0,0.0,0.0,0.0,,0.0,0.0,0.0,4.337703185479075e-07,1.0589504793755329e-06,0.0,0.169854548610906,-0.3271149223917383,0.0001870892713733,0.9868990456750456,,0,0,AMBIGUOUS,,False,False
BH032,102,1.0200012922286987,0.1717239737889124,3562,1,1,SHELF_NORMAL_Y_NEG,1289,6,5.056624327025936,0.7832417727749695,-12.162575525586874,8.41193430578711e-05,-5.472748576188901e-06,-1.3084590550711318e-08,-1.1795987642497941e-07,0.0,0.0,0.0,0.0,,0.0,0.0,0.0,4.337703185479075e-07,1.0589504793755329e-06,0.0,0.1741677956399635,-0.3359174041256694,0.0001920074915952,0.9871261988764912,,0,0,AMBIGUOUS,,False,False
BH032,103,1.03000009059906,0.1760547433118138,3562,1,1,SHELF_NORMAL_Y_NEG,1289,6,5.056624327025936,0.8107233018173154,-12.460221151960042,8.574232615699538e-05,-5.645803327659199e-06,-4.676739133189963e-07,-1.2116431648420082e-07,0.0,0.0,0.0,0.0,,0.0,0.0,0.0,4.676739133189963e-07,1.0589504793755329e-06,0.0,0.1785253882286677,-0.3447451471233493,0.00019702308094,0.9872524530215808,,0,0,AMBIGUOUS,,False,False
BH032,104,1.0400004386901855,0.1804386413915701,3562,1,1,SHELF_NORMAL_Y_NEG,1289,6,5.056624327025936,0.831313895126645,-12.770062897492757,8.801156006912187e-05,-4.876640941593648e-06,-3.517708392049637e-07,7.787617396929681e-07,0.0,0.0,0.0,0.0,,0.0,0.0,0.0,4.676739133189963e-07,1.0589504793755329e-06,0.0,0.183010072006885,-0.3535331061727489,0.0002020792524245,0.9874266206024715,,0,0,AMBIGUOUS,,False,False
BH032,105,1.050000786781311,0.1848897938211736,3562,1,1,SHELF_NORMAL_Y_NEG,1289,6,5.056624327025936,0.852535246137717,-13.0808751543971,9.055688202261866e-05,-5.38213875305696e-06,3.667999775958206e-08,4.115560000701691e-07,0.0,0.0,0.0,0.0,,0.0,0.0,0.0,4.676739133189963e-07,1.0589504793755329e-06,0.0,0.1875039372463218,-0.3628617303039541,0.0002072454985189,0.9875910361532436,,0,0,AMBIGUOUS,,False,False
BH032,106,1.0600011348724363,0.189415086915369,3562,1,1,SHELF_NORMAL_Y_NEG,1289,6,5.056624327025936,0.8750596669362247,-13.39504763457054,9.221048017156142e-05,-5.136001298023036e-06,-4.603045180149088e-07,8.345087233758834e-07,0.0,0.0,0.0,0.0,,0.0,0.0,0.0,4.676739133189963e-07,1.0589504793755329e-06,0.0,0.1921427295145297,-0.3719397934987805,0.000212518538653,0.9876964272066268,,0,0,AMBIGUOUS,,False,False
BH032,107,1.070001482963562,0.19397066647186,3562,1,1,SHELF_NORMAL_Y_NEG,1289,6,5.056624327025936,0.9139465980881966,-13.714870674335533,9.478236588962208e-05,-6.0206865558895865e-06,-1.4114422318650506e-07,1.7666005325018153e-07,0.0,0.0,0.0,0.0,,0.0,0.0,0.0,4.676739133189963e-07,1.0589504793755329e-06,0.0,0.1967310898450101,-0.3812395883935885,0.0002178794629574,0.9878555907795328,,0,0,AMBIGUOUS,,False,False
BH032,108,1.0800002813339231,0.1986165213625741,3562,1,1,SHELF_NORMAL_Y_NEG,1289,6,5.056624327025936,0.9346537722364991,-14.040046246236209,9.67688990765155e-05,-6.64274875605337e-06,-3.928265647749641e-07,-2.927231173948373e-07,0.0,0.0,0.0,0.0,,0.0,0.0,0.0,4.676739133189963e-07,1.0589504793755329e-06,0.0,0.2014841872812112,-0.3909723466879956,0.000223281796421,0.9879635492706482,,0,0,AMBIGUOUS,,False,False
BH032,109,1.0900006294250488,0.2033019054912728,3562,1,1,SHELF_NORMAL_Y_NEG,1289,6,5.056624327025936,0.9542781689147491,-14.371421583583892,9.945451389103828e-05,-6.747922851761245e-06,2.904749863997256e-08,-2.353725217255033e-07,0.0,0.0,0.0,0.0,,0.0,0.0,0.0,4.676739133189963e-07,1.0589504793755329e-06,0.0,0.206245332403305,-0.4005549042622566,0.0002288567338174,0.9881240983931474,,0,0,AMBIGUOUS,,False,False
BH032,110,1.1000009775161743,0.2080737529684621,3562,1,1,SHELF_NORMAL_Y_NEG,1289,6,5.056624327025936,0.9860033837913894,-14.714840185221178,0.0001018020250888,-6.481980196894105e-06,1.9241518281422256e-08,2.664129769837332e-07,0.0,0.0,0.0,0.0,,0.0,0.0,0.0,4.676739133189963e-07,1.0589504793755329e-06,0.0,0.2111526581791664,-0.4104065324588902,0.000234426107233,0.9882144636484074,,0,0,AMBIGUOUS,,False,False
BH032,111,1.1100013256072998,0.2129081835393834,3562,1,1,SHELF_NORMAL_Y_NEG,1289,6,5.056624327025936,1.0013989097781302,-15.047507014212377,0.0001037596855379,-6.432300775088167e-06,-3.036263173443422e-07,4.415250931431793e-07,0.0,0.0,0.0,0.0,,0.0,0.0,0.0,4.676739133189963e-07,1.0589504793755329e-06,0.0,0.2160107435147756,-0.4203881103423736,0.000240135607858,0.9883405486324864,,0,0,AMBIGUOUS,,False,False
BH032,112,1.1200001239776611,0.2177663272760303,3562,1,1,SHELF_NORMAL_Y_NEG,1289,6,5.056624327025936,1.0271463424509135,-15.39153057999889,0.000106483741744,-6.8658550410644775e-06,-2.2793648413285857e-08,1.207680166813853e-07,0.0,0.0,0.0,0.0,,0.0,0.0,0.0,4.676739133189963e-07,1.0589504793755329e-06,0.0,0.2209367147099319,-0.4305973994416002,0.0002459482778458,0.9884648768950188,,0,0,AMBIGUOUS,,False,False
BH032,113,1.1300004720687866,0.2226996489068041,3562,1,1,SHELF_NORMAL_Y_NEG,1289,6,5.056624327025936,1.0523288969945748,-15.748314785806595,0.000108955599087,-6.84521007167084e-06,-4.9118125735334375e-08,2.835543940174121e-07,0.0,0.0,0.0,0.0,,0.0,0.0,0.0,4.676739133189963e-07,1.0589504793755329e-06,0.0,0.2260084444878337,-0.4409679458150687,0.0002518173729614,0.9885696007667156,,0,0,AMBIGUOUS,,False,False
BH032,114,1.140000820159912,0.2277493344046171,3562,1,1,SHELF_NORMAL_Y_NEG,1289,6,5.056624327025936,1.0848738305731689,-16.086652214724726,0.0001109484103614,-6.811463471618031e-06,-3.500717460601106e-07,5.872390658943861e-07,0.0,0.0,0.0,0.0,,0.0,0.0,0.0,4.676739133189963e-07,1.0589504793755329e-06,0.0,0.2311144986734762,-0.4511997650052011,0.0002577961377556,0.9886934091836196,,0,0,AMBIGUOUS,,False,False
BH032,115,1.1500011682510376,0.2327782259298955,3562,1,1,SHELF_NORMAL_Y_NEG,1289,6,5.056624327025936,1.1222183137040975,-16.440198693727453,0.0001135601905036,-7.673750613498202e-06,-2.2083764294688842e-07,-5.558285612447447e-08,0.0,0.0,0.0,0.0,,0.0,0.0,0.0,4.676739133189963e-07,1.0589504793755329e-06,0.0,0.2362147064757666,-0.4621628520321072,0.0002639180991782,0.9887992980786884,,0,0,AMBIGUOUS,,False,False
BH032,116,1.159999966621399,0.2378992065869993,3562,1,1,SHELF_NORMAL_Y_NEG,1289,6,5.056624327025936,1.148593646578341,-16.80636294230099,0.000116293054624,-7.7574148503676e-06,3.012318218440792e-08,9.22568568235017e-08,0.0,0.0,0.0,0.0,,0.0,0.0,0.0,4.676739133189963e-07,1.0589504793755329e-06,0.0,0.2414357971101467,-0.4732201138188592,0.0002702576443512,0.988950013162641,,0,0,AMBIGUOUS,,False,False
BH032,117,1.1700003147125244,0.2430485981576775,3562,1,1,SHELF_NORMAL_Y_NEG,1289,6,5.056624327025936,1.1746421168669416,-17.17232956876997,0.000118684899698,-7.54253473767019e-06,-1.42886305399989e-07,4.520641827536368e-07,0.0,0.0,0.0,0.0,,0.0,0.0,0.0,4.676739133189963e-07,1.0589504793755329e-06,0.0,0.2468182530778404,-0.484456668834234,0.0002766538635963,0.9890625398731347,,0,0,AMBIGUOUS,,False,False
BH032,118,1.18000066280365,0.2482923030902549,3562,1,1,SHELF_NORMAL_Y_NEG,1289,6,5.056624327025936,1.2149115722247117,-17.533061222599365,0.0001212941939977,-7.758964258033462e-06,1.0836644889918557e-08,5.519603810602157e-07,0.0,0.0,0.0,0.0,,0.0,0.0,0.0,4.676739133189963e-07,1.0589504793755329e-06,0.0,0.2520889720764483,-0.4961447753293322,0.0002833286268875,0.9892066812365076,,0,0,AMBIGUOUS,,False,False
BH032,119,1.1900010108947754,0.2535523729317561,3562,1,1,SHELF_NORMAL_Y_NEG,1289,6,5.056624327025936,1.2387676154278762,-17.913753601761872,0.0001238462361675,-8.087092298943058e-06,-4.439453961347858e-08,4.129766520495799e-07,0.0,0.0,0.0,0.0,,0.0,0.0,0.0,4.676739133189963e-07,1.0589504793755329e-06,0.0,0.2575504076198854,-0.5078632509492969,0.0002900945945967,0.989315296530708,,0,0,AMBIGUOUS,,False,False
BH032,120,1.2000013589859009,0.2589022640282859,3562,1,1,SHELF_NORMAL_Y_NEG,1289,6,5.056624327025936,1.2739321491371374,-18.288913056944764,0.0001264041086122,-8.79373838247457e-06,-7.390432523425519e-08,-4.471072484522973e-08,0.0,0.0,0.0,0.0,,0.0,0.0,0.0,4.676739133189963e-07,1.0589504793755329e-06,0.0,0.2629608554915661,-0.520054839356168,0.0002970827657434,0.9894234122128638,,0,0,AMBIGUOUS,,False,False
BH032,121,1.2100001573562622,0.2642714720820283,3562,1,1,SHELF_NORMAL_Y_NEG,1289,6,5.056624327025936,1.3100134081151409,-18.6637244545306,0.0001293419394692,-8.233136869849073e-06,2.092271172562737e-07,7.014631928979696e-07,0.0,0.0,0.0,0.0,,0.0,0.0,0.0,4.676739133189963e-07,1.0589504793755329e-06,0.0,0.268489595403418,-0.532293482385077,0.0003041848370121,0.9895325972155684,,0,0,AMBIGUOUS,,False,False
BH032,122,1.2200005054473877,0.2696872877798637,3562,1,1,SHELF_NORMAL_Y_NEG,1289,6,5.056624327025936,1.352118003086784,-19.04715577484213,0.0001315175918983,-9.140930547835331e-06,-2.4978783258870784e-07,1.0049463787785992e-07,0.0,0.0,0.0,0.0,,0.0,0.0,0.0,4.676739133189963e-07,1.0589504793755329e-06,0.0,0.2740182176575099,-0.5446796773911524,0.0003114038078387,0.9896224787867552,,0,0,AMBIGUOUS,,False,False
BH032,123,1.2300008535385132,0.2751893478342386,3562,1,1,SHELF_NORMAL_Y_NEG,1289,6,5.056624327025936,1.3717832688191245,-19.43122240606016,0.0001345024891829,-8.887355656584381e-06,2.4639207043929004e-08,4.343727653873539e-07,0.0,0.0,0.0,0.0,,0.0,0.0,0.0,4.676739133189963e-07,1.0589504793755329e-06,0.0,0.2796636915118214,-0.5576428269461331,0.0003189170339782,0.9897151944891835,,0,0,AMBIGUOUS,,False,False
BH032,124,1.240001201629639,0.2807203558290655,3562,1,1,SHELF_NORMAL_Y_NEG,1289,6,5.056624327025936,1.411354636827408,-19.8208978816536,0.0001371315608034,-9.697225551220468e-06,-4.614280722878977e-08,-1.0820668379976077e-07,0.0,0.0,0.0,0.0,,0.0,0.0,0.0,4.676739133189963e-07,1.0589504793755329e-06,0.0,0.285312298687213,-0.5704381541658857,0.0003264595698752,0.9897605716541454,,0,0,AMBIGUOUS,,False,False
BH032,125,1.25,0.2862769454030996,3562,1,1,SHELF_NORMAL_Y_NEG,1289,6,5.056624327025936,1.44807453651293,-20.219487167340148,0.0001400006931559,-9.262471028101296e-06,3.2478577074307464e-08,5.450865396052504e-07,0.0,0.0,0.0,0.0,,0.0,0.0,0.0,4.676739133189963e-07,1.0589504793755329e-06,0.0,0.2910570532124975,-0.5833916575434028,0.0003341973344671,0.9898501895167908,-2550.65415825092,1,1,AMBIGUOUS,,False,False
BH032,126,1.2600003480911257,0.2918973338931909,3562,1,1,SHELF_NORMAL_Y_NEG,1289,6,5.056624327025936,1.4819018882995956,-20.611760076405268,0.0001427315644865,-1.0219276481485606e-05,6.24701043172365e-08,-1.6720520900514365e-07,0.0,0.0,0.0,0.0,,0.0,0.0,0.0,4.676739133189963e-07,1.0589504793755329e-06,0.0,0.2968198667226226,-0.5969655069239628,0.0003419697183748,0.9899043301961824,,0,0,AMBIGUOUS,,False,False
BH032,127,1.270000696182251,0.2975642703537763,3562,1,1,SHELF_NORMAL_Y_NEG,1289,6,5.056624327025936,1.516331549423375,-21.016794085874068,0.0001454093621672,-9.812513251722854e-06,-4.717059817001181e-08,4.898869459105983e-07,0.0,0.0,0.0,0.0,,0.0,0.0,0.0,4.676739133189963e-07,1.0589504793755329e-06,0.0,0.3026167982425715,-0.6100326146105075,0.0003498387556741,0.9899808019644292,,0,0,AMBIGUOUS,,False,False
BH032,128,1.2800010442733765,0.3032415228681798,3562,1,1,SHELF_NORMAL_Y_NEG,1289,6,5.056624327025936,1.5638173794453347,-21.41968387788487,0.00014816262245,-1.030495703328166e-05,-7.623499456417635e-08,3.283140290428555e-07,0.0,0.0,0.0,0.0,,0.0,0.0,0.0,4.676739133189963e-07,1.0589504793755329e-06,0.0,0.3085869753733348,-0.6236448017052144,0.0003577678246404,0.9900340899834488,,0,0,AMBIGUOUS,,False,False
BH032,129,1.290001392364502,0.3090290609882108,3562,1,1,SHELF_NORMAL_Y_NEG,1289,6,5.056624327025936,1.598736527574281,-21.833818118458662,0.0001511969194951,-1.0528183574805412e-05,9.98407954915393e-08,3.509219148315661e-07,0.0,0.0,0.0,0.0,,0.0,0.0,0.0,4.676739133189963e-07,1.0589504793755329e-06,0.0,0.3145740382609786,-0.6372883689889901,0.0003657009039244,0.9901015822499524,,0,0,AMBIGUOUS,,False,False
BH032,130,1.3000001907348633,0.3148150816676634,3562,1,1,SHELF_NORMAL_Y_NEG,1289,6,5.056624327025936,1.641373614794717,-22.242318666336423,0.000154081454284,-1.0647629867170595e-05,1.6704328742832958e-07,5.326062408676476e-07,0.0,0.0,0.0,0.0,,0.0,0.0,0.0,4.676739133189963e-07,1.0589504793755329e-06,0.0,0.3205281150600485,-0.6510670309651134,0.0003738197717988,0.9901620735310156,,0,0,AMBIGUOUS,,False,False
BH032,131,1.3100005388259888,0.3206483339507881,3562,1,1,SHELF_NORMAL_Y_NEG,1289,6,5.056624327025936,1.6782872906639346,-22.65825249535745,0.0001567443602971,-1.0829461526070576e-05,-1.130173721123381e-07,5.380902011423595e-07,0.0,0.0,0.0,0.0,,0.0,0.0,0.0,4.676739133189963e-07,1.0589504793755329e-06,0.0,0.3266959896302805,-0.6652094280126678,0.0003820616389476,0.9901882995336212,,0,0,AMBIGUOUS,,False,False
BH032,132,1.3200008869171145,0.3265382829491072,3562,1,1,SHELF_NORMAL_Y_NEG,1289,6,5.056624327025936,1.7153137301115913,-23.08264280433597,0.0001599264269959,-1.1696736290558857e-05,2.293709218970661e-07,2.0653726219847963e-08,0.0,0.0,0.0,0.0,,0.0,0.0,0.0,4.676739133189963e-07,1.0589504793755329e-06,0.0,0.3327982136384194,-0.6788280785582443,0.0003901778913085,0.990234406548648,,0,0,AMBIGUOUS,,False,False
BH032,133,1.3300012350082395,0.3325324886086938,3562,1,1,SHELF_NORMAL_Y_NEG,1289,6,5.056624327025936,1.7506648925728,-23.51452312751365,0.0001630211770019,-1.1321839351988096e-05,2.636739767418418e-07,5.648144437773832e-07,0.0,0.0,0.0,0.0,,0.0,0.0,0.0,4.676739133189963e-07,1.0589504793755329e-06,0.0,0.3390354598454472,-0.6930205184988075,0.0003984662168259,0.9902579364341336,,0,0,AMBIGUOUS,,False,False
BH032,134,1.340000033378601,0.3385298042818742,3562,1,1,SHELF_NORMAL_Y_NEG,1289,6,5.056624327025936,1.7904213547690215,-23.9395285440266,0.0001658016646554,-1.1239297367762052e-05,1.6379990350673173e-07,9.796344159399397e-07,0.0,0.0,0.0,0.0,,0.0,0.0,0.0,4.676739133189963e-07,1.0589504793755329e-06,0.0,0.3452862010308648,-0.7069265269859315,0.0004067521749141,0.9902673770351492,,0,0,AMBIGUOUS,,False,False
BH032,135,1.3500003814697266,0.3445964770937672,3562,1,1,SHELF_NORMAL_Y_NEG,1289,6,5.056624327025936,1.8388397005966088,-24.366712513257955,0.0001687582018006,-1.1604602693538323e-05,9.463135242375379e-08,8.761970002791773e-07,0.0,0.0,0.0,0.0,,0.0,0.0,0.0,4.676739133189963e-07,1.0589504793755329e-06,0.0,0.3515401573888255,-0.720932292286499,0.0004150480928884,0.9902849226136804,,0,0,AMBIGUOUS,,False,False
BH032,136,1.360000729560852,0.3507382621438071,3562,1,1,SHELF_NORMAL_Y_NEG,1289,6,5.056624327025936,1.8685710874448207,-24.805404555457727,0.0001717897038336,-1.2689200055552716e-05,1.3043170575091398e-07,3.384792882164377e-08,0.0,0.0,0.0,0.0,,0.0,0.0,0.0,4.676739133189963e-07,1.0589504793755329e-06,0.0,0.357896629435486,-0.7354844563306031,0.0004234657033015,0.9902888855470036,,0,0,AMBIGUOUS,,False,False
BH032,137,1.3700010776519775,0.3569153160991524,3562,1,1,SHELF_NORMAL_Y_NEG,1289,6,5.056624327025936,1.904185244976173,-25.251133810137404,0.0001752689102359,-1.3123696210367653e-05,5.159713903286661e-07,-1.670563338690206e-07,0.0,0.0,0.0,0.0,,0.0,0.0,0.0,5.159713903286661e-07,1.0589504793755329e-06,0.0,0.3643237246804691,-0.7494380381972069,0.0004318753027694,0.9902981271897509,,0,0,AMBIGUOUS,,False,False
BH032,138,1.380001425743103,0.3631640577517572,3562,1,1,SHELF_NORMAL_Y_NEG,1289,6,5.056624327025936,1.9438073153951003,-25.696637517134427,0.0001778957752614,-1.300941100429128e-05,7.589411732565806e-08,2.336905650991185e-07,0.0,0.0,0.0,0.0,,0.0,0.0,0.0,5.159713903286661e-07,1.0589504793755329e-06,0.0,0.3707482810153069,-0.7639999226650056,0.0004403544111245,0.990275850333464,,0,0,AMBIGUOUS,,False,False
BH032,139,1.3900002241134644,0.3694513550965977,3562,1,1,SHELF_NORMAL_Y_NEG,1289,6,5.056624327025936,1.991989970426902,-26.1393233849908,0.0001811505189608,-1.2933390401958286e-05,2.41751942061893e-07,6.139256813378997e-07,0.0,0.0,0.0,0.0,,0.0,0.0,0.0,5.159713903286661e-07,1.0589504793755329e-06,0.0,0.3772304746614468,-0.7784953376388819,0.0004489136543568,0.99028035704117,,0,0,AMBIGUOUS,,False,False
BH032,140,1.4000005722045898,0.3758250881846864,3562,1,1,SHELF_NORMAL_Y_NEG,1289,6,5.056624327025936,2.0367643133900164,-26.59006362035837,0.0001844252030816,-1.3320033028320572e-05,3.759140029506046e-07,5.119769742904443e-07,0.0,0.0,0.0,0.0,,0.0,0.0,0.0,5.159713903286661e-07,1.0589504793755329e-06,0.0,0.3837681888506621,-0.7929483748069847,0.0004574187373673,0.990289704423049,,0,0,AMBIGUOUS,,False,False
BH032,141,1.410000920295715,0.3823098830270104,3562,1,1,SHELF_NORMAL_Y_NEG,1289,6,5.056624327025936,2.0682384095989588,-27.060823704604587,0.0001878456284891,-1.3159506539918951e-05,5.176891434166575e-07,8.655180374858053e-07,0.0,0.0,0.0,0.0,,0.0,0.0,0.0,5.176891434166575e-07,1.0589504793755329e-06,0.0,0.3903531204410091,-0.8079310901787882,0.000466042319747,0.9902928434361622,,0,0,AMBIGUOUS,,False,False
BH032,142,1.4200012683868408,0.3888570806594569,3562,1,1,SHELF_NORMAL_Y_NEG,1289,6,5.056624327025936,2.113892035685279,-27.524616261686383,0.0001910658713682,-1.367467091389343e-05,5.444077829309848e-07,6.783468191483202e-07,0.0,0.0,0.0,0.0,,0.0,0.0,0.0,5.444077829309848e-07,1.0589504793755329e-06,0.0,0.3970841242429667,-0.8227990702296468,0.0004745765405418,0.99024477103659,,0,0,AMBIGUOUS,,False,False
BH032,143,1.430000066757202,0.3956173709141694,3562,1,1,SHELF_NORMAL_Y_NEG,1289,6,5.056624327025936,2.1539674316159907,-27.99825531666093,0.0001941387966859,-1.436903493092596e-05,3.242109353511144e-07,2.4188218685991265e-07,0.0,0.0,0.0,0.0,,0.0,0.0,0.0,5.444077829309848e-07,1.0589504793755329e-06,0.0,0.4040575463644084,-0.8379422414597179,0.0004829078278257,0.9900092952472442,,0,0,AMBIGUOUS,,False,False
BH032,144,1.4400001764297483,0.4024329837638222,3562,1,1,SHELF_NORMAL_Y_NEG,1289,6,5.056624327025936,2.195422682362472,-28.475335071434223,0.0001973354398441,-1.4004650500390827e-05,3.349892086556357e-07,1.0047450886178444e-06,0.0,0.0,0.0,0.0,,0.0,0.0,0.0,5.444077829309848e-07,1.0589504793755329e-06,0.0,0.4109506915261226,-0.8538391211440527,0.0004925116544595,0.9897642818206432,,0,0,AMBIGUOUS,,False,False
BH032,145,1.4500014781951904,0.4092132214823077,3562,1,1,SHELF_NORMAL_Y_NEG,1289,6,5.056624327025936,2.258924050721679,-28.94637142474372,0.000200818863974,-1.4505755265501342e-05,5.267084078836113e-07,9.068966025454172e-07,0.0,0.0,0.0,0.0,,0.0,0.0,0.0,5.444077829309848e-07,1.0589504793755329e-06,0.0,0.4180036861151277,-0.8723722412782209,0.0005040175329283,0.989552286248545,,0,0,AMBIGUOUS,,False,False
BH032,146,1.4600006341934204,0.4161858220828773,3562,1,1,SHELF_NORMAL_Y_NEG,1289,6,5.056624327025936,2.306253840194965,-29.420395871524736,0.00020396985636,-1.4656870351071314e-05,3.292848116024467e-07,1.0111966608127238e-06,0.0,0.0,0.0,0.0,,0.0,0.0,0.0,5.444077829309848e-07,1.0589504793755329e-06,0.0,0.4251223834827229,-0.8889087480725405,0.0005146721722915,0.9893521291859496,,0,0,AMBIGUOUS,,False,False
BH032,147,1.4700005054473877,0.4231990888593681,3562,1,1,SHELF_NORMAL_Y_NEG,1289,6,5.056624327025936,2.365267589313841,-29.91002028286085,0.0002073355395349,-1.528088407129469e-05,3.194631341937372e-07,8.041077688689981e-07,0.0,0.0,0.0,0.0,,0.0,0.0,0.0,5.444077829309848e-07,1.0589504793755329e-06,0.0,0.4322005676798109,-0.9066287324771132,0.0005258019316854,0.9892832705344948,,0,0,AMBIGUOUS,,False,False
BH032,148,1.4800008535385132,0.4302345037273773,3562,1,1,SHELF_NORMAL_Y_NEG,1289,6,5.056624327025936,2.439788709043581,-30.40038846497805,0.0002106833195129,-1.5819991849916467e-05,2.5656802330023586e-07,7.590896606416743e-07,0.0,0.0,0.0,0.0,,0.0,0.0,0.0,5.444077829309848e-07,1.0589504793755329e-06,0.0,0.4394785999326231,-0.9259482098878918,0.0005370635963536,0.989159231414498,,0,0,AMBIGUOUS,,False,False
BH032,149,1.4900004863739014,0.4374565275295166,3562,1,1,SHELF_NORMAL_Y_NEG,1289,6,5.056624327025936,2.4790004357768405,-30.905136931489427,0.0002142969833661,-1.666129913791112e-05,3.95794813678942e-07,2.034388114600938e-07,0.0,0.0,0.0,0.0,,0.0,0.0,0.0,5.444077829309848e-07,1.0589504793755329e-06,0.0,0.4466762317974645,-0.9422231079979494,0.0005476106881649,0.9890606534774832,,0,0,AMBIGUOUS,,False,False
BH032,150,1.5000001192092896,0.4446977318611647,3562,1,1,SHELF_NORMAL_Y_NEG,1289,6,5.056624327025936,2.532914033331188,-31.393209839068987,0.0002177587620678,-1.5988003819613662e-05,4.738485140863254e-07,1.2394596248994395e-06,0.0,0.0,0.0,0.0,,0.0,0.0,0.0,5.444077829309848e-07,1.2394596248994395e-06,0.0,0.4540014570075771,-0.9619170798584598,0.0005592782856775,0.9889314170274818,7877.111770316604,1,1,AMBIGUOUS,,False,False
BH032,151,1.510001301765442,0.4519582273130414,3562,1,1,SHELF_NORMAL_Y_NEG,1289,6,5.056624327025936,2.587206680486671,-31.903870103710588,0.0002211596032958,-1.6714970132969105e-05,3.309419171334204e-07,8.739499459918532e-07,0.0,0.0,0.0,0.0,,0.0,0.0,0.0,5.444077829309848e-07,1.2394596248994395e-06,0.0,0.4615474594557983,-0.9805700742803984,0.0005705806028834,0.9888805914107373,,0,0,AMBIGUOUS,,False,False
BH032,152,1.520000457763672,0.45939692057253,3562,1,1,SHELF_NORMAL_Y_NEG,1289,6,5.056624327025936,2.6511475202132564,-32.405877794337094,0.0002250560004435,-1.7226793209311345e-05,7.521194148119373e-07,7.989938350995993e-07,0.0,0.0,0.0,0.0,,0.0,0.0,0.0,7.521194148119373e-07,1.2394596248994395e-06,0.0,0.4687377257105011,-0.9990726511527824,0.000581834712848,0.9888242229914954,,0,0,AMBIGUOUS,,False,False
BH032,153,1.530001163482666,0.4667232831391056,3562,1,1,SHELF_NORMAL_Y_NEG,1289,6,5.056624327025936,2.695296245854945,-32.89266619680672,0.0002282271433587,-1.7888626145623606e-05,4.997884602926032e-07,3.837593430053169e-07,0.0,0.0,0.0,0.0,,0.0,0.0,0.0,7.521194148119373e-07,1.2394596248994395e-06,0.0,0.4760240471604582,-1.0204467659181415,0.0005938444347,0.9887117003590916,,0,0,AMBIGUOUS,,False,False
BH032,154,1.5400011539459229,0.4740037935913492,3562,1,1,SHELF_NORMAL_Y_NEG,1289,6,5.056624327025936,2.770633750456334,-33.40197540565157,0.0002318446150325,-1.8292699007385984e-05,4.910635858771024e-07,3.948266619212314e-07,0.0,0.0,0.0,0.0,,0.0,0.0,0.0,7.521194148119373e-07,1.2394596248994395e-06,0.0,0.4833133143276159,-1.040114011365071,0.0006056851988124,0.98868301631364,,0,0,AMBIGUOUS,,False,False
BH032,155,1.5500009059906006,0.4815508658166004,3562,1,1,SHELF_NORMAL_Y_NEG,1289,6,5.056624327025936,2.815919268286384,-33.92307563060285,0.0002355022443208,-1.8186005178817124e-05,5.382044700167244e-07,8.061409075365124e-07,0.0,0.0,0.0,0.0,,0.0,0.0,0.0,7.521194148119373e-07,1.2394596248994395e-06,0.0,0.4909559577711571,-1.0612917403974853,0.0006179165604654,0.9886438125719322,,0,0,AMBIGUOUS,,False,False
BH032,156,1.5600000619888306,0.4891437413747821,3562,1,1,SHELF_NORMAL_Y_NEG,1289,6,5.056624327025936,2.881248728492795,-34.45843639233814,0.0002391016080453,-1.8773613731615586e-05,2.579584637644995e-07,4.911591810906508e-07,0.0,0.0,0.0,0.0,,0.0,0.0,0.0,7.521194148119373e-07,1.2394596248994395e-06,0.0,0.4986337030014776,-1.0820511574146818,0.0006305845036452,0.9888044672365964,,0,0,AMBIGUOUS,,False,False
BH032,157,1.5700005292892456,0.4966022146071425,3562,1,1,SHELF_NORMAL_Y_NEG,1289,6,5.056624327025936,2.954000877250881,-34.95931944083107,0.0002428248797954,-1.8807202501933e-05,5.164906786887542e-07,9.5805113309224e-07,0.0,0.0,0.0,0.0,,0.0,0.0,0.0,7.521194148119373e-07,1.2394596248994395e-06,0.0,0.5062436199018383,-1.1045171549181745,0.0006430912764556,0.988517577648908,,0,0,AMBIGUOUS,,False,False
BH032,158,1.5800012350082395,0.5041024661806868,3562,1,1,SHELF_NORMAL_Y_NEG,1289,6,5.056624327025936,3.0195486780707967,-35.490482411519906,0.0002464770911714,-1.917210333906313e-05,3.357559016106899e-07,8.849329782228228e-07,0.0,0.0,0.0,0.0,,0.0,0.0,0.0,7.521194148119373e-07,1.2394596248994395e-06,0.0,0.5136989930853013,-1.1281823382289051,0.0006565745994978,0.9888210185137624,,0,0,AMBIGUOUS,,False,False
BH032,159,1.5900005102157593,0.5115769347088406,3562,1,1,SHELF_NORMAL_Y_NEG,1289,6,5.056624327025936,3.0925032002867536,-35.99343914775991,0.0002500273132816,-1.9101543091070805e-05,2.835124459905458e-07,1.3339810598201425e-06,0.0,0.0,0.0,0.0,,0.0,0.0,0.0,7.521194148119373e-07,1.3339810598201425e-06,0.0,0.5209763727935541,-1.153251417927205,0.0006695880884207,0.9887508451665404,,0,0,AMBIGUOUS,,False,False
BH032,160,1.6000012159347534,0.5191981321315351,3562,1,1,SHELF_NORMAL_Y_NEG,1289,6,5.056624327025936,3.1860411540232203,-36.504893973663705,0.0002537526280327,-2.065814316347251e-05,3.975779418767186e-07,3.481094717551784e-07,0.0,0.0,0.0,0.0,,0.0,0.0,0.0,7.521194148119373e-07,1.3339810598201425e-06,0.0,0.5286992783483068,-1.1795644274787844,0.0006829283920484,0.9889595188824368,,0,0,AMBIGUOUS,,False,False
BH032,161,1.610000491142273,0.5269240275440087,3562,1,1,SHELF_NORMAL_Y_NEG,1289,6,5.056624327025936,3.2723176222184533,-37.02224754034045,0.0002572012884874,-2.0916298000791308e-05,2.8778725638119824e-07,7.040613389212727e-07,0.0,0.0,0.0,0.0,,0.0,0.0,0.0,7.521194148119373e-07,1.3339810598201425e-06,0.0,0.536050663342505,-1.20633026494272,0.0006964610778414,0.9888832181467192,,0,0,AMBIGUOUS,,False,False
BH032,162,1.620001196861267,0.5345274211077679,3562,1,1,SHELF_NORMAL_Y_NEG,1289,6,5.056624327025936,3.2908748647416903,-37.49147653021446,0.0002625686488685,-2.2138932472645428e-05,2.056053439865931e-06,-7.458730974002799e-07,1.6251335566931462e-06,-1.5151965046928451e-06,1.376099135086406e-06,1.571628445162787e-07,,0.0003148102841805,0.0003785588487517,0.0003499278100207,2.056053439865931e-06,1.3339810598201425e-06,0.0,0.5435787841365346,-1.235775509131809,0.0007100656427802,0.988985525875054,,0,0,AMBIGUOUS,,False,False
BH032,163,1.6300004720687866,0.5421555642911161,3562,1,1,SHELF_NORMAL_Y_NEG,1289,6,5.056624327025936,3.2681013899755085,-37.93616416617648,0.000269225196923,-2.468544930337877e-05,5.261541902692318e-06,-3.826992184306462e-06,4.412841634435335e-06,-4.114497538938471e-06,3.740150759767858e-06,4.230707872920903e-07,,0.0008556346292607,0.0010190524626523,0.0009490047814324,5.261541902692318e-06,3.826992184306462e-06,0.0,0.5508515552321058,-1.266171336517182,0.0007237819746938,0.9888098202672314,,0,0,AMBIGUOUS,,False,False
BH032,164,1.6400004625320437,0.5497929645476898,3562,1,1,SHELF_NORMAL_Y_NEG,1289,6,5.056624327025936,3.234196945674893,-38.37440693699608,0.0002750478250841,-2.748199571868588e-05,7.839671232538672e-06,-7.073072040251712e-06,7.1102897947875504e-06,-6.630443835045535e-06,6.031710654497147e-06,6.768024150005658e-07,,0.0013798748841509,0.0016302170697599,0.0015267487615346,7.839671232538672e-06,7.073072040251712e-06,0.0,0.5573340226227107,-1.3029165035145176,0.0007377661412426,0.9886784772419628,,0,0,AMBIGUOUS,,False,False
BH032,165,1.6500000953674316,0.5573962836072354,3562,1,1,SHELF_NORMAL_Y_NEG,1289,6,5.056624327025936,3.2058498368901693,-38.83868558854922,0.0002810854155785,-2.9708464611511733e-05,1.0566515580251773e-05,-9.596935401601833e-06,9.488343325778808e-06,-8.850124139720674e-06,8.056329534156248e-06,8.973345870799676e-07,,0.0018430470954626,0.0021614138968288,0.002034667879343,1.0566515580251773e-05,9.596935401601833e-06,0.0,0.5633525648071708,-1.3481556548481255,0.0007516999582771,0.988150531743552,,0,0,AMBIGUOUS,,False,False
BH032,166,1.660001277923584,0.5652384613746348,3562,1,1,SHELF_NORMAL_Y_NEG,1289,6,5.056624327025936,3.18505686983096,-39.28566042119429,0.0002867732484711,-3.2210383261345584e-05,1.304003887810676e-05,-1.2367206049981113e-05,1.1836457638685654e-05,-1.1044225846680212e-05,1.0060089152830187e-05,1.1124466254841536e-06,,0.0023014473263174,0.0026795552112162,0.0025349832139909,1.304003887810676e-05,1.2367206049981113e-05,0.0,0.5676981311465668,-1.409384931566045,0.0007665322519233,0.9872361622804792,,0,0,AMBIGUOUS,,False,False
BH032,167,1.6700005531311035,0.5730489440449287,3562,1,1,SHELF_NORMAL_Y_NEG,1289,6,5.056624327025936,3.171328032459798,-39.75004083619575,0.0002921293477979,-3.509539477254729e-05,1.5307985165901976e-05,-1.522526752898855e-05,1.404953535375105e-05,-1.311570723059866e-05,1.1954384717682842e-05,1.3124493989380426e-06,,0.0027348054572939,0.0031613027676939,0.0030071418732404,1.5307985165901976e-05,1.522526752898855e-05,0.0,0.5696877211941148,-1.4973305931150098,0.0007800896350871,0.9848749178235467,,0,0,AMBIGUOUS,,False,False
BH032,168,1.6800012588500977,0.5810333524902742,3562,1,1,SHELF_NORMAL_Y_NEG,1289,6,5.056624327025936,3.1175006045452767,-40.18275350935093,0.0002980565169115,-3.817630354232919e-05,1.831892577676712e-05,-1.860338236897205e-05,1.6899895469828244e-05,-1.5788008992386326e-05,1.4400538930203766e-05,1.5676058637836832e-06,,0.0032944122795015,0.0037758990656584,0.0036130149383097,1.831892577676712e-05,1.860338236897205e-05,0.0,0.5725618779816479,-1.602416469960847,0.000796135093861,0.9808477903620252,,0,0,AMBIGUOUS,,False,False
BH032,169,1.6900005340576172,0.5890393198549596,3562,1,1,SHELF_NORMAL_Y_NEG,1289,6,5.056624327025936,3.083719232828368,-40.62846212097722,0.000304157315997,-4.2060478141002825e-05,2.1466456118092176e-05,-2.2593402394451854e-05,1.995848212645775e-05,-1.866173667328537e-05,1.7035543351084925e-05,1.8366289395999047e-06,,0.0038972224574536,0.0044238963164389,0.0042658927850425,2.1466456118092176e-05,2.2593402394451854e-05,0.0,0.5811706763869424,-1.610573387475352,0.0008134810747118,0.9786481329403116,,0,0,AMBIGUOUS,,False,False
BH032,170,1.700001239776611,0.5969297377910032,3562,1,1,SHELF_NORMAL_Y_NEG,1289,6,5.056624327025936,3.089637109413321,-41.05431388128663,0.0003104063910516,-4.541587365737131e-05,2.4866272246545907e-05,-2.5813474093542925e-05,2.297394814031836e-05,-2.1499038159984167e-05,1.9639306628960185e-05,2.099702214763965e-06,,0.0044928854331374,0.0050575621426105,0.0049118562601506,2.4866272246545907e-05,2.5813474093542925e-05,0.0,0.5850995988881234,-1.6189320724525715,0.000825041455776,0.9800937523427786,,0,0,AMBIGUOUS,,False,False
BH032,171,1.7100005149841309,0.6048225257093817,3562,1,1,SHELF_NORMAL_Y_NEG,1289,6,5.056624327025936,3.076853479293077,-41.496612846210496,0.0003155873919684,-4.7716593355428215e-05,2.716846450000291e-05,-2.8024002444704783e-05,2.4945138320059863e-05,-2.3356943730458616e-05,2.134631540684495e-05,2.269521701236954e-06,,0.0048833983018994,0.0054666073992848,0.0053324121981859,2.716846450000291e-05,2.8024002444704783e-05,0.0,0.5944395279945348,-1.7199276963332526,0.0008402894651775,0.9796237286235268,,0,0,AMBIGUOUS,,False,False
BH032,172,1.720001220703125,0.6128690521648117,3562,1,1,SHELF_NORMAL_Y_NEG,1289,6,5.056624327025936,3.0400811782505874,-41.91157124810504,0.0003221357844084,-5.237346943795496e-05,3.089426532325084e-05,-3.2889280506779184e-05,2.8681192798054182e-05,-2.688483794696162e-05,2.4592269255663268e-05,2.586607934063068e-06,,0.005625975318253,0.0062303743325173,0.0061316490173339,3.089426532325084e-05,3.2889280506779184e-05,0.0,0.60132817714672,-1.7478317424059755,0.0008624074014699,0.976857754056912,,0,0,AMBIGUOUS,,False,False
BH032,173,1.7300004959106443,0.6209884329393015,3562,1,1,SHELF_NORMAL_Y_NEG,1289,6,5.056624327025936,3.004448483508845,-42.32606282759633,0.0003292952219533,-5.592727626757587e-05,3.519380272470993e-05,-3.66841472626625e-05,3.2497979576527326e-05,-3.049377654491277e-05,2.79154846793972e-05,2.9078396437398624e-06,,0.0063862274400889,0.0070041264407336,0.0069475453346967,3.519380272470993e-05,3.66841472626625e-05,0.0,0.6090817214672507,-1.730882240558682,0.0008768269319449,0.9749320597840946,,0,0,AMBIGUOUS,,False,False
BH032,174,1.740001201629639,0.6290992604345317,3562,1,1,SHELF_NORMAL_Y_NEG,1289,6,5.056624327025936,2.9737641341112777,-42.77036044185893,0.0003356299752894,-5.958372908009923e-05,3.859450809973452e-05,-4.04155701686519e-05,3.558880651832229e-05,-3.3420423111128865e-05,3.061302413698286e-05,3.165366933899349e-06,,0.0070033441297709,0.007624433375895,0.0076044723391532,3.859450809973452e-05,4.04155701686519e-05,0.0,0.6175985154051398,-1.813066328581508,0.0008908156696785,0.9747499241260176,,0,0,AMBIGUOUS,,False,False
BH032,175,1.7500004768371582,0.6371856359537037,3562,1,1,SHELF_NORMAL_Y_NEG,1289,6,5.056624327025936,2.942159742475074,-43.26105993199088,0.0003413979313795,-6.166568695056287e-05,4.085182183800759e-05,-4.283470196801459e-05,3.767515250782482e-05,-3.53986928112832e-05,3.243857645429671e-05,3.3369606171618216e-06,,0.0074209752492606,0.0080377524718642,0.0080470126122236,4.085182183800759e-05,4.283470196801459e-05,0.0,0.625140596346885,-1.8949024754248,0.0009099930905846,0.9746784475472892,-2005.3004825445512,1,1,AMBIGUOUS,,False,False
BH032,176,1.7600011825561523,0.6453606009699099,3562,1,1,SHELF_NORMAL_Y_NEG,1289,6,5.056624327025936,2.916125119438677,-43.68975167463355,0.0003483654428155,-6.538792771048859e-05,4.4792906506094514e-05,-4.6800025351101913e-05,4.124087670749232e-05,-3.875789084878215e-05,3.555496004992165e-05,3.626187208283227e-06,,0.0081339105963706,0.0087344134226441,0.008805489167571,4.4792906506094514e-05,4.6800025351101913e-05,0.0,0.6335629272928828,-1.8715997154202355,0.0009269240319961,0.9734320177590448,,0,0,AMBIGUOUS,,False,False
BH032,177,1.770000457763672,0.6534643315698612,3562,1,1,SHELF_NORMAL_Y_NEG,1289,6,5.056624327025936,2.886892902225726,-44.09368604229997,0.0003557585819395,-7.076677599469677e-05,4.943924552917487e-05,-5.2335566705451154e-05,4.562694991773241e-05,-4.292779385861708e-05,3.941087197745219e-05,3.9787651076039765e-06,,0.0090160276740789,0.009583668783307,0.0097435088828206,4.943924552917487e-05,5.2335566705451154e-05,0.0,0.6395210095613576,-1.9030289118818635,0.0009449996151684,0.9715420643467382,,0,0,AMBIGUOUS,,False,False
BH032,178,1.780001163482666,0.6615779922995345,3562,1,1,SHELF_NORMAL_Y_NEG,1289,6,5.056624327025936,2.766871006815612,-44.56023176167167,0.00036284620425,-7.501514076041255e-05,5.349063113741051e-05,-5.72248422013586e-05,4.919899217876464e-05,-4.632942444509375e-05,4.255988460499793e-05,4.262323272996582e-06,,0.0097364280372858,0.0102666774764657,0.0104896873235702,5.349063113741051e-05,5.72248422013586e-05,0.0,0.6489120846671853,-2.0185613220729355,0.0009625326793059,0.9690118537061386,,0,0,AMBIGUOUS,,False,False
BH032,179,1.7900004386901855,0.6698274353540854,3562,1,1,SHELF_NORMAL_Y_NEG,1289,6,5.056624327025936,2.817808501016,-45.041142533056245,0.0003687134822572,-7.671259593275328e-05,5.5889219035454806e-05,-5.871461698347697e-05,5.1272660911999824e-05,-4.830832588397737e-05,4.439444455783814e-05,4.424222424859181e-06,,0.010156120173633,0.0106566445901989,0.0109475702047348,5.5889219035454806e-05,5.871461698347697e-05,0.0,0.6559621711373809,-2.044372695217671,0.0009799783070885,0.9672841659093318,,0,0,AMBIGUOUS,,False,False
BH032,180,1.8000011444091797,0.6781166146895724,3562,1,1,SHELF_NORMAL_Y_NEG,1289,6,5.056624327025936,2.775500906972857,-45.50136859017933,0.0003771626285617,-8.17859848035072e-05,6.110611916015885e-05,-6.413141473166073e-05,5.5825069381627554e-05,-5.2652881167984414e-05,4.842440830543637e-05,4.777298272529151e-06,,0.011078055948019,0.011507099494338,0.0119155412539839,6.110611916015885e-05,6.413141473166073e-05,0.0,0.6638709364337282,-2.0159854929131216,0.00099874996071,0.967415598320566,,0,0,AMBIGUOUS,,False,False
BH032,181,1.8100004196166992,0.6863532948025849,3562,1,1,SHELF_NORMAL_Y_NEG,1289,6,5.056624327025936,2.73237017852654,-45.99285174077182,0.0003829879142134,-8.473057433644546e-05,6.35170075531607e-05,-6.73911912318771e-05,5.810290514069885e-05,-5.4829499321977455e-05,5.044486169936136e-05,4.952547442371724e-06,,0.0115402750670909,0.011929222382605,0.0123907579109072,6.35170075531607e-05,6.73911912318771e-05,0.0,0.6730041064672665,-2.1149638754317093,0.0010153831232932,0.9664802226976188,,0,0,AMBIGUOUS,,False,False
BH032,182,1.8200011253356927,0.6944553544628975,3562,1,1,SHELF_NORMAL_Y_NEG,1289,6,5.056624327025936,2.716739619314036,-46.5126034000492,0.0003880060184725,-8.679684586526508e-05,6.501747050724211e-05,-6.949039600082129e-05,5.971883588709115e-05,-5.637588200526567e-05,5.188229260966182e-05,5.074794444226427e-06,,0.0118691157549619,0.0122236795723438,0.0127366883680224,6.501747050724211e-05,6.949039600082129e-05,0.0,0.677459250426625,-2.2226898949174654,0.0010371841088668,0.9637033574984676,,0,0,AMBIGUOUS,,False,False
BH032,183,1.830000400543213,0.7026351434454221,3562,1,1,SHELF_NORMAL_Y_NEG,1289,6,5.056624327025936,2.7017002089437185,-46.92506616087289,0.0003960300565355,-9.237844145342692e-05,7.010522264505023e-05,-7.526111149725703e-05,6.430056348256199e-05,-6.076566490983713e-05,5.596642222371884e-05,5.417685770225944e-06,,0.0128034427762031,0.0130496034398674,0.0137244816869497,7.010522264505023e-05,7.526111149725703e-05,0.0,0.6906359778331664,-2.185253318335976,0.0010577545601079,0.9604857916826052,,0,0,AMBIGUOUS,,False,False
BH032,184,1.840001106262207,0.7110894380898083,3562,1,1,SHELF_NORMAL_Y_NEG,1289,6,5.056624327025936,2.6392859517408134,-47.41260434520064,0.0004040981089648,-9.715146779309309e-05,7.482876344200518e-05,-8.044000481166927e-05,6.858658527689728e-05,-6.487589432976353e-05,5.9793153923237696e-05,5.735821105190553e-06,,0.0136788841336965,0.0138158984482288,0.0146341761574149,7.482876344200518e-05,8.044000481166927e-05,0.0,0.6972824396863977,-2.190371915185847,0.0010756575701947,0.9583562658256708,,0,0,AMBIGUOUS,,False,False
BH032,185,1.8500003814697263,0.7196348011973916,3562,1,1,SHELF_NORMAL_Y_NEG,1289,6,5.056624327025936,2.623221825494509,-47.84805002190482,0.0004096970634141,-0.000100403854787,7.748355256692954e-05,-8.373760632033982e-05,7.138987533189065e-05,-6.756778149860708e-05,6.230155850062147e-05,5.941707968304399e-06,,0.0142527325078845,0.0143118174746632,0.015234931372106,7.748355256692954e-05,8.373760632033982e-05,0.0,0.7039066503357141,-2.341299680780627,0.0011004696275983,0.9564842916076592,,0,0,AMBIGUOUS,,False,False
BH032,186,1.8600010871887207,0.7280325387239789,3562,1,1,SHELF_NORMAL_Y_NEG,1289,6,5.056624327025936,2.5992039656297736,-48.41002471255339,0.0004154083333931,-0.0001021615461466,7.933071082805371e-05,-8.56408137932935e-05,7.271656986771806e-05,-6.88444727479013e-05,6.349301838781685e-05,6.037272214598488e-06,,0.0145253026857972,0.0145420040935277,0.0155099341645836,7.933071082805371e-05,8.56408137932935e-05,0.0,0.7141699196598547,-2.406403799513157,0.0011251480814194,0.9511496990708066,,0,0,AMBIGUOUS,,False,False
BH032,187,1.87000036239624,0.7362638436283223,3562,1,1,SHELF_NORMAL_Y_NEG,1289,6,5.056624327025936,2.56685736839471,-48.81033777791144,0.0004238682961992,-0.0001081046377159,8.493147532812972e-05,-9.18995566539652e-05,7.765407875698657e-05,-7.359909123487097e-05,6.793281499994919e-05,6.390346243279055e-06,,0.0155409956350922,0.0153924562036991,0.016571819782257,8.493147532812972e-05,9.18995566539652e-05,0.0,0.7229807432688572,-2.356486134224009,0.0011522135708658,0.9400895031098556,,0,0,AMBIGUOUS,,False,False
BH032,188,1.8800010681152344,0.7443970560296269,3562,1,1,SHELF_NORMAL_Y_NEG,1289,6,5.056624327025936,2.507561210282196,-49.168541576338406,0.0004314793248308,-0.0001139535274079,9.018160986583095e-05,-9.804315859425526e-05,8.271626340140455e-05,-7.847764803470137e-05,7.249074405990541e-05,6.750152351742145e-06,,0.0165837127715349,0.0162591207772493,0.0176616329699754,9.018160986583095e-05,9.804315859425526e-05,0.0,0.732480569791291,-2.418395272449437,0.00118331666531,0.9265704738775667,,0,0,AMBIGUOUS,,False,False
BH032,189,1.890000343322754,0.7526488877481339,3562,1,1,SHELF_NORMAL_Y_NEG,1289,6,5.056624327025936,2.478692085703297,-49.68463821298754,0.0004372959912623,-0.000116569736072,9.246820238526898e-05,-0.0001008215090594,8.46319963002132e-05,-8.032611430702262e-05,7.421898772008717e-05,6.8852123149554245e-06,,0.0169790834188461,0.0165844429284334,0.0180582571774721,9.246820238526898e-05,0.0001008215090594,0.0,0.7382650118486854,-2.553583217929898,0.0012065032264922,0.9202962556597676,,0,0,AMBIGUOUS,,False,False
BH032,190,1.900001049041748,0.7612798355125185,3562,1,1,SHELF_NORMAL_Y_NEG,1289,6,5.056624327025936,2.448366674497669,-50.20791763819686,0.0004436776431471,-0.0001198245745755,9.527577212078448e-05,-0.0001042429134864,8.720336245999844e-05,-8.2812143519579e-05,7.654677028767765e-05,7.062785243761027e-06,,0.0175116099417209,0.0170121621340513,0.0186071041971445,9.527577212078448e-05,0.0001042429134864,0.0,0.7493430433859026,-2.5837357887545136,0.001224326369842,0.923316420199512,,0,0,AMBIGUOUS,,False,False
BH032,191,1.910000324249268,0.7697918754010128,3562,1,1,SHELF_NORMAL_Y_NEG,1289,6,5.056624327025936,2.4067725767232395,-50.57176162084853,0.000451618150099,-0.00012619332278,0.0001007316960884,-0.0001108687109087,9.2431269007868e-05,-8.787075616377067e-05,8.128614717861637e-05,7.4211761784681585e-06,,0.0185958370566368,0.0178754199296236,0.0197383053600788,0.0001007316960884,0.0001108687109087,0.0,0.7600393537909227,-2.578385571238344,0.0012450419197667,0.9223761022973817,,0,0,AMBIGUOUS,,False,False
BH032,192,1.9200010299682613,0.7781825446856446,3562,1,1,SHELF_NORMAL_Y_NEG,1289,6,5.056624327025936,2.348742123764493,-51.01534296820042,0.0004596638350833,-0.0001306628868692,0.0001056529408662,-0.000115797616856,9.651073528336696e-05,-9.182286728701456e-05,8.499175601173192e-05,7.69792495702859e-06,,0.0194435715675354,0.0185420252382755,0.0206050053238868,0.0001056529408662,0.000115797616856,0.0,0.7640830715800601,-2.6766442861763378,0.0012716813657802,0.9121680948100224,,0,0,AMBIGUOUS,,False,False
BH032,193,1.9300003051757808,0.7864520295210026,3562,1,1,SHELF_NORMAL_Y_NEG,1289,6,5.056624327025936,2.308605906930186,-51.488506257081085,0.0004660567274333,-0.0001341516340266,0.000108878263433,-0.000119460659105,9.952017165890224e-05,-9.474264872540668e-05,8.773217268753797e-05,7.899388037913013e-06,,0.0200704950839281,0.0190272908657789,0.0212491154670715,0.000108878263433,0.000119460659105,0.0,0.7764120151890568,-2.77537343957428,0.001301645018155,0.9000007299275607,,0,0,AMBIGUOUS,,False,False
BH032,194,1.940001010894776,0.7947089427775541,3562,1,1,SHELF_NORMAL_Y_NEG,1289,6,5.056624327025936,2.2578573655745933,-51.903967561547496,0.00047449296699,-0.000140641421289,0.0001142869833539,-0.000126456910037,0.0001043981511237,-9.948226358552056e-05,9.218413470080122e-05,8.222531505452935e-06,,0.0210889708250761,0.0198056474328041,0.0222962871193885,0.0001142869833539,0.000126456910037,0.0,0.7843736079872731,-2.782336181242099,0.0013222490731821,0.8968841395362802,,0,0,AMBIGUOUS,,False,False
BH032,195,1.950000286102295,0.8033602013703433,3562,1,1,SHELF_NORMAL_Y_NEG,1289,6,5.056624327025936,2.2166447952864634,-52.39822550820581,0.0004816275695162,-0.000144619636245,0.0001182578885988,-0.0001304671722073,0.0001076383524415,-0.0001026337791037,9.514650446362792e-05,8.435023119091056e-06,,0.0217666719108819,0.0203174781054258,0.0229991618543863,0.0001182578885988,0.0001304671722073,0.0,0.7953930867031154,-2.82815068258599,0.001339223992486,0.8939745710309903,,0,0,AMBIGUOUS,,False,False
BH032,196,1.960000991821289,0.8118409782438618,3562,1,1,SHELF_NORMAL_Y_NEG,1289,6,5.056624327025936,2.145978479208395,-52.91552779907588,0.0004878787630059,-0.0001468299772298,0.0001209215803756,-0.0001331776694571,0.0001103615224267,-0.0001052872271853,9.7643154731486e-05,8.611207704234403e-06,,0.0223378334194421,0.0207418538630008,0.023556986823678,0.0001209215803756,0.0001331776694571,0.0,0.8055841595567133,-2.9605997125548145,0.0013653411439915,0.8822008588394882,,0,0,AMBIGUOUS,,False,False
BH032,197,1.9700002670288088,0.819900008170235,3562,1,1,SHELF_NORMAL_Y_NEG,1289,6,5.056624327025936,2.1084146637246106,-53.33162715334902,0.0004956756253003,-0.0001532961920332,0.0001260495132661,-0.0001396962085574,0.0001147913349938,-0.0001096094445374,0.00010171347094,8.894304301065858e-06,,0.0232689995318651,0.0214237496256828,0.0245220754295587,0.0001260495132661,0.0001396962085574,0.0,0.8125096068759109,-3.019873976709288,0.0013862481332097,0.8695491256027659,,0,0,AMBIGUOUS,,False,False
BH032,198,1.9800009727478027,0.8280343196168332,3562,1,1,SHELF_NORMAL_Y_NEG,1289,6,5.056624327025936,2.0655080515223614,-53.67832680542495,0.0005049094519767,-0.0001611857702172,0.000132832362581,-0.0001479368122146,0.0001210293297976,-0.0001157022029009,0.0001074542815331,9.290039088227786e-06,,0.0245823226869106,0.0223769582808017,0.0258863363415002,0.000132832362581,0.0001479368122146,0.0,0.8232221606375202,-3.00332038991072,0.0013960341520552,0.860032583727204,,0,0,AMBIGUOUS,,False,False
BH032,199,1.9900002479553225,0.8359044359423154,3562,1,1,SHELF_NORMAL_Y_NEG,1289,6,5.056624327025936,1.9979991333810725,-54.14891049874647,0.0005120565436629,-0.0001652501904163,0.0001366521451232,-0.0001525423103927,0.0001247261043473,-0.0001193180517997,0.000110863460577,9.522404070594348e-06,,0.025362242013216,0.0229366570711135,0.0266756191849708,0.0001366521451232,0.0001525423103927,0.0,0.8311183582229204,-3.0753588053843446,0.0014162884036806,0.8456433387568235,,0,0,AMBIGUOUS,,False,False
BH032,200,2.0000009536743164,0.8436127000684883,3562,1,1,SHELF_NORMAL_Y_NEG,1289,6,5.056624327025936,1.924682567974822,-54.74765129356169,0.0005174681465684,-0.0001667778710397,0.0001380407622033,-0.0001544610121222,0.0001258013988719,-0.0001203713427666,0.0001118576838052,9.589015462552196e-06,,0.0255896914750337,0.0230971053242683,0.0268906243145465,0.0001380407622033,0.0001544610121222,0.0,0.8435440733722116,-3.2146618802066618,0.0014433880486934,0.8301099624143335,-3891.6851027381153,1,1,AMBIGUOUS,,False,False
BH032,201,2.010000228881836,0.8510478017763553,3562,1,1,SHELF_NORMAL_Y_NEG,1289,6,5.056624327025936,1.9027295998017648,-55.21741212777746,0.0005245618064874,-0.0001717495265237,0.0001420814389387,-0.0001593902047112,0.0001294381823686,-0.0001239400884993,0.0001152286422438,9.811271411308551e-06,,0.0263557378202676,0.0236289203166961,0.0276811178773641,0.0001420814389387,0.0001593902047112,0.0,0.8534388356712628,-3.266135840288656,0.0014507776372834,0.8040107993350791,,0,0,AMBIGUOUS,,False,False
BH032,202,2.02000093460083,0.85671263587787,3562,1,1,SHELF_NORMAL_Y_NEG,1289,6,5.056624327025936,1.704629062703258,-55.83730605824196,0.0005316664972283,-0.0001738541958774,0.0001448438263647,-0.000162921554845,0.0001320158629742,-0.0001264715427834,0.0001176211371785,9.967640835384373e-06,,0.0269081965088844,0.0240091010928154,0.0281744915992021,0.0001448438263647,0.000162921554845,0.0,0.8630870827571211,-3.300127405073866,0.0014556069253552,0.7444020982494804,,0,0,AMBIGUOUS,,False,False
BH032,203,2.0300002098083496,0.8624170881551202,3562,1,1,SHELF_NORMAL_Y_NEG,1289,6,5.056624327025936,1.7560678445501414,-55.67763120386544,0.0005375177271093,-0.0001833061449963,0.0001519615845049,-0.0001718551513211,0.0001386346571005,-0.0001329895621276,0.0001237894466612,1.0365276466473006e-05,,0.0283193197101354,0.024966886267066,0.0296838171780109,0.0001519615845049,0.0001718551513211,0.0,0.8770945526665391,-3.551060333674439,0.0015172171483948,0.7267718506288837,,0,0,AMBIGUOUS,,False,False
BH032,204,2.040000915527344,0.8699040784037846,3562,1,1,SHELF_NORMAL_Y_NEG,1289,6,5.056624327025936,1.2098878402348985,-56.5270749943321,0.0005498931473336,-0.0001883312561475,0.000159065415814,-0.0001800555579349,0.0001449100360572,-0.0001391757236147,0.000129643100081,1.0744787687144708e-05,,0.0296584609895944,0.025881016626954,0.0308999624103307,0.000159065415814,0.0001800555579349,0.0,0.8856507235135169,-3.5461525615199454,0.0015144641150221,0.7145259648542728,,0,0,AMBIGUOUS,,False,False
BH032,205,2.050000190734864,0.874477111768332,3562,1,1,SHELF_NORMAL_Y_NEG,1289,6,5.056624327025936,1.1131639179257102,-56.8413599390151,0.0005522945987976,-0.0001868044404971,0.0001587393178112,-0.0001797524137164,0.0001449103717298,-0.0001391759206725,0.000129643100081,1.0744787687144708e-05,,0.0296584609895944,0.025881016626954,0.0308391768485307,0.000159065415814,0.0001800555579349,0.0,0.8833686299727115,-3.475729887038338,0.00148712059073,0.6462970619999528,,0,0,AMBIGUOUS,,False,False
BH032,206,2.0600008964538574,0.8796618221153213,3562,1,1,SHELF_NORMAL_Y_NEG,1289,6,5.056624327025936,1.3587419676774262,-57.20325383985979,0.0005553082886485,-0.0001888495576507,0.0001592541399484,-0.000180097283718,0.0001449104443843,-0.0001391759069388,0.000129643100081,1.0744787687144708e-05,,0.0296584609895944,0.025881016626954,0.0308997891843318,0.0001592541399484,0.000180097283718,0.0,0.8956639343307209,-3.5124421206437315,0.0015454781152338,0.6504092059351745,,0,0,AMBIGUOUS,,False,False
BH032,207,2.070000171661377,0.8871720676332661,3562,1,1,SHELF_NORMAL_Y_NEG,1289,6,5.056624327025936,1.5609784722849651,-57.66343027106844,0.000562878925289,-0.0001953478457411,0.0001635154308405,-0.0001853260262953,0.0001484671386355,-0.0001426898238454,0.000132979999762,1.0948259841825347e-05,,0.0304218437522649,0.0263711232692003,0.0317787937819957,0.0001635154308405,0.0001853260262953,0.0,0.9033835765376648,-3.657451734176948,0.0015545042468805,0.6463658885594249,,0,0,AMBIGUOUS,,False,False
BH032,208,2.080000877380371,0.8930996750714061,3562,1,1,SHELF_NORMAL_Y_NEG,1289,6,5.056624327025936,1.419538612652286,-57.7842540912672,0.0005788708256578,-0.0002124864964856,0.0001784285640794,-0.0002036859513549,0.0001619540417479,-0.0001560143628526,0.0001456288155168,1.172750853584148e-05,,0.0333155132830143,0.0282481014728546,0.0347243212163448,0.0001784285640794,0.0002036859513549,0.0,0.9188046379372256,-3.787930390226267,0.0015498198889377,0.6184760929737798,,0,0,AMBIGUOUS,,False,False
BH032,209,2.09000015258789,0.8993259142347114,3562,1,1,SHELF_NORMAL_Y_NEG,1289,6,5.056624327025936,1.4080927848576883,-58.61433634380688,0.0005857484973105,-0.0002130198348463,0.0001791068742075,-0.0002047598741105,0.0001627018368231,-0.0001567535391947,0.0001463316002627,1.1769702723540831e-05,,0.0334762893617153,0.0283497348427772,0.0348416343331337,0.0001791068742075,0.0002047598741105,0.0,0.9261117743590886,-3.7384625365355815,0.0015872460354324,0.6228301504244712,,0,0,AMBIGUOUS,,False,False
BH032,210,2.1000008583068848,0.9056874419522328,3562,1,1,SHELF_NORMAL_Y_NEG,1289,6,5.056624327025936,1.3474203130990463,-59.13645766037758,0.0005889796798952,-0.0002138297545125,0.0001790220596742,-0.0002056960523361,0.0001630265842906,-0.0001570742211092,0.000146636244608,1.178787715616636e-05,,0.0335459820926189,0.0283935125917196,0.0348792411386966,0.0001791068742075,0.0002056960523361,0.0,0.9500153457592496,-3.80747997797699,0.0015642308325698,0.6036536216536907,,0,0,AMBIGUOUS,,False,False
BH032,211,2.1100001335144043,0.9118333169011316,3562,1,1,SHELF_NORMAL_Y_NEG,1289,6,5.056624327025936,1.4299499098133748,-59.83488156856691,0.0006019507775029,-0.0002238741899212,0.0001870966509771,-0.0002152386979326,0.0001697208309765,-0.0001637008057701,0.000152948370669,1.2150944712630007e-05,,0.0349900089204311,0.0292680338025093,0.0364215485751628,0.0001870966509771,0.0002152386979326,0.0,0.9557022919170124,-3.876387306842219,0.0016031754740682,0.6025827882014354,,0,0,ELASTIC_RESPONSE_WITHOUT_CONFIRMED_PRIOR_YIELD,,False,False
BH032,212,2.1200008392333984,0.9171650677777926,3562,1,1,SHELF_NORMAL_Y_NEG,1289,6,5.056624327025936,1.2048306024885196,-59.49067256194145,0.0006314725389338,-0.0002590345981102,0.0002189665094385,-0.0002519864582659,0.0001984669179506,-0.0001921978499346,0.0001800896861823,1.372176302538719e-05,,0.0411991290748119,0.033051673322916,0.0428077206015586,0.0002189665094385,0.0002519864582659,0.0,0.985703262341165,-3.758109099325667,0.0016317906873555,0.5973560379875371,,0,0,ELASTIC_RESPONSE_WITHOUT_CONFIRMED_PRIOR_YIELD,,False,False
BH032,213,2.130000114440918,0.923224726446359,3562,1,1,SHELF_NORMAL_Y_NEG,1289,6,5.056624327025936,0.8533726814599428,-60.62949999847965,0.000639914226708,-0.0002578831334237,0.0002197159596941,-0.0002530845846775,0.0001989876977942,-0.0001927159610054,0.000180583258043,1.3750117432209665e-05,,0.0413120463490486,0.0331199690699577,0.042752880603075,0.0002197159596941,0.0002530845846775,4.10864595323801e-05,0.98225962980621,-3.8806398972060863,0.0016322755782797,0.5916255458921464,,0,0,CONTINUED_PLASTIC_LOADING,,False,False
BH032,214,2.140000820159912,0.9282381115892268,3562,1,1,SHELF_NORMAL_Y_NEG,1289,6,5.056624327025936,0.9116706538272112,-61.24038822610997,0.0006447001537476,-0.0002587746890908,0.0002203072222147,-0.0002535450938037,0.0001989882800192,-0.0001927160948378,0.000180583258043,1.3750117432209665e-05,,0.0413120463490486,0.0331199690699577,0.0427564792335033,0.0002203072222147,0.0002535450938037,4.10864595323801e-05,0.996997876890585,-3.963090626725519,0.0016658339944756,0.5870280340263888,,0,0,ELASTIC_RELOADING,,False,False
BH032,215,2.150000095367432,0.9326515320021344,3562,1,1,SHELF_NORMAL_Y_NEG,1289,6,5.056624327025936,1.0024028521165782,-61.32287792399345,0.0006570095461937,-0.000274353882868,0.0002322135470654,-0.0002683299687973,0.0002094196046182,-0.0002031188458349,0.0001905208628159,1.4293388630903792e-05,,0.0435854755342006,0.0344285517930984,0.0451446697115898,0.0002322135470654,0.0002683299687973,5.150349898030981e-05,1.000000108078413,-4.014526654382693,0.001709375858268,0.5838516943460983,,0,0,CONTINUED_PLASTIC_LOADING,,False,False
BH032,216,2.160000801086426,0.93623683976486,3562,1,1,SHELF_NORMAL_Y_NEG,1289,6,5.056624327025936,0.9221375382709096,-61.92790410890464,0.0006648453273278,-0.0002785929149606,0.0002360480946476,-0.0002729428551487,0.0002127892566808,-0.0002064833053863,0.0001937364868354,1.4469192137767097e-05,,0.0443211086094379,0.0348520092666149,0.0458684042096138,0.0002360480946476,0.0002729428551487,6.719987140968442e-05,0.9998960762055088,-4.146018934762441,0.0017596786220429,0.581988921117151,,0,0,CONTINUED_PLASTIC_LOADING,,False,False
BH032,217,2.1700000762939453,0.9349501462047892,3562,1,1,SHELF_NORMAL_Y_NEG,1289,6,5.056624327025936,0.6145190585036637,-61.48384742253021,0.0006685176975262,-0.0002867818247102,0.0002432919570381,-0.0002827561839929,0.000220163312383,-0.0002138770926375,0.0002008032315643,1.4851379091851412e-05,,0.0459377691149711,0.0357725843787193,0.0475145727396011,0.0002432919570381,0.0002827561839929,8.212873945012689e-05,1.000000050449414,-4.172819707494846,0.0017752276460084,0.5440542664597636,,0,0,CONTINUED_PLASTIC_LOADING,,False,False
BH032,218,2.1800007820129395,0.9361911662756114,3562,1,1,SHELF_NORMAL_Y_NEG,1289,6,5.056624327025936,0.5862508281955965,-61.67788835041625,0.0006843612962672,-0.0003077619721802,0.0002591936629247,-0.0003025323300943,0.0002346491110887,-0.0002284727480945,0.0002147708582924,1.559818883833941e-05,,0.0491331443190574,0.0375714264810085,0.0508442297577858,0.0002591936629247,0.0003025323300943,0.0001045312455971,1.0000000303525818,-4.328939030046197,0.0019285060849721,0.5895648036156111,,0,0,CONTINUED_PLASTIC_LOADING,,False,False
BH032,219,2.190000057220459,0.9339128807579702,3562,1,1,SHELF_NORMAL_Y_NEG,1289,6,5.056624327025936,-0.5449470848765561,-61.37372274862029,0.0007119382427177,-0.0003363377416433,0.0002879798392917,-0.0003398207372554,0.0002624330070178,-0.0002565379284869,0.0002415754133835,1.7087377273128368e-05,,0.055265225470066,0.0411584414541721,0.0568443648517131,0.0002879798392917,0.0003398207372554,0.0001213499272125,0.9960563970409788,-4.414183682844847,0.0018621893647663,0.5334532296602421,,0,0,CONTINUED_PLASTIC_LOADING,,False,False
BH032,220,2.200000762939453,0.9315094353422024,3562,1,1,SHELF_NORMAL_Y_NEG,1289,6,5.056624327025936,-1.8387182595705671,-59.57248666177845,0.0007537971585985,-0.0004062805542722,0.0003454362688538,-0.0004155600956145,0.0003172047301378,-0.0003139613548535,0.0002963977749459,2.015224163187668e-05,,0.0678069442510604,0.0485407933592796,0.0699795857071876,0.0003454362688538,0.0004155600956145,0.0001954727631527,0.9996003054288232,-4.853641132482679,0.0019821394618227,0.5433656421101678,,0,0,CONTINUED_PLASTIC_LOADING,,False,False
BH032,221,2.2100000381469727,0.9291291063031646,3562,1,1,SHELF_NORMAL_Y_NEG,1289,6,5.056624327025936,-2.391330340160372,-59.10846153947151,0.0007943586684912,-0.0004580605509134,0.0003887335959895,-0.0004716317211156,0.000357884574531,-0.0003567628105333,0.000337210134603,2.2615931811742485e-05,,0.0771435871720314,0.0544750951230526,0.0793766006827354,0.0003887335959895,0.0004716317211156,0.0002125174942193,1.0000000082025668,-4.9837802790777,0.0021378395255189,0.5682717469071539,,0,0,CONTINUED_PLASTIC_LOADING,,False,False
BH032,222,2.220000743865967,0.930355435505378,3562,1,1,SHELF_NORMAL_Y_NEG,1289,6,5.056624327025936,-2.9319263299886265,-56.27048363434165,0.00086420696241,-0.0005627905357464,0.0004750899566614,-0.0005832078366261,0.0004392612743666,-0.0004437032954306,0.0004200059629511,2.776432665996253e-05,,0.0960847958922386,0.0668760612607002,0.098951868712902,0.0004750899566614,0.0005832078366261,0.0002629452210385,0.9974151327945776,-5.271668789591901,0.002117557987216,0.549338354556614,,0,0,CONTINUED_PLASTIC_LOADING,,False,False
BH032,223,2.2300000190734863,0.934560796600502,3562,1,1,SHELF_NORMAL_Y_NEG,1289,6,5.056624327025936,-2.802109544451052,-56.5802708039202,0.0008672010085777,-0.0005704536924903,0.0004777296003059,-0.0005881866588764,0.0004416880985666,-0.0004463097935728,0.0004224832809995,2.7920577849727124e-05,,0.0966515243053436,0.0672524198889732,0.0997667908668518,0.0004777296003059,0.0005881866588764,0.0003077243745792,1.0000000692130293,-5.351431727207209,0.0021409215898357,0.5508860327448025,,0,0,CONTINUED_PLASTIC_LOADING,,False,False
BH032,224,2.2400007247924805,0.9371707789040437,3562,1,1,SHELF_NORMAL_Y_NEG,1289,6,5.056624327025936,-2.870297141318455,-56.54322107282847,0.0008946343644055,-0.000604333380829,0.0005049052293404,-0.0006230515209757,0.0004664745002679,-0.0004728797985424,0.0004478115879464,2.951125134131871e-05,,0.1024458929896354,0.0710838884115219,0.1055543720722198,0.0005049052293404,0.0006230515209757,0.0003209089627489,0.9993313736889288,-5.446041147399613,0.0021915447935502,0.5579202659931566,,0,0,CONTINUED_PLASTIC_LOADING,,False,False
BH032,225,2.25,0.9393645981332588,3562,1,1,SHELF_NORMAL_Y_NEG,1289,6,5.056624327025936,-2.997390607304662,-54.85294912469366,0.0009192495324976,-0.0006477923958638,0.0005408890217792,-0.000667704345402,0.0005007160607987,-0.0005094385044466,0.0004826201184187,3.179395571351051e-05,,0.1104090362787246,0.0765822455286979,0.1139697805047035,0.0005408890217792,0.000667704345402,0.0003422996087465,0.9997590946335924,-5.54327608073007,0.0022380075455319,0.5569912106701215,-58014.56541500503,1,1,CONTINUED_PLASTIC_LOADING,,False,False
BH032,226,2.260000705718994,0.9435644511128094,3562,1,1,SHELF_NORMAL_Y_NEG,1289,6,5.056624327025936,-3.236971402412866,-56.05778180208839,0.0009280205684009,-0.0006495333390079,0.0005411199822037,-0.0006713131159906,0.0005007178649684,-0.000509435734722,0.0004826201184187,3.179395571351051e-05,,0.1104090362787246,0.0765822455286979,0.1136327609419822,0.0005411199822037,0.0006713131159906,0.0003900020965375,0.9999673328516856,-5.605982127793544,0.0022800765481408,0.5607958479150963,,0,0,CONTINUED_PLASTIC_LOADING,,False,False
BH032,227,2.2699999809265137,0.9483495130796114,3562,1,1,SHELF_NORMAL_Y_NEG,1289,6,5.056624327025936,-3.0690446285556274,-55.78486007391763,0.0009479237043282,-0.0006806879895594,0.0005638232842885,-0.0007003933719582,0.0005210948845076,-0.0005313312978984,0.0005035107024013,3.311569525976665e-05,,0.1151881739497184,0.0797659233212471,0.1188471019268035,0.0005638232842885,0.0007003933719582,0.0003963225462939,1.000000039998419,-5.749060764302401,0.0022903160085491,0.5606437544679479,,0,0,CONTINUED_PLASTIC_LOADING,,False,False
BH032,228,2.280000686645508,0.9519157633784996,3562,1,1,SHELF_NORMAL_Y_NEG,1289,6,5.056624327025936,-3.2484225874017483,-55.56841179214356,0.0009746354084493,-0.0007174445392281,0.0005913593590719,-0.0007390616770519,0.0005472429990345,-0.0005595340095995,0.0005304152728058,3.483542241156101e-05,,0.1213431432843208,0.08390823751688,0.1250760108232498,0.0005913593590719,0.0007390616770519,0.0004523119423538,0.9964014762493838,-5.88259021887695,0.0023306118003862,0.5607013219145272,,0,0,CONTINUED_PLASTIC_LOADING,,False,False
BH032,229,2.289999961853028,0.955796290004535,3562,1,1,SHELF_NORMAL_Y_NEG,1289,6,5.056624327025936,-3.340017327994248,-55.78576154308376,0.0010052191185456,-0.0007576344674835,0.0006209710898728,-0.0007793543103376,0.0005741631261801,-0.0005886220603881,0.0005581855075433,3.661048685899004e-05,,0.1276961416006088,0.0881838425993919,0.1316257119178772,0.0006209710898728,0.0007793543103376,0.0005131472134962,1.0000000216910527,-6.0069634355546935,0.0023792076056221,0.5674019188699218,,0,0,CONTINUED_PLASTIC_LOADING,,False,False
BH032,230,2.300000667572021,0.960049566488526,3562,1,1,SHELF_NORMAL_Y_NEG,1289,6,5.056624327025936,-3.815164073576236,-56.49883089642427,0.0010175990057487,-0.0007683282581056,0.0006288673671645,-0.0007928870845502,0.0005821695308844,-0.0005973012404841,0.000566465081647,3.713889964274131e-05,,0.1295902580022812,0.089456632733345,0.133334070444107,0.0006288673671645,0.0007928870845502,0.0005160470609553,0.9987044648521676,-6.072455847478082,0.0023924622220675,0.5639563989272214,,0,0,CONTINUED_PLASTIC_LOADING,,False,False
BH032,231,2.309999942779541,0.963538405350277,3562,1,1,SHELF_NORMAL_Y_NEG,1289,6,5.056624327025936,-4.02715136276194,-56.07634372723841,0.0010469429789403,-0.0008094001816337,0.0006606880610699,-0.0008358680555098,0.0006121936715683,-0.0006299203269225,0.0005976315005682,3.9120306610129774e-05,,0.136720210313797,0.0942292585968971,0.1405455917119979,0.0006606880610699,0.0008358680555098,0.000561754044611,1.0000001411555632,-6.174873895850415,0.002436463510259,0.5678072157433973,,0,0,CONTINUED_PLASTIC_LOADING,,False,False
BH032,232,2.320000648498535,0.9666355939478942,3562,1,1,SHELF_NORMAL_Y_NEG,1289,6,5.056624327025936,-3.834583140666041,-55.622380312174094,0.0010681868043591,-0.0008449623179517,0.000685608635057,-0.0008695603224738,0.0006349890316713,-0.0006547222736196,0.0006213551969267,4.061948857270181e-05,,0.1421474814414978,0.0978403389453888,0.1464347392320633,0.000685608635057,0.0008695603224738,0.0005855609197169,0.999968687624284,-6.319379575855209,0.0024846898832511,0.5730869251240833,,0,0,CONTINUED_PLASTIC_LOADING,,False,False
BH032,233,2.3299999237060547,0.9705059306127338,3562,1,1,SHELF_NORMAL_Y_NEG,1289,6,5.056624327025936,-3.93365920162626,-56.007921817441485,0.001082721407145,-0.0008600821892408,0.0006972819647911,-0.0008855612909323,0.0006449899164463,-0.000665651512514,0.0006317984079942,4.127937791054137e-05,,0.1445365697145462,0.0994298234581947,0.1487932205200195,0.0006972819647911,0.0008855612909323,0.0006208565901033,0.9984854713777702,-6.395814122617241,0.002504742335314,0.5711405372359603,,0,0,CONTINUED_PLASTIC_LOADING,,False,False
BH032,234,2.340000629425049,0.9735212270503282,3562,1,1,SHELF_NORMAL_Y_NEG,1289,6,5.056624327025936,-4.197660788086304,-56.05800302094099,0.0011092927179227,-0.000897092185246,0.0007234001617352,-0.0009245031130958,0.0006705436514587,-0.000693554279012,0.0006585007649846,4.295810867915861e-05,,0.1506452709436416,0.1034733951091766,0.1549088358879089,0.0007234001617352,0.0009245031130958,0.0006477355491369,0.9997916281521024,-6.458190751495595,0.0025442903063932,0.5749905595160867,,0,0,CONTINUED_PLASTIC_LOADING,,False,False
BH032,235,2.3499999046325684,0.9764529131567332,3562,1,1,SHELF_NORMAL_Y_NEG,1289,6,5.056624327025936,-4.03831332792871,-55.50959621350213,0.0011298861512782,-0.0009311585175963,0.000747551923059,-0.0009577004678045,0.0006928009995884,-0.000717886470265,0.0006818046094849,4.441848795977421e-05,,0.1559764891862869,0.1069910079240799,0.1605256050825119,0.000747551923059,0.0009577004678045,0.0006863861344754,0.9998562506064508,-6.612131277259296,0.0025898022641438,0.5791545375682015,,0,0,CONTINUED_PLASTIC_LOADING,,False,False
BH032,236,2.3600006103515625,0.9793340277911362,3562,1,1,SHELF_NORMAL_Y_NEG,1289,6,5.056624327025936,-4.12737546989272,-55.47825058137427,0.0011540560804677,-0.0009649370844512,0.0007714264984618,-0.0009926067002485,0.0007154033307934,-0.0007427040168644,0.0007055741152726,4.590645403368399e-05,,0.1614142507314682,0.1105750799179077,0.1660724878311157,0.0007714264984618,0.0009926067002485,0.0007256618118844,0.9999999756652383,-6.705750407045384,0.0026234013330069,0.5795346863625266,,0,0,CONTINUED_PLASTIC_LOADING,,False,False
BH032,237,2.369999885559082,0.981943668210536,3562,1,1,SHELF_NORMAL_Y_NEG,1289,6,5.056624327025936,-4.416085654929894,-55.57460322456697,0.0011796342862501,-0.0009988503442005,0.0007966996691015,-0.0010281546555681,0.0007390782513783,-0.000768727492131,0.0007305141189135,4.74756998301018e-05,,0.1671197712421417,0.1143549308180809,0.1718969941139221,0.0007966996691015,0.0010281546555681,0.0007529419381171,1.00000001530757,-6.827164869118284,0.0026664591707992,0.5834922062076281,,0,0,CONTINUED_PLASTIC_LOADING,,False,False
BH032,238,2.380000591278076,0.983333402394738,3562,1,1,SHELF_NORMAL_Y_NEG,1289,6,5.056624327025936,-4.578957865303859,-55.55851120294052,0.001194599717222,-0.001019595198654,0.0008116287840567,-0.0010501729059831,0.0007534025281543,-0.0007844952489827,0.0007456389139406,4.842479029321112e-05,,0.1705798655748367,0.1166410148143768,0.175322026014328,0.0008116287840567,0.0010501729059831,0.0007758334977552,1.0000000220874803,-6.893471743392025,0.0026975645284025,0.5829085257460666,,0,0,CONTINUED_PLASTIC_LOADING,,False,False
BH032,239,2.3900012969970703,0.9838473188472812,3562,1,1,SHELF_NORMAL_Y_NEG,1289,6,5.056624327025936,-4.523557981273612,-55.95857233082568,0.0012138419429309,-0.0010443775512712,0.0008284107880237,-0.0010742671323334,0.0007678790042112,-0.0008004630085313,0.0007609810563735,4.93638071930036e-05,,0.1735835820436477,0.1189023256301879,0.17843659222126,0.0008284107880237,0.0010742671323334,0.0008202857570722,0.9999349271273256,-7.033206994087798,0.0027607610859262,0.5866461041408517,,0,0,CONTINUED_PLASTIC_LOADING,,False,False
BH032,240,2.40000057220459,0.985247136580665,3562,1,1,SHELF_NORMAL_Y_NEG,1289,6,5.056624327025936,-4.784537737798405,-55.091497678697465,0.0012554741591855,-0.0011048592198641,0.0008757530331786,-0.0011368363831458,0.0008142546459194,-0.0008518467617554,0.0008102346910163,5.244061685516499e-05,,0.1816376596689224,0.1263139396905899,0.1867415457963943,0.0008757530331786,0.0011368363831458,0.0008696456206962,0.9998658663397058,-7.211681933098168,0.0028113812926064,0.5898348440425254,,0,0,CONTINUED_PLASTIC_LOADING,,False,False
BH032,241,2.410001277923584,0.9883302192951894,3562,1,1,SHELF_NORMAL_Y_NEG,1289,6,5.056624327025936,-4.919656404102849,-55.46406495614209,0.0012821447324882,-0.0011371357190475,0.0008996610727949,-0.001170234066169,0.00083671601024,-0.0008767579757909,0.0008341135107912,5.394155596150085e-05,,0.1855421215295791,0.1299292743206024,0.1906631737947464,0.0008996610727949,0.001170234066169,0.0009066489874385,1.0000000859487583,-7.321812564582152,0.0028402938320368,0.5920411961206058,,0,0,CONTINUED_PLASTIC_LOADING,,False,False
BH032,242,2.4200005531311035,0.9913459520481824,3562,1,1,SHELF_NORMAL_Y_NEG,1289,6,5.056624327025936,-4.865175612312217,-55.60425041681204,0.0012943047389939,-0.0011526640914756,0.0009112517952133,-0.0011849861034276,0.0008466581187593,-0.0008877898816054,0.0008447074214927,5.4596002883045e-05,,0.1872743517160415,0.1315056383609771,0.1925284713506698,0.0009112517952133,0.0011849861034276,0.0009367653983645,1.000000098318572,-7.356512037386786,0.0028852786464461,0.5965587941368058,,0,0,CONTINUED_PLASTIC_LOADING,,False,False
BH032,243,2.4300012588500977,0.9931118051086862,3562,1,1,SHELF_NORMAL_Y_NEG,1289,6,5.056624327025936,-4.9952376459199455,-55.44532356959337,0.0013237552141613,-0.0011933113669766,0.000940995020524,-0.0012273382477774,0.0008760901357075,-0.000920518864779,0.0008761282660998,5.6544853578088805e-05,,0.1924120187759399,0.1361998319625854,0.197793573141098,0.000940995020524,0.0012273382477774,0.0009684225078672,0.9995082169178524,-7.540675170638458,0.0029457546532438,0.6024838806806361,,0,0,CONTINUED_PLASTIC_LOADING,,False,False
BH032,244,2.440000534057617,0.9951806162971906,3562,1,1,SHELF_NORMAL_Y_NEG,1289,6,5.056624327025936,-5.015318860140335,-55.243728428098,0.0013616272015432,-0.0012454235708327,0.0009797998851235,-0.0012800498994554,0.0009125986949363,-0.0009610632961505,0.0009150843834504,5.897471055504866e-05,,0.1987818032503128,0.1420526504516601,0.2043638825416565,0.0009797998851235,0.0012800498994554,0.0010309894569218,1.000000039766214,-7.671787668854902,0.0029883731275083,0.6051954742247228,,0,0,CONTINUED_PLASTIC_LOADING,,False,False
BH032,245,2.450001239776612,0.997197040023479,3562,1,1,SHELF_NORMAL_Y_NEG,1289,6,5.056624327025936,-4.998443427693068,-55.01243235170176,0.0013904874883711,-0.0012844922358384,0.0010101826103421,-0.0013190782964203,0.0009406792144806,-0.0009922526211671,0.000945052539464,6.0845912230433896e-05,,0.2036819458007812,0.1465598195791244,0.2094297707080841,0.0010101826103421,0.0013190782964203,0.0010736456606537,1.0000000272098857,-7.837506779760116,0.0030302004352314,0.6071115646529317,,0,0,CONTINUED_PLASTIC_LOADING,,False,False
BH032,246,2.460000514984131,0.9986980399222046,3562,1,1,SHELF_NORMAL_Y_NEG,1289,6,5.056624327025936,-5.062198880671407,-54.5818175815856,0.001424791407232,-0.0013335621521413,0.0010471670621872,-0.0013688849854286,0.000976190264925,-0.0010316918866337,0.000982969533652,6.321950786514208e-05,,0.2098818123340606,0.1522771120071411,0.2157923132181167,0.0010471670621872,0.0013688849854286,0.0011181901209056,1.0000000477433446,-7.957897148814021,0.003081122664129,0.611866491429348,,0,0,CONTINUED_PLASTIC_LOADING,,False,False
BH032,247,2.470001220703125,1.0,3562,1,1,SHELF_NORMAL_Y_NEG,1289,6,5.056624327025936,-5.120761895676242,-54.48939510470404,0.0014539412738829,-0.0013731073254811,0.0010762833255343,-0.0014095074405875,0.001004197450355,-0.0010628303018805,0.0010129160946235,6.510254024760798e-05,,0.2147784233093261,0.1568127870559692,0.2208234816789627,0.0010762833255343,0.0014095074405875,0.0011563294101506,0.999999984645548,-8.102190501081887,0.0031344480535366,0.6170754465151632,,0,0,CONTINUED_PLASTIC_LOADING,,False,False
BH032,248,2.4800004959106445,0.9988059975777462,3562,1,1,SHELF_NORMAL_Y_NEG,1289,6,5.056624327025936,-4.861180509817059,-54.58227150919359,0.0015169129439167,-0.0014508875209434,0.0011364709910641,-0.0014876352963809,0.0010574243729815,-0.001121536744849,0.0010694697266444,6.864286115160212e-05,,0.2240186780691146,0.1653340309858322,0.2302931547164917,0.0011364709910641,0.0014876352963809,0.0012644767994061,1.0000000644545155,-8.356634645642592,0.0031705330911148,0.6169610259718261,,0,0,CONTINUED_PLASTIC_LOADING,,False,False
BH032,249,2.4900012016296387,0.9898018241059172,3562,1,1,SHELF_NORMAL_Y_NEG,1289,6,5.056624327025936,-4.248591237894047,-52.22007053357071,0.0016626452776401,-0.0016381989611432,0.0012929140289352,-0.0016763301225507,0.0012014133880174,-0.0012760996099597,0.0012191993882879,7.792640826664865e-05,,0.2485081404447555,0.1877016872167587,0.2549749612808227,0.0012929140289352,0.0016763301225507,0.0014419110957533,1.0000001223182131,-9.021322074380516,0.0032878084328151,0.623644808760214,,0,0,CONTINUED_PLASTIC_LOADING,,False,False
BH032,250,2.500000476837158,0.9824841093301376,3562,1,1,SHELF_NORMAL_Y_NEG,1289,6,5.056624327025936,-4.0774217516278,-50.2611993094758,0.001729021155928,-0.0017412715403444,0.0013750834541432,-0.0017759665401163,0.0012806559773742,-0.0013603256145713,0.001300984295085,8.34464153740555e-05,,0.2618809342384338,0.2009977400302887,0.2697975933551788,0.0013750834541432,0.0017759665401163,0.0015586495865136,1.0000000306148678,-9.461141202503429,0.0034232812032032,0.6358550527764391,-36512.8753783176,1,1,CONTINUED_PLASTIC_LOADING,,False,False
BH032,251,2.5100011825561523,0.9836846797228376,3562,1,1,SHELF_NORMAL_Y_NEG,1289,6,5.056624327025936,-4.132074571590144,-51.06149572043718,0.0017595157761178,-0.0017770025806514,0.0013997072301765,-0.0018124142062088,0.0013018164964814,-0.0013827230250093,0.0013227190356701,8.493488712701946e-05,,0.2654348015785217,0.2045830488204956,0.2731530368328094,0.0013997072301765,0.0018124142062088,0.001613846514374,0.9997614694609186,-9.614720634229291,0.0034082553238694,0.6268585904221333,,0,0,CONTINUED_PLASTIC_LOADING,,False,False
BH032,252,2.520000457763672,0.98881120941291,3562,1,1,SHELF_NORMAL_Y_NEG,1289,6,5.056624327025936,-4.157584578961202,-52.10942751163618,0.0017739196135926,-0.0017904099004983,0.0014068096023169,-0.0018260555597047,0.0013056651314437,-0.0013868559776108,0.0013267064932733,8.519548282492906e-05,,0.2660867869853973,0.2052107453346252,0.2735002934932709,0.0014068096023169,0.0018260555597047,0.0016393162077292,0.999999867032842,-9.64993291029069,0.0034344272365285,0.6301798682262758,,0,0,CONTINUED_PLASTIC_LOADING,,False,False
BH032,253,2.530001163482666,0.990836194188802,3562,1,1,SHELF_NORMAL_Y_NEG,1289,6,5.056624327025936,-4.191245561571014,-51.99251145710672,0.0017900731874721,-0.0018072482834819,0.0014223735135885,-0.0018445244603917,0.0013199043789458,-0.0014019636438158,0.0013413943815976,8.614065882284194e-05,,0.2684884369373321,0.2074873894453048,0.2757294774055481,0.0014223735135885,0.0018445244603917,0.0016626543365418,0.9996357832412538,-9.797694094616148,0.0035594720228907,0.6467000362268964,,0,0,CONTINUED_PLASTIC_LOADING,,False,False
BH032,254,2.540000438690185,0.9914466978547998,3562,1,1,SHELF_NORMAL_Y_NEG,1289,6,5.056624327025936,-4.052998125531367,-51.38878381895701,0.0018326000592285,-0.0018621009316696,0.0014687180220139,-0.0018987770769941,0.0013616754148594,-0.0014460666770433,0.0013843937776982,8.894507482182235e-05,,0.2755193412303924,0.214242398738861,0.283289223909378,0.0014687180220139,0.0018987770769941,0.0017290008254349,0.99999993999861,-10.082361915551571,0.0036118846685446,0.6472169962767655,,0,0,CONTINUED_PLASTIC_LOADING,,False,False
BH032,255,2.55000114440918,0.9914454301431328,3562,1,1,SHELF_NORMAL_Y_NEG,1289,6,5.056624327025936,-4.362186326182703,-51.76171134767017,0.0018721292707454,-0.001909098143722,0.0015041847750949,-0.0019493961530488,0.0013952065774225,-0.0014813788634709,0.0014189672656357,9.118036541622132e-05,,0.281172513961792,0.2196265459060669,0.288856029510498,0.0015041847750949,0.0019493961530488,0.0018327957950532,0.9999999898667666,-10.291753777955996,0.0036477901244118,0.6459212384476214,,0,0,CONTINUED_PLASTIC_LOADING,,False,False
BH032,256,2.560000419616699,0.9861306100710664,3562,1,1,SHELF_NORMAL_Y_NEG,1289,6,5.056624327025936,-5.26850613888081,-52.53193535684744,0.0019315956301415,-0.0019758765383771,0.0015550470724188,-0.0020257193641782,0.0014464798825122,-0.0015355015190447,0.0014720378676429,9.45348001550883e-05,,0.2898501753807068,0.2277064025402069,0.2973281443119049,0.0015550470724188,0.0020257193641782,0.0020025423727929,0.9995000671599706,-10.50045838971499,0.0037329538027889,0.6534518919496207,,0,0,CONTINUED_PLASTIC_LOADING,,False,False
BH032,257,2.5700011253356934,0.9850242170236516,3562,1,1,SHELF_NORMAL_Y_NEG,1289,6,5.056624327025936,-5.076622001740136,-52.38356227909717,0.0019629198437004,-0.0020215810950185,0.0015883271570698,-0.002069167282036,0.0014762264909137,-0.0015670608221497,0.0015030113281682,9.64859500527382e-05,,0.2949146926403045,0.2324061542749405,0.3025579750537872,0.0015883271570698,0.002069167282036,0.0020498507656157,0.9721489722108718,-10.53919160669932,0.0037706822329517,0.6559490156539909,,0,0,CONTINUED_PLASTIC_LOADING,,False,False
BH032,258,2.580000400543213,0.986582049774118,3562,1,1,SHELF_NORMAL_Y_NEG,1289,6,5.056624327025936,-4.785278378501857,-51.01230595010385,0.0020293313309036,-0.00209512048631,0.001660348909668,-0.0021445612423039,0.0015418207976899,-0.0016355248691393,0.001570172375068,0.0001008086182991,,0.3034859001636505,0.2428181767463684,0.3119020462036133,0.001660348909668,0.0021445612423039,0.0021230312995612,0.9999999661080088,-10.411267257834384,0.0038165715590511,0.6553840882144999,,0,0,CONTINUED_PLASTIC_LOADING,,False,False
BH032,259,2.590001106262207,0.9861174892641064,3562,1,1,SHELF_NORMAL_Y_NEG,1289,6,5.056624327025936,-4.632715912438772,-48.31606322036443,0.0021149513223299,-0.002205123009692,0.001764289409864,-0.0022538263002136,0.0016443269276289,-0.0017412578868111,0.0016735130921006,0.0001079779030987,,0.3164731562137604,0.2600868344306946,0.325916051864624,0.001764289409864,0.0022538263002136,0.0021792410407215,0.9625018388752034,-10.303518612915123,0.0038953167077578,0.6611707194316698,,0,0,CONTINUED_PLASTIC_LOADING,,False,False
BH032,260,2.6000003814697266,0.9863804243959196,3562,1,1,SHELF_NORMAL_Y_NEG,1289,6,5.056624327025936,-4.866466740604901,-47.893342387178606,0.0021583993156791,-0.0022588397513304,0.0018095050770686,-0.0023103131905406,0.0016904009479134,-0.0017889678120988,0.0017201747978106,0.0001113912003347,,0.3223373293876648,0.2683084905147552,0.3318009078502655,0.0018095050770686,0.0023103131905406,0.0022498089820146,1.0000000317981232,-10.551959842156558,0.0039731560748244,0.6657281452923118,,0,0,CONTINUED_PLASTIC_LOADING,,False,False
BH032,261,2.6100010871887207,0.9875402348226302,3562,1,1,SHELF_NORMAL_Y_NEG,1289,6,5.056624327025936,-4.637772160270422,-47.688096165516335,0.0021929037776116,-0.0023003049214293,0.0018455046268734,-0.0023501211873384,0.0017215722976608,-0.0018210963972702,0.0017516093794256,0.0001137337894761,,0.3262878656387329,0.2739510834217071,0.3361178636550903,0.0018455046268734,0.0023501211873384,0.0022674994543194,1.000000060401043,-10.70760502353671,0.0040312247558126,0.6688035576527273,,0,0,CONTINUED_PLASTIC_LOADING,,False,False
BH032,262,2.62000036239624,0.9872701850571686,3562,1,1,SHELF_NORMAL_Y_NEG,1289,6,5.056624327025936,-4.341621592854251,-47.2152562540421,0.0022216688468529,-0.0023391227641846,0.0018779349606748,-0.0023864951204466,0.0017506551714491,-0.0018509483443697,0.0017809922574087,0.0001159077946795,,0.3299805223941803,0.2791876196861267,0.3402867317199707,0.0018779349606748,0.0023864951204466,0.0023138984106481,0.9757947886805736,-10.96604975046641,0.0041089844480621,0.672975436258829,,0,0,CONTINUED_PLASTIC_LOADING,,False,False
BH032,263,2.6300010681152344,0.983661567798749,3562,1,1,SHELF_NORMAL_Y_NEG,1289,6,5.056624327025936,-4.548640119855486,-45.6688757356475,0.0023007576471583,-0.0024314701476662,0.001966082653931,-0.0024819038808763,0.0018383991777329,-0.0019405882712619,0.001869204104878,0.0001227036409545,,0.3410665094852447,0.2955568134784698,0.3517456948757171,0.001966082653931,0.0024819038808763,0.0023938566446304,0.9981172461433752,-11.342286836903437,0.0042040549845312,0.6762200825420626,,0,0,CONTINUED_PLASTIC_LOADING,,False,False
BH032,264,2.640000343322754,0.979847100436144,3562,1,1,SHELF_NORMAL_Y_NEG,1289,6,5.056624327025936,-4.4134621939926735,-43.89234802981513,0.0023852217434681,-0.0025411093119219,0.0020633680021663,-0.0025900675290129,0.0019339128779423,-0.0020378279716446,0.0019653521012514,0.0001305676851188,,0.3531498312950134,0.3144989609718323,0.3653948009014129,0.0020633680021663,0.0025900675290129,0.0024691757280379,1.0000000329137286,-11.712259443798294,0.0042939105241691,0.6794578477583975,,0,0,CONTINUED_PLASTIC_LOADING,,False,False
BH032,265,2.650001049041748,0.9767196875841672,3562,1,1,SHELF_NORMAL_Y_NEG,1289,6,5.056624327025936,-4.417835676254861,-42.87029443243819,0.0024527270502132,-0.0026217609787604,0.0021381750642049,-0.00267051255862,0.0020058828513129,-0.0021108376693563,0.0020378108602017,0.0001368170778732,,0.3622560501098633,0.3295519053936004,0.3752467036247253,0.0021381750642049,0.00267051255862,0.0025439576711505,0.9997133039923132,-12.06948347717442,0.0043745208933951,0.681606308586236,,0,0,CONTINUED_PLASTIC_LOADING,,False,False
BH032,266,2.660000324249268,0.9725125909544112,3562,1,1,SHELF_NORMAL_Y_NEG,1289,6,5.056624327025936,-4.470313572052542,-41.77389730005129,0.0025304802313768,-0.002720476571618,0.0022242237241369,-0.0027688742051619,0.0020901209369597,-0.002195947572042,0.0021227360703051,0.0001444580702809,,0.3729289472103119,0.3479567766189575,0.3870168924331665,0.0022242237241369,0.0027688742051619,0.0026486120186746,1.0000000338196038,-12.446631297830963,0.0044607917700682,0.6832285244255338,,0,0,CONTINUED_PLASTIC_LOADING,,False,False
BH032,267,2.6700010299682617,0.9655317945915922,3562,1,1,SHELF_NORMAL_Y_NEG,1289,6,5.056624327025936,-4.586720441771695,-39.90066997616336,0.0026282050626745,-0.0028458755762765,0.0023361570740682,-0.0028938179229399,0.0022033787155171,-0.0023105791818756,0.0022383334580808,0.00015544515918,,0.3874452412128448,0.3743999302387237,0.4032440483570099,0.0023361570740682,0.0028938179229399,0.0027524135075509,1.0000000676687564,-12.96355438614304,0.004570714833014,0.686144083564777,,0,0,CONTINUED_PLASTIC_LOADING,,False,False
BH032,268,2.680000305175781,0.9539340718719336,3562,1,1,SHELF_NORMAL_Y_NEG,1289,6,5.056624327025936,-5.216616856107163,-37.93591060583737,0.0027481532299864,-0.003000960479745,0.0024708287033567,-0.0030521147730815,0.0023492556306918,-0.0024588881232504,0.0023905769921839,0.0001712312659947,,0.4033877849578857,0.4068457186222076,0.4212077558040619,0.0024708287033567,0.0030521147730815,0.0029142594430595,1.000000051534421,-13.623858214732747,0.0047035882568946,0.6876538175174614,,0,0,CONTINUED_PLASTIC_LOADING,,False,False
BH032,269,2.6900010108947754,0.9373731426456428,3562,1,1,SHELF_NORMAL_Y_NEG,1289,6,5.056624327025936,-6.344498142170148,-35.08883552495772,0.0029067937405048,-0.0032065278870424,0.002650832653506,-0.0032637953976625,0.0025528580638625,-0.0026694337063975,0.0026140473783016,0.000196472290554,,0.4259999096393585,0.4217514097690582,0.4447138905525207,0.002650832653506,0.0032637953976625,0.0030671823769807,0.9999999605647024,-14.48667908704887,0.0048533138996398,0.6866612670767378,,0,0,CONTINUED_PLASTIC_LOADING,,False,False
BH032,270,2.700000286102295,0.9132548479038288,3562,1,1,SHELF_NORMAL_Y_NEG,1289,6,5.056624327025936,-8.30601991165732,-31.27682432630519,0.0031041615679946,-0.003503587532423,0.0028769954617104,-0.0035719692763938,0.0028356576863017,-0.0029741609522715,0.0029566588345915,0.0002399061777396,,0.4606878757476806,0.4474156200885772,0.480642706155777,0.0028769954617104,0.0035719692763938,0.0032808105461299,0.9999999434608025,-15.606438022698342,0.005049760778611,0.6856381833784277,,0,0,CONTINUED_PLASTIC_LOADING,,False,False
BH032,271,2.710000991821289,0.8783294522036981,3562,1,1,SHELF_NORMAL_Y_NEG,1289,6,5.056624327025936,-10.660580223207498,-27.1499729942844,0.0033035334498254,-0.0038431795266616,0.0031062654169172,-0.0039264655818894,0.0031516041336776,-0.0033426933324374,0.0034154562745243,0.0003079678863286,,0.4987461268901825,0.4876201152801513,0.5203719139099121,0.0031062654169172,0.0039264655818894,0.0034857336431741,1.000000015120373,-17.104649914674958,0.0052995851438461,0.6803502707367975,,0,0,CONTINUED_PLASTIC_LOADING,,False,False
BH032,272,2.7200002670288086,0.8316460024864885,3562,1,1,SHELF_NORMAL_Y_NEG,1289,6,5.056624327025936,-12.52942826975179,-22.874053687959496,0.0034392823843168,-0.0041683183433803,0.0032715232862816,-0.0042645708141005,0.0034273739150614,-0.0037077370719077,0.0039540836587548,0.0004039078194182,,0.5388575792312622,0.5290195345878601,0.5623241066932678,0.0032715232862816,0.0042645708141005,0.0036242729984223,0.999872055060451,-19.04280580751934,0.005630518511799,0.6710651103729932,,0,0,CONTINUED_PLASTIC_LOADING_WITH_COMPONENT_DROP,,False,False
BH032,273,2.7300009727478027,0.7844870277035333,3562,1,1,SHELF_NORMAL_Y_NEG,1289,6,5.056624327025936,-12.487974755119476,-18.188486054474705,0.0034881672542011,-0.0043184548991409,0.0033528581435584,-0.0044143595537971,0.0035792648324734,-0.0039334318383739,0.0043973596766591,0.0005046420847065,,0.5669872760772705,0.5657692551612854,0.5944961309432983,0.0033528581435584,0.0044143595537971,0.0037151463329792,0.9993554675770198,-21.087850065902902,0.0060213979455651,0.6598822222178449,,0,0,CONTINUED_PLASTIC_LOADING_WITH_COMPONENT_DROP,,False,False
BH032,274,2.7400002479553223,0.7493312637015522,3562,1,1,SHELF_NORMAL_Y_NEG,1289,6,5.056624327025936,-11.885608195503274,-15.146821486125894,0.0035056251815376,-0.0043581607698824,0.0033911714087369,-0.0044500715936695,0.0036454980209053,-0.0040348960149033,0.0046887234784662,0.0005853175534866,,0.5850673317909241,0.5869861245155334,0.6155012845993042,0.0033911714087369,0.0044500715936695,0.0037658070214092,0.9998880757094512,-22.75006433995581,0.0063501214358324,0.6487167560600591,,0,0,CONTINUED_PLASTIC_LOADING_WITH_COMPONENT_DROP,,False,False
BH032,275,2.7500009536743164,0.7284407064764656,3562,1,1,SHELF_NORMAL_Y_NEG,1289,6,5.056624327025936,-11.743487978860204,-13.882845424677742,0.0035126846232855,-0.0043661672895134,0.0034073235820709,-0.0044567401456187,0.003672610493206,-0.0040787747359048,0.0048726727254688,0.0006428546621464,,0.5962973237037659,0.6021173000335693,0.6280757784843445,0.0034073235820709,0.0044567401456187,0.0037845214828848,0.9999445592106628,-23.818271104375977,0.0065718027403705,0.6426838812073661,24148.467862519334,1,1,CONTINUED_PLASTIC_LOADING_WITH_COMPONENT_DROP,,False,False
BH032,276,2.760000228881836,0.7189574828980707,3562,1,1,SHELF_NORMAL_Y_NEG,1289,6,5.056624327025936,-12.038077244054705,-14.228138262697078,0.0035197399289382,-0.0044001166268085,0.0034123755922581,-0.0044923422928527,0.0036845408683058,-0.0041020990486995,0.0049755340442061,0.0006759510724805,,0.602580726146698,0.610630452632904,0.63360595703125,0.0034123755922581,0.0044923422928527,0.0038082785904407,1.0000000302362144,-24.36939775296937,0.0067056356268842,0.6417532518966375,,0,0,CONTINUED_PLASTIC_LOADING,,False,False
BH032,277,2.77000093460083,0.7113640404363882,3562,1,1,SHELF_NORMAL_Y_NEG,1289,6,5.056624327025936,-12.487061609378308,-14.777255349998182,0.0035146227244635,-0.0044476049539826,0.0034032616720829,-0.0045431351740547,0.003694326180403,-0.004126249578266,0.0050718090496957,0.0007057501352392,,0.6084573268890381,0.616719126701355,0.6381484866142273,0.0034123755922581,0.0045431351740547,0.0038253602106124,1.0000000010352073,-24.88218019663914,0.0068166873199272,0.6396220439064102,,0,0,CONTINUED_PLASTIC_LOADING,,False,False
BH032,278,2.7800002098083496,0.6974575524193256,3562,1,1,SHELF_NORMAL_Y_NEG,1289,6,5.056624327025936,-12.029593029167604,-13.633500675002807,0.0035234871725971,-0.0044438072122854,0.0034193420324446,-0.0045368654332269,0.0037073902093026,-0.0041559198748795,0.0052083930931985,0.0007482438231818,,0.6167950630187988,0.6254022121429443,0.6475001573562622,0.0034193420324446,0.0045431351740547,0.0038709461223334,0.9999999499022084,-25.722890224793733,0.0069896064588836,0.6341204050371414,,0,0,CONTINUED_PLASTIC_LOADING_WITH_COMPONENT_DROP,,False,False
BH032,279,2.790000915527344,0.678853519979695,3562,1,1,SHELF_NORMAL_Y_NEG,1289,6,5.056624327025936,-10.905686235397262,-11.395285505792929,0.0035254815082936,-0.0044031427047408,0.003437536658833,-0.0044877032274474,0.0037170450865796,-0.0041749654314965,0.0053592533804476,0.0008003677357919,,0.6245369911193848,0.6360561847686768,0.6589171886444092,0.003437536658833,0.0045431351740547,0.0039100446738302,1.0000000716108255,-26.821526883503985,0.0072339247125066,0.627964760169202,,0,0,CONTINUED_PLASTIC_LOADING_WITH_COMPONENT_DROP,,False,False
BH032,280,2.800000190734864,0.6650323672493479,3562,1,1,SHELF_NORMAL_Y_NEG,1289,6,5.056624327025936,-9.88389894081718,-9.56716363550528,0.0035232196160402,-0.0043568541810111,0.0034488087531774,-0.0044334544584266,0.0037196734342326,-0.004176264056803,0.0054736728779971,0.0008456736104562,,0.6295804381370544,0.6451302170753479,0.6679194569587708,0.0034488087531774,0.0045431351740547,0.0039379489608109,1.000000016896379,-27.7437351033635,0.0074486536629248,0.6235995241669083,,0,0,CONTINUED_PLASTIC_LOADING_WITH_COMPONENT_DROP,,False,False
BH032,281,2.8100008964538574,0.659869284686528,3562,1,1,SHELF_NORMAL_Y_NEG,1289,6,5.056624327025936,-9.707288497572954,-9.40320410450014,0.0035264904136482,-0.0043532044977075,0.0034540031019023,-0.004427793775304,0.0037193109048865,-0.0041755500253072,0.0055376966483891,0.0008729583933018,,0.6324025392532349,0.6496813297271729,0.6713189482688904,0.0034540031019023,0.0045431351740547,0.0039591174572706,0.9996325786020376,-28.211148834524668,0.0075484321284166,0.6209797767527794,,0,0,CONTINUED_PLASTIC_LOADING,,False,False
BH032,282,2.820000171661377,0.6593660683596286,3562,1,1,SHELF_NORMAL_Y_NEG,1289,6,5.056624327025936,-10.127611044318945,-10.241485131794525,0.0035330213406052,-0.0043782503383054,0.0034549102079092,-0.0044555743229313,0.0037194053316057,-0.0041780002920728,0.0055724261328577,0.0008874823106452,,0.6339317560195923,0.6521015167236328,0.6710616946220398,0.0034549102079092,0.0045431351740547,0.0039740996435284,1.000000072245092,-28.4174665772982,0.0075949086094616,0.6203763299818592,,0,0,CONTINUED_PLASTIC_LOADING,,False,False
BH032,283,2.830000877380371,0.6558015926691856,3562,1,1,SHELF_NORMAL_Y_NEG,1289,6,5.056624327025936,-9.932049341405929,-9.970949724850197,0.0035292918009734,-0.0043816904182876,0.00345311473836,-0.0044575985842411,0.0037204643858519,-0.0041822111910287,0.0056370794773101,0.0009139109170064,,0.6367831826210022,0.6565123200416565,0.674473226070404,0.0034549102079092,0.0045431351740547,0.0040118764154613,1.0000001614854992,-28.82282760411569,0.0076912756282623,0.6198792959837518,,0,0,CONTINUED_PLASTIC_LOADING,,False,False
BH032,284,2.84000015258789,0.6494830083526435,3562,1,1,SHELF_NORMAL_Y_NEG,1289,6,5.056624327025936,-8.92518368128759,-8.481679257562567,0.0035358278812088,-0.0043395675825518,0.0034704365641826,-0.0044080245983594,0.0037223974171087,-0.0041787836913166,0.0057163969613611,0.0009483862086199,,0.6402794122695923,0.6622628569602966,0.6817394495010376,0.0034704365641826,0.0045431351740547,0.0040738540701568,0.9999862287026,-29.40119185555829,0.0078017832960442,0.6162538186605305,,0,0,CONTINUED_PLASTIC_LOADING_WITH_COMPONENT_DROP,,False,False
BH032,285,2.8500008583068848,0.644822909125936,3562,1,1,SHELF_NORMAL_Y_NEG,1289,6,5.056624327025936,-8.117058678020394,-7.339372976782555,0.0035453082872298,-0.0042962401483125,0.0034886520343009,-0.0043582721088537,0.0037228355163813,-0.0041688808087202,0.0057893577031791,0.0009833773365244,,0.6434947848320007,0.6680982112884521,0.6885085701942444,0.0034886520343009,0.0045431351740547,0.004117521457374,0.999993082066701,-29.913368301938554,0.0078805132240432,0.6109804825702372,,0,0,CONTINUED_PLASTIC_LOADING_WITH_COMPONENT_DROP,,False,False
BH032,286,2.8600001335144043,0.6423980033813838,3562,1,1,SHELF_NORMAL_Y_NEG,1289,6,5.056624327025936,-8.105932510290705,-7.631880031355679,0.0035534925632816,-0.0043077749069458,0.0034949081402849,-0.0043696361903958,0.0037236974051285,-0.0041661544759616,0.0058323428966104,0.0010048378026112,,0.6453902125358582,0.6716791391372681,0.6898186802864075,0.0034949081402849,0.0045431351740547,0.0041490080766379,1.0000000820544337,-30.24023714735721,0.0079730132569677,0.6113097998048813,,0,0,CONTINUED_PLASTIC_LOADING,,False,False
BH032,287,2.8700008392333984,0.6400876771375387,3562,1,1,SHELF_NORMAL_Y_NEG,1289,6,5.056624327025936,-8.213875680027513,-7.944041068128903,0.0035613757231242,-0.0043164814169799,0.0035005853776316,-0.0043791369786838,0.0037254377349988,-0.0041657022314501,0.005880088545382,0.001028123893775,,0.6474947333335876,0.6750509142875671,0.6910760402679443,0.0035005853776316,0.0045431351740547,0.0041730976663529,1.0000000715225428,-30.527409667189705,0.0080572885627641,0.6118464182734336,,0,0,CONTINUED_PLASTIC_LOADING,,False,False
BH032,288,2.880000114440918,0.636540345315926,3562,1,1,SHELF_NORMAL_Y_NEG,1289,6,5.056624327025936,-7.844679496176626,-7.487507832945763,0.003565636085479,-0.0043044139724586,0.0035083426483082,-0.0043641763381771,0.0037281317735186,-0.0041618959277356,0.0059373253025114,0.0010562010575085,,0.6500176787376404,0.6789855360984802,0.6950795650482178,0.0035083426483082,0.0045431351740547,0.0042117801494896,1.0000000402476732,-30.95039256621314,0.0081235588052378,0.6080611355770882,,0,0,CONTINUED_PLASTIC_LOADING,,False,False
BH032,289,2.890000820159912,0.6305787357283867,3562,1,1,SHELF_NORMAL_Y_NEG,1289,6,5.056624327025936,-7.108792814950457,-6.506710448546076,0.003577639428512,-0.0042672799773128,0.0035276005370123,-0.0043214807284879,0.0037317346944025,-0.0041533370190905,0.0060073542408645,0.0010925460373982,,0.6531035304069519,0.6840771436691284,0.7015911340713501,0.0035276005370123,0.0045431351740547,0.0042580715380609,1.000000004986699,-31.515387255963933,0.0082405198742803,0.6045433632860202,,0,0,CONTINUED_PLASTIC_LOADING_WITH_COMPONENT_DROP,,False,False
BH032,290,2.900000095367432,0.6244290168453922,3562,1,1,SHELF_NORMAL_Y_NEG,1289,6,5.056624327025936,-6.632406115398487,-5.817083462571553,0.0035842627548237,-0.0042370603643379,0.003539652254487,-0.0042873067355465,0.0037349906719107,-0.0041439825558604,0.0060743642970919,0.0011300690239295,,0.6559964418411255,0.6893367767333984,0.7072048783302307,0.003539652254487,0.0045431351740547,0.0042997142300009,0.9999999796925538,-32.02581008107868,0.0083665192044727,0.603087897866027,,0,0,CONTINUED_PLASTIC_LOADING_WITH_COMPONENT_DROP,,False,False
BH032,291,2.910000801086426,0.6226852923479295,3562,1,1,SHELF_NORMAL_Y_NEG,1289,6,5.056624327025936,-6.576670215355248,-5.861621955647528,0.0035954636290704,-0.0042284736834406,0.0035508790426494,-0.0042780009997673,0.0037365826725487,-0.0041378287146919,0.0061141001060605,0.0011531943455338,,0.6576977372169495,0.6925778388977051,0.7089933753013611,0.0035508790426494,0.0045431351740547,0.0043286941945552,0.9997285410418272,-32.32154919443305,0.0084332977332117,0.6022375454469787,,0,0,CONTINUED_PLASTIC_LOADING,,False,False
BH032,292,2.9200000762939453,0.620976465083541,3562,1,1,SHELF_NORMAL_Y_NEG,1289,6,5.056624327025936,-6.677518192366748,-6.177137589675455,0.0036031430810528,-0.0042366214233314,0.0035564559939206,-0.0042867673625559,0.003738489220247,-0.0041344347721908,0.0061518750153481,0.0011747983517125,,0.6593148708343506,0.6956053376197815,0.7095931172370911,0.0035564559939206,0.0045431351740547,0.0043500247411429,1.0000000178312738,-32.59659513059526,0.0084828024677432,0.600070181688736,,0,0,CONTINUED_PLASTIC_LOADING,,False,False
BH032,293,2.9300007820129395,0.6164702036994939,3562,1,1,SHELF_NORMAL_Y_NEG,1289,6,5.056624327025936,-6.190852762200439,-5.544845260713927,0.0036111175133488,-0.0042115692287808,0.0035694991137927,-0.0042576531179783,0.0037423286125329,-0.0041272477856402,0.0062112445011734,0.0012094739358872,,0.6618563532829285,0.6998111009597778,0.714910626411438,0.0035694991137927,0.0045431351740547,0.0043920488096773,0.9999999454021862,-33.05777714210964,0.008595287706453,0.5987197690909514,,0,0,CONTINUED_PLASTIC_LOADING_WITH_COMPONENT_DROP,,False,False
BH032,294,2.940000057220459,0.610941118212374,3562,1,1,SHELF_NORMAL_Y_NEG,1289,6,5.056624327025936,-5.538871653693597,-4.606539518530927,0.0036280475899655,-0.004159263314319,0.0035937184481985,-0.0042000371482644,0.0037459123578504,-0.0041132197709192,0.0062751676887273,0.0012500112643465,,0.6645929217338562,0.7046747207641602,0.7220261693000793,0.0035937184481985,0.0045431351740547,0.0044347019866108,1.000000104797814,-33.56927027807616,0.0087073983987251,0.5965893009685286,,0,0,CONTINUED_PLASTIC_LOADING_WITH_COMPONENT_DROP,,False,False
BH032,295,2.950000762939453,0.6088377058432008,3562,1,1,SHELF_NORMAL_Y_NEG,1289,6,5.056624327025936,-5.3356670141862095,-4.46674549891259,0.003640502479502,-0.0041450117921746,0.0036074872171497,-0.004184033424448,0.0037481308181789,-0.0041044604669785,0.006314989645034,0.0012767860898748,,0.6662976741790771,0.7078870534896851,0.7247448563575745,0.0036074872171497,0.0045431351740547,0.0044672791846096,0.9999495684368904,-33.91029315239794,0.0087618316658752,0.5932923084196264,,0,0,CONTINUED_PLASTIC_LOADING,,False,False
BH032,296,2.9600000381469727,0.6068897762879376,3562,1,1,SHELF_NORMAL_Y_NEG,1289,6,5.056624327025936,-5.319537067827308,-4.592072345315165,0.0036452553867841,-0.0041467174125304,0.0036116685928275,-0.0041853327644767,0.003750587828238,-0.0040979670493461,0.0063542765565216,0.0013032855931669,,0.6679795384407043,0.7110663652420044,0.7261765599250793,0.0036116685928275,0.0045431351740547,0.0044933129101991,0.9999850912585376,-34.18413070315683,0.0088339414503011,0.5930365122196328,,0,0,CONTINUED_PLASTIC_LOADING,,False,False
BH032,297,2.970000743865967,0.6040729270248014,3562,1,1,SHELF_NORMAL_Y_NEG,1289,6,5.056624327025936,-5.125462705313883,-4.346448952090425,0.0036509430159848,-0.0041321848815948,0.0036195027221095,-0.0041690100631651,0.0037538248841192,-0.0040898633114045,0.0063997968100011,0.0013344810577109,,0.669928252696991,0.7148091197013855,0.7295527458190918,0.0036195027221095,0.0045431351740547,0.004524212796241,1.0000000573576635,-34.52558061383108,0.0089266767135601,0.5931635892386539,,0,0,CONTINUED_PLASTIC_LOADING,,False,False
BH032,298,2.9800000190734863,0.6009694763913732,3562,1,1,SHELF_NORMAL_Y_NEG,1289,6,5.056624327025936,-4.773228400446225,-3.971830991125087,0.0036695937379899,-0.0041012187993817,0.0036410612129958,-0.0041352909378042,0.0037574221137514,-0.0040787751875046,0.0064472118392586,0.0013684205478057,,0.6719580888748169,0.7183676362037659,0.7339096665382385,0.0036410612129958,0.0045431351740547,0.0045645860955119,1.0000000182773077,-34.918519478749445,0.0089955422575131,0.5900350841600701,,0,0,CONTINUED_PLASTIC_LOADING,,False,False
BH032,299,2.9900007247924805,0.5972363332671251,3562,1,1,SHELF_NORMAL_Y_NEG,1289,6,5.056624327025936,-4.3417204887058,-3.4189769275642474,0.0036792853310027,-0.0040686276047016,0.0036551699291773,-0.00409912141824,0.0037615163506392,-0.0040647818969332,0.0064972764812409,0.0014061370166018,,0.6741006374359131,0.722057044506073,0.7395800352096558,0.0036551699291773,0.0045431351740547,0.0046000904403626,1.0000000699249416,-35.33591597863469,0.0090757056780817,0.5871405686165933,,0,0,CONTINUED_PLASTIC_LOADING_WITH_COMPONENT_DROP,,False,False
BH032,300,3.0,0.5940631510738695,3562,1,1,SHELF_NORMAL_Y_NEG,1289,6,5.056624327025936,-4.100896526397808,-3.094343816770992,0.0036888325607068,-0.0040399518578546,0.0036675261528014,-0.004068216003384,0.0037650773593433,-0.0040513046869331,0.0065447711385786,0.0014443115796893,,0.6761345267295837,0.7257937788963318,0.7439115643501282,0.0036675261528014,0.0045431351740547,0.004633889067918,0.9999877566846972,-35.699430225355485,0.0091744988421083,0.5871930729774923,22147.8643732319,1,1,CONTINUED_PLASTIC_LOADING,,False,False
BH032,301,3.010000705718994,0.5925639865718376,3562,1,1,SHELF_NORMAL_Y_NEG,1289,6,5.056624327025936,-4.15673927220879,-3.277055252441808,0.0036941300386633,-0.004041876117166,0.0036716906680342,-0.0040703962529086,0.0037672378641903,-0.0040444381804524,0.0065751923248171,0.0014692561235278,,0.6774368286132812,0.7282346487045288,0.7442529201507568,0.0036716906680342,0.0045431351740547,0.0046526016667485,0.9999858115125548,-35.95194716344399,0.0092323100629019,0.5862623750696451,,0,0,CONTINUED_PLASTIC_LOADING,,False,False
BH032,302,3.0199999809265137,0.5907026279244346,3562,1,1,SHELF_NORMAL_Y_NEG,1289,6,5.056624327025936,-4.0008494872526175,-3.2033244080652348,0.0036993853612904,-0.0040370568508995,0.0036777186235063,-0.004064236434853,0.003770594646382,-0.0040345572877887,0.0066138198599219,0.0015008116606622,,0.6790904998779297,0.7313224673271179,0.7468195557594299,0.0036777186235063,0.0045431351740547,0.0046838228590786,0.9998763182599896,-36.252145416286005,0.0092842087481496,0.5839562293229653,,0,0,CONTINUED_PLASTIC_LOADING,,False,False
BH032,303,3.030000686645508,0.5866143562930148,3562,1,1,SHELF_NORMAL_Y_NEG,1289,6,5.056624327025936,-3.573731845920895,-2.602903368287384,0.0037051158513451,-0.0040003840888168,0.0036882941725747,-0.0040239165635155,0.0037751985909553,-0.0040189436397576,0.0066645392216742,0.001544579048641,,0.6812617778778076,0.7353777885437012,0.7535688877105713,0.0036882941725747,0.0045431351740547,0.0047184638679027,0.9999999826554958,-36.68132319031389,0.0093876733734056,0.5828594959755051,,0,0,CONTINUED_PLASTIC_LOADING_WITH_COMPONENT_DROP,,False,False
BH032,304,3.039999961853028,0.5832742746344284,3562,1,1,SHELF_NORMAL_Y_NEG,1289,6,5.056624327025936,-3.2155752420344563,-2.201659934484261,0.0037200105051554,-0.0039662301337448,0.0037065671441592,-0.0039866821258991,0.0037791887237913,-0.004002494368428,0.0067099495790898,0.0015871446812525,,0.6832037568092346,0.7392287254333496,0.7593681216239929,0.0037065671441592,0.0045431351740547,0.0047555663622915,1.0000000851254374,-37.0600469464695,0.0094742183053008,0.5814327030578531,,0,0,CONTINUED_PLASTIC_LOADING_WITH_COMPONENT_DROP,,False,False
BH032,305,3.050000667572021,0.5822641847278791,3562,1,1,SHELF_NORMAL_Y_NEG,1289,6,5.056624327025936,-3.1767540869289,-2.2612636805615973,0.0037277532637125,-0.0039607145335983,0.0037139962734151,-0.003980799798594,0.0037816407431257,-0.0039929654871891,0.0067383777350187,0.0016148122958838,,0.6844227313995361,0.7417386174201965,0.7604780793190002,0.0037139962734151,0.0045431351740547,0.0047797625884413,0.9999997023059368,-37.30547295250017,0.0095158867349959,0.5794455248487711,,0,0,CONTINUED_PLASTIC_LOADING,,False,False
BH032,306,3.059999942779541,0.5806488378416752,3562,1,1,SHELF_NORMAL_Y_NEG,1289,6,5.056624327025936,-3.1594169858374204,-2.330759034179981,0.0037297519188344,-0.0039633430061456,0.0037157689992777,-0.0039830539760593,0.0037843640864592,-0.0039866051471422,0.0067661558277904,0.0016417714068666,,0.68561190366745,0.7441802024841309,0.7615456581115723,0.0037157689992777,0.0045431351740547,0.0048025958240032,0.9999632072557484,-37.55670450158889,0.0095765655668664,0.5789229459724106,,0,0,CONTINUED_PLASTIC_LOADING,,False,False
BH032,307,3.070000648498535,0.5768199166056395,3562,1,1,SHELF_NORMAL_Y_NEG,1289,6,5.056624327025936,-2.9503001278288914,-2.153498900911158,0.003736299725498,-0.0039551576157201,0.0037241027870761,-0.0039728623967243,0.0037873278680822,-0.0039802284602873,0.0067986329086124,0.0016743295127525,,0.6867920756340027,0.7471289038658142,0.7650981545448303,0.0037241027870761,0.0045431351740547,0.0048359772190451,0.9999999762214196,-37.90946440675094,0.0096676930213359,0.5785526733185902,,0,0,CONTINUED_PLASTIC_LOADING,,False,False
BH032,308,3.0799999237060547,0.5720312770035968,3562,1,1,SHELF_NORMAL_Y_NEG,1289,6,5.056624327025936,-2.779942688643127,-2.172022496462677,0.0037408217672421,-0.003973361562354,0.0037291171742193,-0.0039892683686867,0.0037887720182596,-0.0039816506289396,0.0068174405023455,0.0016941271023824,,0.6873948574066162,0.7489219307899475,0.7670803070068359,0.0037291171742193,0.0045431351740547,0.0048691253177821,1.0000000602619246,-38.28492984550631,0.0097279506424639,0.5753155178828175,,0,0,CONTINUED_PLASTIC_LOADING,,False,False
BH032,309,3.090000629425049,0.5691089710176571,3562,1,1,SHELF_NORMAL_Y_NEG,1289,6,5.056624327025936,-2.483624154418693,-1.793532373032219,0.0037639700162235,-0.0039357293753461,0.0037553143295132,-0.0039491552817433,0.003792739412913,-0.0039750122848372,0.0068451277911663,0.00172494945582,,0.6882822513580322,0.7517133951187134,0.7722730040550232,0.0037553143295132,0.0045431351740547,0.0048974626697599,0.9998546570262374,-38.6384305808544,0.0097985497150755,0.5730695833709312,,0,0,CONTINUED_PLASTIC_LOADING,,False,False
BH032,310,3.0999999046325684,0.5682262654524548,3562,1,1,SHELF_NORMAL_Y_NEG,1289,6,5.056624327025936,-2.377479189940272,-1.715355836672127,0.0037643720901883,-0.0039313328371755,0.0037564154332943,-0.003943866383608,0.0037966366737936,-0.003964558269655,0.0068732067011296,0.0017577202524989,,0.6891821622848511,0.7546813488006592,0.7745076417922974,0.0037564154332943,0.0045431351740547,0.0049173142760992,0.9999830450262994,-38.89678910030452,0.0098812345243954,0.5740627109714758,,0,0,CONTINUED_PLASTIC_LOADING,,False,False
BH032,311,3.1100006103515625,0.5661753453446837,3562,1,1,SHELF_NORMAL_Y_NEG,1289,6,5.056624327025936,-2.5411852365046665,-2.025068688976156,0.0037543044938048,-0.0039597451503049,0.0037447376206062,-0.003972879649408,0.0037992320768578,-0.0039636352913457,0.006894638761878,0.0017827752744778,,0.6898690462112427,0.7569504976272583,0.7729169726371765,0.0037564154332943,0.0045431351740547,0.00494235008955,0.9999596145547884,-39.11808513474787,0.0099190171552522,0.5720029554137235,,0,0,CONTINUED_PLASTIC_LOADING,,False,False
BH032,312,3.119999885559082,0.5645874775252527,3562,1,1,SHELF_NORMAL_Y_NEG,1289,6,5.056624327025936,-2.3642939422088203,-1.7887699538850852,0.0037547605122368,-0.0039520753483667,0.0037466572074193,-0.003964156929601,0.0038020562358433,-0.0039603699951623,0.0069114626385271,0.0018027427140623,,0.6904082298278809,0.7587589025497437,0.7757766246795654,0.0037564154332943,0.0045431351740547,0.0049585090018808,1.00000006845721,-39.41568808845602,0.0099885963148291,0.5710210736002591,,0,0,CONTINUED_PLASTIC_LOADING,,False,False
BH032,313,3.130000591278076,0.5614588738767351,3562,1,1,SHELF_NORMAL_Y_NEG,1289,6,5.056624327025936,-2.016538003781171,-1.2872687564943286,0.0037620983879256,-0.0039133359120752,0.0037580316694473,-0.0039224436622166,0.0038092843289638,-0.0039418634846002,0.0069558192044496,0.0018586812075227,,0.6918298006057739,0.7636271119117737,0.7837179899215698,0.0037580316694473,0.0045431351740547,0.0049911355599761,0.9999999366451718,-39.797367138335474,0.0100807607735181,0.5702247784686687,,0,0,CONTINUED_PLASTIC_LOADING_WITH_COMPONENT_DROP,,False,False
BH032,314,3.1400012969970703,0.5593067390849272,3562,1,1,SHELF_NORMAL_Y_NEG,1289,6,5.056624327025936,-1.854352639538134,-1.186992373660534,0.003769098673708,-0.0039090932693095,0.0037658671972232,-0.0039169378351897,0.0038125539655042,-0.003936177355476,0.0069774640724062,0.0018878302071243,,0.6925235390663147,0.7656267285346985,0.7865487933158875,0.0037658671972232,0.0045431351740547,0.0050179325044155,0.9999238963365876,-40.0981970237163,0.0101303758228528,0.5676734183216131,,0,0,CONTINUED_PLASTIC_LOADING,,False,False
BH032,315,3.15000057220459,0.5584080859159624,3562,1,1,SHELF_NORMAL_Y_NEG,1289,6,5.056624327025936,-1.8708783722012583,-1.2082239854572705,0.0037764596763749,-0.0038970100463448,0.0037731912936773,-0.0039048589893193,0.0038163713410393,-0.0039273665468381,0.0070003275759518,0.0019194206688553,,0.6932552456855774,0.7677907943725586,0.7871778607368469,0.0037731912936773,0.0045431351740547,0.0050337896682322,1.0000000575194476,-40.32434653642077,0.0101963572193121,0.5679013899790775,,0,0,CONTINUED_PLASTIC_LOADING,,False,False
BH032,316,3.160001277923584,0.5567139097442966,3562,1,1,SHELF_NORMAL_Y_NEG,1289,6,5.056624327025936,-1.8086491851953848,-1.1143817944325651,0.0037797195233588,-0.00388435541084,0.0037774520456795,-0.0038914219718655,0.0038198738596889,-0.0039200662855752,0.0070239156484603,0.0019523008959367,,0.6940122842788696,0.7700494527816772,0.7895745635032654,0.0037774520456795,0.0045431351740547,0.0050524487160146,1.0000000131212206,-40.576537094624925,0.0102577440023575,0.5673919719460918,,0,0,CONTINUED_PLASTIC_LOADING,,False,False
BH032,317,3.1700005531311035,0.5542480715762405,3562,1,1,SHELF_NORMAL_Y_NEG,1289,6,5.056624327025936,-1.7122892065437123,-0.9977061655324366,0.0037923848750194,-0.0038666541492438,0.0037911755991784,-0.003872802939193,0.0038229973118912,-0.0039144190452762,0.0070442832075059,0.0019816057756543,,0.6946650147438049,0.7720597982406616,0.7923263907432556,0.0037911755991784,0.0045431351740547,0.0050733718089759,0.9999789206189044,-40.89042028202903,0.0103187014446903,0.5653621798605635,,0,0,CONTINUED_PLASTIC_LOADING,,False,False
BH032,318,3.1800012588500977,0.5520871157277626,3562,1,1,SHELF_NORMAL_Y_NEG,1289,6,5.056624327025936,-1.4387372561108076,-0.6511095007022216,0.003807020592753,-0.0038269840251346,0.0038082945508618,-0.0038311544985148,0.0038283767277643,-0.0038967825981921,0.0070768534205853,0.0020313072018325,,0.6957088708877563,0.7754591703414917,0.7991554141044617,0.0038082945508618,0.0045431351740547,0.0051019801758229,0.9998690769234696,-41.230288847967856,0.0103981085893627,0.5644694368733059,,0,0,CONTINUED_PLASTIC_LOADING,,False,False
BH032,319,3.190000534057617,0.5494912577011009,3562,1,1,SHELF_NORMAL_Y_NEG,1289,6,5.056624327025936,-1.3691014023092332,-0.5604324507412937,0.0038203075267204,-0.003803808775139,0.0038223883939309,-0.0038073177854738,0.0038316654865589,-0.0038877238725406,0.0070974375121295,0.0020650448277592,,0.6963685750961304,0.777748167514801,0.8016504645347595,0.0038223883939309,0.0045431351740547,0.0051288329996168,0.9993571501385315,-41.50899900108391,0.0104574718527102,0.5632145004721686,,0,0,CONTINUED_PLASTIC_LOADING,,False,False
BH032,320,3.200001239776612,0.5487599049684484,3562,1,1,SHELF_NORMAL_Y_NEG,1289,6,5.056624327025936,-1.3308363855318013,-0.5679758659027848,0.0038194296444238,-0.0038062177915742,0.0038216821048429,-0.0038092385605535,0.003833747320212,-0.0038829323533448,0.0071123056113719,0.0020898086950182,,0.6968451142311096,0.7794283628463745,0.8029173612594604,0.0038223883939309,0.0045431351740547,0.0051441239193081,0.9999874870859512,-41.71914454231605,0.0105151338241318,0.5629107602530382,,0,0,CONTINUED_PLASTIC_LOADING,,False,False
BH032,321,3.210000514984131,0.548136289118102,3562,1,1,SHELF_NORMAL_Y_NEG,1289,6,5.056624327025936,-1.2787528303596374,-0.4759127613359479,0.0038392164575537,-0.0037729726513615,0.0038421270852787,-0.003775611609367,0.003836971835504,-0.0038725091610181,0.007131780963391,0.0021225509699434,,0.6974692940711975,0.7816498875617981,0.8051828742027283,0.0038421270852787,0.0045431351740547,0.0051647378131747,0.9999747520326868,-41.951661110153786,0.0105700818379729,0.5625198768158138,,0,0,CONTINUED_PLASTIC_LOADING,,False,False
BH032,322,3.220001220703125,0.5456005969414434,3562,1,1,SHELF_NORMAL_Y_NEG,1289,6,5.056624327025936,-1.1320418393028446,-0.2751621733991647,0.0038357812836282,-0.0037592370617737,0.0038402935883519,-0.003760647888381,0.0038403406708267,-0.0038625442697691,0.0071530966088175,0.0021598299499601,,0.6981524229049683,0.784179151058197,0.8102714419364929,0.0038421270852787,0.0045431351740547,0.0051885740831494,1.000000085593683,-42.26048370141133,0.0106265782084958,0.5604827671270776,,0,0,CONTINUED_PLASTIC_LOADING,,False,False
BH032,323,3.2300004959106445,0.5433678446089869,3562,1,1,SHELF_NORMAL_Y_NEG,1289,6,5.056624327025936,-0.9370009923725812,-0.0176090907868495,0.0038408727352801,-0.0037267751414925,0.0038471097305047,-0.0037268933898271,0.0038443635617283,-0.0038446710852322,0.0071784281171858,0.0022076382301747,,0.6989641785621643,0.7873516082763672,0.8169873952865601,0.0038471097305047,0.0045431351740547,0.0052166930399835,0.999962905048136,-42.57534288351157,0.010706309631809,0.5599922755337756,,0,0,CONTINUED_PLASTIC_LOADING,,False,False
BH032,324,3.2400012016296387,0.5423021657137692,3562,1,1,SHELF_NORMAL_Y_NEG,1289,6,5.056624327025936,-0.8908453719086725,0.0253418469411098,0.0038338076348298,-0.003725579712106,0.003840406617716,-0.0037253138205944,0.0038466041755926,-0.0038351971173634,0.007193490397185,0.0022376338019967,,0.6994470357894897,0.7892893552780151,0.8189740777015686,0.0038471097305047,0.0045431351740547,0.0052382536232471,0.9999990705909692,-42.809457706195246,0.0107572389043582,0.5590964358549793,,0,0,CONTINUED_PLASTIC_LOADING,,False,False
BH032,325,3.2500009536743164,0.5411914047942838,3562,1,1,SHELF_NORMAL_Y_NEG,1289,6,5.056624327025936,-0.93396742640037,-0.0393543727613628,0.0038290463504788,-0.0037306314976485,0.0038352942194031,-0.0037305675899244,0.0038484775569272,-0.0038293612933984,0.0072070495225489,0.0022646253928542,,0.6998816132545471,0.7910325527191162,0.8181576132774353,0.0038471097305047,0.0045431351740547,0.0052540660835802,1.0000000752156146,-43.03245965149677,0.0108045741851593,0.5580257034920534,10419.85439288667,1,1,CONTINUED_PLASTIC_LOADING,,False,False
BH032,326,3.260000705718994,0.5391949818363739,3562,1,1,SHELF_NORMAL_Y_NEG,1289,6,5.056624327025936,-0.790901363215194,0.1648421844592945,0.0038455734747527,-0.0036863506210312,0.0038531502419213,-0.0036853803760815,0.0038522048291511,-0.0038124683689397,0.0072304825298488,0.0023125030566006,,0.700632631778717,0.7941246628761292,0.82410728931427,0.0038531502419213,0.0045431351740547,0.0052851261571049,1.0000001223864905,-43.35590824895166,0.0108887386946752,0.5577876737636602,,0,0,CONTINUED_PLASTIC_LOADING,,False,False
BH032,327,3.2699999809265137,0.5371913507110737,3562,1,1,SHELF_NORMAL_Y_NEG,1289,6,5.056624327025936,-0.6619166346497692,0.2860727684539813,0.0038500056958301,-0.0036680555729616,0.0038583078120813,-0.0036663063788516,0.0038550048443344,-0.003799091968087,0.0072487741708755,0.0023523014970123,,0.701218843460083,0.7966949343681335,0.8288156986236572,0.0038583078120813,0.0045431351740547,0.0053125703707337,1.0000000785848644,-43.69102941944533,0.0109506567667651,0.555703157781278,,0,0,CONTINUED_PLASTIC_LOADING,,False,False
BH032,328,3.2800004482269287,0.5358396641200878,3562,1,1,SHELF_NORMAL_Y_NEG,1289,6,5.056624327025936,-0.6033975671794086,0.3536920501489154,0.0038725921889028,-0.0036267918583934,0.0038812946643884,-0.0036247052097557,0.0038582631510999,-0.0037820911669753,0.0072689838707447,0.002398262033239,,0.7018665671348572,0.7991446256637573,0.8318189382553101,0.0038812946643884,0.0045431351740547,0.0053350464440882,0.9999999436260408,-43.971631810520165,0.0110202957064512,0.5552165250044026,,0,0,CONTINUED_PLASTIC_LOADING,,False,False
BH032,329,3.290000915527344,0.5341820230740876,3562,1,1,SHELF_NORMAL_Y_NEG,1289,6,5.056624327025936,-0.5932183099075551,0.3535966631407458,0.0038706161037185,-0.0036228593798977,0.0038794073153727,-0.0036206129722047,0.0038605237821,-0.0037717700101253,0.0072841802611947,0.0024337754584848,,0.7023535966873169,0.8010209798812866,0.8328335881233215,0.0038812946643884,0.0045431351740547,0.0053584380075335,0.9995763207951384,-44.224116760814205,0.0110832684166409,0.5546789144511426,,0,0,CONTINUED_PLASTIC_LOADING,,False,False
BH032,330,3.300000190734864,0.5327547033490784,3562,1,1,SHELF_NORMAL_Y_NEG,1289,6,5.056624327025936,-0.520038072631191,0.4527687592754445,0.0038772981172991,-0.00359261551992,0.0038866709444925,-0.0035899671639147,0.0038642540626326,-0.0037541285675919,0.0073045049794018,0.0024820743128657,,0.7030049562454224,0.8035727739334106,0.8365529775619507,0.0038866709444925,0.0045431351740547,0.0053863376379013,0.9999654419663778,-44.52251958880019,0.0111459043756259,0.5534193547445703,,0,0,CONTINUED_PLASTIC_LOADING,,False,False
BH032,331,3.3100006580352783,0.5304899004297952,3562,1,1,SHELF_NORMAL_Y_NEG,1289,6,5.056624327025936,-0.4119086131832267,0.5932795575155169,0.0038847148489632,-0.0035594751352977,0.0038949342835846,-0.0035562040060036,0.0038673875415172,-0.0037350449595541,0.0073235379531979,0.0025298472028225,,0.7036149501800537,0.8060967922210693,0.8416510820388794,0.0038949342835846,0.0045431351740547,0.0054129655472934,1.0000000596600225,-44.8532360078601,0.0112181045940176,0.5522759967695412,,0,0,CONTINUED_PLASTIC_LOADING,,False,False
BH032,332,3.319999933242798,0.5289929983859263,3562,1,1,SHELF_NORMAL_Y_NEG,1289,6,5.056624327025936,-0.3609848875102271,0.6251304721610754,0.0038973733554927,-0.0035368439263963,0.003907680717192,-0.0035333530303167,0.0038697823187995,-0.0037218905782793,0.0073377261869609,0.0025669473689049,,0.7040696144104004,0.8080565929412842,0.8435697555541992,0.003907680717192,0.0045431351740547,0.0054338546469807,0.9999999836248245,-45.12034852341559,0.0112836024923872,0.551531400417985,,0,0,CONTINUED_PLASTIC_LOADING,,False,False
BH032,333,3.330000400543213,0.5281173002873201,3562,1,1,SHELF_NORMAL_Y_NEG,1289,6,5.056624327025936,-0.3573659667301396,0.6513134685226565,0.0039001851789614,-0.0035177311066994,0.0039107104069338,-0.0035141783172194,0.003872026246701,-0.0037092360856909,0.0073508364148437,0.0026017290074378,,0.7044898867607117,0.8098946213722229,0.8449119329452515,0.0039107104069338,0.0045431351740547,0.005453276913613,0.9999993734810482,-45.36491785932471,0.0113382404801655,0.5507878184835552,,0,0,CONTINUED_PLASTIC_LOADING,,False,False
BH032,334,3.340000867843628,0.5259194891269945,3562,1,1,SHELF_NORMAL_Y_NEG,1289,6,5.056624327025936,-0.306304732422519,0.7391370876564347,0.00391217251434,-0.0034797704017654,0.0039231245910092,-0.003476044881456,0.0038749645335115,-0.003691048053665,0.0073680668137967,0.0026482683606445,,0.7050420641899109,0.8123534321784973,0.8479664921760559,0.0039231245910092,0.0045431351740547,0.0054784500971436,0.9996549775609724,-45.66270975369869,0.0114043818676745,0.5497147193273809,,0,0,CONTINUED_PLASTIC_LOADING,,False,False
BH032,335,3.3500001430511475,0.5237737555563342,3562,1,1,SHELF_NORMAL_Y_NEG,1289,6,5.056624327025936,-0.2353218887372854,0.859638751905969,0.0039170386431336,-0.0034433435263325,0.0039285908220441,-0.0034393601997766,0.0038778995625741,-0.0036698698157922,0.0073850234039127,0.0026960624381899,,0.7055855393409729,0.8148548007011414,0.8518865704536438,0.0039285908220441,0.0045431351740547,0.0055009592324495,0.9999834617160628,-45.974178895930606,0.0114768472731085,0.5488159060213968,,0,0,CONTINUED_PLASTIC_LOADING,,False,False
BH032,336,3.3600006103515625,0.5224569340099232,3562,1,1,SHELF_NORMAL_Y_NEG,1289,6,5.056624327025936,-0.2047921907635811,0.8914379128115341,0.0039035256512849,-0.0034420622285388,0.0039152420410932,-0.0034379234661745,0.0038800916032747,-0.0036553662738426,0.0073973531834781,0.0027318694628775,,0.7059807181358337,0.8165953159332275,0.8537250757217407,0.0039285908220441,0.0045431351740547,0.0055202371440827,0.9998944632477555,-46.22761027180621,0.0115317212986084,0.5478487081077748,,0,0,CONTINUED_PLASTIC_LOADING,,False,False
BH032,337,3.369999885559082,0.5212210361446049,3562,1,1,SHELF_NORMAL_Y_NEG,1289,6,5.056624327025936,-0.195727684719635,0.8967008331670089,0.0038885472756044,-0.0034451710881287,0.0039002533090676,-0.0034410164038674,0.0038817178607081,-0.0036430533827126,0.0074080447666347,0.0027633819263428,,0.7063233852386475,0.8181271553039551,0.8545563220977783,0.0039285908220441,0.0045431351740547,0.0055389418266713,0.9999999708182462,-46.46653207997901,0.0115915627584713,0.5473290189162883,,0,0,CONTINUED_PLASTIC_LOADING,,False,False
BH032,338,3.380000352859497,0.5195809698716363,3562,1,1,SHELF_NORMAL_Y_NEG,1289,6,5.056624327025936,-0.142283824183646,0.961386776437226,0.003884700630562,-0.0034263347512287,0.003896634583936,-0.0034220298573059,0.0038842879209787,-0.0036234164773914,0.0074226954020559,0.0028074504807591,,0.7067928910255432,0.8202692866325378,0.8572896122932434,0.0039285908220441,0.0045431351740547,0.0055615794844925,0.9996764534265716,-46.748422022927016,0.0116562262317147,0.5464769865525807,,0,0,CONTINUED_PLASTIC_LOADING,,False,False
BH032,339,3.390000820159912,0.5178816221177401,3562,1,1,SHELF_NORMAL_Y_NEG,1289,6,5.056624327025936,-0.0932772935775065,1.0246076191299405,0.003902047184398,-0.0033819663973223,0.0039143480190457,-0.0033773928777393,0.0038871303094479,-0.0036024302149947,0.0074367891065776,0.0028514314908534,,0.7072445750236511,0.8224071860313416,0.8602436184883118,0.0039285908220441,0.0045431351740547,0.0055838930420577,0.999996993886697,-47.027821420982384,0.0117137486045575,0.5453561150663082,,0,0,CONTINUED_PLASTIC_LOADING,,False,False
BH032,340,3.400000095367432,0.5165611880755128,3562,1,1,SHELF_NORMAL_Y_NEG,1289,6,5.056624327025936,-0.0727085710086027,1.0559235779232938,0.0039087980403888,-0.0033566569744551,0.0039211981527589,-0.0033520584668011,0.0038892664095958,-0.0035860552375215,0.0074484501965343,0.0028884604107588,,0.7076178193092346,0.8240240216255188,0.8616926670074463,0.0039285908220441,0.0045431351740547,0.0055992919951677,0.9999999750245788,-47.26666725088933,0.0117711628958114,0.5446986640261486,,0,0,CONTINUED_PLASTIC_LOADING,,False,False
BH032,341,3.4100005626678467,0.5154521850755285,3562,1,1,SHELF_NORMAL_Y_NEG,1289,6,5.056624327025936,-0.0576790510646487,1.0844536072649011,0.0039305879037429,-0.0033192939607303,0.0039429589879977,-0.0033148178026851,0.0038911607548045,-0.0035720239936533,0.0074584442190825,0.0029205023311078,,0.7079386115074158,0.8253899216651917,0.8625722527503967,0.0039429589879977,0.0045431351740547,0.0056181815452873,0.999986536428692,-47.49945333580397,0.0118298557616283,0.5442699300565339,,0,0,CONTINUED_PLASTIC_LOADING,,False,False
BH032,342,3.4200010299682617,0.5138913703693636,3562,1,1,SHELF_NORMAL_Y_NEG,1289,6,5.056624327025936,-0.0364954003950349,1.1071637403893493,0.0039439881764034,-0.0032852272086694,0.0039564951343747,-0.0032806257286296,0.0038937029642219,-0.0035523992875867,0.0074710114859044,0.0029613017104566,,0.7083414196968079,0.8271262049674988,0.8642242550849915,0.0039564951343747,0.0045431351740547,0.0056377504952251,0.9999724610248848,-47.76569086623674,0.0118839549363758,0.5430576036631918,,0,0,CONTINUED_PLASTIC_LOADING,,False,False
BH032,343,3.430000305175781,0.5120331257420011,3562,1,1,SHELF_NORMAL_Y_NEG,1289,6,5.056624327025936,0.0074666680832051,1.1691331827035836,0.0039231204686109,-0.0032776897456233,0.0039358014079594,-0.0032730387591408,0.0038966154755077,-0.0035284780513394,0.007484839297831,0.0030072326771914,,0.7087845802307129,0.8290808796882629,0.8666859269142151,0.0039564951343747,0.0045431351740547,0.0056579755619168,0.999953305552208,-48.04120243865558,0.0119478546136758,0.542351802698595,,0,0,CONTINUED_PLASTIC_LOADING,,False,False
BH032,344,3.4400007724761963,0.5103248869210442,3562,1,1,SHELF_NORMAL_Y_NEG,1289,6,5.056624327025936,0.0049415711408714,1.203160683923458,0.0039080620006009,-0.003270475967682,0.0039208751993687,-0.0032659453895093,0.0038984096932983,-0.0035133698960807,0.0074945064261555,0.0030398510862141,,0.7090944051742554,0.8304690718650818,0.8675599098205566,0.0039564951343747,0.0045431351740547,0.0056740436702966,1.000000055778621,-48.275653820366905,0.0120022924846082,0.5415994570593479,,0,0,CONTINUED_PLASTIC_LOADING,,False,False
BH032,345,3.450000047683716,0.5092781173540362,3562,1,1,SHELF_NORMAL_Y_NEG,1289,6,5.056624327025936,0.012251969971789,1.2034392097577933,0.0039346161342199,-0.0032291647790619,0.0039472104647097,-0.0032248044617502,0.0039009665243923,-0.0034953162076025,0.0075050517916679,0.003075729124248,,0.7094323635101318,0.8319959044456482,0.8675553798675537,0.0039564951343747,0.0045431351740547,0.0056886170059442,1.0000000949136372,-48.50492019707429,0.0120559724478121,0.5409881701369383,,0,0,CONTINUED_PLASTIC_LOADING,,False,False
BH032,346,3.460000514984131,0.5080753643394897,3562,1,1,SHELF_NORMAL_Y_NEG,1289,6,5.056624327025936,0.0551909834424666,1.2513910985309682,0.0039465046039918,-0.003195100090671,0.0039592587617145,-0.0031906145973383,0.0039033430241519,-0.0034749127210153,0.0075163324363529,0.0031142230145633,,0.7097939252853394,0.8336341381072998,0.8698083162307739,0.0039592587617145,0.0045431351740547,0.0057073840871453,0.999802043015365,-48.75476019001773,0.0121137816357444,0.5401994066290208,,0,0,CONTINUED_PLASTIC_LOADING,,False,False
BH032,347,3.470000982284546,0.5067367347827231,3562,1,1,SHELF_NORMAL_Y_NEG,1289,6,5.056624327025936,0.0823546594986819,1.2792722566448949,0.003959188915119,-0.0031633379682049,0.0039720038545725,-0.0031587966526947,0.0039056250299368,-0.0034571433065344,0.0075259944424033,0.0031478484161198,,0.7101035714149475,0.8350651264190674,0.8713783025741577,0.0039720038545725,0.0045431351740547,0.0057235886342823,0.9999208294478392,-48.99841024397356,0.01216692851608,0.5393806367042551,,0,0,CONTINUED_PLASTIC_LOADING,,False,False
BH032,348,3.480000257492065,0.505394815716308,3562,1,1,SHELF_NORMAL_Y_NEG,1289,6,5.056624327025936,0.0786539736981775,1.3015881720728226,0.0039536881314959,-0.0031476399539673,0.003966519463616,-0.0031432620840479,0.0039077973137465,-0.0034406441067841,0.0075351591221988,0.0031799250282347,,0.710394561290741,0.8364301919937134,0.8718788623809814,0.0039720038545725,0.0045431351740547,0.0057370914146304,0.9999485973964848,-49.215735020090406,0.0122189006885561,0.5388222175528607,,0,0,CONTINUED_PLASTIC_LOADING,,False,False
BH032,349,3.4900007247924805,0.5041911261507915,3562,1,1,SHELF_NORMAL_Y_NEG,1289,6,5.056624327025936,0.0958836572878827,1.3237197161663277,0.0039493442436348,-0.003131426913929,0.0039622044211934,-0.0031270540823995,0.0039103109962405,-0.0034209522092147,0.0075455070473253,0.0032164277508854,,0.7107160687446594,0.8377993702888489,0.8728838562965393,0.0039720038545725,0.0045431351740547,0.0057535083033144,0.9999999986073096,-49.438865840573456,0.0122724323914683,0.5382280935879946,,0,0,CONTINUED_PLASTIC_LOADING,,False,False
BH032,350,3.5,0.5029018631173556,3562,1,1,SHELF_NORMAL_Y_NEG,1289,6,5.056624327025936,0.1273361732093697,1.359147774264659,0.003909861976042,-0.0031503413649809,0.0039227417158952,-0.0031459764518631,0.0039127861168751,-0.0034018460649874,0.0075549990870058,0.0032503225374966,,0.7110109925270081,0.8389519453048706,0.8744640946388245,0.0039720038545725,0.0045431351740547,0.0057695060968399,0.9999785248755682,-49.67815354735096,0.0123260844429637,0.5374982927477517,-49958.35284703886,1,1,CONTINUED_PLASTIC_LOADING,,False,False
BH032,351,3.510000467300415,0.5017362620122796,3562,1,1,SHELF_NORMAL_Y_NEG,1289,6,5.056624327025936,0.1423111041918189,1.373711725253491,0.003885482865645,-0.0031539262591056,0.0038983331579943,-0.0031495879526161,0.0039155244211096,-0.0033804540965867,0.0075653637759387,0.0032876459881663,,0.7113330364227295,0.840221107006073,0.8752824068069458,0.0039720038545725,0.0045431351740547,0.0057864673435688,0.9999910590027636,-49.907722875352206,0.0123755778324003,0.5366345085259221,,0,0,CONTINUED_PLASTIC_LOADING,,False,False
BH032,352,3.52000093460083,0.5006157864809654,3562,1,1,SHELF_NORMAL_Y_NEG,1289,6,5.056624327025936,0.1338586451748694,1.3921943296160233,0.0038875881505059,-0.0031289729157463,0.0039004471824813,-0.0031248120567047,0.003917896189587,-0.0033618422151842,0.0075744474306702,0.0033205077052116,,0.7116153240203857,0.841338574886322,0.8754737973213196,0.0039720038545725,0.0045431351740547,0.0057972511276602,1.0000000137692475,-50.11565071454507,0.0124277678833928,0.5362325766502304,,0,0,CONTINUED_PLASTIC_LOADING,,False,False
BH032,353,3.5300002098083496,0.4994588243954704,3562,1,1,SHELF_NORMAL_Y_NEG,1289,6,5.056624327025936,0.1450542970083053,1.4172100100297378,0.0038156013174237,-0.0031790996367844,0.0038285129939852,-0.0031749816633083,0.0039202902878505,-0.0033429491046877,0.0075834449380636,0.0033532520756125,,0.7118948698043823,0.8424519896507263,0.8766616582870483,0.0039720038545725,0.0045431351740547,0.0058099352754652,0.9999999569741792,-50.329913319326685,0.0124754839008864,0.5354800524826926,,0,0,CONTINUED_PLASTIC_LOADING,,False,False
BH032,354,3.5400006771087646,0.4982715574840405,3562,1,1,SHELF_NORMAL_Y_NEG,1289,6,5.056624327025936,0.1780454738489018,1.4612957620779432,0.0038142186947856,-0.0031577781565244,0.0038271614988359,-0.0031537057461715,0.0039228012563652,-0.0033234096303386,0.0075920820236206,0.0033849808387458,,0.7121632099151611,0.8433906435966492,0.8779800534248352,0.0039720038545725,0.0045431351740547,0.0058295987546443,1.0000001313948643,-50.55292697076399,0.0125259971867997,0.5348442657418315,,0,0,CONTINUED_PLASTIC_LOADING,,False,False
BH032,355,3.549999952316284,0.4969180057737757,3562,1,1,SHELF_NORMAL_Y_NEG,1289,6,5.056624327025936,0.1922502177576245,1.4923679370661305,0.00382145110442,-0.0031228445323055,0.0038343816521732,-0.0031189009733954,0.0039259281918602,-0.0032992704053666,0.0076025100424885,0.0034237280488014,,0.7124872803688049,0.8444606065750122,0.8789664506912231,0.0039720038545725,0.0045431351740547,0.0058456938713788,1.0000000304151735,-50.77550648678967,0.0125781219762714,0.5341726073942489,,0,0,CONTINUED_PLASTIC_LOADING,,False,False
BH032,356,3.560000419616699,0.4962346772338422,3562,1,1,SHELF_NORMAL_Y_NEG,1289,6,5.056624327025936,0.2082265195033348,1.505401703115278,0.0038165325972049,-0.0031138028185467,0.003829450020936,-0.0031098520435501,0.0039280478782127,-0.0032839887378652,0.0076092649251222,0.0034490118268877,,0.7126971483230591,0.8451588153839111,0.8796670436859131,0.0039720038545725,0.0045431351740547,0.0058565554209053,0.9999949332084824,-50.96366369563761,0.0126228780831743,0.5337488458477544,,0,0,CONTINUED_PLASTIC_LOADING,,False,False
BH032,357,3.5700008869171143,0.4951535407727976,3562,1,1,SHELF_NORMAL_Y_NEG,1289,6,5.056624327025936,0.2085803174393164,1.514717816214737,0.0038369577928666,-0.0030694667939354,0.0038498443408104,-0.0030656088462135,0.0039312285141224,-0.0032595725026602,0.0076195243746042,0.003487340407446,,0.7130157947540283,0.8462168574333191,0.8799121975898743,0.0039720038545725,0.0045431351740547,0.00587262166664,0.999999992086604,-51.16391718099232,0.0126676968952445,0.5330312523351368,,0,0,CONTINUED_PLASTIC_LOADING,,False,False
BH032,358,3.580000162124634,0.4939117133404407,3562,1,1,SHELF_NORMAL_Y_NEG,1289,6,5.056624327025936,0.2162883753403119,1.5441816812746831,0.003761806359108,-0.0031173087058047,0.00377469001729,-0.0031136040336085,0.003934324318498,-0.0032367481074567,0.0076286299154162,0.003521588165313,,0.7132988572120667,0.8471629023551941,0.8807583451271057,0.0039720038545725,0.0045431351740547,0.0058927359059453,0.9999761992076834,-51.37881832371804,0.0127206807961015,0.5326527691142319,,0,0,CONTINUED_PLASTIC_LOADING,,False,False
BH032,359,3.590000629425049,0.4928218995083119,3562,1,1,SHELF_NORMAL_Y_NEG,1289,6,5.056624327025936,0.2282131063573444,1.5473209672546049,0.0037428163553703,-0.0031145336140157,0.0037555695425056,-0.0031108986839833,0.0039378967087185,-0.0032102431724872,0.0076389391906559,0.0035606380552053,,0.7136191725730896,0.8482412099838257,0.881153404712677,0.0039720038545725,0.0045431351740547,0.0059093786403536,0.9999999171182264,-51.58540278128872,0.0127645208609506,0.5318398344569075,,0,0,CONTINUED_PLASTIC_LOADING,,False,False
BH032,360,3.5999999046325684,0.4919279780710893,3562,1,1,SHELF_NORMAL_Y_NEG,1289,6,5.056624327025936,0.2179683768566325,1.5585539165004532,0.0036620383218953,-0.0031758576711141,0.0036747305884991,-0.0031724321248303,0.0039402573174957,-0.0031930816775505,0.0076459874399006,0.0035873255692422,,0.7138381600379944,0.8489781618118286,0.8811578750610352,0.0039720038545725,0.0045431351740547,0.0059237559325993,1.000000037597543,-51.77479066384514,0.0128103598919388,0.5314157066807217,,0,0,CONTINUED_PLASTIC_LOADING,,False,False
BH032,361,3.610000371932984,0.4909072459400522,3562,1,1,SHELF_NORMAL_Y_NEG,1289,6,5.056624327025936,0.1968197752405715,1.5411759754650816,0.0036619322387974,-0.0031500307543917,0.0036745060279472,-0.0031467497500361,0.0039438951182096,-0.0031632622494426,0.0076574035920202,0.003630680963397,,0.7141928672790527,0.8501753807067871,0.8809121251106262,0.0039720038545725,0.0045431351740547,0.005940755829215,0.9998746258742311,-51.96733903104898,0.0128573513227438,0.5310052117951315,,0,0,CONTINUED_PLASTIC_LOADING,,False,False
BH032,362,3.6200008392333984,0.489868447356376,3562,1,1,SHELF_NORMAL_Y_NEG,1289,6,5.056624327025936,0.2078160297447798,1.5930327606142614,0.0036665633633083,-0.0031199419006895,0.0036792741894267,-0.0031168063054295,0.0039462199007911,-0.0031480964095777,0.0076634334400296,0.00365357613191,,0.7143802642822266,0.8508076071739197,0.8819485306739807,0.0039720038545725,0.0045431351740547,0.0059545841068029,0.9998335928267564,-52.16714531114314,0.0129009953884232,0.530220526795767,,0,0,CONTINUED_PLASTIC_LOADING,,False,False
BH032,363,3.630000114440918,0.4887427043172695,3562,1,1,SHELF_NORMAL_Y_NEG,1289,6,5.056624327025936,0.2297415472979314,1.5774161027125788,0.0036850552879039,-0.0030804914550459,0.0036975306461915,-0.0030773318194915,0.003949956579134,-0.0031164674598279,0.0076750167645514,0.0036976628471165,,0.7147401571273804,0.852025032043457,0.8825376629829407,0.0039720038545725,0.0045431351740547,0.0059654447250068,0.999961206270126,-52.36661793539369,0.0129491016913031,0.5298856086906474,,0,0,CONTINUED_PLASTIC_LOADING,,False,False
BH032,364,3.640000581741333,0.4879357476884089,3562,1,1,SHELF_NORMAL_Y_NEG,1289,6,5.056624327025936,0.2326554718872334,1.5995326564574528,0.003685424201878,-0.0030622834103146,0.0036977952992641,-0.0030593607727296,0.0039523093160997,-0.0031006002339596,0.0076814070343971,0.0037221480160951,,0.7149387001991272,0.8527011275291443,0.8825361728668213,0.0039720038545725,0.0045431351740547,0.0059774997644126,0.9994502368540296,-52.538540489955466,0.0129898015177742,0.5292976742587647,,0,0,CONTINUED_PLASTIC_LOADING,,False,False
BH032,365,3.650001049041748,0.4871502106656476,3562,1,1,SHELF_NORMAL_Y_NEG,1289,6,5.056624327025936,0.2492484286030931,1.6239586933393602,0.003694032781763,-0.0030357421794482,0.0037064630506498,-0.003032814516078,0.0039543971529045,-0.0030856411857054,0.0076872501522302,0.0037446292117238,,0.715120255947113,0.8533219695091248,0.883613109588623,0.0039720038545725,0.0045431351740547,0.0059834900312125,0.99999992803759,-52.71188783999396,0.0130312067095676,0.528868883322752,,0,0,CONTINUED_PLASTIC_LOADING,,False,False
BH032,366,3.660000324249268,0.4860427513322125,3562,1,1,SHELF_NORMAL_Y_NEG,1289,6,5.056624327025936,0.2532858141189207,1.63903254896695,0.0037157947894691,-0.0029846743820486,0.0037282007702163,-0.0029818472957818,0.0039583835717415,-0.0030567503221462,0.0076973233371973,0.0037834614049643,,0.7154332995414734,0.854394257068634,0.8840106725692749,0.0039720038545725,0.0045431351740547,0.006001150701195,0.9999789059156192,-52.9102991305392,0.0130787496917416,0.5284084811097347,,0,0,CONTINUED_PLASTIC_LOADING,,False,False
BH032,367,3.6700007915496826,0.4850355997840617,3562,1,1,SHELF_NORMAL_Y_NEG,1289,6,5.056624327025936,0.2399163207323973,1.6369251494504375,0.0037162821203211,-0.0029639916581499,0.0037285475500727,-0.0029613829714539,0.0039614005509427,-0.0030353184331853,0.0077049410901963,0.0038131368346512,,0.7156699895858765,0.8552137017250061,0.8837649822235107,0.0039720038545725,0.0045431351740547,0.0060119503177702,0.9999162333873308,-53.09273701059527,0.013117806293171,0.5277587048935042,,0,0,CONTINUED_PLASTIC_LOADING,,False,False
BH032,368,3.680000066757202,0.4842411714366268,3562,1,1,SHELF_NORMAL_Y_NEG,1289,6,5.056624327025936,0.2619013609824073,1.65279286162044,0.0037191635925579,-0.0029397663956677,0.0037313737767272,-0.0029371706688761,0.0039647326277748,-0.0030115304331248,0.0077132629230618,0.0038457033224403,,0.7159285545349121,0.8561130166053772,0.8847402930259705,0.0039720038545725,0.0045431351740547,0.006024126894772,0.9990759829525055,-53.26362625631196,0.0131577630991222,0.5273019038168201,,0,0,CONTINUED_PLASTIC_LOADING,,False,False
BH032,369,3.690000534057617,0.4834326540968872,3562,1,1,SHELF_NORMAL_Y_NEG,1289,6,5.056624327025936,0.2529989806731514,1.670416786071199,0.0037496447531847,-0.0028871242056549,0.0037618255837621,-0.0028847411940087,0.0039673235560729,-0.0029937089942285,0.007719709072262,0.0038709640502929,,0.7161288261413574,0.8568105697631836,0.8846921324729919,0.0039720038545725,0.0045431351740547,0.0060344063676893,0.99878443644972,-53.43022296158286,0.0131996188733447,0.5269546212615268,,0,0,CONTINUED_PLASTIC_LOADING,,False,False
BH032,370,3.700001001358032,0.482643989404432,3562,1,1,SHELF_NORMAL_Y_NEG,1289,6,5.056624327025936,0.2750538772834369,1.6734743870497006,0.0037484953807533,-0.0028698757928939,0.0037605992086473,-0.0028674384662193,0.0039706884759411,-0.0029696971540536,0.0077277710661292,0.0039026606827974,,0.7163793444633484,0.8576858043670654,0.885425329208374,0.0039720038545725,0.0045431351740547,0.0060432832688093,0.9998906032854592,-53.60659471988477,0.0132381334626878,0.5263836963398214,,0,0,CONTINUED_PLASTIC_LOADING,,False,False
BH032,371,3.710000276565552,0.4817387732820332,3562,1,1,SHELF_NORMAL_Y_NEG,1289,6,5.056624327025936,0.2905816905015949,1.7105118017822,0.0037343534643996,-0.0028576074535042,0.0037463699811854,-0.0028554061218194,0.0039740806696136,-0.0029466784533725,0.0077353250235319,0.0039325826801359,,0.7166140675544739,0.8585120439529419,0.8859744071960449,0.0039720038545725,0.0045431351740547,0.006055365782231,0.9999335648261184,-53.780786636568685,0.0132781507927358,0.5258777065362541,,0,0,CONTINUED_PLASTIC_LOADING,,False,False
BH032,372,3.720000743865967,0.48089836759304,3562,1,1,SHELF_NORMAL_Y_NEG,1289,6,5.056624327025936,0.3053984190878857,1.73007753018206,0.0037220858063191,-0.0028514052435482,0.0037341032582573,-0.0028492358038985,0.0039769966288322,-0.0029277314191655,0.0077416663989424,0.0039579547010362,,0.7168111205101013,0.8592126369476318,0.8866924047470093,0.0039720038545725,0.0045431351740547,0.006069369148463,1.0000001221070198,-53.94194181228885,0.0133165359763493,0.525433514143422,,0,0,CONTINUED_PLASTIC_LOADING,,False,False
BH032,373,3.7300000190734863,0.4802349277810243,3562,1,1,SHELF_NORMAL_Y_NEG,1289,6,5.056624327025936,0.284267867351441,1.7188430029472468,0.0036300032335724,-0.0029175754124406,0.0036419524077339,-0.002915542656267,0.0039808966388777,-0.0029002611000011,0.0077502718195319,0.0039923642762005,,0.7170785069465637,0.8601628541946411,0.8866590261459351,0.0039720038545725,0.0045431351740547,0.0060823732055723,0.9999915846446036,-54.09948222013261,0.0133527624675468,0.525046668195688,,0,0,CONTINUED_PLASTIC_LOADING,,False,False
BH032,374,3.740000486373901,0.4793430627954326,3562,1,1,SHELF_NORMAL_Y_NEG,1289,6,5.056624327025936,0.288905238461608,1.7411635702394002,0.0036714337711522,-0.0028553382109067,0.0036832801522391,-0.0028535304818827,0.0039840907052729,-0.0028793556685715,0.0077570546418428,0.0040193884633481,,0.7172892093658447,0.8609090447425842,0.8866681456565857,0.0039720038545725,0.0045431351740547,0.0060918279923498,0.999971829829751,-54.265265467301646,0.0133893320834393,0.5244629008175521,,0,0,CONTINUED_PLASTIC_LOADING,,False,False
BH032,375,3.750000953674317,0.4783498081024586,3562,1,1,SHELF_NORMAL_Y_NEG,1289,6,5.056624327025936,0.2946965721260987,1.759292183190562,0.0036898815031722,-0.0028117602441207,0.003701753563596,-0.0028100121164921,0.0039874315191506,-0.0028564231813966,0.0077641713432967,0.0040479260496795,,0.7175103425979614,0.8616970777511597,0.8872876167297363,0.0039720038545725,0.0045431351740547,0.0060986801981925,0.9994784846545258,-54.435001896611,0.0134298783289483,0.5240718059399412,-7926.802826610742,1,1,CONTINUED_PLASTIC_LOADING,,False,False
BH032,376,3.760000228881836,0.47762209623252,3562,1,1,SHELF_NORMAL_Y_NEG,1289,6,5.056624327025936,0.3026677045382929,1.7590502720627,0.003691152580386,-0.0027884382845932,0.0037029854349904,-0.0027866725905937,0.0039913780156394,-0.0028304471480755,0.0077720936387777,0.004080019891262,,0.7177565097808838,0.862583339214325,0.8879516124725342,0.0039720038545725,0.0045431351740547,0.006108549889177,0.9999779407717516,-54.59190398217071,0.0134663688225093,0.5235925352321676,,0,0,CONTINUED_PLASTIC_LOADING,,False,False
BH032,377,3.770000696182251,0.4767758840828368,3562,1,1,SHELF_NORMAL_Y_NEG,1289,6,5.056624327025936,0.297652023089837,1.7661372509219688,0.0037082649325673,-0.0027514536206835,0.0037200306958369,-0.002749838676961,0.0039944308058871,-0.0028109242892137,0.0077782003208994,0.0041045886464416,,0.7179462909698486,0.8632617592811584,0.8879997134208679,0.0039720038545725,0.0045431351740547,0.0061194393783807,0.9991458837418352,-54.7407599307507,0.0134990850799086,0.523102854558189,,0,0,CONTINUED_PLASTIC_LOADING,,False,False
BH032,378,3.7799999713897705,0.4760426193348729,3562,1,1,SHELF_NORMAL_Y_NEG,1289,6,5.056624327025936,0.2978440777541669,1.7698237265751957,0.003697104815395,-0.0027397390056269,0.0037087512712399,-0.0027382675243129,0.0039979796361364,-0.00278563112715,0.007785805966705,0.0041352971456944,,0.7181824445724487,0.8641091585159302,0.8879567384719849,0.0039720038545725,0.0045431351740547,0.0061248396523296,0.9999395840124158,-54.89319350486004,0.0135366385888624,0.5228525111570901,,0,0,CONTINUED_PLASTIC_LOADING,,False,False
BH032,379,3.7900004386901855,0.4754950468715179,3562,1,1,SHELF_NORMAL_Y_NEG,1289,6,5.056624327025936,0.3117406875612721,1.777745099481477,0.0036461630651041,-0.0027744301002674,0.0036577577743288,-0.0027729690620928,0.0040011570973697,-0.0027658726919674,0.0077918078750371,0.0041594952344894,,0.7183690667152405,0.8647779822349548,0.8884159326553345,0.0039720038545725,0.0045431351740547,0.0061384355649352,0.9999816908034022,-55.040250608066,0.0135681050636983,0.5222718417220138,,0,0,CONTINUED_PLASTIC_LOADING,,False,False
BH032,380,3.8000009059906006,0.4746054039910519,3562,1,1,SHELF_NORMAL_Y_NEG,1289,6,5.056624327025936,0.2984781921752726,1.795468262676562,0.0035707472920569,-0.0028211046557621,0.0035823429930499,-0.0028198568123992,0.0040047645105959,-0.0027412405598748,0.0077990465797483,0.0041887979023158,,0.7185940146446228,0.8655871152877808,0.8883612751960754,0.0039720038545725,0.0045431351740547,0.0061502307653427,0.9997283797719336,-55.193061043726566,0.0136040944840647,0.5219172021941088,,0,0,CONTINUED_PLASTIC_LOADING,,False,False
BH032,381,3.81000018119812,0.4738222350887527,3562,1,1,SHELF_NORMAL_Y_NEG,1289,6,5.056624327025936,0.3020739800657309,1.8069350331430047,0.0035804647455792,-0.0027866759660479,0.0035919465110158,-0.0027855964659551,0.0040086787966318,-0.0027148269063928,0.0078067723661661,0.0042200307361781,,0.7188340425491333,0.8664495944976807,0.8884252309799194,0.0039720038545725,0.0045431351740547,0.0061594038270413,0.9999897933770404,-55.344924548594605,0.0136402408657041,0.5215466875120894,,0,0,CONTINUED_PLASTIC_LOADING,,False,False
BH032,382,3.820000648498535,0.4732479518008002,3562,1,1,SHELF_NORMAL_Y_NEG,1289,6,5.056624327025936,0.2968243362531286,1.8042461061275463,0.0035954317247227,-0.0027547803712587,0.0036067427818351,-0.0027538892802974,0.004011517590677,-0.0026951542930267,0.0078126611188054,0.0042437752708792,,0.7190170288085938,0.86710524559021,0.8881276845932007,0.0039720038545725,0.0045431351740547,0.0061682034283876,0.9999999988787232,-55.4780305840354,0.0136682201508575,0.5210362396294672,,0,0,CONTINUED_PLASTIC_LOADING,,False,False
BH032,383,3.829999923706055,0.4723257029636822,3562,1,1,SHELF_NORMAL_Y_NEG,1289,6,5.056624327025936,0.2953152920321941,1.8266627445261103,0.003634022914268,-0.0026921840946462,0.0036454040585364,-0.0026913883014318,0.0040147642275466,-0.0026742158541595,0.0078188637271523,0.0042688720859587,,0.7192097306251526,0.8677982687950134,0.8886162638664246,0.0039720038545725,0.0045431351740547,0.0061708027496933,0.9989934672241704,-55.61816388369494,0.0137023144051265,0.5206893709715885,,0,0,CONTINUED_PLASTIC_LOADING,,False,False
BH032,384,3.8400003910064697,0.4711130731331066,3562,1,1,SHELF_NORMAL_Y_NEG,1289,6,5.056624327025936,0.2981757288175414,1.8331624968370408,0.0036118304082575,-0.0026921306212692,0.0036231373647606,-0.0026914341723791,0.0040186930301537,-0.0026506090735572,0.0078257638961076,0.0042967665940523,,0.7194241881370544,0.8685685396194458,0.8890635371208191,0.0039720038545725,0.0045431351740547,0.0061910753138363,0.9970866099412224,-55.7793561669631,0.0137424900729605,0.5203091847501633,,0,0,CONTINUED_PLASTIC_LOADING,,False,False
BH032,385,3.8500008583068848,0.4707257553670231,3562,1,1,SHELF_NORMAL_Y_NEG,1289,6,5.056624327025936,0.2987087219921736,1.8318555654490305,0.0035837153782713,-0.0027019768880789,0.0035948316685904,-0.0027014583870002,0.0040216776295834,-0.0026285562390902,0.0078316992148756,0.0043210750445723,,0.7196086049079895,0.8692398071289062,0.8890116810798645,0.0039720038545725,0.0045431351740547,0.0061930236406624,0.9999989099103204,-55.918353368952125,0.0137684344165069,0.5197458056285842,,0,0,CONTINUED_PLASTIC_LOADING,,False,False
BH032,386,3.860000133514404,0.4702798898478003,3562,1,1,SHELF_NORMAL_Y_NEG,1289,6,5.056624327025936,0.2895802506751508,1.8393267641319824,0.0035565982872535,-0.0027108770479702,0.0035676815888058,-0.002710506279921,0.0040246890674039,-0.002609041346537,0.0078374119475483,0.0043441634625196,,0.7197861075401306,0.8698773384094238,0.8883417248725891,0.0039720038545725,0.0045431351740547,0.0062033883295953,0.9991165166456444,-56.04166424269631,0.013796393818764,0.5193466897138534,,0,0,CONTINUED_PLASTIC_LOADING,,False,False
BH032,387,3.8700006008148193,0.4691735448958631,3562,1,1,SHELF_NORMAL_Y_NEG,1289,6,5.056624327025936,0.3030702699786889,1.8479915103849784,0.0035438463409651,-0.0027021955386615,0.0035548964284605,-0.0027018246302472,0.0040283701777799,-0.0025851794644532,0.007844272069633,0.0043719559907913,,0.7199992537498474,0.8706448078155518,0.8887509703636169,0.0039720038545725,0.0045431351740547,0.0062145832926034,0.9998592064192408,-56.16630985103716,0.0138318030342826,0.5192851052283062,,0,0,CONTINUED_PLASTIC_LOADING,,False,False
BH032,388,3.8800010681152335,0.468384073475211,3562,1,1,SHELF_NORMAL_Y_NEG,1289,6,5.056624327025936,0.2866340270106776,1.8378751748066733,0.0035339324340241,-0.0026956916491502,0.003544928176668,-0.0026954187715831,0.0040316162708215,-0.0025647595256017,0.0078500928357243,0.0043953633867204,,0.720180094242096,0.8712912201881409,0.8881128430366516,0.0039720038545725,0.0045431351740547,0.0062210191972553,0.9999252500196988,-56.30093022926099,0.0138572330548019,0.5186151824914603,,0,0,CONTINUED_PLASTIC_LOADING,,False,False
BH032,389,3.890000343322754,0.468250785784578,3562,1,1,SHELF_NORMAL_Y_NEG,1289,6,5.056624327025936,0.2822931982738545,1.837316968581916,0.0035206720191101,-0.002685714557603,0.0035315281008698,-0.0026856074880803,0.0040358773749786,-0.0025382908815258,0.0078575732186436,0.0044231927022337,,0.72041255235672,0.8720596432685852,0.8883158564567566,0.0039720038545725,0.0045431351740547,0.0062289400957524,0.9999590921295628,-56.44644823847598,0.0138900262515324,0.5183247100093074,,0,0,CONTINUED_PLASTIC_LOADING,,False,False
BH032,390,3.900000810623169,0.4675825893232442,3562,1,1,SHELF_NORMAL_Y_NEG,1289,6,5.056624327025936,0.2767063283135828,1.851454724836052,0.0035223819833517,-0.0026592164394264,0.0035332266659803,-0.0026592571143773,0.0040396805668055,-0.0025140359806821,0.0078643392771482,0.0044503323733806,,0.7206227779388428,0.872809112071991,0.8882583379745483,0.0039720038545725,0.0045431351740547,0.0062363799661397,1.000000025875443,-56.56554775938156,0.013920128721764,0.518057906522613,,0,0,CONTINUED_PLASTIC_LOADING,,False,False
BH032,391,3.910000085830689,0.4670350182791012,3562,1,1,SHELF_NORMAL_Y_NEG,1289,6,5.056624327025936,0.2664197051072082,1.83128138321252,0.0035161157607962,-0.0026555095191718,0.0035268733329804,-0.0026555689631956,0.0040417485131775,-0.0024995740694754,0.0078687081113457,0.004467808175832,,0.7207584977149963,0.8732916712760925,0.887993335723877,0.0039720038545725,0.0045431351740547,0.0062409518286585,0.9999552916175614,-56.667941520867984,0.0139442725534541,0.5177956859147866,,0,0,CONTINUED_PLASTIC_LOADING,,False,False
BH032,392,3.920000553131104,0.4662340597184427,3562,1,1,SHELF_NORMAL_Y_NEG,1289,6,5.056624327025936,0.2533067677700741,1.859904336765761,0.0035250094755023,-0.0026217932071626,0.0035356839663991,-0.0026222242294154,0.0040450132038046,-0.0024791405334998,0.0078745540231466,0.0044909873977303,,0.7209401726722717,0.8739317655563354,0.887425422668457,0.0039720038545725,0.0045431351740547,0.0062480932101607,0.998436720392648,-56.80660378326459,0.0139754595170996,0.5173508700251123,,0,0,CONTINUED_PLASTIC_LOADING,,False,False
BH032,393,3.930001020431519,0.4657452610737226,3562,1,1,SHELF_NORMAL_Y_NEG,1289,6,5.056624327025936,0.2690465176597365,1.8490437456886049,0.0035170574343132,-0.0026080179338168,0.0035277129249178,-0.0026082840830372,0.004049033012223,-0.0024505759500308,0.0078822281211614,0.0045214677229523,,0.7211785912513733,0.8747734427452087,0.8881022930145264,0.0039720038545725,0.0045431351740547,0.0062551107257604,0.9999527069037047,-56.941726685021365,0.0140044372725283,0.5170248902748487,,0,0,CONTINUED_PLASTIC_LOADING,,False,False
BH032,394,3.940000295639038,0.4652113931870988,3562,1,1,SHELF_NORMAL_Y_NEG,1289,6,5.056624327025936,0.2708030525362334,1.864746249379272,0.0035615847380458,-0.002548021229632,0.0035720948495164,-0.0025485291586925,0.0040518231728058,-0.0024332532772185,0.0078873047605156,0.0045414771884679,,0.7213363647460938,0.8753259778022766,0.8873876333236694,0.0039720038545725,0.0045431351740547,0.0062605370767414,0.9999356859312816,-57.04907984400122,0.0140290628439478,0.516605797743857,,0,0,CONTINUED_PLASTIC_LOADING,,False,False
BH032,395,3.950000762939453,0.4647936845233115,3562,1,1,SHELF_NORMAL_Y_NEG,1289,6,5.056624327025936,0.2672265364276456,1.865248985460716,0.0035161780481889,-0.0025826404382023,0.0035266396501928,-0.0025832250743253,0.0040537422419023,-0.0024215238344756,0.0078908670693635,0.0045554661191999,,0.7214470505714417,0.8757122755050659,0.8875392079353333,0.0039720038545725,0.0045431351740547,0.0062679587863385,0.9999547957727,-57.14957122968913,0.0140568299107749,0.5165750143991028,,0,0,CONTINUED_PLASTIC_LOADING,,False,False
BH032,396,3.9600000381469727,0.4639844016118259,3562,1,1,SHELF_NORMAL_Y_NEG,1289,6,5.056624327025936,0.247387290590029,1.861480169746688,0.0035301694927717,-0.0025457138561784,0.0035405810689251,-0.0025464596040744,0.0040573288658269,-0.0023972921129513,0.0078976079821586,0.0045818081125617,,0.7216565012931824,0.87643963098526,0.8870698809623718,0.0039720038545725,0.0045431351740547,0.0062733739614486,0.999739930972052,-57.27222900636494,0.0140822998924466,0.516088330233384,,0,0,CONTINUED_PLASTIC_LOADING,,False,False
BH032,397,3.970000505447388,0.4631027323252125,3562,1,1,SHELF_NORMAL_Y_NEG,1289,6,5.056624327025936,0.2386635534003373,1.8586667365843967,0.0035349214094809,-0.0025232264126952,0.0035451676806079,-0.0025241783202537,0.0040605524534997,-0.0023769834745742,0.007903330028057,0.0046042683534324,,0.7218343019485474,0.8770598769187927,0.8866916298866272,0.0039720038545725,0.0045431351740547,0.0062805693596601,0.9997575796166188,-57.40970609997414,0.014111707341796,0.5156582763481363,,0,0,CONTINUED_PLASTIC_LOADING,,False,False
BH032,398,3.9800009727478014,0.4627113975053484,3562,1,1,SHELF_NORMAL_Y_NEG,1289,6,5.056624327025936,0.2447496555452233,1.8682990851575485,0.0035345795002794,-0.0025046284494391,0.0035448520815284,-0.0025055785600999,0.004063524383133,-0.0023570394482849,0.0079087279736995,0.00462545780465,,0.7220020294189453,0.8776450157165527,0.88697749376297,0.0039720038545725,0.0045431351740547,0.0062879784964025,0.9998931862380372,-57.52103993837728,0.0141400767552984,0.5155735937227909,,0,0,CONTINUED_PLASTIC_LOADING,,False,False
BH032,399,3.990000247955322,0.4623423389785372,3562,1,1,SHELF_NORMAL_Y_NEG,1289,6,5.056624327025936,0.2243118062387771,1.8515048280700264,0.0034805365259135,-0.0025437560702764,0.0034908390095543,-0.0025447014646666,0.0040660806036172,-0.0023398409547172,0.0079138753935694,0.0046455105766654,,0.7221619486808777,0.8781987428665161,0.8869737982749939,0.0039720038545725,0.0045431351740547,0.0062890611588954,0.9992077237390954,-57.60908221636412,0.0141613075667504,0.5152479043263076,,0,0,CONTINUED_PLASTIC_LOADING,,False,False
BH032,400,4.000000476837158,0.4618754664297379,3562,1,1,SHELF_NORMAL_Y_NEG,1289,6,5.056624327025936,0.2107236768865012,1.8506937867940736,0.0034730790406812,-0.0025372661351326,0.0034833067999693,-0.0025383745747608,0.004068130334939,-0.0023253753674979,0.0079181501641869,0.0046619982458651,,0.7222946882247925,0.8786537051200867,0.8863425850868225,0.0039720038545725,0.0045431351740547,0.0062892502173781,1.00000010569517,-57.71357548286775,0.0141884849086252,0.5151377806424138,-40753.35453697304,1,1,AMBIGUOUS,,False,False
BH032,401,4.010000705718994,0.4606503483767547,3562,1,1,SHELF_NORMAL_Y_NEG,1289,6,5.056624327025936,0.2060548250981359,1.8591275451956648,0.0034674244308816,-0.002517881716324,0.0034776773496137,-0.0025190555675464,0.0040715598505957,-0.00230108761306,0.0079250102862715,0.0046885884366929,,0.7225079536437988,0.8793882727622986,0.8867399096488953,0.0039720038545725,0.0045431351740547,0.0062941159121692,0.9984893487043528,-57.87114252819842,0.0142218627460411,0.514602962594382,,0,0,CONTINUED_PLASTIC_LOADING,,False,False
BH032,402,4.019999980926514,0.4601142899837988,3562,1,1,SHELF_NORMAL_Y_NEG,1289,6,5.056624327025936,0.1966696526278951,1.851685938046524,0.0034542446180433,-0.0025133050768961,0.003464364792074,-0.0025146251076032,0.0040749417346391,-0.0022790003093654,0.0079313833266496,0.0047133113257586,,0.7227059602737427,0.8800709843635559,0.8861477971076965,0.0039720038545725,0.0045431351740547,0.0062982509844005,0.9995521217657748,-58.00045272057776,0.0142544309488121,0.5143423901153608,,0,0,CONTINUED_PLASTIC_LOADING,,False,False
BH032,403,4.03000020980835,0.4596947270896243,3562,1,1,SHELF_NORMAL_Y_NEG,1289,6,5.056624327025936,0.1882657515909626,1.846621100258953,0.003460979413124,-0.0024913789861457,0.0034710049011854,-0.0024928167839046,0.0040776071229441,-0.002261008193545,0.0079367086291313,0.0047338441945612,,0.7228714227676392,0.8806379437446594,0.885737955570221,0.0039720038545725,0.0045431351740547,0.0063012638129293,1.0000001120502855,-58.10379380437651,0.0142796642770309,0.5140535068408218,,0,0,CONTINUED_PLASTIC_LOADING,,False,False
BH032,404,4.0400004386901855,0.4590076153352073,3562,1,1,SHELF_NORMAL_Y_NEG,1289,6,5.056624327025936,0.1926241268864747,1.865296464131224,0.0034806472960675,-0.002452462415363,0.0034905319907529,-0.0024541399718566,0.0040806972489062,-0.0022390286562763,0.0079429261386394,0.0047576720826327,,0.7230646014213562,0.881295919418335,0.8854007124900818,0.0039720038545725,0.0045431351740547,0.0063059679232537,0.9999273365789932,-58.23698464888431,0.0143115150660026,0.513767813767959,,0,0,CONTINUED_PLASTIC_LOADING,,False,False
BH032,405,4.0500006675720215,0.4578362286730307,3562,1,1,SHELF_NORMAL_Y_NEG,1289,6,5.056624327025936,0.2008857383769137,1.8858501041191245,0.0034422428457406,-0.0024590895629669,0.0034521351020757,-0.0024608445257498,0.0040850374359679,-0.0022089130101689,0.0079510286450386,0.0047886450774967,,0.7233163714408875,0.882151186466217,0.8862311840057373,0.0039720038545725,0.0045431351740547,0.0063123553991317,0.9982184521685246,-58.37312097741372,0.014343376508758,0.5134376729551079,,0,0,CONTINUED_PLASTIC_LOADING,,False,False
BH032,406,4.059999942779541,0.4575339454685869,3562,1,1,SHELF_NORMAL_Y_NEG,1289,6,5.056624327025936,0.1952489263493769,1.8903269904477744,0.0034504112050526,-0.0024331962522247,0.0034602678939006,-0.0024350566928519,0.0040878386345758,-0.0021908695400803,0.0079562794417142,0.0048088137991726,,0.7234795093536377,0.8827081322669983,0.8861663341522217,0.0039720038545725,0.0045431351740547,0.0063123553991317,0.9988916459704708,-58.4823049869408,0.0143710884779833,0.5131621237686821,,0,0,AMBIGUOUS,,False,False
BH032,407,4.070000171661377,0.4569944693527715,3562,1,1,SHELF_NORMAL_Y_NEG,1289,6,5.056624327025936,0.1834648787932802,1.8938157064158885,0.0034319632804675,-0.0024320589564214,0.0034416869567829,-0.0024341579816793,0.0040907543750068,-0.0021700717424326,0.0079620303586125,0.0048307920806109,,0.7236582040786743,0.8833150267601013,0.88553786277771,0.0039720038545725,0.0045431351740547,0.0063135167583823,0.9999437948469642,-58.59855101838304,0.0143973883911704,0.512881598372197,,0,0,CONTINUED_PLASTIC_LOADING,,False,False
BH032,408,4.080000400543213,0.4563960138662833,3562,1,1,SHELF_NORMAL_Y_NEG,1289,6,5.056624327025936,0.1804929610712586,1.8901268360200056,0.0034249874944027,-0.0024234798606352,0.0034346972637138,-0.0024255878370034,0.0040931525300108,-0.0021528585943369,0.007966823875904,0.0048491293564438,,0.723807156085968,0.8838213682174683,0.8855850100517273,0.0039720038545725,0.0045431351740547,0.006319920066744,0.9989363108661912,-58.722958014297234,0.0144242047418152,0.5125520412013729,,0,0,CONTINUED_PLASTIC_LOADING,,False,False
BH032,409,4.090000629425049,0.4557558156746173,3562,1,1,SHELF_NORMAL_Y_NEG,1289,6,5.056624327025936,0.1803205393440733,1.8955656913620025,0.0033704055609233,-0.002461397621582,0.0033800574720839,-0.00246360224373,0.004095715609446,-0.0021348550400713,0.007972034625709,0.0048689446412026,,0.723969042301178,0.8843685388565063,0.885637640953064,0.0039720038545725,0.0045431351740547,0.006319920066744,0.997113229739352,-58.83421503903924,0.014451523042913,0.512271487742957,,0,0,TRUE_ELASTIC_UNLOADING,-0.0047824134498044,False,False
BH032,410,4.099999904632568,0.45510378751137,3562,1,1,SHELF_NORMAL_Y_NEG,1289,6,5.056624327025936,0.187284337418517,1.9184777914644164,0.0033923484520387,-0.0024224123269303,0.003401923439672,-0.0024248041143249,0.0040983366771752,-0.0021172444580217,0.0079771121963858,0.0048881531693041,,0.7241268157958984,0.8848989605903625,0.8852639198303223,0.0039720038545725,0.0045431351740547,0.006319920066744,0.9996728746837112,-58.94707359983481,0.0144769556345526,0.5118898674464024,,0,0,AMBIGUOUS,,False,False
BH032,411,4.110000133514404,0.454648911952664,3562,1,1,SHELF_NORMAL_Y_NEG,1289,6,5.056624327025936,0.1999840002920683,1.9075107703368268,0.0033721853500592,-0.0024324439061995,0.0033817681012714,-0.0024346643354253,0.0041008068504612,-0.0021009396504821,0.0079815136268734,0.0049048541113734,,0.724263608455658,0.8853601813316345,0.8859496712684631,0.0039720038545725,0.0045431351740547,0.0063262451440095,0.9996860770181416,-59.05425577136983,0.0145027637296927,0.5117734419989213,,0,0,CONTINUED_PLASTIC_LOADING,,False,False
BH032,412,4.12000036239624,0.4537829770481095,3562,1,1,SHELF_NORMAL_Y_NEG,1289,6,5.056624327025936,0.1887932802763759,1.9261706544451105,0.0033499887827325,-0.002424652779811,0.0033594667126712,-0.0024271843708917,0.0041045887769102,-0.002074043923536,0.007988859899342,0.0049324636347591,,0.7244918346405029,0.8861225843429565,0.885841965675354,0.0039720038545725,0.0045431351740547,0.0063262451440095,0.9998252499139374,-59.16421379681989,0.0145267483966797,0.5112845979142813,,0,0,AMBIGUOUS,,False,False
BH032,413,4.130000591278076,0.453399624774938,3562,1,1,SHELF_NORMAL_Y_NEG,1289,6,5.056624327025936,0.1873044916212191,1.9289671797477344,0.0033954493542772,-0.002363899471084,0.0034048081694061,-0.0023665797989604,0.0041075095344185,-0.002054894981318,0.0079940035939216,0.0049517601728439,,0.7246516942977905,0.8866553902626038,0.8852280974388123,0.0039720038545725,0.0045431351740547,0.0063299122266471,1.0000000198045804,-59.263305598293634,0.0145538258330896,0.5113024967346689,,0,0,CONTINUED_PLASTIC_LOADING,,False,False
BH032,414,4.139999866485596,0.4529146425013144,3562,1,1,SHELF_NORMAL_Y_NEG,1289,6,5.056624327025936,0.189427593713225,1.9293110031228184,0.0033894236151112,-0.0023453199138204,0.0033989147967433,-0.0023478555760322,0.0041113674283441,-0.0020295815726316,0.0080008134245872,0.0049773114733397,,0.7248632907867432,0.8873609900474548,0.8863834142684937,0.0039720038545725,0.0045431351740547,0.006335899233818,0.9999297695095476,-59.36253716656764,0.0145733119561495,0.5107900369175897,,0,0,CONTINUED_PLASTIC_LOADING,,False,False
BH032,415,4.150000095367432,0.4521004502529185,3562,1,1,SHELF_NORMAL_Y_NEG,1289,6,5.056624327025936,0.1819745794964477,1.935806454905288,0.0034023349904154,-0.0023148856763962,0.0034117161363093,-0.0023176277923138,0.0041142689424835,-0.0020109367922843,0.0080059664323925,0.0049965376965701,,0.7250233888626099,0.8878918886184692,0.8859014511108398,0.0039720038545725,0.0045431351740547,0.0063423309475183,1.0000000245352123,-59.46927568000037,0.0146010792858537,0.5106691876155177,,0,0,CONTINUED_PLASTIC_LOADING,,False,False
BH032,416,4.160000324249268,0.4517796538703995,3562,1,1,SHELF_NORMAL_Y_NEG,1289,6,5.056624327025936,0.1791610460995103,1.942683328819292,0.003389933990092,-0.0023138788655739,0.0033991593337394,-0.0023168437681204,0.0041165657169114,-0.0019947737862185,0.0080103864893317,0.0050130099989473,,0.7251607179641724,0.8883467316627502,0.8852443099021912,0.0039720038545725,0.0045431351740547,0.006350580137223,0.9999577156805184,-59.562535097688894,0.0146217854605702,0.5104019265644479,,0,0,CONTINUED_PLASTIC_LOADING,,False,False
BH032,417,4.170000553131104,0.4511656008669111,3562,1,1,SHELF_NORMAL_Y_NEG,1289,6,5.056624327025936,0.1814041183024422,1.9547801566275576,0.0033922183674023,-0.0022894017573605,0.0034013790291232,-0.0022924994553514,0.004120034759558,-0.0019717643115233,0.0080165145918726,0.0050356588326394,,0.7253511548042297,0.8889721632003784,0.8852710723876953,0.0039720038545725,0.0045431351740547,0.0063587189652025,0.9992229621001312,-59.656413894265285,0.0146437371527592,0.5101373174928838,,0,0,CONTINUED_PLASTIC_LOADING,,False,False
BH032,418,4.179999828338623,0.4508864908674838,3562,1,1,SHELF_NORMAL_Y_NEG,1289,6,5.056624327025936,0.1634425655211093,1.947432012025632,0.0033952619928653,-0.0022781641556502,0.0034044132145705,-0.0022813446582296,0.0041217501464467,-0.0019614663848234,0.0080195367336273,0.0050468854606151,,0.725445032119751,0.8892821669578552,0.8847725987434387,0.0039720038545725,0.0045431351740547,0.006366298533976,0.99435521123073,-59.74174602167536,0.0146677498270383,0.5101202124830927,,0,0,CONTINUED_PLASTIC_LOADING,,False,False
BH032,419,4.190000057220459,0.4504119732738048,3562,1,1,SHELF_NORMAL_Y_NEG,1289,6,5.056624327025936,0.1572927095159709,1.9603384530573416,0.0034296812881524,-0.0022265742582429,0.0034388238162506,-0.0022298951799847,0.0041238831859172,-0.0019472540080238,0.0080236410722136,0.0050618671812117,,0.7255725860595703,0.8896958827972412,0.8847172856330872,0.0039720038545725,0.0045431351740547,0.006366298533976,0.993700742582012,-59.83255622170432,0.0146848468294261,0.5096368778408547,,0,0,TRUE_ELASTIC_UNLOADING,-0.0039882391743255,True,False
BH032,420,4.200000286102295,0.4497682571066939,3562,1,1,SHELF_NORMAL_Y_NEG,1289,6,5.056624327025936,0.1595165827948612,1.9600228184709896,0.0034138852371673,-0.0022283786632667,0.003423048869264,-0.002231660926808,0.0041264886048973,-0.001930211731157,0.0080282585695385,0.0050787609070539,,0.7257160544395447,0.8901624083518982,0.8849479556083679,0.0039720038545725,0.0045431351740547,0.006366298533976,0.9961328974085254,-59.9306225482144,0.0147121407518863,0.5096564767238276,,0,0,ELASTIC_RELOADING,,False,False
BH032,421,4.210000514984131,0.4492141740150347,3562,1,1,SHELF_NORMAL_Y_NEG,1289,6,5.056624327025936,0.1337013512105899,1.9658774400407024,0.0033802085285304,-0.0022468887512364,0.0033893743003034,-0.0022503877911373,0.0041284895713742,-0.0019163757802823,0.0080323740839958,0.0050936755724251,,0.7258439064025879,0.8905742764472961,0.8841735124588013,0.0039720038545725,0.0045431351740547,0.006366298533976,0.9923602228135712,-60.01374605211992,0.0147269631998092,0.5091711187889797,,0,0,TRUE_ELASTIC_UNLOADING,-0.0010555797744458,False,False
BH032,422,4.21999979019165,0.4488913814721228,3562,1,1,SHELF_NORMAL_Y_NEG,1289,6,5.056624327025936,0.1414679402048379,1.959111144733731,0.0034009831962613,-0.0022164917270497,0.003410192483068,-0.0022198467941912,0.0041297500137055,-0.0019056039259484,0.0080353403463959,0.0051044160500168,,0.7259361147880554,0.8908708095550537,0.8846796751022339,0.0039720038545725,0.0045431351740547,0.006366298533976,0.9900522882375896,-60.09643427089517,0.0147510568958581,0.5092476935254063,,0,0,TRUE_ELASTIC_UNLOADING,0.0018461102982061,True,False
BH032,423,4.230000019073486,0.4482907832994177,3562,1,1,SHELF_NORMAL_Y_NEG,1289,6,5.056624327025936,0.1114486550500258,1.96860005563899,0.0033893189150045,-0.0022130709127408,0.0033985563049164,-0.0022166709749068,0.0041308931863883,-0.0018966503689756,0.0080381156876683,0.0051143998280167,,0.7260223031044006,0.8911465406417847,0.8842982053756714,0.0039720038545725,0.0045431351740547,0.006366298533976,0.986415880142922,-60.17901735814068,0.0147672669811321,0.5088167481095417,,0,0,TRUE_ELASTIC_UNLOADING,6.404465573728313e-05,True,True
BH032,424,4.240000247955322,0.4480172759890667,3562,1,1,SHELF_NORMAL_Y_NEG,1289,6,5.056624327025936,0.1245489161962949,1.974334779218825,0.0033863689656058,-0.0022102690894843,0.0033954603664919,-0.0022139642268218,0.0041324147191354,-0.0018860887176143,0.0080411350354552,0.0051252632401883,,0.7261161208152771,0.8914465308189392,0.8838921189308167,0.0039720038545725,0.0045431351740547,0.006366298533976,0.9886661878793576,-60.25690780615346,0.0147883903645172,0.5087922252810182,,0,0,ELASTIC_RELOADING,,False,False
BH032,425,4.250000476837158,0.4476398255085347,3562,1,1,SHELF_NORMAL_Y_NEG,1289,6,5.056624327025936,0.111242235264572,1.958926138851655,0.0033292837817959,-0.0022544704565774,0.0033383355836091,-0.0022581906633143,0.0041346045440849,-0.0018687300035113,0.0080460952594876,0.0051429299637675,,0.7262702584266663,0.891934335231781,0.8834765553474426,0.0039720038545725,0.0045431351740547,0.006366298533976,0.988990478097005,-60.33569138255787,0.0148050321964645,0.5085015128751951,-17085.150983410174,1,1,ELASTIC_RELOADING,,False,False
BH032,426,4.260000705718994,0.4472340277999057,3562,1,1,SHELF_NORMAL_Y_NEG,1289,6,5.056624327025936,0.0986338336047666,1.9658524707977865,0.0032754039298167,-0.0022960881306147,0.0032845436680185,-0.0022998554336838,0.0041353491723669,-0.0018612008055916,0.0080484710633754,0.0051513561047613,,0.726344108581543,0.8921670317649841,0.8837339878082275,0.0039720038545725,0.0045431351740547,0.006366298533976,0.982356003890097,-60.41291825718898,0.0148233588692935,0.508325486738415,,0,0,TRUE_ELASTIC_UNLOADING,-0.0008932760719966,True,True
BH032,427,4.269999980926514,0.4464220660442977,3562,1,1,SHELF_NORMAL_Y_NEG,1289,6,5.056624327025936,0.1022942322019275,1.9680323571111096,0.0033017311103627,-0.0022595040040413,0.0033109252272424,-0.0022632066944766,0.0041369172071665,-0.0018506756879209,0.0080517176538705,0.0051628681831061,,0.7264449596405029,0.8924849033355713,0.8841341733932495,0.0039720038545725,0.0045431351740547,0.006366298533976,0.981449908860136,-60.49883152304776,0.0148428313521583,0.5080604851378712,,0,0,TRUE_ELASTIC_UNLOADING,8.371826027642193e-05,True,True
BH032,428,4.28000020980835,0.4460738663992855,3562,1,1,SHELF_NORMAL_Y_NEG,1289,6,5.056624327025936,0.0895049554791135,1.9613762365187355,0.0032943979865938,-0.0022567329032593,0.0033035254341847,-0.0022605446580718,0.0041381985430555,-0.0018389931400454,0.0080549558624625,0.0051743313670158,,0.7265455722808838,0.8928014636039734,0.8836060166358948,0.0039720038545725,0.0045431351740547,0.006366298533976,0.9802419043015314,-60.57010317449171,0.0148602489282041,0.5079547201456462,,0,0,TRUE_ELASTIC_UNLOADING,-0.0162067872346829,True,False
BH032,429,4.2900004386901855,0.4457321548305346,3562,1,1,SHELF_NORMAL_Y_NEG,1289,6,5.056624327025936,0.0992264913729558,1.9931362256511664,0.0032884682476841,-0.0022426974385555,0.0032975323587068,-0.0022467248694747,0.0041404337865119,-0.0018218604383284,0.0080597447231411,0.0051911897026002,,0.7266943454742432,0.8932669758796692,0.8835412859916687,0.0039720038545725,0.0045431351740547,0.006366298533976,0.9774365670530296,-60.63800035235813,0.0148759182107572,0.5076969668891271,,0,0,TRUE_ELASTIC_UNLOADING,-0.0043884616587215,False,False
BH032,430,4.3000006675720215,0.4452718602932137,3562,1,1,SHELF_NORMAL_Y_NEG,1289,6,5.056624327025936,0.101742284439225,2.0097270366305846,0.0032400371961555,-0.0022740902415015,0.0032491204699326,-0.0022781958024169,0.0041424996954778,-0.0018045070544088,0.008064579218626,0.0052080345340073,,0.7268446087837219,0.8937321305274963,0.8835992813110352,0.0039720038545725,0.0045431351740547,0.006366298533976,0.9736111555470638,-60.70886650962401,0.0148945908995355,0.5076589430198681,,0,0,TRUE_ELASTIC_UNLOADING,-0.0022664691631464,True,True
BH032,431,4.309999942779541,0.4447156314808386,3562,1,1,SHELF_NORMAL_Y_NEG,1289,6,5.056624327025936,0.0950384343230256,2.0111248295378235,0.0032157295038287,-0.0022812996396971,0.0032247890917397,-0.0022854848886193,0.004144497710065,-0.0017878819724343,0.0080691743642091,0.0052239261567592,,0.726987361907959,0.8938609957695007,0.8835112452507019,0.0039720038545725,0.0045431351740547,0.006366298533976,0.9708336853302516,-60.78480361069572,0.0149094405658961,0.5073132691205868,,0,0,TRUE_ELASTIC_UNLOADING,-0.0012827780454454,True,True
BH032,432,4.320000171661377,0.4425089835520111,3562,1,1,SHELF_NORMAL_Y_NEG,1289,6,5.056624327025936,0.0692388888928647,2.0153537622296454,0.0031669372704781,-0.002308932464428,0.0031761076717002,-0.0023132144701643,0.0041445863336831,-0.0017745159318884,0.008073060773313,0.0052373842336237,,0.7271081209182739,0.8938609957695007,0.8835150003433228,0.0039720038545725,0.0045431351740547,0.006366298533976,0.964213766146706,-60.87511336104838,0.0149293684329845,0.5069325369019968,,0,0,TRUE_ELASTIC_UNLOADING,-0.0028449462537205,True,True
BH032,433,4.330000400543213,0.4408782653837624,3562,1,1,SHELF_NORMAL_Y_NEG,1289,6,5.056624327025936,0.0924890493877737,2.0290536690373844,0.0031711621208869,-0.0022705666999451,0.0031802527109549,-0.0022748625012571,0.00414989708842,-0.0017365315969055,0.0080825630575418,0.005270745139569,,0.7274034023284912,0.8938609957695007,0.8844844102859497,0.0039720038545725,0.0045431351740547,0.006366298533976,0.9670006424968884,-61.00622701064211,0.0149637651826862,0.5068765114579176,,0,0,ELASTIC_RELOADING,,False,False
BH032,434,4.340000629425049,0.4409155318345669,3562,1,1,SHELF_NORMAL_Y_NEG,1289,6,5.056624327025936,0.0894805378941432,2.054885052620703,0.0031677553500908,-0.0022657786509785,0.0031768042694861,-0.0022703154770767,0.0041502847276928,-0.0017322399098447,0.0080838343128561,0.0052752788178622,,0.7274428606033325,0.8938609957695007,0.8841257691383362,0.0039720038545725,0.0045431351740547,0.006366298533976,0.966860284537385,-61.0580344919261,0.0149663338908316,0.5062182239744202,,0,0,AMBIGUOUS,,False,False
BH032,435,4.349999904632568,0.4408510981853487,3562,1,1,SHELF_NORMAL_Y_NEG,1289,6,5.056624327025936,0.06032314139757,2.040121596369663,0.0031627971323649,-0.0022592016003602,0.0031718176834349,-0.0022638662920664,0.0041515584867113,-0.0017196861210105,0.0080872131511569,0.0052872272208333,,0.7275478839874268,0.8938609957695007,0.8834145665168762,0.0039720038545725,0.0045431351740547,0.006366298533976,0.9660683785150178,-61.08992930803424,0.0149862016551109,0.5067121728370363,,0,0,TRUE_ELASTIC_UNLOADING,0.0076422776723115,True,False
BH032,436,4.360000133514404,0.4405654035880545,3562,1,1,SHELF_NORMAL_Y_NEG,1289,6,5.056624327025936,0.0715168719630966,2.052009824044297,0.0031340937508905,-0.0022701321208153,0.0031431078555129,-0.0022748080596403,0.0041534801335967,-0.0017031163203714,0.0080915559083223,0.0053025768138468,,0.7276828289031982,0.8938609957695007,0.8838363289833069,0.0039720038545725,0.0045431351740547,0.006366298533976,0.965314171831386,-61.15009604214624,0.0149950473258828,0.5062205843581002,,0,0,TRUE_ELASTIC_UNLOADING,-0.0072535388891694,True,False
BH032,437,4.37000036239624,0.4400920205705095,3562,1,1,SHELF_NORMAL_Y_NEG,1289,6,5.056624327025936,0.0787778724570234,2.0506047254662527,0.0031434885112905,-0.0022512932976743,0.0031524123001987,-0.0022559996483029,0.0041551004117765,-0.0016886083485021,0.0080950986593961,0.0053151012398302,,0.7277928590774536,0.8938609957695007,0.8835828900337219,0.0039720038545725,0.0045431351740547,0.006366298533976,0.9673745311122997,-61.23152796888774,0.015010974194536,0.5060589180210946,,0,0,ELASTIC_RELOADING,,False,False
BH032,438,4.380000591278076,0.4395850630068596,3562,1,1,SHELF_NORMAL_Y_NEG,1289,6,5.056624327025936,0.0606793469397077,2.059985194152239,0.0031155861190869,-0.0022628342636696,0.003124438427587,-0.0022678020416708,0.0041569074624594,-0.0016738017035932,0.0080990837886929,0.0053292205557227,,0.7279167175292969,0.8938609957695007,0.8830681443214417,0.0039720038545725,0.0045431351740547,0.006366298533976,0.9645365947669652,-61.28409757846815,0.0150298562085929,0.5061477359816411,,0,0,TRUE_ELASTIC_UNLOADING,0.0006769931369768,True,True
BH032,439,4.389999866485596,0.4396389423678411,3562,1,1,SHELF_NORMAL_Y_NEG,1289,6,5.056624327025936,0.0456067515671814,2.0579892041768644,0.0031522382882048,-0.0022233803645499,0.0031610862169227,-0.002228442913615,0.0041571397052594,-0.0016720008304959,0.0080998493358492,0.005331905093044,,0.7279404997825623,0.8938609957695007,0.8825440406799316,0.0039720038545725,0.0045431351740547,0.006366298533976,0.9647039778310682,-61.30743112573124,0.015031541285723,0.5058188048283284,,0,0,ELASTIC_RELOADING,,False,False
BH032,440,4.400000095367432,0.4385433861683665,3562,1,1,SHELF_NORMAL_Y_NEG,1289,6,5.056624327025936,0.0711409973874852,2.0702672077613857,0.0031585957471082,-0.0022035501294989,0.0031675308233895,-0.0022084338979896,0.0041583302815487,-0.0016591252371429,0.0081032309681177,0.0053437929600477,,0.7280455827713013,0.8938609957695007,0.8834854364395142,0.0039720038545725,0.0045431351740547,0.006366298533976,0.9649744883530158,-61.400610886892814,0.0150553515249125,0.505769513518225,,0,0,ELASTIC_RELOADING,,False,False
BH032,441,4.410000324249268,0.4381652011154812,3562,1,1,SHELF_NORMAL_Y_NEG,1289,6,5.056624327025936,0.0645166596158192,2.0708115648229666,0.0031531961266536,-0.0021982077664212,0.0031620545622405,-0.0022032177287965,0.0041597324018617,-0.0016471028454688,0.0081062233075499,0.0053543425165116,,0.7281385660171509,0.8938609957695007,0.8832367062568665,0.0039720038545725,0.0045431351740547,0.006366298533976,0.9651484949254177,-61.46218973447655,0.0150655683610118,0.5054829235135543,,0,0,ELASTIC_RELOADING,,False,False
BH032,442,4.420000553131104,0.4379798034570907,3562,1,1,SHELF_NORMAL_Y_NEG,1289,6,5.056624327025936,0.0481599226342411,2.091758932522273,0.0031444392485021,-0.0021966542331236,0.003153262756432,-0.0022019569856307,0.0041606602369751,-0.0016401922104104,0.0081082200631499,0.0053613884374499,,0.7282006144523621,0.8938609957695007,0.8824482560157776,0.0039720038545725,0.0045431351740547,0.006366298533976,0.9643277473520468,-61.48874878080128,0.0150740564015275,0.5053677564954839,,0,0,TRUE_ELASTIC_UNLOADING,0.0017755549339414,True,False
BH032,443,4.429999828338623,0.4376911219038021,3562,1,1,SHELF_NORMAL_Y_NEG,1289,6,5.056624327025936,0.0288776937340397,2.060558269938014,0.0031644920940514,-0.0021685589858953,0.0031733876579173,-0.0021737072969801,0.0041617778833714,-0.0016303790861793,0.0081108128651976,0.005370469763875,,0.7282811403274536,0.8938609957695007,0.8826507329940796,0.0039720038545725,0.0045431351740547,0.006366298533976,0.964537616059886,-61.53329458030655,0.0150892477510327,0.505525182098432,,0,0,ELASTIC_RELOADING,,False,False
BH032,444,4.440000057220459,0.4373698591590481,3562,1,1,SHELF_NORMAL_Y_NEG,1289,6,5.056624327025936,0.0607200944399374,2.0863375599519176,0.003101705187855,-0.0022219168887439,0.0031104691308794,-0.0022271549097667,0.0041633240403225,-0.0016175073738362,0.0081140659749507,0.0053818859159946,,0.7283822298049927,0.8938609957695007,0.8827383518218994,0.0039720038545725,0.0045431351740547,0.006366298533976,0.9638889032093249,-61.59143662732642,0.0150954008627584,0.5050431508689743,,0,0,TRUE_ELASTIC_UNLOADING,0.000634186346942,True,False
BH032,445,4.450000286102295,0.437148562108046,3562,1,1,SHELF_NORMAL_Y_NEG,1289,6,5.056624327025936,0.0464430637307597,2.082740614851049,0.0031164991040675,-0.0021943825095556,0.0031252900354874,-0.0021996673676593,0.0041645555016123,-0.0016066596921829,0.0081168860197067,0.0053917509503662,,0.7284698486328125,0.8938609957695007,0.8826305866241455,0.0039720038545725,0.0045431351740547,0.006366298533976,0.9630897324128718,-61.63531745508176,0.0151111903251471,0.5052238114462986,,0,0,TRUE_ELASTIC_UNLOADING,0.0120286223066016,True,False
BH032,446,4.460000514984131,0.4369147031287713,3562,1,1,SHELF_NORMAL_Y_NEG,1289,6,5.056624327025936,0.0491501304648771,2.068194407658091,0.0031702016987404,-0.0021415999303816,0.0031790037576275,-0.0021467543987561,0.0041654637115621,-0.0016017191932335,0.0081184459850192,0.0053972136229276,,0.7285183072090149,0.8938609957695007,0.8824282884597778,0.0039720038545725,0.0045431351740547,0.006366298533976,0.9644440136961506,-61.65439529086812,0.0151155464018973,0.5050463064730684,,0,0,ELASTIC_RELOADING,,False,False
BH032,447,4.46999979019165,0.4365609414134342,3562,1,1,SHELF_NORMAL_Y_NEG,1289,6,5.056624327025936,0.0472097240882349,2.074716530422931,0.0031440476344879,-0.0021576383633059,0.0031528291359752,-0.0021628718858254,0.0041666693045449,-0.0015912336450549,0.0081211142241954,0.0054064383730292,,0.7286012172698975,0.8938609957695007,0.8825706839561462,0.0039720038545725,0.0045431351740547,0.006366298533976,0.9635893230664456,-61.7090209284688,0.0151272468679985,0.5049202064832363,,0,0,TRUE_ELASTIC_UNLOADING,0.0037924109537886,True,False
BH032,448,4.480000019073486,0.4358473447047279,3562,1,1,SHELF_NORMAL_Y_NEG,1289,6,5.056624327025936,0.0355294042534828,2.074124205807325,0.0031602259431859,-0.0021285709157384,0.0031687272036328,-0.0021341613244265,0.0041686708992303,-0.0015753842422134,0.00812513474375,0.0054203690961003,,0.7287261486053467,0.8938609957695007,0.8814324736595154,0.0039720038545725,0.0045431351740547,0.006366298533976,0.9646852775338026,-61.7703810044852,0.0151416957986995,0.5048029774489553,,0,0,ELASTIC_RELOADING,,False,False
BH032,449,4.490000247955322,0.4358215315533713,3562,1,1,SHELF_NORMAL_Y_NEG,1289,6,5.056624327025936,0.0329673234463543,2.0658315609712403,0.0031727228585922,-0.0021101592155412,0.0031815170302805,-0.0021154171007942,0.004168940565078,-0.0015720871233096,0.0081261387094855,0.0054238755255937,,0.728757381439209,0.8938609957695007,0.8823851346969604,0.0039720038545725,0.0045431351740547,0.006366298533976,0.965419307321781,-61.78863806369332,0.0151451277640821,0.5046894211718428,,0,0,ELASTIC_RELOADING,,False,False
BH032,450,4.500000476837158,0.4356388879393655,3562,1,1,SHELF_NORMAL_Y_NEG,1289,6,5.056624327025936,0.037376593226557,2.0776125568770265,0.003205948343936,-0.0020726112321486,0.0032145416270185,-0.0020781209626396,0.0041697749836874,-0.0015646584904577,0.008128167130053,0.0054309056140482,,0.7288203835487366,0.8938609957695007,0.8814046382904053,0.0039720038545725,0.0045431351740547,0.006366298533976,0.9661661677844766,-61.822782526196136,0.0151567675819271,0.504745916092197,-12776.477837798271,1,1,ELASTIC_RELOADING,,False,False
BH032,451,4.510000705718994,0.4351907426493577,3562,1,1,SHELF_NORMAL_Y_NEG,1289,6,5.056624327025936,0.0384903566077259,2.083851117212401,0.0032336699514872,-0.0020329567388332,0.0032423647896679,-0.0020384003390899,0.0041706462388572,-0.0015554896834289,0.0081304460763931,0.0054388782009482,,0.7288911938667297,0.8938609957695007,0.8819643259048462,0.0039720038545725,0.0045431351740547,0.006366298533976,0.9647329641427488,-61.87371498320479,0.0151648195855535,0.5045186434873685,,0,0,TRUE_ELASTIC_UNLOADING,-0.0010221225473359,False,False
BH032,452,4.519999980926514,0.4349086548107337,3562,1,1,SHELF_NORMAL_Y_NEG,1289,6,5.056624327025936,0.0385529679776322,2.079006391281654,0.0032540849875677,-0.0020066895772882,0.0032628968802464,-0.0020119822013603,0.0041711475758364,-0.0015506675525259,0.0081317722797393,0.0054434947669506,,0.7289323806762695,0.8938609957695007,0.8825380206108093,0.0039720038545725,0.0045431351740547,0.006366298533976,0.963943458820945,-61.91434704869269,0.015174344776773,0.5044457634520596,,0,0,TRUE_ELASTIC_UNLOADING,0.0137124676319095,True,False
BH032,453,4.53000020980835,0.43469323904528,3562,1,1,SHELF_NORMAL_Y_NEG,1289,6,5.056624327025936,0.0246626787822606,2.0883659857328394,0.003256915787471,-0.0019959750812642,0.0032654496430511,-0.0020017064559163,0.0041721179178003,-0.0015422378499068,0.0081340838223695,0.0054514869116246,,0.7290042042732239,0.8938609957695007,0.8812658786773682,0.0039720038545725,0.0045431351740547,0.006366298533976,0.9621834849850348,-61.93333259842361,0.0151840521904467,0.5045350477075099,,0,0,TRUE_ELASTIC_UNLOADING,0.0001739689000477,True,False
BH032,454,4.5400004386901855,0.4343876337455403,3562,1,1,SHELF_NORMAL_Y_NEG,1289,6,5.056624327025936,0.0276188346692608,2.0829378670058185,0.0032777367740775,-0.0019685136205092,0.0032864152146276,-0.001974042454376,0.0041729019591508,-0.0015353505672172,0.008135893382132,0.0054577342234551,,0.7290604710578918,0.8938609957695007,0.8816241025924683,0.0039720038545725,0.0045431351740547,0.006366298533976,0.9622851331666964,-61.9655962354157,0.0151885059513624,0.5042956738321345,,0,0,ELASTIC_RELOADING,,False,False
BH032,455,4.5500006675720215,0.4340256884314497,3562,1,1,SHELF_NORMAL_Y_NEG,1289,6,5.056624327025936,0.035425365907521,2.087425220187753,0.003339817569912,-0.0018936327214251,0.0033485257896061,-0.0018991088325209,0.0041741111665527,-0.0015237022934777,0.0081387665122747,0.0054676276631653,,0.7291496992111206,0.8938609957695007,0.8822672963142395,0.0039720038545725,0.0045431351740547,0.006366298533976,0.9610601905098476,-62.015009413661886,0.0152011400945982,0.5043104272327825,,0,0,TRUE_ELASTIC_UNLOADING,0.003502420678595,False,False
BH032,456,4.559999942779541,0.433479695787143,3562,1,1,SHELF_NORMAL_Y_NEG,1289,6,5.056624327025936,0.0305804450575933,2.081683784282736,0.0033202111945378,-0.0019105358785437,0.0033287429129183,-0.0019161822938443,0.0041752904267963,-0.0015147017380623,0.0081412401050329,0.0054761506617069,,0.7292265892028809,0.8938609957695007,0.8813759088516235,0.0039720038545725,0.0045431351740547,0.006366298533976,0.9616334010350543,-62.03917146428917,0.0152063067419954,0.504139500044323,,0,0,ELASTIC_RELOADING,,False,False
BH032,457,4.570000171661377,0.4335176500530248,3562,1,1,SHELF_NORMAL_Y_NEG,1289,6,5.056624327025936,0.0369841079579743,2.0953262784909645,0.0033312385025067,-0.0018957046779371,0.0033398534077054,-0.0019013179444241,0.0041752247857524,-0.0015152611420562,0.008141241967678,0.00547615904361,,0.7292266488075256,0.8938609957695007,0.8819081783294678,0.0039720038545725,0.0045431351740547,0.006366298533976,0.9602745000044354,-62.052269395804586,0.0152117841694424,0.5041826712652465,,0,0,TRUE_ELASTIC_UNLOADING,-0.0030739176070448,True,False
BH032,458,4.580000400543213,0.4333159814502223,3562,1,1,SHELF_NORMAL_Y_NEG,1289,6,5.056624327025936,0.0333366115737542,2.100038016137632,0.0033232684198154,-0.0019007105445214,0.0033316688264301,-0.0019065960923161,0.0041761014820473,-0.00150791849883,0.008143164217472,0.0054827160201966,,0.7292863726615906,0.8938609957695007,0.8807151317596436,0.0039720038545725,0.0045431351740547,0.006366298533976,0.9610181888252828,-62.0849210687112,0.0152199326716843,0.5041311311081275,,0,0,ELASTIC_RELOADING,,False,False
BH032,459,4.590000629425049,0.4331116435490959,3562,1,1,SHELF_NORMAL_Y_NEG,1289,6,5.056624327025936,0.0277564404952532,2.086389043821204,0.0033081287591451,-0.0019091334922205,0.0033166312875144,-0.0019148611431367,0.0041771582705698,-0.0014994724328697,0.008145366795361,0.0054901815019547,,0.7293547987937927,0.8938609957695007,0.8809034824371338,0.0039720038545725,0.0045431351740547,0.006366298533976,0.9641683537575968,-62.11372777008802,0.0152266785141917,0.5040459800504264,,0,0,ELASTIC_RELOADING,,False,False
BH032,460,4.599999904632568,0.432977067466745,3562,1,1,SHELF_NORMAL_Y_NEG,1289,6,5.056624327025936,0.0110007076353985,2.0891101097095475,0.0033080877338438,-0.0018975721029028,0.0033165346777778,-0.0019034899705038,0.004178227346623,-0.0014905616441276,0.0081477127969264,0.0054981000721454,,0.729427695274353,0.8938609957695007,0.8805927038192749,0.0039720038545725,0.0045431351740547,0.006366298533976,0.9635202013625794,-62.13097812961677,0.0152340081776496,0.5041020763693731,,0,0,TRUE_ELASTIC_UNLOADING,0.0014436825750346,True,False
BH032,461,4.610000133514404,0.4330235730002393,3562,1,1,SHELF_NORMAL_Y_NEG,1289,6,5.056624327025936,0.0287872203207679,2.0985308506922182,0.003348378224009,-0.0018562089248253,0.0033569040192063,-0.0018619901132479,0.004178695788895,-0.0014880414861177,0.0081484336405992,0.0055005555041134,,0.7294501066207886,0.8938609957695007,0.881141185760498,0.0039720038545725,0.0045431351740547,0.006366298533976,0.9640404705016604,-62.146866335293,0.015237209386273,0.504029406092507,,0,0,ELASTIC_RELOADING,,False,False
BH032,462,4.62000036239624,0.4326611196656676,3562,1,1,SHELF_NORMAL_Y_NEG,1289,6,5.056624327025936,0.0200564032267533,2.0994709136938727,0.003347699112639,-0.0018501534919889,0.0033561270701904,-0.001856099367459,0.0041794243374242,-0.0014817612734692,0.0081501118838787,0.0055063273757696,,0.729502260684967,0.8938609957695007,0.8807891607284546,0.0039720038545725,0.0045431351740547,0.006366298533976,0.9633438955372208,-62.175506708424805,0.0152436497862452,0.5039805261880667,,0,0,TRUE_ELASTIC_UNLOADING,-0.0085410923852113,False,False
BH032,463,4.630000591278076,0.4324036101639177,3562,1,1,SHELF_NORMAL_Y_NEG,1289,6,5.056624327025936,0.0229090557146831,2.1030529910343145,0.0033573703498085,-0.0018332105628338,0.003365834763564,-0.0018391250242071,0.0041803539936257,-0.0014739912317344,0.0081520704552531,0.0055130091495811,,0.7295631170272827,0.8938609957695007,0.8809496760368347,0.0039720038545725,0.0045431351740547,0.006366298533976,0.9647030531090486,-62.19384555322549,0.0152511205854949,0.5039763304285403,,0,0,ELASTIC_RELOADING,,False,False
BH032,464,4.639999866485596,0.432296013769604,3562,1,1,SHELF_NORMAL_Y_NEG,1289,6,5.056624327025936,0.0244769057759468,2.106234971505507,0.0033775299750471,-0.0018061081905074,0.003386092691015,-0.0018119355072517,0.0041809082452237,-0.001469144000351,0.0081533025950193,0.0055172224529087,,0.7296013832092285,0.8938609957695007,0.8814456462860107,0.0039720038545725,0.0045431351740547,0.006366298533976,0.9632266963041316,-62.20963593455151,0.0152539863047947,0.5039385920733359,,0,0,TRUE_ELASTIC_UNLOADING,-0.0093316593799119,True,False
BH032,465,4.650000095367432,0.4322196945755351,3562,1,1,SHELF_NORMAL_Y_NEG,1289,6,5.056624327025936,0.0153095724432693,2.112549941483312,0.0033860599050937,-0.0017882262079275,0.0033945255636006,-0.0017942576026628,0.0041819496453545,-0.0014612590237576,0.0081552844494581,0.005524065811187,,0.7296629548072815,0.8938609957695007,0.8810697197914124,0.0039720038545725,0.0045431351740547,0.006366298533976,0.9629123726492238,-62.22914402749234,0.0152581592438085,0.5038932541444461,,0,0,TRUE_ELASTIC_UNLOADING,-0.0013970021305258,False,False
BH032,466,4.660000324249268,0.431970333533436,3562,1,1,SHELF_NORMAL_Y_NEG,1289,6,5.056624327025936,0.0266484435104579,2.1232042712457195,0.0033782849418945,-0.0017890987785545,0.0033868600334341,-0.0017950160084046,0.00418259690709,-0.0014558953040851,0.0081566255539655,0.0055286670103669,,0.7297046184539795,0.8938609957695007,0.8817294836044312,0.0039720038545725,0.0045431351740547,0.006366298533976,0.9625626123460946,-62.24772663244252,0.0152615031604899,0.503837050907649,,0,0,TRUE_ELASTIC_UNLOADING,0.0108135088256575,False,False
BH032,467,4.670000553131104,0.4317695860913512,3562,1,1,SHELF_NORMAL_Y_NEG,1289,6,5.056624327025936,0.0119726031528996,2.125806080712397,0.0033902802840381,-0.0017620590588452,0.0033989364878251,-0.0017680146072072,0.0041837629414116,-0.00144471122386,0.0081594353541731,0.0055383150465786,,0.7297919392585754,0.8938609957695007,0.8817996382713318,0.0039720038545725,0.0045431351740547,0.006366298533976,0.961507045908396,-62.26310576621053,0.015263825634577,0.5037357297525652,,0,0,TRUE_ELASTIC_UNLOADING,0.0007376449514885,True,False
BH032,468,4.679999828338623,0.4313671743577626,3562,1,1,SHELF_NORMAL_Y_NEG,1289,6,5.056624327025936,0.004980833095377,2.1389300238137627,0.003404791395142,-0.0017294378755442,0.003413427084124,-0.0017355529874195,0.0041858113513082,-0.0014269305442118,0.0081638488918542,0.005553422961384,,0.7299287915229797,0.8938609957695007,0.8812955617904663,0.0039720038545725,0.0045431351740547,0.006366298533976,0.9625686860701056,-62.28500283495334,0.015267134001979,0.5036139723964305,,0,0,ELASTIC_RELOADING,,False,False
BH032,469,4.690000057220459,0.4312097837186979,3562,1,1,SHELF_NORMAL_Y_NEG,1289,6,5.056624327025936,-0.0017093234997859,2.1354195131368465,0.0034062259197881,-0.0017205564900532,0.0034149101117428,-0.0017266450780752,0.0041862620374367,-0.0014218258410991,0.0081650465726852,0.005557520315051,,0.7299662828445435,0.8938609957695007,0.8817367553710938,0.0039720038545725,0.0045431351740547,0.006366298533976,0.9631042577218324,-62.30096438243473,0.0152697632479663,0.5035810532502827,,0,0,ELASTIC_RELOADING,,False,False
BH032,470,4.700000286102295,0.4308033821112772,3562,1,1,SHELF_NORMAL_Y_NEG,1289,6,5.056624327025936,-0.009183491639732,2.1343435058081064,0.0034080876297257,-0.0017037036297484,0.0034168927143241,-0.0017097155520447,0.0041874250645111,-0.0014099359975284,0.0081679318100214,0.0055675217881798,,0.7300559282302856,0.8938609957695007,0.8822654485702515,0.0039720038545725,0.0045431351740547,0.006366298533976,0.9638875214748536,-62.317765902037536,0.0152712803268719,0.5034162541982243,,0,0,ELASTIC_RELOADING,,False,False
BH032,471,4.710000514984131,0.4306876423646475,3562,1,1,SHELF_NORMAL_Y_NEG,1289,6,5.056624327025936,-0.0383176881436609,2.1241858269892537,0.0034161839786827,-0.0016899280608024,0.0034247432004129,-0.0016963170200522,0.0041883882195646,-0.0014012744677705,0.0081700552254915,0.0055749355815351,,0.730121910572052,0.8938609957695007,0.8806540966033936,0.0039720038545725,0.0045431351740547,0.006366298533976,0.9652833334549016,-62.32731586623566,0.0152738304001292,0.5034404474695058,,0,0,ELASTIC_RELOADING,,False,False
BH032,472,4.71999979019165,0.4304766462340554,3562,1,1,SHELF_NORMAL_Y_NEG,1289,6,5.056624327025936,-0.0661363762096231,2.128771938336557,0.0034217253358457,-0.0016701841827998,0.0034302214120826,-0.0016768602838522,0.0041894913892751,-0.0013887221611663,0.0081731537356972,0.0055857221595942,,0.7302181720733643,0.8938609957695007,0.8797260522842407,0.0039720038545725,0.0045431351740547,0.006366298533976,0.9652958149141274,-62.34195439503711,0.0152746701231031,0.5032952434614788,,0,0,ELASTIC_RELOADING,,False,False
BH032,473,4.730000019073486,0.4299745822852734,3562,1,1,SHELF_NORMAL_Y_NEG,1289,6,5.056624327025936,-0.060999775333815,2.113907241174497,0.0034111376149595,-0.0016735761618492,0.0034197706813961,-0.0016799770148813,0.0041902803063441,-0.0013797015086004,0.0081753237172961,0.0055932872928678,,0.73028564453125,0.8938609957695007,0.8805966377258301,0.0039720038545725,0.0045431351740547,0.006366298533976,0.9663675660623118,-62.35780628802772,0.0152766609436803,0.5032431119139706,,0,0,ELASTIC_RELOADING,,False,False
BH032,474,4.740000247955322,0.4298113577355815,3562,1,1,SHELF_NORMAL_Y_NEG,1289,6,5.056624327025936,-0.0542843945305926,2.128727279178232,0.0034279507047388,-0.0016448401611643,0.00343673269557,-0.0016511481127781,0.0041909071205998,-0.0013719166329554,0.0081772627308964,0.0056000738404691,,0.7303459048271179,0.8938609957695007,0.8812171220779419,0.0039720038545725,0.0045431351740547,0.006366298533976,0.967519448015916,-62.37257319189121,0.0152796644268104,0.5031965142729842,,0,0,ELASTIC_RELOADING,,False,False
BH032,475,4.750000476837158,0.42959138245544,3562,1,1,SHELF_NORMAL_Y_NEG,1289,6,5.056624327025936,-0.0730580747681081,2.106893787931004,0.0034507177983095,-0.0016247834726621,0.0034592345095124,-0.0016313355531367,0.0041911457928892,-0.0013693833673304,0.008177968673408,0.0056025530211627,,0.7303678393363953,0.8938609957695007,0.8801453113555908,0.0039720038545725,0.0045431351740547,0.006366298533976,0.9670025163986028,-62.377878635150495,0.0152801656885515,0.5031549654183812,2830.546538519959,1,1,TRUE_ELASTIC_UNLOADING,0.0031370613935034,True,False
BH032,476,4.760000705718994,0.4293372121905009,3562,1,1,SHELF_NORMAL_Y_NEG,1289,6,5.056624327025936,-0.0837433314006324,2.118112136617092,0.0034682341951061,-0.0015984660158523,0.0034769301024823,-0.0016049903075637,0.0041914161156972,-0.0013654251849594,0.0081789745017886,0.0056060636416077,,0.7303990721702576,0.8938609957695007,0.8803293108940125,0.0039720038545725,0.0045431351740547,0.006366298533976,0.966936870719174,-62.39359829303346,0.0152834445779837,0.5031046671472222,,0,0,AMBIGUOUS,,False,False
BH032,477,4.769999980926514,0.4289607538675749,3562,1,1,SHELF_NORMAL_Y_NEG,1289,6,5.056624327025936,-0.0915064924918628,2.115130220549511,0.0034842771868889,-0.0015767353684189,0.0034930455367673,-0.001583220267709,0.0041915472341439,-0.0013628560188817,0.008179634809494,0.0056083700619637,,0.7304195761680603,0.8938609957695007,0.8807091116905212,0.0039720038545725,0.0045431351740547,0.006366298533976,0.9678975763524184,-62.40511425464561,0.015285088707313,0.5030505465116071,,0,0,ELASTIC_RELOADING,,False,False
BH032,478,4.78000020980835,0.4287270194853944,3562,1,1,SHELF_NORMAL_Y_NEG,1289,6,5.056624327025936,-0.0873403509853567,2.1200800099580333,0.0035148085281629,-0.0015431948528315,0.0035235749463642,-0.0015496871007196,0.0041919877321255,-0.0013585418877358,0.0081807877868413,0.0056124250404536,,0.7304553985595703,0.8938609957695007,0.8806066513061523,0.0039720038545725,0.0045431351740547,0.006366298533976,0.9687949567907388,-62.4129529462502,0.0152858514635755,0.5029664224187965,,0,0,ELASTIC_RELOADING,,False,False
BH032,479,4.7900004386901855,0.4283273843241445,3562,1,1,SHELF_NORMAL_Y_NEG,1289,6,5.056624327025936,-0.0927301399898132,2.1278751244908745,0.003516211418112,-0.0015392202870951,0.0035247918426922,-0.0015459896684905,0.0041922718817776,-0.0013556133284164,0.0081815170124173,0.005615007597953,,0.730478048324585,0.8938609957695007,0.8797141909599304,0.0039720038545725,0.0045431351740547,0.006366298533976,0.9697042244738536,-62.4244505300418,0.0152888077290512,0.5029869699201461,,0,0,ELASTIC_RELOADING,,False,False
BH032,480,4.8000006675720215,0.428152413417701,3562,1,1,SHELF_NORMAL_Y_NEG,1289,6,5.056624327025936,-0.0934679225775289,2.1168628388938906,0.0035376207072275,-0.0015104085467816,0.0035463865927846,-0.0015169214452899,0.0041926560228286,-0.0013509461309452,0.0081826373934745,0.005618954077363,,0.7305128574371338,0.8938609957695007,0.8808735013008118,0.0039720038545725,0.0045431351740547,0.006366298533976,0.9697019069642372,-62.434887264074334,0.0152893774845448,0.5028989870499392,,0,0,ELASTIC_RELOADING,,False,False
BH032,481,4.809999942779541,0.4278583928959894,3562,1,1,SHELF_NORMAL_Y_NEG,1289,6,5.056624327025936,-0.1234327208757433,2.12447086827798,0.0035407127901251,-0.001504199212586,0.0035494272600399,-0.0015110232467435,0.004192827995783,-0.001349636259836,0.008183036930859,0.0056203692220151,,0.7305253148078918,0.8938609957695007,0.879474401473999,0.0039720038545725,0.0045431351740547,0.006366298533976,0.970199711152571,-62.44353021202282,0.0152914036790174,0.5029085010285324,,0,0,ELASTIC_RELOADING,,False,False
BH032,482,4.820000171661377,0.4274707558698505,3562,1,1,SHELF_NORMAL_Y_NEG,1289,6,5.056624327025936,-0.1254054654911256,2.118018275012964,0.0035425799101333,-0.0015022769587493,0.003551238345689,-0.0015091260605703,0.0041929544564761,-0.0013479191756618,0.0081834848970174,0.0056219478137791,,0.7305392026901245,0.8938609957695007,0.879282534122467,0.0039720038545725,0.0045431351740547,0.006366298533976,0.9698802071772332,-62.45031257625592,0.0152926659532924,0.5028829133446613,,0,0,TRUE_ELASTIC_UNLOADING,-0.0181303726787105,True,False
BH032,483,4.830000400543213,0.4273955086796898,3562,1,1,SHELF_NORMAL_Y_NEG,1289,6,5.056624327025936,-0.1228199914519299,2.123346658407568,0.0035614671178646,-0.001481701842522,0.0035700754642251,-0.0014886199937409,0.0041932088967816,-0.0013453995042277,0.0081841386854648,0.0056242882274091,,0.7305595278739929,0.8938609957695007,0.8790675401687622,0.0039720038545725,0.0045431351740547,0.006366298533976,0.9703038791939376,-62.4613735215795,0.0152947771985764,0.5028538754217906,,0,0,ELASTIC_RELOADING,,False,False
BH032,484,4.840000629425049,0.4272535561507747,3562,1,1,SHELF_NORMAL_Y_NEG,1289,6,5.056624327025936,-0.1278972798825567,2.114852297329375,0.003572212984786,-0.0014706166145199,0.0035808890409132,-0.0014774434356544,0.0041931916896471,-0.0013455112307888,0.0081841386854648,0.0056242882274091,,0.7305595278739929,0.8938609957695007,0.879303514957428,0.0039720038545725,0.0045431351740547,0.006366298533976,0.9690209579963232,-62.46528609340548,0.0152952403306486,0.5028134859457578,,0,0,TRUE_ELASTIC_UNLOADING,0.0038086027705831,True,False
BH032,485,4.849999904632568,0.4268824303601968,3562,1,1,SHELF_NORMAL_Y_NEG,1289,6,5.056624327025936,-0.121237455970631,2.1126118291820672,0.0035734774678206,-0.0014702734956215,0.0035822140188631,-0.0014769782990845,0.0041932103688845,-0.0013456640815378,0.0081841386854648,0.0056242882274091,,0.7305595278739929,0.8938609957695007,0.8797286748886108,0.0039720038545725,0.0045431351740547,0.006366298533976,0.9686224721953608,-62.467823405618574,0.0152967032548148,0.5028498879943648,,0,0,TRUE_ELASTIC_UNLOADING,-0.0081940512002103,True,False
BH032,486,4.860000133514404,0.4267129975075864,3562,1,1,SHELF_NORMAL_Y_NEG,1289,6,5.056624327025936,-0.1100485009180708,2.125267271146075,0.0035895976877631,-0.0014520914817064,0.003598346137445,-0.0014587945235363,0.0041932191866577,-0.0013457392477127,0.0081841386854648,0.0056242882274091,,0.7305595278739929,0.8938609957695007,0.8801242113113403,0.0039720038545725,0.0045431351740547,0.006366298533976,0.9678003859331789,-62.47366070359784,0.0152978703646891,0.5028163008519582,,0,0,TRUE_ELASTIC_UNLOADING,0.0016255526878524,True,False
BH032,487,4.87000036239624,0.426548318755572,3562,1,1,SHELF_NORMAL_Y_NEG,1289,6,5.056624327025936,-0.1309350469869937,2.1188861147106075,0.0036057431735604,-0.0014356548237871,0.0036143492828575,-0.0014426004736721,0.0041934648365482,-0.0013429690846187,0.0081848548725247,0.0056268135085701,,0.7305817604064941,0.8938609957695007,0.8790060877799988,0.0039720038545725,0.0045431351740547,0.006366298533976,0.9664193559792292,-62.47962539867861,0.015298131749083,0.5027644543203041,,0,0,TRUE_ELASTIC_UNLOADING,0.0075569139769759,True,False
BH032,488,4.880000591278076,0.4264102160780635,3562,1,1,SHELF_NORMAL_Y_NEG,1289,6,5.056624327025936,-0.1281132770194105,2.1199094764852706,0.0036004885172885,-0.0014368409344705,0.0036092717995954,-0.0014435969799527,0.0041934746937152,-0.0013431404356128,0.0081848548725247,0.0056268135085701,,0.7305817604064941,0.8938609957695007,0.8797805309295654,0.0039720038545725,0.0045431351740547,0.006366298533976,0.964736543764444,-62.48291126784228,0.0152995494389389,0.5027771189428356,,0,0,TRUE_ELASTIC_UNLOADING,0.0026932246192878,True,False
BH032,489,4.889999866485596,0.4262494151659579,3562,1,1,SHELF_NORMAL_Y_NEG,1289,6,5.056624327025936,-0.1198988323176258,2.098464213112848,0.0036164177129258,-0.001427964091539,0.0036251805938038,-0.0014345355174265,0.0041933486448119,-0.001343328790233,0.0081848548725247,0.0056268135085701,,0.7305817604064941,0.8938609957695007,0.8800510764122009,0.0039720038545725,0.0045431351740547,0.006366298533976,0.96519504263607,-62.48434171636448,0.0153003461094534,0.5027980444570996,,0,0,ELASTIC_RELOADING,,False,False
BH032,490,4.900000095367432,0.425984724870273,3562,1,1,SHELF_NORMAL_Y_NEG,1289,6,5.056624327025936,-0.1421945035844294,2.119305674873504,0.0036057992301846,-0.0014325426632897,0.0036145119877113,-0.0014394623954758,0.0041934317947609,-0.0013431117881397,0.0081849480047822,0.0056271343491971,,0.7305846810340881,0.8938609957695007,0.8790867924690247,0.0039720038545725,0.0045431351740547,0.006366298533976,0.9625543694270716,-62.48959003435273,0.0153008019935242,0.5027516493753026,,0,0,TRUE_ELASTIC_UNLOADING,-0.001198938879084,True,True
