case,frame_index,time_s,P_over_Pu,steel_element,steel_ip,steel_section_point,panel,uhpc_element,uhpc_ip,pair_distance_mm,uhpc_sigma_x_MPa,uhpc_sigma_y_axial_MPa,uhpc_epsilon_x_star,uhpc_epsilon_y_star,UHPC_epsilon_x_star_with_Poisson,UHPC_epsilon_y_star_with_Poisson,uhpc_PE_x,uhpc_PE_y,PEEQ,PEEQT,PEQC,DAMAGEC,DAMAGET,SDEG,kappa_Ux_Poisson_corrected,kappa_Uy_Poisson_corrected,steel_PEEQ,steel_sigma_VM_over_fy,steel_w_local_mm,q_FEM_W_over_b,R2_after_plane,A_current_normal_mm_s2,actual_A_available,actual_V_available,classification,d_s_raw,spatially_supported_unloading,qualified_scalar_stiffness
BH050,495,4.950000286102295,0.4270666579407778,8803,2,1,SHELF_NORMAL_Y_NEG,1652,5,32.53616247639502,-2.0749785706116795,-50.72163914184664,0.00038622551168,-0.000108231501458,3.322229758266686e-05,-0.0001249674765836,6.13112402013095e-05,-6.853601379197086e-05,6.754857895430177e-05,2.371960135860718e-06,,0.0154530936852097,0.0057133510708808,0.0154698248952627,7.202674420448769e-05,0.0001330266700312,0.0057617402635514,0.2613746561962201,-0.0082440815713838,0.0208271489970561,0.4983917360734584,,0,0,TRUE_ELASTIC_UNLOADING,0.0005201818694758,True,True
BH050,496,4.960000514984131,0.4267207633188069,8803,2,1,SHELF_NORMAL_Y_NEG,1652,5,32.53616247639502,-2.160525261907232,-50.83114033747912,0.0003825292769366,-0.0001113341522783,3.1067446899536656e-05,-0.0001263631592123,6.131122566641475e-05,-6.853573003569165e-05,6.754857895430177e-05,2.371960135860718e-06,,0.0154530936852097,0.0057133510708808,0.0154822655022144,7.202674420448769e-05,0.0001330266700312,0.0057617402635514,0.2661272339048828,-0.0082621240226423,0.0208264439044978,0.4983755888839954,,0,0,ELASTIC_RELOADING,,False,False
BH050,497,4.96999979019165,0.4266873557279099,8803,2,1,SHELF_NORMAL_Y_NEG,1652,5,32.53616247639502,-2.13128328336437,-50.81037029051441,0.0003809976075516,-0.0001132411347124,2.8821553579370655e-05,-0.0001289258038425,6.131122573479264e-05,-6.853583917626084e-05,6.754857895430177e-05,2.371960135860718e-06,,0.0154530936852097,0.0057133510708808,0.0154734635725617,7.202674420448769e-05,0.0001330266700312,0.0057617402635514,0.2618237011817209,-0.008227289388458,0.0208256726695949,0.4983216041978189,,0,0,TRUE_ELASTIC_UNLOADING,-0.0002216709835418,True,True
BH050,498,4.980000019073486,0.4266394764399979,8803,2,1,SHELF_NORMAL_Y_NEG,1652,5,32.53616247639502,-2.14938191367282,-50.83402247195806,0.0003830319388927,-0.0001108477618345,3.056273662730964e-05,-0.0001267871906555,6.131121844170726e-05,-6.85359774213605e-05,6.754857895430177e-05,2.371960135860718e-06,,0.0154530936852097,0.0057133510708808,0.0154753997921943,7.202674420448769e-05,0.0001330266700312,0.0057617402635514,0.2627429321999578,-0.00817565838706,0.0208262415627067,0.4983325291495369,,0,0,ELASTIC_RELOADING,,False,False
BH050,499,4.990000247955322,0.4259968143789141,8803,2,1,SHELF_NORMAL_Y_NEG,1652,5,32.53616247639502,-2.1813032519064786,-50.80219854932196,0.000382391130903,-0.0001118330385745,3.0227190160255835e-05,-0.0001279078413167,6.131121831970839e-05,-6.853611566553673e-05,6.754857895430177e-05,2.371960135860718e-06,,0.0154530936852097,0.0057133510708808,0.0154759865254163,7.202674420448769e-05,0.0001330266700312,0.0057617402635514,0.271395272207406,-0.0081795020851527,0.0208270072986997,0.4983608774020294,,0,0,ELASTIC_RELOADING,,False,False
BH050,500,5.0,0.4263197016011988,8803,2,1,SHELF_NORMAL_Y_NEG,1652,5,32.53616247639502,-2.1249208554789423,-50.78961272206796,0.0003822006679166,-0.0001118174989395,3.021442655205971e-05,-0.0001274118610419,6.131121839822065e-05,-6.853601379208277e-05,6.754857895430177e-05,2.371960135860718e-06,,0.0154530936852097,0.0057133510708808,0.0154732875525951,7.202674420448769e-05,0.0001330266700312,0.0057617402635514,0.2695974706730649,-0.0081245756711759,0.0208274370095544,0.4983481200823582,-77753.83368145558,1,1,TRUE_ELASTIC_UNLOADING,0.0012162332031998,True,True
BH050,0,0.0,0.0,8857,1,1,SHELF_NORMAL_Y_NEG,1679,5,28.8822360366077,0.0,0.0,-2.114588116549272e-07,-8.656262978168537e-08,-2.114588116549272e-07,-8.656262978168538e-08,0.0,0.0,0.0,0.0,,0.0,0.0,0.0,2.114588116549272e-07,8.656262978168538e-08,0.0,0.0,0.0,-1.2743281481949303e-06,0.3494947475255524,0.0,1,1,,,,
BH050,1,0.0100009096786379,7.624085734172226e-07,8857,1,1,SHELF_NORMAL_Y_NEG,1679,5,28.8822360366077,-0.0006330375964296,-0.0002844869340421,-1.9687269192152405e-07,-8.00076313014521e-08,-2.028480433053282e-07,-8.839231906120855e-08,0.0,0.0,0.0,0.0,,0.0,0.0,0.0,2.114588116549272e-07,8.839231906120855e-08,0.0,0.0001222513509084,1.059963876860511e-06,-1.2733425143370274e-06,0.3467933152519369,,0,0,AMBIGUOUS,,False,False
BH050,2,0.020000921562314,3.819749710393071e-06,8857,1,1,SHELF_NORMAL_Y_NEG,1679,5,28.8822360366077,-0.0020007688011996,0.0002165312855594,-1.70458914000203e-07,-1.0319660182980844e-07,-1.4668152723511752e-07,-9.4746174189784e-08,0.0,0.0,0.0,0.0,,0.0,0.0,0.0,2.114588116549272e-07,9.4746174189784e-08,0.0,0.0001541166312905,3.248919629060777e-06,-1.28348998018212e-06,0.3523185045084653,,0,0,AMBIGUOUS,,False,False
BH050,3,0.0300006885081529,9.64373164085494e-06,8857,1,1,SHELF_NORMAL_Y_NEG,1679,5,28.8822360366077,-0.0021031348011933,-0.0014353226424585,-1.579497239647694e-07,-1.1950852515577186e-07,-1.716156506919199e-07,-1.377906649617333e-07,0.0,0.0,0.0,0.0,,0.0,0.0,0.0,2.114588116549272e-07,1.377906649617333e-07,0.0,0.0004247845369622,4.560524206676338e-06,-1.2785502325596891e-06,0.3501207439219479,,0,0,AMBIGUOUS,,False,False
BH050,4,0.0400000140070915,1.9390805432161832e-05,8857,1,1,SHELF_NORMAL_Y_NEG,1679,5,28.8822360366077,-0.0014199346298821,-0.0003582632476675,-5.743484334063495e-08,-1.1420756697544601e-07,-5.8226979988015353e-08,-1.2233844589620085e-07,0.0,0.0,0.0,0.0,,0.0,0.0,0.0,2.114588116549272e-07,1.377906649617333e-07,0.0,0.0001363402367689,1.1974015705020948e-06,-1.2626419323091133e-06,0.3443980460385604,,0,0,AMBIGUOUS,,False,False
BH050,5,0.0500000156462192,4.107065206292181e-05,8857,1,1,SHELF_NORMAL_Y_NEG,1679,5,28.8822360366077,-0.0017376758729074,-0.0026888469254491,-2.601512191821088e-07,1.2372883106808136e-07,-2.877682695235958e-07,1.0268669583632917e-07,0.0,0.0,0.0,0.0,,0.0,0.0,0.0,2.877682695235958e-07,1.377906649617333e-07,0.0,0.0001402673216267,1.9896441516481824e-06,-1.2287817174079629e-06,0.3324395320518919,,0,0,AMBIGUOUS,,False,False
BH050,6,0.060000229626894,6.635050429447059e-05,8857,1,1,SHELF_NORMAL_Y_NEG,1679,5,28.8822360366077,-0.0011777429784156,-0.0039233501287433,-2.730507718821088e-07,1.5217360553336748e-07,-2.988772056196299e-07,1.45326023065392e-07,0.0,0.0,0.0,0.0,,0.0,0.0,0.0,2.988772056196299e-07,1.45326023065392e-07,0.0,9.844879644711983e-05,9.551616390340948e-07,-1.1847144741821858e-06,0.3164335535657865,,0,0,AMBIGUOUS,,False,False
BH050,7,0.0700002908706665,0.0001050161906838,8857,1,1,SHELF_NORMAL_Y_NEG,1679,5,28.8822360366077,-9.749922803173474e-06,-0.0051585354887391,1.4152664347033825e-07,-5.99536849294506e-08,1.0171248610580768e-07,-6.417715865848129e-08,0.0,0.0,0.0,0.0,,0.0,0.0,0.0,2.988772056196299e-07,1.45326023065392e-07,0.0,6.887291189082152e-05,1.4529952703085286e-08,-1.14131348189803e-06,0.3005534638793867,,0,0,AMBIGUOUS,,False,False
BH050,8,0.0800003483891487,0.0001292178470652,8857,1,1,SHELF_NORMAL_Y_NEG,1679,5,28.8822360366077,-0.0084513700424384,-0.0211669156007808,-1.776099688378169e-08,6.101101474792996e-08,-1.696922465823701e-07,-3.024758740920244e-09,0.0,0.0,0.0,0.0,,0.0,0.0,0.0,2.988772056196299e-07,1.45326023065392e-07,0.0,0.0017615017984902,1.8230055342979795e-05,-1.075609423123429e-06,0.2756915798650957,,0,0,AMBIGUOUS,,False,False
BH050,9,0.0900005400180816,0.0002237381286938,8857,1,1,SHELF_NORMAL_Y_NEG,1679,5,28.8822360366077,0.0081542577735871,-0.009982533761337,4.196589899070246e-07,3.921163296574928e-08,3.0037539766972695e-07,4.5297567467556665e-08,0.0,0.0,0.0,0.0,,0.0,0.0,0.0,3.0037539766972695e-07,1.45326023065392e-07,0.0,0.0055196779528208,-1.6592107849757997e-05,-1.006235282024334e-06,0.248490041206234,,0,0,AMBIGUOUS,,False,False
BH050,10,0.1000012457370758,0.0003053233887216,8857,1,1,SHELF_NORMAL_Y_NEG,1679,5,28.8822360366077,0.0066045356456339,-0.0068055236653865,-1.2560851034534456e-07,-1.275431534189187e-07,-1.3884592481587694e-07,-4.8084305370880255e-08,0.0,0.0,0.0,0.0,,0.0,0.0,0.0,3.0037539766972695e-07,1.45326023065392e-07,0.0,0.0047873673717483,-1.5938339187914527e-05,-9.255850376744036e-07,0.2180579022904317,,0,0,AMBIGUOUS,,False,False
BH050,11,0.1100006327033042,0.0004039792084634,8857,1,1,SHELF_NORMAL_Y_NEG,1679,5,28.8822360366077,-0.0309225851041329,-0.0261412561858054,2.889162570678521e-07,4.057479368174096e-08,1.0379647958887193e-07,-1.7759564452300568e-07,0.0,0.0,0.0,0.0,,0.0,0.0,0.0,3.0037539766972695e-07,1.7759564452300568e-07,0.0,0.0035353295064407,-2.008069022204798e-06,-7.647210958647075e-07,0.1595253028202308,,0,0,AMBIGUOUS,,False,False
BH050,12,0.1200010031461715,0.000470417542528,8857,1,1,SHELF_NORMAL_Y_NEG,1679,5,28.8822360366077,-0.0220973194417174,-0.0433240446300474,2.633042803688904e-07,1.9867537017139202e-07,-3.667389945128947e-08,4.542570547791874e-08,0.0,0.0,0.0,0.0,,0.0,0.0,0.0,3.0037539766972695e-07,1.7759564452300568e-07,0.0,0.0011103415292062,2.386101180886861e-06,-5.822695000503848e-07,0.0983227618976829,,0,0,AMBIGUOUS,,False,False
BH050,13,0.1300012022256851,0.0006884779365466,8857,1,1,SHELF_NORMAL_Y_NEG,1679,5,28.8822360366077,-0.0198958102071905,-0.043415555193829,1.723028602705962e-07,-1.5039379975033876e-07,-9.66655625075103e-08,-2.5678334013232565e-07,0.0,0.0,0.0,0.0,,0.0,0.0,0.0,3.0037539766972695e-07,2.5678334013232565e-07,0.0,0.0036531446849159,2.487138430516229e-05,-3.836492750911572e-07,0.0449130716119053,,0,0,AMBIGUOUS,,False,False
BH050,14,0.1400003731250763,0.0007954384060448,8857,1,1,SHELF_NORMAL_Y_NEG,1679,5,28.8822360366077,-0.0146419324946327,-0.0544543192311641,-1.836530613424793e-07,9.877687534808722e-10,-5.99339335927139e-07,-1.3949767585515433e-07,0.0,0.0,0.0,0.0,,0.0,0.0,0.0,5.99339335927139e-07,2.5678334013232565e-07,0.0,0.0015563454984331,-1.5007018684373465e-05,-1.3422343261208904e-07,0.0056994398080562,,0,0,AMBIGUOUS,,False,False
BH050,15,0.1500011980533599,0.0009837382757673,8857,1,1,SHELF_NORMAL_Y_NEG,1679,5,28.8822360366077,0.0198133428404654,-0.0603981755680246,5.07477673261474e-07,-1.9438833911548637e-07,1.0838134532640837e-07,-3.90271665310393e-08,0.0,0.0,0.0,0.0,,0.0,0.0,0.0,5.99339335927139e-07,2.5678334013232565e-07,0.0,0.0023943162603547,-3.0260015820831592e-05,1.2651741286440838e-07,0.0050322236857145,,0,0,AMBIGUOUS,,False,False
BH050,16,0.1600012928247451,0.001241041651035,8857,1,1,SHELF_NORMAL_Y_NEG,1679,5,28.8822360366077,-0.001836492459757,-0.0534394821409115,1.3030030920410765e-06,-8.520633734330443e-08,9.11515291182627e-07,-1.199914445532205e-07,0.0,0.0,0.0,0.0,,0.0,0.0,0.0,9.11515291182627e-07,2.5678334013232565e-07,0.0,0.0030228270917227,1.1343252706371848e-05,4.407940294016993e-07,0.0569602715671068,,0,0,AMBIGUOUS,,False,False
BH050,17,0.1700002253055572,0.0014254938625554,8857,1,1,SHELF_NORMAL_Y_NEG,1679,5,28.8822360366077,-0.0009658722649057,-0.0709481694286017,1.0070677238524457e-06,8.336538095950613e-08,4.420833087641771e-07,2.1295637769711824e-09,0.0,0.0,0.0,0.0,,0.0,0.0,0.0,9.11515291182627e-07,2.5678334013232565e-07,0.0,0.003022303350987,3.218369408566044e-05,8.239479346511901e-07,0.1710443384377716,,0,0,AMBIGUOUS,,False,False
BH050,18,0.1800001710653305,0.001685337581373,8857,1,1,SHELF_NORMAL_Y_NEG,1679,5,28.8822360366077,-0.0049093581081056,-0.1081212666967097,9.40631093477656e-07,3.3939909987177e-07,2.2001727690702601e-07,3.3223165603342734e-07,0.0,0.0,0.0,0.0,,0.0,0.0,0.0,9.11515291182627e-07,3.3223165603342734e-07,0.0,0.0024997989692327,-6.595524665396488e-06,1.270744334331091e-06,0.3249006154543244,,0,0,AMBIGUOUS,,False,False
BH050,19,0.1900012195110321,0.0019951506420119,8857,1,1,SHELF_NORMAL_Y_NEG,1679,5,28.8822360366077,-0.0080149513802085,-0.0976588111633003,1.1010372650525149e-06,3.538798600051664e-09,4.117660601767444e-07,-6.607438934190512e-08,0.0,0.0,0.0,0.0,,0.0,0.0,0.0,9.11515291182627e-07,3.3223165603342734e-07,0.0,0.0035396276817005,-6.554372819406915e-06,1.7184870273708151e-06,0.4598671301612274,,0,0,AMBIGUOUS,,False,False
BH050,20,0.2000010162591934,0.0023703481274894,8857,1,1,SHELF_NORMAL_Y_NEG,1679,5,28.8822360366077,0.0191056830440584,-0.1068081371204759,1.2396331418183183e-06,8.515688677984728e-08,5.046932340394985e-07,2.205890077881274e-07,0.0,0.0,0.0,0.0,,0.0,0.0,0.0,9.11515291182627e-07,3.3223165603342734e-07,0.0,0.0057154950950001,1.604842860183229e-05,2.219561489830416e-06,0.5772414944196176,,0,0,AMBIGUOUS,,False,False
BH050,21,0.2100002318620681,0.002697963764375,8857,1,1,SHELF_NORMAL_Y_NEG,1679,5,28.8822360366077,0.0084832712956804,-0.1478828278843687,4.725140142587432e-07,-2.383927901294025e-07,-5.346355232204528e-07,-1.6467067429028797e-07,0.0,0.0,0.0,0.0,,0.0,0.0,0.0,9.11515291182627e-07,3.3223165603342734e-07,0.0,0.0017924773731825,-8.46156097557981e-06,2.798164696636347e-06,0.6764133972298079,,0,0,AMBIGUOUS,,False,False
BH050,22,0.220000147819519,0.0030780091798749,8857,1,1,SHELF_NORMAL_Y_NEG,1679,5,28.8822360366077,-0.0269036911695843,-0.1580713108704321,1.6652141664222803e-06,3.265658849196676e-07,5.504143151287504e-07,1.1845464906978783e-07,0.0,0.0,0.0,0.0,,0.0,0.0,0.0,9.11515291182627e-07,3.3223165603342734e-07,0.0,0.0019319950911563,-2.685575273225852e-05,3.421890114131669e-06,0.7511803983097467,,0,0,AMBIGUOUS,,False,False
BH050,23,0.2300004959106445,0.003512430542027,8857,1,1,SHELF_NORMAL_Y_NEG,1679,5,28.8822360366077,-0.0261143655629487,-0.1982378416725922,7.511500694143636e-07,3.048730417377286e-07,-5.756970395410976e-07,1.6781954644339874e-07,0.0,0.0,0.0,0.0,,0.0,0.0,0.0,9.11515291182627e-07,3.3223165603342734e-07,0.0,0.0044453838216171,-1.2111696404840307e-05,4.067636505549846e-06,0.7995838411718045,,0,0,AMBIGUOUS,,False,False
BH050,24,0.2400009930133819,0.0039820452631837,8857,1,1,SHELF_NORMAL_Y_NEG,1679,5,28.8822360366077,-0.025489450640761,-0.2246947562005187,1.5866053428346162e-06,-1.370210550637481e-07,7.595887752570581e-08,-2.7067232065083066e-07,0.0,0.0,0.0,0.0,,0.0,0.0,0.0,9.11515291182627e-07,3.3223165603342734e-07,0.0,0.0073762529778883,1.38029832833786e-05,4.7691097842998206e-06,0.8374088222343465,,0,0,AMBIGUOUS,,False,False
BH050,25,0.2500006258487701,0.0044781711596529,8857,1,1,SHELF_NORMAL_Y_NEG,1679,5,28.8822360366077,-0.0034902283211326,-0.2359130101192021,1.439915391587842e-06,9.30077549274085e-08,-2.759777475282276e-07,-1.627629341859737e-08,0.0,0.0,0.0,0.0,,0.0,0.0,0.0,9.11515291182627e-07,3.3223165603342734e-07,0.0,0.0067600586247034,-2.338276915945875e-05,5.565687871757221e-06,0.8683121984248593,-43711.36669857018,1,1,AMBIGUOUS,,False,False
BH050,26,0.260001391172409,0.0050092411053299,8857,1,1,SHELF_NORMAL_Y_NEG,1679,5,28.8822360366077,-0.0276185639621279,-0.2756433016457909,1.8675134365240093e-06,3.349199126740521e-07,-6.821281458823721e-08,1.1365037366085737e-07,0.0,0.0,0.0,0.0,,0.0,0.0,0.0,9.11515291182627e-07,3.3223165603342734e-07,0.0,0.005158028946268,-4.771476720894738e-05,6.4332104410906695e-06,0.8896026748562903,,0,0,AMBIGUOUS,,False,False
BH050,27,0.2700001299381256,0.0056197680519232,8857,1,1,SHELF_NORMAL_Y_NEG,1679,5,28.8822360366077,-0.0022012377682964,-0.3053820925121515,2.357228548513474e-06,3.649891796036404e-08,3.007399876170485e-07,7.573055114588569e-08,0.0,0.0,0.0,0.0,,0.0,0.0,0.0,9.11515291182627e-07,3.3223165603342734e-07,0.0,0.0069803795946448,-4.3907509890577214e-05,7.373028758151429e-06,0.905263066146824,,0,0,AMBIGUOUS,,False,False
BH050,28,0.2800013124942779,0.006292746646105,8857,1,1,SHELF_NORMAL_Y_NEG,1679,5,28.8822360366077,-0.0028866997315124,-0.3150333576952137,2.4574941415305027e-06,-1.0584715079942212e-08,2.1981330818403865e-07,-9.056975605059203e-08,0.0,0.0,0.0,0.0,,0.0,0.0,0.0,9.11515291182627e-07,3.3223165603342734e-07,0.0,0.0120400947767332,-2.9132646137930376e-05,8.345738038617092e-06,0.9174124553009404,,0,0,AMBIGUOUS,,False,False
BH050,29,0.2900008261203766,0.0068937189772055,8857,1,1,SHELF_NORMAL_Y_NEG,1679,5,28.8822360366077,0.0029647529189177,-0.3756772682445511,2.3635436597600384e-06,-2.320452623472019e-08,-3.000083279780557e-07,-6.941535385666947e-08,0.0,0.0,0.0,0.0,,0.0,0.0,0.0,9.11515291182627e-07,3.3223165603342734e-07,0.0,0.0059252948216063,-3.134078352211604e-05,9.40607314044263e-06,0.9279640487774864,,0,0,AMBIGUOUS,,False,False
BH050,30,0.3000001013278961,0.0076880291785759,8857,1,1,SHELF_NORMAL_Y_NEG,1679,5,28.8822360366077,-0.0154687513039559,-0.4205090374705636,2.9609992831717018e-06,1.3866538657427357e-07,2.4484009998039283e-08,1.967759713566582e-09,0.0,0.0,0.0,0.0,,0.0,0.0,0.0,9.11515291182627e-07,3.3223165603342734e-07,0.0,0.0061016674881807,-1.2113729592319484e-05,1.0508230811915708e-05,0.9343908156681168,,0,0,AMBIGUOUS,,False,False
BH050,31,0.310000330209732,0.0084165566062347,8857,1,1,SHELF_NORMAL_Y_NEG,1679,5,28.8822360366077,-0.0005069071953641,-0.4653294819310112,2.3933842910681973e-06,-3.178335557788955e-07,-7.346213324903491e-07,-2.327799069712142e-07,0.0,0.0,0.0,0.0,,0.0,0.0,0.0,9.11515291182627e-07,3.3223165603342734e-07,0.0,0.0062768664396489,-2.3905304476056705e-05,1.1720805903682895e-05,0.9404101595170482,,0,0,AMBIGUOUS,,False,False
BH050,32,0.3200002014636993,0.0092435000085081,8857,1,1,SHELF_NORMAL_Y_NEG,1679,5,28.8822360366077,-0.0155869623060312,-0.4999221094423718,2.9546381686232617e-06,7.97729925373297e-08,-3.870444299653338e-07,8.602919903864952e-08,0.0,0.0,0.0,0.0,,0.0,0.0,0.0,9.11515291182627e-07,3.3223165603342734e-07,0.0,0.0135983063464479,-0.0001277214353697,1.3021636261407164e-05,0.9454421916802672,,0,0,AMBIGUOUS,,False,False
BH050,33,0.3300007283687591,0.0100607525388713,8857,1,1,SHELF_NORMAL_Y_NEG,1679,5,28.8822360366077,-0.0001096448514729,-0.5469245287184249,3.487839727136039e-06,3.072193204260906e-08,-3.307661311003983e-07,-8.057540016742987e-09,0.0,0.0,0.0,0.0,,0.0,0.0,0.0,9.11515291182627e-07,3.3223165603342734e-07,0.0,0.0067918821329028,-6.092279484456045e-05,1.4389976543182792e-05,0.9496204336773132,,0,0,AMBIGUOUS,,False,False
BH050,34,0.3400008380413055,0.0109792708052708,8857,1,1,SHELF_NORMAL_Y_NEG,1679,5,28.8822360366077,-0.0173330770817185,-0.5888506525350857,4.578103537562739e-06,1.3719311786481265e-07,5.2228799663861e-07,3.195989574275617e-08,0.0,0.0,0.0,0.0,,0.0,0.0,0.0,9.11515291182627e-07,3.3223165603342734e-07,0.0,0.0116333344451867,-5.5835470898058255e-05,1.5802133741021616e-05,0.951663681364639,,0,0,AMBIGUOUS,,False,False
BH050,35,0.3500014245510101,0.0119763789296797,8857,1,1,SHELF_NORMAL_Y_NEG,1679,5,28.8822360366077,-0.0171333880175095,-0.642041531545338,4.778544539503311e-06,-4.6274409492507e-09,3.134670194935055e-07,-1.5006341583581697e-07,0.0,0.0,0.0,0.0,,0.0,0.0,0.0,9.11515291182627e-07,3.3223165603342734e-07,0.0,0.0093383704657889,-5.553354953999809e-05,1.7316008608255844e-05,0.9544405136113728,,0,0,AMBIGUOUS,,False,False
BH050,36,0.3600013554096222,0.0129764145702524,8857,1,1,SHELF_NORMAL_Y_NEG,1679,5,28.8822360366077,-0.0187345623112041,-0.706334822237975,5.146757839349933e-06,6.25998644361563e-08,3.532611577658221e-07,2.2100371285949788e-08,0.0,0.0,0.0,0.0,,0.0,0.0,0.0,9.11515291182627e-07,3.3223165603342734e-07,0.0,0.0129820669990284,-0.000108710834073,1.892365160237792e-05,0.956704718814427,,0,0,AMBIGUOUS,,False,False
BH050,37,0.3700000941753387,0.0140395618360539,8857,1,1,SHELF_NORMAL_Y_NEG,1679,5,28.8822360366077,-0.0314270033698619,-0.759516403780892,4.85699238238295e-06,3.306684026829182e-07,-4.65146909860803e-07,4.140515014674378e-08,0.0,0.0,0.0,0.0,,0.0,0.0,0.0,9.11515291182627e-07,3.3223165603342734e-07,0.0,0.0099319350340434,-9.88166628556477e-05,2.062772550185685e-05,0.9583096921564024,,0,0,AMBIGUOUS,,False,False
BH050,38,0.3800002634525299,0.0151792609206472,8857,1,1,SHELF_NORMAL_Y_NEG,1679,5,28.8822360366077,-0.0140983384998629,-0.8238216575894963,5.585129132015814e-06,2.120881650061124e-07,-1.7873067131196272e-07,4.53941618371014e-08,0.0,0.0,0.0,0.0,,0.0,0.0,0.0,9.11515291182627e-07,3.3223165603342734e-07,0.0,0.0127324932576702,-0.0001030931395984,2.240313025332251e-05,0.9595095954004216,,0,0,AMBIGUOUS,,False,False
BH050,39,0.3900011479854584,0.0163498827453724,8857,1,1,SHELF_NORMAL_Y_NEG,1679,5,28.8822360366077,-0.0293835424468223,-0.8954216051050853,6.490320491506818e-06,1.3469249823021281e-07,3.370894144546124e-07,-3.210035768191785e-08,0.0,0.0,0.0,0.0,,0.0,0.0,0.0,9.11515291182627e-07,3.3223165603342734e-07,0.0,0.0141324014260172,-0.0001393987450913,2.4282088635761967e-05,0.9610410495105172,,0,0,AMBIGUOUS,,False,False
BH050,40,0.4000008404254913,0.0175709556007853,8857,1,1,SHELF_NORMAL_Y_NEG,1679,5,28.8822360366077,-0.0109901944471979,-0.9509583084059466,6.186358042007744e-06,2.417774951250172e-07,-4.027361573149821e-07,1.5015873791346276e-07,0.0,0.0,0.0,0.0,,0.0,0.0,0.0,9.11515291182627e-07,3.3223165603342734e-07,0.0,0.0137091960820518,-7.619763497220116e-05,2.623407431776738e-05,0.9622165808722076,,0,0,AMBIGUOUS,,False,False
BH050,41,0.4100005328655243,0.0188761257117535,8857,1,1,SHELF_NORMAL_Y_NEG,1679,5,28.8822360366077,-0.0327862847453248,-1.0335562122680382,6.732875803388458e-06,1.0024289824885309e-07,-4.339282561362726e-07,-1.4879668531241278e-07,0.0,0.0,0.0,0.0,,0.0,0.0,0.0,9.11515291182627e-07,3.3223165603342734e-07,0.0,0.0154139303855541,-0.000142847020047,2.827049019950076e-05,0.9630016367560216,,0,0,AMBIGUOUS,,False,False
BH050,42,0.4200010001659393,0.0202508412388208,8857,1,1,SHELF_NORMAL_Y_NEG,1679,5,28.8822360366077,-0.0107439195636901,-1.089354719670749,7.520509188408939e-06,4.662428223204499e-08,-4.1742876003225566e-08,-5.979275839860696e-08,0.0,0.0,0.0,0.0,,0.0,0.0,0.0,9.11515291182627e-07,3.3223165603342734e-07,0.0,0.0172454637094727,-0.0001487230759985,3.043007528183172e-05,0.963550380071826,,0,0,AMBIGUOUS,,False,False
BH050,43,0.4300011098384857,0.0216562342471123,8857,1,1,SHELF_NORMAL_Y_NEG,1679,5,28.8822360366077,-0.0252459847543885,-1.1741160743806611,7.314436991532888e-06,3.003639686229753e-07,-8.092676296200741e-07,1.1815766285900655e-07,0.0,0.0,0.0,0.0,,0.0,0.0,0.0,9.11515291182627e-07,3.3223165603342734e-07,0.0,0.0179757011900202,-0.0001478127540759,3.27054883631682e-05,0.9644268388841188,,0,0,AMBIGUOUS,,False,False
BH050,44,0.44000044465065,0.0230988881574848,8857,1,1,SHELF_NORMAL_Y_NEG,1679,5,28.8822360366077,-0.0318439270473921,-1.2774233794046774,8.526098440789197e-06,2.274852710575665e-07,-2.864754887350304e-07,2.490755598462662e-08,0.0,0.0,0.0,0.0,,0.0,0.0,0.0,9.11515291182627e-07,3.3223165603342734e-07,0.0,0.0174641683164845,-0.0001895249532388,3.50630403995644e-05,0.964936224325673,,0,0,AMBIGUOUS,,False,False
BH050,45,0.4500000774860382,0.0246243535936954,8857,1,1,SHELF_NORMAL_Y_NEG,1679,5,28.8822360366077,-0.0307191175154735,-1.3304678392980067,9.591074178522942e-06,1.910198398647351e-07,4.193269296847018e-07,3.710760030193895e-09,0.0,0.0,0.0,0.0,,0.0,0.0,0.0,9.11515291182627e-07,3.3223165603342734e-07,0.0,0.0182121010687587,-0.0001910108643832,3.749241754011373e-05,0.9654903674614048,,0,0,AMBIGUOUS,,False,False
BH050,46,0.4600010812282562,0.0262545503591582,8857,1,1,SHELF_NORMAL_Y_NEG,1679,5,28.8822360366077,0.0003237178189285,-1.4249908007662329,9.68784143572488e-06,2.460626489161628e-07,-1.7705406841709197e-07,2.3357165112321659e-07,0.0,0.0,0.0,0.0,,0.0,0.0,0.0,9.11515291182627e-07,3.3223165603342734e-07,0.0,0.0203963965985782,-0.0002106848611373,4.002172162924317e-05,0.965849753902261,,0,0,AMBIGUOUS,,False,False
BH050,47,0.4700011312961578,0.027938485107259,8857,1,1,SHELF_NORMAL_Y_NEG,1679,5,28.8822360366077,-0.0387312705629165,-1.5103976484627972,1.0172094945315294e-05,4.18170339849412e-07,-3.438953262392068e-07,7.49891321189845e-08,0.0,0.0,0.0,0.0,,0.0,0.0,0.0,9.11515291182627e-07,3.3223165603342734e-07,0.0,0.0209964816216052,-0.0002136900732974,4.2709572671979005e-05,0.966465520216072,,0,0,AMBIGUOUS,,False,False
BH050,48,0.4800010621547699,0.0296530532178139,8857,1,1,SHELF_NORMAL_Y_NEG,1679,5,28.8822360366077,-0.045878870028983,-1.647143174399635,1.1293741693080524e-05,3.60931241247367e-07,-8.803802312275649e-08,4.779879027900656e-08,0.0,0.0,0.0,0.0,,0.0,0.0,0.0,9.11515291182627e-07,3.3223165603342734e-07,0.0,0.0237422986478472,-0.0002466824486103,4.547745089065357e-05,0.9667194416506876,,0,0,AMBIGUOUS,,False,False
BH050,49,0.4900011718273163,0.0314878457929085,8857,1,1,SHELF_NORMAL_Y_NEG,1679,5,28.8822360366077,-0.0103239025016715,-1.7103546531060074,1.1518161047557752e-05,-1.2980818990314884e-07,-3.26612523353002e-07,-2.2321712530006058e-07,0.0,0.0,0.0,0.0,,0.0,0.0,0.0,9.11515291182627e-07,3.3223165603342734e-07,0.0,0.0218281740669418,-0.0002269825215198,4.836325071271304e-05,0.9669555835697766,,0,0,AMBIGUOUS,,False,False
BH050,50,0.5000013709068298,0.0333051762191135,8857,1,1,SHELF_NORMAL_Y_NEG,1679,5,28.8822360366077,-0.032302162139426,-1.8220544824542635,1.2182125649391038e-05,1.3482033178096114e-07,-3.795452349783933e-07,-5.5290734743956426e-08,0.0,0.0,0.0,0.0,,0.0,0.0,0.0,9.11515291182627e-07,3.3223165603342734e-07,0.0,0.0256258482531484,-0.0002313466716383,5.135410825336237e-05,0.967304609408311,-182535.6789768044,1,1,AMBIGUOUS,,False,False
BH050,51,0.5100000500679016,0.0352201359704428,8857,1,1,SHELF_NORMAL_Y_NEG,1679,5,28.8822360366077,-0.0176163968158083,-1.9241755562124232,1.3032437752109325e-05,8.516002901959379e-08,-2.3992934886463786e-07,-8.226707461638655e-09,0.0,0.0,0.0,0.0,,0.0,0.0,0.0,9.11515291182627e-07,3.3223165603342734e-07,0.0,0.0270557579563511,-0.0002421733338495,5.446024488162121e-05,0.967625875392222,,0,0,AMBIGUOUS,,False,False
BH050,52,0.5200002193450928,0.0372398721307716,8857,1,1,SHELF_NORMAL_Y_NEG,1679,5,28.8822360366077,-0.0433924231807735,-2.03647300334386,1.383188097722502e-05,3.452328116027303e-07,-2.52178287237118e-07,3.822824872874383e-08,0.0,0.0,0.0,0.0,,0.0,0.0,0.0,9.11515291182627e-07,3.3223165603342734e-07,0.0,0.0270206762008278,-0.0002976203411733,5.7662855449387885e-05,0.9678603048978044,,0,0,AMBIGUOUS,,False,False
BH050,53,0.5300003886222839,0.0392889604891671,8857,1,1,SHELF_NORMAL_Y_NEG,1679,5,28.8822360366077,-0.022402262748243,-2.125303336912286,1.4820429142540636e-05,1.251370305547665e-07,1.62845411934346e-07,3.735840252906306e-09,0.0,0.0,0.0,0.0,,0.0,0.0,0.0,9.11515291182627e-07,3.3223165603342734e-07,0.0,0.03170060088676,-0.000308207737194,6.100730847398251e-05,0.968131633670916,,0,0,AMBIGUOUS,,False,False
BH050,54,0.5400005578994751,0.0414526745412959,8857,1,1,SHELF_NORMAL_Y_NEG,1679,5,28.8822360366077,-0.0352728955825138,-2.251241827439637,1.564367836741099e-05,3.589021577032163e-07,8.355449602508364e-08,1.1653587979972605e-07,0.0,0.0,0.0,0.0,,0.0,0.0,0.0,9.11515291182627e-07,3.3223165603342734e-07,0.0,0.031669805066132,-0.0003083575630511,6.446932211738929e-05,0.9684228333108637,,0,0,AMBIGUOUS,,False,False
BH050,55,0.5500007271766663,0.0436793272831435,8857,1,1,SHELF_NORMAL_Y_NEG,1679,5,28.8822360366077,-0.0021934972889464,-2.3597878077147327,1.6972426290619252e-05,8.717930371207667e-08,6.117018166718769e-07,2.3189694459070827e-08,0.0,0.0,0.0,0.0,,0.0,0.0,0.0,9.11515291182627e-07,3.3223165603342734e-07,0.0,0.0330670092240258,-0.0003207508952418,6.804359393726401e-05,0.9685883971494436,,0,0,AMBIGUOUS,,False,False
BH050,56,0.5600008964538574,0.0459718876828624,8857,1,1,SHELF_NORMAL_Y_NEG,1679,5,28.8822360366077,-0.0610268229132691,-2.516051090903172,1.7171215357984215e-05,4.377327332546826e-07,-2.023033433721555e-07,3.4427865929881044e-08,0.0,0.0,0.0,0.0,,0.0,0.0,0.0,9.11515291182627e-07,3.3223165603342734e-07,0.0,0.0380070339359465,-0.0003592085602144,7.175674713873037e-05,0.9687680374144668,,0,0,AMBIGUOUS,,False,False
BH050,57,0.5700010657310486,0.0482661411856974,8857,1,1,SHELF_NORMAL_Y_NEG,1679,5,28.8822360366077,-0.0600079736298072,-2.632206685367711,1.823517356591109e-05,6.347925755840895e-07,-2.8264064406941192e-08,1.5153037202575637e-07,0.0,0.0,0.0,0.0,,0.0,0.0,0.0,9.11515291182627e-07,3.3223165603342734e-07,0.0,0.0389274812611632,-0.0004114678902967,7.558627959629404e-05,0.969003358042676,,0,0,AMBIGUOUS,,False,False
BH050,58,0.5800012350082397,0.0506869782417198,8857,1,1,SHELF_NORMAL_Y_NEG,1679,5,28.8822360366077,-0.076622079328856,-2.7730950887378616,1.863323899802347e-05,5.820750975290819e-07,-5.354284605428366e-07,5.262198971627496e-08,0.0,0.0,0.0,0.0,,0.0,0.0,0.0,9.11515291182627e-07,3.3223165603342734e-07,0.0,0.0359680765683527,-0.0004119016913278,7.951879749622545e-05,0.9692608299715776,,0,0,AMBIGUOUS,,False,False
BH050,59,0.5900014042854309,0.0532087897852682,8857,1,1,SHELF_NORMAL_Y_NEG,1679,5,28.8822360366077,-0.050046532404783,-2.915915120232304,1.978292291846793e-05,4.460147598879485e-07,-3.3388325243186495e-07,1.3936011774980878e-07,0.0,0.0,0.0,0.0,,0.0,0.0,0.0,9.11515291182627e-07,3.3223165603342734e-07,0.0,0.0460229399068998,-0.0004627407063492,8.359222527594762e-05,0.9693823036159588,,0,0,AMBIGUOUS,,False,False
BH050,60,0.6000000834465027,0.0557525976047262,8857,1,1,SHELF_NORMAL_Y_NEG,1679,5,28.8822360366077,-0.0424216767106755,-3.0684322968037216,2.070884184484337e-05,4.633212895016213e-07,-4.580851226402035e-07,2.1351842404371762e-07,0.0,0.0,0.0,0.0,,0.0,0.0,0.0,9.11515291182627e-07,3.3223165603342734e-07,0.0,0.0420531540847722,-0.0004518144608174,8.782597314094126e-05,0.9695801860805464,,0,0,AMBIGUOUS,,False,False
BH050,61,0.6100002527236938,0.0584031677636529,8857,1,1,SHELF_NORMAL_Y_NEG,1679,5,28.8822360366077,-0.0668283976524428,-3.2018984076706043,2.296701694707993e-05,4.4770929128990454e-07,7.485489076481625e-07,-9.976789548173941e-08,0.0,0.0,0.0,0.0,,0.0,0.0,0.0,9.11515291182627e-07,3.3223165603342734e-07,0.0,0.0427340338248854,-0.0004542884482714,9.220220439201045e-05,0.9698683416517409,,0,0,AMBIGUOUS,,False,False
BH050,62,0.620000422000885,0.0611097155517319,8857,1,1,SHELF_NORMAL_Y_NEG,1679,5,28.8822360366077,-0.0404684476112207,-3.341126318706822,2.278488891312525e-05,3.472506782819672e-07,-3.543107521340068e-07,2.3658416909355315e-08,0.0,0.0,0.0,0.0,,0.0,0.0,0.0,9.11515291182627e-07,3.3223165603342734e-07,0.0,0.0478456914373995,-0.0005129047522194,9.668446137909052e-05,0.9700364306114282,,0,0,AMBIGUOUS,,False,False
BH050,63,0.6300005912780762,0.0638930286719754,8857,1,1,SHELF_NORMAL_Y_NEG,1679,5,28.8822360366077,-0.0448366865484172,-3.4870152994200714,2.376744520814453e-05,3.008306993412444e-07,-3.066868154281456e-07,2.0560055065722035e-08,0.0,0.0,0.0,0.0,,0.0,0.0,0.0,9.11515291182627e-07,3.3223165603342734e-07,0.0,0.0475554306149045,-0.0005152510484052,0.0001012832775066,0.9701353414076912,,0,0,AMBIGUOUS,,False,False
BH050,64,0.6400007605552673,0.0667981719684228,8857,1,1,SHELF_NORMAL_Y_NEG,1679,5,28.8822360366077,-0.0545197391123162,-3.652620039877423,2.485816168187852e-05,5.335699401829965e-07,-4.578153344836736e-07,8.92539890174184e-08,0.0,0.0,0.0,0.0,,0.0,0.0,0.0,9.11515291182627e-07,3.3223165603342734e-07,0.0,0.0511553294307654,-0.0004872460499659,0.0001060358012164,0.9703735869752348,,0,0,AMBIGUOUS,,False,False
BH050,65,0.6500009298324585,0.0697637843711488,8857,1,1,SHELF_NORMAL_Y_NEG,1679,5,28.8822360366077,-0.0692902459009671,-3.8179119344253394,2.583695825904565e-05,2.185824711072661e-07,-4.871477198905839e-07,-1.9339202033329898e-07,0.0,0.0,0.0,0.0,,0.0,0.0,0.0,9.11515291182627e-07,3.3223165603342734e-07,0.0,0.0518737236258875,-0.000549702690984,0.0001109451673832,0.9705979750818332,,0,0,AMBIGUOUS,,False,False
BH050,66,0.6600010991096497,0.0727784547191266,8857,1,1,SHELF_NORMAL_Y_NEG,1679,5,28.8822360366077,-0.0807325264535813,-3.97755997657875,2.7714389880405168e-05,9.370423021346496e-07,1.5040639094030225e-07,3.096540900327199e-07,0.0,0.0,0.0,0.0,,0.0,0.0,0.0,9.11515291182627e-07,3.3223165603342734e-07,0.0,0.0552439631432409,-0.0005722134630456,0.0001159943027051,0.9707647797876172,,0,0,AMBIGUOUS,,False,False
BH050,67,0.6700012683868408,0.0759118025690703,8857,1,1,SHELF_NORMAL_Y_NEG,1679,5,28.8822360366077,-0.0858580762891487,-4.139732751383439,2.8382109614446585e-05,5.519312442570025e-07,-3.4355641748254044e-07,-1.51559614209294e-07,0.0,0.0,0.0,0.0,,0.0,0.0,0.0,9.11515291182627e-07,3.3223165603342734e-07,0.0,0.0565917850199433,-0.0006068764849342,0.0001211880234732,0.9709301780684492,,0,0,AMBIGUOUS,,False,False
BH050,68,0.680001437664032,0.0790502520615079,8857,1,1,SHELF_NORMAL_Y_NEG,1679,5,28.8822360366077,-0.0763852997834754,-4.32448974528153,2.9428745102590213e-05,4.939541904053018e-07,-4.606622324491781e-07,-3.067587160603493e-08,0.0,0.0,0.0,0.0,,0.0,0.0,0.0,9.11515291182627e-07,3.3223165603342734e-07,0.0,0.0610965830354577,-0.0006523096579842,0.0001265044654931,0.9712299641800608,,0,0,AMBIGUOUS,,False,False
BH050,69,0.6900001168251038,0.0823741192725606,8857,1,1,SHELF_NORMAL_Y_NEG,1679,5,28.8822360366077,-0.0475373671094043,-4.457988451069276,3.113080590587225e-05,3.415572457775052e-07,2.832728305715916e-07,-1.8986769818971506e-08,0.0,0.0,0.0,0.0,,0.0,0.0,0.0,9.11515291182627e-07,3.3223165603342734e-07,0.0,0.060229069866023,-0.0006208562843725,0.0001319756732488,0.9714171520131852,,0,0,AMBIGUOUS,,False,False
BH050,70,0.7000002861022949,0.0856852698326842,8857,1,1,SHELF_NORMAL_Y_NEG,1679,5,28.8822360366077,-0.0833603223148619,-4.690870496451068,3.2196739587611675e-05,4.590838682537896e-07,-1.9813888939504832e-07,-8.664593959465782e-08,0.0,0.0,0.0,0.0,,0.0,0.0,0.0,9.11515291182627e-07,3.3223165603342734e-07,0.0,0.0661629366684841,-0.0007400477568253,0.000137599796811,0.9716368639514896,,0,0,AMBIGUOUS,,False,False
BH050,71,0.7100004553794861,0.0891246909216921,8857,1,1,SHELF_NORMAL_Y_NEG,1679,5,28.8822360366077,-0.0862990079859268,-4.845174151649643,3.3161124177766096e-05,6.068064948466009e-07,-3.1706169043664426e-07,2.4070928544448963e-08,0.0,0.0,0.0,0.0,,0.0,0.0,0.0,9.11515291182627e-07,3.3223165603342734e-07,0.0,0.0662248728501461,-0.0006907438763082,0.0001433884262648,0.971889718642446,,0,0,AMBIGUOUS,,False,False
BH050,72,0.7200006246566772,0.0926130192050682,8857,1,1,SHELF_NORMAL_Y_NEG,1679,5,28.8822360366077,-0.0649841082350121,-5.037387240075079,3.4731441351096576e-05,5.353553777342736e-07,-1.6831293641658273e-08,1.585329531235218e-07,0.0,0.0,0.0,0.0,,0.0,0.0,0.0,9.11515291182627e-07,3.3223165603342734e-07,0.0,0.0691193065796942,-0.000764844607714,0.000149314138268,0.972202366176528,,0,0,AMBIGUOUS,,False,False
BH050,73,0.7300007939338684,0.0962419607997778,8857,1,1,SHELF_NORMAL_Y_NEG,1679,5,28.8822360366077,-0.0812273178065232,-5.244561359825875,3.625149011452497e-05,7.841070903082174e-07,1.2531620080381118e-08,2.3639773425167767e-07,0.0,0.0,0.0,0.0,,0.0,0.0,0.0,9.11515291182627e-07,3.3223165603342734e-07,0.0,0.0749720788015746,-0.0007892454338132,0.0001553543337561,0.97240484512142,,0,0,AMBIGUOUS,,False,False
BH050,74,0.7400009632110596,0.099894359302905,8857,1,1,SHELF_NORMAL_Y_NEG,1679,5,28.8822360366077,-0.0883764331922668,-5.453168813006133,3.7586150064819954e-05,9.31435693476328e-07,-1.5905512985772002e-07,2.700487925112326e-07,0.0,0.0,0.0,0.0,,0.0,0.0,0.0,9.11515291182627e-07,3.3223165603342734e-07,0.0,0.0744568993214754,-0.0008232839012271,0.000161568778851,0.9726989504475262,,0,0,AMBIGUOUS,,False,False
BH050,75,0.7500011324882507,0.1036891283011704,8857,1,1,SHELF_NORMAL_Y_NEG,1679,5,28.8822360366077,-0.0790715540513825,-5.6466541867223485,3.935225398391065e-05,4.750988655287176e-07,3.355343446714452e-07,-5.602653865006253e-08,0.0,0.0,0.0,0.0,,0.0,0.0,0.0,9.11515291182627e-07,3.3223165603342734e-07,0.0,0.0774639034833465,-0.0008243940396091,0.0001679776885247,0.9730019452947122,24496.305403462266,1,1,AMBIGUOUS,,False,False
BH050,76,0.7600013017654419,0.1074747486190703,8857,1,1,SHELF_NORMAL_Y_NEG,1679,5,28.8822360366077,-0.0740952229580979,-5.861293947202066,4.0100176455340295e-05,4.224002256704528e-07,-4.236732005313235e-07,-9.777161278422893e-08,0.0,0.0,0.0,0.0,,0.0,0.0,0.0,9.11515291182627e-07,3.3223165603342734e-07,0.0,0.0833030237221688,-0.0008613825512951,0.0001745407422744,0.9733281677219284,,0,0,AMBIGUOUS,,False,False
BH050,77,0.7699999809265137,0.1114355239284306,8857,1,1,SHELF_NORMAL_Y_NEG,1679,5,28.8822360366077,-0.0923159676203657,-6.073612624560131,4.196180950298788e-05,8.554641198821116e-07,-1.2089802853032822e-08,2.2693341040502e-07,0.0,0.0,0.0,0.0,,0.0,0.0,0.0,9.11515291182627e-07,3.3223165603342734e-07,0.0,0.0828626208162647,-0.0008746332135904,0.0001812192151222,0.9735415106363,,0,0,AMBIGUOUS,,False,False
BH050,78,0.7800001502037048,0.1154441501885497,8857,1,1,SHELF_NORMAL_Y_NEG,1679,5,28.8822360366077,-0.0956891729207501,-6.299719391548777,4.360533308883829e-05,7.609373096350311e-07,1.035829416684293e-07,1.4418867376908998e-07,0.0,0.0,0.0,0.0,,0.0,0.0,0.0,9.11515291182627e-07,3.3223165603342734e-07,0.0,0.0836757178673969,-0.0009020900665982,0.0001880766269324,0.9738354982151683,,0,0,AMBIGUOUS,,False,False
BH050,79,0.790000319480896,0.1194731095074155,8857,1,1,SHELF_NORMAL_Y_NEG,1679,5,28.8822360366077,-0.0558416827866561,-6.508743594354874,4.549733471030654e-05,6.414817342681543e-07,3.556139071690095e-07,1.050736839313521e-07,0.0,0.0,0.0,0.0,,0.0,0.0,0.0,9.11515291182627e-07,3.3223165603342734e-07,0.0,0.0908255347062188,-0.0009511236685166,0.0001951213957929,0.9741478091283176,,0,0,AMBIGUOUS,,False,False
BH050,80,0.8000004887580872,0.1237098619188037,8857,1,1,SHELF_NORMAL_Y_NEG,1679,5,28.8822360366077,-0.0980265515895472,-6.746177939325201,4.70652650160239e-05,8.648168834052901e-07,3.727387989557719e-07,1.272541760656868e-07,0.0,0.0,0.0,0.0,,0.0,0.0,0.0,9.11515291182627e-07,3.3223165603342734e-07,0.0,0.0910363820279772,-0.0009322861559896,0.0002023493151875,0.9744410574210248,,0,0,AMBIGUOUS,,False,False
BH050,81,0.8100006580352783,0.1279983549684606,8857,1,1,SHELF_NORMAL_Y_NEG,1679,5,28.8822360366077,-0.1153945547518075,-6.967508038105897,4.736982928079348e-05,7.374237411306747e-07,-7.538015503091156e-07,-2.1367343235479536e-08,0.0,0.0,0.0,0.0,,0.0,0.0,0.0,9.11515291182627e-07,3.3223165603342734e-07,0.0,0.0985924335737738,-0.0010451605661434,0.0002097097156205,0.9746813558125382,,0,0,AMBIGUOUS,,False,False
BH050,82,0.8200008273124695,0.1322914320367757,8857,1,1,SHELF_NORMAL_Y_NEG,1679,5,28.8822360366077,-0.1278520361068269,-7.223473455212165,4.98703501282388e-05,1.0126482503383606e-06,-7.085875623660375e-08,1.1951369147667466e-07,0.0,0.0,0.0,0.0,,0.0,0.0,0.0,9.11515291182627e-07,3.3223165603342734e-07,0.0,0.0992062017132932,-0.0010565543233059,0.0002172724618486,0.9749725755340573,,0,0,AMBIGUOUS,,False,False
BH050,83,0.8300009965896606,0.1367709637953226,8857,1,1,SHELF_NORMAL_Y_NEG,1679,5,28.8822360366077,-0.1178249180120407,-7.466465183347345,5.209223719044968e-05,1.243322630708121e-06,3.3683119608727825e-07,2.849691617349951e-07,0.0,0.0,0.0,0.0,,0.0,0.0,0.0,9.11515291182627e-07,3.3223165603342734e-07,0.0,0.1039803671568564,-0.0010792014594965,0.0002250235580268,0.9752445671027272,,0,0,AMBIGUOUS,,False,False
BH050,84,0.8400011658668518,0.1412669760880535,8857,1,1,SHELF_NORMAL_Y_NEG,1679,5,28.8822360366077,-0.1459175970332189,-7.71050058798445,5.338867667531164e-05,8.706551006012987e-07,1.7644482913823877e-07,-5.183256843760312e-08,0.0,0.0,0.0,0.0,,0.0,0.0,0.0,9.11515291182627e-07,3.3223165603342734e-07,0.0,0.1046305216262391,-0.0011099055355769,0.0002329556112385,0.9754651210102048,,0,0,AMBIGUOUS,,False,False
BH050,85,0.850001335144043,0.1458786904926286,8857,1,1,SHELF_NORMAL_Y_NEG,1679,5,28.8822360366077,-0.1230044843102888,-7.975024784315113,5.47615404794203e-05,7.637953728823897e-07,-4.672938399447543e-07,-1.8840092800147018e-07,0.0,0.0,0.0,0.0,,0.0,0.0,0.0,9.11515291182627e-07,3.3223165603342734e-07,0.0,0.1116616786791547,-0.0011644743562069,0.0002410811909709,0.9757095325855368,,0,0,AMBIGUOUS,,False,False
BH050,86,0.8600014448165894,0.1505929419269294,8857,1,1,SHELF_NORMAL_Y_NEG,1679,5,28.8822360366077,-0.149832807078348,-8.23739864946915,5.645758315406373e-05,8.964144223382021e-07,-4.582833945393974e-07,-1.1461911429862508e-07,0.0,0.0,0.0,0.0,,0.0,0.0,0.0,9.11515291182627e-07,3.3223165603342734e-07,0.0,0.1139387877310549,-0.0011666860960897,0.0002493912697967,0.9759960716558638,,0,0,AMBIGUOUS,,False,False
BH050,87,0.8700014352798462,0.1553541124098743,8857,1,1,SHELF_NORMAL_Y_NEG,1679,5,28.8822360366077,-0.158401140309029,-8.48595048598283,5.84659672244981e-05,1.4617878169657897e-06,-2.649257413953957e-07,2.946000055886104e-07,0.0,0.0,0.0,0.0,,0.0,0.0,0.0,9.11515291182627e-07,3.3223165603342734e-07,0.0,0.1165494525791273,-0.0012667339693537,0.0002578559340808,0.9762294361961692,,0,0,AMBIGUOUS,,False,False
BH050,88,0.8800009489059448,0.1602029696671217,8857,1,1,SHELF_NORMAL_Y_NEG,1679,5,28.8822360366077,-0.158425030866513,-8.75184823056839,6.0643514524867816e-05,1.025029687922081e-06,1.599425807803374e-07,-5.6999401082901125e-08,0.0,0.0,0.0,0.0,,0.0,0.0,0.0,9.11515291182627e-07,3.3223165603342734e-07,0.0,0.1218138006266227,-0.0012486696004002,0.0002664786802954,0.9764718900432464,,0,0,AMBIGUOUS,,False,False
BH050,89,0.8900003433227539,0.1651501940380248,8857,1,1,SHELF_NORMAL_Y_NEG,1679,5,28.8822360366077,-0.1446453137334191,-8.994555763917177,6.179291043747241e-05,9.131105718479928e-07,-4.417353706270404e-07,-1.470390367739054e-07,0.0,0.0,0.0,0.0,,0.0,0.0,0.0,9.11515291182627e-07,3.3223165603342734e-07,0.0,0.1217446504861793,-0.001281303742639,0.0002753523983998,0.976768741197094,,0,0,AMBIGUOUS,,False,False
BH050,90,0.9000007510185242,0.1701847926445289,8857,1,1,SHELF_NORMAL_Y_NEG,1679,5,28.8822360366077,-0.1377124189904605,-9.284694704292605,6.340892696734526e-05,9.84795743903512e-07,-7.664016178359447e-07,3.745530597376351e-08,0.0,0.0,0.0,0.0,,0.0,0.0,0.0,9.11515291182627e-07,3.3223165603342734e-07,0.0,0.1306424315319161,-0.0013606463347642,0.0002844293886742,0.977060428535534,,0,0,AMBIGUOUS,,False,False
BH050,91,0.9100009202957152,0.1753070600720151,8857,1,1,SHELF_NORMAL_Y_NEG,1679,5,28.8822360366077,-0.1174260847094207,-9.553949857042902,6.564925228922375e-05,9.130674023861452e-07,-3.5673220337790665e-07,1.365099075599963e-07,0.0,0.0,0.0,0.0,,0.0,0.0,0.0,9.11515291182627e-07,3.3223165603342734e-07,0.0,0.1321516400399477,-0.0013927938298191,0.0002936788593878,0.9773485889239968,,0,0,AMBIGUOUS,,False,False
BH050,92,0.9200000762939452,0.1806111174253504,8857,1,1,SHELF_NORMAL_Y_NEG,1679,5,28.8822360366077,-0.1567408774746356,-9.85712062580468,6.774057655618666e-05,1.150533073282457e-06,-3.80082539389826e-07,8.319021040944065e-08,0.0,0.0,0.0,0.0,,0.0,0.0,0.0,9.11515291182627e-07,3.3223165603342734e-07,0.0,0.1344267541430881,-0.0014030475969233,0.0003030208735732,0.9776708596249046,,0,0,AMBIGUOUS,,False,False
BH050,93,0.9300010204315186,0.1859316192444366,8857,1,1,SHELF_NORMAL_Y_NEG,1679,5,28.8822360366077,-0.1835418450155384,-10.143778339855404,7.002700406043352e-05,1.1920547735743867e-06,-4.431103769564176e-08,-2.9699300236636772e-08,0.0,0.0,0.0,0.0,,0.0,0.0,0.0,9.11515291182627e-07,3.3223165603342734e-07,0.0,0.1383569645176696,-0.0014933936548258,0.0003125440141824,0.9779824540626406,,0,0,AMBIGUOUS,,False,False
BH050,94,0.9400003552436828,0.1913258108473552,8857,1,1,SHELF_NORMAL_Y_NEG,1679,5,28.8822360366077,-0.1547673802786454,-10.43137903045181,7.248185780522963e-05,1.1716027188069715e-06,4.442035922151873e-07,1.704345669795355e-07,0.0,0.0,0.0,0.0,,0.0,0.0,0.0,9.11515291182627e-07,3.3223165603342734e-07,0.0,0.1413754856174993,-0.0014597839364181,0.0003223009945146,0.9782690086621526,,0,0,AMBIGUOUS,,False,False
BH050,95,0.950001299381256,0.1968081577374566,8857,1,1,SHELF_NORMAL_Y_NEG,1679,5,28.8822360366077,-0.1701540347725235,-10.735113951638644,7.370128400727529e-05,1.2019018219313045e-06,-4.914635703078788e-07,3.8831089130514196e-08,0.0,0.0,0.0,0.0,,0.0,0.0,0.0,9.11515291182627e-07,3.3223165603342734e-07,0.0,0.1496983243735836,-0.0015702581084882,0.0003323324678993,0.978589722113534,,0,0,AMBIGUOUS,,False,False
BH050,96,0.9600005149841307,0.2023628434043757,8857,1,1,SHELF_NORMAL_Y_NEG,1679,5,28.8822360366077,-0.204010015023969,-11.026893151070649,7.593670012002215e-05,1.4888516580704655e-06,-3.2201806214689937e-07,4.268971589546427e-08,0.0,0.0,0.0,0.0,,0.0,0.0,0.0,9.11515291182627e-07,3.3223165603342734e-07,0.0,0.1517851618108434,-0.0016025141550794,0.000342496121453,0.9789561994905952,,0,0,AMBIGUOUS,,False,False
BH050,97,0.970001459121704,0.2079876738150378,8857,1,1,SHELF_NORMAL_Y_NEG,1679,5,28.8822360366077,-0.1917093166848044,-11.328461645629782,7.78116247241269e-05,1.3039987215796912e-06,-3.885705285177911e-07,8.596242484412146e-08,0.0,0.0,0.0,0.0,,0.0,0.0,0.0,9.11515291182627e-07,3.3223165603342734e-07,0.0,0.1565273892000925,-0.0016582002231052,0.0003527572315676,0.9793156647109184,,0,0,AMBIGUOUS,,False,False
BH050,98,0.9800004959106444,0.2137681107701793,8857,1,1,SHELF_NORMAL_Y_NEG,1679,5,28.8822360366077,-0.1670808643991628,-11.63524397773748,8.040767612695094e-05,1.142937360719084e-06,-9.457547976181508e-08,-8.629733344378078e-08,0.0,0.0,0.0,0.0,,0.0,0.0,0.0,9.11515291182627e-07,3.3223165603342734e-07,0.0,0.1617109446164257,-0.0017480670472271,0.0003631721599152,0.9796450306892226,,0,0,AMBIGUOUS,,False,False
BH050,99,0.9900010228157043,0.2195913778991636,8857,1,1,SHELF_NORMAL_Y_NEG,1679,5,28.8822360366077,-0.1476850205249953,-11.929342629155196,8.253917207261751e-05,1.4237758987745543e-06,-9.89051720120496e-09,3.147428617412073e-07,0.0,0.0,0.0,0.0,,0.0,0.0,0.0,9.11515291182627e-07,3.3223165603342734e-07,0.0,0.1641509934931343,-0.001754529362304,0.0003738851986075,0.9800234786634172,,0,0,AMBIGUOUS,,False,False
BH050,100,1.0000009536743164,0.2255048091555087,8857,1,1,SHELF_NORMAL_Y_NEG,1679,5,28.8822360366077,-0.1800293594635455,-12.28061321428955,8.486098923682051e-05,1.2741977470870445e-06,-9.872352843844056e-09,4.792501574377942e-08,0.0,0.0,0.0,0.0,,0.0,0.0,0.0,9.11515291182627e-07,3.3223165603342734e-07,0.0,0.1685145820030935,-0.0017572839597984,0.0003848634714131,0.9804137576698052,-295576.9013962824,1,1,AMBIGUOUS,,False,False
BH050,101,1.010000228881836,0.2313520976015955,8857,1,1,SHELF_NORMAL_Y_NEG,1679,5,28.8822360366077,-0.1629166532089906,-12.587584169531937,8.652256036468106e-05,1.4181173561214492e-06,-5.886655446668516e-07,1.9168994670900293e-07,0.0,0.0,0.0,0.0,,0.0,0.0,0.0,9.11515291182627e-07,3.3223165603342734e-07,0.0,0.1757903091507751,-0.0018552242363985,0.0003957317469317,0.9807348198538464,,0,0,AMBIGUOUS,,False,False
BH050,102,1.020000457763672,0.2373200126517032,8857,1,1,SHELF_NORMAL_Y_NEG,1679,5,28.8822360366077,-0.1849402985711919,-12.91288717350745,8.941105763730606e-05,1.3534330364896948e-06,1.5544022116107978e-07,7.901521671818203e-08,0.0,0.0,0.0,0.0,,0.0,0.0,0.0,9.11515291182627e-07,3.3223165603342734e-07,0.0,0.1788996118213518,-0.0019264174182557,0.0004067757902411,0.9810502247971724,,0,0,AMBIGUOUS,,False,False
BH050,103,1.030000925064087,0.24336198198997,8857,1,1,SHELF_NORMAL_Y_NEG,1679,5,28.8822360366077,-0.2057474464597127,-13.249438713817868,9.178605947577847e-05,1.4828596479114732e-06,1.657269150640402e-07,2.6291608109976335e-08,0.0,0.0,0.0,0.0,,0.0,0.0,0.0,9.11515291182627e-07,3.3223165603342734e-07,0.0,0.1855306214439287,-0.0019983398204199,0.000418030775916,0.9813881026252008,,0,0,AMBIGUOUS,,False,False
BH050,104,1.0400009155273438,0.2494287726219556,8857,1,1,SHELF_NORMAL_Y_NEG,1679,5,28.8822360366077,-0.2458614031100412,-13.5761135527131,9.40036111751532e-05,1.798823656913302e-06,2.0977377924821962e-07,1.495863735408295e-07,0.0,0.0,0.0,0.0,,0.0,0.0,0.0,9.11515291182627e-07,3.3223165603342734e-07,0.0,0.1885579027226556,-0.0020180046815863,0.000429537494301,0.9817064826618191,,0,0,AMBIGUOUS,,False,False
BH050,105,1.0500011444091797,0.255781349965709,8857,1,1,SHELF_NORMAL_Y_NEG,1679,5,28.8822360366077,-0.226943623991107,-13.930231934275616,9.628483586939571e-05,1.6399347656683011e-06,4.7229885214903316e-08,1.2551986642477322e-07,0.0,0.0,0.0,0.0,,0.0,0.0,0.0,9.11515291182627e-07,3.3223165603342734e-07,0.0,0.1928967696775058,-0.002077092229158,0.000441345026127,0.98202824669588,,0,0,AMBIGUOUS,,False,False
BH050,106,1.0600005388259888,0.2621285533809983,8857,1,1,SHELF_NORMAL_Y_NEG,1679,5,28.8822360366077,-0.2163382932052354,-14.255707150621124,9.87125052227367e-05,1.6822846984613409e-06,1.4040015567502956e-07,1.5650813891106502e-07,0.0,0.0,0.0,0.0,,0.0,0.0,0.0,9.11515291182627e-07,3.3223165603342734e-07,0.0,0.1977549619590216,-0.0021168155036208,0.0004533771838117,0.9823537195178434,,0,0,AMBIGUOUS,,False,False
BH050,107,1.070001244544983,0.2684531809413811,8857,1,1,SHELF_NORMAL_Y_NEG,1679,5,28.8822360366077,-0.2543208482519322,-14.61696606461874,0.0001005675985845,1.9008379683086664e-06,-4.970104745253596e-07,1.171866261027001e-07,0.0,0.0,0.0,0.0,,0.0,0.0,0.0,9.11515291182627e-07,3.3223165603342734e-07,0.0,0.2022791283792188,-0.0021900282057095,0.0004655469121976,0.9826560552054072,,0,0,AMBIGUOUS,,False,False
BH050,108,1.080000877380371,0.2750587419200704,8857,1,1,SHELF_NORMAL_Y_NEG,1679,5,28.8822360366077,-0.2488179866663835,-14.96016661252239,0.0001034599799492,1.6814108591139422e-06,2.3921739622951308e-09,-8.482696781293449e-08,0.0,0.0,0.0,0.0,,0.0,0.0,0.0,9.11515291182627e-07,3.3223165603342734e-07,0.0,0.205076119406706,-0.0022156043175996,0.0004780254252452,0.9829063422565328,,0,0,AMBIGUOUS,,False,False
BH050,109,1.0900001525878906,0.2816519439810257,8857,1,1,SHELF_NORMAL_Y_NEG,1679,5,28.8822360366077,-0.2269851782944155,-15.297056145184966,0.0001056659009914,1.5534198218513317e-06,-1.0626828420645739e-07,-4.7751986696526097e-08,0.0,0.0,0.0,0.0,,0.0,0.0,0.0,9.11515291182627e-07,3.3223165603342734e-07,0.0,0.2143298018210359,-0.0023045113551458,0.0004908165692079,0.98316601579519,,0,0,AMBIGUOUS,,False,False
BH050,110,1.1000001430511477,0.2883603637197378,8857,1,1,SHELF_NORMAL_Y_NEG,1679,5,28.8822360366077,-0.2703233236934285,-15.701984153119104,0.0001081511719955,1.8261243387785505e-06,-2.9644681925742765e-07,4.8972086916601084e-08,0.0,0.0,0.0,0.0,,0.0,0.0,0.0,9.11515291182627e-07,3.3223165603342734e-07,0.0,0.215736260982064,-0.0023245794099903,0.0005038864113291,0.9834187302641731,,0,0,AMBIGUOUS,,False,False
BH050,111,1.1100003719329834,0.2951235931510096,8857,1,1,SHELF_NORMAL_Y_NEG,1679,5,28.8822360366077,-0.2315748656797892,-16.01778182914209,0.0001105367110912,1.7318849202116937e-06,-1.63727635458727e-07,1.526924847945581e-07,0.0,0.0,0.0,0.0,,0.0,0.0,0.0,9.11515291182627e-07,3.3223165603342734e-07,0.0,0.2203726691528306,-0.0024473814256898,0.0005171717133695,0.9836426118336792,,0,0,AMBIGUOUS,,False,False
BH050,112,1.120000958442688,0.3020061127423251,8857,1,1,SHELF_NORMAL_Y_NEG,1679,5,28.8822360366077,-0.2372551697295687,-16.404980114537917,0.0001136882707184,1.5922409564377666e-06,3.0024198917401345e-07,-3.732041235022989e-08,0.0,0.0,0.0,0.0,,0.0,0.0,0.0,9.11515291182627e-07,3.3223165603342734e-07,0.0,0.2270654437529626,-0.002412137600482,0.000530691299673,0.9838491316893896,,0,0,AMBIGUOUS,,False,False
BH050,113,1.130000352859497,0.3089192456721516,8857,1,1,SHELF_NORMAL_Y_NEG,1679,5,28.8822360366077,-0.2675869774565191,-16.80178677565985,0.0001160405113502,1.7653835889479125e-06,-1.1244694055402605e-07,-9.587102749593042e-08,0.0,0.0,0.0,0.0,,0.0,0.0,0.0,9.11515291182627e-07,3.3223165603342734e-07,0.0,0.2299137650164145,-0.0025350968145223,0.000544475228075,0.9840552726956252,,0,0,AMBIGUOUS,,False,False
BH050,114,1.140000581741333,0.3159039675947806,8857,1,1,SHELF_NORMAL_Y_NEG,1679,5,28.8822360366077,-0.2885490578213949,-17.19709632962913,0.0001188894976073,1.861754238699465e-06,1.1347743083633781e-08,-1.370366037206942e-07,0.0,0.0,0.0,0.0,,0.0,0.0,0.0,9.11515291182627e-07,3.3223165603342734e-07,0.0,0.2375082532978427,-0.002578642453385,0.0005586841717913,0.9841985425337412,,0,0,AMBIGUOUS,,False,False
BH050,115,1.1500004529953003,0.3230506002838127,8857,1,1,SHELF_NORMAL_Y_NEG,1679,5,28.8822360366077,-0.2673627156373532,-17.554788177768994,0.0001215570995501,1.96790196515704e-06,1.2568446897650906e-07,3.4819571587672335e-08,0.0,0.0,0.0,0.0,,0.0,0.0,0.0,9.11515291182627e-07,3.3223165603342734e-07,0.0,0.2437738065765421,-0.0026368022184338,0.0005734910378422,0.9842533185248392,,0,0,AMBIGUOUS,,False,False
BH050,116,1.160000205039978,0.3302204576597574,8857,1,1,SHELF_NORMAL_Y_NEG,1679,5,28.8822360366077,-0.2851001094269821,-17.941242023186362,0.0001241352417065,2.0986113252212044e-06,1.124221183215269e-07,1.2285565713241126e-07,0.0,0.0,0.0,0.0,,0.0,0.0,0.0,9.11515291182627e-07,3.3223165603342734e-07,0.0,0.2481794093267622,-0.0027441797262123,0.0005886366332504,0.9841944479878468,,0,0,AMBIGUOUS,,False,False
BH050,117,1.1700007915496826,0.3374957110069088,8857,1,1,SHELF_NORMAL_Y_NEG,1679,5,28.8822360366077,-0.3049635212108696,-18.355609175263723,0.0001267987046185,2.2375968094199574e-06,-4.904952171115302e-08,1.6389096921785604e-07,0.0,0.0,0.0,0.0,,0.0,0.0,0.0,9.11515291182627e-07,3.3223165603342734e-07,0.0,0.2535465138129775,-0.0027705205951531,0.0006037857338462,0.983861250094789,,0,0,AMBIGUOUS,,False,False
BH050,118,1.1800003051757812,0.3447824615545523,8857,1,1,SHELF_NORMAL_Y_NEG,1679,5,28.8822360366077,-0.2787376190681083,-18.76521886955233,0.0001302230613088,2.0486449702866965e-06,4.287013474416741e-07,4.1021763494809935e-08,0.0,0.0,0.0,0.0,,0.0,0.0,0.0,9.11515291182627e-07,3.3223165603342734e-07,0.0,0.2582725025912347,-0.0028473206943369,0.0006190205197259,0.9828889456929146,,0,0,AMBIGUOUS,,False,False
BH050,119,1.1900006532669067,0.3521315420974882,8857,1,1,SHELF_NORMAL_Y_NEG,1679,5,28.8822360366077,-0.3106775979207772,-19.16834767072006,0.0001323451862838,2.3727758393388425e-06,-1.171316180096217e-07,2.630160443686542e-07,0.0,0.0,0.0,0.0,,0.0,0.0,0.0,9.11515291182627e-07,3.3223165603342734e-07,0.0,0.264812053490923,-0.002913529666845,0.0006345276372047,0.9802655099138656,,0,0,AMBIGUOUS,,False,False
BH050,120,1.2000001668930054,0.3595605530260541,8857,1,1,SHELF_NORMAL_Y_NEG,1679,5,28.8822360366077,-0.3035263601535258,-19.57908236315254,0.0001354438879508,2.136332721467695e-06,4.1184687421926345e-08,-2.5200014235548466e-08,0.0,0.0,0.0,0.0,,0.0,0.0,0.0,9.11515291182627e-07,3.3223165603342734e-07,0.0,0.2711340142830287,-0.0029981006853609,0.0006519145120995,0.9748892501444012,,0,0,AMBIGUOUS,,False,False
BH050,121,1.2100001573562622,0.367047681470978,8857,1,1,SHELF_NORMAL_Y_NEG,1679,5,28.8822360366077,-0.3252035213260617,-19.994378841254225,0.0001381640897201,2.324126755575708e-06,-9.782826067522393e-08,2.4250156936071312e-08,0.0,0.0,0.0,0.0,,0.0,0.0,0.0,9.11515291182627e-07,3.3223165603342734e-07,0.0,0.2783205558169099,-0.0030659685313317,0.0006711215287482,0.9683734362784416,,0,0,AMBIGUOUS,,False,False
BH050,122,1.2200002670288086,0.3745457186063266,8857,1,1,SHELF_NORMAL_Y_NEG,1679,5,28.8822360366077,-0.3246651169508899,-20.40761073489211,0.0001404873673551,2.4531215100822407e-06,-5.146522083183469e-07,2.73306679025886e-07,0.0,0.0,0.0,0.0,,0.0,0.0,0.0,9.11515291182627e-07,3.3223165603342734e-07,0.0,0.2843474287814201,-0.0031494672390268,0.0006886924193927,0.96391597056048,,0,0,AMBIGUOUS,,False,False
BH050,123,1.2300008535385132,0.3822120631915566,8857,1,1,SHELF_NORMAL_Y_NEG,1679,5,28.8822360366077,-0.3706746890471039,-20.84616507562094,0.0001440601049642,2.622830500464328e-06,-6.602055342472118e-08,3.2352816322993826e-08,0.0,0.0,0.0,0.0,,0.0,0.0,0.0,9.11515291182627e-07,3.3223165603342734e-07,0.0,0.2887137326393101,-0.0032448370317409,0.0007070433963291,0.964051787006389,,0,0,AMBIGUOUS,,False,False
BH050,124,1.2400009632110596,0.3899017835925443,8857,1,1,SHELF_NORMAL_Y_NEG,1679,5,28.8822360366077,-0.3582393022807233,-21.246158214439948,0.0001464190406591,2.2365571754482186e-06,-4.689158947436697e-07,-2.648631192680973e-07,0.0,0.0,0.0,0.0,,0.0,0.0,0.0,9.11515291182627e-07,3.3223165603342734e-07,0.0,0.2931308943508285,-0.0032575686415329,0.0007277156663452,0.964293676702775,,0,0,AMBIGUOUS,,False,False
BH050,125,1.2500009536743164,0.3976151919329129,8857,1,1,SHELF_NORMAL_Y_NEG,1679,5,28.8822360366077,-0.3556128493404005,-21.69122840129937,0.0001496400911087,2.6873665993786982e-06,-2.8314565306302624e-07,2.453433305272656e-07,0.0,0.0,0.0,0.0,,0.0,0.0,0.0,9.11515291182627e-07,3.3223165603342734e-07,0.0,0.3012088165056156,-0.0032633882824578,0.0007471570902818,0.9605062609880656,-110550.72726977523,1,1,AMBIGUOUS,,False,False
BH050,126,1.260000705718994,0.4053680629774623,8857,1,1,SHELF_NORMAL_Y_NEG,1679,5,28.8822360366077,-0.3566650219190158,-22.1270334332312,0.0001532039447249,2.7241082632889144e-06,2.403068942436989e-07,2.46888022365898e-07,0.0,0.0,0.0,0.0,,0.0,0.0,0.0,9.11515291182627e-07,3.3223165603342734e-07,0.0,0.3103452110945298,-0.0034143910028593,0.0007668948687471,0.955071015214458,,0,0,AMBIGUOUS,,False,False
BH050,127,1.2700005769729614,0.4132908491640269,8857,1,1,SHELF_NORMAL_Y_NEG,1679,5,28.8822360366077,-0.3863679384215468,-22.58839819221186,0.0001563619544215,2.794890942723759e-06,2.1456442580143425e-07,1.1775615768583585e-07,0.0,0.0,0.0,0.0,,0.0,0.0,0.0,9.11515291182627e-07,3.3223165603342734e-07,0.0,0.3142993895655447,-0.0034344607503799,0.0007867221891655,0.9509212020258312,,0,0,AMBIGUOUS,,False,False
BH050,128,1.2800005674362185,0.4213033594324992,8857,1,1,SHELF_NORMAL_Y_NEG,1679,5,28.8822360366077,-0.3827547168743473,-23.00721069085617,0.0001594479995765,2.6803317658369383e-06,3.264875350074924e-07,-5.0931607542873375e-08,0.0,0.0,0.0,0.0,,0.0,0.0,0.0,9.11515291182627e-07,3.3223165603342734e-07,0.0,0.3263857347027706,-0.0033673913086299,0.0008088809806607,0.9485807630609376,,0,0,AMBIGUOUS,,False,False
BH050,129,1.290000557899475,0.4294950278073652,8857,1,1,SHELF_NORMAL_Y_NEG,1679,5,28.8822360366077,-0.4104892205747036,-23.479364006764182,0.0001624825754849,2.6805305535284327e-06,6.103280861290746e-08,-2.7874401536823537e-07,0.0,0.0,0.0,0.0,,0.0,0.0,0.0,9.11515291182627e-07,3.3223165603342734e-07,0.0,0.3916708649778921,-0.0033025832676654,0.0008320615321569,0.945542123916112,,0,0,AMBIGUOUS,,False,False
BH050,130,1.300000786781311,0.4378320984411908,8857,1,1,SHELF_NORMAL_Y_NEG,1679,5,28.8822360366077,-0.4337462296026181,-23.907975660983794,0.0001647253674253,3.241951537216823e-06,-6.415096443066653e-07,1.3933320997981061e-07,0.0,0.0,0.0,0.0,,0.0,0.0,0.0,9.11515291182627e-07,3.3223165603342734e-07,0.0,0.4214442490501203,-0.0028000972156519,0.0008515085935201,0.9396809729795668,,0,0,AMBIGUOUS,,False,False
BH050,131,1.309999942779541,0.446264748243787,8857,1,1,SHELF_NORMAL_Y_NEG,1679,5,28.8822360366077,-0.523684741558518,-24.34238247466773,0.0001685758569515,3.936833458400451e-06,2.058706368196126e-07,2.122231790820713e-07,0.0,0.0,0.0,0.0,,0.0,0.0,0.0,9.11515291182627e-07,3.3223165603342734e-07,0.0,0.5587179630705812,-0.001286098083483,0.0008696957268257,0.9327844320099082,,0,0,AMBIGUOUS,,False,False
BH050,132,1.320000410079956,0.4546734120639981,8857,1,1,SHELF_NORMAL_Y_NEG,1679,5,28.8822360366077,-0.5351260825278397,-24.82082093928188,0.0001717379756978,4.012256695513656e-06,1.343664087994018e-07,2.821141583395689e-07,0.0,0.0,0.0,0.0,,0.0,0.0,0.0,9.11515291182627e-07,3.3223165603342734e-07,0.0,0.6787911010333806,-0.000260086244179,0.0008906574828834,0.9271261028153144,,0,0,AMBIGUOUS,,False,False
BH050,133,1.3300002813339231,0.4630398094700846,8857,1,1,SHELF_NORMAL_Y_NEG,1679,5,28.8822360366077,-0.6016084625934157,-25.360586971653884,0.0001756026229331,4.508741861786376e-06,1.8259106291176885e-07,2.337227270863846e-07,0.0,0.0,0.0,0.0,,0.0,0.0,0.0,9.11515291182627e-07,3.3223165603342734e-07,0.0,0.7415542895898816,8.598061575624706e-05,0.0009160352241443,0.9228409160797072,,0,0,AMBIGUOUS,,False,False
BH050,134,1.340001106262207,0.4714467417278568,8857,1,1,SHELF_NORMAL_Y_NEG,1679,5,28.8822360366077,-0.7097544480285515,-25.870629632709097,0.0001788543222483,4.747447364089933e-06,5.103118556003781e-08,-1.327433435627202e-07,0.0,0.0,0.0,0.0,,0.0,0.0,0.0,9.11515291182627e-07,3.3223165603342734e-07,0.0,0.7873706739214327,0.000177684178356,0.0009382731714342,0.915146061873263,,0,0,AMBIGUOUS,,False,False
BH050,135,1.3500007390975952,0.4798425486830649,8857,1,1,SHELF_NORMAL_Y_NEG,1679,5,28.8822360366077,-0.6558019156151378,-26.306107542546588,0.0001814791306251,4.417783987548324e-06,-3.951413288265837e-07,-1.5022787237361625e-07,0.0,0.0,0.0,0.0,,0.0,0.0,0.0,9.11515291182627e-07,3.3223165603342734e-07,0.0,0.8172925487515732,0.00029383823017,0.0009500354985451,0.8986147026377144,,0,0,AMBIGUOUS,,False,False
BH050,136,1.3600012063980105,0.4882214768195617,8857,1,1,SHELF_NORMAL_Y_NEG,1679,5,28.8822360366077,-0.710370435303552,-26.798672228822223,0.0001851935032289,5.012840378747479e-06,2.4966181031744897e-08,1.7818669625425164e-07,0.0,0.0,0.0,0.0,,0.0,0.0,0.0,9.11515291182627e-07,3.3223165603342734e-07,0.0,0.8421563953097825,0.0004844053550334,0.0009604227949524,0.8828809614535277,,0,0,AMBIGUOUS,,False,False
BH050,137,1.3700004816055298,0.4969745898131789,8857,1,1,SHELF_NORMAL_Y_NEG,1679,5,28.8822360366077,-0.7161423840225701,-27.3173770720649,0.0001885010276203,5.0294573047663564e-06,-2.9411202590560884e-07,1.138201105128564e-07,0.0,0.0,0.0,0.0,,0.0,0.0,0.0,9.11515291182627e-07,3.3223165603342734e-07,0.0,0.9428758291326874,0.0009386057107957,0.0009928217297209,0.8819532070418991,,0,0,AMBIGUOUS,,False,False
BH050,138,1.380000352859497,0.5051913644197266,8857,1,1,SHELF_NORMAL_Y_NEG,1679,5,28.8822360366077,-0.7836188086005723,-27.89659382844631,0.000192249464171,5.579180254381756e-06,-4.41506371242549e-07,3.050877295282095e-07,0.0,0.0,0.0,0.0,,0.0,0.0,0.0,9.11515291182627e-07,3.3223165603342734e-07,7.719559653196484e-05,0.9805763349641462,0.001378805336594,0.0010443327246004,0.8571897256510393,,0,0,CONTINUED_PLASTIC_LOADING,,False,False
BH050,139,1.390000820159912,0.5133910970416963,8857,1,1,SHELF_NORMAL_Y_NEG,1679,5,28.8822360366077,-0.8010204746033271,-28.30616266754578,0.0001959163436931,5.635860708113976e-06,2.339532581348725e-07,8.118128428844484e-08,0.0,0.0,0.0,0.0,,0.0,0.0,0.0,9.11515291182627e-07,3.3223165603342734e-07,0.0002549647178966,0.964743973838334,0.0019236666720412,0.0010690825879636,0.8407249204999663,,0,0,CONTINUED_PLASTIC_LOADING,,False,False
BH050,140,1.4000012874603271,0.5219179670392209,8857,1,1,SHELF_NORMAL_Y_NEG,1679,5,28.8822360366077,-0.7840113692206999,-28.794068332867457,0.0001990699011266,5.600843634181204e-06,-1.200439570084083e-07,2.880382925544381e-08,0.0,0.0,0.0,0.0,,0.0,0.0,0.0,9.11515291182627e-07,3.3223165603342734e-07,0.0004194412322249,0.9770374471629802,0.0027757890182449,0.0010641694865196,0.8314406656931523,,0,0,CONTINUED_PLASTIC_LOADING,,False,False
BH050,141,1.4100008010864258,0.5307153048622562,8857,1,1,SHELF_NORMAL_Y_NEG,1679,5,28.8822360366077,-0.8131134572636372,-29.384979034858866,0.0002033612123511,5.816087898824029e-06,1.380071305758651e-07,9.425763872704645e-08,0.0,0.0,0.0,0.0,,0.0,0.0,0.0,9.11515291182627e-07,3.3223165603342734e-07,0.0006927315262146,0.979948991911846,0.0036643312695759,0.0010810332118682,0.8132129400190389,,0,0,CONTINUED_PLASTIC_LOADING,,False,False
BH050,142,1.4199999570846558,0.5397349956606519,8857,1,1,SHELF_NORMAL_Y_NEG,1679,5,28.8822360366077,-0.840650568451112,-29.87787667491876,0.0002065575596831,5.979469570654311e-06,-7.10275315391753e-08,6.903516577675978e-08,0.0,0.0,0.0,0.0,,0.0,0.0,0.0,9.11515291182627e-07,3.3223165603342734e-07,0.0009611116838641,0.9742396318512264,0.0042372957876061,0.0011043937487086,0.8059366837386379,,0,0,CONTINUED_PLASTIC_LOADING,,False,False
BH050,143,1.430000901222229,0.5486384486538957,8857,1,1,SHELF_NORMAL_Y_NEG,1679,5,28.8822360366077,-0.9212891126187864,-30.46719643408614,0.0002107760604098,6.679026835333104e-06,1.2268792459694936e-07,2.6003675657518786e-07,0.0,0.0,0.0,0.0,,0.0,0.0,0.0,9.11515291182627e-07,3.3223165603342734e-07,0.0012291721068322,0.9948811019555138,0.0051634495611099,0.0011195886499328,0.8076959636761576,,0,0,CONTINUED_PLASTIC_LOADING,,False,False
BH050,144,1.440001130104065,0.5569159386182975,8857,1,1,SHELF_NORMAL_Y_NEG,1679,5,28.8822360366077,-0.8775144286559662,-31.00896144475592,0.0002141941704545,6.173035806425584e-06,-6.61858045059591e-08,1.9457136384080746e-07,0.0,0.0,0.0,0.0,,0.0,0.0,0.0,9.11515291182627e-07,3.3223165603342734e-07,0.001493502757512,0.9686946060324946,0.0058975872839151,0.0011483570409312,0.7833422045399395,,0,0,CONTINUED_PLASTIC_LOADING,,False,False
BH050,145,1.4500010013580322,0.5658508546390849,8857,1,1,SHELF_NORMAL_Y_NEG,1679,5,28.8822360366077,-0.9119950102191672,-31.68178111279705,0.0002188238199208,6.590954091842752e-06,-2.547869272721934e-07,2.0672122477975906e-07,0.0,0.0,0.0,0.0,,0.0,0.0,0.0,9.11515291182627e-07,3.3223165603342734e-07,0.0016677090898156,0.990964971760708,0.0068447711792332,0.0011922593734443,0.77940212318314,,0,0,CONTINUED_PLASTIC_LOADING,,False,False
BH050,146,1.4600000381469729,0.5744152907210306,8857,1,1,SHELF_NORMAL_Y_NEG,1679,5,28.8822360366077,-0.999601123811152,-32.34568940340704,0.0002240098018223,7.391342675964032e-06,1.3973830809382685e-07,1.993087443048509e-07,0.0,0.0,0.0,0.0,,0.0,0.0,0.0,9.11515291182627e-07,3.3223165603342734e-07,0.0019932703580707,0.9721070005803144,0.0073440202744809,0.001210863508855,0.7746157566036895,,0,0,CONTINUED_PLASTIC_LOADING,,False,False
BH050,147,1.4700013399124146,0.5839781801137541,8857,1,1,SHELF_NORMAL_Y_NEG,1679,5,28.8822360366077,-1.0331756007483597,-32.72417174061836,0.0002264767492839,6.957767183812607e-06,2.2518820230540298e-07,-2.3160859910129587e-07,0.0,0.0,0.0,0.0,,0.0,0.0,0.0,9.11515291182627e-07,3.3223165603342734e-07,0.0022945725359022,0.9612293470945504,0.0079088446594714,0.0012178985974817,0.7675160648700934,,0,0,CONTINUED_PLASTIC_LOADING,,False,False
BH050,148,1.4800009727478027,0.5929036373174634,8857,1,1,SHELF_NORMAL_Y_NEG,1679,5,28.8822360366077,-1.075386605895046,-33.23751339705895,0.0002294294869889,7.461940830770226e-06,-2.958973670220088e-07,5.540526176533393e-08,0.0,0.0,0.0,0.0,,0.0,0.0,0.0,9.11515291182627e-07,3.3223165603342734e-07,0.0025669115129858,0.986216488286266,0.0089401760136292,0.0012363978288871,0.752112831364592,,0,0,CONTINUED_PLASTIC_LOADING,,False,False
BH050,149,1.490001201629639,0.6010352283564205,8857,1,1,SHELF_NORMAL_Y_NEG,1679,5,28.8822360366077,-0.9526009256985628,-34.37671039244764,0.0002371216725572,6.681073609671011e-06,-5.993438126452363e-07,2.2885769350574833e-09,0.0,0.0,0.0,0.0,,0.0,0.0,0.0,9.11515291182627e-07,3.3223165603342734e-07,0.0028411420062184,0.9738870952210288,0.0092829506069799,0.0012662941828885,0.7374256811127391,,0,0,CONTINUED_PLASTIC_LOADING,,False,False
BH050,150,1.5000008344650269,0.6103837354829954,8857,1,1,SHELF_NORMAL_Y_NEG,1679,5,28.8822360366077,-1.0160560521384951,-34.59990347388055,0.0002386391320674,7.233172791615045e-06,-4.992347166739091e-07,2.412167569652412e-07,0.0,0.0,0.0,0.0,,0.0,0.0,0.0,9.11515291182627e-07,3.3223165603342734e-07,0.0030195445287972,0.9990709209787372,0.0095016003487747,0.0013081531974516,0.7458296949650658,-6749.558690406107,1,1,CONTINUED_PLASTIC_LOADING,,False,False
BH050,151,1.5100008249282837,0.6185134841247172,8857,1,1,SHELF_NORMAL_Y_NEG,1679,5,28.8822360366077,-1.125448727563778,-35.103446711094485,0.0002425296936132,8.267416737507195e-06,-3.522158359889056e-07,2.564610916268133e-07,0.0,0.0,0.0,0.0,,0.0,0.0,0.0,9.11515291182627e-07,3.3223165603342734e-07,0.003107844851911,0.9936157102064084,0.0098818721851382,0.0013404657986404,0.7240001721395792,,0,0,CONTINUED_PLASTIC_LOADING,,False,False
BH050,152,1.520000457763672,0.6258497406504598,8857,1,1,SHELF_NORMAL_Y_NEG,1679,5,28.8822360366077,-1.2590975725476417,-35.54157746982676,0.0002449565621739,8.70535789535107e-06,-8.363729339815919e-07,-1.1190971974529407e-07,0.0,0.0,0.0,0.0,,0.0,0.0,0.0,9.11515291182627e-07,3.3223165603342734e-07,0.0031488169915974,0.9952670599218684,0.0098379432057632,0.001368076816653,0.691999751494129,,0,0,CONTINUED_PLASTIC_LOADING,,False,False
BH050,153,1.530000925064087,0.6354342825171714,8857,1,1,SHELF_NORMAL_Y_NEG,1679,5,28.8822360366077,-1.2147296582968905,-35.9110444345249,0.0002489540809397,8.916641368867718e-06,3.9468990140387845e-07,1.935275856642868e-07,0.0,0.0,0.0,0.0,,0.0,0.0,0.0,9.11515291182627e-07,3.3223165603342734e-07,0.0031841380987316,0.9944057168116476,0.0097151763109848,0.0013767270927454,0.6965175420482341,,0,0,CONTINUED_PLASTIC_LOADING,,False,False
BH050,154,1.5400011539459229,0.6440767208854327,8857,1,1,SHELF_NORMAL_Y_NEG,1679,5,28.8822360366077,-1.2877799035723498,-36.66666680473137,0.0002534398361533,9.170876599621743e-06,-5.280921139488664e-07,-2.425339177017328e-07,0.0,0.0,0.0,0.0,,0.0,0.0,0.0,9.11515291182627e-07,3.3223165603342734e-07,0.0032292369287461,0.9974916255788642,0.0095957619057935,0.0014005215670364,0.6797619719369807,,0,0,CONTINUED_PLASTIC_LOADING,,False,False
BH050,155,1.5500003099441528,0.6528815644725559,8857,1,1,SHELF_NORMAL_Y_NEG,1679,5,28.8822360366077,-1.2010651736898277,-37.17341362016304,0.0002565760008484,7.94966484130293e-06,-3.090711833757221e-07,-2.786206940818929e-07,0.0,0.0,0.0,0.0,,0.0,0.0,0.0,9.11515291182627e-07,3.3223165603342734e-07,0.0032751171384006,0.9935017340445816,0.0093252407910921,0.0014136452351465,0.6640547954271876,,0,0,CONTINUED_PLASTIC_LOADING,,False,False
BH050,156,1.560001254081726,0.6621235935885774,8857,1,1,SHELF_NORMAL_Y_NEG,1679,5,28.8822360366077,-1.047671440200926,-37.7165584166651,0.0002602862063955,7.407187774524301e-06,-6.366402603516117e-07,-4.408991961996935e-08,0.0,0.0,0.0,0.0,,0.0,0.0,0.0,9.11515291182627e-07,3.3223165603342734e-07,0.0033683381043374,0.9971923181016912,0.0093983735375245,0.0014291606550448,0.6645354045965703,,0,0,CONTINUED_PLASTIC_LOADING,,False,False
BH050,157,1.5700007677078247,0.6710533999544732,8857,1,1,SHELF_NORMAL_Y_NEG,1679,5,28.8822360366077,-1.276941097678686,-38.70095703037421,0.0002679140369437,9.160498992196982e-06,-8.85436437524415e-09,-7.103794233095147e-08,0.0,0.0,0.0,0.0,,0.0,0.0,0.0,9.11515291182627e-07,3.3223165603342734e-07,0.0035283144097775,0.9884570397803656,0.0094036603819924,0.0014543494259588,0.6626659261498351,,0,0,CONTINUED_PLASTIC_LOADING,,False,False
BH050,158,1.580000400543213,0.6785555491543084,8857,1,1,SHELF_NORMAL_Y_NEG,1679,5,28.8822360366077,-1.286222395170968,-39.01389085844803,0.000268893914361,8.583262794586923e-06,-4.5200140376869117e-07,2.7682029477265477e-08,0.0,0.0,0.0,0.0,,0.0,0.0,0.0,9.11515291182627e-07,3.3223165603342734e-07,0.0037086212541908,0.9901060142341512,0.0098283925071194,0.0015030737858483,0.6471978852957754,,0,0,CONTINUED_PLASTIC_LOADING,,False,False
BH050,159,1.590001106262207,0.6887131505172193,8857,1,1,SHELF_NORMAL_Y_NEG,1679,5,28.8822360366077,-1.3880138753516382,-39.69618686686756,0.0002739327484563,9.786351108691076e-06,-5.460971836981053e-07,1.105445806282024e-07,0.0,0.0,0.0,0.0,,0.0,0.0,0.0,9.11515291182627e-07,3.3223165603342734e-07,0.0038123046979308,0.9934458061097992,0.0100136159668045,0.0015350376528483,0.6550736139891324,,0,0,CONTINUED_PLASTIC_LOADING,,False,False
BH050,160,1.6000003814697266,0.6951040583453738,8857,1,1,SHELF_NORMAL_Y_NEG,1679,5,28.8822360366077,-1.2332041146545532,-40.031756901341495,0.0002758873108421,8.088766043988505e-06,-5.309813783695703e-07,-1.3676497811847526e-07,0.0,0.0,0.0,0.0,,0.0,0.0,0.0,9.11515291182627e-07,3.3223165603342734e-07,0.0039047237951308,0.9910426006482754,0.0103062906915786,0.0016301244813473,0.645288657782866,,0,0,CONTINUED_PLASTIC_LOADING,,False,False
BH050,161,1.6100010871887207,0.7045764190731976,8857,1,1,SHELF_NORMAL_Y_NEG,1679,5,28.8822360366077,-1.2722995824210126,-40.411970259976144,0.0002789900642026,9.241614030006857e-06,-8.860999303437491e-07,-8.38311335969559e-08,0.0,0.0,0.0,0.0,,0.0,0.0,0.0,9.11515291182627e-07,3.3223165603342734e-07,0.0039472272619605,0.9934078396141228,0.0108527727031836,0.0016365452299541,0.6429448167384352,,0,0,CONTINUED_PLASTIC_LOADING,,False,False
BH050,162,1.6200003623962402,0.7131001802737174,8857,1,1,SHELF_NORMAL_Y_NEG,1679,5,28.8822360366077,-1.4278961300023207,-41.39629283701963,0.0002863111173984,9.49028694044831e-06,1.8323613682874045e-07,-3.583544108381326e-07,0.0,0.0,0.0,0.0,,0.0,0.0,0.0,9.11515291182627e-07,3.583544108381326e-07,0.004007558338344,0.9927285727389964,0.0107364139035494,0.0016859531535113,0.6409017930823221,,0,0,CONTINUED_PLASTIC_LOADING,,False,False
BH050,163,1.6300010681152344,0.7219333058140521,8857,1,1,SHELF_NORMAL_Y_NEG,1679,5,28.8822360366077,-1.2146850307612416,-41.680570593080034,0.0002884822109465,8.996161825088641e-06,-3.96622745041516e-07,-1.6456890096559589e-07,0.0,0.0,0.0,0.0,,0.0,0.0,0.0,9.11515291182627e-07,3.583544108381326e-07,0.0040485397912561,0.973868768389372,0.0105236710082555,0.0016914437119151,0.6315846700459918,,0,0,CONTINUED_PLASTIC_LOADING,,False,False
BH050,164,1.640000343322754,0.7326190764206069,8857,1,1,SHELF_NORMAL_Y_NEG,1679,5,28.8822360366077,-1.1668373755609347,-42.49530819561386,0.0002939334014877,8.94121314470983e-06,-7.764732073504955e-07,-8.798767900874365e-08,0.0,0.0,0.0,0.0,,0.0,0.0,0.0,9.11515291182627e-07,3.583544108381326e-07,0.0040800143033266,0.9730186159787494,0.0104434412924491,0.0016703528490965,0.6185553892247272,,0,0,CONTINUED_PLASTIC_LOADING,,False,False
BH050,165,1.650001049041748,0.7414287959398539,8857,1,1,SHELF_NORMAL_Y_NEG,1679,5,28.8822360366077,-1.572334654965181,-43.32582983565023,0.000300762865826,1.1230874742523952e-05,5.407964427956574e-07,-3.725643594031797e-07,0.0,0.0,0.0,0.0,,0.0,0.0,0.0,9.11515291182627e-07,3.725643594031797e-07,0.0041086832061409,0.9926505163738756,0.0098083346139779,0.0016979096161582,0.6070843806566664,,0,0,CONTINUED_PLASTIC_LOADING,,False,False
BH050,166,1.6600003242492676,0.7493514662502222,8857,1,1,SHELF_NORMAL_Y_NEG,1679,5,28.8822360366077,-1.2960062056108546,-43.55798310678591,0.0003010024187898,8.53127963612154e-06,-1.0724232371459249e-07,-4.4490059352081737e-07,0.0,0.0,0.0,0.0,,0.0,0.0,0.0,9.11515291182627e-07,4.4490059352081737e-07,0.0041240477003157,0.993724385558047,0.0098985799738133,0.0017252481498934,0.5995773608564448,,0,0,CONTINUED_PLASTIC_LOADING,,False,False
BH050,167,1.6700010299682615,0.7570400339166714,8857,1,1,SHELF_NORMAL_Y_NEG,1679,5,28.8822360366077,-1.3374347299626144,-44.30684774455002,0.0003057266834989,9.252780014675856e-06,-5.958144985423325e-07,-4.612571600712268e-08,0.0,0.0,0.0,0.0,,0.0,0.0,0.0,9.11515291182627e-07,4.4490059352081737e-07,0.004158120136708,0.996866316160737,0.0103797679564704,0.0018171404057744,0.6131308876569981,,0,0,CONTINUED_PLASTIC_LOADING,,False,False
BH050,168,1.6800003051757812,0.7660447471677926,8857,1,1,SHELF_NORMAL_Y_NEG,1679,5,28.8822360366077,-1.2384436061206283,-44.93737188930379,0.0003112918921443,9.103222157426892e-06,-1.3742621894337426e-07,-2.597716675782104e-07,0.0,0.0,0.0,0.0,,0.0,0.0,0.0,9.11515291182627e-07,4.4490059352081737e-07,0.0041981982067227,0.9847318481267802,0.0096905926411736,0.0019005065846768,0.6320053306554105,,0,0,CONTINUED_PLASTIC_LOADING,,False,False
BH050,169,1.6900010108947754,0.774520495544041,8857,1,1,SHELF_NORMAL_Y_NEG,1679,5,28.8822360366077,-1.3396395566400263,-45.47029823825044,0.000314232858329,9.29366937125857e-06,-2.1703115520455701e-07,-1.0558406487288197e-07,0.0,0.0,0.0,0.0,,0.0,0.0,0.0,9.11515291182627e-07,4.4490059352081737e-07,0.0042606331408023,0.9946076340662764,0.0093026555407526,0.0019573051728121,0.6346304809180419,,0,0,CONTINUED_PLASTIC_LOADING,,False,False
BH050,170,1.700000286102295,0.7847624791399037,8857,1,1,SHELF_NORMAL_Y_NEG,1679,5,28.8822360366077,-1.5596539749971534,-46.27161206606146,0.000319921005463,1.1051297288766724e-05,-5.960819700346611e-07,-3.969554133586174e-07,0.0,0.0,0.0,0.0,,0.0,0.0,0.0,9.11515291182627e-07,4.4490059352081737e-07,0.0042960424907505,0.9895985617103584,0.0092553227566645,0.0019219260077078,0.6261275339456576,,0,0,CONTINUED_PLASTIC_LOADING,,False,False
BH050,171,1.710000991821289,0.7941726761409781,8857,1,1,SHELF_NORMAL_Y_NEG,1679,5,28.8822360366077,-1.4782684764936758,-46.93791497417307,0.0003245308876962,1.0052235355378828e-05,8.059212193531775e-08,-1.6087244684623826e-07,0.0,0.0,0.0,0.0,,0.0,0.0,0.0,9.11515291182627e-07,4.4490059352081737e-07,0.0043298560194671,0.9800396837112668,0.00967906921806,0.0019364738580454,0.6174756527220591,,0,0,CONTINUED_PLASTIC_LOADING,,False,False
BH050,172,1.7200002670288086,0.8044171801138559,8857,1,1,SHELF_NORMAL_Y_NEG,1679,5,28.8822360366077,-1.5632986732389846,-47.556280512406495,0.0003289282730272,1.1191840245931882e-05,-3.4170405623253335e-07,-1.5429923958302193e-07,0.0,0.0,0.0,0.0,,0.0,0.0,0.0,9.11515291182627e-07,4.4490059352081737e-07,0.0043560788035392,0.9951364418788684,0.0098034401934809,0.0019465642847749,0.6139116206204536,,0,0,CONTINUED_PLASTIC_LOADING,,False,False
BH050,173,1.7300009727478027,0.8123263410324402,8857,1,1,SHELF_NORMAL_Y_NEG,1679,5,28.8822360366077,-1.422612751002919,-48.05345353302313,0.0003326854168617,1.0045847750191851e-05,-1.1686370237810146e-07,-4.234320164634483e-07,0.0,0.0,0.0,0.0,,0.0,0.0,0.0,9.11515291182627e-07,4.4490059352081737e-07,0.0044021885842084,0.9818383238817168,0.0100187955784711,0.0020528093669224,0.6292583222710268,,0,0,CONTINUED_PLASTIC_LOADING,,False,False
BH050,174,1.7400002479553225,0.8199614023535918,8857,1,1,SHELF_NORMAL_Y_NEG,1679,5,28.8822360366077,-1.588560120643414,-48.76654142876307,0.0003371812659377,1.1257963851710445e-05,-6.370368849844339e-07,-4.45260804213905e-07,0.0,0.0,0.0,0.0,,0.0,0.0,0.0,9.11515291182627e-07,4.45260804213905e-07,0.0044250353239476,0.9803831293044964,0.009454908415144,0.0021452376376309,0.6435323449741495,,0,0,CONTINUED_PLASTIC_LOADING,,False,False
BH050,175,1.7500009536743164,0.826298740648802,8857,1,1,SHELF_NORMAL_Y_NEG,1679,5,28.8822360366077,-1.4886705876744943,-49.399762189412776,0.0003412068248423,9.89778788589588e-06,-3.5984894789376897e-07,-4.86225062701828e-07,0.0,0.0,0.0,0.0,,0.0,0.0,0.0,9.11515291182627e-07,4.86225062701828e-07,0.0044460650533437,0.98796222347733,0.0091310066358414,0.0022082468351796,0.6456337451162311,-184731.5814151505,1,1,CONTINUED_PLASTIC_LOADING,,False,False
BH050,176,1.760000228881836,0.8332208466271838,8857,1,1,SHELF_NORMAL_Y_NEG,1679,5,28.8822360366077,-1.6177049154837455,-50.06310470738137,0.0003447901191841,1.0904116863444868e-05,-1.5075941645649178e-06,-5.175610573587841e-07,0.0,0.0,0.0,0.0,,0.0,0.0,0.0,1.5075941645649178e-06,5.175610573587841e-07,0.0044764322228729,0.9730354088841204,0.0088387090691124,0.0022243691282431,0.6408177266114439,,0,0,CONTINUED_PLASTIC_LOADING,,False,False
BH050,177,1.77000093460083,0.8406117978401411,8857,1,1,SHELF_NORMAL_Y_NEG,1679,5,28.8822360366077,-1.4856282410530406,-50.74928992696506,0.0003510821001959,1.0590501530085032e-05,-1.713192919914285e-07,-1.3069432244555354e-07,0.0,0.0,0.0,0.0,,0.0,0.0,0.0,1.5075941645649178e-06,5.175610573587841e-07,0.0044980039820075,0.9814687707016618,0.0090141279340577,0.0023084986196076,0.6510920879638047,,0,0,CONTINUED_PLASTIC_LOADING,,False,False
BH050,178,1.7800002098083496,0.8491733351752896,8857,1,1,SHELF_NORMAL_Y_NEG,1679,5,28.8822360366077,-1.5824673750998302,-51.501474664379096,0.0003558204397872,1.0890279042825033e-05,-8.752122009700195e-07,-7.431105769838652e-07,0.0,0.0,0.0,0.0,,0.0,0.0,0.0,1.5075941645649178e-06,7.431105769838652e-07,0.0045155389234423,0.9867622713677762,0.0087530472937506,0.0023356098688677,0.654685355197861,,0,0,CONTINUED_PLASTIC_LOADING,,False,False
BH050,179,1.7900009155273438,0.8565672881069183,8857,1,1,SHELF_NORMAL_Y_NEG,1679,5,28.8822360366077,-1.6487619228644002,-52.30292328745565,0.0003611890851257,1.1543907716518196e-05,-9.027183100422512e-07,-4.0392315284729953e-07,0.0,0.0,0.0,0.0,,0.0,0.0,0.0,1.5075941645649178e-06,7.431105769838652e-07,0.0045540099963545,0.9842765467706636,0.0091580088695237,0.0024130392234649,0.6598371216761478,,0,0,CONTINUED_PLASTIC_LOADING,,False,False
BH050,180,1.8000001907348633,0.8654362325011453,8857,1,1,SHELF_NORMAL_Y_NEG,1679,5,28.8822360366077,-1.7251397315908734,-52.95865484605518,0.0003655199949999,1.0908054992186595e-05,-2.9490356196810617e-07,-7.581215802736352e-07,0.0,0.0,0.0,0.0,,0.0,0.0,0.0,1.5075941645649178e-06,7.581215802736352e-07,0.0045708082616329,0.9735843544024017,0.0089193603923079,0.0024850303121745,0.6683306907740489,,0,0,CONTINUED_PLASTIC_LOADING,,False,False
BH050,181,1.8100008964538568,0.8744755918310068,8857,1,1,SHELF_NORMAL_Y_NEG,1679,5,28.8822360366077,-1.6407107335896574,-53.69921177265145,0.0003700851910767,1.0441412776114644e-05,-8.293058527264344e-07,-6.216944823680091e-07,0.0,0.0,0.0,0.0,,0.0,0.0,0.0,1.5075941645649178e-06,7.581215802736352e-07,0.0045874416828155,0.9837438901603152,0.0081933367706939,0.0025618538901221,0.6771704207885354,,0,0,CONTINUED_PLASTIC_LOADING,,False,False
BH050,182,1.820000171661377,0.8837485549348055,8857,1,1,SHELF_NORMAL_Y_NEG,1679,5,28.8822360366077,-1.8027159210821848,-54.51978378926195,0.0003757354662864,1.2130578566917852e-05,-1.434019720644795e-06,-6.35212498665931e-07,0.0,0.0,0.0,0.0,,0.0,0.0,0.0,1.5075941645649178e-06,7.581215802736352e-07,0.0046110576950013,0.9905919469192476,0.0075362438413689,0.0026306399454916,0.6856034763984711,,0,0,CONTINUED_PLASTIC_LOADING,,False,False
BH050,183,1.830000877380371,0.8911766414218666,8857,1,1,SHELF_NORMAL_Y_NEG,1679,5,28.8822360366077,-1.9502240069312309,-55.53044780283641,0.0003821257883235,1.2062004027017618e-05,-1.111040388879019e-06,-8.046141145468411e-07,0.0,0.0,0.0,0.0,,0.0,0.0,0.0,1.5075941645649178e-06,8.046141145468411e-07,0.0046295002102851,0.9850846037606876,0.0074333866879301,0.0026967217193161,0.690982743832022,,0,0,CONTINUED_PLASTIC_LOADING,,False,False
BH050,184,1.8400001525878904,0.8992889164455989,8857,1,1,SHELF_NORMAL_Y_NEG,1679,5,28.8822360366077,-1.951828645438736,-56.14279710439904,0.0003864807690509,1.227975785602904e-05,-1.1012825089602783e-06,-7.103458308020498e-07,0.0,0.0,0.0,0.0,,0.0,0.0,0.0,1.5075941645649178e-06,8.046141145468411e-07,0.0046329442411661,0.9995368139132382,0.0074012263426716,0.0027258168669672,0.6898044846835761,,0,0,CONTINUED_PLASTIC_LOADING,,False,False
BH050,185,1.8500008583068848,0.9056764334552162,8857,1,1,SHELF_NORMAL_Y_NEG,1679,5,28.8822360366077,-1.873391665385392,-56.83668509486412,0.0003912049545523,1.1479744647806744e-05,-9.391434509830112e-07,-7.337536124503788e-07,0.0,0.0,0.0,0.0,,0.0,0.0,0.0,1.5075941645649178e-06,8.046141145468411e-07,0.0046578259207308,0.9965722556076668,0.0067157454006542,0.002827216412993,0.6989947620268528,,0,0,CONTINUED_PLASTIC_LOADING,,False,False
BH050,186,1.8600001335144043,0.9113228097066844,8857,1,1,SHELF_NORMAL_Y_NEG,1679,5,28.8822360366077,-2.051074153775392,-57.783907172262886,0.0003986504911514,1.328841445566182e-05,-8.253987210582112e-07,-9.3747759313703e-07,0.0,0.0,0.0,0.0,,0.0,0.0,0.0,1.5075941645649178e-06,9.3747759313703e-07,0.004672875162214,0.9934147647753708,0.0063269862002348,0.0029477506996514,0.7148799341015726,,0,0,CONTINUED_PLASTIC_LOADING,,False,False
BH050,187,1.8700008392333984,0.9169123220432446,8857,1,1,SHELF_NORMAL_Y_NEG,1679,5,28.8822360366077,-1.9641381508534468,-58.584032686130165,0.0004038555356322,1.1965388793392946e-05,-6.204675096695448e-07,-1.128854887980698e-06,0.0,0.0,0.0,0.0,,0.0,0.0,0.0,1.5075941645649178e-06,1.128854887980698e-06,0.0046842042356729,0.991420310065278,0.006264640679465,0.0030171974323365,0.716811937815202,,0,0,CONTINUED_PLASTIC_LOADING,,False,False
BH050,188,1.880000114440918,0.9221754818499882,8857,1,1,SHELF_NORMAL_Y_NEG,1679,5,28.8822360366077,-1.8754090471639613,-59.31984138857506,0.0004071497270669,1.02060227527641e-05,-1.2011018111589408e-06,-1.0634765763948165e-06,0.0,0.0,0.0,0.0,,0.0,0.0,0.0,1.5075941645649178e-06,1.128854887980698e-06,0.0047036577016115,0.9955312431743966,0.0056919116771333,0.003148476057947,0.7320391210448143,,0,0,CONTINUED_PLASTIC_LOADING,,False,False
BH050,189,1.890000820159912,0.9268077804081664,8857,1,1,SHELF_NORMAL_Y_NEG,1679,5,28.8822360366077,-2.15726376878456,-60.248815034468905,0.0004144863359767,1.3118948487461212e-05,-1.4225208432477638e-06,-1.2354064958934076e-06,0.0,0.0,0.0,0.0,,0.0,0.0,0.0,1.5075941645649178e-06,1.2354064958934076e-06,0.0047369478270411,0.997984198624806,0.0047915639967206,0.0032233371976834,0.7346072373753667,,0,0,CONTINUED_PLASTIC_LOADING,,False,False
BH050,190,1.900000095367432,0.9336645075582282,8857,1,1,SHELF_NORMAL_Y_NEG,1679,5,28.8822360366077,-2.1824334851884206,-61.043043246602096,0.0004202649041702,1.297782163651724e-05,-8.738070059775903e-07,-1.290315151976059e-06,0.0,0.0,0.0,0.0,,0.0,0.0,0.0,1.5075941645649178e-06,1.290315151976059e-06,0.0047600455582141,0.9846036620416762,0.0044143473301764,0.0033551645571693,0.7467790796699122,,0,0,CONTINUED_PLASTIC_LOADING,,False,False
BH050,191,1.9100008010864256,0.9395726641914643,8857,1,1,SHELF_NORMAL_Y_NEG,1679,5,28.8822360366077,-2.1416098871826312,-61.71554641085132,0.0004234359717896,1.1817954881754515e-05,-1.7325387546015896e-06,-1.549151121011316e-06,0.0,0.0,0.0,0.0,,0.0,0.0,0.0,1.7325387546015896e-06,1.549151121011316e-06,0.004763335455209,0.9918973093404893,0.0048279312732051,0.0034525255055423,0.753682247185874,,0,0,CONTINUED_PLASTIC_LOADING,,False,False
BH050,192,1.920000076293945,0.9455492776358546,8857,1,1,SHELF_NORMAL_Y_NEG,1679,5,28.8822360366077,-2.157142318204078,-62.546194597880685,0.0004299397440609,1.2630594827701003e-05,-1.618302570363726e-06,-1.4916065523412883e-06,0.0,0.0,0.0,0.0,,0.0,0.0,0.0,1.7325387546015896e-06,1.549151121011316e-06,0.0047679874114692,0.991948935490014,0.0048794491970405,0.0035551898658592,0.7600074304719999,,0,0,CONTINUED_PLASTIC_LOADING,,False,False
BH050,193,1.93000078201294,0.953032323291041,8857,1,1,SHELF_NORMAL_Y_NEG,1679,5,28.8822360366077,-2.1289299890893267,-63.08729274180698,0.0004337516329004,1.2176297725993624e-05,-1.5297550699113318e-06,-1.73391914252345e-06,0.0,0.0,0.0,0.0,,0.0,0.0,0.0,1.7325387546015896e-06,1.73391914252345e-06,0.0047934241592884,0.9869465218306742,0.0042422065756126,0.0036550282970594,0.7671537468106311,,0,0,CONTINUED_PLASTIC_LOADING,,False,False
BH050,194,1.940000057220459,0.9589852796518668,8857,1,1,SHELF_NORMAL_Y_NEG,1679,5,28.8822360366077,-2.2291419506716137,-64.08739961461316,0.0004403659957238,1.2205028752818644e-05,-1.3944486971250215e-06,-1.963772829748989e-06,0.0,0.0,0.0,0.0,,0.0,0.0,0.0,1.7325387546015896e-06,1.963772829748989e-06,0.0047975750640034,0.9963212725340777,0.0040265580970441,0.0037511977010956,0.7739445751053127,,0,0,CONTINUED_PLASTIC_LOADING,,False,False
BH050,195,1.950000762939453,0.9652514089535124,8857,1,1,SHELF_NORMAL_Y_NEG,1679,5,28.8822360366077,-2.364561460493727,-64.78143841413538,0.0004449691876278,1.361758394402275e-05,-2.142107009918241e-06,-2.0406441939161205e-06,0.0,0.0,0.0,0.0,,0.0,0.0,0.0,2.142107009918241e-06,2.0406441939161205e-06,0.0048176143318414,0.9978095756787544,0.0037614893514599,0.0038691967903695,0.7828281352138395,,0,0,CONTINUED_PLASTIC_LOADING,,False,False
BH050,196,1.9600000381469729,0.970457658280968,8857,1,1,SHELF_NORMAL_Y_NEG,1679,5,28.8822360366077,-2.4248865506790667,-65.57018008147294,0.0004497574596826,1.3173736331846844e-05,-1.824330734674878e-06,-1.9198499553809995e-06,0.0,0.0,0.0,0.0,,0.0,0.0,0.0,2.142107009918241e-06,2.0406441939161205e-06,0.0048357690684497,0.9979490872387152,0.0035042160470937,0.003987794635325,0.7908711400911375,,0,0,CONTINUED_PLASTIC_LOADING,,False,False
BH050,197,1.9700007438659668,0.9751630515207572,8857,1,1,SHELF_NORMAL_Y_NEG,1679,5,28.8822360366077,-2.337790679070917,-66.13700373657797,0.0004544270511616,1.3581743754669536e-05,-2.047919479148015e-06,-1.8848416958119635e-06,0.0,0.0,0.0,0.0,,0.0,0.0,0.0,2.142107009918241e-06,2.0406441939161205e-06,0.0048438366502523,0.9970058769536542,0.0032702094466752,0.0041419033427491,0.8022679509628736,,0,0,CONTINUED_PLASTIC_LOADING,,False,False
BH050,198,1.9800000190734863,0.9785378407104958,8857,1,1,SHELF_NORMAL_Y_NEG,1679,5,28.8822360366077,-2.3658158871723542,-66.96277135554693,0.0004595055940048,1.3364423919860235e-05,-2.646534172037469e-06,-2.264970604657929e-06,0.0,0.0,0.0,0.0,,0.0,0.0,0.0,2.646534172037469e-06,2.264970604657929e-06,0.0048615951091051,0.9972017246675652,0.0033238613508392,0.004279731046216,0.8089877424369825,,0,0,CONTINUED_PLASTIC_LOADING,,False,False
BH050,199,1.9900007247924805,0.9824559538737088,8857,1,1,SHELF_NORMAL_Y_NEG,1679,5,28.8822360366077,-2.423883225322052,-67.67189260295724,0.0004637686381397,1.2982455340942393e-05,-2.576492565378036e-06,-2.3395690670921336e-06,0.0,0.0,0.0,0.0,,0.0,0.0,0.0,2.646534172037469e-06,2.3395690670921336e-06,0.0048768571577966,0.9958757046779594,0.0030813744345285,0.0044311163799015,0.8187240443072329,,0,0,CONTINUED_PLASTIC_LOADING,,False,False
BH050,200,2.0,0.985270268850744,8857,1,1,SHELF_NORMAL_Y_NEG,1679,5,28.8822360366077,-2.419522307647086,-68.53309597622801,0.0004697547375156,1.316053441511927e-05,-2.8201852952676317e-06,-2.4081187973113653e-06,0.0,0.0,0.0,0.0,,0.0,0.0,0.0,2.8201852952676317e-06,2.4081187973113653e-06,0.0048971585929393,0.9950032165872256,0.0025438533866013,0.0045830291490449,0.8249281674806829,129859.28654562878,1,1,CONTINUED_PLASTIC_LOADING,,False,False
BH050,201,2.010000705718994,0.988266084545478,8857,1,1,SHELF_NORMAL_Y_NEG,1679,5,28.8822360366077,-2.521933472043181,-69.43444585239737,0.0004771796079055,1.352837801597102e-05,-1.7733232513852926e-06,-2.8956657190141403e-06,0.0,0.0,0.0,0.0,,0.0,0.0,0.0,2.8201852952676317e-06,2.8956657190141403e-06,0.0049182879738509,0.9954318238144558,0.0018886422955412,0.0047220899683018,0.8320613398910238,,0,0,CONTINUED_PLASTIC_LOADING,,False,False
BH050,202,2.0199999809265137,0.991514119006304,8857,1,1,SHELF_NORMAL_Y_NEG,1679,5,28.8822360366077,-2.537314327698087,-70.10518861492513,0.0004821311292663,1.438423629735331e-05,-1.93727932743887e-06,-2.6251334445184797e-06,0.0,0.0,0.0,0.0,,0.0,0.0,0.0,2.8201852952676317e-06,2.8956657190141403e-06,0.0049407542683184,0.9988901562975736,0.0013751530426328,0.0048710002838587,0.8375941592700911,,0,0,CONTINUED_PLASTIC_LOADING,,False,False
BH050,203,2.030000686645508,0.9936643315434964,8857,1,1,SHELF_NORMAL_Y_NEG,1679,5,28.8822360366077,-2.66119381439171,-71.06327020293102,0.0004865805059853,1.4266773825017277e-05,-3.2778715746802013e-06,-2.7661909109174664e-06,0.0,0.0,0.0,0.0,,0.0,0.0,0.0,3.2778715746802013e-06,2.8956657190141403e-06,0.0049577611498534,0.998407082937494,0.0008796725737733,0.0050264668172192,0.8436923664545136,,0,0,CONTINUED_PLASTIC_LOADING,,False,False
BH050,204,2.039999961853028,0.9966021353750822,8857,1,1,SHELF_NORMAL_Y_NEG,1679,5,28.8822360366077,-2.7534166186431928,-71.82886488776252,0.0004917481596827,1.433195086277591e-05,-3.1096981301238606e-06,-3.0458497901498377e-06,0.0,0.0,0.0,0.0,,0.0,0.0,0.0,3.2778715746802013e-06,3.0458497901498377e-06,0.0049712401814758,0.9946086909785896,0.0003033700066665,0.0051793665050341,0.8501284993549338,,0,0,CONTINUED_PLASTIC_LOADING,,False,False
BH050,205,2.050000667572021,0.9984527002937388,8857,1,1,SHELF_NORMAL_Y_NEG,1679,5,28.8822360366077,-2.8345077553208853,-72.61944049182779,0.0004972242943711,1.531560845022869e-05,-3.669735871589231e-06,-3.194094120715762e-06,0.0,0.0,0.0,0.0,,0.0,0.0,0.0,3.669735871589231e-06,3.194094120715762e-06,0.0049914778210222,0.9959233066379528,0.000288618452821,0.0053413307667687,0.8560890831210413,,0,0,CONTINUED_PLASTIC_LOADING,,False,False
BH050,206,2.059999942779541,0.999802355779382,8857,1,1,SHELF_NORMAL_Y_NEG,1679,5,28.8822360366077,-2.785330499032261,-73.37485423399868,0.0005033983707355,1.521785404651958e-05,-3.228334926289587e-06,-3.46283501402242e-06,0.0,0.0,0.0,0.0,,0.0,0.0,0.0,3.669735871589231e-06,3.46283501402242e-06,0.0050061554647982,0.9933623250867408,-0.0001036095217458,0.0055214248456408,0.8619323227935894,,0,0,CONTINUED_PLASTIC_LOADING,,False,False
BH050,207,2.070000648498535,1.0,8857,1,1,SHELF_NORMAL_Y_NEG,1679,5,28.8822360366077,-2.8351193298009183,-74.26740998939518,0.0005089714480128,1.465556226220503e-05,-3.325311349100025e-06,-3.869602678427224e-06,0.0,0.0,0.0,0.0,,0.0,0.0,0.0,3.669735871589231e-06,3.869602678427224e-06,0.0050240498967468,0.9997780671723598,-0.0003168311616513,0.0057150785579366,0.8689982152695321,,0,0,CONTINUED_PLASTIC_LOADING,,False,False
BH050,208,2.0799999237060547,0.999766304437714,8857,1,1,SHELF_NORMAL_Y_NEG,1679,5,28.8822360366077,-2.9091774194810007,-75.06176713733575,0.0005131000546887,1.4559927591471658e-05,-4.326352236898746e-06,-4.115859164549682e-06,0.0,0.0,0.0,0.0,,0.0,0.0,0.0,4.326352236898746e-06,4.115859164549682e-06,0.005037514027208,0.9955332293624336,-0.0009175733073508,0.0059153263552171,0.8753537352450166,,0,0,CONTINUED_PLASTIC_LOADING,,False,False
BH050,209,2.090000629425049,0.9992129807252538,8857,1,1,SHELF_NORMAL_Y_NEG,1679,5,28.8822360366077,-2.984589537625414,-75.89094590866353,0.0005185481151345,1.4652340113986652e-05,-4.670987880368892e-06,-4.605774160992664e-06,0.0,0.0,0.0,0.0,,0.0,0.0,0.0,4.670987880368892e-06,4.605774160992664e-06,0.0050651803612709,0.9907298556171316,-0.0011757795144372,0.0061226923363955,0.8812966494734826,,0,0,CONTINUED_PLASTIC_LOADING,,False,False
BH050,210,2.0999999046325684,0.9977660921707356,8857,1,1,SHELF_NORMAL_Y_NEG,1679,5,28.8822360366077,-3.101482304375481,-76.75871290029706,0.0005243970395496,1.537448116350603e-05,-4.894263120350456e-06,-4.765457940106516e-06,0.0,0.0,0.0,0.0,,0.0,0.0,0.0,4.894263120350456e-06,4.765457940106516e-06,0.005080843809992,0.997379203083489,-0.0014774276501836,0.0063236600450662,0.8862073824573162,,0,0,CONTINUED_PLASTIC_LOADING,,False,False
BH050,211,2.1100006103515625,0.996367888579628,8857,1,1,SHELF_NORMAL_Y_NEG,1679,5,28.8822360366077,-3.172102814949689,-77.8075770391249,0.0005319684859283,1.584130325729986e-05,-4.856249727236688e-06,-5.070016101980674e-06,0.0,0.0,0.0,0.0,,0.0,0.0,0.0,4.894263120350456e-06,5.070016101980674e-06,0.0051138764247298,0.9929419084395468,-0.0016998156472594,0.006529262847981,0.8906696592475808,,0,0,CONTINUED_PLASTIC_LOADING,,False,False
BH050,212,2.119999885559082,0.9944113501982692,8857,1,1,SHELF_NORMAL_Y_NEG,1679,5,28.8822360366077,-3.1576189662076914,-78.51276666162325,0.0005359842944235,1.5048505532307133e-05,-5.293557183710593e-06,-5.341228364641503e-06,0.0,0.0,0.0,0.0,,0.0,0.0,0.0,5.293557183710593e-06,5.341228364641503e-06,0.0051392088644206,0.996081462642029,-0.0021493281577558,0.0067353720240133,0.8942335024581336,,0,0,CONTINUED_PLASTIC_LOADING,,False,False
BH050,213,2.130000591278076,0.9907020191746904,8857,1,1,SHELF_NORMAL_Y_NEG,1679,5,28.8822360366077,-3.105117396809313,-79.33552180655637,0.0005419599438768,1.4818582615335092e-05,-5.528992504710232e-06,-5.7320744361387226e-06,0.0,0.0,0.0,0.0,,0.0,0.0,0.0,5.528992504710232e-06,5.7320744361387226e-06,0.0051692016422748,0.9986883041316428,-0.002420683510377,0.0069507149798746,0.897452836769239,,0,0,CONTINUED_PLASTIC_LOADING,,False,False
BH050,214,2.1400012969970703,0.9871773222912796,8857,1,1,SHELF_NORMAL_Y_NEG,1679,5,28.8822360366077,-3.171994730939383,-80.22121104662143,0.0005478152835789,1.495486960196202e-05,-6.00060466991872e-06,-6.262749183465199e-06,0.0,0.0,0.0,0.0,,0.0,0.0,0.0,6.00060466991872e-06,6.262749183465199e-06,0.0051884455606341,0.9977793240309392,-0.0030872288880701,0.0071644251011438,0.9002163156663846,,0,0,CONTINUED_PLASTIC_LOADING,,False,False
BH050,215,2.15000057220459,0.983765100043012,8857,1,1,SHELF_NORMAL_Y_NEG,1679,5,28.8822360366077,-3.135743184729751,-80.91221138506874,0.0005524097008586,1.48198052584926e-05,-6.370060464693211e-06,-6.334599841157848e-06,0.0,0.0,0.0,0.0,,0.0,0.0,0.0,6.370060464693211e-06,6.334599841157848e-06,0.0052137500606477,0.995753123448496,-0.0037390643458971,0.0073808604881002,0.9025118111178668,,0,0,CONTINUED_PLASTIC_LOADING,,False,False
BH050,216,2.160001277923584,0.9774838435660383,8857,1,1,SHELF_NORMAL_Y_NEG,1679,5,28.8822360366077,-3.1805324895059544,-81.72563729337149,0.0005572898898712,1.4473827841241613e-05,-7.286127928570255e-06,-7.163677489292449e-06,0.0,0.0,0.0,0.0,,0.0,0.0,0.0,7.286127928570255e-06,7.163677489292449e-06,0.0052307536825537,0.996891464704757,-0.0042992041148268,0.0075962821907824,0.903850997542582,,0,0,CONTINUED_PLASTIC_LOADING,,False,False
BH050,217,2.1700005531311035,0.9719808493391028,8857,1,1,SHELF_NORMAL_Y_NEG,1679,5,28.8822360366077,-3.2495351242897814,-82.34833177864991,0.0005617912704757,1.4922027186074468e-05,-7.817326869904973e-06,-7.920694668511535e-06,0.0,0.0,0.0,0.0,,0.0,0.0,0.0,7.817326869904973e-06,7.920694668511535e-06,0.0052439826540648,0.9969810739892168,-0.0048335293491776,0.0078240110580943,0.9052139060426664,,0,0,CONTINUED_PLASTIC_LOADING,,False,False
BH050,218,2.1800012588500977,0.9649578667919008,8857,1,1,SHELF_NORMAL_Y_NEG,1679,5,28.8822360366077,-3.3409493055850628,-82.67229962492542,0.0005637471635003,1.5218202862992684e-05,-8.033328918694916e-06,-8.188900251727884e-06,0.0,0.0,0.0,0.0,,0.0,0.0,0.0,8.033328918694916e-06,8.188900251727884e-06,0.0052562491036951,0.9975809124343084,-0.0050079273523529,0.0080580274218175,0.9064026815444682,,0,0,CONTINUED_PLASTIC_LOADING,,False,False
BH050,219,2.190000534057617,0.9595276240318236,8857,1,1,SHELF_NORMAL_Y_NEG,1679,5,28.8822360366077,-3.4597516031048543,-83.44460994403838,0.0005689281840594,1.5854048768314515e-05,-8.776884139509921e-06,-8.96029357156606e-06,0.0,0.0,0.0,0.0,,0.0,0.0,0.0,8.776884139509921e-06,8.96029357156606e-06,0.005268832668662,0.9930223226425948,-0.0055819746942923,0.0082998518528844,0.908399063041444,,0,0,CONTINUED_PLASTIC_LOADING,,False,False
BH050,220,2.200001239776612,0.9556053688856014,8857,1,1,SHELF_NORMAL_Y_NEG,1679,5,28.8822360366077,-3.2768913022196284,-84.14526338091511,0.0005740451632663,1.4767910961374423e-05,-9.161313601252325e-06,-9.440602228472702e-06,0.0,0.0,0.0,0.0,,0.0,0.0,0.0,9.161313601252325e-06,9.440602228472702e-06,0.0052944007329642,0.9950524863210384,-0.0056591904391826,0.0085188614564146,0.909775607658296,,0,0,CONTINUED_PLASTIC_LOADING,,False,False
BH050,221,2.210000514984131,0.952294159903108,8857,1,1,SHELF_NORMAL_Y_NEG,1679,5,28.8822360366077,-3.3322986864816424,-84.91316357345328,0.0005807790707801,1.4687142714731516e-05,-8.625257364137332e-06,-1.0794156256877614e-05,6.075362261968552e-07,-6.090389643015452e-07,6.683883384539513e-07,1.0821418428008656e-08,,0.0001529072469566,2.606559792184271e-05,0.0001533030881546,9.161313601252325e-06,1.0794156256877614e-05,0.0053176339715719,0.9836867948415848,-0.0060867904386046,0.0087104829913642,0.9094893228509946,,0,0,CONTINUED_PLASTIC_LOADING,,False,False
BH050,222,2.220001220703125,0.9491895016152916,8857,1,1,SHELF_NORMAL_Y_NEG,1679,5,28.8822360366077,-3.420880466191961,-85.50834689718447,0.0005883378327412,9.926530675483537e-06,-5.745977925194633e-06,-1.673239682734918e-05,4.484606159770748e-06,-4.4891407585111215e-06,4.934210664941929e-06,7.930898959784828e-08,,0.0011287997476756,0.0001910319260787,0.0011317696189507,9.161313601252325e-06,1.673239682734918e-05,0.0053277509286999,0.9953925906298194,-0.0063016403797068,0.0088787666979651,0.9074884201650316,,0,0,CONTINUED_PLASTIC_LOADING,,False,False
BH050,223,2.2300004959106445,0.9458182360496552,8857,1,1,SHELF_NORMAL_Y_NEG,1679,5,28.8822360366077,-3.697194517136216,-86.10242088461524,0.0005987110535315,6.79195898829147e-06,-9.249085702448846e-07,-2.322262269302544e-05,8.34062679380266e-06,-8.34105661759197e-06,9.182534995488822e-06,1.4690893124225113e-07,,0.0021006891038268,0.0003538602031767,0.002105880761519,9.161313601252325e-06,2.322262269302544e-05,0.0053535085171461,0.9977051033107984,-0.0068029973774377,0.0090407857885122,0.904649042854794,,0,0,CONTINUED_PLASTIC_LOADING,,False,False
BH050,224,2.2400012016296387,0.9406577960276442,8857,1,1,SHELF_NORMAL_Y_NEG,1679,5,28.8822360366077,-3.9100129891959616,-86.56359032069608,0.0006071623643168,2.730285249494431e-06,3.1595148060852138e-06,-2.9934472108055894e-05,1.246741614769862e-05,-1.2452125803599031e-05,1.3734756066696718e-05,2.190614907249256e-07,,0.0031421009916812,0.000527654425241,0.0031495455186814,9.161313601252325e-06,2.9934472108055894e-05,0.0053776376880705,0.9981487203537333,-0.0075020378301746,0.0092286052319683,0.9015556110089412,,0,0,CONTINUED_PLASTIC_LOADING,,False,False
BH050,225,2.250000476837158,0.9324049185579808,8857,1,1,SHELF_NORMAL_Y_NEG,1679,5,28.8822360366077,-4.079082082749666,-86.96304471471841,0.0006157285333798,-2.7334510732768096e-06,7.552210192270895e-06,-3.7979156989036405e-05,1.741915345783942e-05,-1.7371717522274645e-05,1.92056304513244e-05,3.059167283936404e-07,,0.0043936735019087,0.0007368630031123,0.0044043785892426,9.161313601252325e-06,3.7979156989036405e-05,0.0053997156210243,0.9916822700726328,-0.0082825892253739,0.0094497300318353,0.8977089729372956,-32118.68459568372,1,1,CONTINUED_PLASTIC_LOADING,,False,False
BH050,226,2.2600011825561523,0.921853855047026,8857,1,1,SHELF_NORMAL_Y_NEG,1679,5,28.8822360366077,-4.378079380993034,-87.07726349083606,0.0006214655269554,-6.934373243014727e-06,1.1319081386701175e-05,-4.542747243030604e-05,2.173955173035331e-05,-2.1654163526470268e-05,2.399538971076253e-05,3.824380883088452e-07,,0.0054894271306693,0.0009211803553625,0.0055025685578584,1.1319081386701175e-05,4.542747243030604e-05,0.005415556486696,0.9932647369121812,-0.0090665222402016,0.0096924652790649,0.8926610035755561,,0,0,CONTINUED_PLASTIC_LOADING,,False,False
BH050,227,2.270000457763672,0.908979263935024,8857,1,1,SHELF_NORMAL_Y_NEG,1679,5,28.8822360366077,-4.586473855166871,-86.89704907351621,0.0006268533481912,-1.4800953940794122e-05,1.731796220563709e-05,-5.5369230122087176e-05,2.755612526952784e-05,-2.740577741975268e-05,3.046597885258961e-05,4.881690074398648e-07,,0.0069697042927145,0.0011758549371734,0.0069868550635874,1.731796220563709e-05,5.5369230122087176e-05,0.0054309777915477,0.999102453144923,-0.009870088804983,0.0099342977568378,0.8854281722114009,,0,0,CONTINUED_PLASTIC_LOADING,,False,False
BH050,228,2.280001163482666,0.8949375366149795,8857,1,1,SHELF_NORMAL_Y_NEG,1679,5,28.8822360366077,-4.696286382254305,-86.19824559425366,0.000628682541716,-2.1969142961442752e-05,2.2926416449739104e-05,-6.434766998804006e-05,3.3212937601590016e-05,-3.298759216289497e-05,3.67840075341519e-05,5.951086450295406e-07,,0.0084150796756148,0.0014334408333525,0.0084383301436901,2.2926416449739104e-05,6.434766998804006e-05,0.0054472438059747,0.991614571593855,-0.0107718959159932,0.0101639708770772,0.8768687490204936,,0,0,CONTINUED_PLASTIC_LOADING,,False,False
BH050,229,2.290000438690185,0.8802132312727491,8857,1,1,SHELF_NORMAL_Y_NEG,1679,5,28.8822360366077,-4.984963150327222,-85.45500513285589,0.0006317241631046,-2.969319499145952e-05,3.0042408297827712e-05,-7.5130419965001e-05,4.03454953009688e-05,-4.000774490064175e-05,4.478466507862322e-05,7.380263014056254e-07,,0.0102453911677002,0.0017776873428374,0.0102739362046122,3.0042408297827712e-05,7.5130419965001e-05,0.00545339519158,0.992844660551738,-0.0115794409120407,0.010385267002878,0.8669745109239227,,0,0,CONTINUED_PLASTIC_LOADING,,False,False
BH050,230,2.30000114440918,0.8635946207624227,8857,1,1,SHELF_NORMAL_Y_NEG,1679,5,28.8822360366077,-5.21071709015317,-84.02817993797913,0.000631880553286,-4.215057614744911e-05,3.97692534033198e-05,-8.944070427091989e-05,4.930391633142782e-05,-4.87974734770756e-05,5.48830212210305e-05,9.303762453782838e-07,,0.0125555926933884,0.0022410014644265,0.012595503591001,3.97692534033198e-05,8.944070427091989e-05,0.0054643847979605,0.9886389899542566,-0.0123614222318774,0.0106160330930308,0.8569918257127301,,0,0,CONTINUED_PLASTIC_LOADING,,False,False
BH050,231,2.310000419616699,0.8486771703715174,8857,1,1,SHELF_NORMAL_Y_NEG,1679,5,28.8822360366077,-5.417055131128742,-82.85321969220533,0.0006329089493417,-5.53408846805561e-05,4.88520247844424e-05,-0.0001041247823179,5.902080374851272e-05,-5.830073329039381e-05,6.590756674995646e-05,1.1559948234207695e-06,,0.0150776784867048,0.0027844498399645,0.0151300160214304,4.88520247844424e-05,0.0001041247823179,0.0054830238223075,0.9810998063642496,-0.0131692912131383,0.0108497930501174,0.8470691581571742,,0,0,CONTINUED_PLASTIC_LOADING,,False,False
BH050,232,2.3200011253356934,0.8352970979953322,8857,1,1,SHELF_NORMAL_Y_NEG,1679,5,28.8822360366077,-5.593195547137054,-81.82436783915458,0.0006330892886743,-6.27526516712659e-05,5.525432755019245e-05,-0.0001136440255232,6.499020229847235e-05,-6.412313355849312e-05,7.27170699974522e-05,1.3034646144660655e-06,,0.0166354905813932,0.0031396611593663,0.0166983101516962,5.525432755019245e-05,0.0001136440255232,0.0054830238223075,0.9857491823699804,-0.013890425688272,0.0110721421800745,0.837195929173792,,0,0,ELASTIC_RELOADING,,False,False
BH050,233,2.330000400543213,0.820917491985915,8857,1,1,SHELF_NORMAL_Y_NEG,1679,5,28.8822360366077,-5.788567159047076,-80.76022994514527,0.0006332571901439,-7.292237421574607e-05,6.244034622128876e-05,-0.0001255019177735,7.28728564474787e-05,-7.179351236324716e-05,8.175204857252538e-05,1.506289549979556e-06,,0.0187024213373661,0.0036282062064856,0.0187788344919681,6.244034622128876e-05,0.0001255019177735,0.0054901386611163,0.9845802848276048,-0.0146752301543618,0.0112790158887637,0.8275381072571668,,0,0,CONTINUED_PLASTIC_LOADING,,False,False
BH050,234,2.340001106262207,0.8089892047655041,8857,1,1,SHELF_NORMAL_Y_NEG,1679,5,28.8822360366077,-6.145865504587033,-79.98301780384115,0.0006365126564134,-8.25664816847579e-05,7.092523816261008e-05,-0.000137758837959,8.107622153725422e-05,-7.975333044870249e-05,9.121006587520242e-05,1.726136702018266e-06,,0.0208661332726478,0.0041577531956136,0.0209462847560644,7.092523816261008e-05,0.000137758837959,0.005493052303791,0.9698279754501798,-0.0151591502631578,0.0114560718593233,0.818388560644023,,0,0,CONTINUED_PLASTIC_LOADING,,False,False
BH050,235,2.3500003814697266,0.800167033330016,8857,1,1,SHELF_NORMAL_Y_NEG,1679,5,28.8822360366077,-6.2530936425643775,-79.16128976895585,0.0006367763535518,-8.983695022248212e-05,7.676158571392116e-05,-0.0001458780121175,8.678409071800136e-05,-8.528247060044605e-05,9.782696724869312e-05,1.884542939478706e-06,,0.0223798807710409,0.0045393072068691,0.022473108023405,7.676158571392116e-05,0.0001458780121175,0.0055015441030263,0.9800314786368318,-0.0157370987539264,0.0116162817721484,0.8101288869355041,,0,0,CONTINUED_PLASTIC_LOADING,,False,False
BH050,236,2.3600010871887207,0.7910859322689288,8857,1,1,SHELF_NORMAL_Y_NEG,1679,5,28.8822360366077,-6.291865280203674,-78.45477305676137,0.0006379856836076,-9.630206466759544e-05,8.196146684624712e-05,-0.000153504338273,9.21611621804293e-05,-9.048771319428757e-05,0.0001040910428855,2.0374322957650293e-06,,0.0238129161298275,0.0049075726419687,0.023921987041831,8.196146684624712e-05,0.000153504338273,0.0055015441030263,0.9935398668273824,-0.0162591779728407,0.0117672815308848,0.8029470389260326,,0,0,ELASTIC_RELOADING,,False,False
BH050,237,2.37000036239624,0.7822230189841085,8857,1,1,SHELF_NORMAL_Y_NEG,1679,5,28.8822360366077,-6.531585452251881,-77.52471947854592,0.0006388687650407,-0.0001054201905446,8.87689938784712e-05,-0.0001647840122162,9.939964835340162e-05,-9.747153273340678e-05,0.0001125483468058,2.2490014544018777e-06,,0.0257476940751075,0.0054171797819435,0.0258676894009113,8.87689938784712e-05,0.0001647840122162,0.0055201579816639,0.9896184557501904,-0.0165793203679497,0.01192015025718,0.7963811695795864,,0,0,CONTINUED_PLASTIC_LOADING,,False,False
BH050,238,2.3800010681152344,0.7757550233833245,8857,1,1,SHELF_NORMAL_Y_NEG,1679,5,28.8822360366077,-6.649897967659218,-76.43478783667457,0.0006380797725453,-0.0001176156831858,9.570158697860588e-05,-0.0001776098373997,0.0001073519090041,-0.0001051286796809,0.0001219005644088,2.490524593667942e-06,,0.027887200936675,0.0059989374130964,0.0280262865126132,9.570158697860588e-05,0.0001776098373997,0.0055321548134088,0.9745626337917064,-0.0168883978737856,0.0120771646355684,0.7901511205113735,,0,0,CONTINUED_PLASTIC_LOADING,,False,False
BH050,239,2.390000343322754,0.7680291224314505,8857,1,1,SHELF_NORMAL_Y_NEG,1679,5,28.8822360366077,-6.825950740211533,-75.89404791141789,0.0006426709074582,-0.0001259454758632,0.000103264347189,-0.0001879227930133,0.000114659176837,-0.0001121551527615,0.0001305438490817,2.719487838476198e-06,,0.0298645254224538,0.0065504424273967,0.0300152990967035,0.000103264347189,0.0001879227930133,0.0055891787633299,0.9350944685528584,-0.0172733326791016,0.0122178799816597,0.7842242264122348,,0,0,CONTINUED_PLASTIC_LOADING,,False,False
BH050,240,2.400001049041748,0.7603297638965457,8857,1,1,SHELF_NORMAL_Y_NEG,1679,5,28.8822360366077,-7.010167443533191,-75.07143575622676,0.0006443517929855,-0.0001352483068354,0.0001110684626829,-0.0001980620405063,0.0001221926732203,-0.000119390964142,0.0001394983701175,2.9627419735334115e-06,,0.0319130532443523,0.0071363700553774,0.0320778973400592,0.0001110684626829,0.0001980620405063,0.0056677968241274,0.978016047978417,-0.0175909814090745,0.0123413288979275,0.7778227263004742,,0,0,CONTINUED_PLASTIC_LOADING,,False,False
BH050,241,2.410000324249268,0.7552935689934864,8857,1,1,SHELF_NORMAL_Y_NEG,1679,5,28.8822360366077,-7.147815888288704,-74.62571252027384,0.0006480951755399,-0.0001412839283751,0.0001170739658069,-0.0002058680646151,0.0001276071284668,-0.0001245837611017,0.0001459654304198,3.140813305435586e-06,,0.0333925224840641,0.0075652911327779,0.0335690192878246,0.0001170739658069,0.0002058680646151,0.0057647475041449,0.9281522416016568,-0.0180523042520213,0.0124616107334884,0.7719504535741031,,0,0,CONTINUED_PLASTIC_LOADING,,False,False
BH050,242,2.4200010299682617,0.7508831929699871,8857,1,1,SHELF_NORMAL_Y_NEG,1679,5,28.8822360366077,-7.15156686344648,-74.51610490971602,0.0006483379518865,-0.0001463465953946,0.0001191801345254,-0.0002098509239564,0.0001299022298492,-0.0001267829136548,0.0001487136614741,3.2168254620046355e-06,,0.0340212360024452,0.007748382166028,0.0342082679271698,0.0001191801345254,0.0002098509239564,0.0057647475041449,0.9367452041345408,-0.0185203679444233,0.0125712288588818,0.7675389409625645,,0,0,ELASTIC_RELOADING,,False,False
BH050,243,2.430000305175781,0.748521385414416,8857,1,1,SHELF_NORMAL_Y_NEG,1679,5,28.8822360366077,-7.32387285551576,-74.3049970845021,0.0006509329050546,-0.000149692367843,0.0001217435006022,-0.0002158786094221,0.0001336223855633,-0.000130345919662,0.0001531827583676,3.3408871331630507e-06,,0.0350436307489872,0.0080472091212868,0.0352320224046707,0.0001217435006022,0.0002158786094221,0.0058137876912951,0.884802268620429,-0.0188847349292015,0.0126726433400387,0.7640101507078864,,0,0,CONTINUED_PLASTIC_LOADING,,False,False
BH050,244,2.4400010108947754,0.743277106223956,8857,1,1,SHELF_NORMAL_Y_NEG,1679,5,28.8822360366077,-7.264931606792888,-73.94638401225083,0.0006537159819006,-0.0001531977630415,0.0001258640866991,-0.0002201179595877,0.0001369435636313,-0.00013352258484,0.000157179791131,3.4523341128078755e-06,,0.035958033055067,0.0083156526088714,0.0361660607159137,0.0001258640866991,0.0002201179595877,0.0059040221385657,0.8888171919592718,-0.018851662791932,0.0127834490359653,0.7598343091317286,,0,0,CONTINUED_PLASTIC_LOADING,,False,False
BH050,245,2.450000286102295,0.7389044356560812,8857,1,1,SHELF_NORMAL_Y_NEG,1679,5,28.8822360366077,-7.379296516468863,-73.45579268148211,0.0006552412299039,-0.000161475269664,0.0001318908184364,-0.0002280757076405,0.0001428550929254,-0.0001391729668424,0.000164319993928,3.6523499602481024e-06,,0.0375914983451366,0.0087974313646554,0.0378125980496406,0.0001318908184364,0.0002280757076405,0.0059688496403396,0.9120756162987208,-0.0188746720082403,0.0128975603309473,0.7553923588704994,,0,0,CONTINUED_PLASTIC_LOADING,,False,False
BH050,246,2.460000991821289,0.7360564985082421,8857,1,1,SHELF_NORMAL_Y_NEG,1679,5,28.8822360366077,-7.607610619774688,-73.46698997896905,0.0006610461961125,-0.0001651086618632,0.0001368710004398,-0.0002340346914584,0.000146957662216,-0.0001430907924726,0.0001692903606453,3.7925669857941102e-06,,0.0387285687029361,0.009135172702372,0.0389458611607551,0.0001368710004398,0.0002340346914584,0.0059688496403396,0.965211484785008,-0.0188939172732739,0.0130064960934962,0.7518657621543641,,0,0,ELASTIC_RELOADING,,False,False
BH050,247,2.4700002670288086,0.733773955204119,8857,1,1,SHELF_NORMAL_Y_NEG,1679,5,28.8822360366077,-7.569707419870831,-73.42143517036851,0.0006627592617147,-0.000170235118012,0.0001389009399194,-0.0002388971650342,0.0001495731893463,-0.0001455881142364,0.0001724646863294,3.881961674778722e-06,,0.0394547581672668,0.0093504982069134,0.0396824516355991,0.0001389009399194,0.0002388971650342,0.0059688496403396,0.9480635113166312,-0.0192002279058388,0.013105968933916,0.7493854855577965,,0,0,TRUE_ELASTIC_UNLOADING,0.0002016803716894,True,True
BH050,248,2.4800009727478027,0.731339319044616,8857,1,1,SHELF_NORMAL_Y_NEG,1679,5,28.8822360366077,-7.668511976050961,-73.29423095946194,0.0006636059681581,-0.0001727642851629,0.000140241974345,-0.0002424942767864,0.0001521285855807,-0.0001480252784772,0.0001755675330059,3.969345470977714e-06,,0.0401645973324775,0.0095609799027442,0.04039291664958,0.000140241974345,0.0002424942767864,0.0059688496403396,0.9575353842378111,-0.0195419260558947,0.0131986648682508,0.7462186417358831,,0,0,ELASTIC_RELOADING,,False,False
BH050,249,2.4900002479553223,0.7270814099345905,8857,1,1,SHELF_NORMAL_Y_NEG,1679,5,28.8822360366077,-7.691639099374238,-72.94457476106378,0.0006627912020502,-0.0001772211920666,0.0001429899072593,-0.0002459653279057,0.0001546449690693,-0.0001504245054017,0.0001786318025551,4.055857516505057e-06,,0.0408656112849712,0.0097693623974919,0.04110873863101,0.0001429899072593,0.0002459653279057,0.0059688496403396,0.9570079725813716,-0.0198532428367287,0.0132895354800992,0.7414717590621511,,0,0,TRUE_ELASTIC_UNLOADING,-0.001275466964242,True,True
BH050,250,2.5000009536743164,0.7218048514468176,8857,1,1,SHELF_NORMAL_Y_NEG,1679,5,28.8822360366077,-7.768668615763237,-72.6050289582673,0.0006643715910443,-0.0001801106403017,0.0001457780273345,-0.0002505265979572,0.0001576526006486,-0.0001532889733847,0.0001823034108383,4.16017064708285e-06,,0.0417055673897266,0.0100206220522522,0.0419559590518474,0.0001457780273345,0.0002505265979572,0.0059688496403396,0.9485823999930744,-0.0201580553655756,0.0133890369794972,0.7366579187009679,-22191.380546180888,1,1,TRUE_ELASTIC_UNLOADING,-5.923708846689024e-05,True,True
BH050,251,2.510000228881836,0.7162154280664899,8857,1,1,SHELF_NORMAL_Y_NEG,1679,5,28.8822360366077,-7.861217020715247,-72.11236667425156,0.0006636190152583,-0.0001849519180244,0.0001481362028166,-0.0002563023595891,0.0001612697801964,-0.0001567332208821,0.0001867318933364,4.287013780412963e-06,,0.0427186675369739,0.0103261489421129,0.042976040393114,0.0001481362028166,0.0002563023595891,0.0059688496403396,0.9564291699659206,-0.0203348309391019,0.0134907397183864,0.7326755020095009,,0,0,ELASTIC_RELOADING,,False,False
BH050,252,2.52000093460083,0.7120120660946423,8857,1,1,SHELF_NORMAL_Y_NEG,1679,5,28.8822360366077,-7.923680336013619,-71.67351933162071,0.0006644754843339,-0.0001889853968956,0.0001521530032181,-0.0002606407881799,0.0001647665315554,-0.0001600592629564,0.0001910229329951,4.411419013194973e-06,,0.0437003299593925,0.0106258047744631,0.043965671211481,0.0001521530032181,0.0002606407881799,0.0059688496403396,0.9589005545837588,-0.0205771928303013,0.0135824799759277,0.728738180657096,,0,0,ELASTIC_RELOADING,,False,False
BH050,253,2.5300002098083496,0.7082291341916749,8857,1,1,SHELF_NORMAL_Y_NEG,1679,5,28.8822360366077,-7.999579695312556,-70.87940755763053,0.0006651774778204,-0.0001959369396077,0.000158547229271,-0.0002679140001686,0.0001703299475407,-0.0001653452224098,0.0001978818618226,4.6134437070577405e-06,,0.0452694483101367,0.0111124217510223,0.0455526523292064,0.000158547229271,0.0002679140001686,0.0059688496403396,0.9675523103156732,-0.0208618470636214,0.0136701711071819,0.7248737124151237,,0,0,ELASTIC_RELOADING,,False,False
BH050,254,2.540000915527344,0.7041968955216038,8857,1,1,SHELF_NORMAL_Y_NEG,1679,5,28.8822360366077,-8.050838636629459,-70.11359484347581,0.0006645570553659,-0.0002031989844724,0.000163664337149,-0.0002750864754529,0.000175674860782,-0.0001704144160232,0.0002044954308075,4.811572580365464e-06,,0.0467824339866638,0.0115896565839648,0.0470861159265041,0.000163664337149,0.0002750864754529,0.0059688496403396,0.9657736248930968,-0.0210461439750363,0.0137573731926975,0.7211709996918085,,0,0,TRUE_ELASTIC_UNLOADING,-0.0006738443362956,False,False
BH050,255,2.550000190734864,0.6991807634093842,8857,1,1,SHELF_NORMAL_Y_NEG,1679,5,28.8822360366077,-8.138623989787156,-69.7271418498643,0.0006630418433475,-0.0002039656909181,0.0001640286762302,-0.0002772517760532,0.0001772537258974,-0.0001719088600963,0.0002064553846139,4.8710617193137296e-06,,0.0472308136522769,0.01173294801265,0.0475375019013881,0.0001640286762302,0.0002772517760532,0.0059688496403396,0.9663655450784728,-0.0211511630054132,0.0138440647632085,0.7172229144794136,,0,0,ELASTIC_RELOADING,,False,False
BH050,256,2.5600008964538574,0.6930590188933251,8857,1,1,SHELF_NORMAL_Y_NEG,1679,5,28.8822360366077,-8.221843123467167,-68.79863238678915,0.0006622201331766,-0.0002110258279005,0.0001700294433669,-0.0002844829513737,0.0001830150065495,-0.00017735880679,0.000213638835703,5.092648734716931e-06,,0.0488741733133792,0.0122666861861944,0.0491979643702507,0.0001700294433669,0.0002844829513737,0.0059688496403396,0.9677141662260076,-0.0212958806655542,0.0139370507609659,0.7129376634326587,,0,0,ELASTIC_RELOADING,,False,False
BH050,257,2.570000171661377,0.687427124023305,8857,1,1,SHELF_NORMAL_Y_NEG,1679,5,28.8822360366077,-8.280826717254753,-68.20750720054463,0.0006625319477566,-0.0002125760460005,0.0001729218975543,-0.0002879463693597,0.0001859789425522,-0.0001801580689002,0.0002173523971578,5.2094469538133126e-06,,0.0497237220406532,0.0125480182468891,0.0500603057444095,0.0001729218975543,0.0002879463693597,0.0059688496403396,0.9685193795878522,-0.0215453976055151,0.0140252687654928,0.7086709615795239,,0,0,ELASTIC_RELOADING,,False,False
BH050,258,2.580000877380371,0.6828976715993558,8857,1,1,SHELF_NORMAL_Y_NEG,1679,5,28.8822360366077,-8.400782681046707,-67.46152823872546,0.000660036535918,-0.0002199308651993,0.0001773590916965,-0.0002943543078699,0.0001908628507206,-0.0001847633332538,0.0002234852872788,5.405333013186464e-06,,0.0511267445981502,0.0130198495462536,0.0514731332659721,0.0001773590916965,0.0002943543078699,0.0059688496403396,0.9694233062013506,-0.0219167135874426,0.0140985314835681,0.7044889470653632,,0,0,ELASTIC_RELOADING,,False,False
BH050,259,2.59000015258789,0.6739816428122024,8857,1,1,SHELF_NORMAL_Y_NEG,1679,5,28.8822360366077,-8.468834059091979,-65.18678116202487,0.000653049230444,-0.0002251047582743,0.0001842517179655,-0.0003018427285665,0.0001978769067772,-0.0001913579246938,0.0002323636872461,5.701481313735712e-06,,0.0531578585505485,0.0137331830337643,0.05354580655694,0.0001842517179655,0.0003018427285665,0.0059688496403396,0.968957099786009,-0.0220791870977459,0.0141727527163454,0.6994280907343093,,0,0,TRUE_ELASTIC_UNLOADING,-0.0001444181390539,True,True
BH050,260,2.6000008583068848,0.6621582656186814,8857,1,1,SHELF_NORMAL_Y_NEG,1679,5,28.8822360366077,-8.75105279257804,-63.18169545094247,0.0006505245830289,-0.0002389193005506,0.0001964322557859,-0.0003167629458232,0.0002104568578925,-0.0002031206386442,0.0002484234573785,6.270036010391777e-06,,0.0568318516016006,0.0151026640087366,0.0572427846491336,0.0001964322557859,0.0003167629458232,0.0059688496403396,0.958109577230254,-0.0223122163368218,0.0142591319853652,0.692007474399597,,0,0,TRUE_ELASTIC_UNLOADING,-0.0001849634188937,True,True
BH050,261,2.6100001335144043,0.6543080017741534,8857,1,1,SHELF_NORMAL_Y_NEG,1679,5,28.8822360366077,-8.7519192031999,-62.2289599218715,0.0006507380460525,-0.000242956933964,0.0002018311926914,-0.0003222068238319,0.0002155706966902,-0.0002078856142791,0.0002550077042542,6.5118729253299534e-06,,0.0583381317555904,0.0156851783394813,0.0587895400822162,0.0002018311926914,0.0003222068238319,0.0059688496403396,0.9576076858903751,-0.0223916567797407,0.0143406770823557,0.6862465270247199,,0,0,TRUE_ELASTIC_UNLOADING,-7.785359595646746e-05,True,True
BH050,262,2.6200008392333984,0.652137552496088,8857,1,1,SHELF_NORMAL_Y_NEG,1679,5,28.8822360366077,-8.6031496022803,-61.47434517033514,0.0006464128859596,-0.0002483956649272,0.000203331986809,-0.0003260074702893,0.0002182821227068,-0.0002104047979397,0.0002585105248726,6.642650532739936e-06,,0.0591394715011119,0.0160001832991838,0.0596307478845119,0.000203331986809,0.0003260074702893,0.0059688496403396,0.9513915012619616,-0.0226380137625472,0.0143983161543284,0.6832926136522267,,0,0,TRUE_ELASTIC_UNLOADING,9.355907858599188e-05,True,True
BH050,263,2.630000114440918,0.6509938179334348,8857,1,1,SHELF_NORMAL_Y_NEG,1679,5,28.8822360366077,-8.860631771049706,-61.21279579942543,0.0006445003596047,-0.000249134030971,0.0002032183904197,-0.0003285346819875,0.0002195678132509,-0.0002115993873652,0.0002601796295493,6.705951818730682e-06,,0.0595213137567043,0.0161526557058095,0.0599760524928569,0.000203331986809,0.0003285346819875,0.0059688496403396,0.9436151677891742,-0.022934101645048,0.0144650908022011,0.6815199105608747,,0,0,TRUE_ELASTIC_UNLOADING,-0.0001694684175856,True,True
BH050,264,2.640000820159912,0.6454905791305421,8857,1,1,SHELF_NORMAL_Y_NEG,1679,5,28.8822360366077,-8.985874644064523,-60.56790613306737,0.0006454501396653,-0.0002514076890663,0.000207356382854,-0.000332943624525,0.0002235798733833,-0.0002153248985275,0.0002654084237292,6.906886937940726e-06,,0.0607175044715404,0.016636649146676,0.061191439628601,0.000207356382854,0.000332943624525,0.0059688496403396,0.952929822316963,-0.0228781909550462,0.0145534752399271,0.6777994521005304,,0,0,ELASTIC_RELOADING,,False,False
BH050,265,2.650000095367432,0.6393337204402523,8857,1,1,SHELF_NORMAL_Y_NEG,1679,5,28.8822360366077,-9.027666888984928,-59.68528384646628,0.0006414403944911,-0.0002593094136771,0.0002119552305768,-0.0003386267184382,0.0002285952088929,-0.0002199769640687,0.0002719903131946,7.163844202295877e-06,,0.0622232444584369,0.0172555819153785,0.0627380535006523,0.0002119552305768,0.0003386267184382,0.0059688496403396,0.9462940404575368,-0.0227707766491505,0.0146364053728046,0.6736023160479476,,0,0,TRUE_ELASTIC_UNLOADING,9.225253732669804e-05,True,True
BH050,266,2.660000801086426,0.6369253513657258,8857,1,1,SHELF_NORMAL_Y_NEG,1679,5,28.8822360366077,-9.034840732857145,-59.00824909546547,0.0006385652613627,-0.0002657873884687,0.000214079344928,-0.0003448349982493,0.0002326904050791,-0.0002237624024171,0.0002773872984107,7.378462669294095e-06,,0.0634579136967659,0.0177725367248058,0.0639995485544204,0.000214079344928,0.0003448349982493,0.0059688496403396,0.9570479466343852,-0.0229513830931135,0.0146996189105289,0.6714507705576066,,0,0,ELASTIC_RELOADING,,False,False
BH050,267,2.6700000762939453,0.6362875513883439,8857,1,1,SHELF_NORMAL_Y_NEG,1679,5,28.8822360366077,-8.811741259892797,-58.405869033535936,0.0006411976869417,-0.0002672871587931,0.0002173395244089,-0.0003483287698952,0.0002353702875393,-0.0002262320224677,0.0002809215220622,7.521171028201934e-06,,0.0642664358019828,0.0181162785738706,0.0648650676012039,0.0002173395244089,0.0003483287698952,0.0059688496403396,0.954946390763778,-0.0231585283522443,0.0147543542973976,0.6696287595316999,,0,0,TRUE_ELASTIC_UNLOADING,-0.0011781944891895,True,True
BH050,268,2.6800007820129395,0.6319666647576092,8857,1,1,SHELF_NORMAL_Y_NEG,1679,5,28.8822360366077,-8.90550389665158,-57.797164427369765,0.0006384903544105,-0.0002700850981489,0.0002202453277336,-0.0003503693377468,0.0002380840924119,-0.0002287344130568,0.0002845187846105,7.668011676287279e-06,,0.0650893822312355,0.0184699743986129,0.065714918076992,0.0002202453277336,0.0003503693377468,0.0059688496403396,0.9569007723641813,-0.0233916479194149,0.0148262618725402,0.6661684798069092,,0,0,ELASTIC_RELOADING,,False,False
BH050,269,2.690000057220459,0.6258943003296836,8857,1,1,SHELF_NORMAL_Y_NEG,1679,5,28.8822360366077,-9.214169067648127,-57.05925403904485,0.000635934532954,-0.0002789773176678,0.0002264306426238,-0.0003577548141865,0.0002449151111821,-0.0002349989595085,0.0002935989468824,8.04658338893205e-06,,0.0671666488051414,0.0193818416446447,0.0677761808037757,0.0002264306426238,0.0003577548141865,0.0059688496403396,0.9516109137659072,-0.023559925153382,0.0149059086751278,0.6618431332415003,,0,0,TRUE_ELASTIC_UNLOADING,0.0011032734033568,True,True
BH050,270,2.700000762939453,0.6217423439026811,8857,1,1,SHELF_NORMAL_Y_NEG,1679,5,28.8822360366077,-9.202984893702675,-56.23431121728096,0.0006384740451193,-0.0002806091990178,0.0002309005891102,-0.0003630813209928,0.0002494689433036,-0.000239159871239,0.0002996872353833,8.306260497192852e-06,,0.0685594677925109,0.0200073271989822,0.069204032421112,0.0002309005891102,0.0003630813209928,0.0059688496403396,0.9518197229304044,-0.023930669265277,0.0149702909628967,0.6585983516230436,,0,0,ELASTIC_RELOADING,,False,False
BH050,271,2.7100000381469727,0.6198002543617834,8857,1,1,SHELF_NORMAL_Y_NEG,1679,5,28.8822360366077,-9.3458052727281,-56.06566720741819,0.0006385656340681,-0.0002837737145246,0.0002327950989483,-0.0003665958952571,0.0002520231705691,-0.0002414929360724,0.0003031134838238,8.454762792098336e-06,,0.0693432986736297,0.0203650258481502,0.0699532926082611,0.0002327950989483,0.0003665958952571,0.0059688496403396,0.9365082544318918,-0.0241972604377598,0.0150264151378042,0.6562447952827168,,0,0,TRUE_ELASTIC_UNLOADING,0.0002238871771161,True,True
BH050,272,2.720000743865967,0.6176054817085858,8857,1,1,SHELF_NORMAL_Y_NEG,1679,5,28.8822360366077,-9.446199709555124,-55.75403874817823,0.0006389117248293,-0.0002875428197203,0.0002348689307949,-0.0003714853439023,0.0002552091499378,-0.000244402622091,0.0003073987318202,8.642281500215176e-06,,0.0703236311674118,0.0208167023956775,0.0709401741623878,0.0002348689307949,0.0003714853439023,0.0059688496403396,0.9470887287734996,-0.0241980917163964,0.0150876989783438,0.6535270192047163,,0,0,ELASTIC_RELOADING,,False,False
BH050,273,2.7300000190734863,0.6142183781394642,8857,1,1,SHELF_NORMAL_Y_NEG,1679,5,28.8822360366077,-9.102877168547296,-54.97432998159741,0.0006353653627388,-0.0002948805056314,0.000238191217167,-0.0003749708759978,0.0002584345800532,-0.000247352601209,0.0003117568558081,8.834670552460011e-06,,0.0713206380605697,0.0212801117449998,0.0720585733652114,0.000238191217167,0.0003749708759978,0.0059688496403396,0.9543320000255326,-0.0241768524231997,0.0151558867843636,0.6506878536818597,,0,0,ELASTIC_RELOADING,,False,False
BH050,274,2.7400007247924805,0.6112950910664651,8857,1,1,SHELF_NORMAL_Y_NEG,1679,5,28.8822360366077,-9.210001854625464,-54.559285464786456,0.0006369476211647,-0.0002972011199162,0.0002429467974892,-0.0003777276329223,0.0002622297862128,-0.0002508200788827,0.0003169036353938,9.064229743671604e-06,,0.0724980682134628,0.0218330491334199,0.0732492208480835,0.0002429467974892,0.0003777276329223,0.0059688496403396,0.9471810356767404,-0.0240653901292481,0.0152268263779804,0.6488701732352873,,0,0,TRUE_ELASTIC_UNLOADING,0.0005044423738542,True,True
BH050,275,2.75,0.6095153035276923,8857,1,1,SHELF_NORMAL_Y_NEG,1679,5,28.8822360366077,-9.391238138781723,-54.25107805081343,0.0006431410774773,-0.0002970770905917,0.0002481982291527,-0.0003819288796165,0.0002667658415929,-0.0002549647191785,0.000323089538142,9.34301715460606e-06,,0.0739132165908813,0.0225045680999755,0.0746407434344291,0.0002481982291527,0.0003819288796165,0.0059688496403396,0.9499262382620882,-0.0239177197501456,0.0152917497079564,0.6470936528214815,-394404.8798803199,1,1,ELASTIC_RELOADING,,False,False
BH050,276,2.760000705718994,0.6064148985630209,8857,1,1,SHELF_NORMAL_Y_NEG,1679,5,28.8822360366077,-9.376746279448335,-53.62099997113841,0.0006395793501564,-0.0003064973120958,0.0002530494893525,-0.0003871913178879,0.0002710810369403,-0.0002588795267967,0.000328970287228,9.612549547455274e-06,,0.0752585530281066,0.0231537912040948,0.0760367736220359,0.0002530494893525,0.0003871913178879,0.0059688496403396,0.9430437719997068,-0.0240836510293822,0.0153514924517181,0.644378871683515,,0,0,TRUE_ELASTIC_UNLOADING,-4.072979174885028e-05,True,True
BH050,277,2.7699999809265137,0.602893613677266,8857,1,1,SHELF_NORMAL_Y_NEG,1679,5,28.8822360366077,-9.171504230606828,-52.84418211444491,0.0006386938003911,-0.0003101806779432,0.0002571704371421,-0.0003898191710274,0.000274461928604,-0.0002619437135994,0.0003336035297252,9.828202564676758e-06,,0.0763185024261474,0.0236732345074415,0.0771903097629547,0.0002571704371421,0.0003898191710274,0.0059688496403396,0.9494623111978192,-0.0242763562693885,0.0154080977450118,0.6411928774634761,,0,0,ELASTIC_RELOADING,,False,False
BH050,278,2.780000686645508,0.5996405000220116,8857,1,1,SHELF_NORMAL_Y_NEG,1679,5,28.8822360366077,-9.200014343857518,-52.45702929213722,0.0006367638444248,-0.00031185222304,0.0002576401873825,-0.0003919642560158,0.0002762937299627,-0.0002636012474501,0.0003361248818691,9.94712991086999e-06,,0.0768953114748001,0.0239596962928771,0.0777715146541595,0.0002576401873825,0.0003919642560158,0.0059688496403396,0.9500674059943636,-0.0245441854327367,0.0154644330654457,0.63831681196369,,0,0,ELASTIC_RELOADING,,False,False
BH050,279,2.789999961853028,0.5966785649209346,8857,1,1,SHELF_NORMAL_Y_NEG,1679,5,28.8822360366077,-9.43406307840178,-52.08532205441429,0.0006332339080098,-0.0003152690367213,0.0002572358815299,-0.0003964426923991,0.0002785807506333,-0.0002656763941096,0.0003392867802176,1.0097658559971023e-05,,0.0776186659932136,0.0243222750723361,0.0784778594970703,0.0002576401873825,0.0003964426923991,0.0059688496403396,0.9496156072152032,-0.0248524983742473,0.0155242437291047,0.6358670940743115,,0,0,TRUE_ELASTIC_UNLOADING,-0.0001603549200133,True,True
BH050,280,2.800000667572021,0.5927013202775346,8857,1,1,SHELF_NORMAL_Y_NEG,1679,5,28.8822360366077,-9.777753936517763,-51.78027559895915,0.0006352541639067,-0.0003172460623495,0.0002618637075955,-0.0004002965071692,0.0002829833229194,-0.0002696588710763,0.0003453977114986,1.0393133379693609e-05,,0.0790166556835174,0.0250339861959218,0.0797939449548721,0.0002618637075955,0.0004002965071692,0.0059688496403396,0.9516510680312644,-0.024828329087718,0.0155884023280709,0.6334349112071027,,0,0,ELASTIC_RELOADING,,False,False
BH050,281,2.809999942779541,0.5890445695274736,8857,1,1,SHELF_NORMAL_Y_NEG,1679,5,28.8822360366077,-9.590694447452822,-51.09152059137512,0.0006338386620145,-0.0003216748509511,0.0002663648500052,-0.000402276592841,0.0002857121745779,-0.0002721252019605,0.0003492037940304,1.0579728041193448e-05,,0.0798873752355575,0.025483438745141,0.0807733759284019,0.0002663648500052,0.000402276592841,0.0059688496403396,0.9475040811638368,-0.0249464194908529,0.0156499648151838,0.6308962700613283,,0,0,TRUE_ELASTIC_UNLOADING,0.0017523597167419,True,True
BH050,282,2.8200011253356934,0.58641055725661,8857,1,1,SHELF_NORMAL_Y_NEG,1679,5,28.8822360366077,-9.736560784233,-50.64808194046856,0.0006365451857881,-0.0003194355421949,0.0002689261945969,-0.0004042560000479,0.0002889269330396,-0.0002750272483886,0.0003537081938702,1.0803144505189266e-05,,0.0809178501367569,0.0260215830057859,0.0817730873823165,0.0002689261945969,0.0004042560000479,0.0059688496403396,0.9585613483054164,-0.0249148663105352,0.0157064497251487,0.6286344601341759,,0,0,ELASTIC_RELOADING,,False,False
BH050,283,2.830000400543213,0.5845067216793806,8857,1,1,SHELF_NORMAL_Y_NEG,1679,5,28.8822360366077,-9.748809135677131,-50.1954019954638,0.000634794407837,-0.0003238873688422,0.0002718458278174,-0.0004072512055913,0.0002917863155437,-0.0002775911076435,0.000357725773938,1.1005548913090024e-05,,0.0818369537591934,0.0265091154724359,0.0827454030513763,0.0002718458278174,0.0004072512055913,0.0059688496403396,0.9465749226019609,-0.0247796960174924,0.015761441045359,0.6265681175664611,,0,0,TRUE_ELASTIC_UNLOADING,-0.0002337584113463,True,True
BH050,284,2.840000629425049,0.5822648646451619,8857,1,1,SHELF_NORMAL_Y_NEG,1679,5,28.8822360366077,-9.43909687868072,-49.60551557909117,0.0006350279645512,-0.0003265185488109,0.000274274027511,-0.0004096244303181,0.0002940097342113,-0.0002795807447806,0.0003608520200941,1.116417843149975e-05,,0.0825521424412727,0.0268912073224782,0.0835811793804168,0.000274274027511,0.0004096244303181,0.0059688496403396,0.950727959753514,-0.0248201004652918,0.0158196537152635,0.624713861491446,,0,0,ELASTIC_RELOADING,,False,False
BH050,285,2.8499999046325684,0.5804335567162473,8857,1,1,SHELF_NORMAL_Y_NEG,1679,5,28.8822360366077,-9.762497191166238,-49.61531013095206,0.0006369576071138,-0.0003274066754394,0.0002765258239346,-0.0004123581848412,0.0002964098785935,-0.0002817407579535,0.0003642581577878,1.1338073818478732e-05,,0.0833313688635826,0.0273100677877664,0.0842804610729217,0.0002765258239346,0.0004123581848412,0.0059688496403396,0.9496429337327508,-0.0249006175505264,0.0158811235160056,0.6227680600957203,,0,0,TRUE_ELASTIC_UNLOADING,-0.0007517445126501,True,True
BH050,286,2.8600006103515625,0.5812842066458672,8857,1,1,SHELF_NORMAL_Y_NEG,1679,5,28.8822360366077,-9.684692592298424,-49.831366758376994,0.0006391978686791,-0.000327585890256,0.00027795743592,-0.0004113147504385,0.0002964075976033,-0.0002817380542829,0.0003642581577878,1.1338073818478732e-05,,0.0833313688635826,0.0273100677877664,0.0843237340450286,0.00027795743592,0.0004123581848412,0.0059688496403396,0.952793105988551,-0.0252039909921862,0.0159457449471278,0.6220524497475365,,0,0,ELASTIC_RELOADING,,False,False
BH050,287,2.869999885559082,0.5813414446295584,8857,1,1,SHELF_NORMAL_Y_NEG,1679,5,28.8822360366077,-9.668949990222124,-49.92598443298708,0.0006399848699249,-0.0003272371299239,0.0002777516452952,-0.0004111959229214,0.000296406972746,-0.0002817378525096,0.0003642581577878,1.1338073818478732e-05,,0.0833313688635826,0.0273100677877664,0.0843358039855957,0.00027795743592,0.0004123581848412,0.0059688496403396,0.9527299481835716,-0.025483011569622,0.0160031812522087,0.6213186176012752,,0,0,AMBIGUOUS,,False,False
BH050,288,2.880000591278076,0.5792839850749779,8857,1,1,SHELF_NORMAL_Y_NEG,1679,5,28.8822360366077,-9.699935780130623,-49.84460418511817,0.0006389290472038,-0.0003279257654932,0.0002777318026469,-0.0004116253021814,0.0002964046300625,-0.0002817360194715,0.0003642581577878,1.1338073818478732e-05,,0.0833313688635826,0.0273100677877664,0.0843459665775299,0.00027795743592,0.0004123581848412,0.0059688496403396,0.955726650545056,-0.025566133297585,0.0160601088596826,0.6194429203734817,,0,0,ELASTIC_RELOADING,,False,False
BH050,289,2.8900012969970703,0.5766227892163666,8857,1,1,SHELF_NORMAL_Y_NEG,1679,5,28.8822360366077,-9.736673425479191,-49.755296678050094,0.000638609323537,-0.0003280636278834,0.0002779041746849,-0.0004121423487223,0.0002964049678,-0.0002817349706543,0.0003642581577878,1.1338073818478732e-05,,0.0833313688635826,0.0273100677877664,0.0843755304813385,0.00027795743592,0.0004123581848412,0.0059688496403396,0.9573407470474066,-0.0255235088215326,0.0161196085431507,0.617329614213193,,0,0,ELASTIC_RELOADING,,False,False
BH050,290,2.90000057220459,0.5759562437005507,8857,1,1,SHELF_NORMAL_Y_NEG,1679,5,28.8822360366077,-9.6659482715235,-49.539244292924366,0.0006372912190608,-0.0003288631775834,0.0002778656202092,-0.0004126669145357,0.0002971220203266,-0.000282375345819,0.00036527813063,1.1389342944312377e-05,,0.083564706146717,0.0274335611611604,0.0846585929393768,0.00027795743592,0.0004126669145357,0.0059688496403396,0.9574293321530316,-0.0254769072566998,0.0161648481597689,0.6156430723929927,,0,0,ELASTIC_RELOADING,,False,False
BH050,291,2.910001277923584,0.5747646941867841,8857,1,1,SHELF_NORMAL_Y_NEG,1679,5,28.8822360366077,-9.750632209759486,-49.50001632509973,0.000637327651532,-0.0003281100129034,0.0002778457142288,-0.0004128266222202,0.0002976652151973,-0.0002828618489463,0.0003660581714939,1.1428622201492544e-05,,0.083743155002594,0.0275281742215156,0.0848215445876121,0.00027795743592,0.0004128266222202,0.0059688496403396,0.9624812978471152,-0.0255773822475699,0.0162118805024115,0.6143924144577669,,0,0,ELASTIC_RELOADING,,False,False
BH050,292,2.9200005531311035,0.5723574612227196,8857,1,1,SHELF_NORMAL_Y_NEG,1679,5,28.8822360366077,-9.6882253940285,-49.11917937040424,0.0006373152128538,-0.0003301335666682,0.0002807251300485,-0.00041415945148,0.0002992907737515,-0.0002843136742395,0.0003683911636471,1.1546487257874103e-05,,0.084276869893074,0.0278120767325162,0.085414819419384,0.0002807251300485,0.00041415945148,0.0059688496403396,0.9605279201089622,-0.0256896801611906,0.0162781421602816,0.6128541220303432,,0,0,TRUE_ELASTIC_UNLOADING,-0.0003085814712453,True,True
BH050,293,2.9300012588500977,0.5690241256579684,8857,1,1,SHELF_NORMAL_Y_NEG,1679,5,28.8822360366077,-9.841644212520498,-48.82692615480971,0.0006390624110446,-0.0003305845458952,0.0002838827122924,-0.0004162807289171,0.0003021692621036,-0.0002868768658628,0.0003725367423612,1.175749730464304e-05,,0.0852252542972564,0.0283203367143869,0.0863501280546188,0.0002838827122924,0.0004162807289171,0.0059688496403396,0.961614234566096,-0.025890945099884,0.0163387978548894,0.6108029521562403,,0,0,ELASTIC_RELOADING,,False,False
BH050,294,2.940000534057617,0.5672080762256116,8857,1,1,SHELF_NORMAL_Y_NEG,1679,5,28.8822360366077,-9.79630330769304,-48.50675200230932,0.0006373672777459,-0.0003306872147655,0.0002840556481022,-0.0004164150976721,0.0003027541925448,-0.0002873971888488,0.0003733840421773,1.1800964784924872e-05,,0.0854190960526466,0.0284250359982252,0.0865761116147041,0.0002840556481022,0.0004164150976721,0.0059688496403396,0.958552474105213,-0.0259995135570492,0.0163804164150596,0.6087937434791717,,0,0,TRUE_ELASTIC_UNLOADING,0.0013668869945799,True,True
BH050,295,2.950001239776612,0.5657597956084711,8857,1,1,SHELF_NORMAL_Y_NEG,1679,5,28.8822360366077,-9.785002490404194,-48.27835791126604,0.000635478952466,-0.0003330119554454,0.0002851240564439,-0.0004172837494799,0.0003038632056383,-0.0002883811682953,0.0003749949100892,1.1884157174790744e-05,,0.0857876166701316,0.0286254230886697,0.086964875459671,0.0002851240564439,0.0004172837494799,0.0059688496403396,0.954211777224388,-0.0262085699096884,0.0164184200594599,0.606819961110632,,0,0,TRUE_ELASTIC_UNLOADING,9.377072719451984e-05,True,True
BH050,296,2.960000514984131,0.5633979731906004,8857,1,1,SHELF_NORMAL_Y_NEG,1679,5,28.8822360366077,-9.788882573873703,-47.89349697914743,0.0006385359859562,-0.0003312990411015,0.0002895652618181,-0.0004168738131293,0.0003063640911135,-0.0002905981671234,0.0003786238085012,1.2073240213794634e-05,,0.0866177976131439,0.0290808677673339,0.087832972407341,0.0002895652618181,0.0004172837494799,0.0059688496403396,0.9586124151237854,-0.0262630842336689,0.0164692258912983,0.6048418645826392,,0,0,ELASTIC_RELOADING,,False,False
BH050,297,2.970001220703125,0.5604982200837619,8857,1,1,SHELF_NORMAL_Y_NEG,1679,5,28.8822360366077,-9.874129412947344,-47.634825414634186,0.0006386539844475,-0.0003329336944825,0.0002922145835854,-0.0004183544593881,0.0003079649114407,-0.0002920145138311,0.0003809614281635,1.2196002899145242e-05,,0.0871525704860687,0.0293765682727098,0.0883713290095329,0.0002922145835854,0.0004183544593881,0.0059688496403396,0.9587387247346484,-0.0262584755920158,0.0165269714815572,0.6032043177566158,,0,0,ELASTIC_RELOADING,,False,False
BH050,298,2.9800004959106445,0.558721797302044,8857,1,1,SHELF_NORMAL_Y_NEG,1679,5,28.8822360366077,-9.88195655128018,-47.33808765147691,0.0006393727114416,-0.0003354167673474,0.0002950079615906,-0.0004208681685795,0.0003102827210419,-0.0002940624761913,0.000384347513318,1.237493233929854e-05,,0.0879272073507309,0.0298075545579195,0.0891763418912887,0.0002950079615906,0.0004208681685795,0.0059688496403396,0.9613781610245338,-0.0262938588678106,0.0165822302516521,0.6020918375434643,,0,0,ELASTIC_RELOADING,,False,False
BH050,299,2.9900012016296387,0.5574270403526078,8857,1,1,SHELF_NORMAL_Y_NEG,1679,5,28.8822360366077,-9.912597918880728,-47.15401990621389,0.0006398182861895,-0.0003365324349555,0.0002965030245072,-0.0004224185123934,0.0003123233020574,-0.0002958647419902,0.0003873328387271,1.253376012755325e-05,,0.0886101573705673,0.0301901251077651,0.0898648723959922,0.0002965030245072,0.0004224185123934,0.0059688496403396,0.9583693909822542,-0.02630100118245,0.0166294007572495,0.6007321348535761,,0,0,TRUE_ELASTIC_UNLOADING,-0.0002000542173441,True,True
BH050,300,3.000000476837158,0.5548938436398532,8857,1,1,SHELF_NORMAL_Y_NEG,1679,5,28.8822360366077,-9.913543470560596,-46.79963192512532,0.0006399023049076,-0.0003375560530329,0.0002987364739494,-0.0004237489223234,0.0003140576539077,-0.0002973942161103,0.0003898867580574,1.2670566320593936e-05,,0.0891944244503974,0.030519651249051,0.0904876738786697,0.0002987364739494,0.0004237489223234,0.0059688496403396,0.9625824286167242,-0.0262631883955066,0.0166725842371106,0.5987520008555447,-160692.69479379462,1,1,ELASTIC_RELOADING,,False,False
BH050,301,3.0100011825561523,0.5524345877098686,8857,1,1,SHELF_NORMAL_Y_NEG,1679,5,28.8822360366077,-10.041459425310109,-46.61665839037139,0.0006386525056069,-0.000340268117418,0.0002997028787306,-0.0004263937883146,0.0003163129999548,-0.0002993812059347,0.0003932149556931,1.285026883124374e-05,,0.0899558141827583,0.0309525001794099,0.0912239477038383,0.0002997028787306,0.0004263937883146,0.0059688496403396,0.9624961772915,-0.0263222012268354,0.0167178867528008,0.5968186347918701,,0,0,AMBIGUOUS,,False,False
BH050,302,3.020000457763672,0.5506987556268509,8857,1,1,SHELF_NORMAL_Y_NEG,1679,5,28.8822360366077,-10.013058943107236,-46.27995689346866,0.0006377827226293,-0.0003428431787143,0.0003017101208911,-0.0004282229374775,0.000318251997417,-0.0003010844328115,0.0003960820613428,1.3006348126509693e-05,,0.0906117260456085,0.0313284508883953,0.0919168144464492,0.0003017101208911,0.0004282229374775,0.0059688496403396,0.9614462603827052,-0.0265141374143932,0.0167640808484101,0.595225725568533,,0,0,TRUE_ELASTIC_UNLOADING,0.0008042293860323,True,True
BH050,303,3.030001163482666,0.5487618779169492,8857,1,1,SHELF_NORMAL_Y_NEG,1679,5,28.8822360366077,-9.89694336450625,-45.905737568526334,0.0006371631441951,-0.0003454665116553,0.0003023375396863,-0.000431383400468,0.0003199616255745,-0.0003025864055745,0.0003986176743637,1.314553719566902e-05,,0.0911917984485626,0.0316637158393859,0.0925704836845398,0.0003023375396863,0.000431383400468,0.0059688496403396,0.956135519877773,-0.0266927849230944,0.0168126850602595,0.5938109608098763,,0,0,TRUE_ELASTIC_UNLOADING,-0.0001100120332677,True,True
BH050,304,3.039999961853028,0.5456498410344317,8857,1,1,SHELF_NORMAL_Y_NEG,1679,5,28.8822360366077,-9.995579505154035,-45.64939695359923,0.0006369325009943,-0.0003463974113941,0.0003036420494777,-0.0004332329035896,0.0003220555462606,-0.0003044238889995,0.0004017342580482,1.3317784578248393e-05,,0.0919047743082046,0.0320786088705062,0.0932747572660446,0.0003036420494777,0.0004332329035896,0.0059688496403396,0.9610287791705006,-0.0267752768653522,0.0168628852709473,0.5919661829068679,,0,0,ELASTIC_RELOADING,,False,False
BH050,305,3.050000190734864,0.5423067202593465,8857,1,1,SHELF_NORMAL_Y_NEG,1679,5,28.8822360366077,-10.05038472220766,-45.34611020292813,0.0006374360377131,-0.0003467257558535,0.0003063267086991,-0.0004338554156458,0.000324100021824,-0.0003062086931531,0.0004047826223541,1.3488155673258008e-05,,0.0926021486520767,0.0324889793992042,0.0939839035272598,0.0003063267086991,0.0004338554156458,0.0059688496403396,0.964487873048526,-0.0268046029116485,0.016915479616898,0.5897842383959486,,0,0,ELASTIC_RELOADING,,False,False
BH050,306,3.0600006580352783,0.5414901300268254,8857,1,1,SHELF_NORMAL_Y_NEG,1679,5,28.8822360366077,-10.112779218201178,-45.13443149643306,0.0006375515725928,-0.0003493454363419,0.0003082358536134,-0.0004365760013242,0.0003263933602601,-0.0003082098574168,0.0004082143132109,1.3681367818207946e-05,,0.0933872163295745,0.0329543724656105,0.0947724133729934,0.0003082358536134,0.0004365760013242,0.0059688496403396,0.963608598392504,-0.0269271893249547,0.0169614837173972,0.5881799607400777,,0,0,TRUE_ELASTIC_UNLOADING,-8.794850567528378e-05,True,False
BH050,307,3.069999933242798,0.5390980507393184,8857,1,1,SHELF_NORMAL_Y_NEG,1679,5,28.8822360366077,-9.97800365488922,-44.71166259384129,0.0006358971184625,-0.0003501218474199,0.0003094817026883,-0.0004364428465653,0.0003269167883813,-0.0003086641704058,0.0004090008151251,1.3725935787078924e-05,,0.0935671478509903,0.0330617241561412,0.0950488969683647,0.0003094817026883,0.0004365760013242,0.0059688496403396,0.9677657981247048,-0.0268364409010511,0.0170175270067008,0.5865625863374757,,0,0,ELASTIC_RELOADING,,False,False
BH050,308,3.080000400543213,0.5363689768454755,8857,1,1,SHELF_NORMAL_Y_NEG,1679,5,28.8822360366077,-10.081898323976308,-44.40512952554934,0.000638927386554,-0.0003515539681515,0.0003153364115724,-0.0004378875845968,0.000330853896256,-0.0003120971066713,0.0004149437299929,1.4064868992136326e-05,,0.0949267148971557,0.0338781103491783,0.0964219495654106,0.0003153364115724,0.0004378875845968,0.0059688496403396,0.960320892483423,-0.0268819030054393,0.0170810507155422,0.5849661242419409,,0,0,TRUE_ELASTIC_UNLOADING,0.0001455417370703,True,True
BH050,309,3.090000867843628,0.5350913854112267,8857,1,1,SHELF_NORMAL_Y_NEG,1679,5,28.8822360366077,-10.17507611269801,-44.19456817611049,0.0006401378422665,-0.0003503575719539,0.0003168455013415,-0.0004384921336386,0.0003322912880092,-0.0003133457867611,0.0004171241598669,1.419044110662071e-05,,0.0954255312681198,0.0341805778443813,0.0969089046120643,0.0003168455013415,0.0004384921336386,0.0059688496403396,0.9612570903318144,-0.0269991554872458,0.0171292336341739,0.5834519138539718,,0,0,ELASTIC_RELOADING,,False,False
BH050,310,3.1000001430511475,0.5327334694516277,8857,1,1,SHELF_NORMAL_Y_NEG,1679,5,28.8822360366077,-10.127065449417502,-43.86115972477162,0.0006379796074697,-0.000352476645279,0.0003179500451525,-0.0004393212241259,0.0003334833034115,-0.0003143813093139,0.0004189347964711,1.42953940667212e-05,,0.0958397462964057,0.0344333797693252,0.0973648875951767,0.0003179500451525,0.0004393212241259,0.0059688496403396,0.967133902838739,-0.0270466481211771,0.0171737753459792,0.5816241734644919,,0,0,ELASTIC_RELOADING,,False,False
BH050,311,3.1100006103515625,0.5296952279389325,8857,1,1,SHELF_NORMAL_Y_NEG,1679,5,28.8822360366077,-10.15706907132286,-43.4666373604015,0.0006373371540971,-0.0003541301204366,0.0003198262879134,-0.0004413905145759,0.0003356750354608,-0.0003162772629941,0.0004222769348416,1.4490878129436169e-05,,0.0966043248772621,0.0349042452871799,0.0981770977377891,0.0003198262879134,0.0004413905145759,0.0059688496403396,0.9651068282635988,-0.0271158904531179,0.0172267842573624,0.5796644319096114,,0,0,TRUE_ELASTIC_UNLOADING,-0.0012641296779054,True,True
BH050,312,3.119999885559082,0.5283474004074854,8857,1,1,SHELF_NORMAL_Y_NEG,1679,5,28.8822360366077,-10.156809956074394,-43.163854128010215,0.0006347033899341,-0.0003576134654498,0.0003193987584052,-0.0004447588054675,0.00033741436317,-0.0003177822627152,0.0004249459598213,1.4648141586803831e-05,,0.0972149148583412,0.0352830439805984,0.0988197699189186,0.0003198262879134,0.0004447588054675,0.0059688496403396,0.9640742306389488,-0.0272441387188496,0.0172757061851989,0.5781922449108201,,0,0,TRUE_ELASTIC_UNLOADING,-0.0011021462225409,True,False
BH050,313,3.130000352859497,0.5274177687570593,8857,1,1,SHELF_NORMAL_Y_NEG,1679,5,28.8822360366077,-10.14699674864704,-42.93089529777176,0.0006361552774792,-0.0003586817196234,0.0003217262465733,-0.0004464939402819,0.0003393148458416,-0.000319421576897,0.0004278694686945,1.482185962231597e-05,,0.0978837311267852,0.0357014797627925,0.0995162203907966,0.0003217262465733,0.0004464939402819,0.0059688496403396,0.9690180666352612,-0.0273178776953019,0.017327001978395,0.5770085157918887,,0,0,ELASTIC_RELOADING,,False,False
BH050,314,3.140000820159912,0.5253391416218062,8857,1,1,SHELF_NORMAL_Y_NEG,1679,5,28.8822360366077,-10.206024094225349,-42.55908805288615,0.0006380680771237,-0.0003574730230501,0.000325733751144,-0.0004461686580712,0.0003416925348267,-0.0003214680264485,0.0004315318656153,1.5041218830447178e-05,,0.0987215787172317,0.0362298525869846,0.1003814190626144,0.000325733751144,0.0004464939402819,0.0059688496403396,0.9722486769751196,-0.0272887254278839,0.0173813690567756,0.5756529337500275,,0,0,ELASTIC_RELOADING,,False,False
BH050,315,3.150000095367432,0.5232617240577657,8857,1,1,SHELF_NORMAL_Y_NEG,1679,5,28.8822360366077,-10.23788489571488,-42.337324694085765,0.0006378920656952,-0.0003607298103851,0.0003289497492207,-0.0004477865982994,0.0003439051080144,-0.0003233710219546,0.0004349590162746,1.5247929695760831e-05,,0.0995056107640266,0.0367277562618255,0.1011896654963493,0.0003289497492207,0.0004477865982994,0.0059688496403396,0.9699869858753604,-0.02723187855851,0.0174301413296931,0.574148541891324,,0,0,TRUE_ELASTIC_UNLOADING,-4.685881552735083e-05,True,True
BH050,316,3.1600005626678467,0.5219289901170122,8857,1,1,SHELF_NORMAL_Y_NEG,1679,5,28.8822360366077,-10.26466615406932,-42.102660142573214,0.0006389832391812,-0.0003597176903491,0.0003313133358644,-0.0004473092942061,0.0003455155838401,-0.0003247562289315,0.0004374668933451,1.540021548862569e-05,,0.1000793278217315,0.0370945669710636,0.1017821878194809,0.0003313133358644,0.0004477865982994,0.0059688496403396,0.9704843943508248,-0.0273145089003346,0.017474150082004,0.5726608158822795,,0,0,ELASTIC_RELOADING,,False,False
BH050,317,3.1700010299682617,0.5199183686297507,8857,1,1,SHELF_NORMAL_Y_NEG,1679,5,28.8822360366077,-10.208495159087088,-41.76267346751315,0.0006394205916624,-0.0003611815903575,0.0003333923136012,-0.0004490934284987,0.0003472842927969,-0.0003262753146237,0.0004402296908665,1.556943971081637e-05,,0.1007113829255104,0.0375021807849407,0.1024680435657501,0.0003333923136012,0.0004490934284987,0.0059688496403396,0.9726371725568722,-0.027458499486047,0.0175213058744844,0.5710815984014772,,0,0,ELASTIC_RELOADING,,False,False
BH050,318,3.180000305175781,0.5178168471485988,8857,1,1,SHELF_NORMAL_Y_NEG,1679,5,28.8822360366077,-10.204834600055325,-41.427083519777504,0.0006411211269262,-0.0003614660700994,0.000337062848576,-0.0004497023513086,0.0003493654889292,-0.0003280600923001,0.0004434944421518,1.5771001926623285e-05,,0.1014582514762878,0.037987682968378,0.1032569706439971,0.000337062848576,0.0004497023513086,0.0059688496403396,0.9768567711231216,-0.0275952486032748,0.0175717513394454,0.5697248961842263,,0,0,ELASTIC_RELOADING,,False,False
BH050,319,3.1900007724761963,0.5164985792362836,8857,1,1,SHELF_NORMAL_Y_NEG,1679,5,28.8822360366077,-10.31791410551948,-41.22057869950494,0.0006394165458169,-0.0003626720995154,0.0003370709816455,-0.0004514047747881,0.0003509529348217,-0.0003294174184067,0.0004459965857677,1.5926852938719094e-05,,0.1020306721329689,0.038363080471754,0.1037993654608726,0.0003370709816455,0.0004514047747881,0.0059688496403396,0.9728309300203444,-0.0275573200219447,0.0176185767389578,0.5683806716705461,,0,0,TRUE_ELASTIC_UNLOADING,-0.0002444636170646,True,True
BH050,320,3.200000047683716,0.5147487917075058,8857,1,1,SHELF_NORMAL_Y_NEG,1679,5,28.8822360366077,-10.252204256032096,-40.88407760352224,0.0006380820837667,-0.0003658462374799,0.0003397302075472,-0.0004524570536937,0.0003527799364324,-0.0003309751834609,0.000448878185125,1.6107753253891133e-05,,0.1026898995041847,0.0387988165020942,0.1045592352747917,0.0003397302075472,0.0004524570536937,0.0059688496403396,0.9721941042791704,-0.0276820662024438,0.0176661182730488,0.5672211774136623,,0,0,TRUE_ELASTIC_UNLOADING,-0.0014806862588647,True,True
BH050,321,3.210000514984131,0.5137056553993523,8857,1,1,SHELF_NORMAL_Y_NEG,1679,5,28.8822360366077,-10.329503783389848,-40.69954188556564,0.0006377094698118,-0.0003685650445126,0.0003404915651749,-0.0004558518101943,0.0003549861829753,-0.0003328592909893,0.0004523711104411,1.6328709534718655e-05,,0.1034889742732048,0.0393310375511646,0.1053390502929687,0.0003404915651749,0.0004558518101943,0.0059688496403396,0.9733364141177336,-0.0277262824260648,0.0177107765839188,0.5658326523975847,,0,0,ELASTIC_RELOADING,,False,False
BH050,322,3.220000982284546,0.5125118798223606,8857,1,1,SHELF_NORMAL_Y_NEG,1679,5,28.8822360366077,-10.239562798713733,-40.30415913614038,0.0006390415150466,-0.0003676568394305,0.0003435429635234,-0.0004553356006028,0.0003565275823561,-0.0003341725230227,0.0004548229335341,1.648481520533096e-05,,0.1040498688817024,0.0397070460021495,0.1060088872909545,0.0003435429635234,0.0004558518101943,0.0059688496403396,0.9798523812423126,-0.0277190282043223,0.0177571970705251,0.5647222338131653,,0,0,ELASTIC_RELOADING,,False,False
BH050,323,3.230000257492065,0.510745346430413,8857,1,1,SHELF_NORMAL_Y_NEG,1679,5,28.8822360366077,-10.420821780731425,-40.271730182966735,0.0006390463513974,-0.000369956273143,0.0003444055781837,-0.0004582543615485,0.0003588476170308,-0.0003361432151642,0.0004585194110404,1.672153484832961e-05,,0.1048955172300338,0.0402772352099418,0.1067698523402214,0.0003444055781837,0.0004582543615485,0.0059688496403396,0.972442510054382,-0.0276377046510077,0.0178028556799745,0.5635227864819428,,0,0,TRUE_ELASTIC_UNLOADING,8.286063775231334e-06,True,True
BH050,324,3.2400007247924805,0.5090347133333755,8857,1,1,SHELF_NORMAL_Y_NEG,1679,5,28.8822360366077,-10.305055327819629,-39.89796227652506,0.0006381922314093,-0.000370704121017,0.0003456390413368,-0.0004586980464671,0.0003602047644271,-0.000337292010465,0.0004606926813721,1.6861804397194646e-05,,0.1053927019238472,0.0406151041388511,0.1073729917407035,0.0003456390413368,0.0004586980464671,0.0059688496403396,0.9791780973082612,-0.0277058796536439,0.0178480016049547,0.5622829650864054,,0,0,ELASTIC_RELOADING,,False,False
BH050,325,3.25,0.5079948497424169,8857,1,1,SHELF_NORMAL_Y_NEG,1679,5,28.8822360366077,-10.410219542755664,-39.723911978432746,0.0006374644012281,-0.000374387251907,0.0003457426229205,-0.0004634798198297,0.0003627458342146,-0.0003394340691878,0.0004647656169254,1.7126583770732395e-05,,0.1063244715332984,0.0412528812885284,0.1082839295268058,0.0003457426229205,0.0004634798198297,0.0059688496403396,0.9803585377251196,-0.0278038069114946,0.0178923757763229,0.5610806250484305,34979.01355894398,1,1,ELASTIC_RELOADING,,False,False
BH050,326,3.260000467300415,0.5064918524536867,8857,1,1,SHELF_NORMAL_Y_NEG,1679,5,28.8822360366077,-10.278439912131343,-39.34702371868058,0.0006397230266323,-0.0003738370169168,0.0003495835772269,-0.0004630415552169,0.0003640143495509,-0.0003405028873871,0.0004668030014727,1.7259959349757992e-05,,0.1067905500531196,0.0415741391479969,0.1088679954409599,0.0003495835772269,0.0004634798198297,0.0059688496403396,0.9772823716185036,-0.0279297186247357,0.0179345330676943,0.5598060777088831,,0,0,TRUE_ELASTIC_UNLOADING,0.0009983294909061,True,False
BH050,327,3.27000093460083,0.505520385868434,8857,1,1,SHELF_NORMAL_Y_NEG,1679,5,28.8822360366077,-10.34557873053599,-39.15675650577514,0.0006355098448376,-0.0003774521960697,0.0003488255826648,-0.0004649808515011,0.0003656941502946,-0.00034191935262,0.0004695153329521,1.743877146509476e-05,,0.1074110567569732,0.0420048460364341,0.1095006093382835,0.0003495835772269,0.0004649808515011,0.0059688496403396,0.9784836392895828,-0.0279550824139951,0.0179781296249487,0.5586333403061746,,0,0,ELASTIC_RELOADING,,False,False
BH050,328,3.2800002098083496,0.5034847871159075,8857,1,1,SHELF_NORMAL_Y_NEG,1679,5,28.8822360366077,-10.357163213914854,-38.73598828065995,0.0006386218567406,-0.0003768365189591,0.0003525030698948,-0.0004667883122558,0.0003684053429996,-0.0003441979663487,0.000473917054478,1.773163785401266e-05,,0.1084180399775505,0.0427102781832218,0.1105358824133873,0.0003525030698948,0.0004667883122558,0.0059688496403396,0.976948768957997,-0.0279339374618,0.0180217860570941,0.5575148398782966,,0,0,TRUE_ELASTIC_UNLOADING,-2.034827195607214e-05,True,True
BH050,329,3.2900006771087646,0.5012881432381024,8857,1,1,SHELF_NORMAL_Y_NEG,1679,5,28.8822360366077,-10.331309098681404,-38.51556259342088,0.0006342064085736,-0.0003814858970296,0.0003503796010249,-0.0004704906758127,0.0003696580883832,-0.0003452452456232,0.0004759572912007,1.7868909708340652e-05,,0.1088847815990448,0.0430409237742424,0.1110584735870361,0.0003525030698948,0.0004704906758127,0.0059688496403396,0.976124589062566,-0.0278326580675599,0.0180639004195564,0.5561820812712723,,0,0,TRUE_ELASTIC_UNLOADING,-0.0005012413551157,True,True
BH050,330,3.299999952316284,0.5011279268779089,8857,1,1,SHELF_NORMAL_Y_NEG,1679,5,28.8822360366077,-10.46486678112361,-38.479169492955165,0.0006329004525656,-0.0003831718623613,0.0003507134223922,-0.0004717116387662,0.0003706180375576,-0.0003460495937018,0.0004775251145474,1.797453842300456e-05,,0.1092434525489807,0.0432953499257564,0.1113866120576858,0.0003525030698948,0.0004717116387662,0.0059688496403396,0.9849511407318112,-0.0279055212236235,0.0181059158872464,0.555267166688737,,0,0,ELASTIC_RELOADING,,False,False
BH050,331,3.310000419616699,0.5000673443500125,8857,1,1,SHELF_NORMAL_Y_NEG,1679,5,28.8822360366077,-10.350573878333634,-38.07271161200445,0.000632912555365,-0.0003850502538242,0.00035256798577,-0.0004737671432324,0.0003726064585937,-0.0003477162675506,0.0004807923396583,1.819563658500556e-05,,0.1099908947944641,0.0438279099762439,0.1122452542185783,0.00035256798577,0.0004737671432324,0.0059688496403396,0.9819277647180862,-0.0281454473990113,0.0181454813401353,0.5543302970739605,,0,0,TRUE_ELASTIC_UNLOADING,0.0024383361460474,True,False
BH050,332,3.3200008869171143,0.4983356619539861,8857,1,1,SHELF_NORMAL_Y_NEG,1679,5,28.8822360366077,-10.351741058338996,-37.76046352068425,0.0006331915572043,-0.0003858354207018,0.0003558216002691,-0.0004737441624594,0.0003745610304736,-0.0003493455997443,0.0004840155015699,1.841566518123728e-05,,0.1107038930058479,0.0443403422832489,0.113031230866909,0.0003558216002691,0.0004737671432324,0.0059688496403396,0.9838769002139296,-0.028108667711003,0.0181911444198048,0.5531915426695324,,0,0,ELASTIC_RELOADING,,False,False
BH050,333,3.330000162124634,0.4972598348608716,8857,1,1,SHELF_NORMAL_Y_NEG,1679,5,28.8822360366077,-10.394057864983882,-37.52572476814615,0.0006338278962717,-0.0003879664990295,0.0003576556359774,-0.0004765926747396,0.0003770628021086,-0.0003514313723938,0.0004881633212789,1.870078995125368e-05,,0.1116771548986435,0.0450446791946888,0.1140184849500656,0.0003576556359774,0.0004765926747396,0.0059688496403396,0.9786294779022662,-0.0281363569431436,0.0182306374237123,0.5520952782791888,,0,0,TRUE_ELASTIC_UNLOADING,-0.0002272201219921,True,True
BH050,334,3.340000629425049,0.4961950967664576,8857,1,1,SHELF_NORMAL_Y_NEG,1679,5,28.8822360366077,-10.406588555208534,-37.33388344260794,0.000632627681423,-0.0003879042087438,0.0003571951463978,-0.0004772033689712,0.0003782265867108,-0.0003523953574132,0.0004900891217403,1.8834260117728263e-05,,0.1121177300810813,0.0453661680221557,0.1144824177026748,0.0003576556359774,0.0004772033689712,0.0059688496403396,0.9771594741203664,-0.0281466884942419,0.0182639548009161,0.550989951528499,,0,0,TRUE_ELASTIC_UNLOADING,-0.0008957610468811,True,True
BH050,335,3.3499999046325684,0.4951326270912855,8857,1,1,SHELF_NORMAL_Y_NEG,1679,5,28.8822360366077,-10.417397235710675,-37.108590062181634,0.0006338183417716,-0.0003909246385868,0.0003605428431781,-0.0004796988042784,0.0003805341476123,-0.0003543073778573,0.0004939356585964,1.910257014969829e-05,,0.1129976958036422,0.0460124462842941,0.1154068112373352,0.0003605428431781,0.0004796988042784,0.0059688496403396,0.9865367389622752,-0.0282217970067416,0.0183054887014735,0.5499607046193643,,0,0,ELASTIC_RELOADING,,False,False
BH050,336,3.3600003719329834,0.4935902458364112,8857,1,1,SHELF_NORMAL_Y_NEG,1679,5,28.8822360366077,-10.41533653958669,-36.874813554105415,0.0006351377669995,-0.0003918188077956,0.0003626324996453,-0.0004814244644503,0.0003824789081516,-0.0003559115934277,0.0004971833550371,1.933076055138372e-05,,0.1137406751513481,0.0465620905160903,0.1161809936165809,0.0003626324996453,0.0004814244644503,0.0059688496403396,0.9824272109895984,-0.0282752309137918,0.0183493491988544,0.5490878730581938,,0,0,TRUE_ELASTIC_UNLOADING,8.556489637590037e-05,True,True
BH050,337,3.3700008392333984,0.4926880427047806,8857,1,1,SHELF_NORMAL_Y_NEG,1679,5,28.8822360366077,-10.544519022023817,-36.78516632441982,0.000634196647406,-0.00039392625944,0.0003639568975593,-0.0004827790463668,0.0003844974442559,-0.000357576083566,0.0005005693528801,1.9570539734559134e-05,,0.1145152896642685,0.0471396446228027,0.1169034987688064,0.0003639568975593,0.0004827790463668,0.0059688496403396,0.9863097912721492,-0.0282342628312945,0.0183868843422628,0.5482526268850738,,0,0,ELASTIC_RELOADING,,False,False
BH050,338,3.380000114440918,0.4915049344368136,8857,1,1,SHELF_NORMAL_Y_NEG,1679,5,28.8822360366077,-10.50130719311426,-36.55396171943219,0.0006339560061538,-0.0003949861326252,0.0003652391304578,-0.0004836155346368,0.0003857955631563,-0.000358647811316,0.00050274876412,1.972566678887233e-05,,0.1150138676166534,0.0475133024156093,0.1174788102507591,0.0003652391304578,0.0004836155346368,0.0059688496403396,0.9870439581911332,-0.0282781447230127,0.0184238000528553,0.5472016240326278,,0,0,ELASTIC_RELOADING,,False,False
BH050,339,3.390000581741333,0.490661304200909,8857,1,1,SHELF_NORMAL_Y_NEG,1679,5,28.8822360366077,-10.502059403798198,-36.370213769129165,0.0006362930311073,-0.0003924599600241,0.0003673179530347,-0.0004826229111473,0.0003864928248183,-0.0003592221801662,0.0005039304960519,1.980998058570549e-05,,0.1152842193841934,0.04771638661623,0.1177850738167762,0.0003673179530347,0.0004836155346368,0.0059688496403396,0.9906218015572954,-0.0283098873580295,0.0184593315148371,0.5461185718792883,,0,0,ELASTIC_RELOADING,,False,False
BH050,340,3.400001049041748,0.4897023593256014,8857,1,1,SHELF_NORMAL_Y_NEG,1679,5,28.8822360366077,-10.50421319616389,-36.13819560368108,0.0006363301968482,-0.0003936789686823,0.0003697521363094,-0.000483063602441,0.0003882433586755,-0.0003606603293219,0.0005068946629762,2.002241853915621e-05,,0.1159623265266418,0.0482280887663364,0.1185171380639076,0.0003697521363094,0.0004836155346368,0.0059688496403396,0.983218774508938,-0.0284091683066715,0.0184967545385914,0.5453141114867487,,0,0,TRUE_ELASTIC_UNLOADING,-0.0011724018200207,True,True
BH050,341,3.410000324249268,0.4879307671099242,8857,1,1,SHELF_NORMAL_Y_NEG,1679,5,28.8822360366077,-10.546835825281423,-35.99731913320504,0.0006368296375946,-0.0003962705294401,0.0003710737639605,-0.0004861014032496,0.0003902467582435,-0.0003622972005876,0.0005102868890389,2.0267605577828363e-05,,0.1167383641004562,0.0488186702132225,0.1192813068628311,0.0003710737639605,0.0004861014032496,0.0059688496403396,0.9882179353546656,-0.0284461775943246,0.0185367358215685,0.5444500925888733,,0,0,ELASTIC_RELOADING,,False,False
BH050,342,3.4200007915496826,0.487542627747658,8857,1,1,SHELF_NORMAL_Y_NEG,1679,5,28.8822360366077,-10.487533987652254,-35.72834407053372,0.000636765717536,-0.0003963657526632,0.0003728240506338,-0.000485831773831,0.000391372932302,-0.0003632175297987,0.0005122033180668,2.0406740077305585e-05,,0.1171767860651016,0.049153808504343,0.1198265254497528,0.0003728240506338,0.0004861014032496,0.0059688496403396,0.987822686524196,-0.028470141432898,0.0185743236277055,0.5435661592141783,,0,0,TRUE_ELASTIC_UNLOADING,0.0001669149592187,True,True
BH050,343,3.430000066757202,0.4868634153628382,8857,1,1,SHELF_NORMAL_Y_NEG,1679,5,28.8822360366077,-10.592498598195888,-35.68475457992553,0.0006376773733165,-0.0003971900427853,0.0003747660874904,-0.000486652554544,0.0003930195492598,-0.0003645623994258,0.0005150181241333,2.061216764559504e-05,,0.1178207322955131,0.0496486201882362,0.1203953623771667,0.0003747660874904,0.000486652554544,0.0059688496403396,0.9833861643784868,-0.028475458976813,0.0186060440346357,0.5426766882136109,,0,0,TRUE_ELASTIC_UNLOADING,0.0003096524898352,True,True
BH050,344,3.440000534057617,0.4858148696077885,8857,1,1,SHELF_NORMAL_Y_NEG,1679,5,28.8822360366077,-10.604711993064628,-35.551176909542946,0.0006372670126369,-0.0003988292756611,0.000375868528443,-0.0004877867581279,0.0003943782932567,-0.000365668382507,0.0005173409590497,2.0782721549039707e-05,,0.1183521300554275,0.0500594340264797,0.1209606602787971,0.000375868528443,0.0004877867581279,0.0059688496403396,0.9850555462884802,-0.0285058104070403,0.0186400752801597,0.5417367112524241,,0,0,ELASTIC_RELOADING,,False,False
BH050,345,3.450001001358032,0.4849573962366016,8857,1,1,SHELF_NORMAL_Y_NEG,1679,5,28.8822360366077,-10.60715278824195,-35.353727076314804,0.0006391172473067,-0.000397817076178,0.0003782039231181,-0.0004876711310941,0.0003955111710709,-0.0003665895550774,0.0005192917305976,2.0926527213305235e-05,,0.1187984123826026,0.0504058189690113,0.1214717328548431,0.0003782039231181,0.0004877867581279,0.0059688496403396,0.9833679867834442,-0.0285171381915734,0.0186768700365788,0.54090687878359,,0,0,TRUE_ELASTIC_UNLOADING,0.0008972497078374,True,False
BH050,346,3.460000276565552,0.4841807201599267,8857,1,1,SHELF_NORMAL_Y_NEG,1679,5,28.8822360366077,-10.549101133406834,-35.13844860479619,0.0006391188113698,-0.0003992278284146,0.0003798872869687,-0.0004884869048568,0.0003967606463273,-0.0003676063059162,0.000521442561876,2.108567969116848e-05,,0.1192904487252235,0.0507891736924648,0.1220364496111869,0.0003798872869687,0.0004884869048568,0.0059688496403396,0.985921571709765,-0.0285450327577835,0.0187115534835969,0.5401406303303375,,0,0,ELASTIC_RELOADING,,False,False
BH050,347,3.470000743865967,0.4830240831726241,8857,1,1,SHELF_NORMAL_Y_NEG,1679,5,28.8822360366077,-10.527695747677456,-34.975153513341944,0.0006387452289581,-0.0004001711964133,0.0003800674481407,-0.0004898573336891,0.0003979532679935,-0.00036857209553,0.0005234922282397,2.1238265617284924e-05,,0.1197593584656715,0.0511567033827304,0.1225274056196212,0.0003800674481407,0.0004898573336891,0.0059688496403396,0.9877167762047744,-0.0285449770204576,0.0187446701323786,0.5392209481917178,,0,0,ELASTIC_RELOADING,,False,False
BH050,348,3.4800000190734863,0.481925316348875,8857,1,1,SHELF_NORMAL_Y_NEG,1679,5,28.8822360366077,-10.51579347128296,-34.804720730527784,0.0006386234508657,-0.0004006021458285,0.0003809231102493,-0.000490406675897,0.0003991178097452,-0.0003695110224443,0.0005255000432953,2.1388912500697188e-05,,0.1202186867594719,0.0515195690095424,0.122996024787426,0.0003809231102493,0.000490406675897,0.0059688496403396,0.9874301805547168,-0.028549182746048,0.0187762190206783,0.5382342806844505,,0,0,TRUE_ELASTIC_UNLOADING,-0.0002741685723415,True,True
BH050,349,3.4900004863739014,0.4811758417160025,8857,1,1,SHELF_NORMAL_Y_NEG,1679,5,28.8822360366077,-10.484540766269353,-34.656571106622835,0.000637120770534,-0.0004030981948753,0.0003808091082502,-0.0004923220898293,0.0003998935058678,-0.0003701377207626,0.0005268462700769,2.149024476238992e-05,,0.1205266565084457,0.0517636500298976,0.123360589146614,0.0003809231102493,0.0004923220898293,0.0059688496403396,0.986593231570288,-0.028599507587623,0.0188083984988587,0.5374186780889588,,0,0,TRUE_ELASTIC_UNLOADING,0.001005348155647,True,True
BH050,350,3.5000009536743164,0.4803903439589509,8857,1,1,SHELF_NORMAL_Y_NEG,1679,5,28.8822360366077,-10.634540663790755,-34.696296106461155,0.0006366632624148,-0.000404843790122,0.0003815857132083,-0.0004935958408769,0.0004011516129516,-0.0003711496698888,0.000529017066583,2.165447040169965e-05,,0.1210232749581337,0.0521592199802398,0.1237995028495788,0.0003815857132083,0.0004935958408769,0.0059688496403396,0.9880965679898164,-0.0286410750649853,0.0188440462254813,0.536781176993452,69386.75232488132,1,1,ELASTIC_RELOADING,,False,False
BH050,351,3.510000228881836,0.4795255085275144,8857,1,1,SHELF_NORMAL_Y_NEG,1679,5,28.8822360366077,-10.537372577168176,-34.45907381907277,0.0006368919851804,-0.0004062140230898,0.0003832792822052,-0.0004944693442085,0.0004024055486126,-0.0003721545757555,0.000531191995833,2.181968193326611e-05,,0.1215208321809768,0.0525571629405021,0.1243521049618721,0.0003832792822052,0.0004944693442085,0.0059688496403396,0.9859149844471546,-0.0286853107776706,0.0188807694523308,0.536115662614201,,0,0,TRUE_ELASTIC_UNLOADING,-0.0005797053704534,True,True
BH050,352,3.520000696182251,0.4792856999419418,8857,1,1,SHELF_NORMAL_Y_NEG,1679,5,28.8822360366077,-10.452673265015884,-34.21235979212359,0.0006378867728142,-0.0004057711099289,0.000384769473986,-0.0004946509442838,0.000403392568592,-0.0003729455371239,0.0005328935221768,2.19501816900447e-05,,0.1219100877642631,0.052871499210596,0.1247985363006591,0.000384769473986,0.0004946509442838,0.0059688496403396,0.9878984297769772,-0.0286660400949926,0.0189123533105705,0.5353498850465669,,0,0,ELASTIC_RELOADING,,False,False
BH050,353,3.5299999713897705,0.4781433065800422,8857,1,1,SHELF_NORMAL_Y_NEG,1679,5,28.8822360366077,-10.370870405908688,-34.28476139692606,0.0006361065166314,-0.0004089997732019,0.0003832075717684,-0.0004965953241177,0.000403670464656,-0.0003731660301917,0.0005333735025487,2.1987181753502227e-05,,0.1220198944211006,0.0529606230556964,0.1249206885695457,0.000384769473986,0.0004965953241177,0.0059688496403396,0.9809213778300938,-0.0286131376751771,0.0189437776429767,0.5345921489180707,,0,0,TRUE_ELASTIC_UNLOADING,0.0023144788553772,True,True
BH050,354,3.540000438690185,0.4774176900869774,8857,1,1,SHELF_NORMAL_Y_NEG,1679,5,28.8822360366077,-10.33329267997674,-34.1992856622682,0.0006356824743442,-0.0004111964406112,0.0003832962452194,-0.0004986103680151,0.0004046015466227,-0.0003739169157862,0.0005349830025807,2.2110943973530084e-05,,0.12238809466362,0.05325872823596,0.1253440976142883,0.000384769473986,0.0004986103680151,0.0059688496403396,0.9815937998591582,-0.0285708607864519,0.018979549324181,0.5340005683844927,,0,0,ELASTIC_RELOADING,,False,False
BH050,355,3.5500009059906006,0.4761688032822908,8857,1,1,SHELF_NORMAL_Y_NEG,1679,5,28.8822360366077,-10.328541665192375,-34.03509483489654,0.0006392751230427,-0.0004090278382151,0.0003866758907588,-0.0004977568872982,0.0004060972087193,-0.0003751181285221,0.0005375670152716,2.231045982625801e-05,,0.1229792535305023,0.0537393018603324,0.1259457617998123,0.0003866758907588,0.0004986103680151,0.0059688496403396,0.9769841578239218,-0.0284673344907293,0.0190163851233265,0.5334305508801942,,0,0,TRUE_ELASTIC_UNLOADING,-8.722787665793597e-05,True,True
BH050,356,3.56000018119812,0.4756360787688132,8857,1,1,SHELF_NORMAL_Y_NEG,1679,5,28.8822360366077,-10.306367062507116,-33.956387648858474,0.0006386078799894,-0.0004119145819531,0.0003879147300421,-0.0004991283269254,0.0004072956190175,-0.0003760761769681,0.0005396442720666,2.247161319246516e-05,,0.1234544664621353,0.0541274733841419,0.1264654546976089,0.0003879147300421,0.0004991283269254,0.0059688496403396,0.9790543657786452,-0.028561288881757,0.0190479848149993,0.5327558229659602,,0,0,ELASTIC_RELOADING,,False,False
BH050,357,3.570000648498535,0.475153670143918,8857,1,1,SHELF_NORMAL_Y_NEG,1679,5,28.8822360366077,-10.320027409689915,-33.86812925966831,0.0006410529876715,-0.0004114512144972,0.0003907056056126,-0.0004990236989756,0.0004085625675001,-0.0003770925494259,0.0005418336950242,2.2642096155323088e-05,,0.1239553391933441,0.0545381158590316,0.1269628703594207,0.0003907056056126,0.0004991283269254,0.0059688496403396,0.9814210262459364,-0.0286411153625291,0.0190765587852875,0.5320706309226348,,0,0,ELASTIC_RELOADING,,False,False
BH050,358,3.5799999237060547,0.4745122987947807,8857,1,1,SHELF_NORMAL_Y_NEG,1679,5,28.8822360366077,-10.318329109212092,-33.76526246656772,0.000640037251616,-0.0004129912677424,0.0003905138685766,-0.0005004390745787,0.0004095744892082,-0.0003779039127702,0.0005435884231701,2.27793261728948e-05,,0.1243567615747451,0.0548686683177948,0.127381294965744,0.0003907056056126,0.0005004390745787,0.0059688496403396,0.9740900420153624,-0.0286679292346632,0.0191061038230801,0.531332563641417,,0,0,TRUE_ELASTIC_UNLOADING,5.513836814963202e-05,True,True
BH050,359,3.5900003910064697,0.4731258469175189,8857,1,1,SHELF_NORMAL_Y_NEG,1679,5,28.8822360366077,-10.325237838976856,-33.57723865956544,0.0006412030490732,-0.0004149351706677,0.0003928613975757,-0.0005025487058937,0.0004115698770294,-0.0003795022195917,0.000547059578821,2.305218367837369e-05,,0.1251508593559265,0.0555258952081203,0.1281798630952835,0.0003928613975757,0.0005025487058937,0.0059688496403396,0.9737303666084502,-0.0285589141140149,0.0191396715068269,0.5307373930871755,,0,0,TRUE_ELASTIC_UNLOADING,-0.0006215094731572,True,True
BH050,360,3.6000008583068848,0.4729080026994728,8857,1,1,SHELF_NORMAL_Y_NEG,1679,5,28.8822360366077,-10.293790814659486,-33.469542712672165,0.0006423372555061,-0.0004155549653821,0.0003938908035846,-0.0005038003673173,0.0004128881920792,-0.0003805539828716,0.0005493475473485,2.3232925741467625e-05,,0.1256742775440216,0.0559612512588501,0.1287822723388672,0.0003938908035846,0.0005038003673173,0.0059688496403396,0.9698763171498038,-0.0285177775971792,0.0191711475236274,0.5301468899825771,,0,0,TRUE_ELASTIC_UNLOADING,0.0002523147422707,True,True
BH050,361,3.610000133514404,0.4724220244007246,8857,1,1,SHELF_NORMAL_Y_NEG,1679,5,28.8822360366077,-10.163042814129884,-33.3142359354427,0.0006437254943117,-0.0004155365231743,0.0003964805058034,-0.0005027502228255,0.0004134311895153,-0.0003809855663185,0.0005502896383404,2.3307555238716304e-05,,0.1258898079395294,0.056141011416912,0.1291320770978927,0.0003964805058034,0.0005038003673173,0.0059688496403396,0.9708837713879874,-0.0286459293691103,0.0191987669391016,0.5295829566656045,,0,0,ELASTIC_RELOADING,,False,False
BH050,362,3.6200006008148193,0.4708901712792352,8857,1,1,SHELF_NORMAL_Y_NEG,1679,5,28.8822360366077,-10.249011626025943,-33.061550799480365,0.0006416521161757,-0.0004191337693299,0.000397067467543,-0.0005060280550124,0.0004165185469213,-0.0003834400572545,0.0005556604592129,2.373571260250173e-05,,0.1271184831857681,0.0571723170578479,0.1303199976682663,0.000397067467543,0.0005060280550124,0.0059688496403396,0.9730843674078338,-0.0285759342965438,0.0192270175164343,0.5287525049476636,,0,0,ELASTIC_RELOADING,,False,False
BH050,363,3.6300010681152335,0.4698278007823568,8857,1,1,SHELF_NORMAL_Y_NEG,1679,5,28.8822360366077,-10.180876579397523,-32.748023231642186,0.0006416826808981,-0.0004230665127081,0.0003998734138899,-0.0005088816784334,0.0004191719098947,-0.0003855460558315,0.0005603056051768,2.41096131503582e-05,,0.1281811445951461,0.0580729283392429,0.1315588951110839,0.0003998734138899,0.0005088816784334,0.0059688496403396,0.9692699583414548,-0.0285774442994186,0.0192560643467226,0.5279193708051118,,0,0,TRUE_ELASTIC_UNLOADING,-0.0003379306372834,True,True
BH050,364,3.640000343322754,0.4693719052833768,8857,1,1,SHELF_NORMAL_Y_NEG,1679,5,28.8822360366077,-10.29808016516306,-32.83154676996766,0.0006449343963242,-0.0004235875108295,0.0004024440484131,-0.0005103165688455,0.0004215604833742,-0.0003874354624411,0.0005644858465529,2.4448610929539427e-05,,0.1291374713182449,0.0588894821703434,0.1323760151863098,0.0004024440484131,0.0005103165688455,0.0059688496403396,0.9722342350986534,-0.0286773779660005,0.0192812198655182,0.527293655969455,,0,0,ELASTIC_RELOADING,,False,False
BH050,365,3.650000810623169,0.4683170586665826,8857,1,1,SHELF_NORMAL_Y_NEG,1679,5,28.8822360366077,-10.184838490307069,-32.59634782312277,0.0006430509261703,-0.0004245839374663,0.0004018675053923,-0.0005108490909667,0.0004218864145179,-0.000387691054842,0.0005650576204061,2.4495262550772168e-05,,0.1292682737112045,0.0590018481016159,0.132644310593605,0.0004024440484131,0.0005108490909667,0.0059688496403396,0.9722906641970492,-0.028672668986611,0.0193083170261598,0.5266395762853596,,0,0,ELASTIC_RELOADING,,False,False
BH050,366,3.660000085830689,0.4683944039117869,8857,1,1,SHELF_NORMAL_Y_NEG,1679,5,28.8822360366077,-10.187923467304133,-32.58691751387534,0.0006442025775067,-0.0004252185168984,0.0004031163760212,-0.0005114729623016,0.0004219504020259,-0.000387742249452,0.0005651718820445,2.450456122460309e-05,,0.1292944103479385,0.0590242445468902,0.1327253729104995,0.0004031163760212,0.0005114729623016,0.0059688496403396,0.9738098941367492,-0.0286818852307518,0.0193411933510404,0.5262881565252413,,0,0,ELASTIC_RELOADING,,False,False
BH050,367,3.670000553131104,0.4683247409047693,8857,1,1,SHELF_NORMAL_Y_NEG,1679,5,28.8822360366077,-10.24779643530702,-32.62044391291663,0.0006437229692527,-0.0004261152943825,0.0004020964784638,-0.0005130921482294,0.0004224570938416,-0.0003881434784264,0.0005660668830387,2.4577242584200576e-05,,0.1294991672039032,0.0591993145644664,0.132876917719841,0.0004031163760212,0.0005130921482294,0.0059688496403396,0.9700819799306593,-0.0286568375716646,0.0193689944124828,0.5259039118641544,,0,0,TRUE_ELASTIC_UNLOADING,0.0010687054846942,True,True
BH050,368,3.680001020431519,0.4678737631100114,8857,1,1,SHELF_NORMAL_Y_NEG,1679,5,28.8822360366077,-10.257904897789627,-32.55254658187485,0.000642787765869,-0.0004283217959031,0.0004013868640445,-0.0005156122713399,0.0004234372401843,-0.0003889199450818,0.0005677909939549,2.471771767886821e-05,,0.1298935860395431,0.0595376752316951,0.1332797408103943,0.0004031163760212,0.0005156122713399,0.0059688496403396,0.9721055788776132,-0.0285807925972149,0.0193952346016991,0.5253918106933575,,0,0,ELASTIC_RELOADING,,False,False
BH050,369,3.690000295639038,0.4674814711633865,8857,1,1,SHELF_NORMAL_Y_NEG,1679,5,28.8822360366077,-10.26760412210248,-32.462360661249846,0.0006422360345802,-0.0004286587125016,0.0004013537846246,-0.0005161209863802,0.0004244181310422,-0.0003896923960925,0.0005695144645869,2.485854383849073e-05,,0.1302878707647323,0.0598768889904022,0.1337081044912338,0.0004031163760212,0.0005161209863802,0.0059688496403396,0.9654519826078468,-0.0285578934418315,0.0194209289596315,0.5247862874345985,,0,0,TRUE_ELASTIC_UNLOADING,-0.0003013212022513,True,True
BH050,370,3.700000762939453,0.4670360941455997,8857,1,1,SHELF_NORMAL_Y_NEG,1679,5,28.8822360366077,-10.25346773869338,-32.36822247520316,0.0006442559043324,-0.0004283636275638,0.0004042226443312,-0.0005155299193402,0.0004254796810778,-0.0003905275664966,0.0005713878781534,2.5012046535266563e-05,,0.1307164430618286,0.0602466277778148,0.1341600120067596,0.0004042226443312,0.0005161209863802,0.0059688496403396,0.9716063790874464,-0.0286056040135326,0.0194430188970507,0.524164781205896,,0,0,ELASTIC_RELOADING,,False,False
BH050,371,3.7100000381469727,0.4667456181755592,8857,1,1,SHELF_NORMAL_Y_NEG,1679,5,28.8822360366077,-10.168981068709058,-32.19387418033978,0.0006424452414257,-0.0004304855600675,0.0004043809407507,-0.0005163040558232,0.000426102552652,-0.0003910173311056,0.0005724930670112,2.5102841391344555e-05,,0.1309692859649658,0.0604653246700763,0.1345282942056656,0.0004043809407507,0.0005163040558232,0.0059688496403396,0.9700356386778856,-0.0286870961607694,0.0194696217658307,0.5237257212264522,,0,0,TRUE_ELASTIC_UNLOADING,-0.0024644777992188,True,False
BH050,372,3.720000505447388,0.4656123477325922,8857,1,1,SHELF_NORMAL_Y_NEG,1679,5,28.8822360366077,-10.2649114291202,-32.2027389724867,0.000644788049937,-0.0004296750888732,0.0004069492148363,-0.0005158699547801,0.0004270682096931,-0.0003917775882855,0.0005742058856412,2.524384399293922e-05,,0.1313611268997192,0.0608049593865871,0.1348420083522796,0.0004069492148363,0.0005163040558232,0.0059688496403396,0.972696605090752,-0.0287158958982907,0.0194978806784912,0.523188242022181,,0,0,ELASTIC_RELOADING,,False,False
BH050,373,3.7300009727478014,0.465195011453675,8857,1,1,SHELF_NORMAL_Y_NEG,1679,5,28.8822360366077,-10.183896012282586,-32.05866949415586,0.0006440711354011,-0.0004317177646867,0.0004070514769497,-0.0005175293115122,0.000427876588057,-0.000392416306863,0.0005756450118497,2.536272404540796e-05,,0.1316903531551361,0.0610913075506687,0.1352670937776565,0.0004070514769497,0.0005175293115122,0.0059688496403396,0.9700601493208846,-0.028736094964323,0.0195216291814731,0.522668066815164,,0,0,TRUE_ELASTIC_UNLOADING,-0.0005610776141662,True,True
BH050,374,3.740000247955322,0.4649885868999042,8857,1,1,SHELF_NORMAL_Y_NEG,1679,5,28.8822360366077,-10.187750318339324,-32.007266734041785,0.0006430396907861,-0.0004324393765739,0.0004068080136458,-0.0005178449033751,0.0004283098836878,-0.0003927568248727,0.0005764124798588,2.542627044022084e-05,,0.131865918636322,0.0612443722784519,0.1354572176933288,0.0004070514769497,0.0005178449033751,0.0059688496403396,0.9683077031215463,-0.0287655172365562,0.019542662052552,0.5221073576239215,,0,0,TRUE_ELASTIC_UNLOADING,0.0009826663276404,True,True
BH050,375,3.750000715255737,0.4642543352660021,8857,1,1,SHELF_NORMAL_Y_NEG,1679,5,28.8822360366077,-10.211879392929925,-31.957085752370915,0.0006413123568746,-0.0004353159422364,0.0004052275900888,-0.0005210882226666,0.000429185426332,-0.0003934447571295,0.000577971804887,2.5555638785590418e-05,,0.1322226524353027,0.061555977910757,0.1358199268579483,0.0004070514769497,0.0005210882226666,0.0059688496403396,0.96974466396533,-0.0287524832067204,0.0195659060521996,0.5214896322770345,15301.528861713528,1,1,ELASTIC_RELOADING,,False,False
BH050,376,3.759999990463257,0.4639229452846901,8857,1,1,SHELF_NORMAL_Y_NEG,1679,5,28.8822360366077,-10.20828194594913,-31.87178560259392,0.0006447867138317,-0.0004339845649986,0.0004086307201223,-0.0005203928375789,0.0004303631634661,-0.000394366512119,0.0005800658254884,2.573002529970836e-05,,0.1327016949653625,0.0619760304689407,0.1363258808851242,0.0004086307201223,0.0005210882226666,0.0059688496403396,0.9656156794564644,-0.0287072698849226,0.0195905303763435,0.5210698497067258,,0,0,TRUE_ELASTIC_UNLOADING,0.0026286087456628,True,True
BH050,377,3.770000457763672,0.4632052375509539,8857,1,1,SHELF_NORMAL_Y_NEG,1679,5,28.8822360366077,-10.161442337075307,-31.74333889972993,0.000645915145927,-0.0004323451762092,0.0004090460907682,-0.0005200306145754,0.0004309167778488,-0.0003947998132307,0.0005810525617562,2.581228909548372e-05,,0.1329274475574493,0.0621741786599159,0.1366097778081894,0.0004090460907682,0.0005210882226666,0.0059688496403396,0.987524554964286,-0.0287050826220468,0.0196142388924827,0.5206164938948288,,0,0,ELASTIC_RELOADING,,False,False
BH050,378,3.780000925064087,0.4631005105881426,8857,1,1,SHELF_NORMAL_Y_NEG,1679,5,28.8822360366077,-10.237410484895022,-31.700102687151464,0.0006431863565547,-0.0004360657214818,0.0004073392032641,-0.0005235532512542,0.0004321236307026,-0.0003957392057389,0.0005832079914398,2.599251092760824e-05,,0.1334205418825149,0.0626082792878151,0.1370895355939865,0.0004090460907682,0.0005235532512542,0.0061386204324662,0.7905176373073832,-0.0286659890864377,0.0196371643129117,0.5201246118809615,,0,0,CONTINUED_PLASTIC_LOADING,,False,False
BH050,379,3.7900002002716064,0.4623995221074756,8857,1,1,SHELF_NORMAL_Y_NEG,1679,5,28.8822360366077,-10.197891675840648,-31.62109647054752,0.0006444610280585,-0.0004394340526648,0.0004103996575596,-0.0005254087540757,0.00043399187447,-0.0003971971454874,0.0005865499842911,2.6272147806594148e-05,,0.1341850906610489,0.0632818415760994,0.1379553973674774,0.0004103996575596,0.0005254087540757,0.0062794941477477,0.946363558654659,-0.0289436825098215,0.0196590570389751,0.5195606325096165,,0,0,CONTINUED_PLASTIC_LOADING,,False,False
BH050,380,3.8000006675720215,0.4621492377688302,8857,1,1,SHELF_NORMAL_Y_NEG,1679,5,28.8822360366077,-10.17826481769363,-31.61915364526308,0.0006461009597471,-0.0004396135115163,0.0004104432191814,-0.0005270623431356,0.0004350373988601,-0.0003980147679175,0.0005884250858798,2.642935760377441e-05,,0.1346140503883361,0.0636605098843574,0.1384065896272659,0.0004104432191814,0.0005270623431356,0.0064079980365931,0.7707002751009275,-0.0290468065124491,0.0196834845614322,0.5191928775751011,,0,0,CONTINUED_PLASTIC_LOADING,,False,False
BH050,381,3.809999942779541,0.4610709862259297,8857,1,1,SHELF_NORMAL_Y_NEG,1679,5,28.8822360366077,-10.197690841434945,-31.583266786944225,0.0006482666607738,-0.0004430915478917,0.0004150778225736,-0.0005284538242565,0.0004376915649463,-0.0004000864257957,0.0005931682535447,2.68268704530783e-05,,0.1356991380453109,0.0646180063486099,0.1395070403814315,0.0004150778225736,0.0005284538242565,0.0065477099269628,0.9864534535498728,-0.0290873569380584,0.0197126424525787,0.5189978782801061,,0,0,CONTINUED_PLASTIC_LOADING,,False,False
BH050,382,3.820000410079956,0.4605014907353555,8857,1,1,SHELF_NORMAL_Y_NEG,1679,5,28.8822360366077,-10.17729291448194,-31.468754696070725,0.0006502591074628,-0.0004439179691964,0.0004174615007908,-0.0005295395727698,0.0004395935080101,-0.0004015685805114,0.0005965715972706,2.711314482439775e-05,,0.1364777237176895,0.0653075501322746,0.1403587460517883,0.0004174615007908,0.0005295395727698,0.0066860043443739,0.7437793869357199,-0.0290257160654553,0.0197397631677228,0.5186687406565956,,0,0,CONTINUED_PLASTIC_LOADING,,False,False
BH050,383,3.830000877380371,0.4604605324171213,8857,1,1,SHELF_NORMAL_Y_NEG,1679,5,28.8822360366077,-10.20160673957098,-31.536583429949523,0.0006519100392711,-0.0004471758967832,0.0004186678427742,-0.0005329412958812,0.0004418890560847,-0.0004033619733323,0.0006006883922964,2.745970596151892e-05,,0.1374195367097854,0.0661423131823539,0.1412785947322845,0.0004186678427742,0.0005329412958812,0.0067749884910881,0.8014063076849337,-0.0289078642421446,0.0197602870099868,0.5182356360280442,,0,0,CONTINUED_PLASTIC_LOADING,,False,False
BH050,384,3.84000015258789,0.459995527937393,8857,1,1,SHELF_NORMAL_Y_NEG,1679,5,28.8822360366077,-10.220345889025417,-31.54612948318283,0.000652692916634,-0.0004482346294804,0.0004189812251001,-0.0005345330703633,0.000442459351681,-0.0004038072940356,0.000601710868068,2.7545798729988743e-05,,0.1376534402370453,0.0663496926426887,0.1415295898914337,0.0004189812251001,0.0005345330703633,0.0068694157525897,0.8027140160954251,-0.0287723190589752,0.0197762859969713,0.5176521557458298,,0,0,CONTINUED_PLASTIC_LOADING,,False,False
BH050,385,3.8500006198883057,0.4591117873101804,8857,1,1,SHELF_NORMAL_Y_NEG,1679,5,28.8822360366077,-10.168307510541185,-31.40400406964636,0.0006538257692211,-0.000450675975758,0.000422205901137,-0.0005355053146315,0.0004446139960368,-0.0004054841258556,0.0006055677658878,2.78710631391732e-05,,0.1385357826948166,0.0671331509947776,0.1425167024135589,0.000422205901137,0.0005355053146315,0.0069475905038416,0.9562041287827048,-0.0285810172872134,0.019797067889034,0.5171599163257774,,0,0,CONTINUED_PLASTIC_LOADING,,False,False
BH050,386,3.859999895095825,0.4588239541355294,8857,1,1,SHELF_NORMAL_Y_NEG,1679,5,28.8822360366077,-10.049683996841926,-31.23935051637945,0.0006592475754826,-0.0004480075282831,0.0004263459887655,-0.0005344367657868,0.0004461883076931,-0.00040671097961,0.0006083909538574,2.810991463775281e-05,,0.1391816437244415,0.0677084773778915,0.1432683616876602,0.0004263459887655,0.0005355053146315,0.0070011806674301,0.9760202767893572,-0.0285053252792707,0.0198219709483307,0.5168882566496279,,0,0,CONTINUED_PLASTIC_LOADING,,False,False
BH050,387,3.87000036239624,0.4582341286720675,8857,1,1,SHELF_NORMAL_Y_NEG,1679,5,28.8822360366077,-10.117096364750571,-31.24826518752749,0.0006560723413243,-0.0004520770666364,0.0004247288979708,-0.0005373525227356,0.0004470567770385,-0.0004073850314107,0.0006099484162405,2.8241935069672763e-05,,0.1395379453897476,0.0680264756083488,0.1436126232147216,0.0004263459887655,0.0005373525227356,0.0070483493618667,0.9020203804248056,-0.0283403345462721,0.019844502842482,0.516602581406053,,0,0,CONTINUED_PLASTIC_LOADING,,False,False
BH050,388,3.8800008296966553,0.4580012085389908,8857,1,1,SHELF_NORMAL_Y_NEG,1679,5,28.8822360366077,-10.130249390515838,-31.178128011891303,0.0006568493645205,-0.0004533523264769,0.0004261006378355,-0.000538608804627,0.0004485540416909,-0.0004085490205303,0.0006126398220658,2.847080941137392e-05,,0.1401536613702774,0.068577766418457,0.1442165076732635,0.0004263459887655,0.000538608804627,0.0070817591622471,0.8678378204350236,-0.0282508948718436,0.0198652337404411,0.5161655756383566,,0,0,CONTINUED_PLASTIC_LOADING,,False,False
BH050,389,3.890000104904175,0.4568635102411056,8857,1,1,SHELF_NORMAL_Y_NEG,1679,5,28.8822360366077,-10.183533427704443,-31.14240703710387,0.0006575364216118,-0.000453679479085,0.0004274905432024,-0.0005388483509776,0.0004495288185686,-0.0004093079105209,0.0006143888458609,2.8620193916140124e-05,,0.1405537873506546,0.0689375847578048,0.1445458382368087,0.0004274905432024,0.0005388483509776,0.0071225152350962,0.8518848389431463,-0.0281378944827801,0.0198829707004014,0.515635817698846,,0,0,CONTINUED_PLASTIC_LOADING,,False,False
BH050,390,3.90000057220459,0.4566631551304759,8857,1,1,SHELF_NORMAL_Y_NEG,1679,5,28.8822360366077,-10.21379823425324,-31.184361280491625,0.0006559446640286,-0.0004560867544444,0.000426206940203,-0.0005408666691945,0.0004498978209143,-0.0004095926945927,0.0006150536937639,2.8677304726443253e-05,,0.1407058835029602,0.0690751522779464,0.1446306109428405,0.0004274905432024,0.0005408666691945,0.0071502146311104,0.9764277165944314,-0.0280864112990149,0.0198985691064026,0.5151470209851879,,0,0,CONTINUED_PLASTIC_LOADING,,False,False
BH050,391,3.910001039505005,0.4562711358857251,8857,1,1,SHELF_NORMAL_Y_NEG,1679,5,28.8822360366077,-10.11637354115308,-31.07287030742304,0.0006546428522475,-0.0004583821436406,0.0004254388859064,-0.0005427255332561,0.0004503338493206,-0.0004099316703442,0.0006158384494483,2.874495112337172e-05,,0.1408854126930236,0.0692380890250206,0.1449114829301834,0.0004274905432024,0.0005427255332561,0.0071842125616967,0.9842193352119823,-0.0279789320789886,0.0199167802218337,0.5147622926941038,,0,0,CONTINUED_PLASTIC_LOADING,,False,False
BH050,392,3.920000314712525,0.4554769830207733,8857,1,1,SHELF_NORMAL_Y_NEG,1679,5,28.8822360366077,-10.030501095777405,-30.87428216347932,0.0006566010314554,-0.0004561608460939,0.0004270139168861,-0.0005416665247112,0.0004508531447924,-0.0004103351692447,0.000616771983914,2.882528315240052e-05,,0.1410989761352539,0.0694315880537033,0.1452664136886596,0.0004274905432024,0.0005427255332561,0.0072168153710663,0.9905748010106616,-0.0279018017860544,0.0199382164654444,0.5144397967705037,,0,0,CONTINUED_PLASTIC_LOADING,,False,False
BH050,393,3.93000078201294,0.4553705686004187,8857,1,1,SHELF_NORMAL_Y_NEG,1679,5,28.8822360366077,-10.06790805081467,-30.87815035417073,0.0006561333990812,-0.0004578999413752,0.0004282339751543,-0.0005419497641268,0.0004514018919476,-0.0004107632029325,0.0006177608738653,2.8910675609949976e-05,,0.1413252055644989,0.0696372762322425,0.1454676687717437,0.0004282339751543,0.0005427255332561,0.0072584715671837,0.991662381139266,-0.0278536925844799,0.0199570736630901,0.5140806738812573,,0,0,CONTINUED_PLASTIC_LOADING,,False,False
BH050,394,3.940000057220459,0.4552158020351974,8857,1,1,SHELF_NORMAL_Y_NEG,1679,5,28.8822360366077,-10.030752682542936,-30.80143362704701,0.0006550144584366,-0.0004586272560498,0.0004275519652708,-0.0005425136136545,0.0004515085872129,-0.0004108453926864,0.0006179545307531,2.8927443054271865e-05,,0.1413695067167282,0.0696776583790779,0.1455849260091781,0.0004282339751543,0.0005427255332561,0.0072962460108101,0.9970043284859504,-0.0277857725359434,0.0199728284286314,0.5136765683986484,,0,0,CONTINUED_PLASTIC_LOADING,,False,False
BH050,395,3.950000524520874,0.4546102183358946,8857,1,1,SHELF_NORMAL_Y_NEG,1679,5,28.8822360366077,-9.994823837768942,-30.713248078463995,0.0006550917498809,-0.0004588272876582,0.0004269990546129,-0.00054370506882,0.0004519872684268,-0.0004112144914644,0.0006188134429976,2.9001868824707344e-05,,0.1415659934282302,0.069856934249401,0.1458073854446411,0.0004282339751543,0.00054370506882,0.0073099457658827,0.9743741476866016,-0.0277379810757923,0.0199899760334989,0.5132854755505751,,0,0,CONTINUED_PLASTIC_LOADING,,False,False
BH050,396,3.960000991821289,0.4539110725059565,8857,1,1,SHELF_NORMAL_Y_NEG,1679,5,28.8822360366077,-10.067683281268163,-30.68391807455419,0.0006525572143784,-0.000461822020948,0.0004254768180096,-0.0005463938818792,0.0004529503103857,-0.0004119650279699,0.0006205571116879,2.915335971920285e-05,,0.1419648975133896,0.0702218264341354,0.1461424678564071,0.0004282339751543,0.0005463938818792,0.0073241516947746,0.9336701715448218,-0.0276806569651058,0.0200086977371311,0.512953000014958,,0,0,CONTINUED_PLASTIC_LOADING,,False,False
BH050,397,3.9700002670288086,0.4537985405181429,8857,1,1,SHELF_NORMAL_Y_NEG,1679,5,28.8822360366077,-10.013558087128288,-30.574809202764484,0.000650648321689,-0.0004637516980842,0.0004247583143717,-0.0005475132414684,0.0004529464886523,-0.0004119617110537,0.0006205571116879,2.915335971920285e-05,,0.1419648975133896,0.0702218264341354,0.1462341696023941,0.0004282339751543,0.0005475132414684,0.0073314672335982,0.9016116600542086,-0.0276333388548149,0.0200256700974349,0.512611332880019,,0,0,CONTINUED_PLASTIC_LOADING,,False,False
BH050,398,3.980000734329224,0.45343637764949,8857,1,1,SHELF_NORMAL_Y_NEG,1679,5,28.8822360366077,-10.029384446658812,-30.590955319408547,0.0006521549469162,-0.0004632647155167,0.0004264103566328,-0.0005468786315642,0.0004534760841279,-0.0004123702461868,0.0006215196335688,2.923731517512352e-05,,0.142185091972351,0.0704240575432777,0.1464170962572097,0.0004282339751543,0.0005475132414684,0.0073323873803019,0.8999781711296581,-0.0275471858203395,0.0200425793590451,0.5122846225886326,,0,0,CONTINUED_PLASTIC_LOADING,,False,False
BH050,399,3.990000009536743,0.4529667774034708,8857,1,1,SHELF_NORMAL_Y_NEG,1679,5,28.8822360366077,-10.009490010505498,-30.518043021477336,0.0006527937605251,-0.0004622803320382,0.0004272201306794,-0.0005460897705637,0.0004537988851612,-0.0004126209199316,0.000622100837063,2.928811045421753e-05,,0.1423180550336837,0.0705464035272598,0.1465703397989273,0.0004282339751543,0.0005475132414684,0.0073328954167664,0.9530195242376917,-0.0275399655933647,0.0200596700756614,0.5119768510556315,,0,0,CONTINUED_PLASTIC_LOADING,,False,False
BH050,400,4.000000476837158,0.4528474648505039,8857,1,1,SHELF_NORMAL_Y_NEG,1679,5,28.8822360366077,-9.938640187359248,-30.44702395373737,0.0006555867147273,-0.0004605422125326,0.0004292625266647,-0.0005451033791686,0.0004538553218589,-0.0004126647798333,0.0006222060765139,2.9297310902620662e-05,,0.142342135310173,0.0705685690045356,0.1466749608516693,0.0004292625266647,0.0005475132414684,0.0073375734500586,0.98483682369735,-0.0274418410437344,0.0200745047855888,0.5116002004459863,150625.72001144107,1,1,CONTINUED_PLASTIC_LOADING,,False,False
BH050,401,4.010000705718994,0.4524250741493269,8857,1,1,SHELF_NORMAL_Y_NEG,1679,5,28.8822360366077,-9.995728563091191,-30.49869377188282,0.0006516436732986,-0.0004638973693513,0.0004267988598886,-0.0005470166168017,0.0004542200508069,-0.0004129445277672,0.0006228684796951,2.935543489002157e-05,,0.1424936652183532,0.0707085654139518,0.1467741876840591,0.0004292625266647,0.0005475132414684,0.0073403432033956,0.9117245062246754,-0.0273112877070385,0.0200944910866536,0.5112194615986979,,0,0,CONTINUED_PLASTIC_LOADING,,False,False
BH050,402,4.019999980926514,0.4516878904173404,8857,1,1,SHELF_NORMAL_Y_NEG,1679,5,28.8822360366077,-10.023284935370423,-30.45370341786121,0.000651742269076,-0.0004652655313416,0.0004268673997671,-0.0005489163097577,0.0004551459454356,-0.0004136606920194,0.0006245435215532,2.950259113276843e-05,,0.1428768634796142,0.0710630193352699,0.1471269726753235,0.0004292625266647,0.0005489163097577,0.0073417294770479,0.913584823953611,-0.0271927284635155,0.0201144159306093,0.5108103058121034,,0,0,CONTINUED_PLASTIC_LOADING,,False,False
BH050,403,4.03000020980835,0.4509807248972471,8857,1,1,SHELF_NORMAL_Y_NEG,1679,5,28.8822360366077,-10.001577782836124,-30.367265932428303,0.0006508928802452,-0.0004649878490092,0.0004259500263783,-0.0005491540566806,0.0004551814055124,-0.0004136854021148,0.0006246081320568,2.950829548353795e-05,,0.1428916454315185,0.0710767656564712,0.1471946090459823,0.0004292625266647,0.0005491540566806,0.0073417294770479,0.9642952644491644,-0.0272145456963363,0.0201332640749788,0.5103733977701537,,0,0,ELASTIC_RELOADING,,False,False
BH050,404,4.0400004386901855,0.4506546167349062,8857,1,1,SHELF_NORMAL_Y_NEG,1679,5,28.8822360366077,-9.959415017020982,-30.20501591368794,0.0006525176967835,-0.0004658988980954,0.0004282982541229,-0.000550171790779,0.0004566248198323,-0.000414801457588,0.0006272309692576,2.973983282572589e-05,,0.1434916704893112,0.0716344714164733,0.1478641778230667,0.0004292625266647,0.000550171790779,0.0073417294770479,0.919233852263137,-0.0271348247884946,0.0201512868889614,0.5099816161401551,,0,0,TRUE_ELASTIC_UNLOADING,2.6496310094215048e-05,True,True
BH050,405,4.0500006675720215,0.4501592240020509,8857,1,1,SHELF_NORMAL_Y_NEG,1679,5,28.8822360366077,-9.963194398612568,-30.08045903350844,0.0006515286220246,-0.0004669828301356,0.0004284651560341,-0.0005509868631659,0.0004572052489965,-0.0004152465466852,0.0006282882532104,2.983362901431974e-05,,0.1437335610389709,0.0718603953719139,0.1481562554836273,0.0004292625266647,0.0005509868631659,0.0073417294770479,0.9324164991738928,-0.0270777272946438,0.0201680317575127,0.509511488252975,,0,0,ELASTIC_RELOADING,,False,False
BH050,406,4.059999942779541,0.4498243803256972,8857,1,1,SHELF_NORMAL_Y_NEG,1679,5,28.8822360366077,-10.06396029505275,-30.030746722185143,0.0006514788911375,-0.0004679794343124,0.0004284290756586,-0.0005530099887743,0.0004586561993653,-0.0004163609716563,0.0006309343152679,3.006894257850945e-05,,0.1443388909101486,0.0724271982908248,0.1486891657114029,0.0004292625266647,0.0005530099887743,0.0073421238921582,0.9675026912885396,-0.0270890668779853,0.0201871925787559,0.5092216221396786,,0,0,CONTINUED_PLASTIC_LOADING,,False,False
BH050,407,4.070000171661377,0.4493407347829097,8857,1,1,SHELF_NORMAL_Y_NEG,1679,5,28.8822360366077,-10.123246456235634,-30.06186061199069,0.0006495249211023,-0.0004688110107391,0.0004270968741117,-0.0005534145359157,0.0004588406183939,-0.0004165047163709,0.0006312733166851,3.0099134164629504e-05,,0.1444164514541626,0.0724999159574508,0.1487212926149368,0.0004292625266647,0.0005534145359157,0.0073436326347291,0.9552926864005202,-0.0270635345234315,0.0202070355075993,0.5089294325293798,,0,0,CONTINUED_PLASTIC_LOADING,,False,False
BH050,408,4.080000400543213,0.4488830327937592,8857,1,1,SHELF_NORMAL_Y_NEG,1679,5,28.8822360366077,-9.989248563182382,-29.90148319852824,0.0006498113103029,-0.000471328470384,0.0004281406204215,-0.0005553569853666,0.0004597442707076,-0.0004172010020533,0.0006329267052933,3.02467178698862e-05,,0.144794687628746,0.0728554055094719,0.1492763608694076,0.0004292625266647,0.0005553569853666,0.0073436326347291,0.9874187156578518,-0.0270262637607446,0.0202235460803105,0.508542590618192,,0,0,ELASTIC_RELOADING,,False,False
BH050,409,4.090000629425049,0.4488317568936211,8857,1,1,SHELF_NORMAL_Y_NEG,1679,5,28.8822360366077,-10.035398308477546,-29.90630536369688,0.0006489306812501,-0.0004725271042807,0.0004278218232033,-0.0005562794619457,0.0004601575841041,-0.0004175173340321,0.0006336831720545,3.031446067325305e-05,,0.1449677497148513,0.0730185732245445,0.1493958830833435,0.0004292625266647,0.0005562794619457,0.0073436326347291,0.9744965144276784,-0.0270242899297269,0.0202379076210093,0.5081251981477081,,0,0,TRUE_ELASTIC_UNLOADING,-1.5771984825274643e-05,True,True
BH050,410,4.099999904632568,0.4480311405979442,8857,1,1,SHELF_NORMAL_Y_NEG,1679,5,28.8822360366077,-9.891833263665882,-29.67811249476436,0.0006480990045759,-0.0004745507767957,0.0004279325974144,-0.0005579456685346,0.000460926719094,-0.0004181103303033,0.0006350948824547,3.044090226467233e-05,,0.1452907025814056,0.0733231380581855,0.1499081999063491,0.0004292625266647,0.0005579456685346,0.0073436326347291,0.9529258386327925,-0.0270132205181491,0.0202560074431589,0.5077990093625857,,0,0,TRUE_ELASTIC_UNLOADING,-0.0001300501911953,True,True
BH050,411,4.110000133514404,0.4480466365839129,8857,1,1,SHELF_NORMAL_Y_NEG,1679,5,28.8822360366077,-9.869025096696095,-29.631810274745767,0.0006473668258298,-0.0004768858005231,0.0004279566493535,-0.0005596868628654,0.0004617672260017,-0.0004187556557559,0.0006366308662109,3.0579227313864976e-05,,0.1456421017646789,0.0736563205718994,0.150294080376625,0.0004292625266647,0.0005596868628654,0.0073436326347291,0.977192256785058,-0.0270498153761153,0.0202728886647764,0.5075201310722519,,0,0,ELASTIC_RELOADING,,False,False
BH050,412,4.12000036239624,0.4477593913824276,8857,1,1,SHELF_NORMAL_Y_NEG,1679,5,28.8822360366077,-10.001181234867834,-29.675932038705422,0.0006471432502573,-0.0004762235801192,0.0004266971989225,-0.0005606690498606,0.0004623320564028,-0.000419190878407,0.0006376720266416,3.067313082283363e-05,,0.1458802819252014,0.0738825127482414,0.1503880620002746,0.0004292625266647,0.0005606690498606,0.0073436326347291,0.9873295310344729,-0.0270042457674035,0.0202897002993877,0.5072378130073641,,0,0,ELASTIC_RELOADING,,False,False
BH050,413,4.130000591278076,0.4473123189127351,8857,1,1,SHELF_NORMAL_Y_NEG,1679,5,28.8822360366077,-9.888103709165383,-29.51650538225908,0.0006476803430703,-0.0004780797302357,0.0004283730571216,-0.0005617068202873,0.0004632042332095,-0.0004198615818594,0.0006392731447704,3.0818115192232653e-05,,0.1462465673685073,0.0742317363619804,0.1508807837963104,0.0004292625266647,0.0005617068202873,0.0073436326347291,0.9792466131334184,-0.0269492212483564,0.0203071085859135,0.5069690189894798,,0,0,TRUE_ELASTIC_UNLOADING,-0.0005353018725957,True,True
BH050,414,4.139999866485596,0.4473019394869752,8857,1,1,SHELF_NORMAL_Y_NEG,1679,5,28.8822360366077,-10.006483416357447,-29.596079303530395,0.0006486039854736,-0.0004776470693046,0.000430125154337,-0.000560713947304,0.0004635256896257,-0.000420107860267,0.0006398644181899,3.087177901761606e-05,,0.1463818252086639,0.0743609964847564,0.1509015411138534,0.000430125154337,0.0005617068202873,0.0073436326347291,0.9800015055494842,-0.0269480800446174,0.0203219008948171,0.5066733574657035,,0,0,ELASTIC_RELOADING,,False,False
BH050,415,4.150000095367432,0.4464206727179088,8857,1,1,SHELF_NORMAL_Y_NEG,1679,5,28.8822360366077,-10.01360580604085,-29.561848361729123,0.0006507641103091,-0.0004758994497131,0.0004313109483597,-0.000560226511047,0.0004644192608786,-0.0004207899724556,0.000641492253635,3.101990660070442e-05,,0.1467542350292205,0.0747177898883819,0.1512761563062667,0.0004313109483597,0.0005617068202873,0.0073436326347291,0.9673933079758228,-0.0268965904369644,0.0203372882730739,0.5063758362926545,,0,0,TRUE_ELASTIC_UNLOADING,0.0001987376402047,True,True
BH050,416,4.160000324249268,0.4461845273479818,8857,1,1,SHELF_NORMAL_Y_NEG,1679,5,28.8822360366077,-9.854190568475882,-29.39649490677615,0.0006507904368027,-0.0004771955802251,0.0004322789239158,-0.0005606220400823,0.0004649273291025,-0.000421175223772,0.0006424247985705,3.1105020752875134e-05,,0.1469675600528717,0.0749228075146675,0.1516436636447906,0.0004322789239158,0.0005617068202873,0.0073436326347291,0.970822141302402,-0.0268673238869733,0.0203528793369744,0.5061125682447865,,0,0,ELASTIC_RELOADING,,False,False
BH050,417,4.170000553131104,0.4456354071845587,8857,1,1,SHELF_NORMAL_Y_NEG,1679,5,28.8822360366077,-9.914325282926246,-29.37002770270898,0.0006496736848161,-0.0004782655708389,0.0004324127475947,-0.0005610400858036,0.0004652408546107,-0.0004214136446812,0.000643009727355,3.115851723123342e-05,,0.1471013873815536,0.0750516578555107,0.1517455428838729,0.0004324127475947,0.0005617068202873,0.0073436326347291,0.9493227104654848,-0.0268792805700062,0.0203672055535898,0.5057886694407929,,0,0,TRUE_ELASTIC_UNLOADING,0.0002593897276189,True,True
BH050,418,4.179999828338623,0.4454927612010737,8857,1,1,SHELF_NORMAL_Y_NEG,1679,5,28.8822360366077,-9.939653219136048,-29.392177293921662,0.0006496157652935,-0.0004783048270699,0.0004329593964417,-0.0005604967437918,0.0004654019997172,-0.0004215366098529,0.0006433085072785,3.11859002977144e-05,,0.1471697241067886,0.0751176178455352,0.1517846584320068,0.0004329593964417,0.0005617068202873,0.0073436326347291,0.9543591313743934,-0.0268628495487276,0.0203810312594197,0.5054888021279689,,0,0,ELASTIC_RELOADING,,False,False
BH050,419,4.190000057220459,0.4449594408632055,8857,1,1,SHELF_NORMAL_Y_NEG,1679,5,28.8822360366077,-9.870337480450656,-29.328312221387627,0.0006494309902254,-0.0004798922249417,0.0004323949330074,-0.000562426152614,0.0004660027046113,-0.0004219953777904,0.0006444114260375,3.128718162770383e-05,,0.147422045469284,0.0753615796566009,0.152043730020523,0.0004329593964417,0.000562426152614,0.0073436326347291,0.9444403554127272,-0.0268621856481024,0.0203936591080832,0.505204521959175,,0,0,TRUE_ELASTIC_UNLOADING,0.0003942311203319,True,True
BH050,420,4.200000286102295,0.4446794000681645,8857,1,1,SHELF_NORMAL_Y_NEG,1679,5,28.8822360366077,-9.858305614146875,-29.26678761151894,0.0006504554993221,-0.000479729396058,0.000433989256512,-0.0005620356250613,0.0004662308230699,-0.0004221697690912,0.0006448263302445,3.1325365853263065e-05,,0.1475169658660888,0.0754535496234893,0.1522049754858017,0.000433989256512,0.000562426152614,0.0073436326347291,0.9355780038733192,-0.0268745974695543,0.0204081896883963,0.5049643919125374,,0,0,TRUE_ELASTIC_UNLOADING,9.417989583770936e-05,True,True
BH050,421,4.210000514984131,0.4445263701941462,8857,1,1,SHELF_NORMAL_Y_NEG,1679,5,28.8822360366077,-9.814278289026223,-29.25408250533613,0.0006490579819422,-0.0004815311207048,0.0004330848222874,-0.0005631277535186,0.0004662277364277,-0.0004221668003649,0.0006448263302445,3.1325365853263065e-05,,0.1475169658660888,0.0754535496234893,0.1522355675697326,0.000433989256512,0.0005631277535186,0.0073436326347291,0.9633766432140264,-0.0268420415043846,0.0204211993382036,0.5046937618713544,,0,0,ELASTIC_RELOADING,,False,False
BH050,422,4.21999979019165,0.4440211508112955,8857,1,1,SHELF_NORMAL_Y_NEG,1679,5,28.8822360366077,-9.78211360364702,-29.20978124083761,0.0006498065741956,-0.0004795387992276,0.0004328104431471,-0.0005622422968392,0.000466270396623,-0.0004221995421262,0.0006449042703025,3.133255086140707e-05,,0.1475348025560379,0.0754708498716354,0.1522778868675232,0.000433989256512,0.0005631277535186,0.0073436326347291,0.9534413518311826,-0.0267445845736582,0.0204326548242019,0.5044105274186543,,0,0,TRUE_ELASTIC_UNLOADING,-0.0003807673131468,True,True
BH050,423,4.230000019073486,0.4433746068630084,8857,1,1,SHELF_NORMAL_Y_NEG,1679,5,28.8822360366077,-9.683139323190472,-29.0756137358524,0.0006474080636312,-0.0004828173035439,0.0004322449200751,-0.0005639310848004,0.0004663833886346,-0.0004222846718295,0.0006451148656196,3.1351959478342906e-05,,0.1475829780101776,0.0755176022648811,0.1524844020605087,0.000433989256512,0.0005639310848004,0.0073436326347291,0.9268538819336404,-0.0267524937541062,0.020444625139898,0.5041127796400999,,0,0,TRUE_ELASTIC_UNLOADING,1.5285348190396952e-05,True,True
BH050,424,4.240000247955322,0.4431017072305605,8857,1,1,SHELF_NORMAL_Y_NEG,1679,5,28.8822360366077,-9.894710314644849,-29.278713323809768,0.0006470245410167,-0.0004835862479656,0.0004308139351902,-0.0005658060495812,0.0004669019933364,-0.0004226816223499,0.0006460640579462,3.143958383589052e-05,,0.1478001177310943,0.0757286697626113,0.1524117290973663,0.000433989256512,0.0005658060495812,0.0073436326347291,0.9476447745141198,-0.026814801176941,0.0204564173195717,0.5038635922021526,,0,0,ELASTIC_RELOADING,,False,False
BH050,425,4.250000476837158,0.4426949673289742,8857,1,1,SHELF_NORMAL_Y_NEG,1679,5,28.8822360366077,-9.79880331420678,-29.142910742225443,0.000647736462961,-0.0004829188340322,0.0004313420543481,-0.0005655982143407,0.0004670084402794,-0.0004227632014163,0.0006462588207796,3.1457599106943235e-05,,0.1478446871042251,0.0757720619440078,0.1525689214468002,0.000433989256512,0.0005658060495812,0.0073436326347291,0.9402572944337986,-0.0267494226526244,0.0204686718660758,0.5036326895624506,-82238.47224984494,1,1,TRUE_ELASTIC_UNLOADING,-2.665206685881216e-05,True,True
BH050,426,4.260000705718994,0.4427748770962105,8857,1,1,SHELF_NORMAL_Y_NEG,1679,5,28.8822360366077,-9.837536696028408,-29.30953451084764,0.0006483415432524,-0.0004848872134909,0.0004313436113715,-0.0005672860821358,0.0004678166072352,-0.0004233805574036,0.00064775836654,3.159492553095333e-05,,0.1481877267360687,0.0761028379201889,0.15291228890419,0.000433989256512,0.0005672860821358,0.0073436326347291,0.9207782399851984,-0.0266874572934712,0.0204800981565096,0.503362979368725,,0,0,TRUE_ELASTIC_UNLOADING,-0.0003227280871165,True,True
BH050,427,4.269999980926514,0.442125487622423,8857,1,1,SHELF_NORMAL_Y_NEG,1679,5,28.8822360366077,-9.75214292665565,-29.21895407498165,0.0006484153688192,-0.0004869536076221,0.0004322740423245,-0.000568531723414,0.000468412274036,-0.0004238364433768,0.0006488547078333,3.16956102324184e-05,,0.1484385430812835,0.0763453543186187,0.1532701402902603,0.000433989256512,0.000568531723414,0.0073436326347291,0.9256469025495624,-0.0267032239004182,0.0204901395182209,0.5031101439537906,,0,0,ELASTIC_RELOADING,,False,False
BH050,428,4.28000020980835,0.4415728863619882,8857,1,1,SHELF_NORMAL_Y_NEG,1679,5,28.8822360366077,-9.9135394591047,-29.34069550935506,0.0006488575803005,-0.0004868563624156,0.0004323022610189,-0.0005691225845755,0.0004685919705316,-0.0004239751238962,0.0006491803214885,3.1725590815767646e-05,,0.1485130339860916,0.0764175727963447,0.1531561762094497,0.000433989256512,0.0005691225845755,0.0073436326347291,0.9300655004469304,-0.0266872266447612,0.02050148992741,0.5028635254115107,,0,0,ELASTIC_RELOADING,,False,False
BH050,429,4.2900004386901855,0.4414683341641615,8857,1,1,SHELF_NORMAL_Y_NEG,1679,5,28.8822360366077,-9.836175184813532,-29.20136103621812,0.0006458945017263,-0.0004881561568606,0.0004307963367256,-0.0005693935901694,0.0004689068321842,-0.0004242169788175,0.0006497564609162,3.177870166837238e-05,,0.1486448347568512,0.0765454992651939,0.1534220725297927,0.000433989256512,0.0005693935901694,0.0073436326347291,0.9122342060870664,-0.0267340656758763,0.0205124240494981,0.5026492141145683,,0,0,TRUE_ELASTIC_UNLOADING,-1.517562950881235e-05,True,True
BH050,430,4.3000006675720215,0.4412166543398253,8857,1,1,SHELF_NORMAL_Y_NEG,1679,5,28.8822360366077,-9.839469767212483,-29.15026250731313,0.0006465675813152,-0.0004881465033645,0.0004310844323533,-0.0005701449098833,0.0004692369459996,-0.0004244719012949,0.0006503682234324,3.18350903398823e-05,,0.1487847864627838,0.0766813233494758,0.1535772681236267,0.000433989256512,0.0005701449098833,0.0073436326347291,0.9292325265567348,-0.0266876579691006,0.0205225159983578,0.5024312663525874,,0,0,ELASTIC_RELOADING,,False,False
BH050,431,4.309999942779541,0.4407586717924055,8857,1,1,SHELF_NORMAL_Y_NEG,1679,5,28.8822360366077,-9.863435995820389,-29.132848615009426,0.000649016129117,-0.0004864429642018,0.0004328830774475,-0.0005693773111303,0.0004698343585412,-0.000424926710684,0.000651465030387,3.193644806742668e-05,,0.1490356922149658,0.0769254639744758,0.1537758111953735,0.000433989256512,0.0005701449098833,0.0073436326347291,0.9258388437194854,-0.0267467222855638,0.0205329207208375,0.5022155599349288,,0,0,TRUE_ELASTIC_UNLOADING,0.0008716770767751,True,True
BH050,432,4.320000171661377,0.4411484375697957,8857,1,1,SHELF_NORMAL_Y_NEG,1679,5,28.8822360366077,-9.837872200280705,-29.05280311755313,0.0006452429502112,-0.0004897392700805,0.0004314173698644,-0.0005707427473125,0.0004700777164744,-0.0004251147227011,0.0006519213784486,3.1978685001377016e-05,,0.1491401046514511,0.0770272016525268,0.1539648026227951,0.000433989256512,0.0005707427473125,0.0073436326347291,0.9249727491524308,-0.026735647054803,0.0205428169062,0.5020309352375798,,0,0,TRUE_ELASTIC_UNLOADING,-0.0007895431650066,True,True
BH050,433,4.330000400543213,0.4401799498092217,8857,1,1,SHELF_NORMAL_Y_NEG,1679,5,28.8822360366077,-9.842296812432831,-29.05251752779665,0.00064598582442,-0.0004897345591199,0.0004310522497636,-0.0005718785896607,0.000470355346781,-0.0004253256687045,0.0006524323835037,3.202612424502149e-05,,0.1492570042610168,0.0771414712071418,0.154077336192131,0.000433989256512,0.0005718785896607,0.0073436326347291,0.9103303268124372,-0.0267651232574665,0.0205541144403038,0.5018780654768955,,0,0,TRUE_ELASTIC_UNLOADING,0.0002335454003691,True,True
BH050,434,4.340000629425049,0.4400016942060427,8857,1,1,SHELF_NORMAL_Y_NEG,1679,5,28.8822360366077,-9.830885948333318,-28.973729823590524,0.0006462255324785,-0.0004899990297713,0.0004317682396414,-0.0005721325170189,0.0004707590548374,-0.0004256335891568,0.0006531703402288,3.2094783819047734e-05,,0.1494258344173431,0.0773068517446518,0.1542771160602569,0.000433989256512,0.0005721325170189,0.0073436326347291,0.9247612219317416,-0.0266627465979676,0.0205637918618374,0.501677259780972,,0,0,ELASTIC_RELOADING,,False,False
BH050,435,4.349999904632568,0.440176981967666,8857,1,1,SHELF_NORMAL_Y_NEG,1679,5,28.8822360366077,-9.826190895340629,-28.900063143335,0.0006440879893598,-0.0004926359571725,0.0004304378832568,-0.0005744390200866,0.0004714640545106,-0.0004261699186003,0.0006544677889905,3.2216008548857644e-05,,0.1497226506471634,0.0775988399982452,0.1545474231243133,0.000433989256512,0.0005744390200866,0.0073436326347291,0.9201326589732436,-0.0266677742726511,0.0205725881995708,0.5014762246093281,,0,0,TRUE_ELASTIC_UNLOADING,0.0001610875097413,True,True
BH050,436,4.360000133514404,0.439977416674785,8857,1,1,SHELF_NORMAL_Y_NEG,1679,5,28.8822360366077,-9.804845343221055,-28.89598900318838,0.0006456706935362,-0.0004904683965274,0.0004321014859312,-0.000572071173303,0.000471464491131,-0.0004261699477281,0.0006544677889905,3.2216008548857644e-05,,0.1497226506471634,0.0775988399982452,0.1546204984188079,0.000433989256512,0.0005744390200866,0.0073436326347291,0.920440107972492,-0.0266714248210102,0.0205841492278828,0.5013558927874556,,0,0,ELASTIC_RELOADING,,False,False
BH050,437,4.37000036239624,0.4393168361811539,8857,1,1,SHELF_NORMAL_Y_NEG,1679,5,28.8822360366077,-9.760795994554467,-28.821981884512383,0.0006451409138448,-0.000491294091767,0.0004313067478944,-0.0005733689082474,0.000471559352377,-0.0004262404673545,0.0006546456716023,3.2232583180302754e-05,,0.1497633457183838,0.0776387676596641,0.1547192484140396,0.000433989256512,0.0005744390200866,0.0073436326347291,0.9114239561314196,-0.0266778114977993,0.0205987388360973,0.5013727519902574,,0,0,TRUE_ELASTIC_UNLOADING,-0.001071450646743,True,True
BH050,438,4.380000591278076,0.4394341143813559,8857,1,1,SHELF_NORMAL_Y_NEG,1679,5,28.8822360366077,-9.672669822159206,-28.66399505972935,0.0006448441955954,-0.0004918178383414,0.0004311350824575,-0.000574250509745,0.0004721987693571,-0.00042672787298,0.0006558276363648,3.2342923077521846e-05,,0.1500337272882461,0.0779045447707176,0.1551236659288406,0.000433989256512,0.0005744390200866,0.0073436326347291,0.9096842566069436,-0.0266841867783148,0.0206114818783838,0.5013400164160319,,0,0,TRUE_ELASTIC_UNLOADING,0.0001261726770165,True,True
BH050,439,4.389999866485596,0.4383691298124803,8857,1,1,SHELF_NORMAL_Y_NEG,1679,5,28.8822360366077,-9.742556421735244,-28.683818286255423,0.000644046387422,-0.0004934414049953,0.0004308788079896,-0.0005756786028757,0.0004726428618547,-0.0004270632972465,0.000656648131553,3.241976082790643e-05,,0.150221437215805,0.0780896246433258,0.1552468836307525,0.000433989256512,0.0005756786028757,0.0073436326347291,0.9158778931329924,-0.026705305774137,0.0206188857665519,0.5011184473272158,,0,0,ELASTIC_RELOADING,,False,False
BH050,440,4.400000095367432,0.4385214679933863,8857,1,1,SHELF_NORMAL_Y_NEG,1679,5,28.8822360366077,-9.843257789388382,-28.75085244749591,0.0006436881244151,-0.0004938430707902,0.0004302337194375,-0.0005765998168406,0.0004728932265038,-0.0004272562856623,0.0006571147241629,3.246344203944318e-05,,0.1503281742334365,0.0781948342919349,0.1552269458770752,0.000433989256512,0.0005765998168406,0.0073436326347291,0.916182612188874,-0.0266589774004992,0.0206250862531555,0.5008894933821046,,0,0,ELASTIC_RELOADING,,False,False
BH050,441,4.410000324249268,0.4382794627557564,8857,1,1,SHELF_NORMAL_Y_NEG,1679,5,28.8822360366077,-9.815655014804127,-28.728321550701374,0.0006425120056975,-0.0004952650690326,0.0004300274472413,-0.0005770169094986,0.0004729732966735,-0.0004273154833014,0.0006572600104846,3.247708809794858e-05,,0.15036141872406,0.0782277062535286,0.1552907973527908,0.000433989256512,0.0005770169094986,0.0073436326347291,0.913214729707619,-0.0266542628201903,0.0206356342649922,0.500806630762455,,0,0,TRUE_ELASTIC_UNLOADING,0.0001330623158133,True,True
BH050,442,4.420000553131104,0.4375794841302317,8857,1,1,SHELF_NORMAL_Y_NEG,1679,5,28.8822360366077,-9.888836499526647,-28.68943130189923,0.0006419855191947,-0.0004947487579605,0.0004298495958222,-0.0005769266527451,0.0004735100948398,-0.0004277220963777,0.00065824680496,3.256980198784731e-05,,0.1505871713161468,0.0784510299563407,0.1554778069257736,0.000433989256512,0.0005770169094986,0.0073436326347291,0.9154128802537368,-0.0266367501444119,0.0206482078189155,0.5008150467760886,,0,0,ELASTIC_RELOADING,,False,False
BH050,443,4.429999828338623,0.4377009489042416,8857,1,1,SHELF_NORMAL_Y_NEG,1679,5,28.8822360366077,-9.84622937974643,-28.669712795063138,0.0006447911753177,-0.000493532744646,0.0004324263104283,-0.0005757813647289,0.0004737220761114,-0.0004278833038088,0.0006586415693163,3.260686935391277e-05,,0.1506774872541427,0.0785403102636337,0.1555836796760559,0.000433989256512,0.0005770169094986,0.0073436326347291,0.9168815988087612,-0.0266577694725482,0.0206557413716072,0.5006683333316566,,0,0,ELASTIC_RELOADING,,False,False
BH050,444,4.440000057220459,0.4373336517621382,8857,1,1,SHELF_NORMAL_Y_NEG,1679,5,28.8822360366077,-9.793331759855786,-28.573216781276205,0.0006450791513822,-0.000492652047574,0.0004330015775318,-0.0005749147480044,0.0004740928214186,-0.0004281666898378,0.0006593284197151,3.26715198752936e-05,,0.1508346050977707,0.07869603484869,0.1558236628770828,0.000433989256512,0.0005770169094986,0.0073436326347291,0.9088446633627713,-0.0266331129289039,0.0206608170906005,0.500450278515628,,0,0,TRUE_ELASTIC_UNLOADING,9.372084064940278e-05,True,True
BH050,445,4.450000286102295,0.4367188836550101,8857,1,1,SHELF_NORMAL_Y_NEG,1679,5,28.8822360366077,-9.845391567710772,-28.623731479138257,0.0006458190944083,-0.000492036536826,0.0004345859444941,-0.000573465493804,0.0004741184270871,-0.0004281888961544,0.00065937358886,3.267578358645551e-05,,0.1508449465036392,0.0787063091993331,0.1557818353176117,0.0004345859444941,0.0005770169094986,0.0073436326347291,0.9085824433664496,-0.0265870038229124,0.0206683613232784,0.5003294311058242,,0,0,TRUE_ELASTIC_UNLOADING,0.0007460927778515,True,True
BH050,446,4.460000514984131,0.4369862517095192,8857,1,1,SHELF_NORMAL_Y_NEG,1679,5,28.8822360366077,-9.785784550165626,-28.515534711898606,0.0006477302574262,-0.0004902237432351,0.0004356219584112,-0.0005728637231597,0.0004743902001397,-0.000428394400161,0.0006598764448426,3.2723273761803284e-05,,0.1509599834680557,0.0788206979632377,0.1559423059225082,0.0004356219584112,0.0005770169094986,0.0073436326347291,0.9142579831466482,-0.0266061751110286,0.0206793946582166,0.5003420104047129,,0,0,ELASTIC_RELOADING,,False,False
BH050,447,4.46999979019165,0.4365736123566402,8857,1,1,SHELF_NORMAL_Y_NEG,1679,5,28.8822360366077,-9.749825175108082,-28.47926290900525,0.0006473640567447,-0.0004920263711667,0.0004363766812225,-0.0005735475872378,0.0004747817572268,-0.0004286926295334,0.0006606099195778,3.2792635465739295e-05,,0.1511277854442596,0.0789877623319625,0.1562037765979766,0.0004363766812225,0.0005770169094986,0.0073436326347291,0.9125882870467146,-0.0266512770562181,0.02068856630626,0.5002979527726669,,0,0,TRUE_ELASTIC_UNLOADING,0.0001623294391642,True,True
BH050,448,4.480000019073486,0.4363246414029825,8857,1,1,SHELF_NORMAL_Y_NEG,1679,5,28.8822360366077,-9.78080600016344,-28.430095927054616,0.00064830602576,-0.0004904533055881,0.0004373432013061,-0.0005725039876902,0.000475010167673,-0.0004288652453597,0.0006610283744521,3.283229671069421e-05,,0.1512235105037689,0.0790833011269569,0.1562460213899612,0.0004373432013061,0.0005770169094986,0.0073436326347291,0.8989196878191661,-0.026648080241464,0.0206946746099004,0.5001518287376305,,0,0,TRUE_ELASTIC_UNLOADING,0.0001026464395463,True,True
BH050,449,4.490000247955322,0.4358234647429203,8857,1,1,SHELF_NORMAL_Y_NEG,1679,5,28.8822360366077,-9.709688952723784,-28.33211491869918,0.0006466705317661,-0.0004918656900167,0.0004364408699604,-0.0005733689050528,0.0004752699712492,-0.0004290635021524,0.0006615139427594,3.28784117300529e-05,,0.151334598660469,0.0791943743824958,0.1564661711454391,0.0004373432013061,0.0005770169094986,0.0073436326347291,0.9047767363153264,-0.0265980204060281,0.0207009910726789,0.5000152490174581,,0,0,ELASTIC_RELOADING,,False,False
BH050,450,4.500000476837158,0.4356453417352308,8857,1,1,SHELF_NORMAL_Y_NEG,1679,5,28.8822360366077,-9.748413507768232,-28.33913815304652,0.0006493812864016,-0.0004893097411438,0.0004395260635391,-0.0005706576507901,0.0004752705464081,-0.0004290636768857,0.0006615139427594,3.28784117300529e-05,,0.151334598660469,0.0791943743824958,0.1564063727855682,0.0004395260635391,0.0005770169094986,0.0073436326347291,0.906314991170418,-0.026608290935255,0.0207099952430823,0.500002548053236,-3782.2200300685945,1,1,ELASTIC_RELOADING,,False,False
BH050,451,4.510000705718994,0.4349235698601637,8857,1,1,SHELF_NORMAL_Y_NEG,1679,5,28.8822360366077,-9.73375757920397,-28.32494592270649,0.0006474799684087,-0.000491269320071,0.0004384213081939,-0.0005718174617822,0.0004755089212642,-0.000429242899727,0.0006619544583372,3.292039400548674e-05,,0.151435375213623,0.0792955011129379,0.1565470248460769,0.0004395260635391,0.0005770169094986,0.0073436326347291,0.9109934015272608,-0.026570395019236,0.0207194961958652,0.4999925225394659,,0,0,ELASTIC_RELOADING,,False,False
BH050,452,4.519999980926514,0.4348232462981543,8857,1,1,SHELF_NORMAL_Y_NEG,1679,5,28.8822360366077,-9.736438061300833,-28.30264112049609,0.0006481812903667,-0.0004895085669361,0.0004386549027646,-0.0005706971453732,0.0004757573947856,-0.0004294335312388,0.0006624173256568,3.296451541245915e-05,,0.1515412628650665,0.0794017761945724,0.1566279232501983,0.0004395260635391,0.0005770169094986,0.0073436326347291,0.909509590529226,-0.0266054029665954,0.0207261271583285,0.4998832349571307,,0,0,TRUE_ELASTIC_UNLOADING,-0.0003792384860856,True,True
BH050,453,4.53000020980835,0.4348534323918518,8857,1,1,SHELF_NORMAL_Y_NEG,1679,5,28.8822360366077,-9.767595540087024,-28.28560140963548,0.0006512937224616,-0.0004880429149146,0.0004408754833671,-0.0005704565051411,0.0004761245784554,-0.0004297124355778,0.0006630980060435,3.302943878225051e-05,,0.1516969799995422,0.0795581564307212,0.1567240804433822,0.0004408754833671,0.0005770169094986,0.0073436326347291,0.90777414214596,-0.0265226251417169,0.0207302402453243,0.4997434589234808,,0,0,TRUE_ELASTIC_UNLOADING,0.0006130205264325,True,True
BH050,454,4.5400004386901855,0.4341595235563655,8857,1,1,SHELF_NORMAL_Y_NEG,1679,5,28.8822360366077,-9.80791835682306,-28.324598859090475,0.0006498677722059,-0.0004885492664372,0.0004402775992664,-0.0005701439520338,0.000476120650206,-0.0004297112132317,0.0006630980060435,3.302943878225051e-05,,0.1516969799995422,0.0795581564307212,0.1566754430532455,0.0004408754833671,0.0005770169094986,0.0073436326347291,0.9071162533727168,-0.0265396944117823,0.0207367382584136,0.499681221656275,,0,0,TRUE_ELASTIC_UNLOADING,0.0005813374552132,True,True
BH050,455,4.5500006675720215,0.4336466660672023,8857,1,1,SHELF_NORMAL_Y_NEG,1679,5,28.8822360366077,-9.776501777228235,-28.330895163365028,0.0006520958691514,-0.0004874966581669,0.0004424545122714,-0.0005688818395665,0.0004761232574372,-0.0004297122030608,0.0006630980060435,3.302943878225051e-05,,0.1516969799995422,0.0795581564307212,0.1567046195268631,0.0004424545122714,0.0005770169094986,0.0073436326347291,0.9085719599928456,-0.0265206217549443,0.0207448423165309,0.4996793670407273,,0,0,ELASTIC_RELOADING,,False,False
BH050,456,4.559999942779541,0.4335407934527098,8857,1,1,SHELF_NORMAL_Y_NEG,1679,5,28.8822360366077,-9.715097705618115,-28.23458444384515,0.0006511306005562,-0.0004875971289714,0.0004417308990187,-0.0005689819452216,0.0004761223205371,-0.0004297114464131,0.0006630980060435,3.302943878225051e-05,,0.1516969799995422,0.0795581564307212,0.1567962914705276,0.0004424545122714,0.0005770169094986,0.0073436326347291,0.9082288746851526,-0.0265463564011932,0.0207499553996842,0.49960792145177,,0,0,TRUE_ELASTIC_UNLOADING,-0.000454320927836,True,True
BH050,457,4.570000171661377,0.4335472097742644,8857,1,1,SHELF_NORMAL_Y_NEG,1679,5,28.8822360366077,-9.808045131156495,-28.265193597712884,0.0006521933609419,-0.000486131055276,0.000442333429845,-0.0005684070107976,0.0004761935795219,-0.0004297636006922,0.0006632334552705,3.30424118146766e-05,,0.1517279595136642,0.0795894041657447,0.1567096412181854,0.0004424545122714,0.0005770169094986,0.0073436326347291,0.9022774677503232,-0.0265174304341945,0.0207535460051359,0.499493720801513,,0,0,TRUE_ELASTIC_UNLOADING,-0.0005359251312939,True,True
BH050,458,4.580000400543213,0.4335832584880824,8857,1,1,SHELF_NORMAL_Y_NEG,1679,5,28.8822360366077,-9.711327336977272,-28.17931536765337,0.0006496618612342,-0.0004892497751526,0.0004403206473906,-0.0005709320855583,0.0004763191827297,-0.0004298589166404,0.0006634722230955,3.3065294701373205e-05,,0.1517825871706009,0.0796445235610008,0.1568886488676071,0.0004424545122714,0.0005770169094986,0.0073436326347291,0.903268423565576,-0.0265463367447886,0.0207574428671598,0.4993979837837518,,0,0,ELASTIC_RELOADING,,False,False
BH050,459,4.590000629425049,0.4333848536671431,8857,1,1,SHELF_NORMAL_Y_NEG,1679,5,28.8822360366077,-9.671580324391725,-28.155410426006608,0.0006511574128447,-0.0004874550019826,0.0004423803445147,-0.000568463659472,0.0004763201138342,-0.0004298637479404,0.0006634722230955,3.3065294701373205e-05,,0.1517825871706009,0.0796445235610008,0.1569785922765731,0.0004424545122714,0.0005770169094986,0.0073436326347291,0.9035971692005004,-0.0265457951386601,0.0207642282286803,0.4994367287969236,,0,0,ELASTIC_RELOADING,,False,False
BH050,460,4.599999904632568,0.4335817467430624,8857,1,1,SHELF_NORMAL_Y_NEG,1679,5,28.8822360366077,-9.715990104414002,-28.20961222271646,0.0006518747232054,-0.0004872265387024,0.0004425821089522,-0.0005686830553634,0.0004763174943267,-0.0004298608084968,0.0006634722230955,3.3065294701373205e-05,,0.1517825871706009,0.0796445235610008,0.1568969935178756,0.0004425821089522,0.0005770169094986,0.0073436326347291,0.8999620525077495,-0.0265382648857923,0.0207702226748241,0.4994198233093634,,0,0,TRUE_ELASTIC_UNLOADING,0.0006006568068108,True,True
BH050,461,4.610000133514404,0.4328586829886671,8857,1,1,SHELF_NORMAL_Y_NEG,1679,5,28.8822360366077,-9.72138098963214,-28.19674733907738,0.0006502334297928,-0.000488877441586,0.0004408546766839,-0.0005705462890536,0.0004764167542577,-0.0004299354023769,0.000663655984681,3.308292798465118e-05,,0.1518246382474899,0.0796869918704032,0.1569345742464065,0.0004425821089522,0.0005770169094986,0.0073436326347291,0.8983999036960834,-0.0265333277164888,0.0207735159857756,0.4993452117554164,,0,0,TRUE_ELASTIC_UNLOADING,0.0004119283530291,True,True
BH050,462,4.62000036239624,0.432795291581801,8857,1,1,SHELF_NORMAL_Y_NEG,1679,5,28.8822360366077,-9.711902209763307,-28.19754486888513,0.0006520603571413,-0.0004873496527828,0.0004429198008641,-0.00056870926902,0.0004764291529568,-0.0004299465199422,0.000663683284074,3.3085547329392284e-05,,0.1518308818340301,0.0796933099627494,0.1569516658782959,0.0004429198008641,0.0005770169094986,0.0073436326347291,0.8990865960766308,-0.0264903768817438,0.0207755951836535,0.4992301507766173,,0,0,ELASTIC_RELOADING,,False,False
BH050,463,4.630000591278076,0.4324284708508156,8857,1,1,SHELF_NORMAL_Y_NEG,1679,5,28.8822360366077,-9.766985955928089,-28.22742152522746,0.0006511222461635,-0.0004876984891053,0.0004420783548482,-0.0005691356829369,0.0004766383517429,-0.000430101877314,0.000664067803882,3.31224910041783e-05,,0.1519188433885574,0.0797822922468185,0.1569773703813552,0.0004429198008641,0.0005770169094986,0.0073436326347291,0.8961504228410715,-0.0265431678450229,0.0207794481459955,0.4991749244764142,,0,0,TRUE_ELASTIC_UNLOADING,-0.0002098889561574,True,True
BH050,464,4.639999866485596,0.4325227844738183,8857,1,1,SHELF_NORMAL_Y_NEG,1679,5,28.8822360366077,-9.698736231664922,-28.105940674392865,0.0006526110615835,-0.0004857637785046,0.0004448763427412,-0.0005662597569594,0.0004770443157612,-0.0004304055781748,0.0006648244452662,3.3195276046171784e-05,,0.1520919352769851,0.0799576118588447,0.1572353541851043,0.0004448763427412,0.0005770169094986,0.0073436326347291,0.8975911519986216,-0.0265641247863837,0.020784507700852,0.4991665270293606,,0,0,ELASTIC_RELOADING,,False,False
BH050,465,4.650000095367432,0.4320918394953071,8857,1,1,SHELF_NORMAL_Y_NEG,1679,5,28.8822360366077,-9.756509992754811,-28.158133719968987,0.0006514023490246,-0.0004870897811384,0.0004431952857044,-0.0005680966804455,0.0004770451285958,-0.0004304060438995,0.0006648244452662,3.3195276046171784e-05,,0.1520919352769851,0.0799576118588447,0.1571841537952423,0.0004448763427412,0.0005770169094986,0.0073436326347291,0.895899263024788,-0.0265497163115893,0.0207872222222928,0.499080076073919,,0,0,TRUE_ELASTIC_UNLOADING,0.000111887964951,True,True
BH050,466,4.660000324249268,0.4318391553380957,8857,1,1,SHELF_NORMAL_Y_NEG,1679,5,28.8822360366077,-9.72536954435051,-28.09439014808965,0.000653096791391,-0.0004860021715602,0.0004443294224239,-0.0005677947437272,0.0004770464051573,-0.0004304048506748,0.0006648244452662,3.3195276046171784e-05,,0.1520919352769851,0.0799576118588447,0.1572247445583343,0.0004448763427412,0.0005770169094986,0.0073436326347291,0.8986327760481135,-0.0264955777227707,0.0207877056168445,0.4989515235747884,,0,0,ELASTIC_RELOADING,,False,False
BH050,467,4.670000553131104,0.4316348489141772,8857,1,1,SHELF_NORMAL_Y_NEG,1679,5,28.8822360366077,-9.74135931048312,-28.089663823721047,0.0006529892644927,-0.0004856441981689,0.00044505671094,-0.0005667451537038,0.000477136689456,-0.0004304733906543,0.0006649888237006,3.321110489196144e-05,,0.1521295458078384,0.0799957364797592,0.1572858691215515,0.00044505671094,0.0005770169094986,0.0073436326347291,0.8963007800125394,-0.026508622544513,0.0207906440880466,0.4989091380450507,,0,0,TRUE_ELASTIC_UNLOADING,-0.0003332309150787,True,True
BH050,468,4.679999828338623,0.4315378657873742,8857,1,1,SHELF_NORMAL_Y_NEG,1679,5,28.8822360366077,-9.869555787433171,-28.17240230588665,0.000656272563833,-0.0004831323750605,0.0004475314317914,-0.0005653561348546,0.0004775919463146,-0.0004308153921907,0.0006658376078121,3.329293031129055e-05,,0.1523237228393554,0.0801928341388702,0.1572764813899994,0.0004475314317914,0.0005770169094986,0.0073436326347291,0.8907208221210593,-0.0264757206475204,0.0207959001544004,0.49895348690985,,0,0,TRUE_ELASTIC_UNLOADING,-2.043869236723061e-05,True,True
BH050,469,4.690000057220459,0.4311865340787722,8857,1,1,SHELF_NORMAL_Y_NEG,1679,5,28.8822360366077,-9.721552179912852,-28.0526743625285,0.0006548842383809,-0.0004847849861461,0.000446587481012,-0.0005663689173679,0.0004775864037183,-0.0004308124529719,0.0006658376078121,3.329293031129055e-05,,0.1523237228393554,0.0801928341388702,0.1574487686157226,0.0004475314317914,0.0005770169094986,0.0073436326347291,0.8913483894943115,-0.0264796468143888,0.020799247768002,0.4989495630371514,,0,0,ELASTIC_RELOADING,,False,False
BH050,470,4.700000286102295,0.4315711817030421,8857,1,1,SHELF_NORMAL_Y_NEG,1679,5,28.8822360366077,-9.794301006094,-28.11717261682391,0.0006521752381509,-0.0004865475827245,0.0004437752197606,-0.0005682918065705,0.0004776105328894,-0.0004308305553976,0.0006658739876002,3.32964445988182e-05,,0.1523320525884628,0.0802012905478477,0.1573920845985412,0.0004475314317914,0.0005770169094986,0.0073436326347291,0.890880795832664,-0.0264641365318534,0.0207999398445786,0.4988413723854304,,0,0,TRUE_ELASTIC_UNLOADING,0.0007273153770658,True,True
BH050,471,4.710000514984131,0.4310432452861333,8857,1,1,SHELF_NORMAL_Y_NEG,1679,5,28.8822360366077,-9.71487661425276,-27.960344146106383,0.0006496239479822,-0.0004895946263597,0.0004432723156508,-0.0005698255153833,0.0004777155618046,-0.0004309109117369,0.0006660721846856,3.3315551263513044e-05,,0.1523773819208145,0.0802473202347755,0.1576043516397476,0.0004475314317914,0.0005770169094986,0.0073436326347291,0.8947085408197173,-0.0264908492933423,0.0208015430771164,0.4987707717903067,,0,0,ELASTIC_RELOADING,,False,False
BH050,472,4.71999979019165,0.4307998094181121,8857,1,1,SHELF_NORMAL_Y_NEG,1679,5,28.8822360366077,-9.716322584369165,-27.99771655120468,0.0006566907822913,-0.0004834237558744,0.0004483865320195,-0.0005653589234261,0.0004780660591118,-0.0004311716259907,0.0006667220732197,3.337852831464261e-05,,0.1525260657072067,0.0803990066051483,0.1576718837022781,0.0004483865320195,0.0005770169094986,0.0073436326347291,0.8931724594319033,-0.0265513860963116,0.0208049028392895,0.4987889061626575,,0,0,TRUE_ELASTIC_UNLOADING,0.0001966749496027,True,True
BH050,473,4.730000019073486,0.4308557731272728,8857,1,1,SHELF_NORMAL_Y_NEG,1679,5,28.8822360366077,-9.730758296830729,-28.02332240296948,0.0006549802464002,-0.0004850663627185,0.0004459491690143,-0.0005676511444398,0.0004781779322887,-0.0004312563478243,0.0006669288268312,3.339851900818758e-05,,0.152573361992836,0.0804471671581268,0.1576941609382629,0.0004483865320195,0.0005770169094986,0.0073436326347291,0.89283965055805,-0.026520969520504,0.0208081208821784,0.4987971642794674,,0,0,TRUE_ELASTIC_UNLOADING,0.0002959549328058,True,True
BH050,474,4.740000247955322,0.4301663143053073,8857,1,1,SHELF_NORMAL_Y_NEG,1679,5,28.8822360366077,-9.70812341144361,-27.94702673270054,0.0006521754731478,-0.0004876811509406,0.0004439452356546,-0.0005698360198536,0.000478180322961,-0.0004312598401155,0.0006669288268312,3.339851900818758e-05,,0.152573361992836,0.0804471671581268,0.1577918976545334,0.0004483865320195,0.0005770169094986,0.0073436326347291,0.890361587543548,-0.0264504948323864,0.0208096375449487,0.4987344393528647,,0,0,TRUE_ELASTIC_UNLOADING,-0.0003513363092024,True,True
BH050,475,4.750000476837158,0.4302126183745053,8857,1,1,SHELF_NORMAL_Y_NEG,1679,5,28.8822360366077,-9.714267608043077,-27.92965523236532,0.0006542830932449,-0.0004858028730258,0.0004466311773081,-0.0005675419712828,0.0004784824224656,-0.0004314851926364,0.0006674928590655,3.345319419167936e-05,,0.1527023911476135,0.0805788561701774,0.1578868180513382,0.0004483865320195,0.0005770169094986,0.0073436326347291,0.8875739640509455,-0.026423729395195,0.0208098700372294,0.4986534556451402,-168263.72981430448,1,1,TRUE_ELASTIC_UNLOADING,-0.0002979707796977,True,True
BH050,476,4.760000705718994,0.430271260005777,8857,1,1,SHELF_NORMAL_Y_NEG,1679,5,28.8822360366077,-9.73319332193856,-27.94684071479844,0.0006528790666124,-0.0004870841038143,0.0004451923852873,-0.0005688699967094,0.0004784857197638,-0.000431487840894,0.0006674928590655,3.345319419167936e-05,,0.1527023911476135,0.0805788561701774,0.1578820198774337,0.0004483865320195,0.0005770169094986,0.0073436326347291,0.8871574060127885,-0.0264545382131866,0.0208112845035104,0.498628157428067,,0,0,TRUE_ELASTIC_UNLOADING,2.837787937737257e-05,True,False
BH050,477,4.769999980926514,0.4302642249698065,8857,1,1,SHELF_NORMAL_Y_NEG,1679,5,28.8822360366077,-9.784670049512608,-27.99326892033164,0.000651657791944,-0.0004881391320538,0.0004427769516853,-0.0005711540815003,0.0004784862822663,-0.0004314885981001,0.0006674928590655,3.345319419167936e-05,,0.1527023911476135,0.0805788561701774,0.1577850580215454,0.0004483865320195,0.0005770169094986,0.0073436326347291,0.8898062570482786,-0.0264837426624367,0.0208150173770201,0.4986812683263883,,0,0,ELASTIC_RELOADING,,False,False
BH050,478,4.78000020980835,0.4297856085910332,8857,1,1,SHELF_NORMAL_Y_NEG,1679,5,28.8822360366077,-9.720231538740284,-27.94322745776026,0.0006509482570321,-0.0004887082677454,0.0004441064704604,-0.0005695846447385,0.0004784888229432,-0.0004314917993617,0.0006674928590655,3.345319419167936e-05,,0.1527023911476135,0.0805788561701774,0.157887727022171,0.0004483865320195,0.0005770169094986,0.0073436326347291,0.8873516985989467,-0.0264613969146224,0.0208173021075696,0.4987024998170314,,0,0,TRUE_ELASTIC_UNLOADING,-0.0005900743200761,True,True
BH050,479,4.7900004386901855,0.4295879612796829,8857,1,1,SHELF_NORMAL_Y_NEG,1679,5,28.8822360366077,-9.683037736650634,-27.9140756898274,0.0006518657388816,-0.0004884296725169,0.0004452021060124,-0.0005690723057098,0.0004784903355145,-0.0004314934874334,0.0006674928590655,3.345319419167936e-05,,0.1527023911476135,0.0805788561701774,0.1579316556453704,0.0004483865320195,0.0005770169094986,0.0073436326347291,0.8873037598959423,-0.0263991463144952,0.0208172996268766,0.4986279423400246,,0,0,AMBIGUOUS,,False,False
BH050,480,4.8000006675720215,0.4296267960714104,8857,1,1,SHELF_NORMAL_Y_NEG,1679,5,28.8822360366077,-9.701234184239391,-27.92466929716378,0.0006542907635626,-0.000486946288554,0.0004464731832865,-0.0005687954233489,0.0004785233300173,-0.0004315172944194,0.0006675539771094,3.3459127735113725e-05,,0.1527163684368133,0.0805931538343429,0.1579098254442215,0.0004483865320195,0.0005770169094986,0.0073436326347291,0.8898596943224774,-0.0263119194063086,0.0208173914184381,0.4985669753687984,,0,0,ELASTIC_RELOADING,,False,False
BH050,481,4.809999942779541,0.4292027771468876,8857,1,1,SHELF_NORMAL_Y_NEG,1679,5,28.8822360366077,-9.68775522696878,-27.88641737569697,0.0006557666188091,-0.0004843957453252,0.0004483904455185,-0.0005659747148226,0.0004786432287036,-0.0004316070221694,0.0006677748169749,3.348054087837227e-05,,0.1527668982744217,0.0806447267532348,0.1580154448747635,0.0004483904455185,0.0005770169094986,0.0073436326347291,0.8890758376828356,-0.0263472318622673,0.0208195536835987,0.4985834756155387,,0,0,TRUE_ELASTIC_UNLOADING,0.0008813681558764,True,True
BH050,482,4.820000171661377,0.4291432797252562,8857,1,1,SHELF_NORMAL_Y_NEG,1679,5,28.8822360366077,-9.652070668716826,-27.834968041344176,0.0006546219846821,-0.000485710744889,0.0004477946681793,-0.0005668498307052,0.0004786417927597,-0.000431605567186,0.0006677748169749,3.348054087837227e-05,,0.1527668982744217,0.0806447267532348,0.158040851354599,0.0004483904455185,0.0005770169094986,0.0073436326347291,0.886842688978066,-0.0262884809883982,0.0208219414953212,0.4986120503205734,,0,0,TRUE_ELASTIC_UNLOADING,-0.0001905760764582,True,True
BH050,483,4.830000400543213,0.4290179602827382,8857,1,1,SHELF_NORMAL_Y_NEG,1679,5,28.8822360366077,-9.718607797639054,-27.887519687417043,0.0006547663899057,-0.0004858286156824,0.000447875829215,-0.0005671276195312,0.0004787654566822,-0.0004316963134008,0.0006680022925138,3.350263068568893e-05,,0.1528189331293106,0.0806979313492775,0.1580248475074768,0.0004483904455185,0.0005770169094986,0.0073436326347291,0.8855730518171637,-0.0263427849867391,0.0208222260414714,0.498572768880029,,0,0,TRUE_ELASTIC_UNLOADING,-0.0005559442918086,True,True
BH050,484,4.840000629425049,0.4289414388546265,8857,1,1,SHELF_NORMAL_Y_NEG,1679,5,28.8822360366077,-9.726390077684757,-27.88978249361545,0.0006569950404605,-0.000483410217347,0.000449676511688,-0.0005651753423225,0.0004787661521719,-0.0004316944798866,0.0006680022925138,3.350263068568893e-05,,0.1528189331293106,0.0806979313492775,0.1580155044794082,0.000449676511688,0.0005770169094986,0.0073436326347291,0.8866964308348264,-0.02637325114678,0.0208213001061384,0.4984991534025857,,0,0,ELASTIC_RELOADING,,False,False
BH050,485,4.849999904632568,0.4287075270882445,8857,1,1,SHELF_NORMAL_Y_NEG,1679,5,28.8822360366077,-9.736976005877978,-27.898776701472507,0.000657225102439,-0.0004834988718363,0.0004498804381576,-0.000565301134996,0.0004789228651751,-0.0004318092371068,0.0006682913517579,3.353074862388894e-05,,0.1528850644826889,0.0807656645774841,0.1580599546432495,0.0004498804381576,0.0005770169094986,0.0073436326347291,0.8884135627930815,-0.0263698603122719,0.0208224274863768,0.4985040749484617,,0,0,ELASTIC_RELOADING,,False,False
BH050,486,4.860000133514404,0.4288096131314722,8857,1,1,SHELF_NORMAL_Y_NEG,1679,5,28.8822360366077,-9.708155541604237,-27.86232841440572,0.0006582242287805,-0.0004822154150154,0.0004505855008004,-0.0005643644687595,0.0004789258318595,-0.0004318079856898,0.0006682913517579,3.353074862388894e-05,,0.1528850644826889,0.0807656645774841,0.1581014096736908,0.0004505855008004,0.0005770169094986,0.0073436326347291,0.8840642557894677,-0.0264033396733447,0.0208245266522876,0.4985363645239309,,0,0,TRUE_ELASTIC_UNLOADING,7.722143198107823e-06,True,True
BH050,487,4.87000036239624,0.428401743120363,8857,1,1,SHELF_NORMAL_Y_NEG,1679,5,28.8822360366077,-9.651445547400083,-27.79339247359597,0.0006592574964285,-0.000481266727909,0.0004526843809103,-0.0005624346803428,0.0004789264437622,-0.000431810517691,0.0006682913517579,3.353074862388894e-05,,0.1528850644826889,0.0807656645774841,0.158166691660881,0.0004526843809103,0.0005770169094986,0.0073436326347291,0.8826994382960561,-0.0264803678088545,0.0208254783452366,0.4985311614736832,,0,0,TRUE_ELASTIC_UNLOADING,0.0011409714541236,True,True
BH050,488,4.880000591278076,0.4285140130670927,8857,1,1,SHELF_NORMAL_Y_NEG,1679,5,28.8822360366077,-9.7338898437217,-27.862894363178142,0.000661079815521,-0.0004797697273817,0.0004537550905552,-0.0005617787529042,0.0004789252772224,-0.0004318071998705,0.0006682913517579,3.353074862388894e-05,,0.1528850644826889,0.0807656645774841,0.1580599993467331,0.0004537550905552,0.0005770169094986,0.0073436326347291,0.8822569400277988,-0.0264786288195192,0.0208244564185595,0.4984626673165034,,0,0,TRUE_ELASTIC_UNLOADING,-0.0011664748543704,True,True
BH050,489,4.889999866485596,0.4281546778040704,8857,1,1,SHELF_NORMAL_Y_NEG,1679,5,28.8822360366077,-9.738688114438768,-27.87226271315556,0.0006580019714015,-0.0004822053557227,0.0004509907417169,-0.0005638692955543,0.0004789271476707,-0.0004318105174806,0.0006682913517579,3.353074862388894e-05,,0.1528850644826889,0.0807656645774841,0.1580750048160553,0.0004537550905552,0.0005770169094986,0.0073436326347291,0.87976250188985,-0.0263999518308102,0.0208238444860215,0.4984131199116598,,0,0,TRUE_ELASTIC_UNLOADING,-0.0001304882761115,True,True
BH050,490,4.900000095367432,0.4280483040960718,8857,1,1,SHELF_NORMAL_Y_NEG,1679,5,28.8822360366077,-9.707986054037168,-27.84561340827624,0.00065619554703,-0.0004838118432784,0.0004491314382336,-0.0005655006477826,0.0004789263015974,-0.0004318102847275,0.0006682913517579,3.353074862388894e-05,,0.1528850644826889,0.0807656645774841,0.1581050902605056,0.0004537550905552,0.0005770169094986,0.0073436326347291,0.880811208146879,-0.0263533280694573,0.0208253128242329,0.4984332169043305,,0,0,ELASTIC_RELOADING,,False,False
BH050,491,4.910000324249268,0.4279202061523889,8857,1,1,SHELF_NORMAL_Y_NEG,1679,5,28.8822360366077,-9.6340914084151,-27.80495701901039,0.000660704524124,-0.0004799861337333,0.0004528940647409,-0.000562191531292,0.000478930472552,-0.0004318101397561,0.0006682913517579,3.353074862388894e-05,,0.1528850644826889,0.0807656645774841,0.1581811308860778,0.0004537550905552,0.0005770169094986,0.0073436326347291,0.8828115966979723,-0.0263569482547042,0.0208265001701502,0.4984562689719458,,0,0,ELASTIC_RELOADING,,False,False
BH050,492,4.920000553131104,0.4280616272478348,8857,1,1,SHELF_NORMAL_Y_NEG,1679,5,28.8822360366077,-9.723519771215711,-27.8574766291582,0.0006606854112295,-0.0004791197033067,0.0004537702785549,-0.0005606849037833,0.0004789865566746,-0.0004318535624419,0.0006683920510113,3.354053114890121e-05,,0.1529081016778946,0.0807892233133316,0.1581035256385803,0.0004537702785549,0.0005770169094986,0.0073436326347291,0.8845990775529533,-0.0262835681207172,0.020826186216632,0.4984222642928197,,0,0,ELASTIC_RELOADING,,False,False
BH050,493,4.929999828338623,0.4276093440138547,8857,1,1,SHELF_NORMAL_Y_NEG,1679,5,28.8822360366077,-9.685288624385851,-27.820113165184587,0.0006623919116275,-0.0004785256509508,0.0004559543900617,-0.000559607242511,0.0004790411968615,-0.0004318925035547,0.0006684897234663,3.355003718752414e-05,,0.1529304385185241,0.0808121263980865,0.1581773310899734,0.0004559543900617,0.0005770169094986,0.0073436326347291,0.881385430534106,-0.0263065838676829,0.020825551266847,0.4983788394222528,,0,0,TRUE_ELASTIC_UNLOADING,-0.0002022686023175,True,True
