case,frame_index,time_s,P_over_Pu,steel_element,steel_ip,steel_section_point,panel,uhpc_element,uhpc_ip,pair_distance_mm,uhpc_sigma_x_MPa,uhpc_sigma_y_axial_MPa,uhpc_epsilon_x_star,uhpc_epsilon_y_star,UHPC_epsilon_x_star_with_Poisson,UHPC_epsilon_y_star_with_Poisson,uhpc_PE_x,uhpc_PE_y,PEEQ,PEEQT,PEQC,DAMAGEC,DAMAGET,SDEG,kappa_Ux_Poisson_corrected,kappa_Uy_Poisson_corrected,steel_PEEQ,steel_sigma_VM_over_fy,steel_w_local_mm,q_FEM_W_over_b,R2_after_plane,A_current_normal_mm_s2,actual_A_available,actual_V_available,classification,d_s_raw,spatially_supported_unloading,qualified_scalar_stiffness
BH032,490,4.900000095367432,0.425984724870273,3944,1,1,SHELF_NORMAL_Y_NEG,1057,6,5.056624360615114,-6.578833633759102,-50.37356990820228,0.000449972256478,-4.144111002204196e-05,9.891875400970724e-05,-8.976602073149727e-05,7.303146832663642e-05,-9.2804154721092e-05,9.16371791390702e-05,1.6198670209632835e-06,,0.0209638439118862,0.0039017810486257,0.0210260543972253,0.0001118900168361,0.000141526393296,0.001000135205686,0.3338906816481088,0.5636939941299006,0.0153008019935242,0.5027516493753026,,0,0,ELASTIC_RELOADING,,False,False
BH032,491,4.910000324249268,0.4258124780183305,3944,1,1,SHELF_NORMAL_Y_NEG,1057,6,5.056624360615114,-6.583177480172461,-50.37047344606093,0.0004511726449281,-4.144107405796259e-05,0.000100059893307,-8.987666462440566e-05,7.303152702743353e-05,-9.280414943884598e-05,9.16371791390702e-05,1.6198670209632835e-06,,0.0209638439118862,0.0039017810486257,0.0210276301950216,0.0001118900168361,0.000141526393296,0.001000135205686,0.3338220029278362,0.5635398921884656,0.0153015841207919,0.5027329105083335,,0,0,AMBIGUOUS,,False,False
BH032,492,4.920000553131104,0.4256918660622806,3944,1,1,SHELF_NORMAL_Y_NEG,1057,6,5.056624360615114,-6.573390361998505,-50.32991674853264,0.0004506412462187,-4.127733881284382e-05,9.9714190150875e-05,-8.973992677080932e-05,7.303125663534637e-05,-9.28041598913021e-05,9.16371791390702e-05,1.6198670209632835e-06,,0.0209638439118862,0.0039017810486257,0.0210240110754966,0.0001118900168361,0.000141526393296,0.001000135205686,0.3333203596946383,0.5652314655665354,0.0153022347583749,0.5027505938040322,,0,0,TRUE_ELASTIC_UNLOADING,0.0002655164640633,True,False
BH032,493,4.929999828338623,0.4254259845548715,3944,1,1,SHELF_NORMAL_Y_NEG,1057,6,5.056624360615114,-6.576537531831166,-50.317033795313776,0.0004505938576272,-4.1326914434994906e-05,9.995884519379538e-05,-8.960826606087442e-05,7.303108956501953e-05,-9.28041601283209e-05,9.16371791390702e-05,1.6198670209632835e-06,,0.0209638439118862,0.0039017810486257,0.0210272204130888,0.0001118900168361,0.000141526393296,0.001000135205686,0.333718086063193,0.5651088471585933,0.0153031197579213,0.5027540211009575,,0,0,ELASTIC_RELOADING,,False,False
BH032,494,4.940000057220459,0.42519944607335,3944,1,1,SHELF_NORMAL_Y_NEG,1057,6,5.056624360615114,-6.5607861246708685,-50.32262928773506,0.000449380098564,-4.368938649092257e-05,9.85124558930431e-05,-9.205580914069473e-05,7.303106086305347e-05,-9.28041519796056e-05,9.16371791390702e-05,1.6198670209632835e-06,,0.0209638439118862,0.0039017810486257,0.0210236608982086,0.0001118900168361,0.000141526393296,0.001000135205686,0.3332120806696519,0.5628597256406361,0.0153026926097739,0.5027047056272278,,0,0,TRUE_ELASTIC_UNLOADING,0.0002943436390732,True,True
BH032,495,4.950000286102295,0.424936173090322,3944,1,1,SHELF_NORMAL_Y_NEG,1057,6,5.056624360615114,-6.581643533445125,-50.34443313895291,0.000452332266842,-3.900397991662627e-05,0.0001014834695743,-8.734501493416346e-05,7.30308423118311e-05,-9.280415706952164e-05,9.16371791390702e-05,1.6198670209632835e-06,,0.0209638439118862,0.0039017810486257,0.0210261717438697,0.0001118900168361,0.000141526393296,0.001000135205686,0.3337708656247835,0.566230617150695,0.0153045584505577,0.5027371705217505,,0,0,ELASTIC_RELOADING,,False,False
BH032,496,4.960000514984131,0.4248717897300562,3944,1,1,SHELF_NORMAL_Y_NEG,1057,6,5.056624360615114,-6.555189420735861,-50.305966041782696,0.0004506118648145,-3.92065238817988e-05,9.997185326628914e-05,-8.742181224296501e-05,7.303078396893426e-05,-9.280416110026568e-05,9.16371791390702e-05,1.6198670209632835e-06,,0.0209638439118862,0.0039017810486257,0.021026287227869,0.0001118900168361,0.000141526393296,0.001000135205686,0.333310813899664,0.5641134683592102,0.015303782843237,0.5027103179658676,,0,0,TRUE_ELASTIC_UNLOADING,0.0003594403905362,True,True
BH032,497,4.96999979019165,0.4246856601168503,3944,1,1,SHELF_NORMAL_Y_NEG,1057,6,5.056624360615114,-6.529679052530424,-50.26556455477269,0.0004488054620919,-4.16294357728649e-05,9.821311642300198e-05,-8.989999225560543e-05,7.303078435785254e-05,-9.280415779786204e-05,9.16371791390702e-05,1.6198670209632835e-06,,0.0209638439118862,0.0039017810486257,0.0210252963006496,0.0001118900168361,0.000141526393296,0.001000135205686,0.333267205509001,0.5663400066702384,0.0153050566184203,0.5027201126057237,,0,0,AMBIGUOUS,,False,False
BH032,498,4.980000019073486,0.4246701612684778,3944,1,1,SHELF_NORMAL_Y_NEG,1057,6,5.056624360615114,-6.536841936276076,-50.26981471517315,0.0004512523275452,-4.111502670349661e-05,0.0001008148579183,-8.925084117666752e-05,7.303061726565155e-05,-9.280415658609769e-05,9.16371791390702e-05,1.6198670209632835e-06,,0.0209638439118862,0.0039017810486257,0.0210257042199373,0.0001118900168361,0.000141526393296,0.001000135205686,0.3333028517344327,0.5639999592572709,0.0153051216961741,0.5026957028879052,,0,0,ELASTIC_RELOADING,,False,False
BH032,499,4.990000247955322,0.4243269878489827,3944,1,1,SHELF_NORMAL_Y_NEG,1057,6,5.056624360615114,-6.56067030838657,-50.276496101051855,0.0004463010754737,-4.587654639223423e-05,9.576703880132578e-05,-9.422745546552131e-05,7.303059544153055e-05,-9.280415828720152e-05,9.16371791390702e-05,1.6198670209632835e-06,,0.0209638439118862,0.0039017810486257,0.0210243035107851,0.0001118900168361,0.000141526393296,0.001000135205686,0.3326545537810796,0.5656170161244187,0.0153057242187467,0.5027063354475152,,0,0,TRUE_ELASTIC_UNLOADING,2.1695586799208577e-05,True,False
BH032,500,5.0,0.4242707957344159,3944,1,1,SHELF_NORMAL_Y_NEG,1057,6,5.056624360615114,-6.509792735313238,-50.22627058571689,0.0004417732485492,-4.983565716910627e-05,9.161349703265884e-05,-9.78077737748904e-05,7.303063122817038e-05,-9.280416337204312e-05,9.16371791390702e-05,1.6198670209632835e-06,,0.0209638439118862,0.0039017810486257,0.0210252366960048,0.0001118900168361,0.000141526393296,0.001000135205686,0.333171651914979,0.5661976963242873,0.0153062969577194,0.5027114880111674,12359.073050429482,1,1,ELASTIC_RELOADING,,False,False
BH032,0,0.0,0.0,3944,2,5,SHELF_NORMAL_Y_NEG,1057,5,5.056624336026129,0.0,0.0,-7.302777235879313e-09,-8.271431138079642e-07,-7.302777235879315e-09,-8.271431138079642e-07,0.0,0.0,0.0,0.0,,0.0,0.0,0.0,7.302777235879315e-09,8.271431138079642e-07,0.0,0.0,0.0,0.0,,0.0,1,1,,,,
BH032,1,0.0100004216656088,3.758334647400553e-08,3944,2,5,SHELF_NORMAL_Y_NEG,1057,5,5.056624336026129,-9.983532893924589e-05,-0.0005138032530936,-4.999632893223561e-09,-8.15299460204305e-07,-1.9422246368219313e-08,-8.268605442496601e-07,0.0,0.0,0.0,0.0,,0.0,0.0,0.0,1.9422246368219313e-08,8.271431138079642e-07,0.0,3.453529622483782e-05,-0.0001546465574009,-5.1261794200980594e-09,0.0017074555574889,,0,0,AMBIGUOUS,,False,False
BH032,2,0.0200000535696744,2.418561546540417e-06,3944,2,5,SHELF_NORMAL_Y_NEG,1057,5,5.056624336026129,-0.0001585291569116,-0.0002057396974994,-3.6500316849195236e-09,-8.224025677826303e-07,-1.895245863441563e-09,-8.203214418188424e-07,0.0,0.0,0.0,0.0,,0.0,0.0,0.0,1.9422246368219313e-08,8.271431138079642e-07,0.0,3.485460692803725e-05,-0.0001230007648411,-6.889978969263434e-09,0.0040020173887773,,0,0,AMBIGUOUS,,False,False
BH032,3,0.0300005301833152,5.956553901020615e-06,3944,2,5,SHELF_NORMAL_Y_NEG,1057,5,5.056624336026129,-0.0010082725106084,-0.0011049769592066,1.5936286114073586e-08,-8.016706427853556e-07,3.71149050070344e-08,-7.798235599619934e-07,0.0,0.0,0.0,0.0,,0.0,0.0,0.0,3.71149050070344e-08,8.271431138079642e-07,0.0,2.422900167343646e-05,-0.000102203649205,4.096406876659903e-09,0.0016774046674989,,0,0,AMBIGUOUS,,False,False
BH032,4,0.0400013327598571,1.510635299959955e-05,3944,2,5,SHELF_NORMAL_Y_NEG,1057,5,5.056624336026129,7.315189388294143e-05,-0.0017250335452687,-8.985513603412208e-09,-7.87390928126538e-07,-7.80034101904606e-09,-7.737759022761476e-07,0.0,0.0,0.0,0.0,,0.0,0.0,0.0,3.71149050070344e-08,8.271431138079642e-07,0.0,3.2656340357660906e-05,-0.0001133620112112,3.822240453270917e-09,0.0014344241347059,,0,0,AMBIGUOUS,,False,False
BH032,5,0.0500013679265975,2.743281033846044e-05,3944,2,5,SHELF_NORMAL_Y_NEG,1057,5,5.056624336026129,-0.0002901202965976,-0.001304044725615,6.059844421921739e-07,-1.3368984356022284e-06,5.945957862489117e-07,-1.3412783973356934e-06,0.0,0.0,0.0,0.0,,0.0,0.0,0.0,5.945957862489117e-07,1.3412783973356934e-06,0.0,2.944966072075576e-05,-7.031098399790754e-05,2.740579872887088e-08,0.0668834226568355,,0,0,AMBIGUOUS,,False,False
BH032,6,0.0600004978477954,4.84236440560974e-05,3944,2,5,SHELF_NORMAL_Y_NEG,1057,5,5.056624336026129,-0.0001159671493378,-0.0036986123179837,8.907659558513995e-08,-4.669647827036259e-07,6.936524581753779e-08,-4.619113041165349e-07,0.0,0.0,0.0,0.0,,0.0,0.0,0.0,5.945957862489117e-07,1.3412783973356934e-06,0.0,5.09066843843029e-05,-4.099562126886769e-05,4.599748861322911e-08,0.1678226629821272,,0,0,AMBIGUOUS,,False,False
BH032,7,0.0700011625885963,6.89757764392477e-05,3944,2,5,SHELF_NORMAL_Y_NEG,1057,5,5.056624336026129,-0.0014784737693496,-0.0069572909752629,1.185761122757798e-07,-4.315743933167688e-07,9.962200742568605e-08,-4.12656489831057e-07,0.0,0.0,0.0,0.0,,0.0,0.0,0.0,5.945957862489117e-07,1.3412783973356934e-06,0.0,8.52930305387594e-05,-5.2109369090826965e-05,6.522672079052965e-08,0.206554369312175,,0,0,AMBIGUOUS,,False,False
BH032,8,0.080000951886177,0.000127376562625,3944,2,5,SHELF_NORMAL_Y_NEG,1057,5,5.056624336026129,0.0027593854144847,-0.0113816573540323,-3.977797094675155e-08,-3.095012441071557e-07,-8.818813089490728e-08,-2.601622604941356e-07,0.0,0.0,0.0,0.0,,0.0,0.0,0.0,5.945957862489117e-07,1.3412783973356934e-06,0.0,0.0001640168632889,-1.8739300953705805e-05,9.925581456317808e-08,0.3331346913534376,,0,0,AMBIGUOUS,,False,False
BH032,9,0.0900012999773025,0.0001570901268403,3944,2,5,SHELF_NORMAL_Y_NEG,1057,5,5.056624336026129,-0.0062107705901051,-0.0149907941325027,9.78303463601084e-08,-9.42506464072596e-07,2.8303355321193762e-09,-9.768150679254854e-07,0.0,0.0,0.0,0.0,,0.0,0.0,0.0,5.945957862489117e-07,1.3412783973356934e-06,0.0,0.0001083046712824,-2.0211999254905807e-05,1.4863744087192284e-07,0.4960898521781245,,0,0,AMBIGUOUS,,False,False
BH032,10,0.1000005528330802,0.0002058092213063,3944,2,5,SHELF_NORMAL_Y_NEG,1057,5,5.056624336026129,0.0025772245225905,-0.0220603558960337,1.6456281160851534e-07,3.106996884199758e-07,2.967589689190359e-08,3.461186291316393e-07,0.0,0.0,0.0,0.0,,0.0,0.0,0.0,5.945957862489117e-07,1.3412783973356934e-06,0.0,0.0002817011937948,-2.7128884974252488e-05,2.1548508385104922e-07,0.6496590197708857,,0,0,AMBIGUOUS,,False,False
BH032,11,0.110000230371952,0.0003016485010776,3944,2,5,SHELF_NORMAL_Y_NEG,1057,5,5.056624336026129,0.0013678942094718,-0.0211132448552919,2.432135659706917e-07,-3.068449328326484e-07,9.722638862163494e-08,-2.9743253139301964e-07,0.0,0.0,0.0,0.0,,0.0,0.0,0.0,5.945957862489117e-07,1.3412783973356934e-06,0.0,0.0003174876881912,0.0001015112435576,2.737109984883963e-07,0.7127902779453017,,0,0,AMBIGUOUS,,False,False
BH032,12,0.1200005337595939,0.0003804823187686,3944,2,5,SHELF_NORMAL_Y_NEG,1057,5,5.056624336026129,0.0074711849159834,-0.0241655801871499,-1.072444117745275e-07,-2.1693116867469585e-06,-2.7994075762269145e-07,-2.123320716214018e-06,0.0,0.0,0.0,0.0,,0.0,0.0,0.0,5.945957862489117e-07,2.123320716214018e-06,0.0,0.0003685040428004,0.0002259368564395,3.578548408979644e-07,0.7980210970177315,,0,0,AMBIGUOUS,,False,False
BH032,13,0.1300000846385955,0.0004604194291082,3944,2,5,SHELF_NORMAL_Y_NEG,1057,5,5.056624336026129,0.0058614250742505,-0.0331236543253311,4.09497319504394e-09,-3.493327082750397e-07,-2.229629248860127e-07,-3.06908490690786e-07,0.0,0.0,0.0,0.0,,0.0,0.0,0.0,5.945957862489117e-07,2.123320716214018e-06,0.0,0.0005486462933166,0.0002695193048236,4.600566725801936e-07,0.852770081226759,,0,0,AMBIGUOUS,,False,False
BH032,14,0.1400003582239151,0.0005717144374705,3944,2,5,SHELF_NORMAL_Y_NEG,1057,5,5.056624336026129,-0.011637325869159,-0.0575992520624326,3.973450134379385e-07,-8.397603447148989e-07,-2.4842133907154983e-08,-9.44238324825384e-07,0.0,0.0,0.0,0.0,,0.0,0.0,0.0,5.945957862489117e-07,2.123320716214018e-06,0.0,0.0006181252968772,0.0004057234062204,5.839873517470187e-07,0.8995745824045884,,0,0,AMBIGUOUS,,False,False
BH032,15,0.1500009447336197,0.0007341739951479,3944,2,5,SHELF_NORMAL_Y_NEG,1057,5,5.056624336026129,-0.0087306600509767,-0.058844165488278,2.9208290708949545e-07,-8.127624691243974e-07,-9.252852986267896e-08,-8.509671864638905e-07,0.0,0.0,0.0,0.0,,0.0,0.0,0.0,5.945957862489117e-07,2.123320716214018e-06,0.0,0.0007634516518785,0.0005226506573239,7.253145179672543e-07,0.9178471093305725,,0,0,AMBIGUOUS,,False,False
BH032,16,0.160000666975975,0.0008640605224913,3944,2,5,SHELF_NORMAL_Y_NEG,1057,5,5.056624336026129,0.0025797121431797,-0.0668839543861167,3.6373521719533073e-07,-1.0694780055862995e-06,-4.677008764738806e-08,-9.998197169085378e-07,0.0,0.0,0.0,0.0,,0.0,0.0,0.0,5.945957862489117e-07,2.123320716214018e-06,0.0,0.000887453989083,0.0006499636323209,8.905603928272607e-07,0.92958709034273,,0,0,AMBIGUOUS,,False,False
BH032,17,0.1700009405612945,0.0010544743615751,3944,2,5,SHELF_NORMAL_Y_NEG,1057,5,5.056624336026129,-0.0165549490385853,-0.0883860852239387,5.268311640675579e-07,-8.643683266416501e-07,-7.253729863682088e-08,-9.67208198203033e-07,0.0,0.0,0.0,0.0,,0.0,0.0,0.0,5.945957862489117e-07,2.123320716214018e-06,0.0,0.001136356131479,0.0008308136651231,1.0735878608188172e-06,0.9435817816005664,,0,0,AMBIGUOUS,,False,False
BH032,18,0.1800008416175842,0.001232156713675,3944,2,5,SHELF_NORMAL_Y_NEG,1057,5,5.056624336026129,-0.0183927834471069,-0.1039297376662434,9.987970892479378e-07,-8.22256346599366e-07,2.865192699115164e-07,-9.432648971399124e-07,0.0,0.0,0.0,0.0,,0.0,0.0,0.0,5.945957862489117e-07,2.123320716214018e-06,0.0,0.0012616960193797,0.0009934915589389,1.2841706370642477e-06,0.9524028090334584,,0,0,AMBIGUOUS,,False,False
BH032,19,0.190000832080841,0.001451524315192,3944,2,5,SHELF_NORMAL_Y_NEG,1057,5,5.056624336026129,-0.0116885003513943,-0.1205208033422737,7.805718685611189e-07,-4.2657953175295884e-09,-5.38658708068227e-08,-8.640650940289497e-08,0.0,0.0,0.0,0.0,,0.0,0.0,0.0,5.945957862489117e-07,2.123320716214018e-06,0.0,0.0014971618302795,0.0011496638387712,1.5222725758302013e-06,0.9593786036250328,,0,0,AMBIGUOUS,,False,False
BH032,20,0.2000001817941665,0.0016677185669085,3944,2,5,SHELF_NORMAL_Y_NEG,1057,5,5.056624336026129,-0.0202801897436659,-0.1493641216885957,8.231339506738667e-07,3.178221621106194e-07,-1.7631188472217659e-07,2.1066157057353926e-07,0.0,0.0,0.0,0.0,,0.0,0.0,0.0,5.945957862489117e-07,2.123320716214018e-06,0.0,0.0016854565893774,0.0014941641821621,1.7752884841738968e-06,0.9588513029228606,,0,0,AMBIGUOUS,,False,False
BH032,21,0.2100008875131607,0.0019480210638481,3944,2,5,SHELF_NORMAL_Y_NEG,1057,5,5.056624336026129,-0.0296688713557175,-0.1702679981412984,1.2108678292275035e-06,-2.251141558469029e-07,1.1623669547112256e-08,-4.524749506500071e-07,0.0,0.0,0.0,0.0,,0.0,0.0,0.0,5.945957862489117e-07,2.123320716214018e-06,0.0,0.0020052330843339,0.0018259487769514,2.065438957467529e-06,0.9632969935637606,,0,0,AMBIGUOUS,,False,False
BH032,22,0.2200004607439041,0.0022296206012666,3944,2,5,SHELF_NORMAL_Y_NEG,1057,5,5.056624336026129,-0.02250503869341,-0.1819428389437199,1.245304898927367e-06,4.501924280883316e-08,-4.195222310396895e-08,-1.4013326919731976e-07,0.0,0.0,0.0,0.0,,0.0,0.0,0.0,5.945957862489117e-07,2.123320716214018e-06,0.0,0.0023492793434809,0.0020589263969635,2.3790308485672746e-06,0.9642633055739852,,0,0,AMBIGUOUS,,False,False
BH032,23,0.2300004065036773,0.0025162200585375,3944,2,5,SHELF_NORMAL_Y_NEG,1057,5,5.056624336026129,-0.010226534712325,-0.199396307917257,1.042638587440178e-06,-6.728096899185814e-07,-2.854871382068178e-07,-6.933102551628178e-07,0.0,0.0,0.0,0.0,,0.0,0.0,0.0,5.945957862489117e-07,2.123320716214018e-06,0.0,0.0025904331630672,0.0024184390941003,2.7171186399128467e-06,0.9649251976132484,,0,0,AMBIGUOUS,,False,False
BH032,24,0.2400002628564834,0.0028804610719441,3944,2,5,SHELF_NORMAL_Y_NEG,1057,5,5.056624336026129,-0.0332601683602839,-0.2292896757395214,1.60212399747159e-06,-1.2310706884310478e-06,6.970393307769698e-09,-1.4711816148582036e-06,0.0,0.0,0.0,0.0,,0.0,0.0,0.0,5.945957862489117e-07,2.123320716214018e-06,0.0,0.0028723560397878,0.0027681153542435,3.0941476081630395e-06,0.9658958326726642,,0,0,AMBIGUOUS,,False,False
BH032,25,0.2500005662441253,0.0032444186036879,3944,2,5,SHELF_NORMAL_Y_NEG,1057,5,5.056624336026129,-0.0139291190250455,-0.2575981775724875,1.8943727913030789e-06,-9.69318989954067e-07,1.7594090630077786e-07,-1.0034025439832664e-06,0.0,0.0,0.0,0.0,,0.0,0.0,0.0,5.945957862489117e-07,2.123320716214018e-06,0.0,0.0032864143751481,0.0030781900521686,3.482794433560844e-06,0.9656406846527412,1392.6964720860085,1,1,AMBIGUOUS,,False,False
BH032,26,0.2600001990795135,0.0036284824673401,3944,2,5,SHELF_NORMAL_Y_NEG,1057,5,5.056624336026129,-0.0277709922567455,-0.303030879221635,2.249328567765913e-06,-8.415917051591765e-07,1.8589045844228746e-07,-1.0023117018222747e-06,0.0,0.0,0.0,0.0,,0.0,0.0,0.0,5.945957862489117e-07,2.123320716214018e-06,0.0,0.0036863659936802,0.0035258739279305,3.935791535791241e-06,0.9678159184745044,,0,0,AMBIGUOUS,,False,False
BH032,27,0.270000010728836,0.0040746785996643,3944,2,5,SHELF_NORMAL_Y_NEG,1057,5,5.056624336026129,-0.0403252314607435,-0.3293451746160185,2.078106429184721e-06,-1.921686427736867e-07,-1.3616514013587153e-07,-4.086065036476789e-07,0.0,0.0,0.0,0.0,,0.0,0.0,0.0,5.945957862489117e-07,2.123320716214018e-06,0.0,0.0042619519875278,0.0039637228144936,4.396954935582285e-06,0.9675432155945844,,0,0,AMBIGUOUS,,False,False
BH032,28,0.2800003588199615,0.004505091077076,3944,2,5,SHELF_NORMAL_Y_NEG,1057,5,5.056624336026129,-0.0357848064716246,-0.3752681270234999,2.49278283652971e-06,-5.478978778509269e-07,-6.388234249171537e-08,-7.579041590483312e-07,0.0,0.0,0.0,0.0,,0.0,0.0,0.0,5.945957862489117e-07,2.123320716214018e-06,0.0,0.0046580883042808,0.0043971172271981,4.9023907471835e-06,0.9684663811407253,,0,0,AMBIGUOUS,,False,False
BH032,29,0.2900010645389557,0.0050145708354011,3944,2,5,SHELF_NORMAL_Y_NEG,1057,5,5.056624336026129,-0.0456981145179851,-0.407938229993655,2.756722812832091e-06,1.6496020101636473e-08,4.3534566020490276e-08,-1.927282948504976e-07,0.0,0.0,0.0,0.0,,0.0,0.0,0.0,5.945957862489117e-07,2.123320716214018e-06,0.0,0.0051900024765916,0.0049282495486568,5.452478398666989e-06,0.9687148239184766,,0,0,AMBIGUOUS,,False,False
BH032,30,0.3000000417232513,0.005517258513247,3944,2,5,SHELF_NORMAL_Y_NEG,1057,5,5.056624336026129,-0.0600116355366326,-0.4634275172817913,2.9977201541371136e-06,1.2978639449796177e-07,-1.619368013179047e-07,-2.412815166356864e-07,0.0,0.0,0.0,0.0,,0.0,0.0,0.0,5.945957862489117e-07,2.123320716214018e-06,0.0,0.0056684804491268,0.0053296968004805,6.004383712812941e-06,0.9682736024670512,,0,0,AMBIGUOUS,,False,False
BH032,31,0.3100012242794037,0.0060779233941586,3944,2,5,SHELF_NORMAL_Y_NEG,1057,5,5.056624336026129,-0.0470422252238817,-0.5057058479123376,3.46513771630755e-06,-5.367027750935733e-07,-8.906210219715591e-09,-8.402608305024809e-07,0.0,0.0,0.0,0.0,,0.0,0.0,0.0,5.945957862489117e-07,2.123320716214018e-06,0.0,0.0061942971673392,0.0060852741527099,6.63331832267236e-06,0.9694402991256807,,0,0,AMBIGUOUS,,False,False
BH032,32,0.3200008571147918,0.0066475610208589,3944,2,5,SHELF_NORMAL_Y_NEG,1057,5,5.056624336026129,-0.0614735434915773,-0.5545670027726932,3.853265354137862e-06,-7.592050399781507e-07,8.936694991109047e-08,-1.1146233109253197e-06,0.0,0.0,0.0,0.0,,0.0,0.0,0.0,5.945957862489117e-07,2.123320716214018e-06,0.0,0.0068534200957659,0.0066027354339114,7.269232005519183e-06,0.969075434581408,,0,0,AMBIGUOUS,,False,False
BH032,33,0.3300012648105621,0.0072586805030445,3944,2,5,SHELF_NORMAL_Y_NEG,1057,5,5.056624336026129,-0.0617688971626744,-0.5986890225145063,3.973368172999606e-06,-2.660865255104052e-07,-4.3967788616664515e-08,-5.71993049210781e-07,0.0,0.0,0.0,0.0,,0.0,0.0,0.0,5.945957862489117e-07,2.123320716214018e-06,0.0,0.0075330172868456,0.0072780122965376,7.967146745995216e-06,0.9704344103043384,,0,0,AMBIGUOUS,,False,False
BH032,34,0.3400005400180816,0.0079175712446819,3944,2,5,SHELF_NORMAL_Y_NEG,1057,5,5.056624336026129,-0.0750306800602277,-0.6544406453981253,4.538450908770837e-06,-2.6584252876755263e-08,-1.6167071073001572e-08,-5.760642234724527e-07,0.0,0.0,0.0,0.0,,0.0,0.0,0.0,5.945957862489117e-07,2.123320716214018e-06,0.0,0.0081827485096352,0.0079314024327471,8.675395445799879e-06,0.9698358959635612,,0,0,AMBIGUOUS,,False,False
BH032,35,0.3500011265277862,0.0086236956268978,3944,2,5,SHELF_NORMAL_Y_NEG,1057,5,5.056624336026129,-0.0696896996484711,-0.7058185414983612,4.736675812415442e-06,9.764451697479332e-09,-1.2436235850752273e-07,-4.540697433045893e-07,0.0,0.0,0.0,0.0,,0.0,0.0,0.0,5.945957862489117e-07,2.123320716214018e-06,0.0,0.0089108312649748,0.0086552175068945,9.479884021293527e-06,0.9703127324489914,,0,0,AMBIGUOUS,,False,False
BH032,36,0.3600009381771087,0.0093749567030197,3944,2,5,SHELF_NORMAL_Y_NEG,1057,5,5.056624336026129,-0.08205130999045,-0.7735843999407787,5.293559364283415e-06,-3.4888575668967176e-08,-4.01522585011465e-08,-5.884175490272907e-07,0.0,0.0,0.0,0.0,,0.0,0.0,0.0,5.945957862489117e-07,2.123320716214018e-06,0.0,0.0096690326780058,0.0093734064220651,1.0264815884358662e-05,0.9697472866441904,,0,0,AMBIGUOUS,,False,False
BH032,37,0.3700006902217865,0.0101412281839962,3944,2,5,SHELF_NORMAL_Y_NEG,1057,5,5.056624336026129,-0.1076826894841114,-0.8379211447401009,5.756835422943632e-06,6.542957418728764e-08,-1.4177660858132921e-07,-7.854511998077883e-07,0.0,0.0,0.0,0.0,,0.0,0.0,0.0,5.945957862489117e-07,2.123320716214018e-06,0.0,0.0104581621927561,0.0102010031322113,1.111574941235482e-05,0.9698479187696276,,0,0,AMBIGUOUS,,False,False
BH032,38,0.3800011575222015,0.0109359944222498,3944,2,5,SHELF_NORMAL_Y_NEG,1057,5,5.056624336026129,-0.1161299997501067,-0.9138557967077422,6.064972553370818e-06,6.992001037812126e-07,-1.365133926603293e-07,1.194777727289012e-08,0.0,0.0,0.0,0.0,,0.0,0.0,0.0,5.945957862489117e-07,2.123320716214018e-06,0.0,0.0112830606420347,0.011099584298827,1.2030027641352311e-05,0.970517228218313,,0,0,AMBIGUOUS,,False,False
BH032,39,0.3900003135204315,0.0117767511080669,3944,2,5,SHELF_NORMAL_Y_NEG,1057,5,5.056624336026129,-0.1220393200327206,-0.9845602453910663,6.637126330963618e-06,4.076368915410366e-07,-6.573597501729877e-08,-3.330992022854125e-07,0.0,0.0,0.0,0.0,,0.0,0.0,0.0,5.945957862489117e-07,2.123320716214018e-06,0.0,0.0121242521348231,0.0119321875096707,1.2955658797727051e-05,0.9704176050400556,,0,0,AMBIGUOUS,,False,False
BH032,40,0.4000013768672943,0.0126616271249512,3944,2,5,SHELF_NORMAL_Y_NEG,1057,5,5.056624336026129,-0.1217420200694849,-1.0505022327516265,7.574619994287886e-06,-3.669785735802304e-07,2.9839475643086746e-07,-1.2232023412841983e-06,0.0,0.0,0.0,0.0,,0.0,0.0,0.0,5.945957862489117e-07,2.123320716214018e-06,0.0,0.0129781162200125,0.0129307570796115,1.3958994491023722e-05,0.9705511354041748,,0,0,AMBIGUOUS,,False,False
BH032,41,0.410001128911972,0.0136090458856199,3944,2,5,SHELF_NORMAL_Y_NEG,1057,5,5.056624336026129,-0.1284148970659475,-1.1132791191099254,7.040644757945604e-06,4.677908329599642e-07,-5.597380677894415e-07,-3.247747897061127e-07,0.0,0.0,0.0,0.0,,0.0,0.0,0.0,5.945957862489117e-07,2.123320716214018e-06,0.0,0.0140066472859929,0.013766581679028,1.4992792573721176e-05,0.9707206958454636,,0,0,AMBIGUOUS,,False,False
BH032,42,0.4200007021427154,0.0145670825592122,3944,2,5,SHELF_NORMAL_Y_NEG,1057,5,5.056624336026129,-0.1333416362142266,-1.1924100070794423,8.16740372657718e-06,-2.205148656251178e-08,2.0707251006969187e-09,-8.666353806757581e-07,0.0,0.0,0.0,0.0,,0.0,0.0,0.0,5.945957862489117e-07,2.123320716214018e-06,0.0,0.0148787474357148,0.0148467624677052,1.6061032079542772e-05,0.9709406894036128,,0,0,AMBIGUOUS,,False,False
BH032,43,0.4300008118152618,0.0156102279258219,3944,2,5,SHELF_NORMAL_Y_NEG,1057,5,5.056624336026129,-0.151841131989621,-1.295437112182355,8.517147628739742e-06,8.497895171166533e-07,-3.473485876822268e-07,-1.0966536156752733e-07,0.0,0.0,0.0,0.0,,0.0,0.0,0.0,5.945957862489117e-07,2.123320716214018e-06,0.0,0.0160766566405049,0.0159349102237879,1.7220017077223246e-05,0.970941509778921,,0,0,AMBIGUOUS,,False,False
BH032,44,0.4400002658367157,0.0166906098926845,3944,2,5,SHELF_NORMAL_Y_NEG,1057,5,5.056624336026129,-0.1620324582278473,-1.3706809654724892,9.372463369636316e-06,3.467070961368711e-07,-4.2149279144163865e-08,-7.131923689248783e-07,0.0,0.0,0.0,0.0,,0.0,0.0,0.0,5.945957862489117e-07,2.123320716214018e-06,0.0,0.0171583350561079,0.0169501265708167,1.8383927089806e-05,0.9708838505342432,,0,0,AMBIGUOUS,,False,False
BH032,45,0.4500011503696441,0.017781796830458,3944,2,5,SHELF_NORMAL_Y_NEG,1057,5,5.056624336026129,-0.1810684763143108,-1.4666470220809322,1.0238745208182549e-05,5.202276080135812e-07,1.7684018857901505e-07,-6.551897680418767e-07,0.0,0.0,0.0,0.0,,0.0,0.0,0.0,5.945957862489117e-07,2.123320716214018e-06,0.0,0.0182065461199283,0.0181487647745422,1.9619277392039737e-05,0.9712956667301442,,0,0,AMBIGUOUS,,False,False
BH032,46,0.4600003659725189,0.0189281729411429,3944,2,5,SHELF_NORMAL_Y_NEG,1057,5,5.056624336026129,-0.1734472021702421,-1.559596909962074,1.1069092172068945e-05,7.760808498836802e-07,3.378990126966372e-07,-3.734323017109807e-07,0.0,0.0,0.0,0.0,,0.0,0.0,0.0,5.945957862489117e-07,2.123320716214018e-06,0.0,0.0194128982072619,0.0192815265811774,2.089547008013982e-05,0.971353108442452,,0,0,AMBIGUOUS,,False,False
BH032,47,0.4700005352497101,0.0201345272101862,3944,2,5,SHELF_NORMAL_Y_NEG,1057,5,5.056624336026129,-0.1921480911814367,-1.658361739897895,1.1298736397038069e-05,1.659732872819464e-06,-5.3984814754618275e-08,4.4212904846774005e-07,0.0,0.0,0.0,0.0,,0.0,0.0,0.0,5.945957862489117e-07,2.123320716214018e-06,0.0,0.0206690548218704,0.0205745554662831,2.2241411705619184e-05,0.9713807998746996,,0,0,AMBIGUOUS,,False,False
BH032,48,0.4800002872943878,0.0213925730820901,3944,2,5,SHELF_NORMAL_Y_NEG,1057,5,5.056624336026129,-0.1855845225249984,-1.7532548051183452,1.1929389320267638e-05,1.6455585879471935e-06,-4.0370703205089334e-08,5.122290893132725e-07,0.0,0.0,0.0,0.0,,0.0,0.0,0.0,5.945957862489117e-07,2.123320716214018e-06,0.0,0.022056800732317,0.0218298227834395,2.364580953429922e-05,0.9714186511172392,,0,0,AMBIGUOUS,,False,False
BH032,49,0.4900000393390655,0.0226739938202897,3944,2,5,SHELF_NORMAL_Y_NEG,1057,5,5.056624336026129,-0.2064312618219421,-1.8647862769982315,1.2864193623843485e-05,5.068715071664871e-07,2.2659166192944058e-07,-6.674469397040833e-07,0.0,0.0,0.0,0.0,,0.0,0.0,0.0,5.945957862489117e-07,2.123320716214018e-06,0.0,0.0233572363601629,0.0231641723159465,2.505977640578074e-05,0.97171015065487,,0,0,AMBIGUOUS,,False,False
BH032,50,0.5000011324882507,0.0239955500551157,3944,2,5,SHELF_NORMAL_Y_NEG,1057,5,5.056624336026129,-0.2291438323495377,-1.9870431700883828,1.3546422560831195e-05,1.6488617768713486e-06,-9.797886631253477e-08,1.558382603648092e-07,0.0,0.0,0.0,0.0,,0.0,0.0,0.0,5.945957862489117e-07,2.123320716214018e-06,0.0,0.0247565727502895,0.0245948342363823,2.656303230410059e-05,0.9718024139205808,-6393.605138704819,1,1,AMBIGUOUS,,False,False
BH032,51,0.5100001692771912,0.0254358130792536,3944,2,5,SHELF_NORMAL_Y_NEG,1057,5,5.056624336026129,-0.2292433038931077,-2.086129080326784,1.4207420236779894e-05,1.6165413497134013e-06,-6.800554264750249e-08,1.767315364173996e-07,0.0,0.0,0.0,0.0,,0.0,0.0,0.0,5.945957862489117e-07,2.123320716214018e-06,0.0,0.0260095108320925,0.0259621385516544,2.812264821560656e-05,0.9719082303139333,,0,0,AMBIGUOUS,,False,False
BH032,52,0.5200014114379883,0.0268654461268165,3944,2,5,SHELF_NORMAL_Y_NEG,1057,5,5.056624336026129,-0.2623724275197552,-2.220958245501895,1.5203808958651908e-05,1.3846721874715768e-06,-1.9151017352182157e-09,-2.824402278777197e-07,0.0,0.0,0.0,0.0,,0.0,0.0,0.0,5.945957862489117e-07,2.123320716214018e-06,0.0,0.0274830523417745,0.027485298365313,2.974267309258012e-05,0.9720108179845268,,0,0,AMBIGUOUS,,False,False
BH032,53,0.5300014019012451,0.0283303165536909,3944,2,5,SHELF_NORMAL_Y_NEG,1057,5,5.056624336026129,-0.2753441001723612,-2.3293368126578025,1.591113673219621e-05,2.0898340025900654e-07,-6.219037189158087e-08,-1.56623739632574e-06,0.0,0.0,0.0,0.0,,0.0,0.0,0.0,5.945957862489117e-07,2.123320716214018e-06,0.0,0.0290137158017528,0.0289977221639242,3.140279038337955e-05,0.9720573036920128,,0,0,AMBIGUOUS,,False,False
BH032,54,0.5400002598762512,0.0299142968453197,3944,2,5,SHELF_NORMAL_Y_NEG,1057,5,5.056624336026129,-0.2898854085395118,-2.46860971260886,1.7205220676076468e-05,7.168106156077848e-07,2.297324798519384e-07,-1.198371331289452e-06,0.0,0.0,0.0,0.0,,0.0,0.0,0.0,5.945957862489117e-07,2.123320716214018e-06,0.0,0.0305925345475274,0.0305865328732506,3.312834740783511e-05,0.9723621595595788,,0,0,AMBIGUOUS,,False,False
BH032,55,0.5500006675720215,0.0314856624516114,3944,2,5,SHELF_NORMAL_Y_NEG,1057,5,5.056624336026129,-0.3079889292301703,-2.597110910926552,1.7609240501674836e-05,1.056671685086909e-06,-1.2110507032628086e-07,-8.502500503032988e-07,0.0,0.0,0.0,0.0,,0.0,0.0,0.0,5.945957862489117e-07,2.123320716214018e-06,0.0,0.032244060928072,0.0322527688422927,3.4910656215386374e-05,0.9722639197864978,,0,0,AMBIGUOUS,,False,False
BH032,56,0.5600007176399231,0.0331381715878672,3944,2,5,SHELF_NORMAL_Y_NEG,1057,5,5.056624336026129,-0.3280580897176343,-2.7355560500226463,1.8890561515322185e-05,1.5328982167428984e-06,2.191373462075806e-07,-4.968349825213675e-07,0.0,0.0,0.0,0.0,,0.0,0.0,0.0,5.945957862489117e-07,2.123320716214018e-06,0.0,0.0341205630741586,0.0339265058868225,3.6759163890455e-05,0.9726739516735446,,0,0,AMBIGUOUS,,False,False
BH032,57,0.5700010061264038,0.034807944500197,3944,2,5,SHELF_NORMAL_Y_NEG,1057,5,5.056624336026129,-0.33456209348978,-2.8769914706891657,1.965756829852184e-05,1.0661581200270066e-06,-1.6204931709915406e-08,-1.033218493619141e-06,0.0,0.0,0.0,0.0,,0.0,0.0,0.0,5.945957862489117e-07,2.123320716214018e-06,0.0,0.0357015145170687,0.0356387243712743,3.866268728008829e-05,0.9726642867678346,,0,0,AMBIGUOUS,,False,False
BH032,58,0.580001175403595,0.0365971103756832,3944,2,5,SHELF_NORMAL_Y_NEG,1057,5,5.056624336026129,-0.3579832788789346,-3.019512057982973,2.0667212773649696e-05,1.82766424098468e-06,-9.690809693578297e-08,-5.387922579139096e-07,0.0,0.0,0.0,0.0,,0.0,0.0,0.0,5.945957862489117e-07,2.123320716214018e-06,0.0,0.0374891124527515,0.0374916646247555,4.061764882536634e-05,0.9728766147318316,,0,0,AMBIGUOUS,,False,False
BH032,59,0.590001106262207,0.038399949261707,3944,2,5,SHELF_NORMAL_Y_NEG,1057,5,5.056624336026129,-0.3791296525861062,-3.163929642855073,2.189228795440703e-05,1.918889911264407e-06,8.11235326198767e-08,-6.425049925344681e-07,0.0,0.0,0.0,0.0,,0.0,0.0,0.0,5.945957862489117e-07,2.123320716214018e-06,0.0,0.0392461056249882,0.0393177845908132,4.263292537341103e-05,0.9731205597051764,,0,0,AMBIGUOUS,,False,False
BH032,60,0.6000012755393982,0.0402430336423061,3944,2,5,SHELF_NORMAL_Y_NEG,1057,5,5.056624336026129,-0.384726803487555,-3.315816526248913,2.241183698140609e-05,1.453855557821164e-06,-2.816682993367969e-07,-9.78660855907747e-07,0.0,0.0,0.0,0.0,,0.0,0.0,0.0,5.945957862489117e-07,2.123320716214018e-06,0.0,0.041314673327181,0.0412136476520627,4.470838798050299e-05,0.973336955914454,,0,0,AMBIGUOUS,,False,False
BH032,61,0.6100014448165894,0.0422066217448756,3944,2,5,SHELF_NORMAL_Y_NEG,1057,5,5.056624336026129,-0.4176573698409103,-3.4930041849187843,2.359848107617249e-05,1.170478391535252e-06,-3.083811276059201e-07,-1.4782261043315892e-06,0.0,0.0,0.0,0.0,,0.0,0.0,0.0,5.945957862489117e-07,2.123320716214018e-06,0.0,0.0431877798598059,0.0431407763774043,4.684354214102044e-05,0.97365549552427,,0,0,AMBIGUOUS,,False,False
BH032,62,0.6200001239776611,0.0441757540041041,3944,2,5,SHELF_NORMAL_Y_NEG,1057,5,5.056624336026129,-0.4320260609255116,-3.647044604055744,2.4929033272953184e-05,1.4707117640286137e-06,-6.840616416543314e-08,-1.3030971906229246e-06,0.0,0.0,0.0,0.0,,0.0,0.0,0.0,5.945957862489117e-07,2.123320716214018e-06,0.0,0.0452789231010307,0.045134520355454,4.904267063750639e-05,0.9737867387040896,,0,0,AMBIGUOUS,,False,False
BH032,63,0.6300002932548523,0.046194124641131,3944,2,5,SHELF_NORMAL_Y_NEG,1057,5,5.056624336026129,-0.4533944972500608,-3.806311381078424,2.6315193090661503e-05,2.2577828545730937e-06,2.44905054553918e-07,-6.356603624444514e-07,0.0,0.0,0.0,0.0,,0.0,0.0,0.0,5.945957862489117e-07,2.123320716214018e-06,0.0,0.0474195139592794,0.0471791036562519,5.130540164985606e-05,0.9742272115830788,,0,0,AMBIGUOUS,,False,False
BH032,64,0.6400004625320435,0.0482368961433459,3944,2,5,SHELF_NORMAL_Y_NEG,1057,5,5.056624336026129,-0.4643668127241643,-3.971143384992296,2.724982387908662e-05,2.0822490533326427e-06,6.688771591159862e-09,-9.204950016181298e-07,0.0,0.0,0.0,0.0,,0.0,0.0,0.0,5.945957862489117e-07,2.123320716214018e-06,0.0,0.0495104889640185,0.0492578540069611,5.361027459756086e-05,0.9743265756366248,,0,0,AMBIGUOUS,,False,False
BH032,65,0.6500006318092346,0.0503650606881482,3944,2,5,SHELF_NORMAL_Y_NEG,1057,5,5.056624336026129,-0.4916076094187669,-4.157187646211492,2.8493000354706505e-05,2.67416669447678e-06,6.327358443170621e-08,-4.174492223920929e-07,0.0,0.0,0.0,0.0,,0.0,0.0,0.0,5.945957862489117e-07,2.123320716214018e-06,0.0,0.0516682645303363,0.0514063869558663,5.601659830722154e-05,0.974741858769282,,0,0,AMBIGUOUS,,False,False
BH032,66,0.6600008010864258,0.0526023667010388,3944,2,5,SHELF_NORMAL_Y_NEG,1057,5,5.056624336026129,-0.5097091443982678,-4.329226110306933,2.9438626143600176e-05,2.7073444177724182e-06,-1.5612447799401335e-07,-4.852151952365147e-07,0.0,0.0,0.0,0.0,,0.0,0.0,0.0,5.945957862489117e-07,2.123320716214018e-06,0.0,0.0538493075695483,0.0535126575092298,5.841611993958989e-05,0.9752100896349224,,0,0,AMBIGUOUS,,False,False
BH032,67,0.6700009703636169,0.0548499343749948,3944,2,5,SHELF_NORMAL_Y_NEG,1057,5,5.056624336026129,-0.53621603682451,-4.518657185423182,3.0839104659293324e-05,3.067188817145529e-06,-1.1908504201190505e-07,-3.6260584768566667e-07,0.0,0.0,0.0,0.0,,0.0,0.0,0.0,5.945957862489117e-07,2.123320716214018e-06,0.0,0.0561473682761328,0.055803740861462,6.093166700816329e-05,0.9754532228595768,,0,0,AMBIGUOUS,,False,False
BH032,68,0.6800011396408081,0.0571516100119179,3944,2,5,SHELF_NORMAL_Y_NEG,1057,5,5.056624336026129,-0.5567707801986841,-4.702777309981393,3.2489219313986866e-05,3.03187062989258e-06,2.874088513919569e-07,-5.109085207953182e-07,0.0,0.0,0.0,0.0,,0.0,0.0,0.0,5.945957862489117e-07,2.123320716214018e-06,0.0,0.0586190915209174,0.0580652087461608,6.349487276082085e-05,0.9758400486224226,,0,0,AMBIGUOUS,,False,False
BH032,69,0.6900013089179993,0.0595037691238824,3944,2,5,SHELF_NORMAL_Y_NEG,1057,5,5.056624336026129,-0.5931062620377322,-4.921375360296129,3.3209221564759514e-05,4.189024682723283e-06,-5.965755974559111e-07,3.0213833800068015e-07,0.0,0.0,0.0,0.0,,0.0,0.0,0.0,5.965755974559111e-07,2.123320716214018e-06,0.0,0.0610329711919548,0.0603626716448272,6.610746350723148e-05,0.9762982781763896,,0,0,AMBIGUOUS,,False,False
BH032,70,0.699999988079071,0.0619285679905122,3944,2,5,SHELF_NORMAL_Y_NEG,1057,5,5.056624336026129,-0.6082707300186766,-5.105345751998637,3.4708928623660526e-05,4.103154207829501e-06,-2.819838483184911e-07,1.9801377719597801e-07,0.0,0.0,0.0,0.0,,0.0,0.0,0.0,5.965755974559111e-07,2.123320716214018e-06,0.0,0.0634191343603465,0.0627476522271916,6.882087375105001e-05,0.97661215910577,,0,0,AMBIGUOUS,,False,False
BH032,71,0.7100001573562622,0.0644184868988798,3944,2,5,SHELF_NORMAL_Y_NEG,1057,5,5.056624336026129,-0.6232461350911513,-5.312075953290906,3.600094423615257e-05,4.089929587412913e-06,-4.476304152380998e-07,5.26209604790462e-08,0.0,0.0,0.0,0.0,,0.0,0.0,0.0,5.965755974559111e-07,2.123320716214018e-06,0.0,0.0661544057059149,0.0652428724490203,7.156960931629712e-05,0.9770777803698726,,0,0,AMBIGUOUS,,False,False
BH032,72,0.7200003266334534,0.0669499238242739,3944,2,5,SHELF_NORMAL_Y_NEG,1057,5,5.056624336026129,-0.6450419794011095,-5.507275342498552,3.760615026494342e-05,3.5460930706359382e-06,-1.0428026789603009e-07,-5.544294222861908e-07,0.0,0.0,0.0,0.0,,0.0,0.0,0.0,5.965755974559111e-07,2.123320716214018e-06,0.0,0.0685500853222413,0.0676372868308116,7.436716171357336e-05,0.9774845020357388,,0,0,AMBIGUOUS,,False,False
BH032,73,0.7300004959106445,0.0695442774057586,3944,2,5,SHELF_NORMAL_Y_NEG,1057,5,5.056624336026129,-0.6836032259424871,-5.72289657903098,3.926532414137868e-05,3.42059992012797e-06,6.365919303909185e-08,-9.472400067772592e-07,0.0,0.0,0.0,0.0,,0.0,0.0,0.0,5.965755974559111e-07,2.123320716214018e-06,0.0,0.0711888675535068,0.0702212078374091,7.727556501621941e-05,0.977924497148594,,0,0,AMBIGUOUS,,False,False
BH032,74,0.7400006651878357,0.0722135500640371,3944,2,5,SHELF_NORMAL_Y_NEG,1057,5,5.056624336026129,-0.7063390525350981,-5.951668424040461,4.070159262189454e-05,4.149393169977156e-06,-1.2676676460198158e-07,-4.209290862910011e-07,0.0,0.0,0.0,0.0,,0.0,0.0,0.0,5.965755974559111e-07,2.123320716214018e-06,0.0,0.0740127992801923,0.0728240933997037,8.021392415954822e-05,0.978243626955336,,0,0,AMBIGUOUS,,False,False
BH032,75,0.7500008344650269,0.0749421044453527,3944,2,5,SHELF_NORMAL_Y_NEG,1057,5,5.056624336026129,-0.7415183910459847,-6.1798254748773855,4.258627150987367e-05,3.53499484324302e-06,2.059424111190342e-07,-1.253349804993209e-06,0.0,0.0,0.0,0.0,,0.0,0.0,0.0,5.965755974559111e-07,2.123320716214018e-06,0.0,0.0768306564735962,0.0754275396284952,8.324761544245396e-05,0.9786568184924084,4042.0378524318767,1,1,AMBIGUOUS,,False,False
BH032,76,0.760001003742218,0.0777224682094641,3944,2,5,SHELF_NORMAL_Y_NEG,1057,5,5.056624336026129,-0.7580872498759987,-6.40554914072718,4.390350193762416e-05,5.158925622968959e-06,2.680198734208528e-08,3.19980678663203e-07,0.0,0.0,0.0,0.0,,0.0,0.0,0.0,5.965755974559111e-07,2.123320716214018e-06,0.0,0.079700159065125,0.0781049797602476,8.633518093334619e-05,0.9790936256600974,,0,0,AMBIGUOUS,,False,False
BH032,77,0.7700011730194092,0.0805700676964747,3944,2,5,SHELF_NORMAL_Y_NEG,1057,5,5.056624336026129,-0.7765713591440595,-6.63291941422091,4.532471319886356e-05,4.676582990293526e-06,-1.753882650217274e-07,-3.418498900617853e-07,0.0,0.0,0.0,0.0,,0.0,0.0,0.0,5.965755974559111e-07,2.123320716214018e-06,0.0,0.0825584124482399,0.0808079709243992,8.944698060970738e-05,0.9794308713209172,,0,0,AMBIGUOUS,,False,False
BH032,78,0.7800013422966003,0.0834784871897777,3944,2,5,SHELF_NORMAL_Y_NEG,1057,5,5.056624336026129,-0.8162731780871205,-6.881308491124701,4.7165273165216426e-05,4.5577099561425714e-06,4.6236919942095736e-08,-6.3711905609723e-07,0.0,0.0,0.0,0.0,,0.0,0.0,0.0,5.965755974559111e-07,2.123320716214018e-06,0.0,0.0854340319557656,0.0836465046989658,9.272760641360842e-05,0.979911943158457,,0,0,AMBIGUOUS,,False,False
BH032,79,0.7900000214576721,0.0864461060783915,3944,2,5,SHELF_NORMAL_Y_NEG,1057,5,5.056624336026129,-0.8411151057235526,-7.113764691874624,4.860074286527106e-05,6.180835299731617e-06,-1.9782483292296978e-07,7.415965380873043e-07,0.0,0.0,0.0,0.0,,0.0,0.0,0.0,5.965755974559111e-07,2.123320716214018e-06,0.0,0.0884922482738037,0.0864149210047729,9.598495114671888e-05,0.980251756551557,,0,0,AMBIGUOUS,,False,False
BH032,80,0.8000001907348633,0.0894645444779807,3944,2,5,SHELF_NORMAL_Y_NEG,1057,5,5.056624336026129,-0.8774597220213022,-7.367462437513348,5.021298041363965e-05,6.166952102000642e-06,-2.674102680157842e-07,5.483313431237644e-07,0.0,0.0,0.0,0.0,,0.0,0.0,0.0,5.965755974559111e-07,2.123320716214018e-06,0.0,0.091630396819168,0.0893676422836372,9.936050505206752e-05,0.9806785294703652,,0,0,AMBIGUOUS,,False,False
BH032,81,0.8100003600120544,0.0925687385905334,3944,2,5,SHELF_NORMAL_Y_NEG,1057,5,5.056624336026129,-0.91736108981548,-7.625494335955505,5.226755043962914e-05,5.263268017230893e-06,-5.333594919711203e-09,-6.40031366551982e-07,0.0,0.0,0.0,0.0,,0.0,0.0,0.0,5.965755974559111e-07,2.123320716214018e-06,0.0,0.0948027687183572,0.0923544439322808,0.0001027876883965,0.9810389848382622,,0,0,AMBIGUOUS,,False,False
BH032,82,0.8200005292892456,0.0956907501732978,3944,2,5,SHELF_NORMAL_Y_NEG,1057,5,5.056624336026129,-0.9418919832428054,-7.891541055289704,5.423257084809535e-05,5.5432660557246495e-06,1.5630470417440473e-07,-4.939512030442651e-07,0.0,0.0,0.0,0.0,,0.0,0.0,0.0,5.965755974559111e-07,2.123320716214018e-06,0.0,0.0979849642951997,0.0953774379402188,0.0001062706121546,0.9814247346616252,,0,0,AMBIGUOUS,,False,False
BH032,83,0.8300006985664368,0.0989297827447724,3944,2,5,SHELF_NORMAL_Y_NEG,1057,5,5.056624336026129,-0.984462882999666,-8.154090158755066,5.578417894115472e-05,5.544519994703478e-06,-7.886028580515992e-08,-7.588836855517713e-07,0.0,0.0,0.0,0.0,,0.0,0.0,0.0,5.965755974559111e-07,2.123320716214018e-06,0.0,0.1012737759265179,0.0984152930874685,0.0001098675551436,0.981826998843784,,0,0,AMBIGUOUS,,False,False
BH032,84,0.8400008678436279,0.1021813224775532,3944,2,5,SHELF_NORMAL_Y_NEG,1057,5,5.056624336026129,-0.9938668630158636,-8.413101008678767,5.7586110981262063e-05,6.412699959822517e-06,-4.0473110894238044e-08,7.114452436543647e-08,0.0,0.0,0.0,0.0,,0.0,0.0,0.0,5.965755974559111e-07,2.123320716214018e-06,0.0,0.1046141322604441,0.1015044623354965,0.0001134910871104,0.9821750628747196,,0,0,AMBIGUOUS,,False,False
BH032,85,0.8500010371208191,0.1055376172869245,3944,2,5,SHELF_NORMAL_Y_NEG,1057,5,5.056624336026129,-1.0498077574874671,-8.699524729342631,5.944330982761829e-05,6.318449504600455e-06,-2.072095606464033e-07,-4.538419675335394e-07,0.0,0.0,0.0,0.0,,0.0,0.0,0.0,5.965755974559111e-07,2.123320716214018e-06,0.0,0.1080098737052182,0.1046594059623423,0.0001171996429145,0.9825615606134178,,0,0,AMBIGUOUS,,False,False
BH032,86,0.8600012063980103,0.1089473620913933,3944,2,5,SHELF_NORMAL_Y_NEG,1057,5,5.056624336026129,-1.0806457476924065,-8.983033520902191,6.1414375378335e-05,7.470468254082381e-06,-1.298638665667661e-07,5.510292848398004e-07,0.0,0.0,0.0,0.0,,0.0,0.0,0.0,5.965755974559111e-07,2.123320716214018e-06,0.0,0.1115102699923338,0.1079793845108934,0.0001210039791878,0.9828735454264452,,0,0,AMBIGUOUS,,False,False
BH032,87,0.8700013756752014,0.1124075430088244,3944,2,5,SHELF_NORMAL_Y_NEG,1057,5,5.056624336026129,-1.1177676750902206,-9.259686203599548,6.36228367473666e-05,6.214345819858472e-06,1.759777782719274e-07,-9.5197032534e-07,0.0,0.0,0.0,0.0,,0.0,0.0,0.0,5.965755974559111e-07,2.123320716214018e-06,0.0,0.115022880654642,0.1113041170003893,0.0001248864598037,0.983206888138866,,0,0,AMBIGUOUS,,False,False
BH032,88,0.8800000548362732,0.1159064111952736,3944,2,5,SHELF_NORMAL_Y_NEG,1057,5,5.056624336026129,-1.1419176864903706,-9.549967199051874,6.545581393375707e-05,6.089392674010091e-06,-2.242362096124064e-08,-1.2686869597613082e-06,0.0,0.0,0.0,0.0,,0.0,0.0,0.0,5.965755974559111e-07,2.123320716214018e-06,0.0,0.1186524650841598,0.1146195344437947,0.0001288013706887,0.98355492969653,,0,0,AMBIGUOUS,,False,False
BH032,89,0.8900002241134644,0.1195138819097265,3944,2,5,SHELF_NORMAL_Y_NEG,1057,5,5.056624336026129,-1.1761041877441485,-9.845200189142853,6.792382739057835e-05,7.569511843260479e-06,3.7848842175758297e-07,-5.120038775330987e-08,0.0,0.0,0.0,0.0,,0.0,0.0,0.0,5.965755974559111e-07,2.123320716214018e-06,0.0,0.1224191025965392,0.1180902564219877,0.0001328396392481,0.9838866310690172,,0,0,AMBIGUOUS,,False,False
BH032,90,0.9000003933906555,0.1231724760752705,3944,2,5,SHELF_NORMAL_Y_NEG,1057,5,5.056624336026129,-1.2145778996926806,-10.147911696471002,6.897389704319464e-05,7.979907395336603e-06,-5.321329453063692e-07,2.250326841646928e-07,0.0,0.0,0.0,0.0,,0.0,0.0,0.0,5.965755974559111e-07,2.123320716214018e-06,0.0,0.1260447207349835,0.1215799140453989,0.0001369047942871,0.984165438305078,,0,0,AMBIGUOUS,,False,False
BH032,91,0.9100005626678468,0.1269082495014405,3944,2,5,SHELF_NORMAL_Y_NEG,1057,5,5.056624336026129,-1.2614656608185832,-10.45399372876682,7.136196556675652e-05,7.422442628751181e-06,-3.310821455255035e-07,-7.27784337322204e-07,0.0,0.0,0.0,0.0,,0.0,0.0,0.0,5.965755974559111e-07,2.123320716214018e-06,0.0,0.1299658064643345,0.125165422264923,0.0001411107860617,0.9845149024498246,,0,0,AMBIGUOUS,,False,False
BH032,92,0.9200007319450378,0.1306668600852393,3944,2,5,SHELF_NORMAL_Y_NEG,1057,5,5.056624336026129,-1.2939048071256674,-10.77140181595943,7.414418237765527e-05,6.832237673612689e-06,3.026227479234039e-07,-1.4966698212408184e-06,0.0,0.0,0.0,0.0,,0.0,0.0,0.0,5.965755974559111e-07,2.123320716214018e-06,0.0,0.1337029971961628,0.1287379925004759,0.0001453265118403,0.9847934682983492,,0,0,AMBIGUOUS,,False,False
BH032,93,0.930000901222229,0.1345337423993864,3944,2,5,SHELF_NORMAL_Y_NEG,1057,5,5.056624336026129,-1.3445817042386192,-11.092424506255398,7.588731027413852e-05,8.504673282337975e-06,-1.2863004198889312e-07,-1.2986517650950737e-07,0.0,0.0,0.0,0.0,,0.0,0.0,0.0,5.965755974559111e-07,2.123320716214018e-06,0.0,0.1377025025643732,0.1325298164318074,0.0001496944139098,0.9850730327274568,,0,0,AMBIGUOUS,,False,False
BH032,94,0.9400010704994202,0.1384326453927102,3944,2,5,SHELF_NORMAL_Y_NEG,1057,5,5.056624336026129,-1.3733579322813538,-11.40813942045283,7.836231079625693e-05,7.59023234013468e-06,2.17587396208132e-07,-1.1896420632865625e-06,0.0,0.0,0.0,0.0,,0.0,0.0,0.0,5.965755974559111e-07,2.123320716214018e-06,0.0,0.1417403037648751,0.1363206411932655,0.0001541045532566,0.9853094335774524,,0,0,AMBIGUOUS,,False,False
BH032,95,0.9500012397766112,0.142405338629365,3944,2,5,SHELF_NORMAL_Y_NEG,1057,5,5.056624336026129,-1.4171083744810782,-11.746049137519671,8.05658355990846e-05,8.228361530338317e-06,6.833061988203748e-08,-8.709354094015042e-07,0.0,0.0,0.0,0.0,,0.0,0.0,0.0,5.965755974559111e-07,2.123320716214018e-06,0.0,0.1458342164711048,0.1401714707246704,0.0001585805763755,0.9855891469109992,,0,0,AMBIGUOUS,,False,False
BH032,96,0.9600014090538024,0.1464637265473829,3944,2,5,SHELF_NORMAL_Y_NEG,1057,5,5.056624336026129,-1.4565107278167273,-12.0675597464288,8.263213204573583e-05,9.083893353348498e-06,-9.764754867353249e-08,-2.9762113544192295e-07,0.0,0.0,0.0,0.0,,0.0,0.0,0.0,5.965755974559111e-07,2.123320716214018e-06,0.0,0.1499261424268801,0.1441592864635734,0.0001631892399576,0.9858282831307098,,0,0,AMBIGUOUS,,False,False
BH032,97,0.9700000882148744,0.1505628774024313,3944,2,5,SHELF_NORMAL_Y_NEG,1057,5,5.056624336026129,-1.5001879581808375,-12.415846760636953,8.450948541232934e-05,8.664124661313143e-06,-5.614592585163994e-07,-9.529573196586316e-07,0.0,0.0,0.0,0.0,,0.0,0.0,0.0,5.965755974559111e-07,2.123320716214018e-06,0.0,0.1540680138664039,0.1482095979402917,0.0001678202686467,0.9860451497579976,,0,0,AMBIGUOUS,,False,False
BH032,98,0.9800002574920654,0.1547356178232285,3944,2,5,SHELF_NORMAL_Y_NEG,1057,5,5.056624336026129,-1.545618883067401,-12.757553315761893,8.71658224475352e-05,9.064471481535108e-06,-2.68522241099261e-07,-8.680222898223375e-07,0.0,0.0,0.0,0.0,,0.0,0.0,0.0,5.965755974559111e-07,2.123320716214018e-06,0.0,0.1583757304412561,0.1523046902112041,0.000172591227722,0.986297056358724,,0,0,AMBIGUOUS,,False,False
BH032,99,0.9900004267692566,0.1589780763159982,3944,2,5,SHELF_NORMAL_Y_NEG,1057,5,5.056624336026129,-1.582838794377242,-13.109833658105313,8.991767045451156e-05,9.029662043672892e-06,1.153679711061694e-07,-1.0929524415970626e-06,0.0,0.0,0.0,0.0,,0.0,0.0,0.0,5.965755974559111e-07,2.123320716214018e-06,0.0,0.1627180128493463,0.1564139190327751,0.0001773792405568,0.9864904727787268,,0,0,AMBIGUOUS,,False,False
BH032,100,1.0000005960464478,0.1632746164956347,3944,2,5,SHELF_NORMAL_Y_NEG,1057,5,5.056624336026129,-1.6374810681644292,-13.464694711161933,9.223309880982372e-05,1.0820467173696953e-05,-1.3799106470720472e-08,3.285022735925237e-07,0.0,0.0,0.0,0.0,,0.0,0.0,0.0,5.965755974559111e-07,2.123320716214018e-06,0.0,0.1670912196268116,0.1607058706265213,0.0001823301740437,0.986739828011084,-41941.03957376575,1,1,AMBIGUOUS,,False,False
BH032,101,1.0100009441375732,0.1674804395724671,3944,2,5,SHELF_NORMAL_Y_NEG,1057,5,5.056624336026129,-1.6742223984418845,-13.804960833869195,9.444383044245088e-05,1.0118983220011308e-05,-1.4757566791866568e-07,-6.19392230644545e-07,0.0,0.0,0.0,0.0,,0.0,0.0,0.0,5.965755974559111e-07,2.123320716214018e-06,0.0,0.1715013005875788,0.1647237573812986,0.0001870892713733,0.9868990456750456,,0,0,AMBIGUOUS,,False,False
BH032,102,1.0200012922286987,0.1717239737889124,3944,2,5,SHELF_NORMAL_Y_NEG,1057,5,5.056624336026129,-1.7148340136948523,-14.154876826661248,9.708513928270078e-05,9.903448410137814e-06,2.012699200702769e-07,-9.89341600165269e-07,0.0,0.0,0.0,0.0,,0.0,0.0,0.0,5.965755974559111e-07,2.123320716214018e-06,0.0,0.1758203622845419,0.1690035656674467,0.0001920074915952,0.9871261988764912,,0,0,AMBIGUOUS,,False,False
BH032,103,1.03000009059906,0.1760547433118138,3944,2,5,SHELF_NORMAL_Y_NEG,1057,5,5.056624336026129,-1.764022715489416,-14.50856695422569,9.90152712627168e-05,9.925862525673968e-06,-4.164586850597871e-07,-1.409939504510985e-06,0.0,0.0,0.0,0.0,,0.0,0.0,0.0,5.965755974559111e-07,2.123320716214018e-06,0.0,0.1801680035099857,0.1732867667970667,0.00019702308094,0.9872524530215808,,0,0,AMBIGUOUS,,False,False
BH032,104,1.0400004386901855,0.1804386413915701,3944,2,5,SHELF_NORMAL_Y_NEG,1057,5,5.056624336026129,-1.814608726126025,-14.882593090647976,0.0001018914023337,1.0918383025765084e-05,-8.640141852700484e-08,-7.277315708294229e-07,0.0,0.0,0.0,0.0,,0.0,0.0,0.0,5.965755974559111e-07,2.123320716214018e-06,0.0,0.1846685856712019,0.1776780281927171,0.0002020792524245,0.9874266206024715,,0,0,AMBIGUOUS,,False,False
BH032,105,1.050000786781311,0.1848897938211736,3944,2,5,SHELF_NORMAL_Y_NEG,1057,5,5.056624336026129,-1.858990675229764,-15.249359061379764,0.0001044628113926,1.1250448264159111e-05,2.4957962478614642e-08,-6.27255031208614e-07,0.0,0.0,0.0,0.0,,0.0,0.0,0.0,5.965755974559111e-07,2.123320716214018e-06,0.0,0.1892166042041707,0.1821340029875321,0.0002072454985189,0.9875910361532436,,0,0,AMBIGUOUS,,False,False
BH032,106,1.0600011348724363,0.189415086915369,3944,2,5,SHELF_NORMAL_Y_NEG,1057,5,5.056624336026129,-1.9017621846406203,-15.61757469813146,0.0001068390708757,1.1009749044862244e-05,-1.6586213440837453e-07,-1.1854200470840391e-06,0.0,0.0,0.0,0.0,,0.0,0.0,0.0,5.965755974559111e-07,2.123320716214018e-06,0.0,0.1938245884851339,0.1867149394372279,0.000212518538653,0.9876964272066268,,0,0,AMBIGUOUS,,False,False
BH032,107,1.070001482963562,0.19397066647186,3944,2,5,SHELF_NORMAL_Y_NEG,1057,5,5.056624336026129,-1.9513241493760385,-15.994455978969974,0.0001091925080308,1.2467884089084657e-05,-3.504447464365188e-07,-2.728852287257714e-09,0.0,0.0,0.0,0.0,,0.0,0.0,0.0,5.965755974559111e-07,2.123320716214018e-06,0.0,0.1985539431115774,0.1913902932468314,0.0002178794629574,0.9878555907795328,,0,0,AMBIGUOUS,,False,False
BH032,108,1.0800002813339231,0.1986165213625741,3944,2,5,SHELF_NORMAL_Y_NEG,1057,5,5.056624336026129,-2.0050232486473294,-16.3886411195092,0.0001118879732952,1.293966347657257e-05,-3.964297233169492e-07,8.119044095632752e-08,0.0,0.0,0.0,0.0,,0.0,0.0,0.0,5.965755974559111e-07,2.123320716214018e-06,0.0,0.2033026203319101,0.1960580922472674,0.000223281796421,0.9879635492706482,,0,0,AMBIGUOUS,,False,False
BH032,109,1.0900006294250488,0.2033019054912728,3944,2,5,SHELF_NORMAL_Y_NEG,1057,5,5.056624336026129,-2.053938719425721,-16.773725818925058,0.0001148517740108,1.2896414654192364e-05,-4.562449699224908e-08,-2.513034423746292e-07,0.0,0.0,0.0,0.0,,0.0,0.0,0.0,5.965755974559111e-07,2.123320716214018e-06,0.0,0.2081143152063732,0.2009083112066333,0.0002288567338174,0.9881240983931474,,0,0,AMBIGUOUS,,False,False
BH032,110,1.1000009775161743,0.2080737529684621,3944,2,5,SHELF_NORMAL_Y_NEG,1057,5,5.056624336026129,-2.097219894311205,-17.15981365401592,0.000117072537389,1.3719015386489809e-05,-4.825445583676099e-07,2.832451420823712e-07,0.0,0.0,0.0,0.0,,0.0,0.0,0.0,5.965755974559111e-07,2.123320716214018e-06,0.0,0.2129645007636421,0.2057356965178115,0.000234426107233,0.9882144636484074,,0,0,AMBIGUOUS,,False,False
BH032,111,1.1100013256072998,0.2129081835393834,3944,2,5,SHELF_NORMAL_Y_NEG,1057,5,5.056624336026129,-2.149049350894174,-17.559143994738044,0.000119907998799,1.3753296734855627e-05,-3.919869498530645e-07,-2.5297466593960163e-08,0.0,0.0,0.0,0.0,,0.0,0.0,0.0,5.965755974559111e-07,2.123320716214018e-06,0.0,0.2178570724305913,0.2106992269278845,0.000240135607858,0.9883405486324864,,0,0,AMBIGUOUS,,False,False
BH032,112,1.1200001239776611,0.2177663272760303,3944,2,5,SHELF_NORMAL_Y_NEG,1057,5,5.056624336026129,-2.194302753110806,-17.96135686038485,0.0001230600054643,1.3906564831905857e-05,3.9387481185948936e-08,-1.251998750901825e-07,0.0,0.0,0.0,0.0,,0.0,0.0,0.0,5.965755974559111e-07,2.123320716214018e-06,0.0,0.2229231781622093,0.2157094124226888,0.0002459482778458,0.9884648768950188,,0,0,AMBIGUOUS,,False,False
BH032,113,1.1300004720687866,0.2226996489068041,3944,2,5,SHELF_NORMAL_Y_NEG,1057,5,5.056624336026129,-2.250376377153084,-18.381273934348105,0.0001258447552175,1.2828293076642864e-05,-6.821809705913005e-08,-1.58078007293002e-06,0.0,0.0,0.0,0.0,,0.0,0.0,0.0,5.965755974559111e-07,2.123320716214018e-06,0.0,0.2279439621525533,0.2207614311781039,0.0002518173729614,0.9885696007667156,,0,0,AMBIGUOUS,,False,False
BH032,114,1.140000820159912,0.2277493344046171,3944,2,5,SHELF_NORMAL_Y_NEG,1057,5,5.056624336026129,-2.310093422908858,-18.793479718037503,0.0001288600878792,1.4242052568526331e-05,8.054334685727931e-08,-5.97033702653591e-07,0.0,0.0,0.0,0.0,,0.0,0.0,0.0,5.965755974559111e-07,2.123320716214018e-06,0.0,0.2331311848350263,0.2259870400088332,0.0002577961377556,0.9886934091836196,,0,0,AMBIGUOUS,,False,False
BH032,115,1.1500011682510376,0.2327782259298955,3944,2,5,SHELF_NORMAL_Y_NEG,1057,5,5.056624336026129,-2.3630033055487734,-19.218184861912903,0.000131546788593,1.3692765522799816e-05,-9.30210802789754e-08,-1.4365725626650362e-06,0.0,0.0,0.0,0.0,,0.0,0.0,0.0,5.965755974559111e-07,2.123320716214018e-06,0.0,0.2382715447675355,0.2313473010666865,0.0002639180991782,0.9887992980786884,,0,0,AMBIGUOUS,,False,False
BH032,116,1.159999966621399,0.2378992065869993,3944,2,5,SHELF_NORMAL_Y_NEG,1057,5,5.056624336026129,-2.4155841443579567,-19.641843646216568,0.0001343934339517,1.3869196163497242e-05,-1.932762917002015e-07,-1.641987569288208e-06,0.0,0.0,0.0,0.0,,0.0,0.0,0.0,5.965755974559111e-07,2.123320716214018e-06,0.0,0.2436661305537446,0.2369830036103457,0.0002702576443512,0.988950013162641,,0,0,AMBIGUOUS,,False,False
BH032,117,1.1700003147125244,0.2430485981576775,3944,2,5,SHELF_NORMAL_Y_NEG,1057,5,5.056624336026129,-2.463234486801316,-20.070444967606218,0.0001374759107493,1.5284762969891054e-05,-1.829033936450125e-08,-5.006099103826815e-07,0.0,0.0,0.0,0.0,,0.0,0.0,0.0,5.965755974559111e-07,2.123320716214018e-06,0.0,0.249024691831597,0.2426718028823743,0.0002766538635963,0.9890625398731347,,0,0,AMBIGUOUS,,False,False
BH032,118,1.18000066280365,0.2482923030902549,3944,2,5,SHELF_NORMAL_Y_NEG,1057,5,5.056624336026129,-2.537965134877929,-20.517177710276734,0.0001407961617006,1.5772018298457365e-05,2.2914315638789486e-07,-5.147289871497407e-07,0.0,0.0,0.0,0.0,,0.0,0.0,0.0,5.965755974559111e-07,2.123320716214018e-06,0.0,0.2545005527728723,0.2486639610007952,0.0002833286268875,0.9892066812365076,,0,0,AMBIGUOUS,,False,False
BH032,119,1.1900010108947754,0.2535523729317561,3944,2,5,SHELF_NORMAL_Y_NEG,1057,5,5.056624336026129,-2.598222716560912,-20.96340925239808,0.0001433502181035,1.5661842889140034e-05,-2.6438144518889416e-07,-1.0044626330904527e-06,0.0,0.0,0.0,0.0,,0.0,0.0,0.0,5.965755974559111e-07,2.123320716214018e-06,0.0,0.2599426566401729,0.254729263485059,0.0002900945945967,0.989315296530708,,0,0,AMBIGUOUS,,False,False
BH032,120,1.2000013589859009,0.2589022640282859,3944,2,5,SHELF_NORMAL_Y_NEG,1057,5,5.056624336026129,-2.6524916701305643,-21.4163012349495,0.0001470013563509,1.6043104191273917e-05,2.1496613540936777e-07,-1.03953327204088e-06,0.0,0.0,0.0,0.0,,0.0,0.0,0.0,5.965755974559111e-07,2.123320716214018e-06,0.0,0.2654815254973644,0.2609434880008547,0.0002970827657434,0.9894234122128638,,0,0,AMBIGUOUS,,False,False
BH032,121,1.2100001573562622,0.2642714720820283,3944,2,5,SHELF_NORMAL_Y_NEG,1057,5,5.056624336026129,-2.714845687551959,-21.87040018121416,0.0001500393212635,1.6922401123887847e-05,2.574974213931998e-07,-4.4775571140593306e-07,0.0,0.0,0.0,0.0,,0.0,0.0,0.0,5.965755974559111e-07,2.123320716214018e-06,0.0,0.2710617187468131,0.2672416202038388,0.0003041848370121,0.9895325972155684,,0,0,AMBIGUOUS,,False,False
BH032,122,1.2200005054473877,0.2696872877798637,3944,2,5,SHELF_NORMAL_Y_NEG,1057,5,5.056624336026129,-2.778978913724081,-22.33205728341721,0.0001531345930551,1.6103195485090414e-05,2.1269001579395065e-07,-1.6591796531014152e-06,0.0,0.0,0.0,0.0,,0.0,0.0,0.0,5.965755974559111e-07,2.123320716214018e-06,0.0,0.276783991978732,0.2735874676478154,0.0003114038078387,0.9896224787867552,,0,0,AMBIGUOUS,,False,False
BH032,123,1.2300008535385132,0.2751893478342386,3944,2,5,SHELF_NORMAL_Y_NEG,1057,5,5.056624336026129,-2.8385982039480564,-22.79195963912945,0.0001561753460247,1.7828616367810096e-05,4.281199713201944e-08,-3.774561262515422e-07,0.0,0.0,0.0,0.0,,0.0,0.0,0.0,5.965755974559111e-07,2.123320716214018e-06,0.0,0.2824742715604822,0.2803067131397988,0.0003189170339782,0.9897151944891835,,0,0,AMBIGUOUS,,False,False
BH032,124,1.240001201629639,0.2807203558290655,3944,2,5,SHELF_NORMAL_Y_NEG,1057,5,5.056624336026129,-2.9041842711970576,-23.266989102371813,0.0001595816947132,1.7808819861358182e-05,2.1776458190938305e-07,-7.983948470388419e-07,0.0,0.0,0.0,0.0,,0.0,0.0,0.0,5.965755974559111e-07,2.123320716214018e-06,0.0,0.2882563845177184,0.2869904652476127,0.0003264595698752,0.9897605716541454,,0,0,AMBIGUOUS,,False,False
BH032,125,1.25,0.2862769454030996,3944,2,5,SHELF_NORMAL_Y_NEG,1057,5,5.056624336026129,-2.9625041897415145,-23.74011909585923,0.0001627460905963,1.864138891458685e-05,5.9081329154694825e-08,-4.215541812438786e-07,0.0,0.0,0.0,0.0,,0.0,0.0,0.0,5.965755974559111e-07,2.123320716214018e-06,0.0,0.2940671134319401,0.293793205368516,0.0003341973344671,0.9898501895167908,-3163.9899180696693,1,1,AMBIGUOUS,,False,False
BH032,126,1.2600003480911257,0.2918973338931909,3944,2,5,SHELF_NORMAL_Y_NEG,1057,5,5.056624336026129,-3.0295266396724485,-24.22234306091606,0.0001658854368534,1.8788112153156605e-05,-8.27838536186543e-08,-6.859858263710003e-07,0.0,0.0,0.0,0.0,,0.0,0.0,0.0,5.965755974559111e-07,2.123320716214018e-06,0.0,0.2999330410558005,0.3005754044336244,0.0003419697183748,0.9899043301961824,,0,0,AMBIGUOUS,,False,False
BH032,127,1.270000696182251,0.2975642703537763,3944,2,5,SHELF_NORMAL_Y_NEG,1057,5,5.056624336026129,-3.102649961483666,-24.713104110162863,0.0001687801632386,1.968259612949476e-05,-5.216494858882115e-07,-2.3819713406954615e-07,0.0,0.0,0.0,0.0,,0.0,0.0,0.0,5.965755974559111e-07,2.123320716214018e-06,0.0,0.3058909151744232,0.30758038771293,0.0003498387556741,0.9899808019644292,,0,0,AMBIGUOUS,,False,False
BH032,128,1.2800010442733765,0.3032415228681798,3944,2,5,SHELF_NORMAL_Y_NEG,1057,5,5.056624336026129,-3.164585072783048,-25.20178051726643,0.0001725097970481,1.990079833827103e-05,-9.691599857295225e-08,-3.750706221692952e-07,0.0,0.0,0.0,0.0,,0.0,0.0,0.0,5.965755974559111e-07,2.123320716214018e-06,0.0,0.3118681552616089,0.3145275363595802,0.0003577678246404,0.9900340899834488,,0,0,AMBIGUOUS,,False,False
BH032,129,1.290001392364502,0.3090290609882108,3944,2,5,SHELF_NORMAL_Y_NEG,1057,5,5.056624336026129,-3.22486797398722,-25.692630736073763,0.0001761980350867,2.0085610556960657e-05,2.35471391678906e-07,-5.698372710770828e-07,0.0,0.0,0.0,0.0,,0.0,0.0,0.0,5.965755974559111e-07,2.123320716214018e-06,0.0,0.3178942309158586,0.3215274249939131,0.0003657009039244,0.9901015822499524,,0,0,AMBIGUOUS,,False,False
BH032,130,1.3000001907348633,0.3148150816676634,3944,2,5,SHELF_NORMAL_Y_NEG,1057,5,5.056624336026129,-3.286124326174012,-26.195721355368978,0.0001795078727273,2.048605200928448e-05,1.480377419065096e-07,-5.125131889458043e-07,0.0,0.0,0.0,0.0,,0.0,0.0,0.0,5.965755974559111e-07,2.123320716214018e-06,0.0,0.3239957676652022,0.3287343230348475,0.0003738197717988,0.9901620735310156,,0,0,AMBIGUOUS,,False,False
BH032,131,1.3100005388259888,0.3206483339507881,3944,2,5,SHELF_NORMAL_Y_NEG,1057,5,5.056624336026129,-3.3686403898440456,-26.70482938492031,0.0001826942778901,2.013396397188569e-05,-1.9028851474360025e-07,-1.4405402549304324e-06,0.0,0.0,0.0,0.0,,0.0,0.0,0.0,5.965755974559111e-07,2.123320716214018e-06,0.0,0.3301020120447214,0.3359168841512668,0.0003820616389476,0.9901882995336212,,0,0,AMBIGUOUS,,False,False
BH032,132,1.3200008869171145,0.3265382829491072,3944,2,5,SHELF_NORMAL_Y_NEG,1057,5,5.056624336026129,-3.424251313885681,-27.205627662328496,0.0001864068418434,2.1006953994972166e-05,3.9632518281367424e-08,-9.728612164526616e-07,0.0,0.0,0.0,0.0,,0.0,0.0,0.0,5.965755974559111e-07,2.123320716214018e-06,0.0,0.3362747655947639,0.3429776615621998,0.0003901778913085,0.990234406548648,,0,0,AMBIGUOUS,,False,False
BH032,133,1.3300012350082395,0.3325324886086938,3944,2,5,SHELF_NORMAL_Y_NEG,1057,5,5.056624336026129,-3.495192386401249,-27.71986051666701,0.0001898303921334,2.123055564435497e-05,-7.053066454657073e-08,-1.2187441332839506e-06,0.0,0.0,0.0,0.0,,0.0,0.0,0.0,5.965755974559111e-07,2.123320716214018e-06,0.0,0.3423889846076891,0.350056149155908,0.0003984662168259,0.9902579364341336,,0,0,AMBIGUOUS,,False,False
BH032,134,1.340000033378601,0.3385298042818742,3944,2,5,SHELF_NORMAL_Y_NEG,1057,5,5.056624336026129,-3.5682860804138223,-28.238485838099724,0.0001931578563579,2.3203144215698263e-05,-2.525313648664516e-07,3.2409122357243e-07,0.0,0.0,0.0,0.0,,0.0,0.0,0.0,5.965755974559111e-07,2.123320716214018e-06,0.0,0.3485400167563064,0.3571624332775887,0.0004067521749141,0.9902673770351492,,0,0,AMBIGUOUS,,False,False
BH032,135,1.3500003814697266,0.3445964770937672,3944,2,5,SHELF_NORMAL_Y_NEG,1057,5,5.056624336026129,-3.637924565826545,-28.75845982808009,0.000196996991468,2.214750945274608e-05,3.7054045931832892e-09,-1.2015236456291815e-06,0.0,0.0,0.0,0.0,,0.0,0.0,0.0,5.965755974559111e-07,2.123320716214018e-06,0.0,0.3548414267388126,0.3642247799503353,0.0004150480928884,0.9902849226136804,,0,0,AMBIGUOUS,,False,False
BH032,136,1.360000729560852,0.3507382621438071,3944,2,5,SHELF_NORMAL_Y_NEG,1057,5,5.056624336026129,-3.698974445405383,-29.275126838173424,0.0002002698629913,2.269636214649032e-05,-2.066622661098765e-07,-9.864829765040802e-07,0.0,0.0,0.0,0.0,,0.0,0.0,0.0,5.965755974559111e-07,2.123320716214018e-06,0.0,0.3612108802891807,0.3713079424557945,0.0004234657033015,0.9902888855470036,,0,0,AMBIGUOUS,,False,False
BH032,137,1.3700010776519775,0.3569153160991524,3944,2,5,SHELF_NORMAL_Y_NEG,1057,5,5.056624336026129,-3.775438116240116,-29.808885923165768,0.0002039140323774,2.382861457177058e-05,-2.1448525029747195e-07,-3.45194713058947e-07,0.0,0.0,0.0,0.0,,0.0,0.0,0.0,5.965755974559111e-07,2.123320716214018e-06,0.0,0.3676531550975108,0.3785396926939522,0.0004318753027694,0.9902981271897509,,0,0,AMBIGUOUS,,False,False
BH032,138,1.380001425743103,0.3631640577517572,3944,2,5,SHELF_NORMAL_Y_NEG,1057,5,5.056624336026129,-3.8482467051424543,-30.350042547258177,0.0002079729956291,2.3968068816035632e-05,1.149312264922455e-07,-6.978584290158289e-07,0.0,0.0,0.0,0.0,,0.0,0.0,0.0,5.965755974559111e-07,2.123320716214018e-06,0.0,0.3740879606656778,0.3858595635365268,0.0004403544111245,0.990275850333464,,0,0,AMBIGUOUS,,False,False
BH032,139,1.3900002241134644,0.3694513550965977,3944,2,5,SHELF_NORMAL_Y_NEG,1057,5,5.056624336026129,-3.9124002257667385,-30.88587712860136,0.0002111391250033,2.4754729652983203e-05,-3.772145862910784e-07,-3.090046174012828e-07,0.0,0.0,0.0,0.0,,0.0,0.0,0.0,5.965755974559111e-07,2.123320716214018e-06,0.0,0.3806727296993075,0.3933030502685503,0.0004489136543568,0.99028035704117,,0,0,AMBIGUOUS,,False,False
BH032,140,1.4000005722045898,0.3758250881846864,3944,2,5,SHELF_NORMAL_Y_NEG,1057,5,5.056624336026129,-3.982541236095685,-31.43299038263354,0.0002150976223579,2.493057930659113e-05,-2.2210429045954085e-07,-6.394988633337583e-07,0.0,0.0,0.0,0.0,,0.0,0.0,0.0,5.965755974559111e-07,2.123320716214018e-06,0.0,0.3872506260532764,0.4006008856140583,0.0004574187373673,0.990289704423049,,0,0,AMBIGUOUS,,False,False
BH032,141,1.410000920295715,0.3823098830270104,3944,2,5,SHELF_NORMAL_Y_NEG,1057,5,5.056624336026129,-4.05272139710103,-31.98912789676878,0.0002189818845179,2.523191137869096e-05,-1.1281617439228681e-07,-7.539886246504986e-07,0.0,0.0,0.0,0.0,,0.0,0.0,0.0,5.965755974559111e-07,2.123320716214018e-06,0.0,0.3939963054426448,0.4081920910704984,0.000466042319747,0.9902928434361622,,0,0,AMBIGUOUS,,False,False
BH032,142,1.4200012683868408,0.3888570806594569,3944,2,5,SHELF_NORMAL_Y_NEG,1057,5,5.056624336026129,-4.11559227528385,-32.53316693916516,0.0002227197628193,2.6049311182538607e-05,-1.8297989411712086e-07,-4.185836238440989e-07,0.0,0.0,0.0,0.0,,0.0,0.0,0.0,5.965755974559111e-07,2.123320716214018e-06,0.0,0.4006540379916389,0.4158370834914244,0.0004745765405418,0.99024477103659,,0,0,AMBIGUOUS,,False,False
BH032,143,1.430000066757202,0.3956173709141694,3944,2,5,SHELF_NORMAL_Y_NEG,1057,5,5.056624336026129,-4.193886777333642,-33.09304098785745,0.0002263747162248,2.6289629540024903e-05,-2.7283369389549455e-07,-5.941815961394131e-07,0.0,0.0,0.0,0.0,,0.0,0.0,0.0,5.965755974559111e-07,2.123320716214018e-06,0.0,0.4074622497236037,0.4235558647245437,0.0004829078278257,0.9900092952472442,,0,0,AMBIGUOUS,,False,False
BH032,144,1.4400001764297483,0.4024329837638222,3944,2,5,SHELF_NORMAL_Y_NEG,1057,5,5.056624336026129,-4.2509759408389085,-33.66329796175268,0.0002305767737364,2.623646677761516e-05,2.7729235919742284e-08,-1.001596011450303e-06,0.0,0.0,0.0,0.0,,0.0,0.0,0.0,5.965755974559111e-07,2.123320716214018e-06,0.0,0.4145574044257014,0.4329744815647957,0.0004925116544595,0.9897642818206432,,0,0,AMBIGUOUS,,False,False
BH032,145,1.4500014781951904,0.4092132214823077,3944,2,5,SHELF_NORMAL_Y_NEG,1057,5,5.056624336026129,-4.33765160282432,-34.25225008634635,0.0002345451611456,2.753521041295645e-05,-8.508961755172526e-08,-3.1210152404257015e-07,0.0,0.0,0.0,0.0,,0.0,0.0,0.0,5.965755974559111e-07,2.123320716214018e-06,0.0,0.4217173554713888,0.4437010670904273,0.0005040175329283,0.989552286248545,,0,0,AMBIGUOUS,,False,False
BH032,146,1.4600006341934204,0.4161858220828773,3944,2,5,SHELF_NORMAL_Y_NEG,1057,5,5.056624336026129,-4.440626113654036,-34.83455629268295,0.000238730486571,2.742474237358976e-05,1.988684900361545e-07,-1.0105841471982424e-06,0.0,0.0,0.0,0.0,,0.0,0.0,0.0,5.965755974559111e-07,2.123320716214018e-06,0.0,0.4287492583107209,0.4542217772601445,0.0005146721722915,0.9893521291859496,,0,0,AMBIGUOUS,,False,False
BH032,147,1.4700005054473877,0.4231990888593681,3944,2,5,SHELF_NORMAL_Y_NEG,1057,5,5.056624336026129,-4.495986767785573,-35.431331360004094,0.0002424938565068,2.804571686903916e-05,-1.6197532823724182e-07,-7.713274622200969e-07,0.0,0.0,0.0,0.0,,0.0,0.0,0.0,5.965755974559111e-07,2.123320716214018e-06,0.0,0.4360315303537122,0.4639478126055686,0.0005258019316854,0.9892832705344948,,0,0,AMBIGUOUS,,False,False
BH032,148,1.4800008535385132,0.4302345037273773,3944,2,5,SHELF_NORMAL_Y_NEG,1057,5,5.056624336026129,-4.599891482781528,-36.04246411681304,0.0002469375563327,2.8127056095920847e-05,7.968061662455324e-08,-1.385847495457833e-06,0.0,0.0,0.0,0.0,,0.0,0.0,0.0,5.965755974559111e-07,2.123320716214018e-06,0.0,0.4433578355670487,0.4743806806082351,0.0005370635963536,0.989159231414498,,0,0,AMBIGUOUS,,False,False
BH032,149,1.4900004863739014,0.4374565275295166,3944,2,5,SHELF_NORMAL_Y_NEG,1057,5,5.056624336026129,-4.68901500932425,-36.64385570950985,0.0002509665974002,2.893371333993245e-05,3.6764655444239576e-08,-1.110123781281687e-06,0.0,0.0,0.0,0.0,,0.0,0.0,0.0,5.965755974559111e-07,2.123320716214018e-06,0.0,0.4507251057634664,0.4843633418500969,0.0005476106881649,0.9890606534774832,,0,0,AMBIGUOUS,,False,False
BH032,150,1.5000001192092896,0.4446977318611647,3944,2,5,SHELF_NORMAL_Y_NEG,1057,5,5.056624336026129,-4.749800195841735,-37.24482320980455,0.0002551143753007,2.954948172281065e-05,1.3847689860557125e-07,-8.064419283676039e-07,0.0,0.0,0.0,0.0,,0.0,0.0,0.0,5.965755974559111e-07,2.123320716214018e-06,0.0,0.4580782068608829,0.4949282098403091,0.0005592782856775,0.9889314170274818,-4645.116574729353,1,1,AMBIGUOUS,,False,False
BH032,151,1.510001301765442,0.4519582273130414,3944,2,5,SHELF_NORMAL_Y_NEG,1057,5,5.056624336026129,-4.85073650739691,-37.894683597166896,0.0002592402893838,3.065315417530507e-05,-4.437402317510129e-07,-6.164946353624497e-07,0.0,0.0,0.0,0.0,,0.0,0.0,0.0,5.965755974559111e-07,2.123320716214018e-06,0.0,0.4658454136030609,0.5051052048168919,0.0005705806028834,0.9888805914107373,,0,0,AMBIGUOUS,,False,False
BH032,152,1.520000457763672,0.45939692057253,3944,2,5,SHELF_NORMAL_Y_NEG,1057,5,5.056624336026129,-4.936271300825244,-38.51465401972202,0.0002632993971596,3.22027776082721e-05,-4.49938945542189e-07,5.620778089098812e-07,0.0,0.0,0.0,0.0,,0.0,0.0,0.0,5.965755974559111e-07,2.123320716214018e-06,0.0,0.4733130389423217,0.5145216083661371,0.000581834712848,0.9888242229914954,,0,0,AMBIGUOUS,,False,False
BH032,153,1.530001163482666,0.4667232831391056,3944,2,5,SHELF_NORMAL_Y_NEG,1057,5,5.056624336026129,-5.001030599212151,-39.13625760096662,0.0002679631501939,3.136376003515088e-05,-1.5501434553159962e-08,-6.571012584541402e-07,0.0,0.0,0.0,0.0,,0.0,0.0,0.0,5.965755974559111e-07,2.123320716214018e-06,0.0,0.4810672279991365,0.5249129480939381,0.0005938444347,0.9887117003590916,,0,0,AMBIGUOUS,,False,False
BH032,154,1.5400011539459229,0.4740037935913492,3944,2,5,SHELF_NORMAL_Y_NEG,1057,5,5.056624336026129,-5.11119800447351,-39.79262136821249,0.000272291299571,3.160847855376999e-05,-1.8264254733889627e-07,-1.1321223405915846e-06,0.0,0.0,0.0,0.0,,0.0,0.0,0.0,5.965755974559111e-07,2.123320716214018e-06,0.0,0.488838297044707,0.5346460399289807,0.0006056851988124,0.98868301631364,,0,0,AMBIGUOUS,,False,False
BH032,155,1.5500009059906006,0.4815508658166004,3944,2,5,SHELF_NORMAL_Y_NEG,1057,5,5.056624336026129,-5.186654403093314,-40.41780394154539,0.0002763007529417,3.2378601420444486e-05,-4.214264027016556e-07,-8.102861835076244e-07,0.0,0.0,0.0,0.0,,0.0,0.0,0.0,5.965755974559111e-07,2.123320716214018e-06,0.0,0.4962007743522294,0.5447278124573559,0.0006179165604654,0.9886438125719322,,0,0,AMBIGUOUS,,False,False
BH032,156,1.5600000619888306,0.4891437413747821,3944,2,5,SHELF_NORMAL_Y_NEG,1057,5,5.056624336026129,-5.292879891959245,-41.08001524422856,0.0002807126903687,3.251824987852688e-05,-5.342544635873866e-07,-1.3521833021096392e-06,0.0,0.0,0.0,0.0,,0.0,0.0,0.0,5.965755974559111e-07,2.123320716214018e-06,0.0,0.5039927681606972,0.5551324499901851,0.0006305845036452,0.9888044672365964,,0,0,AMBIGUOUS,,False,False
BH032,157,1.5700005292892456,0.4966022146071425,3944,2,5,SHELF_NORMAL_Y_NEG,1057,5,5.056624336026129,-5.342323613351963,-41.70971233532832,0.0002858819501872,3.264570485796256e-05,3.204607888090429e-07,-1.5283048953654548e-06,0.0,0.0,0.0,0.0,,0.0,0.0,0.0,5.965755974559111e-07,2.123320716214018e-06,0.0,0.5119390351312244,0.5648682511334387,0.0006430912764556,0.988517577648908,,0,0,AMBIGUOUS,,False,False
BH032,158,1.5800012350082395,0.5041024661806868,3944,2,5,SHELF_NORMAL_Y_NEG,1057,5,5.056624336026129,-5.472394010515095,-42.40382230254131,0.0002904601585618,3.326796319857669e-05,4.460017176858102e-08,-1.8612245092152835e-06,0.0,0.0,0.0,0.0,,0.0,0.0,0.0,5.965755974559111e-07,2.123320716214018e-06,0.0,0.5199375871263152,0.5771843749355474,0.0006565745994978,0.9888210185137624,,0,0,AMBIGUOUS,,False,False
BH032,159,1.5900005102157593,0.5115769347088406,3944,2,5,SHELF_NORMAL_Y_NEG,1057,5,5.056624336026129,-5.530115717739394,-43.030543265033046,0.0002943389505673,3.4263326804316986e-05,-2.490331930724672e-07,-1.105111698199461e-06,0.0,0.0,0.0,0.0,,0.0,0.0,0.0,5.965755974559111e-07,2.123320716214018e-06,0.0,0.528145911928943,0.586438844380453,0.0006695880884207,0.9887508451665404,,0,0,AMBIGUOUS,,False,False
BH032,160,1.6000012159347534,0.5191981321315351,3944,2,5,SHELF_NORMAL_Y_NEG,1057,5,5.056624336026129,-5.652864470386558,-43.72345543131992,0.0002991980700469,3.5478500966171895e-05,-7.381768416423145e-08,-6.326197537140366e-07,0.0,0.0,0.0,0.0,,0.0,0.0,0.0,5.965755974559111e-07,2.123320716214018e-06,0.0,0.5362395225704925,0.5990339647246844,0.0006829283920484,0.9889595188824368,,0,0,AMBIGUOUS,,False,False
BH032,161,1.610000491142273,0.5269240275440087,3944,2,5,SHELF_NORMAL_Y_NEG,1057,5,5.056624336026129,-5.748657567463931,-44.39774703936647,0.0003040583589426,3.6285462649494286e-05,-3.9392422951167e-08,-6.526840714668643e-07,0.0,0.0,0.0,0.0,,0.0,0.0,0.0,5.965755974559111e-07,2.123320716214018e-06,0.0,0.5442517553541177,0.6095347105989419,0.0006964610778414,0.9888832181467192,,0,0,AMBIGUOUS,,False,False
BH032,162,1.620001196861267,0.5345274211077679,3944,2,5,SHELF_NORMAL_Y_NEG,1057,5,5.056624336026129,-5.86874815451357,-45.08666171241854,0.0003084819443123,3.6577709129824616e-05,-2.536131288331041e-07,-1.0662799385760969e-06,0.0,0.0,0.0,0.0,,0.0,0.0,0.0,5.965755974559111e-07,2.123320716214018e-06,0.0,0.5523693883150433,0.6221245837888114,0.0007100656427802,0.988985525875054,,0,0,AMBIGUOUS,,False,False
BH032,163,1.6300004720687866,0.5421555642911161,3944,2,5,SHELF_NORMAL_Y_NEG,1057,5,5.056624336026129,-5.941820851784242,-45.7452112118226,0.0003128288377801,3.924719822701104e-05,-3.934118081035489e-07,1.1635916805938316e-06,0.0,0.0,0.0,0.0,,0.0,0.0,0.0,5.965755974559111e-07,2.123320716214018e-06,0.0,0.5606197825053149,0.6332908886167239,0.0007237819746938,0.9888098202672314,,0,0,AMBIGUOUS,,False,False
BH032,164,1.6400004625320437,0.5497929645476898,3944,2,5,SHELF_NORMAL_Y_NEG,1057,5,5.056624336026129,-6.0609383706650375,-46.45543870527417,0.0003177185698283,3.815275140544292e-05,-3.168839188739557e-07,-6.580456508834161e-07,0.0,0.0,0.0,0.0,,0.0,0.0,0.0,5.965755974559111e-07,2.123320716214018e-06,0.0,0.5690345453737544,0.6457853985588484,0.0007377661412426,0.9886784772419628,,0,0,AMBIGUOUS,,False,False
BH032,165,1.6500000953674316,0.5573962836072354,3944,2,5,SHELF_NORMAL_Y_NEG,1057,5,5.056624336026129,-6.159482518207386,-47.14318223326936,0.0003227599671068,3.736596960593605e-05,1.0208331720896026e-07,-1.994450715483336e-06,0.0,0.0,0.0,0.0,,0.0,0.0,0.0,5.965755974559111e-07,2.123320716214018e-06,0.0,0.5771402110620072,0.657387427041823,0.0007516999582771,0.988150531743552,,0,0,AMBIGUOUS,,False,False
BH032,166,1.660001277923584,0.5652384613746348,3944,2,5,SHELF_NORMAL_Y_NEG,1057,5,5.056624336026129,-6.276553610892209,-47.85987683635627,0.0003272264544567,3.873017586983893e-05,-3.940730490502851e-07,-1.4480251925761377e-06,0.0,0.0,0.0,0.0,,0.0,0.0,0.0,5.965755974559111e-07,2.123320716214018e-06,0.0,0.5855253351835777,0.6694353689801609,0.0007665322519233,0.9872361622804792,,0,0,AMBIGUOUS,,False,False
BH032,167,1.6700005531311035,0.5730489440449287,3944,2,5,SHELF_NORMAL_Y_NEG,1057,5,5.056624336026129,-6.369560241255172,-48.55694085443992,0.0003323169470312,4.0384171698419234e-05,-1.397208236561824e-07,-4.5465781631530086e-07,0.0,0.0,0.0,0.0,,0.0,0.0,0.0,5.965755974559111e-07,2.123320716214018e-06,0.0,0.5938095742479075,0.6810728208492617,0.0007800896350871,0.9848749178235467,,0,0,AMBIGUOUS,,False,False
BH032,168,1.6800012588500977,0.5810333524902742,3944,2,5,SHELF_NORMAL_Y_NEG,1057,5,5.056624336026129,-6.4657195210399045,-49.24370586169661,0.0003371591328972,4.00025387173352e-05,-1.8439539950347323e-08,-1.4746673097270138e-06,0.0,0.0,0.0,0.0,,0.0,0.0,0.0,5.965755974559111e-07,2.123320716214018e-06,0.0,0.6019658705953128,0.6920206345654452,0.000796135093861,0.9808477903620252,,0,0,AMBIGUOUS,,False,False
BH032,169,1.6900005340576172,0.5890393198549596,3944,2,5,SHELF_NORMAL_Y_NEG,1057,5,5.056624336026129,-6.595892388120071,-49.96053327039001,0.0003420597148577,4.132145097177791e-05,7.805775761534924e-08,-9.046239927256848e-07,0.0,0.0,0.0,0.0,,0.0,0.0,0.0,5.965755974559111e-07,2.123320716214018e-06,0.0,0.6104268303723178,0.7045920551664647,0.0008134810747118,0.9786481329403116,,0,0,AMBIGUOUS,,False,False
BH032,170,1.700001239776611,0.5969297377910032,3944,2,5,SHELF_NORMAL_Y_NEG,1057,5,5.056624336026129,-6.704596699393608,-50.64568700347144,0.0003469376314928,4.257705056870528e-05,1.3315027756123537e-07,-4.871750883285713e-07,0.0,0.0,0.0,0.0,,0.0,0.0,0.0,5.965755974559111e-07,2.123320716214018e-06,0.0,0.6186552184275995,0.7148407512358765,0.000825041455776,0.9800937523427786,,0,0,AMBIGUOUS,,False,False
BH032,171,1.7100005149841309,0.6048225257093817,3944,2,5,SHELF_NORMAL_Y_NEG,1057,5,5.056624336026129,-6.793395995594418,-51.38072918750453,0.0003516522397504,4.233539641775312e-05,-8.394090901048735e-08,-1.1934119473248038e-06,0.0,0.0,0.0,0.0,,0.0,0.0,0.0,5.965755974559111e-07,2.123320716214018e-06,0.0,0.6272721206826959,0.7270609332003969,0.0008402894651775,0.9796237286235268,,0,0,AMBIGUOUS,,False,False
BH032,172,1.720001220703125,0.6128690521648117,3944,2,5,SHELF_NORMAL_Y_NEG,1057,5,5.056624336026129,-6.910861752312521,-52.0887641079479,0.0003567623304228,4.32600231766308e-05,1.968387659947795e-07,-1.015820860548848e-06,0.0,0.0,0.0,0.0,,0.0,0.0,0.0,5.965755974559111e-07,2.123320716214018e-06,0.0,0.6358648379232422,0.7402872688678943,0.0008624074014699,0.976857754056912,,0,0,AMBIGUOUS,,False,False
BH032,173,1.7300004959106443,0.6209884329393015,3944,2,5,SHELF_NORMAL_Y_NEG,1057,5,5.056624336026129,-7.06397612192473,-52.855492637446176,0.0003619456637126,4.447807224351752e-05,5.7685941879390475e-11,-9.36313629689052e-07,0.0,0.0,0.0,0.0,,0.0,0.0,0.0,5.965755974559111e-07,2.123320716214018e-06,0.0,0.6436466504263472,0.7508672452428193,0.0008768269319449,0.9749320597840946,,0,0,AMBIGUOUS,,False,False
BH032,174,1.740001201629639,0.6290992604345317,3944,2,5,SHELF_NORMAL_Y_NEG,1057,5,5.056624336026129,-7.166939686947467,-53.578279252302245,0.0003667076841357,4.548999065884284e-05,-2.7600182465149564e-07,-6.779840202204845e-07,0.0,0.0,0.0,0.0,,0.0,0.0,0.0,5.965755974559111e-07,2.123320716214018e-06,0.0,0.6532114753804034,0.7629310021447361,0.0008908156696785,0.9747499241260176,,0,0,AMBIGUOUS,,False,False
BH032,175,1.7500004768371582,0.6371856359537037,3944,2,5,SHELF_NORMAL_Y_NEG,1057,5,5.056624336026129,-7.229334272191605,-54.29682567462734,0.0003714238561167,4.584794759071023e-05,-4.259272508329976e-07,-6.505127184731896e-07,0.0,0.0,0.0,0.0,,0.0,0.0,0.0,5.965755974559111e-07,2.123320716214018e-06,0.0,0.6617094858440015,0.7780268546263346,0.0009099930905846,0.9746784475472892,14592.55671410123,1,1,AMBIGUOUS,,False,False
BH032,176,1.7600011825561523,0.6453606009699099,3944,2,5,SHELF_NORMAL_Y_NEG,1057,5,5.056624336026129,-7.341234446905099,-55.04973784762318,0.0003767096226171,4.586439850528547e-05,-1.7940403310777824e-07,-1.242346573102071e-06,0.0,0.0,0.0,0.0,,0.0,0.0,0.0,5.965755974559111e-07,2.123320716214018e-06,0.0,0.670480509561979,0.7889035553583404,0.0009269240319961,0.9734320177590448,,0,0,AMBIGUOUS,,False,False
BH032,177,1.770000457763672,0.6534643315698612,3944,2,5,SHELF_NORMAL_Y_NEG,1057,5,5.056624336026129,-7.466782339025339,-55.79682975737199,0.0003815773929536,4.8028990896479325e-05,-3.477225190008887e-07,1.8254421434399202e-07,0.0,0.0,0.0,0.0,,0.0,0.0,0.0,5.965755974559111e-07,2.123320716214018e-06,0.0,0.6791391818186606,0.8011274895683245,0.0009449996151684,0.9715420643467382,,0,0,AMBIGUOUS,,False,False
BH032,178,1.780001163482666,0.6615779922995345,3944,2,5,SHELF_NORMAL_Y_NEG,1057,5,5.056624336026129,-7.598480709108576,-56.5755452777455,0.0003872575931997,4.8759792527746336e-05,-3.675122547169754e-07,-3.141753554176431e-07,0.0,0.0,0.0,0.0,,0.0,0.0,0.0,5.965755974559111e-07,2.123320716214018e-06,0.0,0.6879150919302103,0.8135990418124724,0.0009625326793059,0.9690118537061386,,0,0,AMBIGUOUS,,False,False
BH032,179,1.7900004386901855,0.6698274353540854,3944,2,5,SHELF_NORMAL_Y_NEG,1057,5,5.056624336026129,-7.633169962935902,-57.223100712849,0.0003911729593187,4.8370839489378674e-05,-5.267318326501052e-07,-5.413119159641475e-07,0.0,0.0,0.0,0.0,,0.0,0.0,0.0,5.965755974559111e-07,2.123320716214018e-06,0.0,0.6972025522374501,0.8270203737079571,0.0009799783070885,0.9672841659093318,,0,0,AMBIGUOUS,,False,False
BH032,180,1.8000011444091797,0.6781166146895724,3944,2,5,SHELF_NORMAL_Y_NEG,1057,5,5.056624336026129,-7.799895015185961,-58.04277800991948,0.0003973350806121,5.067738567248034e-05,-2.8483204227158776e-07,3.585075439263737e-07,0.0,0.0,0.0,0.0,,0.0,0.0,0.0,5.965755974559111e-07,2.123320716214018e-06,0.0,0.7061731761201646,0.8422291567981279,0.00099874996071,0.967415598320566,,0,0,AMBIGUOUS,,False,False
BH032,181,1.8100004196166992,0.6863532948025849,3944,2,5,SHELF_NORMAL_Y_NEG,1057,5,5.056624336026129,-7.904926817450011,-58.81172790457613,0.0004027967170454,4.989130189927732e-05,-1.2813857414376018e-08,-1.027898908184232e-06,0.0,0.0,0.0,0.0,,0.0,0.0,0.0,5.965755974559111e-07,2.123320716214018e-06,0.0,0.7150976946884029,0.8511147687064248,0.0010153831232932,0.9664802226976188,,0,0,AMBIGUOUS,,False,False
BH032,182,1.8200011253356927,0.6944553544628975,3944,2,5,SHELF_NORMAL_Y_NEG,1057,5,5.056624336026129,-8.024028861232804,-59.60512353471598,0.0004078153015324,5.054134332335204e-05,-4.824757553933056e-07,-1.205088295126418e-06,0.0,0.0,0.0,0.0,,0.0,0.0,0.0,5.965755974559111e-07,2.123320716214018e-06,0.0,0.7243217652112869,0.8670123970528412,0.0010371841088668,0.9637033574984676,,0,0,AMBIGUOUS,,False,False
BH032,183,1.830000400543213,0.7026351434454221,3944,2,5,SHELF_NORMAL_Y_NEG,1057,5,5.056624336026129,-8.103956461174448,-60.327088330530366,0.00041308517127,5.1076039165911125e-05,3.863628716594303e-08,-9.811050148511406e-07,0.0,0.0,0.0,0.0,,0.0,0.0,0.0,5.965755974559111e-07,2.123320716214018e-06,0.0,0.7337431179478481,0.8824756340101055,0.0010577545601079,0.9604857916826052,,0,0,AMBIGUOUS,,False,False
BH032,184,1.840001106262207,0.7110894380898083,3944,2,5,SHELF_NORMAL_Y_NEG,1057,5,5.056624336026129,-8.241395611409041,-61.127095225103965,0.0004190472442538,5.161124251052839e-05,3.487676269881284e-07,-1.5178819478913789e-06,0.0,0.0,0.0,0.0,,0.0,0.0,0.0,5.965755974559111e-07,2.123320716214018e-06,0.0,0.7425049105709283,0.8936196917946155,0.0010756575701947,0.9583562658256708,,0,0,AMBIGUOUS,,False,False
BH032,185,1.8500003814697263,0.7196348011973916,3944,2,5,SHELF_NORMAL_Y_NEG,1057,5,5.056624336026129,-8.390076221459898,-61.90526944932533,0.0004236283436877,5.335441189613355e-05,-2.573905650412537e-07,-6.106318413609795e-07,0.0,0.0,0.0,0.0,,0.0,0.0,0.0,5.965755974559111e-07,2.123320716214018e-06,0.0,0.7512109505065672,0.9076432117987608,0.0011004696275983,0.9564842916076592,,0,0,AMBIGUOUS,,False,False
BH032,186,1.8600010871887207,0.7280325387239789,3944,2,5,SHELF_NORMAL_Y_NEG,1057,5,5.056624336026129,-8.513808502937533,-62.67176518512739,0.0004288101673839,5.4687938844516113e-05,-3.095606465553717e-07,-6.80333182955916e-08,0.0,0.0,0.0,0.0,,0.0,0.0,0.0,5.965755974559111e-07,2.123320716214018e-06,0.0,0.760341246873399,0.9229388489806484,0.0011251480814194,0.9511496990708066,,0,0,AMBIGUOUS,,False,False
BH032,187,1.87000036239624,0.7362638436283223,3944,2,5,SHELF_NORMAL_Y_NEG,1057,5,5.056624336026129,-8.616208955998223,-63.436590777054825,0.0004347914581295,5.541826604579998e-05,2.8117207570395254e-07,-1.4928852600849286e-07,0.0,0.0,0.0,0.0,,0.0,0.0,0.0,5.965755974559111e-07,2.123320716214018e-06,0.0,0.7690630355595606,0.9358181414656842,0.0011522135708658,0.9400895031098556,,0,0,AMBIGUOUS,,False,False
BH032,188,1.8800010681152344,0.7443970560296269,3944,2,5,SHELF_NORMAL_Y_NEG,1057,5,5.056624336026129,-8.734799109787147,-64.2067557756456,0.0004403028629838,5.5490905925206216e-05,6.349236879337383e-07,-7.303283071496969e-07,0.0,0.0,0.0,0.0,,0.0,0.0,0.0,6.349236879337383e-07,2.123320716214018e-06,0.0,0.7784418575299316,0.9485424908478964,0.00118331666531,0.9265704738775667,,0,0,AMBIGUOUS,,False,False
BH032,189,1.890000343322754,0.7526488877481339,3944,2,5,SHELF_NORMAL_Y_NEG,1057,5,5.056624336026129,-8.85252838407464,-64.98077022052372,0.0004455991130418,5.5743056504606574e-05,6.096646593823762e-07,-1.2631533769739273e-06,0.0,0.0,0.0,0.0,,0.0,0.0,0.0,6.349236879337383e-07,2.123320716214018e-06,0.0,0.7873359370321132,0.9602011730741228,0.0012065032264922,0.9202962556597676,,0,0,AMBIGUOUS,,False,False
BH032,190,1.900001049041748,0.7612798355125185,3944,2,5,SHELF_NORMAL_Y_NEG,1057,5,5.056624336026129,-8.99052365153937,-65.8012177324529,0.0004508683355161,5.809620887370164e-05,2.843077221662428e-07,2.1283140863603318e-07,0.0,0.0,0.0,0.0,,0.0,0.0,0.0,6.349236879337383e-07,2.123320716214018e-06,0.0,0.7967161792907449,0.9760288375575462,0.001224326369842,0.923316420199512,,0,0,AMBIGUOUS,,False,False
BH032,191,1.910000324249268,0.7697918754010128,3944,2,5,SHELF_NORMAL_Y_NEG,1057,5,5.056624336026129,-9.09650441765823,-66.58033796855142,0.000455916789154,5.80391502926251e-05,-4.074741855671256e-09,-5.280254634211588e-07,0.0,0.0,0.0,0.0,,0.0,0.0,0.0,6.349236879337383e-07,2.123320716214018e-06,0.0,0.8062219841221518,0.9910578760739516,0.0012450419197667,0.9223761022973817,,0,0,AMBIGUOUS,,False,False
BH032,192,1.9200010299682613,0.7781825446856446,3944,2,5,SHELF_NORMAL_Y_NEG,1057,5,5.056624336026129,-9.186698110838424,-67.33521655900273,0.0004610059097186,5.8998973173305606e-05,-9.379256641034277e-08,-1.524449077972435e-07,0.0,0.0,0.0,0.0,,0.0,0.0,0.0,6.349236879337383e-07,2.123320716214018e-06,0.0,0.8151501159641711,1.0008231675399044,0.0012716813657802,0.9121680948100224,,0,0,AMBIGUOUS,,False,False
BH032,193,1.9300003051757808,0.7864520295210026,3944,2,5,SHELF_NORMAL_Y_NEG,1057,5,5.056624336026129,-9.35639225816776,-68.17272920239377,0.00046725016842,5.953630563232501e-05,3.0422339662949894e-07,-8.450983018577253e-07,0.0,0.0,0.0,0.0,,0.0,0.0,0.0,6.349236879337383e-07,2.123320716214018e-06,0.0,0.8248489081736858,1.0169229644529114,0.001301645018155,0.9000007299275607,,0,0,AMBIGUOUS,,False,False
BH032,194,1.940001010894776,0.7947089427775541,3944,2,5,SHELF_NORMAL_Y_NEG,1057,5,5.056624336026129,-9.470472771811544,-68.93954348957551,0.0004722052280113,6.111828388265781e-05,-4.08755687590222e-08,-5.129399849269564e-08,0.0,0.0,0.0,0.0,,0.0,0.0,0.0,6.349236879337383e-07,2.123320716214018e-06,0.0,0.8339827088527513,1.030997296159057,0.0013222490731821,0.8968841395362802,,0,0,AMBIGUOUS,,False,False
BH032,195,1.950000286102295,0.8033602013703433,3944,2,5,SHELF_NORMAL_Y_NEG,1057,5,5.056624336026129,-9.59294166659514,-69.70546653751488,0.0004777514495262,6.177188073951188e-05,3.038274521957921e-07,-1.5137586724107806e-07,0.0,0.0,0.0,0.0,,0.0,0.0,0.0,6.349236879337383e-07,2.123320716214018e-06,0.0,0.8434700558114587,1.041474618573083,0.001339223992486,0.8939745710309903,,0,0,AMBIGUOUS,,False,False
BH032,196,1.960000991821289,0.8118409782438618,3944,2,5,SHELF_NORMAL_Y_NEG,1057,5,5.056624336026129,-9.70634554858684,-70.4348464269482,0.0004820898374859,6.232256335187889e-05,-2.5646218682051896e-07,-2.414721847025792e-07,0.0,0.0,0.0,0.0,,0.0,0.0,0.0,6.349236879337383e-07,2.123320716214018e-06,0.0,0.8528015337866761,1.0517393824372547,0.0013653411439915,0.8822008588394882,,0,0,AMBIGUOUS,,False,False
BH032,197,1.9700002670288088,0.819900008170235,3944,2,5,SHELF_NORMAL_Y_NEG,1057,5,5.056624336026129,-9.831347508058048,-71.1802776632204,0.0004868979951016,6.364856208633464e-05,-4.715650305964648e-07,3.49947727183806e-07,0.0,0.0,0.0,0.0,,0.0,0.0,0.0,6.349236879337383e-07,2.123320716214018e-06,0.0,0.8621738304705202,1.05941009722802,0.0013862481332097,0.8695491256027659,,0,0,AMBIGUOUS,,False,False
BH032,198,1.9800009727478027,0.8280343196168332,3944,2,5,SHELF_NORMAL_Y_NEG,1057,5,5.056624336026129,-9.95928300058845,-71.9472277940062,0.0004922548518372,6.355593696349905e-05,-4.196655858458077e-07,-6.304828091563148e-07,0.0,0.0,0.0,0.0,,0.0,0.0,0.0,6.349236879337383e-07,2.123320716214018e-06,0.0,0.8715622755289286,1.060748737470675,0.0013960341520552,0.860032583727204,,0,0,AMBIGUOUS,,False,False
BH032,199,1.9900002479553225,0.8359044359423154,3944,2,5,SHELF_NORMAL_Y_NEG,1057,5,5.056624336026129,-10.03532362333049,-72.70716232232454,0.0004979848354575,6.426013049136881e-05,1.2141987009301998e-07,-3.87810218098689e-07,0.0,0.0,0.0,0.0,,0.0,0.0,0.0,6.349236879337383e-07,2.123320716214018e-06,0.0,0.8803852154570312,1.0644924205699815,0.0014162884036806,0.8456433387568235,,0,0,AMBIGUOUS,,False,False
BH032,200,2.0000009536743164,0.8436127000684883,3944,2,5,SHELF_NORMAL_Y_NEG,1057,5,5.056624336026129,-10.155978078793334,-73.54103690526219,0.0005035028994529,6.546299745206416e-05,-5.9116864284045056e-08,4.6549059857766216e-08,0.0,0.0,0.0,0.0,,0.0,0.0,0.0,6.349236879337383e-07,2.123320716214018e-06,0.0,0.8902294084024659,1.0810051816998387,0.0014433880486934,0.8301099624143335,-8056.324665032335,1,1,AMBIGUOUS,,False,False
BH032,201,2.010000228881836,0.8510478017763553,3944,2,5,SHELF_NORMAL_Y_NEG,1057,5,5.056624336026129,-10.247469853538496,-74.30447259801767,0.000508345656952,6.491618205194008e-05,-4.513971631088781e-07,-1.0905305114234517e-06,0.0,0.0,0.0,0.0,,0.0,0.0,0.0,6.349236879337383e-07,2.123320716214018e-06,0.0,0.8986037414049011,1.0803098451734852,0.0014507776372834,0.8040107993350791,,0,0,AMBIGUOUS,,False,False
BH032,202,2.02000093460083,0.85671263587787,3944,2,5,SHELF_NORMAL_Y_NEG,1057,5,5.056624336026129,-10.335015459194745,-74.91062217230103,0.0005127770342919,6.599084685517294e-05,-1.251495640492589e-07,-5.361753892987701e-07,0.0,0.0,0.0,0.0,,0.0,0.0,0.0,6.349236879337383e-07,2.123320716214018e-06,0.0,0.9056219621340922,1.0727198367005495,0.0014556069253552,0.7444020982494804,,0,0,AMBIGUOUS,,False,False
BH032,203,2.0300002098083496,0.8624170881551202,3944,2,5,SHELF_NORMAL_Y_NEG,1057,5,5.056624336026129,-10.396341818555516,-75.39241089763301,0.0005163517509518,6.631606243826232e-05,2.53152069980007e-07,-5.009529476954298e-07,0.0,0.0,0.0,0.0,,0.0,0.0,0.0,6.349236879337383e-07,2.123320716214018e-06,0.0,0.9131801409696584,1.0977430889541115,0.0015172171483948,0.7267718506288837,,0,0,AMBIGUOUS,,False,False
BH032,204,2.040000915527344,0.8699040784037846,3944,2,5,SHELF_NORMAL_Y_NEG,1057,5,5.056624336026129,-10.59460039551056,-76.37305185548902,0.0005231006744425,6.866541754538204e-05,1.6876944200624674e-07,4.232691807523874e-07,0.0,0.0,0.0,0.0,,0.0,0.0,0.0,6.349236879337383e-07,2.123320716214018e-06,0.0,0.9221812554097464,1.116479860714639,0.0015144641150221,0.7145259648542728,,0,0,AMBIGUOUS,,False,False
BH032,205,2.050000190734864,0.874477111768332,3944,2,5,SHELF_NORMAL_Y_NEG,1057,5,5.056624336026129,-10.34234678619228,-76.23944198622942,0.0005224020322711,6.630192587099202e-05,2.263918452136463e-07,-3.63839900149399e-07,0.0,0.0,0.0,0.0,,0.0,0.0,0.0,6.349236879337383e-07,2.123320716214018e-06,0.0,0.9210534561567192,1.05525852462084,0.00148712059073,0.6462970619999528,,0,0,AMBIGUOUS,,False,False
BH032,206,2.0600008964538574,0.8796618221153213,3944,2,5,SHELF_NORMAL_Y_NEG,1057,5,5.056624336026129,-10.99155003466249,-77.21119945519266,0.0005291931581572,7.112524681438513e-05,3.198539954531112e-07,-8.545223780312416e-09,0.0,0.0,0.0,0.0,,0.0,0.0,0.0,6.349236879337383e-07,2.123320716214018e-06,0.0,0.9284160679755916,1.160131113786126,0.0015454781152338,0.6504092059351745,,0,0,AMBIGUOUS,,False,False
BH032,207,2.070000171661377,0.8871720676332661,3944,2,5,SHELF_NORMAL_Y_NEG,1057,5,5.056624336026129,-10.811277601385507,-77.8609019533664,0.0005333134633963,6.811173653903228e-05,2.296524284327588e-07,-1.4954084013320788e-06,0.0,0.0,0.0,0.0,,0.0,0.0,0.0,6.349236879337383e-07,2.123320716214018e-06,0.0,0.938382573529501,1.1303816234841673,0.0015545042468805,0.6463658885594249,,0,0,AMBIGUOUS,,False,False
BH032,208,2.080000877380371,0.8930996750714061,3944,2,5,SHELF_NORMAL_Y_NEG,1057,5,5.056624336026129,-10.564320531691274,-78.19896870900006,0.0005367593169525,6.781269873302217e-05,5.274623203897115e-07,-8.985463785106222e-07,0.0,0.0,0.0,0.0,,0.0,0.0,0.0,6.349236879337383e-07,2.123320716214018e-06,0.0,0.9415227056473549,1.0449920698862631,0.0015498198889377,0.6184760929737798,,0,0,AMBIGUOUS,,False,False
BH032,209,2.09000015258789,0.8993259142347114,3944,2,5,SHELF_NORMAL_Y_NEG,1057,5,5.056624336026129,-11.104472674590784,-79.43757722675767,0.0005452058513319,7.230321726621231e-05,4.508487205373557e-07,-1.031363670289925e-07,0.0,0.0,0.0,0.0,,0.0,0.0,0.0,6.349236879337383e-07,2.123320716214018e-06,0.0,0.9569561947417292,1.107393967098517,0.0015872460354324,0.6228301504244712,,0,0,AMBIGUOUS,,False,False
BH032,210,2.1000008583068848,0.9056874419522328,3944,2,5,SHELF_NORMAL_Y_NEG,1057,5,5.056624336026129,-10.83157316845094,-79.7169739726046,0.0005465521884953,6.975157661803094e-05,6.048311012492595e-07,-2.9415770378109912e-08,0.0,0.0,0.0,0.0,,0.0,0.0,0.0,6.349236879337383e-07,2.123320716214018e-06,0.0,0.9586996418878064,1.054086077388756,0.0015642308325698,0.6036536216536907,,0,0,ELASTIC_RESPONSE_WITHOUT_CONFIRMED_PRIOR_YIELD,,False,False
BH032,211,2.1100001335144043,0.9118333169011316,3944,2,5,SHELF_NORMAL_Y_NEG,1057,5,5.056624336026129,-11.07178527373546,-80.68405380788556,0.000553860637407,7.338657567122265e-05,2.7644994092035965e-08,7.443795773985976e-07,0.0,0.0,0.0,0.0,,0.0,0.0,0.0,6.349236879337383e-07,2.123320716214018e-06,0.0,0.9638770624428186,1.0789477265665155,0.0016031754740682,0.6025827882014354,,0,0,ELASTIC_RESPONSE_WITHOUT_CONFIRMED_PRIOR_YIELD,,False,False
BH032,212,2.1200008392333984,0.9171650677777926,3944,2,5,SHELF_NORMAL_Y_NEG,1057,5,5.056624336026129,-10.9655982771724,-81.15838856905191,0.000557496995568,7.260121573505096e-05,7.047709053932582e-07,1.0126106016147308e-06,0.0,0.0,0.0,0.0,,0.0,0.0,0.0,7.047709053932582e-07,2.123320716214018e-06,0.0,0.9741542459305766,1.0658461550484346,0.0016317906873555,0.5973560379875371,,0,0,ELASTIC_RESPONSE_WITHOUT_CONFIRMED_PRIOR_YIELD,,False,False
BH032,213,2.130000114440918,0.923224726446359,3944,2,5,SHELF_NORMAL_Y_NEG,1057,5,5.056624336026129,-11.021476731356724,-81.8268637641544,0.0005619997059748,7.286538937544061e-05,2.0949872431725314e-07,5.133413379248847e-07,0.0,0.0,0.0,0.0,,0.0,0.0,0.0,7.047709053932582e-07,2.123320716214018e-06,0.0,0.9759293374351466,1.062334584065754,0.0016322755782797,0.5916255458921464,,0,0,ELASTIC_RESPONSE_WITHOUT_CONFIRMED_PRIOR_YIELD,,False,False
BH032,214,2.140000820159912,0.9282381115892268,3944,2,5,SHELF_NORMAL_Y_NEG,1057,5,5.056624336026129,-11.069892256720362,-82.5682704015218,0.0005671327209412,7.205870511940672e-05,6.300062433694815e-07,-2.15589222507832e-07,0.0,0.0,0.0,0.0,,0.0,0.0,0.0,7.047709053932582e-07,2.123320716214018e-06,0.0,0.9799447303202042,1.1032298471233688,0.0016658339944756,0.5870280340263888,,0,0,ELASTIC_RESPONSE_WITHOUT_CONFIRMED_PRIOR_YIELD,,False,False
BH032,215,2.150000095367432,0.9326515320021344,3944,2,5,SHELF_NORMAL_Y_NEG,1057,5,5.056624336026129,-10.810324422312496,-83.48219837146677,0.0005737043097392,7.264260188660494e-05,3.0184405695174226e-07,1.580278710080129e-06,0.0,0.0,0.0,0.0,,0.0,0.0,0.0,7.047709053932582e-07,2.123320716214018e-06,0.0,0.9892534413940408,1.0898112851034516,0.001709375858268,0.5838516943460983,,0,0,ELASTIC_RESPONSE_WITHOUT_CONFIRMED_PRIOR_YIELD,,False,False
BH032,216,2.160000801086426,0.93623683976486,3944,2,5,SHELF_NORMAL_Y_NEG,1057,5,5.056624336026129,-11.85296909151218,-86.18203943771736,0.0005921534439795,7.864550630081574e-05,5.5435473829250094e-08,3.429149349151208e-07,0.0,0.0,0.0,0.0,,0.0,0.0,0.0,7.047709053932582e-07,2.123320716214018e-06,7.437387830577791e-05,0.9999999473959568,1.1908033279900097,0.0017596786220429,0.581988921117151,,0,0,CONTINUED_PLASTIC_LOADING,,False,False
BH032,217,2.1700000762939453,0.9349501462047892,3944,2,5,SHELF_NORMAL_Y_NEG,1057,5,5.056624336026129,-15.199776765812748,-89.92108757434269,0.0006171403987129,9.995370233826378e-05,6.613831230050543e-07,-1.8556510632782023e-08,0.0,0.0,0.0,0.0,,0.0,0.0,0.0,7.047709053932582e-07,2.123320716214018e-06,8.430604066234082e-05,0.9578686123326996,1.1382110101928191,0.0017752276460084,0.5440542664597636,,0,0,CONTINUED_PLASTIC_LOADING,,False,False
BH032,218,2.1800007820129395,0.9361911662756114,3944,2,5,SHELF_NORMAL_Y_NEG,1057,5,5.056624336026129,-14.906039093769818,-91.08508718758904,0.0006244319084693,9.261167396514652e-05,2.7878316327967245e-06,-2.4491211168225883e-06,1.740828718436075e-06,-2.180664308968576e-06,2.1504893084056675e-06,4.235619499581844e-08,,0.0004919675993733,0.0001020235504256,0.0004935257020406,2.7878316327967245e-06,2.4491211168225883e-06,8.430604066234082e-05,0.6719879624816808,0.6332850907875915,0.0019285060849721,0.5895648036156111,,0,0,TRUE_ELASTIC_UNLOADING,-4.652563176943403e-07,True,True
BH032,219,2.190000057220459,0.9339128807579702,3944,2,5,SHELF_NORMAL_Y_NEG,1057,5,5.056624336026129,-17.081994864638055,-95.64889741271972,0.0006622317622752,0.000101896929348,7.338860970105827e-06,-9.906783836707844e-06,6.2390553765061e-06,-7.975120316745898e-06,7.86810960562434e-06,1.511617853111602e-07,,0.0017999880947172,0.0003641040821094,0.0018045819597318,7.338860970105827e-06,9.906783836707844e-06,8.430604066234082e-05,0.9241670970590786,-0.3362480512552815,0.0018621893647663,0.5334532296602421,,0,0,AMBIGUOUS,,False,False
BH032,220,2.200000762939453,0.9315094353422024,3944,2,5,SHELF_NORMAL_Y_NEG,1057,5,5.056624336026129,-17.913273703048805,-96.11164944480852,0.0006723352400465,9.379952459020404e-05,1.43055894964768e-05,-2.3688358159659924e-05,1.274143069828537e-05,-1.626437319436534e-05,1.6052150385803543e-05,3.003419237757044e-07,,0.0036722517106682,0.0007234349031932,0.0036821595858782,1.43055894964768e-05,2.3688358159659924e-05,8.430604066234082e-05,0.7840179884387145,0.1741306647470093,0.0019821394618227,0.5433656421101678,,0,0,TRUE_ELASTIC_UNLOADING,1.7264144406281543e-06,True,True
BH032,221,2.2100000381469727,0.9291291063031646,3944,2,5,SHELF_NORMAL_Y_NEG,1057,5,5.056624336026129,-17.567793457838263,-94.47522325464573,0.000662792096267,9.39486519880182e-05,1.4237100330384713e-05,-2.2988165629659555e-05,1.2741134416757344e-05,-1.626402069519247e-05,1.6052150385803543e-05,3.003419237757044e-07,,0.0036722517106682,0.0007234349031932,0.0036807938013225,1.43055894964768e-05,2.3688358159659924e-05,8.430604066234082e-05,0.662218108004859,0.2312341223901034,0.0021378395255189,0.5682717469071539,,0,0,TRUE_ELASTIC_UNLOADING,-1.7892329895019543e-05,True,True
BH032,222,2.220000743865967,0.930355435505378,3944,2,5,SHELF_NORMAL_Y_NEG,1057,5,5.056624336026129,-18.506597929925448,-94.92863242406766,0.0006825807312617,7.325308521587441e-05,3.043565764553112e-05,-5.062907715042879e-05,2.7577796767068258e-05,-3.527564390812776e-05,3.4819157008314505e-05,6.576861437679327e-07,,0.0079655805602669,0.001584171433933,0.0079831266775727,3.043565764553112e-05,5.062907715042879e-05,8.430604066234082e-05,0.8750853400332929,-0.1367493910249672,0.002117557987216,0.549338354556614,,0,0,ELASTIC_RELOADING,,False,False
BH032,223,2.2300000190734863,0.934560796600502,3944,2,5,SHELF_NORMAL_Y_NEG,1057,5,5.056624336026129,-16.819430995827513,-94.92128054645228,0.0006786924376236,5.7494252609841846e-05,3.0406856739480212e-05,-5.091679221001745e-05,2.7576956652052363e-05,-3.5275336942772827e-05,3.4819157008314505e-05,6.576861437679327e-07,,0.0079655805602669,0.001584171433933,0.0079901628196239,3.043565764553112e-05,5.091679221001745e-05,8.430604066234082e-05,0.7839778043601482,0.3145898734659977,0.0021409215898357,0.5508860327448025,,0,0,TRUE_ELASTIC_UNLOADING,-3.534013695016825e-07,True,True
BH032,224,2.2400007247924805,0.9371707789040437,3944,2,5,SHELF_NORMAL_Y_NEG,1057,5,5.056624336026129,-17.783048884108666,-94.96797438890331,0.000691278609191,5.8362668083921255e-05,3.714489013646765e-05,-6.223469955490661e-05,3.376565692871518e-05,-4.322189931737942e-05,4.2644667701097205e-05,8.226453473980655e-07,,0.0097558237612247,0.0019815093837678,0.0097739109769463,3.714489013646765e-05,6.223469955490661e-05,8.430604066234082e-05,0.6903319514944193,0.2750316347331534,0.0021915447935502,0.5579202659931566,,0,0,TRUE_ELASTIC_UNLOADING,-2.3689318233044432e-05,True,True
BH032,225,2.25,0.9393645981332588,3944,2,5,SHELF_NORMAL_Y_NEG,1057,5,5.056624336026129,-18.258488915700028,-95.49884883752696,0.0006937151130887,6.026100193947661e-05,3.6800473384682257e-05,-6.27340991344416e-05,3.3765723461202213e-05,-4.322197972228776e-05,4.2644667701097205e-05,8.226453473980655e-07,,0.0097558237612247,0.0019815093837678,0.0097760949283838,3.714489013646765e-05,6.27340991344416e-05,8.430604066234082e-05,0.853770882416051,0.0143533004190335,0.0022380075455319,0.5569912106701215,52429.227323670246,1,1,ELASTIC_RELOADING,,False,False
BH032,226,2.260000705718994,0.9435644511128094,3944,2,5,SHELF_NORMAL_Y_NEG,1057,5,5.056624336026129,-18.16700071666344,-95.25820909336474,0.0006902024431047,5.829692084984841e-05,3.636247633827377e-05,-6.265450875039781e-05,3.3766283071199044e-05,-4.3222050125149495e-05,4.2644667701097205e-05,8.226453473980655e-07,,0.0097558237612247,0.0019815093837678,0.0097819967195391,3.714489013646765e-05,6.27340991344416e-05,8.430604066234082e-05,0.7780764915099425,0.3933762012018743,0.0022800765481408,0.5607958479150963,,0,0,TRUE_ELASTIC_UNLOADING,-7.609055672874732e-06,True,True
BH032,227,2.2699999809265137,0.9483495130796114,3944,2,5,SHELF_NORMAL_Y_NEG,1057,5,5.056624336026129,-17.345020496011838,-95.83505485311984,0.00069587076404,5.467857442162383e-05,3.60769523960738e-05,-6.255739604413713e-05,3.3764907594525485e-05,-4.322111599157265e-05,4.2644667701097205e-05,8.226453473980655e-07,,0.0097558237612247,0.0019815093837678,0.0097745601087808,3.714489013646765e-05,6.27340991344416e-05,8.430604066234082e-05,0.7202630833024425,0.2867292191194227,0.0022903160085491,0.5606437544679479,,0,0,TRUE_ELASTIC_UNLOADING,-4.408531728561371e-07,True,True
BH032,228,2.280000686645508,0.9519157633784996,3944,2,5,SHELF_NORMAL_Y_NEG,1057,5,5.056624336026129,-18.235550659193493,-97.6934113010123,0.0007068717227605,5.714121632923374e-05,3.614276555586509e-05,-6.433985625453565e-05,3.376478872487163e-05,-4.3221288023007725e-05,4.2644667701097205e-05,8.226453473980655e-07,,0.0097558237612247,0.0019815093837678,0.0097796954214572,3.714489013646765e-05,6.433985625453565e-05,8.430604066234082e-05,0.7758753993594456,0.2894773704345015,0.0023306118003862,0.5607013219145272,,0,0,ELASTIC_RELOADING,,False,False
BH032,229,2.289999961853028,0.955796290004535,3944,2,5,SHELF_NORMAL_Y_NEG,1057,5,5.056624336026129,-18.740943250362395,-97.80103108499964,0.0007125402006884,6.691465958252353e-05,3.5613929066257506e-05,-6.351330903524603e-05,3.3764825197041e-05,-4.322120196403742e-05,4.2644667701097205e-05,8.226453473980655e-07,,0.0097558237612247,0.0019815093837678,0.0097711961716413,3.714489013646765e-05,6.433985625453565e-05,8.430604066234082e-05,0.7621572197456378,0.4580877129307904,0.0023792076056221,0.5674019188699218,,0,0,TRUE_ELASTIC_UNLOADING,1.7372853706731917e-06,True,True
BH032,230,2.300000667572021,0.960049566488526,3944,2,5,SHELF_NORMAL_Y_NEG,1057,5,5.056624336026129,-18.41001057418692,-98.05588150904327,0.0007113614035494,6.027853302473327e-05,3.6294986477730586e-05,-6.424038910542293e-05,3.376503657490933e-05,-4.3220965050674365e-05,4.2644667701097205e-05,8.226453473980655e-07,,0.0097558237612247,0.0019815093837678,0.009776153601706,3.714489013646765e-05,6.433985625453565e-05,8.430604066234082e-05,0.7819076681015961,0.2692947280177474,0.0023924622220675,0.5639563989272214,,0,0,ELASTIC_RELOADING,,False,False
BH032,231,2.309999942779541,0.963538405350277,3944,2,5,SHELF_NORMAL_Y_NEG,1057,5,5.056624336026129,-18.28748087474165,-99.1449083345506,0.0007152712151227,5.610047208327038e-05,3.5877013125762435e-05,-6.437142028354811e-05,3.376467744814214e-05,-4.322108074418759e-05,4.2644667701097205e-05,8.226453473980655e-07,,0.0097558237612247,0.0019815093837678,0.0097837084904313,3.714489013646765e-05,6.437142028354811e-05,8.430604066234082e-05,0.7808500826950759,0.3626945995726618,0.002436463510259,0.5678072157433973,,0,0,TRUE_ELASTIC_UNLOADING,-1.6915391431782112e-05,True,True
BH032,232,2.320000648498535,0.9666355939478942,3944,2,5,SHELF_NORMAL_Y_NEG,1057,5,5.056624336026129,-18.516073187263608,-99.63810689723564,0.0007234592515185,6.106783291587054e-05,3.612661411694473e-05,-6.551341939369654e-05,3.3764692533616754e-05,-4.322106886263868e-05,4.2644667701097205e-05,8.226453473980655e-07,,0.0097558237612247,0.0019815093837678,0.0097768027335405,3.714489013646765e-05,6.551341939369654e-05,8.430604066234082e-05,0.7701668229506289,0.489487414875448,0.0024846898832511,0.5730869251240833,,0,0,TRUE_ELASTIC_UNLOADING,-8.807912246222571e-07,True,True
BH032,233,2.3299999237060547,0.9705059306127338,3944,2,5,SHELF_NORMAL_Y_NEG,1057,5,5.056624336026129,-18.76525567115701,-100.41342720057456,0.000725257992072,6.17385609073891e-05,3.608245607540899e-05,-6.304869262775811e-05,3.376482985228069e-05,-4.322110800973493e-05,4.2644667701097205e-05,8.226453473980655e-07,,0.0097558237612247,0.0019815093837678,0.0097811119630932,3.714489013646765e-05,6.551341939369654e-05,8.430604066234082e-05,0.7767137125284826,0.3974575457072005,0.002504742335314,0.5711405372359603,,0,0,ELASTIC_RELOADING,,False,False
BH032,234,2.340000629425049,0.9735212270503282,3944,2,5,SHELF_NORMAL_Y_NEG,1057,5,5.056624336026129,-18.578935664164096,-101.1436207734747,0.000732150309034,6.0807310393697685e-05,3.608727848008298e-05,-6.453209037235929e-05,3.3764786568159534e-05,-4.32210955668635e-05,4.2644667701097205e-05,8.226453473980655e-07,,0.0097558237612247,0.0019815093837678,0.0097789280116558,3.714489013646765e-05,6.551341939369654e-05,8.430604066234082e-05,0.7767749444063741,0.4869809858075878,0.0025442903063932,0.5749905595160867,,0,0,AMBIGUOUS,,False,False
BH032,235,2.3499999046325684,0.9764529131567332,3944,2,5,SHELF_NORMAL_Y_NEG,1057,5,5.056624336026129,-18.7984970454382,-101.11068295430526,0.0007340843747106,6.159155162217388e-05,3.700497037631531e-05,-6.65096091024245e-05,3.4774409799583776e-05,-4.451406487090234e-05,4.392107075545937e-05,8.452544761894387e-07,,0.0100478269159793,0.0020359682384878,0.0100689176470041,3.714489013646765e-05,6.65096091024245e-05,8.430604066234082e-05,0.7911325537415496,0.5351811223953616,0.0025898022641438,0.5791545375682015,,0,0,ELASTIC_RELOADING,,False,False
BH032,236,2.3600006103515625,0.9793340277911362,3944,2,5,SHELF_NORMAL_Y_NEG,1057,5,5.056624336026129,-18.96085680995594,-101.8534405365293,0.000737669914893,5.977768669666178e-05,3.7143960285146384e-05,-6.775805781963126e-05,3.4774495085978286e-05,-4.451412019069712e-05,4.392107075545937e-05,8.452544761894387e-07,,0.0100478269159793,0.0020359682384878,0.010072398930788,3.714489013646765e-05,6.775805781963126e-05,8.430604066234082e-05,0.7845995081511793,0.4977596573901174,0.0026234013330069,0.5795346863625266,,0,0,TRUE_ELASTIC_UNLOADING,1.0171212117326968e-05,True,True
BH032,237,2.369999885559082,0.981943668210536,3944,2,5,SHELF_NORMAL_Y_NEG,1057,5,5.056624336026129,-18.646082314353176,-102.08816250126004,0.000738174573414,5.771570988079419e-05,3.702414751969273e-05,-6.664614329294962e-05,3.477449709533169e-05,-4.451410981433576e-05,4.392107075545937e-05,8.452544761894387e-07,,0.0100478269159793,0.0020359682384878,0.0100745232775807,3.714489013646765e-05,6.775805781963126e-05,8.430604066234082e-05,0.781516217586988,0.5086848322700532,0.0026664591707992,0.5834922062076281,,0,0,TRUE_ELASTIC_UNLOADING,1.454832130243222e-05,True,True
BH032,238,2.380000591278076,0.983333402394738,3944,2,5,SHELF_NORMAL_Y_NEG,1057,5,5.056624336026129,-18.995678016277296,-102.33375164843685,0.0007408383398792,6.151085583065447e-05,3.634906872686082e-05,-6.690878191960986e-05,3.4774472549005435e-05,-4.451414042945264e-05,4.392107075545937e-05,8.452544761894387e-07,,0.0100478269159793,0.0020359682384878,0.0100727537646889,3.714489013646765e-05,6.775805781963126e-05,8.430604066234082e-05,0.7779668511706815,0.603248791591783,0.0026975645284025,0.5829085257460666,,0,0,TRUE_ELASTIC_UNLOADING,6.516747970586323e-06,True,True
BH032,239,2.3900012969970703,0.9838473188472812,3944,2,5,SHELF_NORMAL_Y_NEG,1057,5,5.056624336026129,-19.26782763579481,-103.0608772160108,0.0007472392253927,6.0641053967497305e-05,3.762621583183984e-05,-6.975732715858596e-05,3.5786030655079914e-05,-4.58043450990345e-05,4.51954074378591e-05,8.669390467730409e-07,,0.0103393569588661,0.0020881998352706,0.0103647438809275,3.762621583183984e-05,6.975732715858596e-05,8.430604066234082e-05,0.7971106558918104,0.6240977540966021,0.0027607610859262,0.5866461041408517,,0,0,ELASTIC_RELOADING,,False,False
BH032,240,2.40000057220459,0.985247136580665,3944,2,5,SHELF_NORMAL_Y_NEG,1057,5,5.056624336026129,-18.60268412585923,-102.68464806253486,0.0007441983036486,5.3563905671463134e-05,3.888426048132031e-05,-7.053840521456089e-05,3.681394569844959e-05,-4.7110245505855454e-05,4.648564936360344e-05,8.886070759217546e-07,,0.0106345256790518,0.002140391850844,0.0106623759493231,3.888426048132031e-05,7.053840521456089e-05,8.430604066234082e-05,0.8036657216648361,0.5412061707155948,0.0028113812926064,0.5898348440425254,,0,0,ELASTIC_RELOADING,,False,False
BH032,241,2.410001277923584,0.9883302192951894,3944,2,5,SHELF_NORMAL_Y_NEG,1057,5,5.056624336026129,-19.0926367898529,-103.51975610555952,0.0007510233016976,5.598351980075096e-05,3.907874665603383e-05,-7.236343628426803e-05,3.687781928563803e-05,-4.719166434950036e-05,4.656615783460438e-05,8.899323233890755e-07,,0.0106529435142874,0.0021435839589685,0.0106806755065917,3.907874665603383e-05,7.236343628426803e-05,8.430604066234082e-05,0.796643370149233,0.6287527263189754,0.0028402938320368,0.5920411961206058,,0,0,TRUE_ELASTIC_UNLOADING,-3.440949120325776e-05,True,True
BH032,242,2.4200005531311035,0.9913459520481824,3944,2,5,SHELF_NORMAL_Y_NEG,1057,5,5.056624336026129,-19.10981444058508,-103.95527561788002,0.0007558533527041,5.453890080583338e-05,4.046329053247408e-05,-7.436179838907599e-05,3.801990410749423e-05,-4.8643816852584544e-05,4.800152964890003e-05,9.134224683293724e-07,,0.0109813129529356,0.0022001648321747,0.0110096763819456,4.046329053247408e-05,7.436179838907599e-05,8.430604066234082e-05,0.7909531637799988,0.682998315060461,0.0028852786464461,0.5965587941368058,,0,0,TRUE_ELASTIC_UNLOADING,-0.0003712535489563,True,True
BH032,243,2.4300012588500977,0.9931118051086862,3944,2,5,SHELF_NORMAL_Y_NEG,1057,5,5.056624336026129,-18.92585331592055,-104.33592766773938,0.0007617147576891,4.880339272379103e-05,4.325483807170562e-05,-7.926430787174969e-05,4.024691279845654e-05,-5.147266398397205e-05,5.079799302620813e-05,9.589795126885292e-07,,0.0116210607811808,0.0023098981473594,0.0116492770612239,4.325483807170562e-05,7.926430787174969e-05,8.430604066234082e-05,0.8082801414558625,0.659097698298426,0.0029457546532438,0.6024838806806361,,0,0,ELASTIC_RELOADING,,False,False
BH032,244,2.440000534057617,0.9951806162971906,3944,2,5,SHELF_NORMAL_Y_NEG,1057,5,5.056624336026129,-18.97405184933379,-104.6799617053044,0.000764346149674,4.633869189623035e-05,4.421906645896552e-05,-8.135122641563484e-05,4.1601456623027296e-05,-5.319120932073702e-05,5.2496725402306765e-05,9.867802646112978e-07,,0.0120096793398261,0.0023768621031194,0.0120400665327906,4.421906645896552e-05,8.135122641563484e-05,8.430604066234082e-05,0.8154098256796898,0.6807349733401671,0.0029883731275083,0.6051954742247228,,0,0,ELASTIC_RELOADING,,False,False
BH032,245,2.450001239776612,0.997197040023479,3944,2,5,SHELF_NORMAL_Y_NEG,1057,5,5.056624336026129,-19.07314906965274,-104.85485745131612,0.0007686647731135,4.478071007094292e-05,4.606874285698087e-05,-8.485420233999208e-05,4.310998329020214e-05,-5.510239950101036e-05,5.438667358248495e-05,1.0171569329031629e-06,,0.0124420439824461,0.0024500305298715,0.0124723082408308,4.606874285698087e-05,8.485420233999208e-05,8.430604066234082e-05,0.8022284128489454,0.7123184908386041,0.0030302004352314,0.6071115646529317,,0,0,TRUE_ELASTIC_UNLOADING,-0.0001879500012678,True,True
BH032,246,2.460000514984131,0.9986980399222046,3944,2,5,SHELF_NORMAL_Y_NEG,1057,5,5.056624336026129,-19.066897538034645,-105.15373428103192,0.000774157062112,3.841604725560773e-05,4.987803621954543e-05,-9.079267857001843e-05,4.6291635250757583e-05,-5.91311873580997e-05,5.836996206198819e-05,1.0814708275574958e-06,,0.0133533012121915,0.0026049437001347,0.0133855156600475,4.987803621954543e-05,9.079267857001843e-05,8.430604066234082e-05,0.8158571629296633,0.7069159251480337,0.003081122664129,0.611866491429348,,0,0,ELASTIC_RELOADING,,False,False
BH032,247,2.470001220703125,1.0,3944,2,5,SHELF_NORMAL_Y_NEG,1057,5,5.056624336026129,-19.15591906110516,-105.4855202500218,0.0007790367940229,3.34038952626986e-05,5.263525160044999e-05,-9.624925184454528e-05,4.889449214593088e-05,-6.242430872463456e-05,6.16257602814585e-05,1.1344208132868516e-06,,0.0140981301665306,0.0027324843686074,0.0141332484781742,5.263525160044999e-05,9.624925184454528e-05,8.430604066234082e-05,0.8208597425923932,0.7541987485308288,0.0031344480535366,0.6170754465151632,,0,0,ELASTIC_RELOADING,,False,False
BH032,248,2.4800004959106445,0.9988059975777462,3944,2,5,SHELF_NORMAL_Y_NEG,1057,5,5.056624336026129,-18.96964106320605,-105.18475186645205,0.0007802998719422,2.990834032494784e-05,5.500426745557645e-05,-9.943027704248332e-05,5.1039528677428194e-05,-6.513827634748801e-05,6.430879875551909e-05,1.178408183477586e-06,,0.0147119285538792,0.0028384372126311,0.0147468009963631,5.500426745557645e-05,9.943027704248332e-05,8.430604066234082e-05,0.8127789500570755,0.7799168452544395,0.0031705330911148,0.6169610259718261,,0,0,TRUE_ELASTIC_UNLOADING,1.8705111146766207e-05,True,True
BH032,249,2.4900012016296387,0.9898018241059172,3944,2,5,SHELF_NORMAL_Y_NEG,1057,5,5.056624336026129,-18.72985692309935,-104.06547067685442,0.0007718354584729,2.821136517004068e-05,5.483756862725468e-05,-9.890901024865902e-05,5.103965824922722e-05,-6.513829036266688e-05,6.430879875551909e-05,1.178408183477586e-06,,0.0147119285538792,0.0028384372126311,0.0147476820275187,5.500426745557645e-05,9.943027704248332e-05,8.430604066234082e-05,0.8098192601927505,0.772408270699668,0.0032878084328151,0.623644808760214,,0,0,TRUE_ELASTIC_UNLOADING,-7.959000099821978e-05,True,True
BH032,250,2.500000476837158,0.9824841093301376,3944,2,5,SHELF_NORMAL_Y_NEG,1057,5,5.056624336026129,-18.81214342125385,-103.94855862606072,0.000772027203457,2.9331579232913e-05,5.5420535366553154e-05,-9.877452292562884e-05,5.103961308538311e-05,-6.513833843760783e-05,6.430879875551909e-05,1.178408183477586e-06,,0.0147119285538792,0.0028384372126311,0.0147468596696853,5.5420535366553154e-05,9.943027704248332e-05,8.430604066234082e-05,0.8087527855982991,0.8028861121195213,0.0034232812032032,0.6358550527764391,-2444.975042289233,1,1,TRUE_ELASTIC_UNLOADING,-1.4492347852668177e-05,True,True
BH032,251,2.5100011825561523,0.9836846797228376,3944,2,5,SHELF_NORMAL_Y_NEG,1057,5,5.056624336026129,-18.340684420031536,-103.5245103907927,0.0007705226140758,2.688213682365981e-05,5.6168208535119126e-05,-9.86439785965387e-05,5.10398394581203e-05,-6.513813735883451e-05,6.430879875551909e-05,1.178408183477586e-06,,0.0147119285538792,0.0028384372126311,0.0147448629140853,5.6168208535119126e-05,9.943027704248332e-05,8.430604066234082e-05,0.803335660863818,0.7258039741426531,0.0034082553238694,0.6268585904221333,,0,0,TRUE_ELASTIC_UNLOADING,7.044444567272379e-05,True,True
BH032,252,2.520000457763672,0.98881120941291,3944,2,5,SHELF_NORMAL_Y_NEG,1057,5,5.056624336026129,-18.82864986106481,-104.2730887915445,0.0007748190237371,2.9289104260206856e-05,5.608363575017978e-05,-9.881652153437802e-05,5.103956579392966e-05,-6.513828552105963e-05,6.430879875551909e-05,1.178408183477586e-06,,0.0147119285538792,0.0028384372126311,0.0147473290562629,5.6168208535119126e-05,9.943027704248332e-05,8.430604066234082e-05,0.8082560266958196,0.7756311427211141,0.0034344272365285,0.6301798682262758,,0,0,ELASTIC_RELOADING,,False,False
BH032,253,2.530001163482666,0.990836194188802,3944,2,5,SHELF_NORMAL_Y_NEG,1057,5,5.056624336026129,-19.35824297792952,-104.71291622601947,0.0007852899914982,2.3684046803396606e-05,6.241053974645e-05,-0.0001091861428647,5.686828166346229e-05,-7.253776773004809e-05,7.162033580243587e-05,1.3039774557910278e-06,,0.0163845904171466,0.0031408963259309,0.0164215955883264,6.241053974645e-05,0.0001091861428647,8.430604066234082e-05,0.818430887639609,0.8934318603676431,0.0035594720228907,0.6467000362268964,,0,0,ELASTIC_RELOADING,,False,False
BH032,254,2.540000438690185,0.9914466978547998,3944,2,5,SHELF_NORMAL_Y_NEG,1057,5,5.056624336026129,-19.10137855089897,-104.4686377198846,0.0007831522330321,2.17886815979027e-05,6.236057910570899e-05,-0.0001089067107916,5.686856488399024e-05,-7.253768491719127e-05,7.162033580243587e-05,1.3039774557910278e-06,,0.0163845904171466,0.0031408963259309,0.0164223574101924,6.241053974645e-05,0.0001091861428647,8.430604066234082e-05,0.8106864108332065,0.8637461982865979,0.0036118846685446,0.6472169962767655,,0,0,TRUE_ELASTIC_UNLOADING,6.63056482755886e-05,True,True
BH032,255,2.55000114440918,0.9914454301431328,3944,2,5,SHELF_NORMAL_Y_NEG,1057,5,5.056624336026129,-18.83049837166627,-104.20151234578218,0.0007816235719547,1.852510380559013e-05,6.335495852777728e-05,-0.0001096212932103,5.686865988236558e-05,-7.253753525069771e-05,7.162033580243587e-05,1.3039774557910278e-06,,0.0163845904171466,0.0031408963259309,0.0164235886186361,6.335495852777728e-05,0.0001096212932103,8.430604066234082e-05,0.8150728889577916,0.8237748893158102,0.0036477901244118,0.6459212384476214,,0,0,ELASTIC_RELOADING,,False,False
BH032,256,2.560000419616699,0.9861306100710664,3944,2,5,SHELF_NORMAL_Y_NEG,1057,5,5.056624336026129,-19.02041308472024,-104.04041660201338,0.0007805393623038,2.0555133739986325e-05,6.338114454053925e-05,-0.0001089072071755,5.6868665622438256e-05,-7.253770703733605e-05,7.162033580243587e-05,1.3039774557910278e-06,,0.0163845904171466,0.0031408963259309,0.0164246447384357,6.338114454053925e-05,0.0001096212932103,8.430604066234082e-05,0.8099979937097116,0.8701712977852054,0.0037329538027889,0.6534518919496207,,0,0,TRUE_ELASTIC_UNLOADING,5.950408159205445e-05,True,True
BH032,257,2.5700011253356934,0.9850242170236516,3944,2,5,SHELF_NORMAL_Y_NEG,1057,5,5.056624336026129,-19.02548572033028,-104.00593379820307,0.0007816120454452,1.962246289819629e-05,6.3830996480803e-05,-0.000110736133915,5.790546302199015e-05,-7.385465009198806e-05,7.292076043086126e-05,1.3273258900881046e-06,,0.0166820883750915,0.0031971358694136,0.0167204197496175,6.3830996480803e-05,0.000110736133915,8.430604066234082e-05,0.8105709394078238,0.8980472236891288,0.0037706822329517,0.6559490156539909,,0,0,ELASTIC_RELOADING,,False,False
BH032,258,2.580000400543213,0.986582049774118,3944,2,5,SHELF_NORMAL_Y_NEG,1057,5,5.056624336026129,-18.85571528128276,-103.70295225381986,0.0007795391189283,1.854328862154484e-05,6.422719649675206e-05,-0.0001102669957509,5.790582509845337e-05,-7.385453548307282e-05,7.292076043086126e-05,1.3273258900881046e-06,,0.0166820883750915,0.0031971358694136,0.0167211219668388,6.422719649675206e-05,0.000110736133915,8.430604066234082e-05,0.8138250475376426,0.8607507265529716,0.0038165715590511,0.6553840882144999,,0,0,ELASTIC_RELOADING,,False,False
BH032,259,2.590001106262207,0.9861174892641064,3944,2,5,SHELF_NORMAL_Y_NEG,1057,5,5.056624336026129,-19.19654582583637,-104.04150903336424,0.0007827536517777,1.721938453214415e-05,6.552860026391618e-05,-0.0001135197461921,5.901490223017616e-05,-7.52610802033831e-05,7.430980622302741e-05,1.352113713437575e-06,,0.0169998593628406,0.0032568424940109,0.0170413814485073,6.552860026391618e-05,0.0001135197461921,8.430604066234082e-05,0.8125589622843129,0.8973729127535084,0.0038953167077578,0.6611707194316698,,0,0,TRUE_ELASTIC_UNLOADING,-3.113787842057292e-05,True,True
BH032,260,2.6000003814697266,0.9863804243959196,3944,2,5,SHELF_NORMAL_Y_NEG,1057,5,5.056624336026129,-19.20162153009796,-104.01042381906925,0.0007823457961853,1.796821018133256e-05,6.521905224103489e-05,-0.00011292257324,5.901477084722654e-05,-7.526125447842405e-05,7.430980622302741e-05,1.352113713437575e-06,,0.0169998593628406,0.0032568424940109,0.0170407369732856,6.552860026391618e-05,0.0001135197461921,8.430604066234082e-05,0.8145714505966065,0.9154517158753634,0.0039731560748244,0.6657281452923118,,0,0,ELASTIC_RELOADING,,False,False
BH032,261,2.6100010871887207,0.9875402348226302,3944,2,5,SHELF_NORMAL_Y_NEG,1057,5,5.056624336026129,-19.19186997297101,-104.06099243375422,0.0007826033978516,1.7059178801748405e-05,6.558162614119672e-05,-0.0001133096726727,5.902606035044336e-05,-7.527635323239246e-05,7.432470010826364e-05,1.3523805364457075e-06,,0.0170032661408185,0.0032574851065874,0.0170470066368579,6.558162614119672e-05,0.0001135197461921,8.430604066234082e-05,0.82010185391294,0.9400358190372462,0.0040312247558126,0.6688035576527273,,0,0,ELASTIC_RELOADING,,False,False
BH032,262,2.62000036239624,0.9872701850571686,3944,2,5,SHELF_NORMAL_Y_NEG,1057,5,5.056624336026129,-19.17851425434898,-103.95348842136444,0.0007820345605619,1.757393182640326e-05,6.606032279031862e-05,-0.0001123981803666,5.928535531004908e-05,-7.56064340002547e-05,7.465067028533667e-05,1.358186295874475e-06,,0.0170778390020132,0.0032714696135371,0.0171233266592025,6.606032279031862e-05,0.0001135197461921,8.430604066234082e-05,0.8155427998968684,0.9662323883457148,0.0041089844480621,0.672975436258829,,0,0,TRUE_ELASTIC_UNLOADING,0.0001178506143054,True,True
BH032,263,2.6300010681152344,0.983661567798749,3944,2,5,SHELF_NORMAL_Y_NEG,1057,5,5.056624336026129,-19.07169653394371,-103.5175604301805,0.0007809723459968,1.4159681675160464e-05,6.76541492349201e-05,-0.0001154313452969,6.0856178279552384e-05,-7.760639788596512e-05,7.662585994694382e-05,1.393656248183106e-06,,0.0175297036767005,0.0033569058869034,0.0175738800317049,6.76541492349201e-05,0.0001154313452969,8.430604066234082e-05,0.8103370626556419,0.9617788309992878,0.0042040549845312,0.6762200825420626,,0,0,TRUE_ELASTIC_UNLOADING,5.947002240136445e-05,True,True
BH032,264,2.640000343322754,0.979847100436144,3944,2,5,SHELF_NORMAL_Y_NEG,1057,5,5.056624336026129,-19.118410648889704,-103.39012089445689,0.0007799963211969,1.3682459359543564e-05,6.792705171774604e-05,-0.0001158634674083,6.085596805524244e-05,-7.760644773232612e-05,7.662585994694382e-05,1.393656248183106e-06,,0.0175297036767005,0.0033569058869034,0.0175751689821481,6.792705171774604e-05,0.0001158634674083,8.430604066234082e-05,0.8162654348905402,0.9688137121692756,0.0042939105241691,0.6794578477583975,,0,0,ELASTIC_RELOADING,,False,False
BH032,265,2.650001049041748,0.9767196875841672,3944,2,5,SHELF_NORMAL_Y_NEG,1057,5,5.056624336026129,-19.06793965165402,-103.1025226349566,0.0007783805433127,1.468552389953092e-05,6.775093229086353e-05,-0.0001150598729519,6.0856124529217086e-05,-7.760644585815561e-05,7.662585994694382e-05,1.393656248183106e-06,,0.0175297036767005,0.0033569058869034,0.0175737626850605,6.792705171774604e-05,0.0001158634674083,8.430604066234082e-05,0.8067463420135893,0.9832310561209114,0.0043745208933951,0.681606308586236,,0,0,TRUE_ELASTIC_UNLOADING,-0.0002333690840379,True,True
BH032,266,2.660000324249268,0.9725125909544112,3944,2,5,SHELF_NORMAL_Y_NEG,1057,5,5.056624336026129,-19.034515775346986,-102.73580370970802,0.0007760923550954,1.4892265521932424e-05,6.767755093655537e-05,-0.0001149422072933,6.085617427725855e-05,-7.760643768742947e-05,7.662585994694382e-05,1.393656248183106e-06,,0.0175297036767005,0.0033569058869034,0.017573295161128,6.792705171774604e-05,0.0001158634674083,8.430604066234082e-05,0.8019335843262465,0.9895851252437612,0.0044607917700682,0.6832285244255338,,0,0,TRUE_ELASTIC_UNLOADING,0.0006142634888636,True,True
BH032,267,2.6700010299682617,0.9655317945915922,3944,2,5,SHELF_NORMAL_Y_NEG,1057,5,5.056624336026129,-18.857293537143857,-101.9456272376662,0.0007692989445291,1.2937662459105125e-05,6.716166381614787e-05,-0.0001148562977433,6.085611761587246e-05,-7.76064872666389e-05,7.662585994694382e-05,1.393656248183106e-06,,0.0175297036767005,0.0033569058869034,0.0175754018127918,6.792705171774604e-05,0.0001158634674083,8.430604066234082e-05,0.802476695172865,0.9938344214800954,0.004570714833014,0.686144083564777,,0,0,ELASTIC_RELOADING,,False,False
BH032,268,2.680000305175781,0.9539340718719336,3944,2,5,SHELF_NORMAL_Y_NEG,1057,5,5.056624336026129,-18.520630865459584,-100.73228263430222,0.0007604757178694,1.1232412041931731e-05,6.661530697503931e-05,-0.0001143446916944,6.085612829051396e-05,-7.760644454705816e-05,7.662585994694382e-05,1.393656248183106e-06,,0.0175297036767005,0.0033569058869034,0.017575753852725,6.792705171774604e-05,0.0001158634674083,8.430604066234082e-05,0.7914054957643133,0.9971063297165929,0.0047035882568946,0.6876538175174614,,0,0,TRUE_ELASTIC_UNLOADING,0.0003306520259528,True,True
BH032,269,2.6900010108947754,0.9373731426456428,3944,2,5,SHELF_NORMAL_Y_NEG,1057,5,5.056624336026129,-18.07294288628357,-98.96329859686304,0.000749082085163,9.424542210201716e-06,6.684415750976775e-05,-0.0001136634611762,6.085617944992159e-05,-7.760631787736073e-05,7.662585994694382e-05,1.393656248183106e-06,,0.0175297036767005,0.0033569058869034,0.0175745822489261,6.792705171774604e-05,0.0001158634674083,8.430604066234082e-05,0.7795394108166681,0.9767942807331256,0.0048533138996398,0.6866612670767378,,0,0,TRUE_ELASTIC_UNLOADING,-0.0002896637820724,True,True
BH032,270,2.700000286102295,0.9132548479038288,3944,2,5,SHELF_NORMAL_Y_NEG,1057,5,5.056624336026129,-17.380207160195962,-96.50322122733095,0.0007325951317972,4.986892968672323e-06,6.720657731894102e-05,-0.0001134683845478,6.085634682147293e-05,-7.76061918804906e-05,7.662585994694382e-05,1.393656248183106e-06,,0.0175297036767005,0.0033569058869034,0.0175741724669933,6.792705171774604e-05,0.0001158634674083,8.430604066234082e-05,0.7614848731309006,0.9635698485010302,0.005049760778611,0.6856381833784277,,0,0,TRUE_ELASTIC_UNLOADING,-1.0803635029699166e-05,True,True
BH032,271,2.710000991821289,0.8783294522036981,3944,2,5,SHELF_NORMAL_Y_NEG,1057,5,5.056624336026129,-16.478204696097233,-92.81152995664112,0.000706065352221,-9.29460803665398e-07,6.706446369310825e-05,-0.0001122806355488,6.085665832462526e-05,-7.760596171919354e-05,7.662585994694382e-05,1.393656248183106e-06,,0.0175297036767005,0.0033569058869034,0.0175787396728992,6.792705171774604e-05,0.0001158634674083,8.430604066234082e-05,0.7362998327690999,0.9364173924818068,0.0052995851438461,0.6803502707367975,,0,0,TRUE_ELASTIC_UNLOADING,7.483448088685396e-05,True,True
BH032,272,2.7200002670288086,0.8316460024864885,3944,2,5,SHELF_NORMAL_Y_NEG,1057,5,5.056624336026129,-15.12723059420066,-87.90784530827138,0.0006723002935025,-7.810205737736331e-06,6.678173578514768e-05,-0.0001102369566758,6.085729738313304e-05,-7.760564790432359e-05,7.662585994694382e-05,1.393656248183106e-06,,0.0175297036767005,0.0033569058869034,0.0175790917128324,6.792705171774604e-05,0.0001158634674083,8.430604066234082e-05,0.7024477690361206,0.8817651742029109,0.005630518511799,0.6710651103729932,,0,0,TRUE_ELASTIC_UNLOADING,4.129316086065593e-05,True,True
BH032,273,2.7300009727478027,0.7844870277035333,3944,2,5,SHELF_NORMAL_Y_NEG,1057,5,5.056624336026129,-13.75219391545327,-83.01993941742259,0.0006393346982988,-1.4554412881213766e-05,6.722652636782057e-05,-0.0001078532841072,6.085834695743874e-05,-7.760549016593134e-05,7.662585994694382e-05,1.393656248183106e-06,,0.0175297036767005,0.0033569058869034,0.0175788570195436,6.792705171774604e-05,0.0001158634674083,8.430604066234082e-05,0.6652948520904521,0.8148456699017861,0.0060213979455651,0.6598822222178449,,0,0,TRUE_ELASTIC_UNLOADING,5.731446883394664e-05,True,True
BH032,274,2.7400002479553223,0.7493312637015522,3944,2,5,SHELF_NORMAL_Y_NEG,1057,5,5.056624336026129,-12.757512579604883,-79.53468565318632,0.0006152895825862,-2.0696620964730976e-05,6.738713646781315e-05,-0.0001070057048232,6.085981112088802e-05,-7.760552274197936e-05,7.662585994694382e-05,1.393656248183106e-06,,0.0175297036767005,0.0033569058869034,0.0175799708813428,6.792705171774604e-05,0.0001158634674083,8.430604066234082e-05,0.6477380960135861,0.7516269387599841,0.0063501214358324,0.6487167560600591,,0,0,TRUE_ELASTIC_UNLOADING,-1.081739951547256e-05,True,True
BH032,275,2.7500009536743164,0.7284407064764656,3944,2,5,SHELF_NORMAL_Y_NEG,1057,5,5.056624336026129,-12.140839043150008,-77.3059159473638,0.0005994389636074,-2.4304902596441547e-05,6.67554270109174e-05,-0.0001065385988411,6.08606195642832e-05,-7.760551807862588e-05,7.662585994694382e-05,1.393656248183106e-06,,0.0175297036767005,0.0033569058869034,0.0175799708813428,6.792705171774604e-05,0.0001158634674083,8.430604066234082e-05,0.6302073739052663,0.703082114455384,0.0065718027403705,0.6426838812073661,-12159.71689701732,1,1,TRUE_ELASTIC_UNLOADING,7.09510064471619e-05,True,True
BH032,276,2.760000228881836,0.7189574828980707,3944,2,5,SHELF_NORMAL_Y_NEG,1057,5,5.056624336026129,-12.086442181875352,-76.52520520754068,0.0005938573546693,-2.4400845754512374e-05,6.634545216843512e-05,-0.0001064835107507,6.085994942975909e-05,-7.760533953833472e-05,7.662585994694382e-05,1.393656248183106e-06,,0.0175297036767005,0.0033569058869034,0.0175798535346984,6.792705171774604e-05,0.0001158634674083,8.430604066234082e-05,0.6276413184345593,0.7270749025487766,0.0067056356268842,0.6417532518966375,,0,0,TRUE_ELASTIC_UNLOADING,-2.927458259049942e-05,True,True
BH032,277,2.77000093460083,0.7113640404363882,3944,2,5,SHELF_NORMAL_Y_NEG,1057,5,5.056624336026129,-12.024426403261884,-75.77953392269701,0.0005886087071234,-2.500456096098092e-05,6.612281785294688e-05,-0.0001067869420324,6.085966884730836e-05,-7.760513393012949e-05,7.662585994694382e-05,1.393656248183106e-06,,0.0175297036767005,0.0033569058869034,0.0175804384052753,6.792705171774604e-05,0.0001158634674083,8.430604066234082e-05,0.6186467487032165,0.7486488105894662,0.0068166873199272,0.6396220439064102,,0,0,TRUE_ELASTIC_UNLOADING,-3.130635672543569e-05,True,True
BH032,278,2.7800002098083496,0.6974575524193256,3944,2,5,SHELF_NORMAL_Y_NEG,1057,5,5.056624336026129,-11.620636370232097,-74.30429616612673,0.0005776627898551,-2.7722618397998163e-05,6.543699750370164e-05,-0.00010665122322,6.0860457390998445e-05,-7.760518972851141e-05,7.662585994694382e-05,1.393656248183106e-06,,0.0175297036767005,0.0033569058869034,0.0175817273557186,6.792705171774604e-05,0.0001158634674083,8.430604066234082e-05,0.6152232918282998,0.7073886080244419,0.0069896064588836,0.6341204050371414,,0,0,TRUE_ELASTIC_UNLOADING,-5.17204737742194e-05,True,True
BH032,279,2.790000915527344,0.678853519979695,3944,2,5,SHELF_NORMAL_Y_NEG,1057,5,5.056624336026129,-11.136989565302024,-72.5566523420285,0.0005657837513036,-2.945497564083976e-05,6.537666268088385e-05,-0.0001053021833183,6.086133959220565e-05,-7.7605180641829e-05,7.662585994694382e-05,1.393656248183106e-06,,0.0175297036767005,0.0033569058869034,0.0175813175737857,6.792705171774604e-05,0.0001158634674083,8.430604066234082e-05,0.5992351934795151,0.6585223743673265,0.0072339247125066,0.627964760169202,,0,0,TRUE_ELASTIC_UNLOADING,-2.5138922917777865e-05,True,True
BH032,280,2.800000190734864,0.6650323672493479,3944,2,5,SHELF_NORMAL_Y_NEG,1057,5,5.056624336026129,-10.605060649851437,-71.04858035990415,0.0005558097834956,-3.345887482209247e-05,6.533236075711985e-05,-0.0001061239493344,6.086187076987986e-05,-7.76050374358055e-05,7.662585994694382e-05,1.393656248183106e-06,,0.0175297036767005,0.0033569058869034,0.017579736188054,6.792705171774604e-05,0.0001158634674083,8.430604066234082e-05,0.5875114067397714,0.6413481210177925,0.0074486536629248,0.6235995241669083,,0,0,TRUE_ELASTIC_UNLOADING,-1.966491191085496e-05,True,True
BH032,281,2.8100008964538574,0.659869284686528,3944,2,5,SHELF_NORMAL_Y_NEG,1057,5,5.056624336026129,-10.513132017664615,-70.59606297099444,0.0005520884920608,-3.39559385399322e-05,6.489376261077477e-05,-0.0001058308687732,6.086213642112149e-05,-7.760499689793188e-05,7.662585994694382e-05,1.393656248183106e-06,,0.0175297036767005,0.0033569058869034,0.0175804980099201,6.792705171774604e-05,0.0001158634674083,8.430604066234082e-05,0.5902379320350352,0.6146750679815817,0.0075484321284166,0.6209797767527794,,0,0,ELASTIC_RELOADING,,False,False
BH032,282,2.820000171661377,0.6593660683596286,3944,2,5,SHELF_NORMAL_Y_NEG,1057,5,5.056624336026129,-10.613154262366,-70.64706885476191,0.0005535362116351,-3.2123384259707824e-05,6.593898960330702e-05,-0.0001047396298463,6.0861800605953175e-05,-7.760510773517527e-05,7.662585994694382e-05,1.393656248183106e-06,,0.0175297036767005,0.0033569058869034,0.0175810828804969,6.792705171774604e-05,0.0001158634674083,8.430604066234082e-05,0.5857079171145569,0.6508894113424719,0.0075949086094616,0.6203763299818592,,0,0,TRUE_ELASTIC_UNLOADING,-0.0002051990569129,True,True
BH032,283,2.830000877380371,0.6558015926691856,3944,2,5,SHELF_NORMAL_Y_NEG,1057,5,5.056624336026129,-10.74719538014768,-70.44909790521378,0.0005512732071094,-3.11214620131253e-05,6.50217835685921e-05,-0.0001046869233989,6.086121598322324e-05,-7.760520357761887e-05,7.662585994694382e-05,1.393656248183106e-06,,0.0175297036767005,0.0033569058869034,0.0175814349204301,6.792705171774604e-05,0.0001158634674083,8.430604066234082e-05,0.5808360073271698,0.6787606878284105,0.0076912756282623,0.6198792959837518,,0,0,TRUE_ELASTIC_UNLOADING,-6.995286848132665e-05,True,True
BH032,284,2.84000015258789,0.6494830083526435,3944,2,5,SHELF_NORMAL_Y_NEG,1057,5,5.056624336026129,-10.517257566622805,-69.81978925424283,0.0005471567543377,-3.380785399808282e-05,6.522435982479982e-05,-0.0001058149142647,6.0861887360882126e-05,-7.760504734488725e-05,7.662585994694382e-05,1.393656248183106e-06,,0.0175297036767005,0.0033569058869034,0.0175808481872081,6.792705171774604e-05,0.0001158634674083,8.430604066234082e-05,0.5839375163786077,0.6387617319241846,0.0078017832960442,0.6162538186605305,,0,0,ELASTIC_RELOADING,,False,False
BH032,285,2.8500008583068848,0.644822909125936,3944,2,5,SHELF_NORMAL_Y_NEG,1057,5,5.056624336026129,-10.087100007371538,-69.12817443324433,0.0005419274635922,-3.65141741738872e-05,6.475309211632528e-05,-0.0001055705196644,6.086304258354577e-05,-7.760484475812372e-05,7.662585994694382e-05,1.393656248183106e-06,,0.0175297036767005,0.0033569058869034,0.0175803210586309,6.792705171774604e-05,0.0001158634674083,8.430604066234082e-05,0.5774977882051211,0.596119045205475,0.0078805132240432,0.6109804825702372,,0,0,TRUE_ELASTIC_UNLOADING,-1.8810620206588524e-05,True,True
BH032,286,2.8600001335144043,0.6423980033813838,3944,2,5,SHELF_NORMAL_Y_NEG,1057,5,5.056624336026129,-10.264572593184129,-69.03636485929373,0.0005404092311433,-3.560145646736056e-05,6.372584782577201e-05,-0.0001060282112172,6.086229911963928e-05,-7.760494109938075e-05,7.662585994694382e-05,1.393656248183106e-06,,0.0175297036767005,0.0033569058869034,0.0175803806632757,6.792705171774604e-05,0.0001158634674083,8.430604066234082e-05,0.5742414492894896,0.6122474326569232,0.0079730132569677,0.6113097998048813,,0,0,TRUE_ELASTIC_UNLOADING,-2.025503333946688e-06,True,True
BH032,287,2.8700008392333984,0.6400876771375387,3944,2,5,SHELF_NORMAL_Y_NEG,1057,5,5.056624336026129,-10.385518223175175,-68.88524585373499,0.0005395790450263,-3.486204816201136e-05,6.415470368475505e-05,-0.0001059103920571,6.086163399969561e-05,-7.760509561232676e-05,7.662585994694382e-05,1.393656248183106e-06,,0.0175297036767005,0.0033569058869034,0.0175828393548727,6.792705171774604e-05,0.0001158634674083,8.430604066234082e-05,0.5757802168612692,0.6668757351130872,0.0080572885627641,0.6118464182734336,,0,0,ELASTIC_RELOADING,,False,False
BH032,288,2.880000114440918,0.636540345315926,3944,2,5,SHELF_NORMAL_Y_NEG,1057,5,5.056624336026129,-10.124910683296685,-68.48464801398516,0.0005379228497881,-3.581351116705789e-05,6.499035267729537e-05,-0.0001053376857153,6.0862381702424376e-05,-7.760496101971605e-05,7.662585994694382e-05,1.393656248183106e-06,,0.0175297036767005,0.0033569058869034,0.0175805557519197,6.792705171774604e-05,0.0001158634674083,8.430604066234082e-05,0.5742320870441694,0.6307851798307251,0.0081235588052378,0.6080611355770882,,0,0,TRUE_ELASTIC_UNLOADING,1.8043361444841644e-05,True,True
BH032,289,2.890000820159912,0.6305787357283867,3944,2,5,SHELF_NORMAL_Y_NEG,1057,5,5.056624336026129,-9.912723116861365,-67.8216538253007,0.0005325782535273,-3.802916025470553e-05,6.427275195745183e-05,-0.0001060425140703,6.086295177266748e-05,-7.76048022338745e-05,7.662585994694382e-05,1.393656248183106e-06,,0.0175297036767005,0.0033569058869034,0.0175808481872081,6.792705171774604e-05,0.0001158634674083,8.430604066234082e-05,0.5681497437404244,0.5860402286732233,0.0082405198742803,0.6045433632860202,,0,0,TRUE_ELASTIC_UNLOADING,2.073183147932589e-06,True,True
BH032,290,2.900000095367432,0.6244290168453922,3944,2,5,SHELF_NORMAL_Y_NEG,1057,5,5.056624336026129,-9.77620200067307,-67.26015143581171,0.0005296091899915,-3.709961630883108e-05,6.501899612466856e-05,-0.0001043353209926,6.086295795878862e-05,-7.760481779531378e-05,7.662585994694382e-05,1.393656248183106e-06,,0.0175297036767005,0.0033569058869034,0.0175809077918529,6.792705171774604e-05,0.0001158634674083,8.430604066234082e-05,0.5621026963455449,0.6022048619441736,0.0083665192044727,0.603087897866027,,0,0,TRUE_ELASTIC_UNLOADING,0.0002026746862986,True,True
BH032,291,2.910000801086426,0.6226852923479295,3944,2,5,SHELF_NORMAL_Y_NEG,1057,5,5.056624336026129,-9.912451158449478,-67.19303381147603,0.0005296217294371,-3.643163021356446e-05,6.55315004841611e-05,-0.0001045731311501,6.086253733615685e-05,-7.760488490273191e-05,7.662585994694382e-05,1.393656248183106e-06,,0.0175297036767005,0.0033569058869034,0.0175814926624298,6.792705171774604e-05,0.0001158634674083,8.430604066234082e-05,0.5671531598341997,0.6137645488804617,0.0084332977332117,0.6022375454469787,,0,0,ELASTIC_RELOADING,,False,False
BH032,292,2.9200000762939453,0.620976465083541,3944,2,5,SHELF_NORMAL_Y_NEG,1057,5,5.056624336026129,-9.7747275562443,-66.9380120482493,0.0005270286162889,-3.784467247388256e-05,6.466332154236604e-05,-0.0001050720559852,6.086264018896499e-05,-7.760482762081003e-05,7.662585994694382e-05,1.393656248183106e-06,,0.0175297036767005,0.0033569058869034,0.0175814926624298,6.792705171774604e-05,0.0001158634674083,8.430604066234082e-05,0.5621997986315531,0.6027468485201875,0.0084828024677432,0.600070181688736,,0,0,TRUE_ELASTIC_UNLOADING,2.010283701581184e-05,True,True
BH032,293,2.9300007820129395,0.6164702036994939,3944,2,5,SHELF_NORMAL_Y_NEG,1057,5,5.056624336026129,-9.73266261049,-66.5539095773399,0.0005244699376202,-3.754137444685144e-05,6.469653094908452e-05,-0.0001045411845728,6.086259950313103e-05,-7.760481861319555e-05,7.662585994694382e-05,1.393656248183106e-06,,0.0175297036767005,0.0033569058869034,0.0175813175737857,6.792705171774604e-05,0.0001158634674083,8.430604066234082e-05,0.556176704487271,0.6063156414955737,0.008595287706453,0.5987197690909514,,0,0,TRUE_ELASTIC_UNLOADING,-1.8444921993099328e-05,True,True
BH032,294,2.940000057220459,0.610941118212374,3944,2,5,SHELF_NORMAL_Y_NEG,1057,5,5.056624336026129,-9.569362216857224,-66.01754178522121,0.0005207565060384,-3.926369672878718e-05,6.472430574630607e-05,-0.0001051011073778,6.086277477270644e-05,-7.760477607807745e-05,7.662585994694382e-05,1.393656248183106e-06,,0.0175297036767005,0.0033569058869034,0.0175824891775846,6.792705171774604e-05,0.0001158634674083,8.430604066234082e-05,0.5598209776395557,0.5971048767328704,0.0087073983987251,0.5965893009685286,,0,0,ELASTIC_RELOADING,,False,False
BH032,295,2.950000762939453,0.6088377058432008,3944,2,5,SHELF_NORMAL_Y_NEG,1057,5,5.056624336026129,-9.391680075631404,-65.73838690356084,0.0005200637826511,-3.908850358976869e-05,6.573428506358346e-05,-0.0001039246360072,6.086359887675035e-05,-7.760465287553468e-05,7.662585994694382e-05,1.393656248183106e-06,,0.0175297036767005,0.0033569058869034,0.0175799112766981,6.792705171774604e-05,0.0001158634674083,8.430604066234082e-05,0.5548592981557923,0.5583017717195714,0.0087618316658752,0.5932923084196264,,0,0,TRUE_ELASTIC_UNLOADING,2.034263508099432e-05,True,True
BH032,296,2.9600000381469727,0.6068897762879376,3944,2,5,SHELF_NORMAL_Y_NEG,1057,5,5.056624336026129,-9.405459968392917,-65.54934842864643,0.0005182615800897,-3.983722267473025e-05,6.535499788141259e-05,-0.0001046524099963,6.086316590898101e-05,-7.760461235233176e-05,7.662585994694382e-05,1.393656248183106e-06,,0.0175297036767005,0.0033569058869034,0.0175814349204301,6.792705171774604e-05,0.0001158634674083,8.430604066234082e-05,0.5505931338178446,0.5868205085204349,0.0088339414503011,0.5930365122196328,,0,0,TRUE_ELASTIC_UNLOADING,0.0001258579795294,True,True
BH032,297,2.970000743865967,0.6040729270248014,3944,2,5,SHELF_NORMAL_Y_NEG,1057,5,5.056624336026129,-9.542036272885507,-65.4350765168694,0.0005177014150811,-3.7791566674055897e-05,6.556922129093387e-05,-0.0001035663394227,6.0862630634876033e-05,-7.760468179127323e-05,7.662585994694382e-05,1.393656248183106e-06,,0.0175297036767005,0.0033569058869034,0.0175824295729398,6.792705171774604e-05,0.0001158634674083,8.430604066234082e-05,0.5541050470897865,0.6123470316003745,0.0089266767135601,0.5931635892386539,,0,0,ELASTIC_RELOADING,,False,False
BH032,298,2.9800000190734863,0.6009694763913732,3944,2,5,SHELF_NORMAL_Y_NEG,1057,5,5.056624336026129,-9.342590143421049,-65.05758665031024,0.0005147758269126,-3.97158561867444e-05,6.521385726608364e-05,-0.0001041511218685,6.0863306936590656e-05,-7.760456662408032e-05,7.662585994694382e-05,1.393656248183106e-06,,0.0175297036767005,0.0033569058869034,0.0175817273557186,6.792705171774604e-05,0.0001158634674083,8.430604066234082e-05,0.5497664426749436,0.5846761399978182,0.0089955422575131,0.5900350841600701,,0,0,TRUE_ELASTIC_UNLOADING,3.309755240654688e-06,True,True
BH032,299,2.9900007247924805,0.5972363332671251,3944,2,5,SHELF_NORMAL_Y_NEG,1057,5,5.056624336026129,-9.078347816017311,-64.60282479340326,0.0005127421166544,-4.043399082613499e-05,6.618119855551774e-05,-0.0001031851602333,6.0863865071605735e-05,-7.760442843767488e-05,7.662585994694382e-05,1.393656248183106e-06,,0.0175297036767005,0.0033569058869034,0.0175807308405637,6.792705171774604e-05,0.0001158634674083,8.430604066234082e-05,0.5450449627835557,0.5443207003364879,0.0090757056780817,0.5871405686165933,,0,0,TRUE_ELASTIC_UNLOADING,-1.846285877760145e-05,True,True
BH032,300,3.0,0.5940631510738695,3944,2,5,SHELF_NORMAL_Y_NEG,1057,5,5.056624336026129,-9.191385152264631,-64.39411113116202,0.0005118547425207,-3.817201803141593e-05,6.676306461258683e-05,-0.0001016780324907,6.086331171349172e-05,-7.760453689484736e-05,7.662585994694382e-05,1.393656248183106e-06,,0.0175297036767005,0.0033569058869034,0.0175819620490074,6.792705171774604e-05,0.0001158634674083,8.430604066234082e-05,0.5450813483907595,0.5780941886451767,0.0091744988421083,0.5871930729774923,8630.085169284292,1,1,ELASTIC_RELOADING,,False,False
BH032,301,3.010000705718994,0.5925639865718376,3944,2,5,SHELF_NORMAL_Y_NEG,1057,5,5.056624336026129,-9.159437240103088,-64.27904973277113,0.0005116138443067,-3.673195956276098e-05,6.731071879888481e-05,-0.0001000239388079,6.086320002795016e-05,-7.760457640256841e-05,7.662585994694382e-05,1.393656248183106e-06,,0.0175297036767005,0.0033569058869034,0.0175824891775846,6.792705171774604e-05,0.0001158634674083,8.430604066234082e-05,0.5450656726280132,0.5906398578270444,0.0092323100629019,0.5862623750696451,,0,0,AMBIGUOUS,,False,False
BH032,302,3.0199999809265137,0.5907026279244346,3944,2,5,SHELF_NORMAL_Y_NEG,1057,5,5.056624336026129,-9.067130704934808,-64.04390775143462,0.0005095868858641,-3.836077563366199e-05,6.689652704215202e-05,-0.0001010273299866,6.086359729328897e-05,-7.760450730481638e-05,7.662585994694382e-05,1.393656248183106e-06,,0.0175297036767005,0.0033569058869034,0.0175822544842958,6.792705171774604e-05,0.0001158634674083,8.430604066234082e-05,0.5424567267261355,0.5606313868327715,0.0092842087481496,0.5839562293229653,,0,0,TRUE_ELASTIC_UNLOADING,8.110437123232117e-06,True,True
BH032,303,3.030000686645508,0.5866143562930148,3944,2,5,SHELF_NORMAL_Y_NEG,1057,5,5.056624336026129,-9.037142416166436,-63.71577304985088,0.0005072042612633,-3.928161741582957e-05,6.676939582873266e-05,-0.0001017535982856,6.086343991955559e-05,-7.760450662458232e-05,7.662585994694382e-05,1.393656248183106e-06,,0.0175297036767005,0.0033569058869034,0.0175817850977182,6.792705171774604e-05,0.0001158634674083,8.430604066234082e-05,0.5380521612041225,0.5720905767500937,0.0093876733734056,0.5828594959755051,,0,0,TRUE_ELASTIC_UNLOADING,8.975790536713824e-06,True,True
BH032,304,3.039999961853028,0.5832742746344284,3944,2,5,SHELF_NORMAL_Y_NEG,1057,5,5.056624336026129,-8.956751224103996,-63.44860787556181,0.0005062647686019,-3.8041404488111134e-05,6.756152442744738e-05,-0.0001000728284911,6.086360963726362e-05,-7.76044734434738e-05,7.662585994694382e-05,1.393656248183106e-06,,0.0175297036767005,0.0033569058869034,0.0175820793956518,6.792705171774604e-05,0.0001158634674083,8.430604066234082e-05,0.5394610785524756,0.5651708459106977,0.0094742183053008,0.5814327030578531,,0,0,ELASTIC_RELOADING,,False,False
BH032,305,3.050000667572021,0.5822641847278791,3944,2,5,SHELF_NORMAL_Y_NEG,1057,5,5.056624336026129,-8.862245181470957,-63.26517022648824,0.0005041374723117,-4.029747734970112e-05,6.650543452504958e-05,-0.0001018724295716,6.086398846079311e-05,-7.760441168512743e-05,7.662585994694382e-05,1.393656248183106e-06,,0.0175297036767005,0.0033569058869034,0.0175809655338525,6.792705171774604e-05,0.0001158634674083,8.430604066234082e-05,0.5365038614954172,0.545976984650687,0.0095158867349959,0.5794455248487711,,0,0,TRUE_ELASTIC_UNLOADING,-1.461453704543203e-05,True,True
BH032,306,3.059999942779541,0.5806488378416752,3944,2,5,SHELF_NORMAL_Y_NEG,1057,5,5.056624336026129,-8.901965247506478,-63.18523753475939,0.0005034100086439,-4.0655946495099e-05,6.631716947048168e-05,-0.0001025187928994,6.086377124479337e-05,-7.760448091549591e-05,7.662585994694382e-05,1.393656248183106e-06,,0.0175297036767005,0.0033569058869034,0.0175813175737857,6.792705171774604e-05,0.0001158634674083,8.430604066234082e-05,0.5357649196144183,0.5614772305564693,0.0095765655668664,0.5789229459724106,,0,0,TRUE_ELASTIC_UNLOADING,3.540344902841497e-05,True,True
BH032,307,3.070000648498535,0.5768199166056395,3944,2,5,SHELF_NORMAL_Y_NEG,1057,5,5.056624336026129,-8.904018588564039,-62.85911766405077,0.0005015256446251,-4.072222862994135e-05,6.671677684473636e-05,-0.0001025695820636,6.0863237745211576e-05,-7.760453909539983e-05,7.662585994694382e-05,1.393656248183106e-06,,0.0175297036767005,0.0033569058869034,0.0175821371376514,6.792705171774604e-05,0.0001158634674083,8.430604066234082e-05,0.5348128049965941,0.588402095272565,0.0096676930213359,0.5785526733185902,,0,0,TRUE_ELASTIC_UNLOADING,-1.125472816942974e-06,True,True
BH032,308,3.0799999237060547,0.5720312770035968,3944,2,5,SHELF_NORMAL_Y_NEG,1057,5,5.056624336026129,-8.626180560891033,-62.22737699741205,0.0004959136445934,-4.3057100329397776e-05,6.561271682487788e-05,-0.000102842845357,6.086397037741669e-05,-7.760438025285898e-05,7.662585994694382e-05,1.393656248183106e-06,,0.0175297036767005,0.0033569058869034,0.0175834838300943,6.792705171774604e-05,0.0001158634674083,8.430604066234082e-05,0.5302613111790608,0.5421370497924165,0.0097279506424639,0.5753155178828175,,0,0,TRUE_ELASTIC_UNLOADING,1.0809726634808392e-05,True,True
BH032,309,3.090000629425049,0.5691089710176571,3944,2,5,SHELF_NORMAL_Y_NEG,1057,5,5.056624336026129,-8.456349484883434,-61.973812514877245,0.0004939957940725,-4.344179506551946e-05,6.516078956627931e-05,-0.00010234041918,6.0864449055948695e-05,-7.760430220312381e-05,7.662585994694382e-05,1.393656248183106e-06,,0.0175297036767005,0.0033569058869034,0.0175813753157854,6.792705171774604e-05,0.0001158634674083,8.430604066234082e-05,0.5278585851124575,0.5278215303259959,0.0097985497150755,0.5730695833709312,,0,0,TRUE_ELASTIC_UNLOADING,2.060423748273532e-05,True,True
BH032,310,3.0999999046325684,0.5682262654524548,3944,2,5,SHELF_NORMAL_Y_NEG,1057,5,5.056624336026129,-8.654173788780016,-62.06651825480876,0.0004942165693106,-4.274305321049659e-05,6.500038128294113e-05,-0.0001027494868646,6.086378112343315e-05,-7.760441399847615e-05,7.662585994694382e-05,1.393656248183106e-06,,0.0175297036767005,0.0033569058869034,0.0175828989595174,6.792705171774604e-05,0.0001158634674083,8.430604066234082e-05,0.5309832153339389,0.5571164998907633,0.0098812345243954,0.5740627109714758,,0,0,ELASTIC_RELOADING,,False,False
BH032,311,3.1100006103515625,0.5661753453446837,3944,2,5,SHELF_NORMAL_Y_NEG,1057,5,5.056624336026129,-8.509545381216459,-61.719645891310606,0.0004917395533643,-4.559171826758277e-05,6.480065691735195e-05,-0.0001047188600365,6.0863937869217567e-05,-7.760440678999177e-05,7.662585994694382e-05,1.393656248183106e-06,,0.0175297036767005,0.0033569058869034,0.0175828393548727,6.792705171774604e-05,0.0001158634674083,8.430604066234082e-05,0.5263138500822553,0.5563189545272278,0.0099190171552522,0.5720029554137235,,0,0,TRUE_ELASTIC_UNLOADING,2.162513532166788e-05,True,True
BH032,312,3.119999885559082,0.5645874775252527,3944,2,5,SHELF_NORMAL_Y_NEG,1057,5,5.056624336026129,-8.533017836348025,-61.6061330400128,0.0004908152860655,-4.392663672209509e-05,6.463392360313644e-05,-0.0001032431475461,6.086377030836013e-05,-7.760439478842694e-05,7.662585994694382e-05,1.393656248183106e-06,,0.0175297036767005,0.0033569058869034,0.0175830163061618,6.792705171774604e-05,0.0001158634674083,8.430604066234082e-05,0.5253562170213787,0.5465997080205536,0.0099885963148291,0.5710210736002591,,0,0,TRUE_ELASTIC_UNLOADING,-2.070991272917766e-06,True,True
BH032,313,3.130000591278076,0.5614588738767351,3944,2,5,SHELF_NORMAL_Y_NEG,1057,5,5.056624336026129,-8.430225650673863,-61.41209944969111,0.0004903879274412,-4.347292640794159e-05,6.562471531621394e-05,-0.0001020019878483,6.086387296965017e-05,-7.76043605792687e-05,7.662585994694382e-05,1.393656248183106e-06,,0.0175297036767005,0.0033569058869034,0.0175832491368055,6.792705171774604e-05,0.0001158634674083,8.430604066234082e-05,0.5260987716033755,0.5549519649221109,0.0100807607735181,0.5702247784686687,,0,0,ELASTIC_RELOADING,,False,False
BH032,314,3.1400012969970703,0.5593067390849272,3944,2,5,SHELF_NORMAL_Y_NEG,1057,5,5.056624336026129,-8.29548830833869,-61.07384388571329,0.0004884013934992,-4.439896184943947e-05,6.557309904549607e-05,-0.0001023999136023,6.086445665423432e-05,-7.760426135835843e-05,7.662585994694382e-05,1.393656248183106e-06,,0.0175297036767005,0.0033569058869034,0.0175804384052753,6.792705171774604e-05,0.0001158634674083,8.430604066234082e-05,0.5219381686263416,0.5166199044746527,0.0101303758228528,0.5676734183216131,,0,0,TRUE_ELASTIC_UNLOADING,-2.377057663816018e-06,True,True
BH032,315,3.15000057220459,0.5584080859159624,3944,2,5,SHELF_NORMAL_Y_NEG,1057,5,5.056624336026129,-8.357890730259653,-61.08438170708519,0.0004887232026002,-4.42729671439985e-05,6.61189373003794e-05,-0.0001024084008067,6.086403697980677e-05,-7.76043474153103e-05,7.662585994694382e-05,1.393656248183106e-06,,0.0175297036767005,0.0033569058869034,0.0175835415720939,6.792705171774604e-05,0.0001158634674083,8.430604066234082e-05,0.520487145261791,0.544729326310177,0.0101963572193121,0.5679013899790775,,0,0,TRUE_ELASTIC_UNLOADING,5.0839566861360375e-05,True,True
BH032,316,3.160001277923584,0.5567139097442966,3944,2,5,SHELF_NORMAL_Y_NEG,1057,5,5.056624336026129,-8.439888991635163,-61.007593180911165,0.0004875918168879,-4.3549021776786686e-05,6.553999828585544e-05,-0.0001022296132639,6.086366361594472e-05,-7.760440298732883e-05,7.662585994694382e-05,1.393656248183106e-06,,0.0175297036767005,0.0033569058869034,0.0175838358700275,6.792705171774604e-05,0.0001158634674083,8.430604066234082e-05,0.523357108414817,0.5611393205694581,0.0102577440023575,0.5673919719460918,,0,0,ELASTIC_RELOADING,,False,False
BH032,317,3.1700005531311035,0.5542480715762405,3944,2,5,SHELF_NORMAL_Y_NEG,1057,5,5.056624336026129,-8.264634605899401,-60.66957856244586,0.0004848680823935,-4.483687191989493e-05,6.5101271489064e-05,-0.0001023575264425,6.086390429668139e-05,-7.760432508981306e-05,7.662585994694382e-05,1.393656248183106e-06,,0.0175297036767005,0.0033569058869034,0.0175837762653827,6.792705171774604e-05,0.0001158634674083,8.430604066234082e-05,0.517370495355508,0.5415998703416198,0.0103187014446903,0.5653621798605635,,0,0,TRUE_ELASTIC_UNLOADING,-5.458756451548474e-05,True,True
BH032,318,3.1800012588500977,0.5520871157277626,3944,2,5,SHELF_NORMAL_Y_NEG,1057,5,5.056624336026129,-8.230415249443654,-60.499548165248896,0.0004835463271272,-4.5438854962774914e-05,6.500626673290911e-05,-0.0001026715449712,6.086412265813009e-05,-7.76042708461731e-05,7.662585994694382e-05,1.393656248183106e-06,,0.0175297036767005,0.0033569058869034,0.0175835415720939,6.792705171774604e-05,0.0001158634674083,8.430604066234082e-05,0.5183687476880142,0.526431360454567,0.0103981085893627,0.5644694368733059,,0,0,ELASTIC_RELOADING,,False,False
BH032,319,3.190000534057617,0.5494912577011009,3944,2,5,SHELF_NORMAL_Y_NEG,1057,5,5.056624336026129,-8.188911816069016,-60.24034191691558,0.0004823995469662,-4.502041752182484e-05,6.532977410245893e-05,-0.0001022876781677,6.086428073419739e-05,-7.760422912162305e-05,7.662585994694382e-05,1.393656248183106e-06,,0.0175297036767005,0.0033569058869034,0.0175824295729398,6.792705171774604e-05,0.0001158634674083,8.430604066234082e-05,0.5159103604246206,0.529998195849436,0.0104574718527102,0.5632145004721686,,0,0,TRUE_ELASTIC_UNLOADING,-6.132586063412049e-06,True,True
BH032,320,3.200001239776612,0.5487599049684484,3944,2,5,SHELF_NORMAL_Y_NEG,1057,5,5.056624336026129,-8.188685675046424,-60.19023477245264,0.000480572014006,-4.71529015099502e-05,6.412763236422856e-05,-0.0001041395704967,6.086396633933711e-05,-7.76042813792808e-05,7.662585994694382e-05,1.393656248183106e-06,,0.0175297036767005,0.0033569058869034,0.017584890127182,6.792705171774604e-05,0.0001158634674083,8.430604066234082e-05,0.5159685643714801,0.5403074417816724,0.0105151338241318,0.5629107602530382,,0,0,ELASTIC_RELOADING,,False,False
BH032,321,3.210000514984131,0.548136289118102,3944,2,5,SHELF_NORMAL_Y_NEG,1057,5,5.056624336026129,-8.234533749178334,-60.22356255608968,0.0004800417745977,-4.583808935038785e-05,6.327813686533344e-05,-0.0001032305602145,6.086387960215364e-05,-7.760431984865185e-05,7.662585994694382e-05,1.393656248183106e-06,,0.0175297036767005,0.0033569058869034,0.0175843629986047,6.792705171774604e-05,0.0001158634674083,8.430604066234082e-05,0.5132657448764137,0.5484898202565822,0.0105700818379729,0.5625198768158138,,0,0,TRUE_ELASTIC_UNLOADING,-2.469433707896762e-05,True,True
BH032,322,3.220001220703125,0.5456005969414434,3944,2,5,SHELF_NORMAL_Y_NEG,1057,5,5.056624336026129,-8.057147128230378,-59.913015195168505,0.0004777371124345,-4.789856470018895e-05,6.302569017998993e-05,-0.0001041592860311,6.086443815482416e-05,-7.760423415585753e-05,7.662585994694382e-05,1.393656248183106e-06,,0.0175297036767005,0.0033569058869034,0.0175832491368055,6.792705171774604e-05,0.0001158634674083,8.430604066234082e-05,0.5153792705867122,0.5324409788432373,0.0106265782084958,0.5604827671270776,,0,0,ELASTIC_RELOADING,,False,False
BH032,323,3.2300004959106445,0.5433678446089869,3944,2,5,SHELF_NORMAL_Y_NEG,1057,5,5.056624336026129,-8.010460573818209,-59.75742957953555,0.0004767179787143,-4.825942018456242e-05,6.289485148883777e-05,-0.0001043846049741,6.086445626039536e-05,-7.760422318328445e-05,7.662585994694382e-05,1.393656248183106e-06,,0.0175297036767005,0.0033569058869034,0.0175816677510738,6.792705171774604e-05,0.0001158634674083,8.430604066234082e-05,0.5113916952205649,0.5245258136712347,0.010706309631809,0.5599922755337756,,0,0,TRUE_ELASTIC_UNLOADING,1.428302735750897e-06,True,True
BH032,324,3.2400012016296387,0.5423021657137692,3944,2,5,SHELF_NORMAL_Y_NEG,1057,5,5.056624336026129,-8.020421807464281,-59.56025836211046,0.0004750625832263,-4.798520772146065e-05,6.268508344066617e-05,-0.0001040965562075,6.0864428262255376e-05,-7.76042131250681e-05,7.662585994694382e-05,1.393656248183106e-06,,0.0175297036767005,0.0033569058869034,0.0175822544842958,6.792705171774604e-05,0.0001158634674083,8.430604066234082e-05,0.510221477313538,0.533382520410669,0.0107572389043582,0.5590964358549793,,0,0,TRUE_ELASTIC_UNLOADING,-1.009507870231019e-05,True,True
BH032,325,3.2500009536743164,0.5411914047942838,3944,2,5,SHELF_NORMAL_Y_NEG,1057,5,5.056624336026129,-7.977557325607484,-59.53522115247842,0.0004751875378274,-4.86434411343978e-05,6.280810361873661e-05,-0.0001046334940512,6.086441912132711e-05,-7.760423979084793e-05,7.662585994694382e-05,1.393656248183106e-06,,0.0175297036767005,0.0033569058869034,0.0175813175737857,6.792705171774604e-05,0.0001158634674083,8.430604066234082e-05,0.5111593826548593,0.5277189175295702,0.0108045741851593,0.5580257034920534,983.5240181043654,1,1,ELASTIC_RELOADING,,False,False
BH032,326,3.260000705718994,0.5391949818363739,3944,2,5,SHELF_NORMAL_Y_NEG,1057,5,5.056624336026129,-8.029417261376246,-59.36931694804863,0.00047258432095,-4.9403074249930587e-05,6.180369123961349e-05,-0.0001052996047436,6.086422929758752e-05,-7.760422933664093e-05,7.662585994694382e-05,1.393656248183106e-06,,0.0175297036767005,0.0033569058869034,0.0175853576511144,6.792705171774604e-05,0.0001158634674083,8.430604066234082e-05,0.5113634140146889,0.5507831975032853,0.0108887386946752,0.5577876737636602,,0,0,ELASTIC_RELOADING,,False,False
BH032,327,3.2699999809265137,0.5371913507110737,3944,2,5,SHELF_NORMAL_Y_NEG,1057,5,5.056624336026129,-7.831158542487779,-59.0422504175114,0.0004700222159049,-5.093419456211673e-05,6.115120600263616e-05,-0.0001058114818258,6.086488388914144e-05,-7.760412233268405e-05,7.662585994694382e-05,1.393656248183106e-06,,0.0175297036767005,0.0033569058869034,0.0175817850977182,6.792705171774604e-05,0.0001158634674083,8.430604066234082e-05,0.5078168665746672,0.5158893231045181,0.0109506567667651,0.555703157781278,,0,0,TRUE_ELASTIC_UNLOADING,1.844985063004234e-05,True,True
BH032,328,3.2800004482269287,0.5358396641200878,3944,2,5,SHELF_NORMAL_Y_NEG,1057,5,5.056624336026129,-7.878044127673043,-58.92474440939849,0.0004694024436407,-5.107594040722327e-05,6.13572067729938e-05,-0.0001062638020555,6.08648971425385e-05,-7.760415235684907e-05,7.662585994694382e-05,1.393656248183106e-06,,0.0175297036767005,0.0033569058869034,0.0175834260880947,6.792705171774604e-05,0.0001158634674083,8.430604066234082e-05,0.5049354835106603,0.5252452283083284,0.0110202957064512,0.5552165250044026,,0,0,TRUE_ELASTIC_UNLOADING,-2.714792832536617e-05,True,True
BH032,329,3.290000915527344,0.5341820230740876,3944,2,5,SHELF_NORMAL_Y_NEG,1057,5,5.056624336026129,-7.916865510722656,-58.93257903521726,0.0004694775293692,-4.994479742456942e-05,6.127701427314933e-05,-0.0001055021314757,6.086461607122794e-05,-7.760420247516402e-05,7.662585994694382e-05,1.393656248183106e-06,,0.0175297036767005,0.0033569058869034,0.0175827220082283,6.792705171774604e-05,0.0001158634674083,8.430604066234082e-05,0.5058352253443205,0.5454027297839927,0.0110832684166409,0.5546789144511426,,0,0,ELASTIC_RELOADING,,False,False
BH032,330,3.300000190734864,0.5327547033490784,3944,2,5,SHELF_NORMAL_Y_NEG,1057,5,5.056624336026129,-7.8019418392967,-58.72632553188136,0.0004673840166409,-5.0921011922971287e-05,6.0817371171040095e-05,-0.0001054757885499,6.086476487808783e-05,-7.760416393597304e-05,7.662585994694382e-05,1.393656248183106e-06,,0.0175297036767005,0.0033569058869034,0.0175833087414503,6.792705171774604e-05,0.0001158634674083,8.430604066234082e-05,0.5065700472233187,0.5270632372969309,0.0111459043756259,0.5534193547445703,,0,0,ELASTIC_RELOADING,,False,False
BH032,331,3.3100006580352783,0.5304899004297952,3944,2,5,SHELF_NORMAL_Y_NEG,1057,5,5.056624336026129,-7.752681101811746,-58.52460340797615,0.0004668970278571,-5.2252775739689526e-05,6.16634133186519e-05,-0.0001065284019865,6.0865019670421136e-05,-7.760412038413782e-05,7.662585994694382e-05,1.393656248183106e-06,,0.0175297036767005,0.0033569058869034,0.0175838358700275,6.792705171774604e-05,0.0001158634674083,8.430604066234082e-05,0.5041395635097722,0.5257661945539154,0.0112181045940176,0.5522759967695412,,0,0,TRUE_ELASTIC_UNLOADING,-8.657275488066496e-05,True,True
BH032,332,3.319999933242798,0.5289929983859263,3944,2,5,SHELF_NORMAL_Y_NEG,1057,5,5.056624336026129,-7.761765959578527,-58.36621860958249,0.0004645573621293,-5.173988090257297e-05,6.021749331514966e-05,-0.0001062793857765,6.086488701202288e-05,-7.76041467001754e-05,7.662585994694382e-05,1.393656248183106e-06,,0.0175297036767005,0.0033569058869034,0.0175836589187383,6.792705171774604e-05,0.0001158634674083,8.430604066234082e-05,0.5025231302823214,0.526154299319523,0.0112836024923872,0.551531400417985,,0,0,TRUE_ELASTIC_UNLOADING,-1.4670909231462304e-05,True,True
BH032,333,3.330000400543213,0.5281173002873201,3944,2,5,SHELF_NORMAL_Y_NEG,1057,5,5.056624336026129,-7.777356952460368,-58.32090620179897,0.0004634569571549,-5.2640192983751874e-05,5.95454928782844e-05,-0.0001071722845689,6.086472168862868e-05,-7.760417029710526e-05,7.662585994694382e-05,1.393656248183106e-06,,0.0175297036767005,0.0033569058869034,0.0175843629986047,6.792705171774604e-05,0.0001158634674083,8.430604066234082e-05,0.4998008701015183,0.5364152408567051,0.0113382404801655,0.5507878184835552,,0,0,TRUE_ELASTIC_UNLOADING,-6.464903570035929e-06,True,True
BH032,334,3.340000867843628,0.5259194891269945,3944,2,5,SHELF_NORMAL_Y_NEG,1057,5,5.056624336026129,-7.699912100779817,-58.168634493522426,0.0004639645813535,-5.1940142709751454e-05,6.108161856800768e-05,-0.0001059609691398,6.086474579759774e-05,-7.76041481297205e-05,7.662585994694382e-05,1.393656248183106e-06,,0.0175297036767005,0.0033569058869034,0.0175831317901611,6.792705171774604e-05,0.0001158634674083,8.430604066234082e-05,0.5016848251472706,0.5294770609041086,0.0114043818676745,0.5497147193273809,,0,0,ELASTIC_RELOADING,,False,False
BH032,335,3.3500001430511475,0.5237737555563342,3944,2,5,SHELF_NORMAL_Y_NEG,1057,5,5.056624336026129,-7.623415507241887,-57.969317563114345,0.0004606475331455,-5.402345035570395e-05,5.906991120582748e-05,-0.0001075879244436,6.086508285465597e-05,-7.760412088294157e-05,7.662585994694382e-05,1.393656248183106e-06,,0.0175297036767005,0.0033569058869034,0.0175831317901611,6.792705171774604e-05,0.0001158634674083,8.430604066234082e-05,0.4996441478376689,0.5282939661413004,0.0114768472731085,0.5488159060213968,,0,0,TRUE_ELASTIC_UNLOADING,8.690094983254681e-05,True,True
BH032,336,3.3600006103515625,0.5224569340099232,3944,2,5,SHELF_NORMAL_Y_NEG,1057,5,5.056624336026129,-7.597981224442005,-57.77563947245741,0.0004565383465596,-5.7156347418305976e-05,5.618385660066213e-05,-0.0001106606651558,6.086523232551916e-05,-7.760414861974547e-05,7.662585994694382e-05,1.393656248183106e-06,,0.0175297036767005,0.0033569058869034,0.0175828989595174,6.792705171774604e-05,0.0001158634674083,8.430604066234082e-05,0.500270929345917,0.5186533625793219,0.0115317212986084,0.5478487081077748,,0,0,ELASTIC_RELOADING,,False,False
BH032,337,3.369999885559082,0.5212210361446049,3944,2,5,SHELF_NORMAL_Y_NEG,1057,5,5.056624336026129,-7.634901150737452,-57.68003747920809,0.0004538921682299,-5.8427341578339616e-05,5.423055077971307e-05,-0.0001121548369422,6.0865164883994486e-05,-7.760418531289411e-05,7.662585994694382e-05,1.393656248183106e-06,,0.0175297036767005,0.0033569058869034,0.0175831317901611,6.792705171774604e-05,0.0001158634674083,8.430604066234082e-05,0.4965417774570807,0.5385738647040901,0.0115915627584713,0.5473290189162883,,0,0,TRUE_ELASTIC_UNLOADING,4.693378508724422e-05,True,True
BH032,338,3.380000352859497,0.5195809698716363,3944,2,5,SHELF_NORMAL_Y_NEG,1057,5,5.056624336026129,-7.568341220139904,-57.501774862863776,0.0004534464668511,-5.786289757349675e-05,5.510633471014277e-05,-0.0001110410460088,6.086492953634466e-05,-7.760416124965044e-05,7.662585994694382e-05,1.393656248183106e-06,,0.0175297036767005,0.0033569058869034,0.0175836011767387,6.792705171774604e-05,0.0001158634674083,8.430604066234082e-05,0.4945794420570886,0.5289792680104519,0.0116562262317147,0.5464769865525807,,0,0,TRUE_ELASTIC_UNLOADING,7.576875412640405e-07,True,True
BH032,339,3.390000820159912,0.5178816221177401,3944,2,5,SHELF_NORMAL_Y_NEG,1057,5,5.056624336026129,-7.489884952936944,-57.42161063880495,0.0004535614314307,-5.933010164917022e-05,5.571056717876039e-05,-0.0001120307883489,6.086517367963267e-05,-7.760411609272781e-05,7.662585994694382e-05,1.393656248183106e-06,,0.0175297036767005,0.0033569058869034,0.0175831317901611,6.792705171774604e-05,0.0001158634674083,8.430604066234082e-05,0.4972583212480175,0.5195740562984688,0.0117137486045575,0.5453561150663082,,0,0,ELASTIC_RELOADING,,False,False
BH032,340,3.400000095367432,0.5165611880755128,3944,2,5,SHELF_NORMAL_Y_NEG,1057,5,5.056624336026129,-7.48743187242479,-57.283317972245534,0.0004539981169768,-5.6561031667768345e-05,5.7144602642111554e-05,-0.000109203351764,6.086503408083833e-05,-7.760413445249845e-05,7.662585994694382e-05,1.393656248183106e-06,,0.0175297036767005,0.0033569058869034,0.0175848305225372,6.792705171774604e-05,0.0001158634674083,8.430604066234082e-05,0.4964839695150841,0.5303399157960684,0.0117711628958114,0.5446986640261486,,0,0,TRUE_ELASTIC_UNLOADING,-2.202114631200125e-05,True,True
BH032,341,3.4100005626678467,0.5154521850755285,3944,2,5,SHELF_NORMAL_Y_NEG,1057,5,5.056624336026129,-7.525011341700898,-57.18125140253075,0.0004522665071338,-5.7856939704397856e-05,5.6093119683319577e-05,-0.0001107844281168,6.086459727976943e-05,-7.760417281575189e-05,7.662585994694382e-05,1.393656248183106e-06,,0.0175297036767005,0.0033569058869034,0.0175837762653827,6.792705171774604e-05,0.0001158634674083,8.430604066234082e-05,0.4947126529330296,0.5298868222610673,0.0118298557616283,0.5442699300565339,,0,0,TRUE_ELASTIC_UNLOADING,1.5492528702920616e-05,True,True
BH032,342,3.4200010299682617,0.5138913703693636,3944,2,5,SHELF_NORMAL_Y_NEG,1057,5,5.056624336026129,-7.458403176754457,-57.03269091411954,0.0004496159867371,-6.0701549379595446e-05,5.4446290626141656e-05,-0.0001131918371677,6.086494128393766e-05,-7.76041173059781e-05,7.662585994694382e-05,1.393656248183106e-06,,0.0175297036767005,0.0033569058869034,0.0175845958292484,6.792705171774604e-05,0.0001158634674083,8.430604066234082e-05,0.4922180271050017,0.5329261474800342,0.0118839549363758,0.5430576036631918,,0,0,TRUE_ELASTIC_UNLOADING,1.1445282244282318e-05,True,True
BH032,343,3.430000305175781,0.5120331257420011,3944,2,5,SHELF_NORMAL_Y_NEG,1057,5,5.056624336026129,-7.388345863003354,-56.88419906171907,0.0004466384866425,-6.199414316075311e-05,5.242311362450825e-05,-0.0001140722820861,6.086512841801268e-05,-7.760410285503852e-05,7.662585994694382e-05,1.393656248183106e-06,,0.0175297036767005,0.0033569058869034,0.0175842456519603,6.792705171774604e-05,0.0001158634674083,8.430604066234082e-05,0.4917928700635303,0.5168421965122973,0.0119478546136758,0.542351802698595,,0,0,TRUE_ELASTIC_UNLOADING,1.322338229969855e-05,True,True
BH032,344,3.4400007724761963,0.5103248869210442,3944,2,5,SHELF_NORMAL_Y_NEG,1057,5,5.056624336026129,-7.397016159449976,-56.74413059637138,0.0004440148988038,-6.381548225553937e-05,5.0940328274493225e-05,-0.0001157809668152,6.086505428009208e-05,-7.760411927517547e-05,7.662585994694382e-05,1.393656248183106e-06,,0.0175297036767005,0.0033569058869034,0.01758524030447,6.792705171774604e-05,0.0001158634674083,8.430604066234082e-05,0.4918823844637527,0.5310158183305094,0.0120022924846082,0.5415994570593479,,0,0,ELASTIC_RELOADING,,False,False
BH032,345,3.450000047683716,0.5092781173540362,3944,2,5,SHELF_NORMAL_Y_NEG,1057,5,5.056624336026129,-7.407728395494738,-56.66741538036503,0.0004433767499134,-6.246646573317876e-05,5.066462101378845e-05,-0.0001146738458894,6.086504276387588e-05,-7.760413176751514e-05,7.662585994694382e-05,1.393656248183106e-06,,0.0175297036767005,0.0033569058869034,0.0175848305225372,6.792705171774604e-05,0.0001158634674083,8.430604066234082e-05,0.4933625432769394,0.5293144437256452,0.0120559724478121,0.5409881701369383,,0,0,ELASTIC_RELOADING,,False,False
BH032,346,3.460000514984131,0.5080753643394897,3944,2,5,SHELF_NORMAL_Y_NEG,1057,5,5.056624336026129,-7.327122537828639,-56.45545903682046,0.0004418627273555,-6.515639306459197e-05,5.0499408799367776e-05,-0.0001169229155446,6.086526783394413e-05,-7.760410149927482e-05,7.662585994694382e-05,1.393656248183106e-06,,0.0175297036767005,0.0033569058869034,0.0175845958292484,6.792705171774604e-05,0.0001169229155446,8.430604066234082e-05,0.4876342294626356,0.522340706726824,0.0121137816357444,0.5401994066290208,,0,0,TRUE_ELASTIC_UNLOADING,-4.0262331528095885e-05,True,True
BH032,347,3.470000982284546,0.5067367347827231,3944,2,5,SHELF_NORMAL_Y_NEG,1057,5,5.056624336026129,-7.313900183294735,-56.37883426649568,0.0004434254508409,-6.243699806609171e-05,5.2723481472314834e-05,-0.0001139804369055,6.086522508388525e-05,-7.760408665094981e-05,7.662585994694382e-05,1.393656248183106e-06,,0.0175297036767005,0.0033569058869034,0.0175849478691816,6.792705171774604e-05,0.0001169229155446,8.430604066234082e-05,0.4892648771703896,0.5253926996162381,0.01216692851608,0.5393806367042551,,0,0,ELASTIC_RELOADING,,False,False
BH032,348,3.480000257492065,0.505394815716308,3944,2,5,SHELF_NORMAL_Y_NEG,1057,5,5.056624336026129,-7.276692560239861,-56.28547771894284,0.0004397542474932,-6.576640650367152e-05,4.9778833355899015e-05,-0.0001169714163179,6.086511545199511e-05,-7.760410192701438e-05,7.662585994694382e-05,1.393656248183106e-06,,0.0175297036767005,0.0033569058869034,0.0175851229578256,6.792705171774604e-05,0.0001169714163179,8.430604066234082e-05,0.4892700694727439,0.5237593686487549,0.0122189006885561,0.5388222175528607,,0,0,AMBIGUOUS,,False,False
BH032,349,3.4900007247924805,0.5041911261507915,3944,2,5,SHELF_NORMAL_Y_NEG,1057,5,5.056624336026129,-7.249823843494708,-56.162285184928415,0.0004407196880978,-6.482792734091884e-05,5.1442158937921e-05,-0.0001160008850162,6.086517289210643e-05,-7.760411109236604e-05,7.662585994694382e-05,1.393656248183106e-06,,0.0175297036767005,0.0033569058869034,0.017584890127182,6.792705171774604e-05,0.0001169714163179,8.430604066234082e-05,0.4879314315682383,0.5320265770636925,0.0122724323914683,0.5382280935879946,,0,0,TRUE_ELASTIC_UNLOADING,-0.0001136490752566,True,True
BH032,350,3.5,0.5029018631173556,3944,2,5,SHELF_NORMAL_Y_NEG,1057,5,5.056624336026129,-7.22176766442882,-56.045726490557136,0.0004396866221636,-6.344872565847083e-05,5.124776421237283e-05,-0.000114394780664,6.08651816330408e-05,-7.760408812936945e-05,7.662585994694382e-05,1.393656248183106e-06,,0.0175297036767005,0.0033569058869034,0.0175849478691816,6.792705171774604e-05,0.0001169714163179,8.430604066234082e-05,0.4889501481819268,0.5211565066670772,0.0123260844429637,0.5374982927477517,-11639.887460625616,1,1,ELASTIC_RELOADING,,False,False
BH032,351,3.510000467300415,0.5017362620122796,3944,2,5,SHELF_NORMAL_Y_NEG,1057,5,5.056624336026129,-7.199505779329233,-55.92594285890701,0.0004363596606864,-6.754360387849559e-05,4.875212614201485e-05,-0.0001183324489326,6.08654058145082e-05,-7.760406258379242e-05,7.662585994694382e-05,1.393656248183106e-06,,0.0175297036767005,0.0033569058869034,0.0175854749977588,6.792705171774604e-05,0.0001183324489326,8.430604066234082e-05,0.4833483810416326,0.5239059141880749,0.0123755778324003,0.5366345085259221,,0,0,TRUE_ELASTIC_UNLOADING,7.876611634149988e-06,True,True
BH032,352,3.52000093460083,0.5006157864809654,3944,2,5,SHELF_NORMAL_Y_NEG,1057,5,5.056624336026129,-7.17568668315162,-55.83941942396855,0.0004352304319296,-6.767135609858296e-05,4.822058909085476e-05,-0.0001182959495768,6.086524671757583e-05,-7.76040906763951e-05,7.662585994694382e-05,1.393656248183106e-06,,0.0175297036767005,0.0033569058869034,0.0175844207406044,6.792705171774604e-05,0.0001183324489326,8.430604066234082e-05,0.4865176573712724,0.5248006210072813,0.0124277678833928,0.5362325766502304,,0,0,ELASTIC_RELOADING,,False,False
BH032,353,3.5300002098083496,0.4994588243954704,3944,2,5,SHELF_NORMAL_Y_NEG,1057,5,5.056624336026129,-7.13605567464715,-55.69792839200144,0.0004337207109593,-6.898457437779686e-05,4.768816208624874e-05,-0.0001193359754349,6.0865331524696415e-05,-7.760408825707736e-05,7.662585994694382e-05,1.393656248183106e-06,,0.0175297036767005,0.0033569058869034,0.0175847727805376,6.792705171774604e-05,0.0001193359754349,8.430604066234082e-05,0.485108381148267,0.5287183113807172,0.0124754839008864,0.5354800524826926,,0,0,TRUE_ELASTIC_UNLOADING,-2.354702597751057e-05,True,True
BH032,354,3.5400006771087646,0.4982715574840405,3944,2,5,SHELF_NORMAL_Y_NEG,1057,5,5.056624336026129,-7.147655652775389,-55.64574722430099,0.0004334406212669,-6.786488248014533e-05,4.771397136440358e-05,-0.0001183512680633,6.086545315349322e-05,-7.760406481865536e-05,7.662585994694382e-05,1.393656248183106e-06,,0.0175297036767005,0.0033569058869034,0.0175848305225372,6.792705171774604e-05,0.0001193359754349,8.430604066234082e-05,0.4848491887001108,0.5227690741247075,0.0125259971867997,0.5348442657418315,,0,0,TRUE_ELASTIC_UNLOADING,-8.92051572987107e-06,True,True
BH032,355,3.549999952316284,0.4969180057737757,3944,2,5,SHELF_NORMAL_Y_NEG,1057,5,5.056624336026129,-7.087209151619643,-55.48243354424651,0.0004342169572031,-6.685103652125579e-05,4.9551605182387954e-05,-0.0001169871876712,6.086539624249302e-05,-7.760405494494432e-05,7.662585994694382e-05,1.393656248183106e-06,,0.0175297036767005,0.0033569058869034,0.0175841860473155,6.792705171774604e-05,0.0001193359754349,8.430604066234082e-05,0.4828171600809752,0.5199883071882394,0.0125781219762714,0.5341726073942489,,0,0,TRUE_ELASTIC_UNLOADING,-0.0001059761882022,True,True
BH032,356,3.560000419616699,0.4962346772338422,3944,2,5,SHELF_NORMAL_Y_NEG,1057,5,5.056624336026129,-7.111413498107113,-55.446334853630965,0.0004317549265263,-6.92962740359176e-05,4.738363022969085e-05,-0.000119555210732,6.0865194780735446e-05,-7.760407403258437e-05,7.662585994694382e-05,1.393656248183106e-06,,0.0175297036767005,0.0033569058869034,0.0175855327397584,6.792705171774604e-05,0.000119555210732,8.430604066234082e-05,0.4817165184123019,0.5287292096685466,0.0126228780831743,0.5337488458477544,,0,0,TRUE_ELASTIC_UNLOADING,-2.011435861204447e-05,True,True
BH032,357,3.5700008869171143,0.4951535407727976,3944,2,5,SHELF_NORMAL_Y_NEG,1057,5,5.056624336026129,-7.070730529499511,-55.3288839367378,0.0004313680988719,-6.902563502636061e-05,4.7671863514517566e-05,-0.0001191401648037,6.08650973597768e-05,-7.760407140499274e-05,7.662585994694382e-05,1.393656248183106e-06,,0.0175297036767005,0.0033569058869034,0.0175851229578256,6.792705171774604e-05,0.000119555210732,8.430604066234082e-05,0.4842181149514167,0.5217282153355425,0.0126676968952445,0.5330312523351368,,0,0,ELASTIC_RELOADING,,False,False
BH032,358,3.580000162124634,0.4939117133404407,3944,2,5,SHELF_NORMAL_Y_NEG,1057,5,5.056624336026129,-7.059335860597796,-55.26302133017564,0.0004294404240059,-7.008675435134595e-05,4.617515028643775e-05,-0.0001201468289722,6.086515500643603e-05,-7.76040705090077e-05,7.662585994694382e-05,1.393656248183106e-06,,0.0175297036767005,0.0033569058869034,0.0175847131758928,6.792705171774604e-05,0.0001201468289722,8.430604066234082e-05,0.4818818313958771,0.5305818575174301,0.0127206807961015,0.5326527691142319,,0,0,TRUE_ELASTIC_UNLOADING,0.0003434148342257,True,False
BH032,359,3.590000629425049,0.4928218995083119,3944,2,5,SHELF_NORMAL_Y_NEG,1057,5,5.056624336026129,-7.020065890656912,-55.11480770746836,0.0004300558824747,-6.894182065908766e-05,4.779503926902054e-05,-0.0001187505314903,6.086534702637488e-05,-7.760404072589866e-05,7.662585994694382e-05,1.393656248183106e-06,,0.0175297036767005,0.0033569058869034,0.0175841860473155,6.792705171774604e-05,0.0001201468289722,8.430604066234082e-05,0.4801812687244722,0.5165917101663244,0.0127645208609506,0.5318398344569075,,0,0,TRUE_ELASTIC_UNLOADING,6.405032731082727e-06,True,True
BH032,360,3.5999999046325684,0.4919279780710893,3944,2,5,SHELF_NORMAL_Y_NEG,1057,5,5.056624336026129,-7.003806214909902,-55.05357419838487,0.0004272874610443,-7.1397482809832e-05,4.553924686142408e-05,-0.0001210044436506,6.0865138571101975e-05,-7.760405481768221e-05,7.662585994694382e-05,1.393656248183106e-06,,0.0175297036767005,0.0033569058869034,0.017585827037692,6.792705171774604e-05,0.0001210044436506,8.430604066234082e-05,0.4803801957658061,0.5247355333978188,0.0128103598919388,0.5314157066807217,,0,0,ELASTIC_RELOADING,,False,False
BH032,361,3.610000371932984,0.4909072459400522,3944,2,5,SHELF_NORMAL_Y_NEG,1057,5,5.056624336026129,-6.991233433334769,-54.96016592950113,0.0004282027741972,-7.018912540395048e-05,4.706002172066688e-05,-0.0001197493951879,6.0865031376401146e-05,-7.760407086306406e-05,7.662585994694382e-05,1.393656248183106e-06,,0.0175297036767005,0.0033569058869034,0.0175853576511144,6.792705171774604e-05,0.0001210044436506,8.430604066234082e-05,0.4804780185932969,0.5299689116116364,0.0128573513227438,0.5310052117951315,,0,0,ELASTIC_RELOADING,,False,False
BH032,362,3.6200008392333984,0.489868447356376,3944,2,5,SHELF_NORMAL_Y_NEG,1057,5,5.056624336026129,-6.945672127278568,-54.82032409094269,0.0004267986838764,-7.118415320193114e-05,4.654456233739074e-05,-0.0001205075007985,6.086514013321408e-05,-7.760406674881795e-05,7.662585994694382e-05,1.393656248183106e-06,,0.0175297036767005,0.0033569058869034,0.01758430339396,6.792705171774604e-05,0.0001210044436506,8.430604066234082e-05,0.4807686776901704,0.5194356878824415,0.0129009953884232,0.530220526795767,,0,0,ELASTIC_RELOADING,,False,False
BH032,363,3.630000114440918,0.4887427043172695,3944,2,5,SHELF_NORMAL_Y_NEG,1057,5,5.056624336026129,-6.973251289630749,-54.78476260887312,0.0004291290461619,-6.796408104434918e-05,4.9161915142629576e-05,-0.0001174368941886,6.086503819670113e-05,-7.76040649007429e-05,7.662585994694382e-05,1.393656248183106e-06,,0.0175297036767005,0.0033569058869034,0.0175855923444032,6.792705171774604e-05,0.0001210044436506,8.430604066234082e-05,0.4770500682474598,0.5279396923369146,0.0129491016913031,0.5298856086906474,,0,0,TRUE_ELASTIC_UNLOADING,-2.88559185075421e-05,True,True
BH032,364,3.640000581741333,0.4879357476884089,3944,2,5,SHELF_NORMAL_Y_NEG,1057,5,5.056624336026129,-6.907952737194353,-54.66217025509141,0.0004297369402994,-6.599865052367253e-05,5.054207754605906e-05,-0.0001150952355035,6.086494319159594e-05,-7.760406867240691e-05,7.662585994694382e-05,1.393656248183106e-06,,0.0175297036767005,0.0033569058869034,0.0175851229578256,6.792705171774604e-05,0.0001210044436506,8.430604066234082e-05,0.4778572081412233,0.5207965161570813,0.0129898015177742,0.5292976742587647,,0,0,ELASTIC_RELOADING,,False,False
BH032,365,3.650001049041748,0.4871502106656476,3944,2,5,SHELF_NORMAL_Y_NEG,1057,5,5.056624336026129,-6.92046045226387,-54.61368647959682,0.0004322191425938,-6.387252578920902e-05,5.350978063841972e-05,-0.0001129052101363,6.086472039740982e-05,-7.760407757194432e-05,7.662585994694382e-05,1.393656248183106e-06,,0.0175297036767005,0.0033569058869034,0.0175867043435573,6.792705171774604e-05,0.0001210044436506,8.430604066234082e-05,0.4793982645827432,0.5284330294057724,0.0130312067095676,0.528868883322752,,0,0,ELASTIC_RELOADING,,False,False
BH032,366,3.660000324249268,0.4860427513322125,3944,2,5,SHELF_NORMAL_Y_NEG,1057,5,5.056624336026129,-6.866946464647175,-54.44745203835979,0.0004292850276896,-6.61997921771369e-05,5.155201763505716e-05,-0.0001150352982658,6.0864918699022806e-05,-7.76040790491049e-05,7.662585994694382e-05,1.393656248183106e-06,,0.0175297036767005,0.0033569058869034,0.0175854172557592,6.792705171774604e-05,0.0001210044436506,8.430604066234082e-05,0.47575904856489,0.525177660908853,0.0130787496917416,0.5284084811097347,,0,0,TRUE_ELASTIC_UNLOADING,-8.806923690740653e-05,True,True
BH032,367,3.6700007915496826,0.4850355997840617,3944,2,5,SHELF_NORMAL_Y_NEG,1057,5,5.056624336026129,-6.865007994918691,-54.42252401529623,0.0004290273752701,-6.641479382515133e-05,5.151435862879976e-05,-0.0001151892204637,6.0864726684576105e-05,-7.760405572853626e-05,7.662585994694382e-05,1.393656248183106e-06,,0.0175297036767005,0.0033569058869034,0.0175858847796916,6.792705171774604e-05,0.0001210044436506,8.430604066234082e-05,0.4776452433835762,0.520080566949528,0.013117806293171,0.5277587048935042,,0,0,ELASTIC_RELOADING,,False,False
BH032,368,3.680000066757202,0.4842411714366268,3944,2,5,SHELF_NORMAL_Y_NEG,1057,5,5.056624336026129,-6.837235992959509,-54.34110441450246,0.000427743698008,-6.715786998036464e-05,5.073740106965584e-05,-0.0001157964128527,6.086454827775241e-05,-7.760406629075192e-05,7.662585994694382e-05,1.393656248183106e-06,,0.0175297036767005,0.0033569058869034,0.0175847727805376,6.792705171774604e-05,0.0001210044436506,8.430604066234082e-05,0.4744024120560698,0.5278312000875675,0.0131577630991222,0.5273019038168201,,0,0,TRUE_ELASTIC_UNLOADING,-1.758050182676385e-05,True,True
BH032,369,3.690000534057617,0.4834326540968872,3944,2,5,SHELF_NORMAL_Y_NEG,1057,5,5.056624336026129,-6.859294971237191,-54.297683786069214,0.0004267526882119,-6.818029291855653e-05,5.013910653278237e-05,-0.000116878744541,6.08643174776691e-05,-7.760408178390479e-05,7.662585994694382e-05,1.393656248183106e-06,,0.0175297036767005,0.0033569058869034,0.0175856500864028,6.792705171774604e-05,0.0001210044436506,8.430604066234082e-05,0.4772689622820469,0.525854509860685,0.0131996188733447,0.5269546212615268,,0,0,ELASTIC_RELOADING,,False,False
BH032,370,3.700001001358032,0.482643989404432,3944,2,5,SHELF_NORMAL_Y_NEG,1057,5,5.056624336026129,-6.80758917839842,-54.19643465616471,0.0004270253720975,-6.82631923187133e-05,5.102541020872309e-05,-0.0001166904896145,6.0864344825718406e-05,-7.760406708443218e-05,7.662585994694382e-05,1.393656248183106e-06,,0.0175297036767005,0.0033569058869034,0.0175859425216913,6.792705171774604e-05,0.0001210044436506,8.430604066234082e-05,0.4757142480579142,0.5284455944501472,0.0132381334626878,0.5263836963398214,,0,0,TRUE_ELASTIC_UNLOADING,8.630487795491248e-05,True,True
BH032,371,3.710000276565552,0.4817387732820332,3944,2,5,SHELF_NORMAL_Y_NEG,1057,5,5.056624336026129,-6.778959590369398,-54.12260285908757,0.0004285378448832,-6.493270291205167e-05,5.302128183473073e-05,-0.0001131890590338,6.086434998543845e-05,-7.760405073139292e-05,7.662585994694382e-05,1.393656248183106e-06,,0.0175297036767005,0.0033569058869034,0.017585827037692,6.792705171774604e-05,0.0001210044436506,8.430604066234082e-05,0.47304114973207,0.5225837637205677,0.0132781507927358,0.5258777065362541,,0,0,TRUE_ELASTIC_UNLOADING,3.784361515601909e-06,True,True
BH032,372,3.720000743865967,0.48089836759304,3944,2,5,SHELF_NORMAL_Y_NEG,1057,5,5.056624336026129,-6.770764827183553,-54.041679239551904,0.000427525874219,-6.543347282014864e-05,5.254937320914657e-05,-0.0001136525009334,6.086430558528974e-05,-7.760406005658976e-05,7.662585994694382e-05,1.393656248183106e-06,,0.0175297036767005,0.0033569058869034,0.0175863541662693,6.792705171774604e-05,0.0001210044436506,8.430604066234082e-05,0.4755295102461355,0.5249188856480607,0.0133165359763493,0.525433514143422,,0,0,ELASTIC_RELOADING,,False,False
BH032,373,3.7300000190734863,0.4802349277810243,3944,2,5,SHELF_NORMAL_Y_NEG,1057,5,5.056624336026129,-6.784443273437774,-54.0107316765966,0.0004271266387084,-6.478876902974297e-05,5.233030612675793e-05,-0.0001131361034328,6.0864133731980505e-05,-7.760406782072068e-05,7.662585994694382e-05,1.393656248183106e-06,,0.0175297036767005,0.0033569058869034,0.0175857096910476,6.792705171774604e-05,0.0001210044436506,8.430604066234082e-05,0.4733629819110398,0.5318613686067486,0.0133527624675468,0.525046668195688,,0,0,TRUE_ELASTIC_UNLOADING,7.139911882814154e-05,True,True
BH032,374,3.740000486373901,0.4793430627954326,3944,2,5,SHELF_NORMAL_Y_NEG,1057,5,5.056624336026129,-6.735039674276427,-53.89766752881534,0.0004255852703625,-6.59426215649571e-05,5.168248981722365e-05,-0.0001138364538068,6.0864033012305656e-05,-7.76040511328884e-05,7.662585994694382e-05,1.393656248183106e-06,,0.0175297036767005,0.0033569058869034,0.0175861194729805,6.792705171774604e-05,0.0001210044436506,8.430604066234082e-05,0.4741377989728291,0.5223648043057969,0.0133893320834393,0.5244629008175521,,0,0,ELASTIC_RELOADING,,False,False
BH032,375,3.750000953674317,0.4783498081024586,3944,2,5,SHELF_NORMAL_Y_NEG,1057,5,5.056624336026129,-6.723171570751664,-53.83516982169508,0.0004257691069268,-6.660186537744755e-05,5.217324793907775e-05,-0.0001145387502803,6.0864055401105096e-05,-7.760404954087403e-05,7.662585994694382e-05,1.393656248183106e-06,,0.0175297036767005,0.0033569058869034,0.017585827037692,6.792705171774604e-05,0.0001210044436506,8.430604066234082e-05,0.4708814127868134,0.5281636417730047,0.0134298783289483,0.5240718059399412,-664.3787397786613,1,1,TRUE_ELASTIC_UNLOADING,3.704426171557973e-05,True,True
BH032,376,3.760000228881836,0.47762209623252,3944,2,5,SHELF_NORMAL_Y_NEG,1057,5,5.056624336026129,-6.702348207569505,-53.74467287934876,0.0004281131761871,-6.349664240431585e-05,5.513000890538324e-05,-0.0001113024502036,6.08641358187023e-05,-7.760404668391167e-05,7.662585994694382e-05,1.393656248183106e-06,,0.0175297036767005,0.0033569058869034,0.0175858847796916,6.792705171774604e-05,0.0001210044436506,8.430604066234082e-05,0.4720678857819984,0.5252064771183513,0.0134663688225093,0.5235925352321676,,0,0,ELASTIC_RELOADING,,False,False
BH032,377,3.770000696182251,0.4767758840828368,3944,2,5,SHELF_NORMAL_Y_NEG,1057,5,5.056624336026129,-6.724565359146744,-53.71898682415808,0.0004294493297291,-6.19087357656839e-05,5.661532116220172e-05,-0.0001098965130075,6.0864237104458414e-05,-7.760404976127892e-05,7.662585994694382e-05,1.393656248183106e-06,,0.0175297036767005,0.0033569058869034,0.0175858847796916,6.792705171774604e-05,0.0001210044436506,8.430604066234082e-05,0.4732781690023068,0.5253390246104993,0.0134990850799086,0.523102854558189,,0,0,ELASTIC_RELOADING,,False,False
BH032,378,3.7799999713897705,0.4760426193348729,3944,2,5,SHELF_NORMAL_Y_NEG,1057,5,5.056624336026129,-6.7064819132433655,-53.67096474761009,0.0004302029293578,-6.145845321082577e-05,5.76964163988361e-05,-0.0001093256839044,6.086408359719416e-05,-7.760405423635121e-05,7.662585994694382e-05,1.393656248183106e-06,,0.0175297036767005,0.0033569058869034,0.0175854172557592,6.792705171774604e-05,0.0001210044436506,8.430604066234082e-05,0.4694168830008328,0.5308093859195363,0.0135366385888624,0.5228525111570901,,0,0,TRUE_ELASTIC_UNLOADING,2.5818577512826124e-05,True,True
BH032,379,3.7900004386901855,0.4754950468715179,3944,2,5,SHELF_NORMAL_Y_NEG,1057,5,5.056624336026129,-6.66247393119787,-53.57551598106436,0.0004300109969396,-6.117230577759028e-05,5.81448238195332e-05,-0.0001087547780921,6.0864267866408944e-05,-7.760404018542118e-05,7.662585994694382e-05,1.393656248183106e-06,,0.0175297036767005,0.0033569058869034,0.0175870563834905,6.792705171774604e-05,0.0001210044436506,8.430604066234082e-05,0.4714904267336645,0.5233163538737717,0.0135681050636983,0.5222718417220138,,0,0,ELASTIC_RELOADING,,False,False
BH032,380,3.8000009059906006,0.4746054039910519,3944,2,5,SHELF_NORMAL_Y_NEG,1057,5,5.056624336026129,-6.663978339417208,-53.5175669191804,0.0004266017149245,-6.420705313640689e-05,5.504185935726423e-05,-0.0001118941765853,6.086441662909232e-05,-7.760404274423305e-05,7.662585994694382e-05,1.393656248183106e-06,,0.0175297036767005,0.0033569058869034,0.01758524030447,6.792705171774604e-05,0.0001210044436506,8.430604066234082e-05,0.4702893894976883,0.5261830652280883,0.0136040944840647,0.5219172021941088,,0,0,TRUE_ELASTIC_UNLOADING,0.0001188180459322,True,True
BH032,381,3.81000018119812,0.4738222350887527,3944,2,5,SHELF_NORMAL_Y_NEG,1057,5,5.056624336026129,-6.644919487960916,-53.46184370275152,0.0004264666611451,-6.55255059373932e-05,5.550253986985154e-05,-0.0001128703354052,6.086422674644042e-05,-7.760405012276473e-05,7.662585994694382e-05,1.393656248183106e-06,,0.0175297036767005,0.0033569058869034,0.0175855923444032,6.792705171774604e-05,0.0001210044436506,8.430604066234082e-05,0.469731506329083,0.5316019077874157,0.0136402408657041,0.5215466875120894,,0,0,TRUE_ELASTIC_UNLOADING,-4.654113433799623e-05,True,True
BH032,382,3.820000648498535,0.4732479518008002,3944,2,5,SHELF_NORMAL_Y_NEG,1057,5,5.056624336026129,-6.648135657845976,-53.41229377302047,0.0004248106296543,-6.549997691872246e-05,5.403957536074405e-05,-0.0001130164820289,6.086449383762735e-05,-7.760403609228388e-05,7.662585994694382e-05,1.393656248183106e-06,,0.0175297036767005,0.0033569058869034,0.0175861772149801,6.792705171774604e-05,0.0001210044436506,8.430604066234082e-05,0.4693836469256584,0.5226151180277118,0.0136682201508575,0.5210362396294672,,0,0,TRUE_ELASTIC_UNLOADING,-2.804187022187321e-05,True,True
BH032,383,3.829999923706055,0.4723257029636822,3944,2,5,SHELF_NORMAL_Y_NEG,1057,5,5.056624336026129,-6.62316746431407,-53.30763834698055,0.0004226860220719,-6.60858325211961e-05,5.270142492688735e-05,-0.0001133667138873,6.086420598855841e-05,-7.760399064969134e-05,7.662585994694382e-05,1.393656248183106e-06,,0.0175297036767005,0.0033569058869034,0.0175865292549133,6.792705171774604e-05,0.0001210044436506,8.430604066234082e-05,0.4676367533055777,0.5300989275043572,0.0137023144051265,0.5206893709715885,,0,0,TRUE_ELASTIC_UNLOADING,0.0002242112126624,True,False
BH032,384,3.8400003910064697,0.4711130731331066,3944,2,5,SHELF_NORMAL_Y_NEG,1057,5,5.056624336026129,-6.59063582343488,-53.2001374661776,0.0004215840326739,-6.860423365570903e-05,5.217390686717351e-05,-0.0001158288642359,6.0864133082521774e-05,-7.760400110873842e-05,7.662585994694382e-05,1.393656248183106e-06,,0.0175297036767005,0.0033569058869034,0.0175865292549133,6.792705171774604e-05,0.0001210044436506,8.430604066234082e-05,0.4696834870948513,0.5292393326300818,0.0137424900729605,0.5203091847501633,,0,0,ELASTIC_RELOADING,,False,False
BH032,385,3.8500008583068848,0.4707257553670231,3944,2,5,SHELF_NORMAL_Y_NEG,1057,5,5.056624336026129,-6.575706193913907,-53.158656959831234,0.0004212302088692,-6.816093716078783e-05,5.226471168939402e-05,-0.0001151244705208,6.086409859858937e-05,-7.760396389539996e-05,7.662585994694382e-05,1.393656248183106e-06,,0.0175297036767005,0.0033569058869034,0.0175872314721345,6.792705171774604e-05,0.0001210044436506,8.430604066234082e-05,0.4673047356017867,0.5214441337462099,0.0137684344165069,0.5197458056285842,,0,0,TRUE_ELASTIC_UNLOADING,2.004970582181187e-05,True,True
BH032,386,3.860000133514404,0.4702798898478003,3944,2,5,SHELF_NORMAL_Y_NEG,1057,5,5.056624336026129,-6.548187862520327,-53.10466072493851,0.0004193354541305,-6.813447674791032e-05,5.0650276740903886e-05,-0.0001150007173004,6.086408389563069e-05,-7.760397833584297e-05,7.662585994694382e-05,1.393656248183106e-06,,0.0175297036767005,0.0033569058869034,0.0175864119082689,6.792705171774604e-05,0.0001210044436506,8.430604066234082e-05,0.4672791634332164,0.5278563287011415,0.013796393818764,0.5193466897138534,,0,0,AMBIGUOUS,,False,False
BH032,387,3.8700006008148193,0.4691735448958631,3944,2,5,SHELF_NORMAL_Y_NEG,1057,5,5.056624336026129,-6.603297015797094,-53.07474349355267,0.0004197659204519,-6.811588391648113e-05,5.126276541635649e-05,-0.0001153878421011,6.086388815067576e-05,-7.760401918095604e-05,7.662585994694382e-05,1.393656248183106e-06,,0.0175297036767005,0.0033569058869034,0.0175874065607786,6.792705171774604e-05,0.0001210044436506,8.430604066234082e-05,0.4683582394069362,0.531400137269987,0.0138318030342826,0.5192851052283062,,0,0,ELASTIC_RELOADING,,False,False
BH032,388,3.8800010681152335,0.468384073475211,3944,2,5,SHELF_NORMAL_Y_NEG,1057,5,5.056624336026129,-6.508753281938651,-52.988522767039406,0.000417692393416,-7.073295484223653e-05,4.981001612978795e-05,-0.0001173266029686,6.086408021321088e-05,-7.760398474158604e-05,7.662585994694382e-05,1.393656248183106e-06,,0.0175297036767005,0.0033569058869034,0.0175862945616245,6.792705171774604e-05,0.0001210044436506,8.430604066234082e-05,0.4669120771618464,0.5300298750252184,0.0138572330548019,0.5186151824914603,,0,0,TRUE_ELASTIC_UNLOADING,-1.610307527544208e-06,True,True
BH032,389,3.890000343322754,0.468250785784578,3944,2,5,SHELF_NORMAL_Y_NEG,1057,5,5.056624336026129,-6.516141622577725,-52.931706636185474,0.0004167565973762,-7.047969489104642e-05,4.9277515569347166e-05,-0.0001171138572488,6.086411364192835e-05,-7.760396427926658e-05,7.662585994694382e-05,1.393656248183106e-06,,0.0175297036767005,0.0033569058869034,0.0175867639482021,6.792705171774604e-05,0.0001210044436506,8.430604066234082e-05,0.467093713919184,0.5220544630530229,0.0138900262515324,0.5183247100093074,,0,0,ELASTIC_RELOADING,,False,False
BH032,390,3.900000810623169,0.4675825893232442,3944,2,5,SHELF_NORMAL_Y_NEG,1057,5,5.056624336026129,-6.498427219468545,-52.87420946081944,0.0004151754019216,-7.044853815391821e-05,4.797273519887497e-05,-0.0001170812815492,6.086411631424882e-05,-7.76039797051732e-05,7.662585994694382e-05,1.393656248183106e-06,,0.0175297036767005,0.0033569058869034,0.0175865292549133,6.792705171774604e-05,0.0001210044436506,8.430604066234082e-05,0.4653229516703122,0.5289989945519613,0.013920128721764,0.518057906522613,,0,0,TRUE_ELASTIC_UNLOADING,0.0001427370865572,True,False
BH032,391,3.910000085830689,0.4670350182791012,3944,2,5,SHELF_NORMAL_Y_NEG,1057,5,5.056624336026129,-6.555413554624993,-52.87618335994264,0.0004139656765666,-7.367981112742466e-05,4.674736663401699e-05,-0.0001207084680278,6.086407156583686e-05,-7.760400342367111e-05,7.662585994694382e-05,1.393656248183106e-06,,0.0175297036767005,0.0033569058869034,0.0175877586007118,6.792705171774604e-05,0.0001210044436506,8.430604066234082e-05,0.4675067907803181,0.5338537398719125,0.0139442725534541,0.5177956859147866,,0,0,ELASTIC_RELOADING,,False,False
BH032,392,3.920000553131104,0.4662340597184427,3944,2,5,SHELF_NORMAL_Y_NEG,1057,5,5.056624336026129,-6.490914107266178,-52.77895579765943,0.0004149028716047,-7.058534377773432e-05,4.842750198410012e-05,-0.0001170972915752,6.086397391389711e-05,-7.760398508831388e-05,7.662585994694382e-05,1.393656248183106e-06,,0.0175297036767005,0.0033569058869034,0.0175864119082689,6.792705171774604e-05,0.0001210044436506,8.430604066234082e-05,0.4645517386762187,0.5286611882287364,0.0139754595170996,0.5173508700251123,,0,0,TRUE_ELASTIC_UNLOADING,3.67355711016204e-05,True,True
BH032,393,3.930001020431519,0.4657452610737226,3944,2,5,SHELF_NORMAL_Y_NEG,1057,5,5.056624336026129,-6.465397375592692,-52.73761962590724,0.0004140502994941,-7.233222884199877e-05,4.785806949400746e-05,-0.0001186703879873,6.0863964641420274e-05,-7.760396069077062e-05,7.662585994694382e-05,1.393656248183106e-06,,0.0175297036767005,0.0033569058869034,0.017586002126336,6.792705171774604e-05,0.0001210044436506,8.430604066234082e-05,0.4645538698628088,0.5269403718956727,0.0140044372725283,0.5170248902748487,,0,0,AMBIGUOUS,,False,False
BH032,394,3.940000295639038,0.4652113931870988,3944,2,5,SHELF_NORMAL_Y_NEG,1057,5,5.056624336026129,-6.454921577063278,-52.66466093045375,0.0004131413218204,-7.321977912502753e-05,4.734408088906392e-05,-0.0001195948586273,6.0863914856343815e-05,-7.760396306269975e-05,7.662585994694382e-05,1.393656248183106e-06,,0.0175297036767005,0.0033569058869034,0.0175872314721345,6.792705171774604e-05,0.0001210044436506,8.430604066234082e-05,0.4642550169896091,0.5247519984054114,0.0140290628439478,0.516605797743857,,0,0,TRUE_ELASTIC_UNLOADING,6.388605316010043e-05,True,False
BH032,395,3.950000762939453,0.4647936845233115,3944,2,5,SHELF_NORMAL_Y_NEG,1057,5,5.056624336026129,-6.528831393355316,-52.71299704991184,0.0004112596149581,-7.4782846655082e-05,4.510360753879204e-05,-0.0001216934693515,6.086368517637782e-05,-7.760400469956138e-05,7.662585994694382e-05,1.393656248183106e-06,,0.0175297036767005,0.0033569058869034,0.0175857674330472,6.792705171774604e-05,0.0001216934693515,8.430604066234082e-05,0.4653682831845243,0.5361125420103674,0.0140568299107749,0.5165750143991028,,0,0,ELASTIC_RELOADING,,False,False
BH032,396,3.9600000381469727,0.4639844016118259,3944,2,5,SHELF_NORMAL_Y_NEG,1057,5,5.056624336026129,-6.489317323090965,-52.57935962785444,0.0004114159346382,-7.248639110008968e-05,4.616781290715935e-05,-0.0001191397503556,6.086381812488159e-05,-7.760398294991312e-05,7.662585994694382e-05,1.393656248183106e-06,,0.0175297036767005,0.0033569058869034,0.0175867043435573,6.792705171774604e-05,0.0001216934693515,8.430604066234082e-05,0.4626029530855911,0.5317111568363884,0.0140822998924466,0.516088330233384,,0,0,TRUE_ELASTIC_UNLOADING,6.636998929299143e-05,True,True
BH032,397,3.970000505447388,0.4631027323252125,3944,2,5,SHELF_NORMAL_Y_NEG,1057,5,5.056624336026129,-6.420555815627957,-52.52226968890911,0.0004151454442185,-6.964425246613849e-05,5.029346161899821e-05,-0.0001158207935452,6.086385376664639e-05,-7.760395100844755e-05,7.662585994694382e-05,1.393656248183106e-06,,0.0175297036767005,0.0033569058869034,0.0175865869969129,6.792705171774604e-05,0.0001216934693515,8.430604066234082e-05,0.4633243917392481,0.5258989997255207,0.014111707341796,0.5156582763481363,,0,0,ELASTIC_RELOADING,,False,False
BH032,398,3.9800009727478014,0.4627113975053484,3944,2,5,SHELF_NORMAL_Y_NEG,1057,5,5.056624336026129,-6.414047989610271,-52.50487357969727,0.0004134344763992,-7.268252964640195e-05,4.869287588735679e-05,-0.0001188239532681,6.086359760071175e-05,-7.760396242079318e-05,7.662585994694382e-05,1.393656248183106e-06,,0.0175297036767005,0.0033569058869034,0.0175860598683357,6.792705171774604e-05,0.0001216934693515,8.430604066234082e-05,0.464424778279029,0.5283662281413171,0.0141400767552984,0.5155735937227909,,0,0,ELASTIC_RELOADING,,False,False
BH032,399,3.990000247955322,0.4623423389785372,3944,2,5,SHELF_NORMAL_Y_NEG,1057,5,5.056624336026129,-6.408125827159049,-52.438418829392425,0.0004129517590135,-7.116929858468459e-05,4.868356781651844e-05,-0.0001172557409181,6.08635746882368e-05,-7.76039854237013e-05,7.662585994694382e-05,1.393656248183106e-06,,0.0175297036767005,0.0033569058869034,0.0175865869969129,6.792705171774604e-05,0.0001216934693515,8.430604066234082e-05,0.4615148678619932,0.535035796116964,0.0141613075667504,0.5152479043263076,,0,0,TRUE_ELASTIC_UNLOADING,-5.48807805917928e-05,True,True
BH032,400,4.000000476837158,0.4618754664297379,3944,2,5,SHELF_NORMAL_Y_NEG,1057,5,5.056624336026129,-6.426704165315038,-52.43719155138962,0.0004156010390039,-7.01055009649774e-05,5.1419287366106825e-05,-0.0001162424089202,6.086360644735715e-05,-7.760399675661917e-05,7.662585994694382e-05,1.393656248183106e-06,,0.0175297036767005,0.0033569058869034,0.0175872910767793,6.792705171774604e-05,0.0001216934693515,8.430604066234082e-05,0.462472732933202,0.5358012682658854,0.0141884849086252,0.5151377806424138,5770.6558106479415,1,1,ELASTIC_RELOADING,,False,False
BH032,401,4.010000705718994,0.4606503483767547,3944,2,5,SHELF_NORMAL_Y_NEG,1057,5,5.056624336026129,-6.385813852187612,-52.31759580134234,0.0004162474777953,-6.856836281879191e-05,5.277735777478506e-05,-0.0001145376859556,6.086366066057715e-05,-7.760395924810201e-05,7.662585994694382e-05,1.393656248183106e-06,,0.0175297036767005,0.0033569058869034,0.0175876412540674,6.792705171774604e-05,0.0001216934693515,8.430604066234082e-05,0.4606468375050019,0.5295830478093547,0.0142218627460411,0.514602962594382,,0,0,TRUE_ELASTIC_UNLOADING,0.0003158038733317,True,False
BH032,402,4.019999980926514,0.4601142899837988,3944,2,5,SHELF_NORMAL_Y_NEG,1057,5,5.056624336026129,-6.353133894919052,-52.241778070017766,0.0004144780246293,-6.993206484023559e-05,5.1522088525925576e-05,-0.0001156853914382,6.086355429536378e-05,-7.760397173524393e-05,7.662585994694382e-05,1.393656248183106e-06,,0.0175297036767005,0.0033569058869034,0.0175877586007118,6.792705171774604e-05,0.0001216934693515,8.430604066234082e-05,0.4621488127067485,0.5317431620713013,0.0142544309488121,0.5143423901153608,,0,0,ELASTIC_RELOADING,,False,False
BH032,403,4.03000020980835,0.4596947270896243,3944,2,5,SHELF_NORMAL_Y_NEG,1057,5,5.056624336026129,-6.399701183275297,-52.25701480734915,0.0004092936034863,-7.369375613620671e-05,4.6198914549749984e-05,-0.0001198024061966,6.086353771812602e-05,-7.760399284917585e-05,7.662585994694382e-05,1.393656248183106e-06,,0.0175297036767005,0.0033569058869034,0.0175858847796916,6.792705171774604e-05,0.0001216934693515,8.430604066234082e-05,0.4621684287694643,0.5388766617246761,0.0142796642770309,0.5140535068408218,,0,0,ELASTIC_RELOADING,,False,False
BH032,404,4.0400004386901855,0.4590076153352073,3944,2,5,SHELF_NORMAL_Y_NEG,1057,5,5.056624336026129,-6.372650418041534,-52.18259612145078,0.0004092264894813,-7.402461775592086e-05,4.670077225633665e-05,-0.0001198917241277,6.086365809604485e-05,-7.760398130941953e-05,7.662585994694382e-05,1.393656248183106e-06,,0.0175297036767005,0.0033569058869034,0.0175865869969129,6.792705171774604e-05,0.0001216934693515,8.430604066234082e-05,0.4603925364018287,0.5347300311082843,0.0143115150660026,0.513767813767959,,0,0,TRUE_ELASTIC_UNLOADING,4.199673486637856e-05,True,True
BH032,405,4.0500006675720215,0.4578362286730307,3944,2,5,SHELF_NORMAL_Y_NEG,1057,5,5.056624336026129,-6.3202156242385605,-52.07266098305904,0.0004080200602955,-7.535231802691588e-05,4.619123871160688e-05,-0.0001209199965774,6.086367183080603e-05,-7.760396611421814e-05,7.662585994694382e-05,1.393656248183106e-06,,0.0175297036767005,0.0033569058869034,0.0175872314721345,6.792705171774604e-05,0.0001216934693515,8.430604066234082e-05,0.4588136289480825,0.5345051656658812,0.014343376508758,0.5134376729551079,,0,0,TRUE_ELASTIC_UNLOADING,0.0001302315693216,True,True
BH032,406,4.059999942779541,0.4575339454685869,3944,2,5,SHELF_NORMAL_Y_NEG,1057,5,5.056624336026129,-6.3305876816057,-52.01005444158658,0.0004064652729917,-7.626954532884167e-05,4.502160704166028e-05,-0.0001219565286061,6.086354964304404e-05,-7.760398786020211e-05,7.662585994694382e-05,1.393656248183106e-06,,0.0175297036767005,0.0033569058869034,0.0175872314721345,6.792705171774604e-05,0.0001219565286061,8.430604066234082e-05,0.4596743907007553,0.5357401400075874,0.0143710884779833,0.5131621237686821,,0,0,ELASTIC_RELOADING,,False,False
BH032,407,4.070000171661377,0.4569944693527715,3944,2,5,SHELF_NORMAL_Y_NEG,1057,5,5.056624336026129,-6.322216323345073,-51.98696359095371,0.0004054663139186,-7.633953763625705e-05,4.423297514543701e-05,-0.0001219179413798,6.086348835751351e-05,-7.760398707825759e-05,7.662585994694382e-05,1.393656248183106e-06,,0.0175297036767005,0.0033569058869034,0.0175869967788457,6.792705171774604e-05,0.0001219565286061,8.430604066234082e-05,0.4590599800988305,0.5380725800997037,0.0143973883911704,0.512881598372197,,0,0,TRUE_ELASTIC_UNLOADING,-0.0001359558607125,True,False
BH032,408,4.080000400543213,0.4563960138662833,3944,2,5,SHELF_NORMAL_Y_NEG,1057,5,5.056624336026129,-6.306427645932285,-51.93159061379553,0.000404163595826,-7.828197334221318e-05,4.338382063608911e-05,-0.0001236804376941,6.086343028209731e-05,-7.760396963195219e-05,7.662585994694382e-05,1.393656248183106e-06,,0.0175297036767005,0.0033569058869034,0.0175869967788457,6.792705171774604e-05,0.0001236804376941,8.430604066234082e-05,0.4586167107832751,0.536193787231747,0.0144242047418152,0.5125520412013729,,0,0,TRUE_ELASTIC_UNLOADING,7.387382339085757e-05,True,False
BH032,409,4.090000629425049,0.4557558156746173,3944,2,5,SHELF_NORMAL_Y_NEG,1057,5,5.056624336026129,-6.306749224670779,-51.90408905802181,0.0004053416075432,-7.734600681753813e-05,4.473087216805245e-05,-0.0001227677571694,6.086335724960178e-05,-7.760397779193219e-05,7.662585994694382e-05,1.393656248183106e-06,,0.0175297036767005,0.0033569058869034,0.0175878182053565,6.792705171774604e-05,0.0001236804376941,8.430604066234082e-05,0.4590291438579388,0.5390788194517928,0.014451523042913,0.512271487742957,,0,0,ELASTIC_RELOADING,,False,False
BH032,410,4.099999904632568,0.45510378751137,3944,2,5,SHELF_NORMAL_Y_NEG,1057,5,5.056624336026129,-6.298118850666116,-51.832646513658936,0.0004053556338367,-7.581994959908705e-05,4.51521187067798e-05,-0.0001212686652152,6.086344117317098e-05,-7.76039801082022e-05,7.662585994694382e-05,1.393656248183106e-06,,0.0175297036767005,0.0033569058869034,0.0175867639482021,6.792705171774604e-05,0.0001236804376941,8.430604066234082e-05,0.4588007552704395,0.5368593903059914,0.0144769556345526,0.5118898674464024,,0,0,TRUE_ELASTIC_UNLOADING,3.7285976967393886e-05,True,False
BH032,411,4.110000133514404,0.454648911952664,3944,2,5,SHELF_NORMAL_Y_NEG,1057,5,5.056624336026129,-6.278690669502735,-51.83170611791886,0.0004036392518027,-7.820381081242674e-05,4.345718165814304e-05,-0.0001235032856914,6.086338966353773e-05,-7.760397696269714e-05,7.662585994694382e-05,1.393656248183106e-06,,0.0175297036767005,0.0033569058869034,0.0175874065607786,6.792705171774604e-05,0.0001236804376941,8.430604066234082e-05,0.4576605919604853,0.5405437363633264,0.0145027637296927,0.5117734419989213,,0,0,TRUE_ELASTIC_UNLOADING,0.0003133211167051,True,False
BH032,412,4.12000036239624,0.4537829770481095,3944,2,5,SHELF_NORMAL_Y_NEG,1057,5,5.056624336026129,-6.226414693818042,-51.69011776276568,0.0004030726582816,-7.691991446158648e-05,4.38283451282436e-05,-0.0001218989990277,6.08635550093926e-05,-7.760397272981907e-05,7.662585994694382e-05,1.393656248183106e-06,,0.0175297036767005,0.0033569058869034,0.017587523907423,6.792705171774604e-05,0.0001236804376941,8.430604066234082e-05,0.4556719753899337,0.5371104528479383,0.0145267483966797,0.5112845979142813,,0,0,TRUE_ELASTIC_UNLOADING,1.7390691720242657e-05,True,True
BH032,413,4.130000591278076,0.453399624774938,3944,2,5,SHELF_NORMAL_Y_NEG,1057,5,5.056624336026129,-6.29746365733904,-51.740587699411165,0.0004009808783416,-8.013480225971411e-05,4.135786644908444e-05,-0.0001256348369029,6.086354881026322e-05,-7.760399171574866e-05,7.662585994694382e-05,1.393656248183106e-06,,0.0175297036767005,0.0033569058869034,0.0175863541662693,6.792705171774604e-05,0.0001256348369029,8.430604066234082e-05,0.457317382860573,0.540928849202236,0.0145538258330896,0.5113024967346689,,0,0,ELASTIC_RELOADING,,False,False
BH032,414,4.139999866485596,0.4529146425013144,3944,2,5,SHELF_NORMAL_Y_NEG,1057,5,5.056624336026129,-6.22062088349803,-51.63762833387766,0.00040028047143,-7.987485458469095e-05,4.1335568816204e-05,-0.0001248773093846,6.0863707758575735e-05,-7.760396717697869e-05,7.662585994694382e-05,1.393656248183106e-06,,0.0175297036767005,0.0033569058869034,0.0175864696502685,6.792705171774604e-05,0.0001256348369029,8.430604066234082e-05,0.455451881089112,0.5381991743514238,0.0145733119561495,0.5107900369175897,,0,0,TRUE_ELASTIC_UNLOADING,5.70590881791011e-05,True,True
BH032,415,4.150000095367432,0.4521004502529185,3944,2,5,SHELF_NORMAL_Y_NEG,1057,5,5.056624336026129,-6.230960324343046,-51.60323584887756,0.0003990177666703,-8.122595531669281e-05,4.0301337394308393e-05,-0.0001263091436396,6.086365551203927e-05,-7.760398320082079e-05,7.662585994694382e-05,1.393656248183106e-06,,0.0175297036767005,0.0033569058869034,0.0175865292549133,6.792705171774604e-05,0.0001263091436396,8.430604066234082e-05,0.4560702262735006,0.5450127172113279,0.0146010792858537,0.5106691876155177,,0,0,ELASTIC_RELOADING,,False,False
BH032,416,4.160000324249268,0.4517796538703995,3944,2,5,SHELF_NORMAL_Y_NEG,1057,5,5.056624336026129,-6.258318155771296,-51.59898525373546,0.0003976667968387,-8.235855285201312e-05,3.895986931783102e-05,-0.0001276507308476,6.086374328925417e-05,-7.760397576975031e-05,7.662585994694382e-05,1.393656248183106e-06,,0.0175297036767005,0.0033569058869034,0.0175862368196249,6.792705171774604e-05,0.0001276507308476,8.430604066234082e-05,0.4572733944374382,0.5374764191769279,0.0146217854605702,0.5104019265644479,,0,0,ELASTIC_RELOADING,,False,False
BH032,417,4.170000553131104,0.4511656008669111,3944,2,5,SHELF_NORMAL_Y_NEG,1057,5,5.056624336026129,-6.184300005658965,-51.48094679090226,0.0003954890236377,-8.46495967124516e-05,3.764398896578938e-05,-0.0001293841697351,6.086363090248775e-05,-7.760397284663231e-05,7.662585994694382e-05,1.393656248183106e-06,,0.0175297036767005,0.0033569058869034,0.0175879932940006,6.792705171774604e-05,0.0001293841697351,8.430604066234082e-05,0.454401390548241,0.5446740845385576,0.0146437371527592,0.5101373174928838,,0,0,TRUE_ELASTIC_UNLOADING,5.433061778392645e-05,True,True
BH032,418,4.179999828338623,0.4508864908674838,3944,2,5,SHELF_NORMAL_Y_NEG,1057,5,5.056624336026129,-6.2308140849863625,-51.50656690187272,0.0003957166534624,-8.474268474413862e-05,3.772034477954233e-05,-0.0001297729601304,6.086353063225569e-05,-7.760399379616333e-05,7.662585994694382e-05,1.393656248183106e-06,,0.0175297036767005,0.0033569058869034,0.0175876412540674,6.792705171774604e-05,0.0001297729601304,8.430604066234082e-05,0.4558215075599138,0.544636000952714,0.0146677498270383,0.5101202124830927,,0,0,ELASTIC_RELOADING,,False,False
BH032,419,4.190000057220459,0.4504119732738048,3944,2,5,SHELF_NORMAL_Y_NEG,1057,5,5.056624336026129,-6.182837776378889,-51.42295225050921,0.0003951875010276,-8.427829760263798e-05,3.778160715936968e-05,-0.0001289645061658,6.0863537651817344e-05,-7.760397194361593e-05,7.662585994694382e-05,1.393656248183106e-06,,0.0175297036767005,0.0033569058869034,0.0175879932940006,6.792705171774604e-05,0.0001297729601304,8.430604066234082e-05,0.4536562372637025,0.5400306730791253,0.0146848468294261,0.5096368778408547,,0,0,TRUE_ELASTIC_UNLOADING,-8.21818226108828e-05,True,True
BH032,420,4.200000286102295,0.4497682571066939,3944,2,5,SHELF_NORMAL_Y_NEG,1057,5,5.056624336026129,-6.210129707590658,-51.39529695896789,0.0003936597942647,-8.450383122569688e-05,3.635987283682915e-05,-0.0001294638868605,6.0863240564301325e-05,-7.760398190556914e-05,7.662585994694382e-05,1.393656248183106e-06,,0.0175297036767005,0.0033569058869034,0.0175879336893558,6.792705171774604e-05,0.0001297729601304,8.430604066234082e-05,0.4533076626685673,0.5464861726215431,0.0147121407518863,0.5096564767238276,,0,0,TRUE_ELASTIC_UNLOADING,4.433887129773328e-05,True,True
BH032,421,4.210000514984131,0.4492141740150347,3944,2,5,SHELF_NORMAL_Y_NEG,1057,5,5.056624336026129,-6.175332524068628,-51.3330101049015,0.0003919918250455,-8.680633400645317e-05,3.509641272404876e-05,-0.000131551901299,6.086330693662545e-05,-7.76039732401544e-05,7.662585994694382e-05,1.393656248183106e-06,,0.0175297036767005,0.0033569058869034,0.0175868216902017,6.792705171774604e-05,0.000131551901299,8.430604066234082e-05,0.4539462322002391,0.5435107155260852,0.0147269631998092,0.5091711187889797,,0,0,ELASTIC_RELOADING,,False,False
BH032,422,4.21999979019165,0.4488913814721228,3944,2,5,SHELF_NORMAL_Y_NEG,1057,5,5.056624336026129,-6.199821126501915,-51.35070089406147,0.0003932859805226,-8.53226464278497e-05,3.63240502714865e-05,-0.0001301817211426,6.0863109497931104e-05,-7.760398806629478e-05,7.662585994694382e-05,1.393656248183106e-06,,0.0175297036767005,0.0033569058869034,0.0175876412540674,6.792705171774604e-05,0.000131551901299,8.430604066234082e-05,0.4544278904460352,0.5471810460438634,0.0147510568958581,0.5092476935254063,,0,0,ELASTIC_RELOADING,,False,False
BH032,423,4.230000019073486,0.4482907832994177,3944,2,5,SHELF_NORMAL_Y_NEG,1057,5,5.056624336026129,-6.148746403601268,-51.26547269349288,0.0003891042512002,-8.953052721626586e-05,3.263290762504391e-05,-0.0001341350992021,6.086324206703119e-05,-7.76039733817259e-05,7.662585994694382e-05,1.393656248183106e-06,,0.0175297036767005,0.0033569058869034,0.0175872314721345,6.792705171774604e-05,0.0001341350992021,8.430604066234082e-05,0.4533532798060379,0.5440704765435751,0.0147672669811321,0.5088167481095417,,0,0,TRUE_ELASTIC_UNLOADING,-7.596764314721227e-06,True,True
BH032,424,4.240000247955322,0.4480172759890667,3944,2,5,SHELF_NORMAL_Y_NEG,1057,5,5.056624336026129,-6.156363315235027,-51.23702322884781,0.0003856058967525,-9.125767503963484e-05,2.9345552001418707e-05,-0.00013590055495,6.086325905326306e-05,-7.76039867628231e-05,7.662585994694382e-05,1.393656248183106e-06,,0.0175297036767005,0.0033569058869034,0.0175878182053565,6.792705171774604e-05,0.00013590055495,8.430604066234082e-05,0.4534395605624074,0.5478321553583024,0.0147883903645172,0.5087922252810182,,0,0,ELASTIC_RELOADING,,False,False
BH032,425,4.250000476837158,0.4476398255085347,3944,2,5,SHELF_NORMAL_Y_NEG,1057,5,5.056624336026129,-6.120484312081587,-51.20003560837156,0.0003882711440329,-9.063744522941472e-05,3.235229031125432e-05,-0.0001349464973638,6.086340456642808e-05,-7.760398313263251e-05,7.662585994694382e-05,1.393656248183106e-06,,0.0175297036767005,0.0033569058869034,0.0175876412540674,6.792705171774604e-05,0.00013590055495,8.430604066234082e-05,0.4517210917413153,0.5461717617045152,0.0148050321964645,0.5085015128751951,3941.9164490917024,1,1,TRUE_ELASTIC_UNLOADING,0.0001918404253213,True,True
BH032,426,4.260000705718994,0.4472340277999057,3944,2,5,SHELF_NORMAL_Y_NEG,1057,5,5.056624336026129,-6.1843343132408695,-51.187022236018976,0.0003895658497631,-8.64140406961584e-05,3.36742368449849e-05,-0.0001312271656687,6.086347388828484e-05,-7.760397840664975e-05,7.662585994694382e-05,1.393656248183106e-06,,0.0175297036767005,0.0033569058869034,0.0175873488187789,6.792705171774604e-05,0.00013590055495,8.430604066234082e-05,0.4525795244005809,0.5485356430634594,0.0148233588692935,0.508325486738415,,0,0,ELASTIC_RELOADING,,False,False
BH032,427,4.269999980926514,0.4464220660442977,3944,2,5,SHELF_NORMAL_Y_NEG,1057,5,5.056624336026129,-6.138530609919049,-51.10769466730315,0.0003868210137896,-9.097742914006236e-05,3.139054774238355e-05,-0.00013556113903,6.086375082061009e-05,-7.760398166456082e-05,7.662585994694382e-05,1.393656248183106e-06,,0.0175297036767005,0.0033569058869034,0.017588110640645,6.792705171774604e-05,0.00013590055495,8.430604066234082e-05,0.4519672673097927,0.5480343519482218,0.0148428313521583,0.5080604851378712,,0,0,TRUE_ELASTIC_UNLOADING,4.194100450627403e-05,True,False
BH032,428,4.28000020980835,0.4460738663992855,3944,2,5,SHELF_NORMAL_Y_NEG,1057,5,5.056624336026129,-6.145697270269927,-51.11722509535034,0.0003878494197125,-8.979490033002237e-05,3.2374531631977046e-05,-0.0001344066928454,6.086390713836603e-05,-7.760398197518999e-05,7.662585994694382e-05,1.393656248183106e-06,,0.0175297036767005,0.0033569058869034,0.0175879336893558,6.792705171774604e-05,0.00013590055495,8.430604066234082e-05,0.4524958426656638,0.5489180753037294,0.0148602489282041,0.5079547201456462,,0,0,ELASTIC_RELOADING,,False,False
BH032,429,4.2900004386901855,0.4457321548305346,3944,2,5,SHELF_NORMAL_Y_NEG,1057,5,5.056624336026129,-6.105503836175029,-51.01693190179099,0.0003892080066601,-8.814090258159064e-05,3.444644921362793e-05,-0.0001324548005883,6.086414773929581e-05,-7.760397637397135e-05,7.662585994694382e-05,1.393656248183106e-06,,0.0175297036767005,0.0033569058869034,0.0175874065607786,6.792705171774604e-05,0.00013590055495,8.430604066234082e-05,0.4515311092500961,0.546668089089235,0.0148759182107572,0.5076969668891271,,0,0,TRUE_ELASTIC_UNLOADING,-7.288766506574618e-05,True,False
BH032,430,4.3000006675720215,0.4452718602932137,3944,2,5,SHELF_NORMAL_Y_NEG,1057,5,5.056624336026129,-6.140912064037758,-51.03178957739542,0.000390268010172,-8.662989113720305e-05,3.5377517367206595e-05,-0.0001312147790109,6.086416141603469e-05,-7.760399255424104e-05,7.662585994694382e-05,1.393656248183106e-06,,0.0175297036767005,0.0033569058869034,0.0175883434712886,6.792705171774604e-05,0.00013590055495,8.430604066234082e-05,0.4503978555432429,0.5537974676478777,0.0148945908995355,0.5076589430198681,,0,0,TRUE_ELASTIC_UNLOADING,-0.0003877618248349,True,False
BH032,431,4.309999942779541,0.4447156314808386,3944,2,5,SHELF_NORMAL_Y_NEG,1057,5,5.056624336026129,-6.082865487004147,-50.93423556142661,0.000389100816973,-8.734206089006926e-05,3.4789968298962654e-05,-0.0001316203975288,6.0864410103607e-05,-7.760396993074187e-05,7.662585994694382e-05,1.393656248183106e-06,,0.0175297036767005,0.0033569058869034,0.0175869390368461,6.792705171774604e-05,0.00013590055495,8.430604066234082e-05,0.4509082760331401,0.546208704746277,0.0149094405658961,0.5073132691205868,,0,0,ELASTIC_RELOADING,,False,False
BH032,432,4.320000171661377,0.4425089835520111,3944,2,5,SHELF_NORMAL_Y_NEG,1057,5,5.056624336026129,-6.067514002151649,-50.81304374895767,0.0003881292816436,-8.683954080288664e-05,3.471944190844593e-05,-0.0001309484836706,6.0864461024139104e-05,-7.760404440835389e-05,7.662585994694382e-05,1.393656248183106e-06,,0.0175297036767005,0.0033569058869034,0.017588460817933,6.792705171774604e-05,0.00013590055495,8.430604066234082e-05,0.4498407558011967,0.5522105362067857,0.0149293684329845,0.5069325369019968,,0,0,TRUE_ELASTIC_UNLOADING,-1.2839215967064275e-05,True,True
BH032,433,4.330000400543213,0.4408782653837624,3944,2,5,SHELF_NORMAL_Y_NEG,1057,5,5.056624336026129,-5.986559011463743,-50.65163878930605,0.0003874077951401,-8.796210762750394e-05,3.512580436862821e-05,-0.0001314993073077,6.086463288705116e-05,-7.760421563405393e-05,7.662585994694382e-05,1.393656248183106e-06,,0.0175297036767005,0.0033569058869034,0.0175876412540674,6.792705171774604e-05,0.00013590055495,8.430604066234082e-05,0.447784704523455,0.5482046043900435,0.0149637651826862,0.5068765114579176,,0,0,TRUE_ELASTIC_UNLOADING,0.0001578006343233,True,True
BH032,434,4.340000629425049,0.4409155318345669,3944,2,5,SHELF_NORMAL_Y_NEG,1057,5,5.056624336026129,-5.915859094039135,-50.57443811699636,0.0003877500946511,-8.745804124761026e-05,3.589374210956174e-05,-0.0001306145387916,6.08650519315633e-05,-7.760457591181907e-05,7.662585994694382e-05,1.393656248183106e-06,,0.0175297036767005,0.0033569058869034,0.017589047551155,6.792705171774604e-05,0.00013590055495,8.430604066234082e-05,0.4496805141311417,0.5264582532243907,0.0149663338908316,0.5062182239744202,,0,0,ELASTIC_RELOADING,,False,False
BH032,435,4.349999904632568,0.4408510981853487,3944,2,5,SHELF_NORMAL_Y_NEG,1057,5,5.056624336026129,-6.074248004464035,-50.72293788850786,0.0003919997630149,-8.367105624108515e-05,3.921108778862396e-05,-0.0001278282345729,6.08644666454105e-05,-7.760404230386055e-05,7.662585994694382e-05,1.393656248183106e-06,,0.0175297036767005,0.0033569058869034,0.0175886377692222,6.792705171774604e-05,0.00013590055495,8.430604066234082e-05,0.4479048869524547,0.5594409517166888,0.0149862016551109,0.5067121728370363,,0,0,TRUE_ELASTIC_UNLOADING,0.000150310411518,True,True
BH032,436,4.360000133514404,0.4405654035880545,3944,2,5,SHELF_NORMAL_Y_NEG,1057,5,5.056624336026129,-5.990227181246661,-50.61186481779489,0.0003906402946522,-8.512734073137882e-05,3.853990413038515e-05,-0.0001287832314612,6.086459051496669e-05,-7.760431157085275e-05,7.662585994694382e-05,1.393656248183106e-06,,0.0175297036767005,0.0033569058869034,0.017588460817933,6.792705171774604e-05,0.00013590055495,8.430604066234082e-05,0.4459785852474584,0.548521978755012,0.0149950473258828,0.5062205843581002,,0,0,TRUE_ELASTIC_UNLOADING,-7.460391301394864e-05,True,False
BH032,437,4.37000036239624,0.4400920205705095,3944,2,5,SHELF_NORMAL_Y_NEG,1057,5,5.056624336026129,-5.978055249236325,-50.60976349440437,0.0003924951371905,-8.389485420297695e-05,4.04682531495676e-05,-0.00012740762595,6.086488464594192e-05,-7.76042418008419e-05,7.662585994694382e-05,1.393656248183106e-06,,0.0175297036767005,0.0033569058869034,0.0175872314721345,6.792705171774604e-05,0.00013590055495,8.430604066234082e-05,0.4502753065648125,0.5378973681043167,0.015010974194536,0.5060589180210946,,0,0,ELASTIC_RELOADING,,False,False
BH032,438,4.380000591278076,0.4395850630068596,3944,2,5,SHELF_NORMAL_Y_NEG,1057,5,5.056624336026129,-5.979466269963523,-50.526068514268495,0.0003910023733523,-8.342648837285165e-05,3.948961830766671e-05,-0.0001270134214521,6.086461948219454e-05,-7.760401373241492e-05,7.662585994694382e-05,1.393656248183106e-06,,0.0175297036767005,0.0033569058869034,0.0175894573330879,6.792705171774604e-05,0.00013590055495,8.430604066234082e-05,0.4451392165069593,0.5524131413114596,0.0150298562085929,0.5061477359816411,,0,0,TRUE_ELASTIC_UNLOADING,0.0001774965209744,True,True
BH032,439,4.389999866485596,0.4396389423678411,3944,2,5,SHELF_NORMAL_Y_NEG,1057,5,5.056624336026129,-6.009586159793011,-50.55635418948369,0.000389803291499,-8.363154199324068e-05,3.804608869958969e-05,-0.0001274617768454,6.0864689648099335e-05,-7.760403882431831e-05,7.662585994694382e-05,1.393656248183106e-06,,0.0175297036767005,0.0033569058869034,0.017589047551155,6.792705171774604e-05,0.00013590055495,8.430604066234082e-05,0.4489254658375131,0.5456706560880163,0.015031541285723,0.5058188048283284,,0,0,ELASTIC_RELOADING,,False,False
BH032,440,4.400000095367432,0.4385433861683665,3944,2,5,SHELF_NORMAL_Y_NEG,1057,5,5.056624336026129,-5.9452212492542085,-50.44864261994346,0.0003908297894206,-8.342143981375635e-05,3.993599258429381e-05,-0.0001266878999861,6.0864715279186384e-05,-7.760405186397156e-05,7.662585994694382e-05,1.393656248183106e-06,,0.0175297036767005,0.0033569058869034,0.0175886955112218,6.792705171774604e-05,0.00013590055495,8.430604066234082e-05,0.445888273841744,0.5534971025865008,0.0150553515249125,0.505769513518225,,0,0,TRUE_ELASTIC_UNLOADING,-4.381200763670101e-05,True,True
BH032,441,4.410000324249268,0.4381652011154812,3944,2,5,SHELF_NORMAL_Y_NEG,1057,5,5.056624336026129,-5.917290143216443,-50.43547615467934,0.000393883711,-7.95613459410561e-05,4.277306984324853e-05,-0.000122942590705,6.086480871332417e-05,-7.760418442516497e-05,7.662585994694382e-05,1.393656248183106e-06,,0.0175297036767005,0.0033569058869034,0.017585065215826,6.792705171774604e-05,0.00013590055495,8.430604066234082e-05,0.4452364498075625,0.5408862098564662,0.0150655683610118,0.5054829235135543,,0,0,TRUE_ELASTIC_UNLOADING,3.188301954604178e-05,True,True
BH032,442,4.420000553131104,0.4379798034570907,3944,2,5,SHELF_NORMAL_Y_NEG,1057,5,5.056624336026129,-5.973673418629644,-50.45009796020728,0.0003934236212706,-8.031997402316391e-05,4.243419696357991e-05,-0.0001238686756925,6.0864752923703736e-05,-7.760414762498141e-05,7.662585994694382e-05,1.393656248183106e-06,,0.0175297036767005,0.0033569058869034,0.0175865292549133,6.792705171774604e-05,0.00013590055495,8.430604066234082e-05,0.4473770500728227,0.547162704174288,0.0150740564015275,0.5053677564954839,,0,0,ELASTIC_RELOADING,,False,False
BH032,443,4.429999828338623,0.4376911219038021,3944,2,5,SHELF_NORMAL_Y_NEG,1057,5,5.056624336026129,-5.9525336002763325,-50.41787957110503,0.0003947674893313,-7.894487295763268e-05,4.418590940844885e-05,-0.0001221623102249,6.086481149207444e-05,-7.760373037092195e-05,7.662585994694382e-05,1.393656248183106e-06,,0.0175297036767005,0.0033569058869034,0.0175899248570203,6.792705171774604e-05,0.00013590055495,8.430604066234082e-05,0.4460170288346936,0.560955242877905,0.0150892477510327,0.505525182098432,,0,0,TRUE_ELASTIC_UNLOADING,0.0002131568629483,True,False
BH032,444,4.440000057220459,0.4373698591590481,3944,2,5,SHELF_NORMAL_Y_NEG,1057,5,5.056624336026129,-5.901545792052161,-50.34081512936702,0.0003966061277833,-7.640469170654444e-05,4.627681807610861e-05,-0.0001195501119852,6.08649966973887e-05,-7.760398769446697e-05,7.662585994694382e-05,1.393656248183106e-06,,0.0175297036767005,0.0033569058869034,0.0175868812948465,6.792705171774604e-05,0.00013590055495,8.430604066234082e-05,0.445732646830793,0.5375167925719107,0.0150954008627584,0.5050431508689743,,0,0,TRUE_ELASTIC_UNLOADING,2.153375161517701e-05,True,True
BH032,445,4.450000286102295,0.437148562108046,3944,2,5,SHELF_NORMAL_Y_NEG,1057,5,5.056624336026129,-5.935211955430983,-50.3843746802029,0.0003975169354282,-7.622243742313258e-05,4.68528998363092e-05,-0.0001196341961156,6.086469496990894e-05,-7.760399641092169e-05,7.662585994694382e-05,1.393656248183106e-06,,0.0175297036767005,0.0033569058869034,0.0175876412540674,6.792705171774604e-05,0.00013590055495,8.430604066234082e-05,0.4456246645272115,0.5544281028155559,0.0151111903251471,0.5052238114462986,,0,0,AMBIGUOUS,,False,False
BH032,446,4.460000514984131,0.4369147031287713,3944,2,5,SHELF_NORMAL_Y_NEG,1057,5,5.056624336026129,-5.950102175743988,-50.34879810782186,0.0003978014400776,-7.547934521225336e-05,4.756943108170684e-05,-0.0001188079261061,6.086454874450742e-05,-7.760387051231048e-05,7.662585994694382e-05,1.393656248183106e-06,,0.0175297036767005,0.0033569058869034,0.017588460817933,6.792705171774604e-05,0.00013590055495,8.430604066234082e-05,0.4451347684743414,0.5537759753062802,0.0151155464018973,0.5050463064730684,,0,0,TRUE_ELASTIC_UNLOADING,-1.2887267985872697e-05,True,True
BH032,447,4.46999979019165,0.4365609414134342,3944,2,5,SHELF_NORMAL_Y_NEG,1057,5,5.056624336026129,-5.907517601401986,-50.31155296320583,0.0003989833399071,-7.26621776932267e-05,4.8934190365772966e-05,-0.0001157709906322,6.086470022357433e-05,-7.760377921851627e-05,7.662585994694382e-05,1.393656248183106e-06,,0.0175297036767005,0.0033569058869034,0.017587523907423,6.792705171774604e-05,0.00013590055495,8.430604066234082e-05,0.445599236833439,0.5526750429518601,0.0151272468679985,0.5049202064832363,,0,0,ELASTIC_RELOADING,,False,False
BH032,448,4.480000019073486,0.4358473447047279,3944,2,5,SHELF_NORMAL_Y_NEG,1057,5,5.056624336026129,-5.8811666605378585,-50.2450863640632,0.0004005652262527,-7.26437397048996e-05,5.092338151083131e-05,-0.0001156225450214,6.086469174339717e-05,-7.760385319129863e-05,7.662585994694382e-05,1.393656248183106e-06,,0.0175297036767005,0.0033569058869034,0.017588460817933,6.792705171774604e-05,0.00013590055495,8.430604066234082e-05,0.4460276616496464,0.547943619898519,0.0151416957986995,0.5048029774489553,,0,0,ELASTIC_RELOADING,,False,False
BH032,449,4.490000247955322,0.4358215315533713,3944,2,5,SHELF_NORMAL_Y_NEG,1057,5,5.056624336026129,-5.878875305325494,-50.23366655194685,0.0003991942217544,-7.290277295071419e-05,4.965164920987686e-05,-0.0001158454060024,6.0864489772859976e-05,-7.76038988214613e-05,7.662585994694382e-05,1.393656248183106e-06,,0.0175297036767005,0.0033569058869034,0.017586002126336,6.792705171774604e-05,0.00013590055495,8.430604066234082e-05,0.444345417347301,0.5499799671335406,0.0151451277640821,0.5046894211718428,,0,0,TRUE_ELASTIC_UNLOADING,-4.857728886520363e-05,True,True
BH032,450,4.500000476837158,0.4356388879393655,3944,2,5,SHELF_NORMAL_Y_NEG,1057,5,5.056624336026129,-5.920279959039806,-50.25165323586393,0.0003995912129545,-7.210212818323605e-05,5.005273657524101e-05,-0.0001152025404369,6.086433533928802e-05,-7.760363028358556e-05,7.662585994694382e-05,1.393656248183106e-06,,0.0175297036767005,0.0033569058869034,0.0175885781645774,6.792705171774604e-05,0.00013590055495,8.430604066234082e-05,0.4451040683179799,0.5609001499453885,0.0151567675819271,0.504745916092197,1126.8241977298037,1,1,ELASTIC_RELOADING,,False,False
BH032,451,4.510000705718994,0.4351907426493577,3944,2,5,SHELF_NORMAL_Y_NEG,1057,5,5.056624336026129,-5.898560302912822,-50.207782107661245,0.0004003046488048,-7.164876877905724e-05,5.0939970562071584e-05,-0.0001147285036708,6.08646372675264e-05,-7.760393806487762e-05,7.662585994694382e-05,1.393656248183106e-06,,0.0175297036767005,0.0033569058869034,0.0175886955112218,6.792705171774604e-05,0.00013590055495,8.430604066234082e-05,0.4451236345529981,0.5467056363912184,0.0151648195855535,0.5045186434873685,,0,0,ELASTIC_RELOADING,,False,False
BH032,452,4.519999980926514,0.4349086548107337,3944,2,5,SHELF_NORMAL_Y_NEG,1057,5,5.056624336026129,-5.874396787004847,-50.17927932431954,0.0004015334695588,-6.926719386102492e-05,5.241430530945697e-05,-0.0001121314096956,6.086454622835705e-05,-7.760375199818116e-05,7.662585994694382e-05,1.393656248183106e-06,,0.0175297036767005,0.0033569058869034,0.0175873488187789,6.792705171774604e-05,0.00013590055495,8.430604066234082e-05,0.4429205725668844,0.5534855654844268,0.015174344776773,0.5044457634520596,,0,0,TRUE_ELASTIC_UNLOADING,1.6830560827907348e-05,True,True
BH032,453,4.53000020980835,0.43469323904528,3944,2,5,SHELF_NORMAL_Y_NEG,1057,5,5.056624336026129,-5.895722926059806,-50.20082656258673,0.0003988321265152,-7.286014128314523e-05,4.935962541308429e-05,-0.000116076165635,6.08644885825358e-05,-7.760378638451613e-05,7.662585994694382e-05,1.393656248183106e-06,,0.0175297036767005,0.0033569058869034,0.0175853576511144,6.792705171774604e-05,0.00013590055495,8.430604066234082e-05,0.4460815360229944,0.5564415080379534,0.0151840521904467,0.5045350477075099,,0,0,ELASTIC_RELOADING,,False,False
BH032,454,4.5400004386901855,0.4343876337455403,3944,2,5,SHELF_NORMAL_Y_NEG,1057,5,5.056624336026129,-5.875296910741275,-50.13154724002414,0.0003990875639546,-7.261272327357677e-05,5.0177908275256e-05,-0.0001156035978749,6.0864687436990685e-05,-7.76035630813218e-05,7.662585994694382e-05,1.393656248183106e-06,,0.0175297036767005,0.0033569058869034,0.0175876412540674,6.792705171774604e-05,0.00013590055495,8.430604066234082e-05,0.4422069238066501,0.5542656221056304,0.0151885059513624,0.5042956738321345,,0,0,TRUE_ELASTIC_UNLOADING,-6.160895593687599e-06,True,True
BH032,455,4.5500006675720215,0.4340256884314497,3944,2,5,SHELF_NORMAL_Y_NEG,1057,5,5.056624336026129,-5.860842865998047,-50.13433039876454,0.0004003785172723,-7.311464559269128e-05,5.158773675423029e-05,-0.0001158674938566,6.086463296609551e-05,-7.760355732382417e-05,7.662585994694382e-05,1.393656248183106e-06,,0.0175297036767005,0.0033569058869034,0.0175892822444438,6.792705171774604e-05,0.00013590055495,8.430604066234082e-05,0.4448680297290169,0.5547235897910809,0.0152011400945982,0.5043104272327825,,0,0,ELASTIC_RELOADING,,False,False
BH032,456,4.559999942779541,0.433479695787143,3944,2,5,SHELF_NORMAL_Y_NEG,1057,5,5.056624336026129,-5.874299127970564,-50.083760310033576,0.0003991435278323,-7.17151634371221e-05,5.074696801804344e-05,-0.0001145163694581,6.086477206260942e-05,-7.760368016660286e-05,7.662585994694382e-05,1.393656248183106e-06,,0.0175297036767005,0.0033569058869034,0.0175889302045106,6.792705171774604e-05,0.00013590055495,8.430604066234082e-05,0.4429885459897008,0.5504312463549182,0.0152063067419954,0.504139500044323,,0,0,TRUE_ELASTIC_UNLOADING,-2.61247952881849e-05,True,True
BH032,457,4.570000171661377,0.4335176500530248,3944,2,5,SHELF_NORMAL_Y_NEG,1057,5,5.056624336026129,-5.873640220489114,-50.078215400914026,0.0003999678804448,-7.167334459170214e-05,5.1467523412962576e-05,-0.0001146121220351,6.086471121350472e-05,-7.760366781440623e-05,7.662585994694382e-05,1.393656248183106e-06,,0.0175297036767005,0.0033569058869034,0.0175884030759334,6.792705171774604e-05,0.00013590055495,8.430604066234082e-05,0.4427666190050984,0.5612821790819319,0.0152117841694424,0.5041826712652465,,0,0,TRUE_ELASTIC_UNLOADING,2.2466462571424373e-06,True,True
BH032,458,4.580000400543213,0.4333159814502223,3944,2,5,SHELF_NORMAL_Y_NEG,1057,5,5.056624336026129,-5.868268354721846,-50.083980484419264,0.0004012853140653,-6.989516872895653e-05,5.263680909063282e-05,-0.0001129051105951,6.086462902616792e-05,-7.760371225408271e-05,7.662585994694382e-05,1.393656248183106e-06,,0.0175297036767005,0.0033569058869034,0.0175864119082689,6.792705171774604e-05,0.00013590055495,8.430604066234082e-05,0.4447997539418006,0.554478802539107,0.0152199326716843,0.5041311311081275,,0,0,ELASTIC_RELOADING,,False,False
BH032,459,4.590000629425049,0.4331116435490959,3944,2,5,SHELF_NORMAL_Y_NEG,1057,5,5.056624336026129,-5.838522200156194,-50.07296824946317,0.000403671857873,-6.850473768827835e-05,5.519328416370983e-05,-0.0001112152511488,6.086457153584693e-05,-7.760364689968705e-05,7.662585994694382e-05,1.393656248183106e-06,,0.0175297036767005,0.0033569058869034,0.017587523907423,6.792705171774604e-05,0.00013590055495,8.430604066234082e-05,0.4413525528586585,0.5551535939716645,0.0152266785141917,0.5040459800504264,,0,0,TRUE_ELASTIC_UNLOADING,-9.215773867343736e-05,True,True
BH032,460,4.599999904632568,0.432977067466745,3944,2,5,SHELF_NORMAL_Y_NEG,1057,5,5.056624336026129,-5.866985584951282,-50.0892350202064,0.0004012690073449,-6.916746625532186e-05,5.2688651365997416e-05,-0.0001120640703776,6.086470788479011e-05,-7.760353594542227e-05,7.662585994694382e-05,1.393656248183106e-06,,0.0175297036767005,0.0033569058869034,0.0175871141254901,6.792705171774604e-05,0.00013590055495,8.430604066234082e-05,0.4444169857943365,0.5581302222511284,0.0152340081776496,0.5041020763693731,,0,0,ELASTIC_RELOADING,,False,False
BH032,461,4.610000133514404,0.4330235730002393,3944,2,5,SHELF_NORMAL_Y_NEG,1057,5,5.056624336026129,-5.86447841234286,-50.05360820409922,0.0003985963640768,-7.374283462854543e-05,5.0377793853403473e-05,-0.0001165065906231,6.086448219555323e-05,-7.760354844269319e-05,7.662585994694382e-05,1.393656248183106e-06,,0.0175297036767005,0.0033569058869034,0.0175886377692222,6.792705171774604e-05,0.00013590055495,8.430604066234082e-05,0.4419801698058425,0.5584229064385603,0.015237209386273,0.504029406092507,,0,0,TRUE_ELASTIC_UNLOADING,-5.46430955807864e-05,True,True
BH032,462,4.62000036239624,0.4326611196656676,3944,2,5,SHELF_NORMAL_Y_NEG,1057,5,5.056624336026129,-5.865128129598122,-50.0599102996872,0.000397529246425,-7.3921288508517e-05,4.928313718578051e-05,-0.0001166735117793,6.086477404589944e-05,-7.76035146607654e-05,7.662585994694382e-05,1.393656248183106e-06,,0.0175297036767005,0.0033569058869034,0.0175886377692222,6.792705171774604e-05,0.00013590055495,8.430604066234082e-05,0.4428937970083932,0.5574379639786947,0.0152436497862452,0.5039805261880667,,0,0,ELASTIC_RELOADING,,False,False
BH032,463,4.630000591278076,0.4324036101639177,3944,2,5,SHELF_NORMAL_Y_NEG,1057,5,5.056624336026129,-5.8417634712723965,-50.024889362867945,0.0003955563345405,-7.584831283040123e-05,4.752065678593142e-05,-0.0001184706779701,6.086477038083413e-05,-7.760357459636751e-05,7.662585994694382e-05,1.393656248183106e-06,,0.0175297036767005,0.0033569058869034,0.0175900422036647,6.792705171774604e-05,0.00013590055495,8.430604066234082e-05,0.4426765301494047,0.5588487446079125,0.0152511205854949,0.5039763304285403,,0,0,TRUE_ELASTIC_UNLOADING,-4.4827462783336713e-05,True,False
BH032,464,4.639999866485596,0.432296013769604,3944,2,5,SHELF_NORMAL_Y_NEG,1057,5,5.056624336026129,-5.834578174916494,-50.01053310560155,0.00039813326408,-7.325678425551562e-05,5.015883760942688e-05,-0.0001158674669655,6.086468307790666e-05,-7.760358245961253e-05,7.662585994694382e-05,1.393656248183106e-06,,0.0175297036767005,0.0033569058869034,0.017589047551155,6.792705171774604e-05,0.00013590055495,8.430604066234082e-05,0.4420451042548842,0.5577501429892873,0.0152539863047947,0.5039385920733359,,0,0,TRUE_ELASTIC_UNLOADING,4.706374710261585e-05,True,True
BH032,465,4.650000095367432,0.4322196945755351,3944,2,5,SHELF_NORMAL_Y_NEG,1057,5,5.056624336026129,-5.85228527496808,-49.99013874941616,0.0003973821191058,-7.458227813985524e-05,4.957105887588181e-05,-0.0001172929687306,6.086455916406e-05,-7.760365063682847e-05,7.662585994694382e-05,1.393656248183106e-06,,0.0175297036767005,0.0033569058869034,0.0175901595503091,6.792705171774604e-05,0.00013590055495,8.430604066234082e-05,0.4434309641387666,0.5603908132529842,0.0152581592438085,0.5038932541444461,,0,0,ELASTIC_RELOADING,,False,False
BH032,466,4.660000324249268,0.431970333533436,3944,2,5,SHELF_NORMAL_Y_NEG,1057,5,5.056624336026129,-5.866777151026251,-50.01448992374711,0.0003970558316788,-7.532853224109749e-05,4.8895348352519e-05,-0.0001183204940968,6.086464731752162e-05,-7.760367260721439e-05,7.662585994694382e-05,1.393656248183106e-06,,0.0175297036767005,0.0033569058869034,0.0175869967788457,6.792705171774604e-05,0.00013590055495,8.430604066234082e-05,0.4413483977506358,0.5596501114022369,0.0152615031604899,0.503837050907649,,0,0,TRUE_ELASTIC_UNLOADING,-3.644646371125937e-05,True,True
BH032,467,4.670000553131104,0.4317695860913512,3944,2,5,SHELF_NORMAL_Y_NEG,1057,5,5.056624336026129,-5.859044585574418,-49.99150346457824,0.0003946003181901,-7.707628448421172e-05,4.672720042532002e-05,-0.0001198863224401,6.086458898953544e-05,-7.760367844892236e-05,7.662585994694382e-05,1.393656248183106e-06,,0.0175297036767005,0.0033569058869034,0.0175888705998659,6.792705171774604e-05,0.00013590055495,8.430604066234082e-05,0.4424584659958014,0.5583706217580746,0.015263825634577,0.5037357297525652,,0,0,ELASTIC_RELOADING,,False,False
BH032,468,4.679999828338623,0.4313671743577626,3944,2,5,SHELF_NORMAL_Y_NEG,1057,5,5.056624336026129,-5.83283735615178,-49.94356934617569,0.0003918624276769,-7.945091306144677e-05,4.4241922561885e-05,-0.0001221585242361,6.086458097644241e-05,-7.760368606583543e-05,7.662585994694382e-05,1.393656248183106e-06,,0.0175297036767005,0.0033569058869034,0.017587523907423,6.792705171774604e-05,0.00013590055495,8.430604066234082e-05,0.4411656787358627,0.5629326996310402,0.015267134001979,0.5036139723964305,,0,0,TRUE_ELASTIC_UNLOADING,0.0002279843822461,True,False
BH032,469,4.690000057220459,0.4312097837186979,3944,2,5,SHELF_NORMAL_Y_NEG,1057,5,5.056624336026129,-5.84843205303934,-49.943091765489015,0.0003913761460472,-7.941010907745565e-05,4.369545010102661e-05,-0.0001222890097762,6.086480017275944e-05,-7.760368407876259e-05,7.662585994694382e-05,1.393656248183106e-06,,0.0175297036767005,0.0033569058869034,0.0175891052931547,6.792705171774604e-05,0.00013590055495,8.430604066234082e-05,0.4422467233039394,0.5593664397590901,0.0152697632479663,0.5035810532502827,,0,0,ELASTIC_RELOADING,,False,False
BH032,470,4.700000286102295,0.4308033821112772,3944,2,5,SHELF_NORMAL_Y_NEG,1057,5,5.056624336026129,-5.819806370052996,-49.88765746737551,0.0003913044157084,-7.885012344648122e-05,4.4074465701427927e-05,-0.0001214635912138,6.086502621349903e-05,-7.760367619058802e-05,7.662585994694382e-05,1.393656248183106e-06,,0.0175297036767005,0.0033569058869034,0.0175881683826446,6.792705171774604e-05,0.00013590055495,8.430604066234082e-05,0.4407369346390036,0.5605839777338604,0.0152712803268719,0.5034162541982243,,0,0,TRUE_ELASTIC_UNLOADING,9.456741384594736e-05,True,True
BH032,471,4.710000514984131,0.4306876423646475,3944,2,5,SHELF_NORMAL_Y_NEG,1057,5,5.056624336026129,-5.860789258085781,-49.90409060735991,0.0003935050243327,-7.70813298772877e-05,4.614232877937519e-05,-0.0001199972419102,6.0864741254411976e-05,-7.760368242338513e-05,7.662585994694382e-05,1.393656248183106e-06,,0.0175297036767005,0.0033569058869034,0.0175892226397991,6.792705171774604e-05,0.00013590055495,8.430604066234082e-05,0.4413055796655025,0.5614048428233883,0.0152738304001292,0.5034404474695058,,0,0,ELASTIC_RELOADING,,False,False
BH032,472,4.71999979019165,0.4304766462340554,3944,2,5,SHELF_NORMAL_Y_NEG,1057,5,5.056624336026129,-5.819446469926198,-49.8459880119044,0.000394659068915,-7.596815959277936e-05,4.775111660785489e-05,-0.000118545179582,6.0864807486067214e-05,-7.76036769977088e-05,7.662585994694382e-05,1.393656248183106e-06,,0.0175297036767005,0.0033569058869034,0.0175903346389532,6.792705171774604e-05,0.00013590055495,8.430604066234082e-05,0.4409448806360184,0.5634319487062222,0.0152746701231031,0.5032952434614788,,0,0,TRUE_ELASTIC_UNLOADING,1.2888246607833942e-05,True,True
BH032,473,4.730000019073486,0.4299745822852734,3944,2,5,SHELF_NORMAL_Y_NEG,1057,5,5.056624336026129,-5.791897245151364,-49.84301405140887,0.0003934827164223,-7.68158286156991e-05,4.653226519539118e-05,-0.000119265472426,6.086461074344883e-05,-7.76036725195666e-05,7.662585994694382e-05,1.393656248183106e-06,,0.0175297036767005,0.0033569058869034,0.0175867639482021,6.792705171774604e-05,0.00013590055495,8.430604066234082e-05,0.4409590763822295,0.5599412318201216,0.0152766609436803,0.5032431119139706,,0,0,ELASTIC_RELOADING,,False,False
BH032,474,4.740000247955322,0.4298113577355815,3944,2,5,SHELF_NORMAL_Y_NEG,1057,5,5.056624336026129,-5.784845455317671,-49.78979727175415,0.0003911259194199,-8.002748617998439e-05,4.461044219324661e-05,-0.0001223612688229,6.086443685870731e-05,-7.76036857779852e-05,7.662585994694382e-05,1.393656248183106e-06,,0.0175297036767005,0.0033569058869034,0.0175888128578662,6.792705171774604e-05,0.00013590055495,8.430604066234082e-05,0.4403241225936071,0.5624917187059342,0.0152796644268104,0.5031965142729842,,0,0,TRUE_ELASTIC_UNLOADING,3.758279939303222e-05,True,False
BH032,475,4.750000476837158,0.42959138245544,3944,2,5,SHELF_NORMAL_Y_NEG,1057,5,5.056624336026129,-5.829586298018865,-49.819009867834986,0.0003918715061644,-7.825080760200283e-05,4.521040158485287e-05,-0.000120837555708,6.086442210907936e-05,-7.760365491100589e-05,7.662585994694382e-05,1.393656248183106e-06,,0.0175297036767005,0.0033569058869034,0.0175893977284431,6.792705171774604e-05,0.00013590055495,8.430604066234082e-05,0.4401990634094861,0.5631467463695233,0.0152801656885515,0.5031549654183812,1028.2238055995606,1,1,AMBIGUOUS,,False,False
BH032,476,4.760000705718994,0.4293372121905009,3944,2,5,SHELF_NORMAL_Y_NEG,1057,5,5.056624336026129,-5.799521103402171,-49.77430297491421,0.0003902048987473,-8.07689014177698e-05,4.372720915592741e-05,-0.0001232734444317,6.0864182550775446e-05,-7.760365367205818e-05,7.662585994694382e-05,1.393656248183106e-06,,0.0175297036767005,0.0033569058869034,0.0175892822444438,6.792705171774604e-05,0.00013590055495,8.430604066234082e-05,0.4401196440634459,0.5609096718590916,0.0152834445779837,0.5031046671472222,,0,0,AMBIGUOUS,,False,False
BH032,477,4.769999980926514,0.4289607538675749,3944,2,5,SHELF_NORMAL_Y_NEG,1057,5,5.056624336026129,-5.764197616824355,-49.752875798286574,0.0003910168679259,-7.9042352992205e-05,4.472473126168589e-05,-0.0001212652856369,6.08643861888322e-05,-7.760365155920913e-05,7.662585994694382e-05,1.393656248183106e-06,,0.0175297036767005,0.0033569058869034,0.0175891648977994,6.792705171774604e-05,0.00013590055495,8.430604066234082e-05,0.4403495152866984,0.563439800545182,0.015285088707313,0.5030505465116071,,0,0,ELASTIC_RELOADING,,False,False
BH032,478,4.78000020980835,0.4287270194853944,3944,2,5,SHELF_NORMAL_Y_NEG,1057,5,5.056624336026129,-5.810159303773925,-49.73555698690696,0.0003948027288307,-7.482325771297781e-05,4.860928680755123e-05,-0.0001173849185162,6.086421897906186e-05,-7.760365161645225e-05,7.662585994694382e-05,1.393656248183106e-06,,0.0175297036767005,0.0033569058869034,0.0175876412540674,6.792705171774604e-05,0.00013590055495,8.430604066234082e-05,0.4388828776462907,0.5605130041874471,0.0152858514635755,0.5029664224187965,,0,0,TRUE_ELASTIC_UNLOADING,-8.704713796214847e-06,True,True
BH032,479,4.7900004386901855,0.4283273843241445,3944,2,5,SHELF_NORMAL_Y_NEG,1057,5,5.056624336026129,-5.795197377213445,-49.728566771734606,0.0003918695165712,-7.80134250809529e-05,4.568498394260997e-05,-0.0001205110724938,6.0864083380217016e-05,-7.760369030141872e-05,7.662585994694382e-05,1.393656248183106e-06,,0.0175297036767005,0.0033569058869034,0.017588460817933,6.792705171774604e-05,0.00013590055495,8.430604066234082e-05,0.4404695213995001,0.5654816412755526,0.0152888077290512,0.5029869699201461,,0,0,ELASTIC_RELOADING,,False,False
BH032,480,4.8000006675720215,0.428152413417701,3944,2,5,SHELF_NORMAL_Y_NEG,1057,5,5.056624336026129,-5.781690227739986,-49.69802817830909,0.0003918873107948,-7.755067192744599e-05,4.593921597689522e-05,-0.000119929610405,6.086413164305672e-05,-7.760368188265584e-05,7.662585994694382e-05,1.393656248183106e-06,,0.0175297036767005,0.0033569058869034,0.0175891052931547,6.792705171774604e-05,0.00013590055495,8.430604066234082e-05,0.4397357969589584,0.5603695076385069,0.0152893774845448,0.5028989870499392,,0,0,TRUE_ELASTIC_UNLOADING,5.057590967139092e-07,True,True
BH032,481,4.809999942779541,0.4278583928959894,3944,2,5,SHELF_NORMAL_Y_NEG,1057,5,5.056624336026129,-5.751102918110957,-49.659693311156765,0.0003922210635971,-7.728025871986703e-05,4.6604913610400335e-05,-0.0001193808069112,6.086414983495944e-05,-7.760368305242846e-05,7.662585994694382e-05,1.393656248183106e-06,,0.0175297036767005,0.0033569058869034,0.0175886377692222,6.792705171774604e-05,0.00013590055495,8.430604066234082e-05,0.4389618627983288,0.5628287940840769,0.0152914036790174,0.5029085010285324,,0,0,TRUE_ELASTIC_UNLOADING,5.785462835461441e-05,True,False
BH032,482,4.820000171661377,0.4274707558698505,3944,2,5,SHELF_NORMAL_Y_NEG,1057,5,5.056624336026129,-5.783397793570464,-49.673449210823584,0.0003931451208018,-7.675032313972309e-05,4.735680290913688e-05,-0.0001191511888393,6.086406634319863e-05,-7.760369145678382e-05,7.662585994694382e-05,1.393656248183106e-06,,0.0175297036767005,0.0033569058869034,0.0175900422036647,6.792705171774604e-05,0.00013590055495,8.430604066234082e-05,0.4397272932105855,0.5637306382520986,0.0152926659532924,0.5028829133446613,,0,0,ELASTIC_RELOADING,,False,False
BH032,483,4.830000400543213,0.4273955086796898,3944,2,5,SHELF_NORMAL_Y_NEG,1057,5,5.056624336026129,-5.7562577706551785,-49.6542109775786,0.0003927613120009,-7.648220115685062e-05,4.7167725973763504e-05,-0.0001186337143249,6.086399008859406e-05,-7.7603683909444e-05,7.662585994694382e-05,1.393656248183106e-06,,0.0175297036767005,0.0033569058869034,0.0175892226397991,6.792705171774604e-05,0.00013590055495,8.430604066234082e-05,0.4386727602515328,0.5618517989831329,0.0152947771985764,0.5028538754217906,,0,0,TRUE_ELASTIC_UNLOADING,4.406695669390004e-05,True,False
BH032,484,4.840000629425049,0.4272535561507747,3944,2,5,SHELF_NORMAL_Y_NEG,1057,5,5.056624336026129,-5.775696815454634,-49.62016783934936,0.0003931104396179,-7.520460482512785e-05,4.7755317032692165e-05,-0.0001174873470607,6.086416583883896e-05,-7.760367918306593e-05,7.662585994694382e-05,1.393656248183106e-06,,0.0175297036767005,0.0033569058869034,0.0175908040255308,6.792705171774604e-05,0.00013590055495,8.430604066234082e-05,0.4400720187510009,0.562100288623602,0.0152952403306486,0.5028134859457578,,0,0,ELASTIC_RELOADING,,False,False
BH032,485,4.849999904632568,0.4268824303601968,3944,2,5,SHELF_NORMAL_Y_NEG,1057,5,5.056624336026129,-5.7252486266299885,-49.59467257729223,0.000389290746357,-8.051116757305907e-05,4.421330341108546e-05,-0.0001223437445006,6.086418615536614e-05,-7.760368657293525e-05,7.662585994694382e-05,1.393656248183106e-06,,0.0175297036767005,0.0033569058869034,0.017590744420886,6.792705171774604e-05,0.00013590055495,8.430604066234082e-05,0.4375837182343769,0.563637228270429,0.0152967032548148,0.5028498879943648,,0,0,TRUE_ELASTIC_UNLOADING,-4.740752267240467e-05,True,True
BH032,486,4.860000133514404,0.4267129975075864,3944,2,5,SHELF_NORMAL_Y_NEG,1057,5,5.056624336026129,-5.750368757584863,-49.58178463183496,0.0003864108383045,-8.241642793124261e-05,4.1300392594887454e-05,-0.0001245447362613,6.086415755183011e-05,-7.760367792116012e-05,7.662585994694382e-05,1.393656248183106e-06,,0.0175297036767005,0.0033569058869034,0.0175889879465103,6.792705171774604e-05,0.00013590055495,8.430604066234082e-05,0.4395272492194615,0.5635524651869477,0.0152978703646891,0.5028163008519582,,0,0,ELASTIC_RELOADING,,False,False
BH032,487,4.87000036239624,0.426548318755572,3944,2,5,SHELF_NORMAL_Y_NEG,1057,5,5.056624336026129,-5.712794839809084,-49.54250670391946,0.0003867606816306,-8.268006338978616e-05,4.20571858498173e-05,-0.0001244132006628,6.086421620135949e-05,-7.760371425853769e-05,7.662585994694382e-05,1.393656248183106e-06,,0.0175297036767005,0.0033569058869034,0.017590744420886,6.792705171774604e-05,0.00013590055495,8.430604066234082e-05,0.4380867821585085,0.5622449418174069,0.015298131749083,0.5027644543203041,,0,0,TRUE_ELASTIC_UNLOADING,0.0001979282609751,True,True
BH032,488,4.880000591278076,0.4264102160780635,3944,2,5,SHELF_NORMAL_Y_NEG,1057,5,5.056624336026129,-5.72446351615433,-49.5511180348295,0.0003856928933109,-8.413652579034796e-05,4.083376056120928e-05,-0.0001260464337565,6.0864307041201057e-05,-7.76037422197029e-05,7.662585994694382e-05,1.393656248183106e-06,,0.0175297036767005,0.0033569058869034,0.0175901018083095,6.792705171774604e-05,0.00013590055495,8.430604066234082e-05,0.4390012233946768,0.5637306697542526,0.0152995494389389,0.5027771189428356,,0,0,ELASTIC_RELOADING,,False,False
