case,frame_index,time_s,P_over_Pu,steel_element,steel_ip,steel_section_point,panel,uhpc_element,uhpc_ip,pair_distance_mm,uhpc_sigma_x_MPa,uhpc_sigma_y_axial_MPa,uhpc_epsilon_x_star,uhpc_epsilon_y_star,UHPC_epsilon_x_star_with_Poisson,UHPC_epsilon_y_star_with_Poisson,uhpc_PE_x,uhpc_PE_y,PEEQ,PEEQT,PEQC,DAMAGEC,DAMAGET,SDEG,kappa_Ux_Poisson_corrected,kappa_Uy_Poisson_corrected,steel_PEEQ,steel_sigma_VM_over_fy,steel_w_local_mm,q_FEM_W_over_b,R2_after_plane,A_current_normal_mm_s2,actual_A_available,actual_V_available,classification,d_s_raw,spatially_supported_unloading,qualified_scalar_stiffness
BH050,499,4.990000247955322,0.4259968143789141,6592,3,5,SHELF_NORMAL_Y_NEG,1455,8,11.735704102250343,-6.001549248172377,-26.43632775225604,0.0002175651755173,-1.3050659258666774e-05,2.943842364256455e-05,-5.992318184246256e-05,3.481100981252014e-05,-4.544151572606696e-05,4.64113436464686e-05,2.1502773961401545e-06,,0.0106175262480974,0.0051793823949992,0.0108747892081737,5.140056698080685e-05,7.962980551509907e-05,0.0004597895604092,0.2662543541620725,1.4255197805911946,0.0208270072986997,0.4983608774020294,,0,0,ELASTIC_RELOADING,,False,False
BH050,500,5.0,0.4263197016011988,6592,3,5,SHELF_NORMAL_Y_NEG,1455,8,11.735704102250343,-5.973265756133373,-26.3674940219504,0.0002160289124163,-1.3142461191840093e-05,2.861011817551622e-05,-5.958732732781746e-05,3.481089376108034e-05,-4.544151634814079e-05,4.64113436464686e-05,2.1502773961401545e-06,,0.0106175262480974,0.0051793823949992,0.0108802737668156,5.140056698080685e-05,7.962980551509907e-05,0.0004597895604092,0.266224476546688,1.4235653078118269,0.0208274370095544,0.4983481200823582,13128.719637545855,1,1,AMBIGUOUS,,False,False
BH050,0,0.0,0.0,7318,1,1,SHELF_NORMAL_Y_NEG,1242,5,18.970977317526263,0.0,0.0,-1.1920941785979053e-07,-1.7881696323871205e-07,-1.1920941785979058e-07,-1.788169632387121e-07,0.0,0.0,0.0,0.0,,0.0,0.0,0.0,1.1920941785979058e-07,1.788169632387121e-07,0.0,0.0,0.0,-1.2743281481949303e-06,0.3494947475255524,0.0,1,1,,,,
BH050,1,0.0100009096786379,7.624085734172226e-07,7318,1,1,SHELF_NORMAL_Y_NEG,1242,5,18.970977317526263,-5.79120624931564e-05,-0.0002591795429835,-1.1787488293090057e-07,-1.7283981638112957e-07,-1.099751486053966e-07,-1.635488321904853e-07,0.0,0.0,0.0,0.0,,0.0,0.0,0.0,1.1920941785979058e-07,1.788169632387121e-07,0.0,2.550465064303929e-05,-0.0003113188687534,-1.2733425143370274e-06,0.3467933152519369,,0,0,AMBIGUOUS,,False,False
BH050,2,0.020000921562314,3.819749710393071e-06,7318,1,1,SHELF_NORMAL_Y_NEG,1242,5,18.970977317526263,4.360217415043357e-05,-2.3421597305312177e-05,-1.0046583894402731e-09,2.3895521444071497e-07,3.1020592371536863e-09,2.435252300266805e-07,0.0,0.0,0.0,0.0,,0.0,0.0,0.0,1.1920941785979058e-07,2.435252300266805e-07,0.0,1.7784030947172567e-05,-4.81392220185602e-05,-1.28348998018212e-06,0.3523185045084653,,0,0,AMBIGUOUS,,False,False
BH050,3,0.0300006885081529,9.64373164085494e-06,7318,1,1,SHELF_NORMAL_Y_NEG,1242,5,18.970977317526263,0.0002988442154516,-0.000544423239277,-1.26095229275728e-07,-1.6627264896965596e-07,-1.4374394322804845e-07,-1.7809232521648306e-07,0.0,0.0,0.0,0.0,,0.0,0.0,0.0,1.4374394322804845e-07,2.435252300266805e-07,0.0,2.529273081439376e-05,-0.0001041496015159,-1.2785502325596891e-06,0.3501207439219479,,0,0,AMBIGUOUS,,False,False
BH050,4,0.0400000140070915,1.9390805432161832e-05,7318,1,1,SHELF_NORMAL_Y_NEG,1242,5,18.970977317526263,0.0008114755063048,0.000264395095368,-1.379068545621909e-07,-1.8490374814038386e-07,-1.3896025343973465e-07,-1.821754851911743e-07,0.0,0.0,0.0,0.0,,0.0,0.0,0.0,1.4374394322804845e-07,2.435252300266805e-07,0.0,2.122309431943732e-05,-7.067493600854864e-05,-1.2626419323091133e-06,0.3443980460385604,,0,0,AMBIGUOUS,,False,False
BH050,5,0.0500000156462192,4.107065206292181e-05,7318,1,1,SHELF_NORMAL_Y_NEG,1242,5,18.970977317526263,0.0015307650306734,-0.0009885851686954,-1.5448034590709004e-07,-1.5603323514352966e-07,-1.658766839424974e-07,-1.5001471004966238e-07,0.0,0.0,0.0,0.0,,0.0,0.0,0.0,1.658766839424974e-07,2.435252300266805e-07,0.0,4.829279870632498e-05,-0.0002041102785936,-1.2287817174079629e-06,0.3324395320518919,,0,0,AMBIGUOUS,,False,False
BH050,6,0.060000229626894,6.635050429447059e-05,7318,1,1,SHELF_NORMAL_Y_NEG,1242,5,18.970977317526263,0.0012113743338361,-0.0026169105017327,-1.4712111326106918e-07,-1.1851421825326885e-07,-1.8091207695498842e-07,-1.258423835446417e-07,0.0,0.0,0.0,0.0,,0.0,0.0,0.0,1.8091207695498842e-07,2.435252300266805e-07,0.0,7.278579320664391e-05,-0.0002777219810648,-1.1847144741821858e-06,0.3164335535657865,,0,0,AMBIGUOUS,,False,False
BH050,7,0.0700002908706665,0.0001050161906838,7318,1,1,SHELF_NORMAL_Y_NEG,1242,5,18.970977317526263,0.0003988229351172,-0.0058475557607732,-2.154104821482099e-07,9.988494413443049e-08,-2.50096168847034e-07,1.0837699035650409e-07,0.0,0.0,0.0,0.0,,0.0,0.0,0.0,2.50096168847034e-07,2.435252300266805e-07,0.0,7.532554629056953e-05,-0.000449835317615,-1.14131348189803e-06,0.3005534638793867,,0,0,AMBIGUOUS,,False,False
BH050,8,0.0800003483891487,0.0001292178470652,7318,1,1,SHELF_NORMAL_Y_NEG,1242,5,18.970977317526263,-0.0035236073440579,-0.010797018775117,1.474566914524636e-07,1.4762035191805856e-07,8.041687926490849e-08,1.308575772723879e-07,0.0,0.0,0.0,0.0,,0.0,0.0,0.0,2.50096168847034e-07,2.435252300266805e-07,0.0,0.0001461538097618,-0.0005754094794651,-1.075609423123429e-06,0.2756915798650957,,0,0,AMBIGUOUS,,False,False
BH050,9,0.0900005400180816,0.0002237381286938,7318,1,1,SHELF_NORMAL_Y_NEG,1242,5,18.970977317526263,0.0065588987258078,-0.0128168047115166,2.065009952338964e-07,1.5811575523223446e-07,1.4000662906728932e-07,2.25554822964181e-07,0.0,0.0,0.0,0.0,,0.0,0.0,0.0,2.50096168847034e-07,2.435252300266805e-07,0.0,0.0003420950615421,-0.000804746201484,-1.006235282024334e-06,0.248490041206234,,0,0,AMBIGUOUS,,False,False
BH050,10,0.1000012457370758,0.0003053233887216,7318,1,1,SHELF_NORMAL_Y_NEG,1242,5,18.970977317526263,-0.0005935364047161,-0.0167052974586637,-1.9423149554162948e-07,-4.883101720910788e-07,-3.2804471190133465e-07,-5.107517682622065e-07,0.0,0.0,0.0,0.0,,0.0,0.0,0.0,3.2804471190133465e-07,5.107517682622065e-07,0.0,0.0003216071153499,-0.0009129777509511,-9.255850376744036e-07,0.2180579022904317,,0,0,AMBIGUOUS,,False,False
BH050,11,0.1100006327033042,0.0004039792084634,7318,1,1,SHELF_NORMAL_Y_NEG,1242,5,18.970977317526263,-0.0020257601416896,-0.0202366036137185,2.403279344459249e-07,-4.6605076791024856e-08,8.74815007742196e-08,-7.35701039740493e-08,0.0,0.0,0.0,0.0,,0.0,0.0,0.0,3.2804471190133465e-07,5.107517682622065e-07,0.0,0.0002910988898124,-0.0014548692041898,-7.647210958647075e-07,0.1595253028202308,,0,0,AMBIGUOUS,,False,False
BH050,12,0.1200010031461715,0.000470417542528,7318,1,1,SHELF_NORMAL_Y_NEG,1242,5,18.970977317526263,0.0009362889361154,-0.0205484525928189,3.182720063954976e-07,2.931601614298275e-07,1.506451846447777e-07,2.740453778975468e-07,0.0,0.0,0.0,0.0,,0.0,0.0,0.0,3.2804471190133465e-07,5.107517682622065e-07,0.0,0.0003542209654861,-0.0017180376549821,-5.822695000503848e-07,0.0983227618976829,,0,0,AMBIGUOUS,,False,False
BH050,13,0.1300012022256851,0.0006884779365466,7318,1,1,SHELF_NORMAL_Y_NEG,1242,5,18.970977317526263,0.0003778434134966,-0.0348028071755162,2.7487225572506544e-07,-1.1313738969668496e-06,-1.42624752911419e-08,-1.1773244073216797e-06,0.0,0.0,0.0,0.0,,0.0,0.0,0.0,3.2804471190133465e-07,1.1773244073216797e-06,0.0,0.0004723768886176,-0.0023429545929974,-3.836492750911572e-07,0.0449130716119053,,0,0,AMBIGUOUS,,False,False
BH050,14,0.1400003731250763,0.0007954384060448,7318,1,1,SHELF_NORMAL_Y_NEG,1242,5,18.970977317526263,0.0031717646809219,-0.041412107564242,4.70809056957551e-07,-2.937376461371071e-07,1.4349395071771469e-07,-3.1286930367765773e-07,0.0,0.0,0.0,0.0,,0.0,0.0,0.0,3.2804471190133465e-07,1.1773244073216797e-06,0.0,0.0006469589114239,-0.0027656100981759,-1.3422343261208904e-07,0.0056994398080562,,0,0,AMBIGUOUS,,False,False
BH050,15,0.1500011980533599,0.0009837382757673,7318,1,1,SHELF_NORMAL_Y_NEG,1242,5,18.970977317526263,-0.0011915535558276,-0.0517531340068233,3.231009654758159e-07,-1.295146573939977e-07,-4.10382384327924e-08,-1.441498489685339e-07,0.0,0.0,0.0,0.0,,0.0,0.0,0.0,3.2804471190133465e-07,1.1773244073216797e-06,0.0,0.0007337935702744,-0.0039332577027093,1.2651741286440838e-07,0.0050322236857145,,0,0,AMBIGUOUS,,False,False
BH050,16,0.1600012928247451,0.001241041651035,7318,1,1,SHELF_NORMAL_Y_NEG,1242,5,18.970977317526263,-0.0005131550496774,-0.0617677591311436,8.125231792853038e-07,-1.0494927705825697e-06,3.538611565080377e-07,-1.0847358711377182e-06,0.0,0.0,0.0,0.0,,0.0,0.0,0.0,3.538611565080377e-07,1.1773244073216797e-06,0.0,0.0007945676300315,-0.0043314724754012,4.407940294016993e-07,0.0569602715671068,,0,0,AMBIGUOUS,,False,False
BH050,17,0.1700002253055572,0.0014254938625554,7318,1,1,SHELF_NORMAL_Y_NEG,1242,5,18.970977317526263,0.0057939206443672,-0.0706524442533119,2.998812232664145e-07,-1.9454278663078609e-07,-1.983981852711355e-07,-1.6439110140557936e-07,0.0,0.0,0.0,0.0,,0.0,0.0,0.0,3.538611565080377e-07,1.1773244073216797e-06,0.0,0.001155826337789,-0.0050783365838452,8.239479346511901e-07,0.1710443384377716,,0,0,AMBIGUOUS,,False,False
BH050,18,0.1800001710653305,0.001685337581373,7318,1,1,SHELF_NORMAL_Y_NEG,1242,5,18.970977317526263,0.012505330513872,-0.083923546940136,4.256727303701167e-07,-8.196664486283111e-07,-1.8055611856431068e-07,-7.593362368207531e-07,0.0,0.0,0.0,0.0,,0.0,0.0,0.0,3.538611565080377e-07,1.1773244073216797e-06,0.0,0.00123535773809,-0.0067093818648599,1.270744334331091e-06,0.3249006154543244,,0,0,AMBIGUOUS,,False,False
BH050,19,0.1900012195110321,0.0019951506420119,7318,1,1,SHELF_NORMAL_Y_NEG,1242,5,18.970977317526263,0.0082143490388059,-0.0932240948596286,4.216743443746126e-07,8.658346566698444e-08,-1.9117219881314437e-07,1.749243226988197e-07,0.0,0.0,0.0,0.0,,0.0,0.0,0.0,3.538611565080377e-07,1.1773244073216797e-06,0.0,0.001203222769623,-0.0072720203938257,1.7184870273708151e-06,0.4598671301612274,,0,0,AMBIGUOUS,,False,False
BH050,20,0.2000010162591934,0.0023703481274894,7318,1,1,SHELF_NORMAL_Y_NEG,1242,5,18.970977317526263,0.0060748933072339,-0.1141443229862127,8.426890201618807e-07,-8.561871857155946e-07,4.2581760839358445e-08,-8.252860374797324e-07,0.0,0.0,0.0,0.0,,0.0,0.0,0.0,3.538611565080377e-07,1.1773244073216797e-06,0.0,0.0016058415396794,-0.0084429083606074,2.219561489830416e-06,0.5772414944196176,,0,0,AMBIGUOUS,,False,False
BH050,21,0.2100002318620681,0.002697963764375,7318,1,1,SHELF_NORMAL_Y_NEG,1242,5,18.970977317526263,-0.0014622449979819,-0.1382381289291946,8.941183073757905e-07,4.77062510754754e-07,-2.4879344749467137e-08,5.035202775088454e-07,0.0,0.0,0.0,0.0,,0.0,0.0,0.0,3.538611565080377e-07,1.1773244073216797e-06,0.0,0.0019783544345097,-0.0101454500904136,2.798164696636347e-06,0.6764133972298079,,0,0,AMBIGUOUS,,False,False
BH050,22,0.220000147819519,0.0030780091798749,7318,1,1,SHELF_NORMAL_Y_NEG,1242,5,18.970977317526263,0.0100107861839974,-0.156478357461273,1.0513316819426952e-06,-6.51841115692424e-07,-7.786008376200171e-08,-6.301862663376539e-07,0.0,0.0,0.0,0.0,,0.0,0.0,0.0,3.538611565080377e-07,1.1773244073216797e-06,0.0,0.0020906220293334,-0.011956916441115,3.421890114131669e-06,0.7511803983097467,,0,0,AMBIGUOUS,,False,False
BH050,23,0.2300004959106445,0.003512430542027,7318,1,1,SHELF_NORMAL_Y_NEG,1242,5,18.970977317526263,0.0082171009798079,-0.1859598143166632,1.4916234364873956e-06,-1.531091353112618e-07,2.1212570414095426e-07,-9.037012597703045e-08,0.0,0.0,0.0,0.0,,0.0,0.0,0.0,3.538611565080377e-07,1.1773244073216797e-06,0.0,0.0024365341985685,-0.013042646799824,4.067636505549846e-06,0.7995838411718045,,0,0,AMBIGUOUS,,False,False
BH050,24,0.2400009930133819,0.0039820452631837,7318,1,1,SHELF_NORMAL_Y_NEG,1242,5,18.970977317526263,0.0089145215027371,-0.1994520116266674,1.3395336441284436e-06,3.508704175017748e-07,-7.659523513715751e-08,3.750631958127006e-07,0.0,0.0,0.0,0.0,,0.0,0.0,0.0,3.538611565080377e-07,1.1773244073216797e-06,0.0,0.0029217107614102,-0.0148780464337331,4.7691097842998206e-06,0.8374088222343465,,0,0,AMBIGUOUS,,False,False
BH050,25,0.2500006258487701,0.0044781711596529,7318,1,1,SHELF_NORMAL_Y_NEG,1242,5,18.970977317526263,0.0114217966673631,-0.2271344201921141,1.5382376624943174e-06,-8.70083707563458e-07,-1.5580051067864982e-08,-7.748953138020625e-07,0.0,0.0,0.0,0.0,,0.0,0.0,0.0,3.538611565080377e-07,1.1773244073216797e-06,0.0,0.0032019195621581,-0.0169438057554874,5.565687871757221e-06,0.8683121984248593,-13845.309604002474,1,1,AMBIGUOUS,,False,False
BH050,26,0.260001391172409,0.0050092411053299,7318,1,1,SHELF_NORMAL_Y_NEG,1242,5,18.970977317526263,0.0130093307720954,-0.2424043869413766,1.4927388041817274e-06,1.8588806219108332e-08,-1.944275847625839e-07,9.695502819741205e-08,0.0,0.0,0.0,0.0,,0.0,0.0,0.0,3.538611565080377e-07,1.1773244073216797e-06,0.0,0.0036424091717238,-0.0188774487822492,6.4332104410906695e-06,0.8896026748562903,,0,0,AMBIGUOUS,,False,False
BH050,27,0.2700001299381256,0.0056197680519232,7318,1,1,SHELF_NORMAL_Y_NEG,1242,5,18.970977317526263,0.0159507734558326,-0.2816840500036817,1.999018144332734e-06,-9.10939047694572e-07,1.434556795908464e-08,-8.382280517674373e-07,0.0,0.0,0.0,0.0,,0.0,0.0,0.0,3.538611565080377e-07,1.1773244073216797e-06,0.0,0.004013351733244,-0.0212702647906349,7.373028758151429e-06,0.905263066146824,,0,0,AMBIGUOUS,,False,False
BH050,28,0.2800013124942779,0.006292746646105,7318,1,1,SHELF_NORMAL_Y_NEG,1242,5,18.970977317526263,0.0106567301716979,-0.3156344450201029,2.382862763238566e-06,-2.182690908944469e-07,1.5234594235585104e-07,-1.9331695883845188e-07,0.0,0.0,0.0,0.0,,0.0,0.0,0.0,3.538611565080377e-07,1.1773244073216797e-06,0.0,0.0044661715571376,-0.0235531526450539,8.345738038617092e-06,0.9174124553009404,,0,0,AMBIGUOUS,,False,False
BH050,29,0.2900008261203766,0.0068937189772055,7318,1,1,SHELF_NORMAL_Y_NEG,1242,5,18.970977317526263,0.0149014922476856,-0.3484229552036647,2.3699464194e-06,-7.380931261730552e-07,-1.5646485539834286e-08,-6.122267169330489e-07,0.0,0.0,0.0,0.0,,0.0,0.0,0.0,3.538611565080377e-07,1.1773244073216797e-06,0.0,0.0049705544362549,-0.0263925159042533,9.40607314044263e-06,0.9279640487774864,,0,0,AMBIGUOUS,,False,False
BH050,30,0.3000001013278961,0.0076880291785759,7318,1,1,SHELF_NORMAL_Y_NEG,1242,5,18.970977317526263,0.0181894173643296,-0.3904879880639195,2.9867991928599578e-06,-6.675818533402103e-07,2.374234631224201e-07,-5.919985593801755e-07,0.0,0.0,0.0,0.0,,0.0,0.0,0.0,3.538611565080377e-07,1.1773244073216797e-06,0.0,0.0054170757554841,-0.0288783945107056,1.0508230811915708e-05,0.9343908156681168,,0,0,AMBIGUOUS,,False,False
BH050,31,0.310000330209732,0.0084165566062347,7318,1,1,SHELF_NORMAL_Y_NEG,1242,5,18.970977317526263,0.0102719656661545,-0.4337778396562504,3.0025291247725133e-06,1.426345223340162e-07,-8.63572015054506e-09,2.009383777962396e-07,0.0,0.0,0.0,0.0,,0.0,0.0,0.0,3.538611565080377e-07,1.1773244073216797e-06,0.0,0.0061177526067277,-0.0319869672892133,1.1720805903682895e-05,0.9404101595170482,,0,0,AMBIGUOUS,,False,False
BH050,32,0.3200002014636993,0.0092435000085081,7318,1,1,SHELF_NORMAL_Y_NEG,1242,5,18.970977317526263,0.0246963849776048,-0.4722286256719322,3.32956720018353e-06,-5.128074822988258e-07,2.9489511950946166e-08,-3.7791965912907995e-07,0.0,0.0,0.0,0.0,,0.0,0.0,0.0,3.538611565080377e-07,1.1773244073216797e-06,0.0,0.0064758379412421,-0.0349646864970583,1.3021636261407164e-05,0.9454421916802672,,0,0,AMBIGUOUS,,False,False
BH050,33,0.3300007283687591,0.0100607525388713,7318,1,1,SHELF_NORMAL_Y_NEG,1242,5,18.970977317526263,0.0315976704611855,-0.5052763792947974,3.6813688486312095e-06,-2.9694463298857785e-07,1.5579621615007824e-07,-1.1140632245600715e-07,0.0,0.0,0.0,0.0,,0.0,0.0,0.0,3.538611565080377e-07,1.1773244073216797e-06,0.0,0.0074529570472126,-0.0386491985764463,1.4389976543182792e-05,0.9496204336773132,,0,0,AMBIGUOUS,,False,False
BH050,34,0.3400008380413055,0.0109792708052708,7318,1,1,SHELF_NORMAL_Y_NEG,1242,5,18.970977317526263,0.0199903707305914,-0.5528069381016582,3.477361316637284e-06,5.227457429652197e-07,-3.826638422788649e-07,6.221489861153184e-07,0.0,0.0,0.0,0.0,,0.0,0.0,0.0,3.826638422788649e-07,1.1773244073216797e-06,0.0,0.0078986042311907,-0.041691089492291,1.5802133741021616e-05,0.951663681364639,,0,0,AMBIGUOUS,,False,False
BH050,35,0.3500014245510101,0.0119763789296797,7318,1,1,SHELF_NORMAL_Y_NEG,1242,5,18.970977317526263,0.0246355055986727,-0.606308628663958,4.037967593421171e-06,4.326768972577806e-07,-1.9473581458640826e-07,5.613384726324446e-07,0.0,0.0,0.0,0.0,,0.0,0.0,0.0,3.826638422788649e-07,1.1773244073216797e-06,0.0,0.0085690890071067,-0.0452194835477955,1.7316008608255844e-05,0.9544405136113728,,0,0,AMBIGUOUS,,False,False
BH050,36,0.3600013554096222,0.0129764145702524,7318,1,1,SHELF_NORMAL_Y_NEG,1242,5,18.970977317526263,0.0244527103689234,-0.6529824285508856,4.549539080698375e-06,-9.530952140434206e-07,2.946732498605132e-08,-7.904355947340271e-07,0.0,0.0,0.0,0.0,,0.0,0.0,0.0,3.826638422788649e-07,1.1773244073216797e-06,0.0,0.0091899595859092,-0.0497971248368494,1.892365160237792e-05,0.956704718814427,,0,0,AMBIGUOUS,,False,False
BH050,37,0.3700000941753387,0.0140395618360539,7318,1,1,SHELF_NORMAL_Y_NEG,1242,5,18.970977317526263,0.025205047170892,-0.7141709477926462,4.97315551680753e-06,-4.391830335472084e-07,1.0008013016218206e-08,-2.914365629361829e-07,0.0,0.0,0.0,0.0,,0.0,0.0,0.0,3.826638422788649e-07,1.1773244073216797e-06,0.0,0.0099106986388629,-0.0534825948458241,2.062772550185685e-05,0.9583096921564024,,0,0,AMBIGUOUS,,False,False
BH050,38,0.3800002634525299,0.0151792609206472,7318,1,1,SHELF_NORMAL_Y_NEG,1242,5,18.970977317526263,0.0332658324291767,-0.7648214129269687,5.565585335827841e-06,-5.949595505339038e-07,2.826413939505058e-07,-3.611713816544722e-07,0.0,0.0,0.0,0.0,,0.0,0.0,0.0,3.826638422788649e-07,1.1773244073216797e-06,0.0,0.0109457524293157,-0.0577171634228757,2.240313025332251e-05,0.9595095954004216,,0,0,AMBIGUOUS,,False,False
BH050,39,0.3900011479854584,0.0163498827453724,7318,1,1,SHELF_NORMAL_Y_NEG,1242,5,18.970977317526263,0.0326656925729026,-0.8255513817405107,5.638788235226932e-06,-1.0010278416808916e-06,-9.139519447656765e-08,-7.988351816603362e-07,0.0,0.0,0.0,0.0,,0.0,0.0,0.0,3.826638422788649e-07,1.1773244073216797e-06,0.0,0.0115893370374493,-0.062628378239184,2.4282088635761967e-05,0.9610410495105172,,0,0,AMBIGUOUS,,False,False
BH050,40,0.4000008404254913,0.0175709556007853,7318,1,1,SHELF_NORMAL_Y_NEG,1242,5,18.970977317526263,0.0350692811475118,-0.8935855589137952,6.385403355635818e-06,-3.943580859653968e-07,1.939639073506113e-07,-1.665244462692201e-07,0.0,0.0,0.0,0.0,,0.0,0.0,0.0,3.826638422788649e-07,1.1773244073216797e-06,0.0,0.0126670589859352,-0.067342692672935,2.623407431776738e-05,0.9622165808722076,,0,0,AMBIGUOUS,,False,False
BH050,41,0.4100005328655243,0.0188761257117535,7318,1,1,SHELF_NORMAL_Y_NEG,1242,5,18.970977317526263,0.0341414169208181,-0.9556731774550816,6.457912791643887e-06,-2.864162174114516e-07,-1.9928553269966652e-07,-1.0157817510133325e-07,0.0,0.0,0.0,0.0,,0.0,0.0,0.0,3.826638422788649e-07,1.1773244073216797e-06,0.0,0.0136469818284771,-0.0720318808777361,2.827049019950076e-05,0.9630016367560216,,0,0,AMBIGUOUS,,False,False
BH050,42,0.4200010001659393,0.0202508412388208,7318,1,1,SHELF_NORMAL_Y_NEG,1242,5,18.970977317526263,0.0358087344602973,-1.0208634770022729,7.175417002083945e-06,-6.715811560939964e-07,4.8611887992794055e-08,-4.942004766650698e-07,0.0,0.0,0.0,0.0,,0.0,0.0,0.0,3.826638422788649e-07,1.1773244073216797e-06,0.0,0.014512904108764,-0.0775636341634292,3.043007528183172e-05,0.963550380071826,,0,0,AMBIGUOUS,,False,False
BH050,43,0.4300011098384857,0.0216562342471123,7318,1,1,SHELF_NORMAL_Y_NEG,1242,5,18.970977317526263,0.0404310377557274,-1.1024840027905027,7.838099015658467e-06,-4.529381635544059e-07,2.079642546540963e-07,-1.8273854290280772e-07,0.0,0.0,0.0,0.0,,0.0,0.0,0.0,3.826638422788649e-07,1.1773244073216797e-06,0.0,0.0155558384376602,-0.0833179650482714,3.27054883631682e-05,0.9644268388841188,,0,0,AMBIGUOUS,,False,False
BH050,44,0.44000044465065,0.0230988881574848,7318,1,1,SHELF_NORMAL_Y_NEG,1242,5,18.970977317526263,0.0466928794610836,-1.162339297286314,8.042475560542977e-06,-3.717450411604903e-07,-1.0361632025971563e-07,-1.6047164490743025e-07,0.0,0.0,0.0,0.0,,0.0,0.0,0.0,3.826638422788649e-07,1.1773244073216797e-06,0.0,0.0164632026343225,-0.0887017125342735,3.50630403995644e-05,0.964936224325673,,0,0,AMBIGUOUS,,False,False
BH050,45,0.4500000774860382,0.0246243535936954,7318,1,1,SHELF_NORMAL_Y_NEG,1242,5,18.970977317526263,0.0474438326513692,-1.250930223477544,8.499790686636182e-06,-2.3471272061689757e-07,-2.436001904080469e-07,-3.167725802278215e-09,0.0,0.0,0.0,0.0,,0.0,0.0,0.0,3.826638422788649e-07,1.1773244073216797e-06,0.0,0.0175815843952665,-0.0949768977328561,3.749241754011373e-05,0.9654903674614048,,0,0,AMBIGUOUS,,False,False
BH050,46,0.4600010812282562,0.0262545503591582,7318,1,1,SHELF_NORMAL_Y_NEG,1242,5,18.970977317526263,0.0441525916416464,-1.330012860512748,9.0955617959739e-06,-7.415563371298528e-07,-2.396226799628935e-07,-5.779012820454943e-07,0.0,0.0,0.0,0.0,,0.0,0.0,0.0,3.826638422788649e-07,1.1773244073216797e-06,0.0,0.0188101711991359,-0.1010015092171293,4.002172162924317e-05,0.965849753902261,,0,0,AMBIGUOUS,,False,False
BH050,47,0.4700011312961578,0.027938485107259,7318,1,1,SHELF_NORMAL_Y_NEG,1242,5,18.970977317526263,0.0422525962635366,-1.4161620283769436,1.0118811105437876e-05,-8.563326008801598e-07,2.768348143836864e-07,-6.171018091660418e-07,0.0,0.0,0.0,0.0,,0.0,0.0,0.0,3.826638422788649e-07,1.1773244073216797e-06,0.0,0.0200392511689993,-0.1076155905468568,4.2709572671979005e-05,0.966465520216072,,0,0,AMBIGUOUS,,False,False
BH050,48,0.4800010621547699,0.0296530532178139,7318,1,1,SHELF_NORMAL_Y_NEG,1242,5,18.970977317526263,0.0569724632242905,-1.5084439336134103,1.0716126348576306e-05,-7.672340259275173e-07,2.0622702528372718e-07,-4.562826798350827e-07,0.0,0.0,0.0,0.0,,0.0,0.0,0.0,3.826638422788649e-07,1.1773244073216797e-06,0.0,0.0212111245026112,-0.1142294788959455,4.547745089065357e-05,0.9667194416506876,,0,0,AMBIGUOUS,,False,False
BH050,49,0.4900011718273163,0.0314878457929085,7318,1,1,SHELF_NORMAL_Y_NEG,1242,5,18.970977317526263,0.0707280921870582,-1.5910961599051163,1.0943974712301262e-05,-4.4587414472200713e-07,-9.06254575191888e-08,6.790100841231369e-09,0.0,0.0,0.0,0.0,,0.0,0.0,0.0,3.826638422788649e-07,1.1773244073216797e-06,0.0,0.0224510701369096,-0.1213813800231726,4.836325071271304e-05,0.9669555835697766,,0,0,AMBIGUOUS,,False,False
BH050,50,0.5000013709068298,0.0333051762191135,7318,1,1,SHELF_NORMAL_Y_NEG,1242,5,18.970977317526263,0.0698073291070257,-1.6867882196598376,1.1565183110233802e-05,-3.106704311128361e-07,-1.4703535856864476e-07,1.1947664455613034e-07,0.0,0.0,0.0,0.0,,0.0,0.0,0.0,3.826638422788649e-07,1.1773244073216797e-06,0.0,0.0238608568675835,-0.1286427070519811,5.135410825336237e-05,0.967304609408311,5902.043883759688,1,1,AMBIGUOUS,,False,False
BH050,51,0.5100000500679016,0.0352201359704428,7318,1,1,SHELF_NORMAL_Y_NEG,1242,5,18.970977317526263,0.0704249596081799,-1.7886036096302562,1.2341589982547916e-05,-1.132049575235317e-06,-8.062510206700996e-08,-7.038367618886839e-07,0.0,0.0,0.0,0.0,,0.0,0.0,0.0,3.826638422788649e-07,1.1773244073216797e-06,0.0,0.0252231655047095,-0.1364242962556381,5.446024488162121e-05,0.967625875392222,,0,0,AMBIGUOUS,,False,False
BH050,52,0.5200002193450928,0.0372398721307716,7318,1,1,SHELF_NORMAL_Y_NEG,1242,5,18.970977317526263,0.0794676013951411,-1.8855958220972464,1.299317581170524e-05,1.8109839795859466e-07,-1.1318413574347446e-07,6.581261705033455e-07,0.0,0.0,0.0,0.0,,0.0,0.0,0.0,3.826638422788649e-07,1.1773244073216797e-06,0.0,0.0266658256980386,-0.1439994055664827,5.7662855449387885e-05,0.9678603048978044,,0,0,AMBIGUOUS,,False,False
BH050,53,0.5300003886222839,0.0392889604891671,7318,1,1,SHELF_NORMAL_Y_NEG,1242,5,18.970977317526263,0.0857270668031064,-1.9974091599667936,1.3851762166340951e-05,-6.471412252901588e-07,-6.958969671558025e-09,-1.0630319008214619e-07,0.0,0.0,0.0,0.0,,0.0,0.0,0.0,3.826638422788649e-07,1.1773244073216797e-06,0.0,0.0279086816404493,-0.1523688195246722,6.100730847398251e-05,0.968131633670916,,0,0,AMBIGUOUS,,False,False
BH050,54,0.5400005578994751,0.0414526745412959,7318,1,1,SHELF_NORMAL_Y_NEG,1242,5,18.970977317526263,0.0846591662452016,-2.090566914083263,1.439509479754495e-05,-1.400528476651851e-06,-1.0535439245568555e-07,-8.648526874234809e-07,0.0,0.0,0.0,0.0,,0.0,0.0,0.0,3.826638422788649e-07,1.1773244073216797e-06,0.0,0.0297681102689301,-0.1608903789757276,6.446932211738929e-05,0.9684228333108637,,0,0,AMBIGUOUS,,False,False
BH050,55,0.5500007271766663,0.0436793272831435,7318,1,1,SHELF_NORMAL_Y_NEG,1242,5,18.970977317526263,0.0939429975912908,-2.2019572406383765,1.5279945834544906e-05,-9.641479444058644e-07,-4.3037828995198335e-08,-4.168534635012441e-07,0.0,0.0,0.0,0.0,,0.0,0.0,0.0,3.826638422788649e-07,1.1773244073216797e-06,0.0,0.0310940593315035,-0.1696054331731713,6.804359393726401e-05,0.9685883971494436,,0,0,AMBIGUOUS,,False,False
BH050,56,0.5600008964538574,0.0459718876828624,7318,1,1,SHELF_NORMAL_Y_NEG,1242,5,18.970977317526263,0.0914160025691348,-2.3215954322663706,1.588928853349334e-05,-7.399658537280047e-07,-3.377224431330676e-07,-2.871742854085259e-07,0.0,0.0,0.0,0.0,,0.0,0.0,0.0,3.826638422788649e-07,1.1773244073216797e-06,0.0,0.0326485073626009,-0.1782991616846352,7.175674713873037e-05,0.9687680374144668,,0,0,AMBIGUOUS,,False,False
BH050,57,0.5700010657310486,0.0482661411856974,7318,1,1,SHELF_NORMAL_Y_NEG,1242,5,18.970977317526263,0.1065101899550586,-2.4450383807414915,1.692612782981117e-05,-2.169558565863727e-07,-9.597776264800905e-08,3.983710672900661e-07,0.0,0.0,0.0,0.0,,0.0,0.0,0.0,3.826638422788649e-07,1.1773244073216797e-06,0.0,0.034461465296704,-0.1883227689008361,7.558627959629404e-05,0.969003358042676,,0,0,AMBIGUOUS,,False,False
BH050,58,0.5800012350082397,0.0506869782417198,7318,1,1,SHELF_NORMAL_Y_NEG,1242,5,18.970977317526263,0.1001837520396829,-2.5669168585810698,1.8061043033549403e-05,-1.678429752103844e-06,1.90119250454126e-07,-1.113174199110968e-06,0.0,0.0,0.0,0.0,,0.0,0.0,0.0,3.826638422788649e-07,1.1773244073216797e-06,0.0,0.03639529746265,-0.1973640742572827,7.951879749622545e-05,0.9692608299715776,,0,0,AMBIGUOUS,,False,False
BH050,59,0.5900014042854309,0.0532087897852682,7318,1,1,SHELF_NORMAL_Y_NEG,1242,5,18.970977317526263,0.1015608144144886,-2.6920567278197027,1.86725563361984e-05,-5.185303586637897e-07,-2.348613111590508e-08,9.614751204625923e-08,0.0,0.0,0.0,0.0,,0.0,0.0,0.0,3.826638422788649e-07,1.1773244073216797e-06,0.0,0.0380145609118858,-0.2078309301564288,8.359222527594762e-05,0.9693823036159588,,0,0,AMBIGUOUS,,False,False
BH050,60,0.6000000834465027,0.0557525976047262,7318,1,1,SHELF_NORMAL_Y_NEG,1242,5,18.970977317526263,0.1044337097235098,-2.820462858822156,1.979179063349266e-05,-1.0465285688534436e-07,1.252116096117909e-07,4.4694716448034e-07,0.0,0.0,0.0,0.0,,0.0,0.0,0.0,3.826638422788649e-07,1.1773244073216797e-06,0.0,0.039886682303748,-0.2179834156479085,8.782597314094126e-05,0.9695801860805464,,0,0,AMBIGUOUS,,False,False
BH050,61,0.6100002527236938,0.0584031677636529,7318,1,1,SHELF_NORMAL_Y_NEG,1242,5,18.970977317526263,0.1142496789098773,-2.964492196092073,2.0995884431158787e-05,-8.268522988119929e-07,3.157830276121609e-07,-2.2532783828984598e-07,0.0,0.0,0.0,0.0,,0.0,0.0,0.0,3.826638422788649e-07,1.1773244073216797e-06,0.0,0.0416924124150796,-0.2287718666507983,9.220220439201045e-05,0.9698683416517409,,0,0,AMBIGUOUS,,False,False
BH050,62,0.620000422000885,0.0611097155517319,7318,1,1,SHELF_NORMAL_Y_NEG,1242,5,18.970977317526263,0.1189306133909478,-3.087594113050537,2.1495252390904725e-05,-9.398103224666372e-07,4.771850713337624e-08,-2.22426742356769e-07,0.0,0.0,0.0,0.0,,0.0,0.0,0.0,3.826638422788649e-07,1.1773244073216797e-06,0.0,0.0436242234910733,-0.239873315493162,9.668446137909052e-05,0.9700364306114282,,0,0,AMBIGUOUS,,False,False
BH050,63,0.6300005912780762,0.0638930286719754,7318,1,1,SHELF_NORMAL_Y_NEG,1242,5,18.970977317526263,0.1166550857111398,-3.243467037588305,2.270798946879057e-05,-1.5651679800167945e-06,1.2662803818556633e-07,-9.198787887362208e-07,0.0,0.0,0.0,0.0,,0.0,0.0,0.0,3.826638422788649e-07,1.1773244073216797e-06,0.0,0.0453809747079727,-0.2508656863778534,0.0001012832775066,0.9701353414076912,,0,0,AMBIGUOUS,,False,False
BH050,64,0.6400007605552673,0.0667981719684228,7318,1,1,SHELF_NORMAL_Y_NEG,1242,5,18.970977317526263,0.1383582935821222,-3.371307614522468,2.3545041428415693e-05,-1.2098387997648295e-06,1.5070061704719e-07,-3.438161910555306e-07,0.0,0.0,0.0,0.0,,0.0,0.0,0.0,3.826638422788649e-07,1.1773244073216797e-06,0.0,0.047732509401258,-0.2626774118736483,0.0001060358012164,0.9703735869752348,,0,0,AMBIGUOUS,,False,False
BH050,65,0.6500009298324585,0.0697637843711488,7318,1,1,SHELF_NORMAL_Y_NEG,1242,5,18.970977317526263,0.1553852237321365,-3.508641012463662,2.443565223887938e-05,-9.373482386593255e-07,8.966651375556285e-09,-3.66635298788392e-08,0.0,0.0,0.0,0.0,,0.0,0.0,0.0,3.826638422788649e-07,1.1773244073216797e-06,0.0,0.0497502851060866,-0.2747960313329485,0.0001109451673832,0.9705979750818332,,0,0,AMBIGUOUS,,False,False
BH050,66,0.6600010991096497,0.0727784547191266,7318,1,1,SHELF_NORMAL_Y_NEG,1242,5,18.970977317526263,0.1518584482707691,-3.669907833471948,2.5831563789084883e-05,-1.1869095984282335e-06,3.1244372482513245e-07,-2.882903879687247e-07,0.0,0.0,0.0,0.0,,0.0,0.0,0.0,3.826638422788649e-07,1.1773244073216797e-06,0.0,0.0519023281516765,-0.2870238557432802,0.0001159943027051,0.9707647797876172,,0,0,AMBIGUOUS,,False,False
BH050,67,0.6700012683868408,0.0759118025690703,7318,1,1,SHELF_NORMAL_Y_NEG,1242,5,18.970977317526263,0.1396658882842692,-3.842655327874833,2.689241826578428e-05,-1.277174756467755e-06,1.258885107122937e-07,-5.16138501223409e-07,0.0,0.0,0.0,0.0,,0.0,0.0,0.0,3.826638422788649e-07,1.1773244073216797e-06,0.0,0.0539958218969033,-0.3000013689922671,0.0001211880234732,0.9709301780684492,,0,0,AMBIGUOUS,,False,False
BH050,68,0.680001437664032,0.0790502520615079,7318,1,1,SHELF_NORMAL_Y_NEG,1242,5,18.970977317526263,0.1720055633750292,-3.987872321929292,2.7603529545968093e-05,-1.0276277230078528e-06,-2.455974347477663e-07,-1.218384458597188e-07,0.0,0.0,0.0,0.0,,0.0,0.0,0.0,3.826638422788649e-07,1.1773244073216797e-06,0.0,0.0565793025767348,-0.313028779726889,0.0001265044654931,0.9712299641800608,,0,0,AMBIGUOUS,,False,False
BH050,69,0.6900001168251038,0.0823741192725606,7318,1,1,SHELF_NORMAL_Y_NEG,1242,5,18.970977317526263,0.1760188866640595,-4.149764035672807,2.907426607303305e-05,-1.384673878367508e-06,2.0905719094272754e-07,-3.481574908481257e-07,0.0,0.0,0.0,0.0,,0.0,0.0,0.0,3.826638422788649e-07,1.1773244073216797e-06,0.0,0.0589592255378731,-0.326472544739851,0.0001319756732488,0.9714171520131852,,0,0,AMBIGUOUS,,False,False
BH050,70,0.7000002861022949,0.0856852698326842,7318,1,1,SHELF_NORMAL_Y_NEG,1242,5,18.970977317526263,0.174593899590926,-4.323589097720607,3.007629952237831e-05,-9.892383482377397e-07,-3.69820022848042e-08,-9.089015818024728e-09,0.0,0.0,0.0,0.0,,0.0,0.0,0.0,3.826638422788649e-07,1.1773244073216797e-06,0.0,0.0612117381879494,-0.3403021275128258,0.000137599796811,0.9716368639514896,,0,0,AMBIGUOUS,,False,False
BH050,71,0.7100004553794861,0.0891246909216921,7318,1,1,SHELF_NORMAL_Y_NEG,1242,5,18.970977317526263,0.1970700235641926,-4.485772018672385,3.119489614773439e-05,-1.5199846163084453e-06,-5.5341540534635813e-08,-4.003464365761049e-07,0.0,0.0,0.0,0.0,,0.0,0.0,0.0,3.826638422788649e-07,1.1773244073216797e-06,0.0,0.0637364535275768,-0.3544251403139198,0.0001433884262648,0.971889718642446,,0,0,AMBIGUOUS,,False,False
BH050,72,0.7200006246566772,0.0926130192050682,7318,1,1,SHELF_NORMAL_Y_NEG,1242,5,18.970977317526263,0.1985789832436472,-4.676428595330429,3.272021546871146e-05,-1.3023981397199049e-06,1.769350857053727e-07,-1.4746945416980325e-07,0.0,0.0,0.0,0.0,,0.0,0.0,0.0,3.826638422788649e-07,1.1773244073216797e-06,0.0,0.0661197731524588,-0.369605179435984,0.000149314138268,0.972202366176528,,0,0,AMBIGUOUS,,False,False
BH050,73,0.7300007939338684,0.0962419607997778,7318,1,1,SHELF_NORMAL_Y_NEG,1242,5,18.970977317526263,0.2133762917381187,-4.843130062936003,3.378937202741954e-05,-1.1090929386336828e-06,1.2734720194350666e-07,1.8169113921099721e-07,0.0,0.0,0.0,0.0,,0.0,0.0,0.0,3.826638422788649e-07,1.1773244073216797e-06,0.0,0.0686144796150316,-0.3838856597800789,0.0001553543337561,0.97240484512142,,0,0,AMBIGUOUS,,False,False
BH050,74,0.7400009632110596,0.099894359302905,7318,1,1,SHELF_NORMAL_Y_NEG,1242,5,18.970977317526263,0.2156502971677905,-5.0365199221173365,3.514177608570501e-05,-5.546496039512597e-07,1.4482204364413753e-08,6.233806111501517e-07,0.0,0.0,0.0,0.0,,0.0,0.0,0.0,3.826638422788649e-07,1.1773244073216797e-06,0.0,0.0712898666500286,-0.3996524123353266,0.000161568778851,0.9726989504475262,,0,0,AMBIGUOUS,,False,False
BH050,75,0.7500011324882507,0.1036891283011704,7318,1,1,SHELF_NORMAL_Y_NEG,1242,5,18.970977317526263,0.2294783843747822,-5.2275509966041085,3.666921021031806e-05,-1.423251016121466e-06,2.636942523736216e-07,-1.0736572299923883e-07,0.0,0.0,0.0,0.0,,0.0,0.0,0.0,3.826638422788649e-07,1.1773244073216797e-06,0.0,0.0739341691522629,-0.4155575044944473,0.0001679776885247,0.9730019452947122,438.0701762848318,1,1,AMBIGUOUS,,False,False
BH050,76,0.7600013017654419,0.1074747486190703,7318,1,1,SHELF_NORMAL_Y_NEG,1242,5,18.970977317526263,0.2330045029691876,-5.419667786177945,3.745757858988876e-05,-1.3746394907231563e-06,-2.2889745211410054e-07,1.2656051310579695e-08,0.0,0.0,0.0,0.0,,0.0,0.0,0.0,3.826638422788649e-07,1.1773244073216797e-06,0.0,0.0767222319152149,-0.4315544726846924,0.0001745407422744,0.9733281677219284,,0,0,AMBIGUOUS,,False,False
BH050,77,0.7699999809265137,0.1114355239284306,7318,1,1,SHELF_NORMAL_Y_NEG,1242,5,18.970977317526263,0.2439206021640819,-5.614300165751214,3.915321168971105e-05,-5.598233705336384e-07,3.620461364780685e-08,8.177831565423454e-07,0.0,0.0,0.0,0.0,,0.0,0.0,0.0,3.826638422788649e-07,1.1773244073216797e-06,0.0,0.0795535688850779,-0.4479528459683197,0.0001812192151222,0.9735415106363,,0,0,AMBIGUOUS,,False,False
BH050,78,0.7800001502037048,0.1154441501885497,7318,1,1,SHELF_NORMAL_Y_NEG,1242,5,18.970977317526263,0.2540087235827065,-5.8151626887055246,4.0682340152564245e-05,-1.5724017588319907e-06,1.9803674463780306e-07,-1.0390738588628613e-07,0.0,0.0,0.0,0.0,,0.0,0.0,0.0,3.826638422788649e-07,1.1773244073216797e-06,0.0,0.0823628264779429,-0.4657308713798272,0.0001880766269324,0.9738354982151683,,0,0,AMBIGUOUS,,False,False
BH050,79,0.790000319480896,0.1194731095074155,7318,1,1,SHELF_NORMAL_Y_NEG,1242,5,18.970977317526263,0.2718783832494035,-6.012525738274941,4.177389200020461e-05,-1.7480032721048477e-06,-9.194466009399413e-08,-1.7325844711970294e-07,0.0,0.0,0.0,0.0,,0.0,0.0,0.0,3.826638422788649e-07,1.1773244073216797e-06,0.0,0.0853812571163061,-0.4823059558895773,0.0001951213957929,0.9741478091283176,,0,0,AMBIGUOUS,,False,False
BH050,80,0.8000004887580872,0.1237098619188037,7318,1,1,SHELF_NORMAL_Y_NEG,1242,5,18.970977317526263,0.2812118392367885,-6.225870030122758,4.342086282720598e-05,-9.60669488587877e-07,6.459607128302846e-08,6.628923455733707e-07,0.0,0.0,0.0,0.0,,0.0,0.0,0.0,3.826638422788649e-07,1.1773244073216797e-06,0.0,0.0881958477219635,-0.5005449536286655,0.0002023493151875,0.9744410574210248,,0,0,AMBIGUOUS,,False,False
BH050,81,0.8100006580352783,0.1279983549684606,7318,1,1,SHELF_NORMAL_Y_NEG,1242,5,18.970977317526263,0.2930977120775512,-6.428643939669279,4.4816798842810334e-05,-2.3309376841821857e-06,4.032266150255756e-08,-6.437618948697721e-07,0.0,0.0,0.0,0.0,,0.0,0.0,0.0,3.826638422788649e-07,1.1773244073216797e-06,0.0,0.0914568377609803,-0.5186795993095773,0.0002097097156205,0.9746813558125382,,0,0,AMBIGUOUS,,False,False
BH050,82,0.8200008273124695,0.1322914320367757,7318,1,1,SHELF_NORMAL_Y_NEG,1242,5,18.970977317526263,0.3062145823360904,-6.646635505878915,4.619263432526127e-05,-1.7819741620195674e-06,-4.9762430798717576e-08,3.680480692059445e-08,0.0,0.0,0.0,0.0,,0.0,0.0,0.0,3.826638422788649e-07,1.1773244073216797e-06,0.0,0.0946325421882012,-0.5376880815060208,0.0002172724618486,0.9749725755340573,,0,0,AMBIGUOUS,,False,False
BH050,83,0.8300009965896606,0.1367709637953226,7318,1,1,SHELF_NORMAL_Y_NEG,1242,5,18.970977317526263,0.3150678082669494,-6.880249582130228,4.790463842237985e-05,-2.559025163782828e-06,1.4676579767732773e-08,-7.117700220197532e-07,0.0,0.0,0.0,0.0,,0.0,0.0,0.0,3.826638422788649e-07,1.1773244073216797e-06,0.0,0.0977159978552698,-0.5565860614995941,0.0002250235580268,0.9752445671027272,,0,0,AMBIGUOUS,,False,False
BH050,84,0.8400011658668518,0.1412669760880535,7318,1,1,SHELF_NORMAL_Y_NEG,1242,5,18.970977317526263,0.3291316526058745,-7.098813502035992,4.909839504589633e-05,-1.9285364381330084e-06,-3.527148665893854e-07,-3.4403346130631226e-08,0.0,0.0,0.0,0.0,,0.0,0.0,0.0,3.826638422788649e-07,1.1773244073216797e-06,0.0,0.1009192760023294,-0.5759063652460753,0.0002329556112385,0.9754651210102048,,0,0,AMBIGUOUS,,False,False
BH050,85,0.850001335144043,0.1458786904926286,7318,1,1,SHELF_NORMAL_Y_NEG,1242,5,18.970977317526263,0.3396759918435347,-7.33094778659095,5.1014849537698215e-05,-2.2870647996961675e-06,-2.2702480211872912e-08,-3.018718053073033e-07,0.0,0.0,0.0,0.0,,0.0,0.0,0.0,3.826638422788649e-07,1.1773244073216797e-06,0.0,0.1041887918131456,-0.5962441322647095,0.0002410811909709,0.9757095325855368,,0,0,AMBIGUOUS,,False,False
BH050,86,0.8600014448165894,0.1505929419269294,7318,1,1,SHELF_NORMAL_Y_NEG,1242,5,18.970977317526263,0.3589106701327875,-7.56345580313591,5.260725577039101e-05,-2.4788290548045564e-06,-3.4928141858115303e-08,-3.581110780109917e-07,0.0,0.0,0.0,0.0,,0.0,0.0,0.0,3.826638422788649e-07,1.1773244073216797e-06,0.0,0.1077644568771723,-0.617040345266468,0.0002493912697967,0.9759960716558638,,0,0,AMBIGUOUS,,False,False
BH050,87,0.8700014352798462,0.1553541124098743,7318,1,1,SHELF_NORMAL_Y_NEG,1242,5,18.970977317526263,0.3724819178921736,-7.793867025462027,5.472168762641013e-05,-2.577040107639052e-06,4.860096452925485e-07,-3.63301429530963e-07,0.0,0.0,0.0,0.0,,0.0,0.0,0.0,4.860096452925485e-07,1.1773244073216797e-06,0.0,0.1108921103073883,-0.6372677788590547,0.0002578559340808,0.9762294361961692,,0,0,AMBIGUOUS,,False,False
BH050,88,0.8800009489059448,0.1602029696671217,7318,1,1,SHELF_NORMAL_Y_NEG,1242,5,18.970977317526263,0.3821011124686415,-8.037559951040018,5.615996174095232e-05,-2.669844495444749e-06,1.206808511571971e-07,-5.087032872435487e-07,0.0,0.0,0.0,0.0,,0.0,0.0,0.0,4.860096452925485e-07,1.1773244073216797e-06,0.0,0.1145531142412221,-0.6582795403079178,0.0002664786802954,0.9764718900432464,,0,0,AMBIGUOUS,,False,False
BH050,89,0.8900003433227539,0.1651501940380248,7318,1,1,SHELF_NORMAL_Y_NEG,1242,5,18.970977317526263,0.3872025367385459,-8.29383015091308,5.7635887492540544e-05,-1.687716614010888e-06,-1.4908928455476726e-07,5.344450028477545e-07,0.0,0.0,0.0,0.0,,0.0,0.0,0.0,4.860096452925485e-07,1.1773244073216797e-06,0.0,0.117940182383723,-0.6813682120862543,0.0002753523983998,0.976768741197094,,0,0,AMBIGUOUS,,False,False
BH050,90,0.9000007510185242,0.1701847926445289,7318,1,1,SHELF_NORMAL_Y_NEG,1242,5,18.970977317526263,0.4145110029737625,-8.535862777054165,5.938297456601168e-05,-2.549392457738256e-06,-6.020471421366218e-08,-1.2362855798280146e-07,0.0,0.0,0.0,0.0,,0.0,0.0,0.0,4.860096452925485e-07,1.1773244073216797e-06,0.0,0.1215930182951362,-0.702889835459354,0.0002844293886742,0.977060428535534,,0,0,AMBIGUOUS,,False,False
BH050,91,0.9100009202957152,0.1753070600720151,7318,1,1,SHELF_NORMAL_Y_NEG,1242,5,18.970977317526263,0.4234323713696385,-8.796409156001163,6.145844686664707e-05,-1.5568855353712918e-06,1.573869051108603e-07,8.736779642805033e-07,0.0,0.0,0.0,0.0,,0.0,0.0,0.0,4.860096452925485e-07,1.1773244073216797e-06,0.0,0.125216381960482,-0.725557853784348,0.0002936788593878,0.9773485889239968,,0,0,AMBIGUOUS,,False,False
BH050,92,0.9200000762939452,0.1806111174253504,7318,1,1,SHELF_NORMAL_Y_NEG,1242,5,18.970977317526263,0.4359037205370247,-9.055376423914916,6.283835177778619e-05,-3.241355370347344e-06,-2.9188296360384454e-07,-7.636628458980216e-07,0.0,0.0,0.0,0.0,,0.0,0.0,0.0,4.860096452925485e-07,1.1773244073216797e-06,0.0,0.1290913436602371,-0.7488869967023652,0.0003030208735732,0.9776708596249046,,0,0,AMBIGUOUS,,False,False
BH050,93,0.9300010204315186,0.1859316192444366,7318,1,1,SHELF_NORMAL_Y_NEG,1242,5,18.970977317526263,0.4563645872838749,-9.30884099010633,6.51193934921851e-05,-2.7273455884761603e-06,2.4845865945214904e-07,-9.685937924524993e-08,0.0,0.0,0.0,0.0,,0.0,0.0,0.0,4.860096452925485e-07,1.1773244073216797e-06,0.0,0.1327502973927251,-0.7727690267969092,0.0003125440141824,0.9779824540626406,,0,0,AMBIGUOUS,,False,False
BH050,94,0.9400003552436828,0.1913258108473552,7318,1,1,SHELF_NORMAL_Y_NEG,1242,5,18.970977317526263,0.4820205467087354,-9.573351346465609,6.682571895570604e-05,-2.9181409576864155e-06,1.521756019617584e-07,-8.450532631149706e-08,0.0,0.0,0.0,0.0,,0.0,0.0,0.0,4.860096452925485e-07,1.1773244073216797e-06,0.0,0.1366497529116203,-0.796241626994859,0.0003223009945146,0.9782690086621526,,0,0,AMBIGUOUS,,False,False
BH050,95,0.950001299381256,0.1968081577374566,7318,1,1,SHELF_NORMAL_Y_NEG,1242,5,18.970977317526263,0.5019624899205951,-9.840293127638883,6.882217648621582e-05,-3.427815916728352e-06,2.641571481158055e-07,-4.955890504752141e-07,0.0,0.0,0.0,0.0,,0.0,0.0,0.0,4.860096452925485e-07,1.1773244073216797e-06,0.0,0.140637121902013,-0.820757983081956,0.0003323324678993,0.978589722113534,,0,0,AMBIGUOUS,,False,False
BH050,96,0.9600005149841307,0.2023628434043757,7318,1,1,SHELF_NORMAL_Y_NEG,1242,5,18.970977317526263,0.500694256069855,-10.124952502760282,7.071510525357028e-05,-3.0387915398332648e-06,1.949894275653832e-07,-1.0973622183250292e-07,0.0,0.0,0.0,0.0,,0.0,0.0,0.0,4.860096452925485e-07,1.1773244073216797e-06,0.0,0.1445696300882234,-0.8461307031250186,0.000342496121453,0.9789561994905952,,0,0,AMBIGUOUS,,False,False
BH050,97,0.970001459121704,0.2079876738150378,7318,1,1,SHELF_NORMAL_Y_NEG,1242,5,18.970977317526263,0.5355895606162862,-10.39061545272522,7.280382235171912e-05,-2.8991008502750445e-06,4.447526351164999e-07,2.6859219824721856e-07,0.0,0.0,0.0,0.0,,0.0,0.0,0.0,4.860096452925485e-07,1.1773244073216797e-06,0.0,0.1486416047495307,-0.871336062697081,0.0003527572315676,0.9793156647109184,,0,0,AMBIGUOUS,,False,False
BH050,98,0.9800004959106444,0.2137681107701793,7318,1,1,SHELF_NORMAL_Y_NEG,1242,5,18.970977317526263,0.5569503981153435,-10.683098391430804,7.443837802097991e-05,-2.9858933680401343e-06,9.039144939973076e-08,3.623098499030129e-07,0.0,0.0,0.0,0.0,,0.0,0.0,0.0,4.860096452925485e-07,1.1773244073216797e-06,0.0,0.15273387446796,-0.8967689052150495,0.0003631721599152,0.9796450306892226,,0,0,AMBIGUOUS,,False,False
BH050,99,0.9900010228157043,0.2195913778991636,7318,1,1,SHELF_NORMAL_Y_NEG,1242,5,18.970977317526263,0.5731662357462972,-10.96653868827327,7.673361087755241e-05,-3.5120642509727093e-06,3.610487075144677e-07,-1.1708086322751713e-07,0.0,0.0,0.0,0.0,,0.0,0.0,0.0,4.860096452925485e-07,1.1773244073216797e-06,0.0,0.1571040428950037,-0.9231552217244372,0.0003738851986075,0.9800234786634172,,0,0,AMBIGUOUS,,False,False
BH050,100,1.0000009536743164,0.2255048091555087,7318,1,1,SHELF_NORMAL_Y_NEG,1242,5,18.970977317526263,0.5847200173548346,-11.261762105205191,7.856798054638147e-05,-3.398635633050965e-06,1.2504084355729908e-07,4.6549935364139344e-08,0.0,0.0,0.0,0.0,,0.0,0.0,0.0,4.860096452925485e-07,1.1773244073216797e-06,0.0,0.1612292943206767,-0.95047501727696,0.0003848634714131,0.9804137576698052,2806.733206860869,1,1,AMBIGUOUS,,False,False
BH050,101,1.010000228881836,0.2313520976015955,7318,1,1,SHELF_NORMAL_Y_NEG,1242,5,18.970977317526263,0.6196846286657048,-11.538666553754007,8.084507827090426e-05,-4.032827914784369e-06,4.836548524959618e-07,-3.503491505473227e-07,0.0,0.0,0.0,0.0,,0.0,0.0,0.0,4.860096452925485e-07,1.1773244073216797e-06,0.0,0.1654785813310707,-0.9762612343201856,0.0003957317469317,0.9807348198538464,,0,0,AMBIGUOUS,,False,False
BH050,102,1.020000457763672,0.2373200126517032,7318,1,1,SHELF_NORMAL_Y_NEG,1242,5,18.970977317526263,0.6351827810431808,-11.84020293864479,8.261833045363265e-05,-3.4528117663033537e-06,1.489692295451867e-07,3.1321216874860254e-07,0.0,0.0,0.0,0.0,,0.0,0.0,0.0,4.860096452925485e-07,1.1773244073216797e-06,0.0,0.1696520351655547,-1.0030028138607796,0.0004067757902411,0.9810502247971724,,0,0,AMBIGUOUS,,False,False
BH050,103,1.030000925064087,0.24336198198997,7318,1,1,SHELF_NORMAL_Y_NEG,1242,5,18.970977317526263,0.6587432609784791,-12.152126674332695,8.498213177931071e-05,-4.047285707507373e-06,3.5904081401528164e-07,-1.1597619821538405e-07,0.0,0.0,0.0,0.0,,0.0,0.0,0.0,4.860096452925485e-07,1.1773244073216797e-06,0.0,0.1742218790075735,-1.0309075756825998,0.000418030775916,0.9813881026252008,,0,0,AMBIGUOUS,,False,False
BH050,104,1.0400009155273438,0.2494287726219556,7318,1,1,SHELF_NORMAL_Y_NEG,1242,5,18.970977317526263,0.6824812641564824,-12.44035617155944,8.685355664093256e-05,-4.267396684452449e-06,1.672932043058327e-07,-2.4280227036479465e-07,0.0,0.0,0.0,0.0,,0.0,0.0,0.0,4.860096452925485e-07,1.1773244073216797e-06,0.0,0.1784702401203675,-1.0582782636661756,0.000429537494301,0.9817064826618191,,0,0,AMBIGUOUS,,False,False
BH050,105,1.0500011444091797,0.255781349965709,7318,1,1,SHELF_NORMAL_Y_NEG,1242,5,18.970977317526263,0.693105459942564,-12.754640552355765,8.95557583432654e-05,-4.796738764419376e-06,7.118957734551952e-07,-6.838316638892519e-07,0.0,0.0,0.0,0.0,,0.0,0.0,0.0,7.118957734551952e-07,1.1773244073216797e-06,0.0,0.183083412242495,-1.0862472687484652,0.000441345026127,0.98202824669588,,0,0,AMBIGUOUS,,False,False
BH050,106,1.0600005388259888,0.2621285533809983,7318,1,1,SHELF_NORMAL_Y_NEG,1242,5,18.970977317526263,0.7178096923144961,-13.052992376078,9.105830039554186e-05,-3.9089702126717625e-06,1.0141442499930005e-07,3.240198656472731e-07,0.0,0.0,0.0,0.0,,0.0,0.0,0.0,7.118957734551952e-07,1.1773244073216797e-06,0.0,0.1875647234435067,-1.1153015691576833,0.0004533771838117,0.9823537195178434,,0,0,AMBIGUOUS,,False,False
BH050,107,1.070001244544983,0.2684531809413811,7318,1,1,SHELF_NORMAL_Y_NEG,1242,5,18.970977317526263,0.752542533274715,-13.366575251380045,9.320156790264803e-05,-4.000323972168688e-06,1.0846401254216823e-07,5.041605110710353e-07,0.0,0.0,0.0,0.0,,0.0,0.0,0.0,7.118957734551952e-07,1.1773244073216797e-06,0.0,0.192340995415455,-1.1441563390353742,0.0004655469121976,0.9826560552054072,,0,0,AMBIGUOUS,,False,False
BH050,108,1.080000877380371,0.2750587419200704,7318,1,1,SHELF_NORMAL_Y_NEG,1242,5,18.970977317526263,0.7761773143687232,-13.684731586779948,9.54186478697874e-05,-4.791275971000042e-06,1.029524602786362e-07,-1.4677160286062033e-07,0.0,0.0,0.0,0.0,,0.0,0.0,0.0,7.118957734551952e-07,1.1773244073216797e-06,0.0,0.1969057800690146,-1.17337585939417,0.0004780254252452,0.9829063422565328,,0,0,AMBIGUOUS,,False,False
BH050,109,1.0900001525878906,0.2816519439810257,7318,1,1,SHELF_NORMAL_Y_NEG,1242,5,18.970977317526263,0.7994954115768422,-14.010817632432516,9.760506966936769e-05,-5.098548239135822e-06,3.529144168917743e-09,-3.246529761448403e-07,0.0,0.0,0.0,0.0,,0.0,0.0,0.0,7.118957734551952e-07,1.1773244073216797e-06,0.0,0.2016246502799917,-1.202676868399333,0.0004908165692079,0.98316601579519,,0,0,AMBIGUOUS,,False,False
BH050,110,1.1000001430511477,0.2883603637197378,7318,1,1,SHELF_NORMAL_Y_NEG,1242,5,18.970977317526263,0.8347803474483508,-14.335837922660938,0.0001003554424684,-5.466075304365911e-06,4.346055457820725e-07,-5.20887318347272e-07,0.0,0.0,0.0,0.0,,0.0,0.0,0.0,7.118957734551952e-07,1.1773244073216797e-06,0.0,0.2064956952993236,-1.2327432838249983,0.0005038864113291,0.9834187302641731,,0,0,AMBIGUOUS,,False,False
BH050,111,1.1100003719329834,0.2951235931510096,7318,1,1,SHELF_NORMAL_Y_NEG,1242,5,18.970977317526263,0.8505962122636851,-14.665442073147684,0.0001024278885171,-4.9959846023549855e-06,2.311064765345443e-07,6.095422404312064e-08,0.0,0.0,0.0,0.0,,0.0,0.0,0.0,7.118957734551952e-07,1.1773244073216797e-06,0.0,0.2111659377336193,-1.2620634709750054,0.0005171717133695,0.9836426118336792,,0,0,AMBIGUOUS,,False,False
BH050,112,1.120000958442688,0.3020061127423251,7318,1,1,SHELF_NORMAL_Y_NEG,1242,5,18.970977317526263,0.8949367725867726,-14.998757892523674,0.0001048218954354,-4.871365257332885e-06,3.601481929744425e-07,5.311363374025887e-07,0.0,0.0,0.0,0.0,,0.0,0.0,0.0,7.118957734551952e-07,1.1773244073216797e-06,0.0,0.2164363307647367,-1.2914402626170565,0.000530691299673,0.9838491316893896,,0,0,AMBIGUOUS,,False,False
BH050,113,1.130000352859497,0.3089192456721516,7318,1,1,SHELF_NORMAL_Y_NEG,1242,5,18.970977317526263,0.9161106328946826,-15.348547495082617,0.0001071968149857,-5.498511877781041e-06,2.2986683637188867e-07,-3.694762164296352e-08,0.0,0.0,0.0,0.0,,0.0,0.0,0.0,7.118957734551952e-07,1.1773244073216797e-06,0.0,0.2213064931825257,-1.3209184189407883,0.000544475228075,0.9840552726956252,,0,0,AMBIGUOUS,,False,False
BH050,114,1.140000581741333,0.3159039675947806,7318,1,1,SHELF_NORMAL_Y_NEG,1242,5,18.970977317526263,0.9484906539177164,-15.69198283041704,0.0001098571351708,-5.872111761708206e-06,5.016120736176205e-07,-2.0132045105449289e-07,0.0,0.0,0.0,0.0,,0.0,0.0,0.0,7.118957734551952e-07,1.1773244073216797e-06,0.0,0.2262909678220876,-1.350522783696288,0.0005586841717913,0.9841985425337412,,0,0,AMBIGUOUS,,False,False
BH050,115,1.1500004529953003,0.3230506002838127,7318,1,1,SHELF_NORMAL_Y_NEG,1242,5,18.970977317526263,0.9781701445125688,-16.03041802637711,0.0001114620951881,-6.391889218691478e-06,-1.8518736615572492e-07,-4.682857989410957e-07,0.0,0.0,0.0,0.0,,0.0,0.0,0.0,7.118957734551952e-07,1.1773244073216797e-06,0.0,0.2315277310674345,-1.3792946746831198,0.0005734910378422,0.9842533185248392,,0,0,AMBIGUOUS,,False,False
BH050,116,1.160000205039978,0.3302204576597574,7318,1,1,SHELF_NORMAL_Y_NEG,1242,5,18.970977317526263,1.0175111791448226,-16.370936220190536,0.0001138687490612,-7.0913577558051545e-06,-1.2536807895437672e-07,-8.888338866718404e-07,0.0,0.0,0.0,0.0,,0.0,0.0,0.0,7.118957734551952e-07,1.1773244073216797e-06,0.0,0.2365064673937082,-1.406142576109712,0.0005886366332504,0.9841944479878468,,0,0,AMBIGUOUS,,False,False
BH050,117,1.1700007915496826,0.3374957110069088,7318,1,1,SHELF_NORMAL_Y_NEG,1242,5,18.970977317526263,1.0652930719255134,-16.727600879499477,0.0001165933284776,-6.100564824493098e-06,3.5466858464087416e-08,3.339280593528762e-07,0.0,0.0,0.0,0.0,,0.0,0.0,0.0,7.118957734551952e-07,1.1773244073216797e-06,0.0,0.2414020508487872,-1.4298114295010498,0.0006037857338462,0.983861250094789,,0,0,AMBIGUOUS,,False,False
BH050,118,1.1800003051757812,0.3447824615545523,7318,1,1,SHELF_NORMAL_Y_NEG,1242,5,18.970977317526263,1.0923151491905192,-17.086300304571683,0.0001190910645127,-6.700865268910016e-06,5.617057623365359e-09,-1.2768055503701485e-07,0.0,0.0,0.0,0.0,,0.0,0.0,0.0,7.118957734551952e-07,1.1773244073216797e-06,0.0,0.2460870425465721,-1.4488332532160877,0.0006190205197259,0.9828889456929146,,0,0,AMBIGUOUS,,False,False
BH050,119,1.1900006532669067,0.3521315420974882,7318,1,1,SHELF_NORMAL_Y_NEG,1242,5,18.970977317526263,1.123935415231741,-17.464742488762358,0.0001218257937532,-6.703753497983456e-06,1.4775951376433762e-07,1.1137749764204537e-07,0.0,0.0,0.0,0.0,,0.0,0.0,0.0,7.118957734551952e-07,1.1773244073216797e-06,0.0,0.2513771003754075,-1.4656013191684247,0.0006345276372047,0.9802655099138656,,0,0,AMBIGUOUS,,False,False
BH050,120,1.2000001668930054,0.3595605530260541,7318,1,1,SHELF_NORMAL_Y_NEG,1242,5,18.970977317526263,1.1244746551306426,-17.85611694088933,0.0001244785362088,-8.109978317222656e-06,1.053526580715005e-07,-1.2809158124783577e-06,0.0,0.0,0.0,0.0,,0.0,0.0,0.0,7.118957734551952e-07,1.2809158124783577e-06,0.0,0.26167764857785,-1.549086993240523,0.0006519145120995,0.9748892501444012,,0,0,AMBIGUOUS,,False,False
BH050,121,1.2100001573562622,0.367047681470978,7318,1,1,SHELF_NORMAL_Y_NEG,1242,5,18.970977317526263,1.1198951270409725,-18.234592676821787,0.0001268255038302,-7.359656675887843e-06,-1.7851846608555873e-07,-5.768969177331342e-07,0.0,0.0,0.0,0.0,,0.0,0.0,0.0,7.118957734551952e-07,1.2809158124783577e-06,0.0,0.2681231937294069,-1.6352881197103173,0.0006711215287482,0.9683734362784416,,0,0,AMBIGUOUS,,False,False
BH050,122,1.2200002670288086,0.3745457186063266,7318,1,1,SHELF_NORMAL_Y_NEG,1242,5,18.970977317526263,1.1967999810043,-18.57019531226204,0.0001296622081631,-7.2869285883766675e-06,1.931625069729421e-07,-1.1775793156711645e-07,0.0,0.0,0.0,0.0,,0.0,0.0,0.0,7.118957734551952e-07,1.2809158124783577e-06,0.0,0.2707411653652348,-1.6691752987535742,0.0006886924193927,0.96391597056048,,0,0,AMBIGUOUS,,False,False
BH050,123,1.2300008535385132,0.3822120631915566,7318,1,1,SHELF_NORMAL_Y_NEG,1242,5,18.970977317526263,1.2384577025790346,-18.97238163015971,0.0001320254065837,-7.92141504552305e-06,-1.641716804247123e-07,-4.0473064095064614e-07,0.0,0.0,0.0,0.0,,0.0,0.0,0.0,7.118957734551952e-07,1.2809158124783577e-06,0.0,0.2800237094153943,-1.663157635558182,0.0007070433963291,0.964051787006389,,0,0,AMBIGUOUS,,False,False
BH050,124,1.2400009632110596,0.3899017835925443,7318,1,1,SHELF_NORMAL_Y_NEG,1242,5,18.970977317526263,1.2488767954762516,-19.351724354109205,0.0001349881659282,-7.800458565687186e-06,1.11820903583214e-07,-2.7633481428302386e-07,0.0,0.0,0.0,0.0,,0.0,0.0,0.0,7.118957734551952e-07,1.2809158124783577e-06,0.0,0.2849190681954933,-1.7482038172257577,0.0007277156663452,0.964293676702775,,0,0,AMBIGUOUS,,False,False
BH050,125,1.2500009536743164,0.3976151919329129,7318,1,1,SHELF_NORMAL_Y_NEG,1242,5,18.970977317526263,1.2900268134901165,-19.713460800582432,0.000137522406953,-8.112700986662278e-06,1.653680841042079e-07,-2.843416015145171e-07,0.0,0.0,0.0,0.0,,0.0,0.0,0.0,7.118957734551952e-07,1.2809158124783577e-06,0.0,0.2951324787381961,-1.8294388099365688,0.0007471570902818,0.9605062609880656,-70.9976595510377,1,1,AMBIGUOUS,,False,False
BH050,126,1.260000705718994,0.4053680629774623,7318,1,1,SHELF_NORMAL_Y_NEG,1242,5,18.970977317526263,1.314168796957648,-20.128405102626303,0.0001405479195602,-8.579364309386356e-06,2.862718368243757e-07,-6.204551231730939e-07,0.0,0.0,0.0,0.0,,0.0,0.0,0.0,7.118957734551952e-07,1.2809158124783577e-06,0.0,0.2939312295350929,-1.866917881503113,0.0007668948687471,0.955071015214458,,0,0,AMBIGUOUS,,False,False
BH050,127,1.2700005769729614,0.4132908491640269,7318,1,1,SHELF_NORMAL_Y_NEG,1242,5,18.970977317526263,1.3393757281721912,-20.55964622593948,0.0001434540966667,-8.39193379711527e-06,2.204677743434245e-07,-2.49834896081378e-07,0.0,0.0,0.0,0.0,,0.0,0.0,0.0,7.118957734551952e-07,1.2809158124783577e-06,0.0,0.302122586922479,-1.8791375097971823,0.0007867221891655,0.9509212020258312,,0,0,AMBIGUOUS,,False,False
BH050,128,1.2800005674362185,0.4213033594324992,7318,1,1,SHELF_NORMAL_Y_NEG,1242,5,18.970977317526263,1.3851640235069402,-20.921955492090248,0.0001458495975326,-8.812378297540831e-06,1.1630468730970808e-08,-4.536666821029463e-07,0.0,0.0,0.0,0.0,,0.0,0.0,0.0,7.118957734551952e-07,1.2809158124783577e-06,0.0,0.3086450955407401,-1.9756167278879604,0.0008088809806607,0.9485807630609376,,0,0,AMBIGUOUS,,False,False
BH050,129,1.290000557899475,0.4294950278073652,7318,1,1,SHELF_NORMAL_Y_NEG,1242,5,18.970977317526263,1.414241333771182,-21.304946718067,0.000148674378118,-8.994885721902847e-06,2.36117540968416e-07,-3.880675994863761e-07,0.0,0.0,0.0,0.0,,0.0,0.0,0.0,7.118957734551952e-07,1.2809158124783577e-06,0.0,0.3148471719695511,-2.0801450711871574,0.0008320615321569,0.945542123916112,,0,0,AMBIGUOUS,,False,False
BH050,130,1.300000786781311,0.4378320984411908,7318,1,1,SHELF_NORMAL_Y_NEG,1242,5,18.970977317526263,1.4323905984724867,-21.749896349636828,0.0001518007649294,-8.518897501346464e-06,2.202189776497011e-07,1.467796905293929e-07,0.0,0.0,0.0,0.0,,0.0,0.0,0.0,7.118957734551952e-07,1.2809158124783577e-06,0.0,0.3233096392207905,-2.105561032740168,0.0008515085935201,0.9396809729795668,,0,0,AMBIGUOUS,,False,False
BH050,131,1.309999942779541,0.446264748243787,7318,1,1,SHELF_NORMAL_Y_NEG,1242,5,18.970977317526263,1.4578294192329286,-22.180246293333923,0.0001554279095263,-9.17114310395727e-06,8.525748895592679e-07,-3.496410177822231e-07,0.0,0.0,0.0,0.0,,0.0,0.0,0.0,8.525748895592679e-07,1.2809158124783577e-06,0.0,0.3219937837435258,-2.128986469194753,0.0008696957268257,0.9327844320099082,,0,0,AMBIGUOUS,,False,False
BH050,132,1.320000410079956,0.4546734120639981,7318,1,1,SHELF_NORMAL_Y_NEG,1242,5,18.970977317526263,1.507351800506484,-22.55462081128644,0.0001575157784532,-9.00774959061365e-06,2.815806550891483e-07,8.505223209032653e-08,0.0,0.0,0.0,0.0,,0.0,0.0,0.0,8.525748895592679e-07,1.2809158124783577e-06,0.0,0.3381790941325721,-2.1683140065808693,0.0008906574828834,0.9271261028153144,,0,0,AMBIGUOUS,,False,False
BH050,133,1.3300002813339231,0.4630398094700846,7318,1,1,SHELF_NORMAL_Y_NEG,1242,5,18.970977317526263,1.5112604063725608,-22.9754996157527,0.0001599167283059,-9.075999739461237e-06,-2.849015750965879e-07,-1.4311495005574217e-08,0.0,0.0,0.0,0.0,,0.0,0.0,0.0,8.525748895592679e-07,1.2809158124783577e-06,0.0,0.3421655426658591,-2.3056381814063664,0.0009160352241443,0.9228409160797072,,0,0,AMBIGUOUS,,False,False
BH050,134,1.340001106262207,0.4714467417278568,7318,1,1,SHELF_NORMAL_Y_NEG,1242,5,18.970977317526263,1.547405676515482,-23.40689138971912,0.0001631394992661,-9.927327124281724e-06,-1.5193609462736943e-08,-5.868789889443586e-07,0.0,0.0,0.0,0.0,,0.0,0.0,0.0,8.525748895592679e-07,1.2809158124783577e-06,0.0,0.3510727062671832,-2.3591487909020974,0.0009382731714342,0.915146061873263,,0,0,AMBIGUOUS,,False,False
BH050,135,1.3500007390975952,0.4798425486830649,7318,1,1,SHELF_NORMAL_Y_NEG,1242,5,18.970977317526263,1.596084686192234,-23.81557078347969,0.0001663385934807,-1.0703743167954946e-05,3.751947360935927e-07,-1.010537283482535e-06,0.0,0.0,0.0,0.0,,0.0,0.0,0.0,8.525748895592679e-07,1.2809158124783577e-06,0.0,0.3459737409047715,-2.407560190529616,0.0009500354985451,0.8986147026377144,,0,0,AMBIGUOUS,,False,False
BH050,136,1.3600012063980105,0.4882214768195617,7318,1,1,SHELF_NORMAL_Y_NEG,1242,5,18.970977317526263,1.6372605280822796,-24.21231512494371,0.0001689804536675,-9.363574792716977e-06,1.7460740682636276e-07,5.142816173354242e-07,0.0,0.0,0.0,0.0,,0.0,0.0,0.0,8.525748895592679e-07,1.2809158124783577e-06,0.0,0.3626224290887591,-2.4374153045836024,0.0009604227949524,0.8828809614535277,,0,0,AMBIGUOUS,,False,False
BH050,137,1.3700004816055298,0.4969745898131789,7318,1,1,SHELF_NORMAL_Y_NEG,1242,5,18.970977317526263,1.6161789658616568,-24.712246083860943,0.0001721267757803,-1.0413663912481764e-05,-1.1346435888339389e-07,-6.601825097889494e-07,0.0,0.0,0.0,0.0,,0.0,0.0,0.0,8.525748895592679e-07,1.2809158124783577e-06,0.0,0.3679744631752425,-2.5646427509369008,0.0009928217297209,0.8819532070418991,,0,0,AMBIGUOUS,,False,False
BH050,138,1.380000352859497,0.5051913644197266,7318,1,1,SHELF_NORMAL_Y_NEG,1242,5,18.970977317526263,1.569175526850653,-25.25045822039112,0.0001761855138606,-9.5207166409515e-06,1.3189202189721385e-07,-1.8516511155820039e-07,0.0,0.0,0.0,0.0,,0.0,0.0,0.0,8.525748895592679e-07,1.2809158124783577e-06,0.0,0.3793378532284166,-2.642799572925867,0.0010443327246004,0.8571897256510393,,0,0,AMBIGUOUS,,False,False
BH050,139,1.390000820159912,0.5133910970416963,7318,1,1,SHELF_NORMAL_Y_NEG,1242,5,18.970977317526263,1.6737323480833373,-25.595468161168547,0.0001785599231963,-1.018771060117712e-05,7.881335905508325e-08,-1.7204272462038875e-07,0.0,0.0,0.0,0.0,,0.0,0.0,0.0,8.525748895592679e-07,1.2809158124783577e-06,0.0,0.3768877542857898,-2.704968694645123,0.0010690825879636,0.8407249204999663,,0,0,AMBIGUOUS,,False,False
BH050,140,1.4000012874603271,0.5219179670392209,7318,1,1,SHELF_NORMAL_Y_NEG,1242,5,18.970977317526263,1.6894401281199567,-26.12282604966311,0.0001816331458585,-1.0486015333500184e-05,-4.7004213347891677e-07,-3.385154604886465e-07,0.0,0.0,0.0,0.0,,0.0,0.0,0.0,8.525748895592679e-07,1.2809158124783577e-06,0.0,0.3784288992793892,-2.7724043669502048,0.0010641694865196,0.8314406656931523,,0,0,AMBIGUOUS,,False,False
BH050,141,1.4100008010864258,0.5307153048622562,7318,1,1,SHELF_NORMAL_Y_NEG,1242,5,18.970977317526263,1.5600506489730117,-26.666821685227376,0.0001862162247627,-9.553110629324749e-06,2.7225055473985185e-07,-3.804557989744301e-07,0.0,0.0,0.0,0.0,,0.0,0.0,0.0,8.525748895592679e-07,1.2809158124783577e-06,0.0,0.3865650455478618,-2.8851696685384307,0.0010810332118682,0.8132129400190389,,0,0,AMBIGUOUS,,False,False
BH050,142,1.4199999570846558,0.5397349956606519,7318,1,1,SHELF_NORMAL_Y_NEG,1242,5,18.970977317526263,1.491831740254583,-27.254633556844688,0.000190416840263,-9.482390045989215e-06,2.834368049479085e-07,-9.075080401199252e-07,0.0,0.0,0.0,0.0,,0.0,0.0,0.0,8.525748895592679e-07,1.2809158124783577e-06,0.0,0.4007371881883847,-2.941504720469836,0.0011043937487086,0.8059366837386379,,0,0,AMBIGUOUS,,False,False
BH050,143,1.430000901222229,0.5486384486538957,7318,1,1,SHELF_NORMAL_Y_NEG,1242,5,18.970977317526263,1.6863332319620346,-27.6272724024922,0.000192475901555,-1.0270363606493054e-05,5.4963144272571424e-08,-6.269164082219754e-08,0.0,0.0,0.0,0.0,,0.0,0.0,0.0,8.525748895592679e-07,1.2809158124783577e-06,0.0,0.4165317309496593,-2.862959139546005,0.0011195886499328,0.8076959636761576,,0,0,AMBIGUOUS,,False,False
BH050,144,1.440001130104065,0.5569159386182975,7318,1,1,SHELF_NORMAL_Y_NEG,1242,5,18.970977317526263,1.7172575874671576,-28.120895404915004,0.0001959364078271,-1.0917949743885905e-05,9.726581501296816e-08,-5.025779837682575e-07,0.0,0.0,0.0,0.0,,0.0,0.0,0.0,8.525748895592679e-07,1.2809158124783577e-06,0.0,0.4627537607573564,-2.677924786862933,0.0011483570409312,0.7833422045399395,,0,0,AMBIGUOUS,,False,False
BH050,145,1.4500010013580322,0.5658508546390849,7318,1,1,SHELF_NORMAL_Y_NEG,1242,5,18.970977317526263,1.6538164324010105,-28.56269591163318,0.0001992277608522,-9.833985504519136e-06,-1.6885653627483855e-08,-2.087310147007261e-07,0.0,0.0,0.0,0.0,,0.0,0.0,0.0,8.525748895592679e-07,1.2809158124783577e-06,0.0,0.463095706993396,-2.724382815208974,0.0011922593734443,0.77940212318314,,0,0,AMBIGUOUS,,False,False
BH050,146,1.4600000381469729,0.5744152907210306,7318,1,1,SHELF_NORMAL_Y_NEG,1242,5,18.970977317526263,1.747466080478442,-29.07638051890181,0.0002028524887617,-1.1266255387966427e-05,3.072754463103009e-07,-7.43404652285627e-07,0.0,0.0,0.0,0.0,,0.0,0.0,0.0,8.525748895592679e-07,1.2809158124783577e-06,0.0,0.4733215592908452,-2.717089107282649,0.001210863508855,0.7746157566036895,,0,0,AMBIGUOUS,,False,False
BH050,147,1.4700013399124146,0.5839781801137541,7318,1,1,SHELF_NORMAL_Y_NEG,1242,5,18.970977317526263,1.7294803192024937,-29.57923903818918,0.000206989494949,-1.0768981373676853e-05,6.455146371425443e-07,-6.932426253037065e-07,0.0,0.0,0.0,0.0,,0.0,0.0,0.0,8.525748895592679e-07,1.2809158124783577e-06,0.0,0.4772694729286247,-2.7238828883932062,0.0012178985974817,0.7675160648700934,,0,0,AMBIGUOUS,,False,False
BH050,148,1.4800009727478027,0.5929036373174634,7318,1,1,SHELF_NORMAL_Y_NEG,1242,5,18.970977317526263,1.6775560461807428,-30.12857002269352,0.0002101722661799,-9.895890923985518e-06,1.344010689487726e-07,-7.574173389727264e-08,0.0,0.0,0.0,0.0,,0.0,0.0,0.0,8.525748895592679e-07,1.2809158124783577e-06,0.0,0.5024004775039501,-2.7894860107341115,0.0012363978288871,0.752112831364592,,0,0,AMBIGUOUS,,False,False
BH050,149,1.490001201629639,0.6010352283564205,7318,1,1,SHELF_NORMAL_Y_NEG,1242,5,18.970977317526263,1.6300272188100795,-30.681208997797505,0.000214388189828,-1.0124811683612602e-05,3.77290625479601e-07,-7.86151785142305e-07,0.0,0.0,0.0,0.0,,0.0,0.0,0.0,8.525748895592679e-07,1.2809158124783577e-06,0.0,0.5163894301073246,-3.0068623173630185,0.0012662941828885,0.7374256811127391,,0,0,AMBIGUOUS,,False,False
BH050,150,1.5000008344650269,0.6103837354829954,7318,1,1,SHELF_NORMAL_Y_NEG,1242,5,18.970977317526263,1.8537553153642448,-30.883311707127056,0.00021625095485,-9.895271914759046e-06,2.2910977416526306e-07,3.759730267376832e-07,0.0,0.0,0.0,0.0,,0.0,0.0,0.0,8.525748895592679e-07,1.2809158124783577e-06,0.0,0.5122336862935164,-3.0692028852297617,0.0013081531974516,0.7458296949650658,-21476.449131492605,1,1,AMBIGUOUS,,False,False
BH050,151,1.5100008249282837,0.6185134841247172,7318,1,1,SHELF_NORMAL_Y_NEG,1242,5,18.970977317526263,1.880967253387009,-31.126066206529845,0.0002180168167307,-9.975392485696137e-06,5.43295424331033e-07,7.103036728977122e-07,0.0,0.0,0.0,0.0,,0.0,0.0,0.0,8.525748895592679e-07,1.2809158124783577e-06,0.0,0.4949222301766122,-3.238386084928047,0.0013404657986404,0.7240001721395792,,0,0,AMBIGUOUS,,False,False
BH050,152,1.520000457763672,0.6258497406504598,7318,1,1,SHELF_NORMAL_Y_NEG,1242,5,18.970977317526263,1.7140077576031751,-31.785562332959564,0.0002226201670411,-9.640444908153715e-06,8.196078965423421e-07,1.228444995810202e-07,0.0,0.0,0.0,0.0,,0.0,0.0,0.0,8.525748895592679e-07,1.2809158124783577e-06,0.0,0.5225635758654572,-3.447006978949021,0.001368076816653,0.691999751494129,,0,0,AMBIGUOUS,,False,False
BH050,153,1.530000925064087,0.6354342825171714,7318,1,1,SHELF_NORMAL_Y_NEG,1242,5,18.970977317526263,2.164109874730884,-31.31620026982348,0.0002191722464901,-1.3283177773591964e-05,1.349049316210773e-06,3.2434033744594814e-07,5.500062302431923e-07,-5.147168248341924e-07,4.614784643308667e-07,6.993570167423968e-08,,0.0001055724642355,0.000168454440427,0.0001234393275808,1.349049316210773e-06,1.2809158124783577e-06,0.0,0.5344395520886792,-3.595417485567993,0.0013767270927454,0.6965175420482341,,0,0,AMBIGUOUS,,False,False
BH050,154,1.5400011539459229,0.6440767208854327,7318,1,1,SHELF_NORMAL_Y_NEG,1242,5,18.970977317526263,1.9919905534411333,-31.31651461413774,0.0002266397417731,-2.048691155260804e-05,8.896940119021467e-06,-7.986589928453934e-06,7.954894929540193e-06,-7.426283309425825e-06,6.665884029644076e-06,1.0121125342266168e-06,,0.0015249548014253,0.0024378800299018,0.0017820841167122,8.896940119021467e-06,7.986589928453934e-06,0.0,0.5422671994118101,-3.5991571015213326,0.0014005215670364,0.6797619719369807,,0,0,AMBIGUOUS,,False,False
BH050,155,1.5500003099441528,0.6528815644725559,7318,1,1,SHELF_NORMAL_Y_NEG,1242,5,18.970977317526263,1.8020724322971884,-32.34410374280608,0.0002339480572299,-2.0317015500661032e-05,8.829255087754e-06,-9.40234177794735e-06,7.95490306691895e-06,-7.426492829332903e-06,6.665884029644076e-06,1.0121125342266168e-06,,0.0015249548014253,0.0024378800299018,0.0017694077687337,8.896940119021467e-06,9.40234177794735e-06,0.0,0.5653369196515576,-3.748225074605329,0.0014136452351465,0.6640547954271876,,0,0,AMBIGUOUS,,False,False
BH050,156,1.560001254081726,0.6621235935885774,7318,1,1,SHELF_NORMAL_Y_NEG,1242,5,18.970977317526263,1.9388118884870564,-32.72945918638765,0.0002362688605259,-2.116351814267692e-05,8.21336741671188e-06,-9.576584466983887e-06,7.954793086883627e-06,-7.426511313942602e-06,6.665884029644076e-06,1.0121125342266168e-06,,0.0015249548014253,0.0024378800299018,0.0017689316300675,8.896940119021467e-06,9.576584466983887e-06,0.0,0.5812059775979947,-3.807955956691889,0.0014291606550448,0.6645354045965703,,0,0,AMBIGUOUS,,False,False
BH050,157,1.5700007677078247,0.6710533999544732,7318,1,1,SHELF_NORMAL_Y_NEG,1242,5,18.970977317526263,1.7804315088773153,-33.33910172610922,0.0002397243531944,-2.114871529308412e-05,8.844617762029505e-06,-9.266700253175175e-06,8.404760358009604e-06,-7.85379347339994e-06,7.053015906421933e-06,1.0658618521119934e-06,,0.0016135190380737,0.0025673462077975,0.0018636713502928,8.896940119021467e-06,9.576584466983887e-06,0.0,0.5657121369315717,-3.896701129501387,0.0014543494259588,0.6626659261498351,,0,0,AMBIGUOUS,,False,False
BH050,158,1.580000400543213,0.6785555491543084,7318,1,1,SHELF_NORMAL_Y_NEG,1242,5,18.970977317526263,2.069165397543824,-33.261788956087344,0.0002405929811604,-2.4039313037777345e-05,1.002084334109706e-05,-1.0388264080803296e-05,9.45668719276047e-06,-8.850693493454159e-06,7.958228707138915e-06,1.1905174233106663e-06,,0.0018206045497208,0.0028676046058535,0.0021144156344234,1.002084334109706e-05,1.0388264080803296e-05,0.0,0.5821762400103033,-4.122042998940116,0.0015030737858483,0.6471978852957754,,0,0,AMBIGUOUS,,False,False
BH050,159,1.590001106262207,0.6887131505172193,7318,1,1,SHELF_NORMAL_Y_NEG,1242,5,18.970977317526263,1.3221403435869432,-34.743751592593966,0.0002568659649052,-2.4075493388926858e-05,1.544584859469099e-05,-1.6192209218924463e-05,1.4226922302025628e-05,-1.3359973032111544e-05,1.2056640116497874e-05,1.753838091644866e-06,,0.0027581984177231,0.0042244778014719,0.0031178183853626,1.544584859469099e-05,1.6192209218924463e-05,0.0,0.5932914039663668,-4.04300607227708,0.0015350376528483,0.6550736139891324,,0,0,AMBIGUOUS,,False,False
BH050,160,1.6000003814697266,0.6951040583453738,7318,1,1,SHELF_NORMAL_Y_NEG,1242,5,18.970977317526263,0.9589018378360016,-35.49874101574463,0.0002621622699891,-2.071687576948021e-05,1.5501538597001538e-05,-1.5366251030754182e-05,1.422737497595747e-05,-1.3360330772874335e-05,1.2056640116497874e-05,1.753838091644866e-06,,0.0027581984177231,0.0042244778014719,0.0030986191704869,1.5501538597001538e-05,1.6192209218924463e-05,0.0,0.588336832875997,-4.050807804122097,0.0016301244813473,0.645288657782866,,0,0,AMBIGUOUS,,False,False
BH050,161,1.6100010871887207,0.7045764190731976,7318,1,1,SHELF_NORMAL_Y_NEG,1242,5,18.970977317526263,1.439383330269418,-35.49443800509536,0.0002614347113173,-2.4660298153172857e-05,1.6208394881254517e-05,-1.4583702132718915e-05,1.4227156895812627e-05,-1.336005911136072e-05,1.2056640116497874e-05,1.753838091644866e-06,,0.0027581984177231,0.0042244778014719,0.0031402867753058,1.6208394881254517e-05,1.6192209218924463e-05,0.0,0.6392731603203301,-4.181071327986977,0.0016365452299541,0.6429448167384352,,0,0,AMBIGUOUS,,False,False
BH050,162,1.6200003623962402,0.7131001802737174,7318,1,1,SHELF_NORMAL_Y_NEG,1242,5,18.970977317526263,1.1040739678896458,-36.08978395148345,0.000266351453128,-2.19035632546675e-05,1.6495947086513757e-05,-1.4658668931782654e-05,1.4227445738224692e-05,-1.3361098191649532e-05,1.2056640116497874e-05,1.753838091644866e-06,,0.0027581984177231,0.0042244778014719,0.0031179967336356,1.6495947086513757e-05,1.6192209218924463e-05,0.0,0.600823885463943,-4.487815035704213,0.0016859531535113,0.6409017930823221,,0,0,AMBIGUOUS,,False,False
BH050,163,1.6300010681152344,0.7219333058140521,7318,1,1,SHELF_NORMAL_Y_NEG,1242,5,18.970977317526263,1.3087163561629955,-36.39938110181191,0.0002711518505049,-2.688066923259216e-05,1.924482882189536e-05,-1.8132639362696923e-05,1.681475981187483e-05,-1.5859498730264933e-05,1.4346731404657476e-05,2.0350464637886034e-06,,0.0032821029890328,0.0049018254503607,0.0037137956824153,1.924482882189536e-05,1.8132639362696923e-05,0.0,0.6217746079575812,-4.520120994255594,0.0016914437119151,0.6315846700459918,,0,0,AMBIGUOUS,,False,False
BH050,164,1.640000343322754,0.7326190764206069,7318,1,1,SHELF_NORMAL_Y_NEG,1242,5,18.970977317526263,0.6549819274947061,-37.19974406597055,0.0002827405328138,-2.842444051815145e-05,2.539489160701888e-05,-2.4101468866864176e-05,2.2400521780172104e-05,-2.125158486754019e-05,1.928680467244704e-05,2.6442048692842945e-06,,0.0044122436083853,0.0063691078685224,0.004886551760137,2.539489160701888e-05,2.4101468866864176e-05,0.0,0.6535172487556722,-4.489567450958793,0.0016703528490965,0.6185553892247272,,0,0,AMBIGUOUS,,False,False
BH050,165,1.650001049041748,0.7414287959398539,7318,1,1,SHELF_NORMAL_Y_NEG,1242,5,18.970977317526263,0.6865416469683757,-37.74189460882864,0.0002866310565842,-2.846684994312792e-05,2.535562314078866e-05,-2.410793138783664e-05,2.240048346224483e-05,-2.125244417950248e-05,1.928680467244704e-05,2.6442048692842945e-06,,0.0044122436083853,0.0063691078685224,0.0049009718932211,2.539489160701888e-05,2.410793138783664e-05,0.0,0.6419762549906725,-4.636993630379343,0.0016979096161582,0.6070843806566664,,0,0,AMBIGUOUS,,False,False
BH050,166,1.6600003242492676,0.7493514662502222,7318,1,1,SHELF_NORMAL_Y_NEG,1242,5,18.970977317526263,1.0581181118218077,-37.580214082078456,0.0002860678025734,-3.060810055891157e-05,2.548282322066672e-05,-2.410783433173542e-05,2.2400665115605823e-05,-2.1253037126135263e-05,1.928680467244704e-05,2.6442048692842945e-06,,0.0044122436083853,0.0063691078685224,0.0049435789696872,2.548282322066672e-05,2.410793138783664e-05,0.0,0.6581455272412702,-4.714890973749464,0.0017252481498934,0.5995773608564448,,0,0,AMBIGUOUS,,False,False
BH050,167,1.6700010299682615,0.7570400339166714,7318,1,1,SHELF_NORMAL_Y_NEG,1242,5,18.970977317526263,0.9339414609973928,-37.77965462059116,0.0002913354133916,-3.4744968509866346e-05,3.040128921977361e-05,-2.8073589813449804e-05,2.6521295084051567e-05,-2.5268520762419264e-05,2.298388790222816e-05,3.0780447559664026e-06,,0.0052580256015062,0.0074141002260148,0.0059091006405651,3.040128921977361e-05,2.8073589813449804e-05,0.0,0.6401002217411045,-5.234766819107746,0.0018171404057744,0.6131308876569981,,0,0,AMBIGUOUS,,False,False
BH050,168,1.6800003051757812,0.7660447471677926,7318,1,1,SHELF_NORMAL_Y_NEG,1242,5,18.970977317526263,0.9188674379214162,-37.24752582201682,0.0003081155806917,-5.584557757627002e-05,5.075721744064011e-05,-4.938094594292915e-05,4.482492645703233e-05,-4.32394976197982e-05,3.95316856156569e-05,5.017065177526092e-06,,0.0090436665341258,0.0120846275240182,0.0101011451333761,5.075721744064011e-05,4.938094594292915e-05,0.0,0.6092440214204334,-5.620625490526535,0.0019005065846768,0.6320053306554105,,0,0,AMBIGUOUS,,False,False
BH050,169,1.6900010108947754,0.774520495544041,7318,1,1,SHELF_NORMAL_Y_NEG,1242,5,18.970977317526263,0.6032924065694198,-37.72531406600461,0.0003151547253461,-5.660116906231957e-05,5.400367612194766e-05,-5.280793391374851e-05,4.826051565487921e-05,-4.659546407154743e-05,4.261855065124109e-05,5.39276788913412e-06,,0.009749848395586,0.0129895834252238,0.01083639357239,5.400367612194766e-05,5.280793391374851e-05,0.0,0.4574794131696136,-6.5705707457831295,0.0019573051728121,0.6346304809180419,,0,0,AMBIGUOUS,,False,False
BH050,170,1.700000286102295,0.7847624791399037,7318,1,1,SHELF_NORMAL_Y_NEG,1242,5,18.970977317526263,0.5007680713899358,-38.4880455145876,0.0003207637430037,-5.72928488462277e-05,5.426531418041856e-05,-5.428334965584358e-05,4.8258995235950365e-05,-4.65963873056312e-05,4.261855065124109e-05,5.39276788913412e-06,,0.009749848395586,0.0129895834252238,0.0108260056003928,5.426531418041856e-05,5.428334965584358e-05,0.0,0.4504273287215948,-6.798309734079924,0.0019219260077078,0.6261275339456576,,0,0,AMBIGUOUS,,False,False
BH050,171,1.710000991821289,0.7941726761409781,7318,1,1,SHELF_NORMAL_Y_NEG,1242,5,18.970977317526263,0.4076074184280381,-39.0160842321724,0.0003239483412319,-5.650234780653026e-05,5.3692896311123887e-05,-5.42437951424091e-05,4.826111209615527e-05,-4.659590597699528e-05,4.261855065124109e-05,5.39276788913412e-06,,0.009749848395586,0.0129895834252238,0.0107699334621429,5.426531418041856e-05,5.428334965584358e-05,0.0,0.5338237118454106,-6.333223999139967,0.0019364738580454,0.6174756527220591,,0,0,AMBIGUOUS,,False,False
BH050,172,1.7200002670288086,0.8044171801138559,7318,1,1,SHELF_NORMAL_Y_NEG,1242,5,18.970977317526263,0.2886689148481856,-39.79308872724224,0.0003281952274593,-5.684664008583258e-05,5.339737601321596e-05,-5.458165068800397e-05,4.825954070271372e-05,-4.659695869726396e-05,4.261855065124109e-05,5.39276788913412e-06,,0.009749848395586,0.0129895834252238,0.0107820332050323,5.426531418041856e-05,5.458165068800397e-05,0.0,0.5064155591242234,-6.637142060243983,0.0019465642847749,0.6139116206204536,,0,0,AMBIGUOUS,,False,False
BH050,173,1.7300009727478027,0.8123263410324402,7318,1,1,SHELF_NORMAL_Y_NEG,1242,5,18.970977317526263,0.5957619341783555,-39.31867262102131,0.0003312756486794,-6.488069517660412e-05,5.931005875836761e-05,-6.094005545341681e-05,5.352769888364828e-05,-5.181378306285845e-05,4.744974648929201e-05,5.92680589761585e-06,,0.0108550824224948,0.0142759243026375,0.0120531562715768,5.931005875836761e-05,6.094005545341681e-05,0.0,0.4984037697023733,-6.951027143524975,0.0020528093669224,0.6292583222710268,,0,0,AMBIGUOUS,,False,False
BH050,174,1.7400002479553225,0.8199614023535918,7318,1,1,SHELF_NORMAL_Y_NEG,1242,5,18.970977317526263,0.2809989861951076,-39.80906694056054,0.0003432755774824,-7.055216995832528e-05,6.792757375921626e-05,-6.877990229826848e-05,6.070810660845036e-05,-5.893217886258894e-05,5.404310650192201e-05,6.663088242930826e-06,,0.012363445945084,0.0160494111478328,0.0136999664828181,6.792757375921626e-05,6.877990229826848e-05,0.0,0.4824186324107655,-7.187747155595617,0.0021452376376309,0.6435323449741495,,0,0,AMBIGUOUS,,False,False
BH050,175,1.7500009536743164,0.826298740648802,7318,1,1,SHELF_NORMAL_Y_NEG,1242,5,18.970977317526263,0.456514614090151,-39.35591907024968,0.0003537071914561,-8.797018843635445e-05,8.173058868319731e-05,-8.474563670911837e-05,7.376726423297994e-05,-7.192998144430648e-05,6.609618867514655e-05,7.99808549345471e-06,,0.015120830386877,0.0192650239914655,0.0167211759835481,8.173058868319731e-05,8.474563670911837e-05,0.0,0.4563753283053157,-7.597054869791238,0.0022082468351796,0.6456337451162311,43119.20863325017,1,1,AMBIGUOUS,,False,False
BH050,176,1.760000228881836,0.8332208466271838,7318,1,1,SHELF_NORMAL_Y_NEG,1242,5,18.970977317526263,0.0528026111393402,-39.6007095007161,0.0003665711381853,-9.721912971957348e-05,9.303274851728964e-05,-9.66549011028766e-05,8.416912600601175e-05,-8.227921933029838e-05,7.568129512947053e-05,9.08821039047325e-06,,0.0173136163502931,0.0218908134847879,0.0190607644617557,9.303274851728964e-05,9.66549011028766e-05,0.0,0.4665793636916259,-7.927824674685834,0.0022243691282431,0.6408177266114439,,0,0,AMBIGUOUS,,False,False
BH050,177,1.77000093460083,0.8406117978401411,7318,1,1,SHELF_NORMAL_Y_NEG,1242,5,18.970977317526263,0.1535459222629362,-39.88799698631097,0.0003682095664567,-9.912880907385682e-05,9.302424643703986e-05,-9.75292702785366e-05,8.417028239781538e-05,-8.228024599731371e-05,7.568129512947053e-05,9.08821039047325e-06,,0.0173136163502931,0.0218908134847879,0.0190867707133293,9.303274851728964e-05,9.75292702785366e-05,0.0,0.4575871345839411,-7.353237015925573,0.0023084986196076,0.6510920879638047,,0,0,AMBIGUOUS,,False,False
BH050,178,1.7800002098083496,0.8491733351752896,7318,1,1,SHELF_NORMAL_Y_NEG,1242,5,18.970977317526263,0.1121818143782804,-40.343266535305226,0.0003734856851798,-0.0001009302716335,9.468463961908794e-05,-0.00010008536086,8.577589985498886e-05,-8.388805587266502e-05,7.716882828390226e-05,9.25296717468882e-06,,0.0176539178937673,0.0222876630723476,0.0194079373031854,9.468463961908794e-05,0.00010008536086,0.0,0.5075543164078851,-8.207857856371493,0.0023356098688677,0.654685355197861,,0,0,AMBIGUOUS,,False,False
BH050,179,1.7900009155273438,0.8565672881069183,7318,1,1,SHELF_NORMAL_Y_NEG,1242,5,18.970977317526263,0.1637472900826299,-40.24031051412359,0.0003767443372079,-0.000107072820435,9.926006600080226e-05,-0.0001052663694931,8.985990534626316e-05,-8.798241498236616e-05,8.098263060674071e-05,9.67075720836874e-06,,0.0185264032334089,0.0232939962297678,0.0204505696892738,9.926006600080226e-05,0.0001052663694931,0.0,0.6273048781408561,-9.189077267637227,0.0024130392234649,0.6598371216761478,,0,0,AMBIGUOUS,,False,False
BH050,180,1.8000001907348633,0.8654362325011453,7318,1,1,SHELF_NORMAL_Y_NEG,1242,5,18.970977317526263,-0.1125888344812232,-40.60077120278896,0.000393290299736,-0.0001164853834517,0.0001122871038094,-0.0001176163510259,0.000101373521657,-9.952275638412307e-05,9.171501733362676e-05,1.0837761692528147e-05,,0.0209816507995128,0.0261049661785364,0.0230151917785406,0.0001122871038094,0.0001176163510259,0.0,0.5322539828856445,-8.542024609110742,0.0024850303121745,0.6683306907740489,,0,0,AMBIGUOUS,,False,False
BH050,181,1.8100008964538568,0.8744755918310068,7318,1,1,SHELF_NORMAL_Y_NEG,1242,5,18.970977317526263,-0.2274851865858706,-40.57983271314245,0.0004013567851938,-0.0001253485659958,0.000120713838384,-0.0001270582349721,0.0001090770825056,-0.0001072583885671,9.89347681752406e-05,1.1621062185440678e-05,,0.0226333141326904,0.0279917046427726,0.0248907767236232,0.000120713838384,0.0001270582349721,0.0,0.6523213559694885,-9.566867738762198,0.0025618538901221,0.6771704207885354,,0,0,AMBIGUOUS,,False,False
BH050,182,1.820000171661377,0.8837485549348055,7318,1,1,SHELF_NORMAL_Y_NEG,1242,5,18.970977317526263,-0.2871544270875706,-40.3731826770013,0.0004244262355546,-0.000152505411705,0.0001448451547134,-0.0001549941313716,0.0001315971557972,-0.0001298932721268,0.0001200171536765,1.396848074364243e-05,,0.0274563319981098,0.0336459428071975,0.0301163271069526,0.0001448451547134,0.0001549941313716,0.0,0.5733370577275911,-9.215041988106467,0.0026306399454916,0.6856034763984711,,0,0,AMBIGUOUS,,False,False
BH050,183,1.830000877380371,0.8911766414218666,7318,1,1,SHELF_NORMAL_Y_NEG,1242,5,18.970977317526263,-0.6451500419012591,-41.31267681020231,0.0004324382433423,-0.0001548134546909,0.0001472989534306,-0.0001588408084161,0.0001341190881521,-0.000132437513956,0.0001223883009515,1.4231570276024286e-05,,0.0279987808316946,0.0342796482145786,0.0306107811629772,0.0001472989534306,0.0001588408084161,0.0,0.7264097584905829,-10.30396230822005,0.0026967217193161,0.690982743832022,,0,0,AMBIGUOUS,,False,False
BH050,184,1.8400001525878904,0.8992889164455989,7318,1,1,SHELF_NORMAL_Y_NEG,1242,5,18.970977317526263,-0.0116169914103694,-41.82638104012582,0.0004801280360932,-0.0002086320029394,0.0001899634788218,-0.0002097544124086,0.0001737996981485,-0.0001722989806473,0.0001597137452336,1.8124466805602424e-05,,0.0365377254784107,0.0436564832925796,0.0399569012224674,0.0001899634788218,0.0002097544124086,0.0,0.6283353840694537,-9.890210683089302,0.0027258168669672,0.6898044846835761,,0,0,AMBIGUOUS,,False,False
BH050,185,1.8500008583068848,0.9056764334552162,7318,1,1,SHELF_NORMAL_Y_NEG,1242,5,18.970977317526263,-0.496631366630019,-41.80146243466176,0.0004926443326247,-0.0002211373416377,0.0002028544814199,-0.0002254099273952,0.0001868487487974,-0.0001854678855976,0.0001720202126307,1.944871837622486e-05,,0.0393530763685703,0.0468462146818637,0.0428455881774425,0.0002028544814199,0.0002254099273952,0.0,0.6901878686142596,-10.637310729037598,0.002827216412993,0.6989947620268528,,0,0,AMBIGUOUS,,False,False
BH050,186,1.8600001335144043,0.9113228097066844,7318,1,1,SHELF_NORMAL_Y_NEG,1242,5,18.970977317526263,-0.9218517241138284,-41.56976752185157,0.0005143192517335,-0.0002484410129196,0.0002272974119722,-0.0002544864761989,0.0002105133355695,-0.0002094331485578,0.0001944926771102,2.1862020730623044e-05,,0.0444941073656082,0.0526591427624225,0.0484696105122566,0.0002272974119722,0.0002544864761989,0.0,0.6827524023648528,-10.59691254390222,0.0029477506996514,0.7148799341015726,,0,0,AMBIGUOUS,,False,False
BH050,187,1.8700008392333984,0.9169123220432446,7318,1,1,SHELF_NORMAL_Y_NEG,1242,5,18.970977317526263,-1.1055841268570186,-40.91860187528861,0.000516014480494,-0.0002516259065934,0.0002327992810359,-0.0002596359142419,0.0002152236921135,-0.0002142583881582,0.0001989952434087,2.2358446585712954e-05,,0.0455241538584232,0.0538548938930034,0.0495497994124889,0.0002327992810359,0.0002596359142419,0.0,0.7089126106481947,-11.135742788646972,0.0030171974323365,0.716811937815202,,0,0,AMBIGUOUS,,False,False
BH050,188,1.880000114440918,0.9221754818499882,7318,1,1,SHELF_NORMAL_Y_NEG,1242,5,18.970977317526263,-0.9259059355115158,-40.65148139307631,0.0005311014862383,-0.0002790260485584,0.0002511429378967,-0.000284383844889,0.000233774471552,-0.0002332008828012,0.0002167038328479,2.431292159599252e-05,,0.0495753549039363,0.0585626401007175,0.0541108772158622,0.0002511429378967,0.000284383844889,0.0,0.6868615673287598,-11.24732556185188,0.003148476057947,0.7320391210448143,,0,0,AMBIGUOUS,,False,False
BH050,189,1.890000820159912,0.9268077804081664,7318,1,1,SHELF_NORMAL_Y_NEG,1242,5,18.970977317526263,-0.9996937546987256,-39.402366385287664,0.0005394437368057,-0.0002964978183158,0.0002671305280675,-0.0003033547646304,0.0002492729916636,-0.0002490746857231,0.0002315012970939,2.60241431533359e-05,,0.0529605709016323,0.0626844689249992,0.0579349920153617,0.0002671305280675,0.0003033547646304,0.0,0.7018546685415655,-11.684208226988432,0.0032233371976834,0.7346072373753667,,0,0,AMBIGUOUS,,False,False
BH050,190,1.900000095367432,0.9336645075582282,7318,1,1,SHELF_NORMAL_Y_NEG,1242,5,18.970977317526263,-0.8654626156185343,-37.75135725700924,0.0005593716719486,-0.0003368382679113,0.0003001837068366,-0.0003410546110782,0.0002812067840976,-0.0002816153653761,0.0002618377038743,2.966514693980571e-05,,0.0599006339907646,0.07145456969738,0.0660367310047149,0.0003001837068366,0.0003410546110782,0.0,0.7202614227359059,-12.075261406980514,0.0033551645571693,0.7467790796699122,,0,0,AMBIGUOUS,,False,False
BH050,191,1.9100008010864256,0.9395726641914643,7318,1,1,SHELF_NORMAL_Y_NEG,1242,5,18.970977317526263,-0.7643856549202981,-37.70886181452016,0.000578966390778,-0.0003565313350378,0.0003185766450233,-0.0003615445174772,0.0002977430088288,-0.0002984680074487,0.0002775162865873,3.1607069104211405e-05,,0.0634874179959297,0.0761320888996124,0.0700364932417869,0.0003185766450233,0.0003615445174772,0.0,0.7276673143591408,-12.271302280353437,0.0034525255055423,0.753682247185874,,0,0,AMBIGUOUS,,False,False
BH050,192,1.920000076293945,0.9455492776358546,7318,1,1,SHELF_NORMAL_Y_NEG,1242,5,18.970977317526263,-1.1147857857898238,-37.96902883680962,0.0005979737530304,-0.000377387078756,0.0003360320300221,-0.0003845759696143,0.0003154191441917,-0.0003165424036539,0.0002943307626992,3.3715037716319785e-05,,0.0673340708017349,0.0812095552682876,0.0738605186343193,0.0003360320300221,0.0003845759696143,0.0,0.7306451049784475,-12.580585380466989,0.0035551898658592,0.7600074304719999,,0,0,AMBIGUOUS,,False,False
BH050,193,1.93000078201294,0.953032323291041,7318,1,1,SHELF_NORMAL_Y_NEG,1242,5,18.970977317526263,-1.1271925432073469,-37.81636536171517,0.0006064597813385,-0.0003879393314113,0.0003455004989498,-0.0003952868201235,0.0003242075285211,-0.0003255195535218,0.0003026917984243,3.478053622529842e-05,,0.0692468285560607,0.0837760344147682,0.0761909112334251,0.0003455004989498,0.0003952868201235,0.0,0.7286612813108854,-12.772765085988752,0.0036550282970594,0.7671537468106311,,0,0,AMBIGUOUS,,False,False
BH050,194,1.940000057220459,0.9589852796518668,7318,1,1,SHELF_NORMAL_Y_NEG,1242,5,18.970977317526263,-1.1037202179731052,-37.47162377171466,0.0006191967499652,-0.0004092277891531,0.000360511704094,-0.0004165217966342,0.0003399515975759,-0.0003415974887189,0.000317667145282,3.66671520168893e-05,,0.0726727321743965,0.0883203297853469,0.0800836160778999,0.000360511704094,0.0004165217966342,0.0,0.7394134765260506,-12.961636323434336,0.0037511977010956,0.7739445751053127,,0,0,AMBIGUOUS,,False,False
BH050,195,1.950000762939453,0.9652514089535124,7318,1,1,SHELF_NORMAL_Y_NEG,1242,5,18.970977317526263,-0.8874213550029979,-37.35981736252509,0.0006352038911927,-0.0004315447027656,0.0003774332968482,-0.0004372019606524,0.0003560256105194,-0.0003579682618956,0.0003329566388856,3.8633417716482654e-05,,0.0761705189943313,0.0930564850568771,0.0842040851712226,0.0003774332968482,0.0004372019606524,0.0,0.7489746568414348,-13.243711894346228,0.0038691967903695,0.7828281352138395,,0,0,AMBIGUOUS,,False,False
BH050,196,1.9600000381469729,0.970457658280968,7318,1,1,SHELF_NORMAL_Y_NEG,1242,5,18.970977317526263,-0.9365281387631263,-36.80542475866506,0.0006443861743729,-0.0004472805005647,0.0003903196409935,-0.0004534053522396,0.0003688783267059,-0.0003711013752591,0.0003451892989687,4.022186840302311e-05,,0.0789689794182777,0.0968825966119766,0.087273821234703,0.0003903196409935,0.0004534053522396,0.0,0.7561811033063898,-13.368304615377015,0.003987794635325,0.7908711400911375,,0,0,AMBIGUOUS,,False,False
BH050,197,1.9700007438659668,0.9751630515207572,7318,1,1,SHELF_NORMAL_Y_NEG,1242,5,18.970977317526263,-1.011327025608114,-36.792786717982985,0.0006545860716964,-0.0004582929838836,0.0004007011812221,-0.0004648405953782,0.0003785946691042,-0.0003810087485992,0.0003544309292919,4.143676414969377e-05,,0.0810831934213638,0.0998089239001274,0.0897224321961402,0.0004007011812221,0.0004648405953782,0.0,0.7713516788083218,-13.712856576217582,0.0041419033427491,0.8022679509628736,,0,0,AMBIGUOUS,,False,False
BH050,198,1.9800000190734863,0.9785378407104958,7318,1,1,SHELF_NORMAL_Y_NEG,1242,5,18.970977317526263,-0.9075768836673288,-35.490163015122285,0.000682155120529,-0.0005024456117417,0.0004372648082542,-0.0005082857894672,0.0004135691119813,-0.0004166189863697,0.0003876379923895,4.591201286530122e-05,,0.0886799693107605,0.1105884686112403,0.0985952913761138,0.0004372648082542,0.0005082857894672,0.0,0.7574263862367642,-13.857682364510104,0.004279731046216,0.8089877424369825,,0,0,AMBIGUOUS,,False,False
BH050,199,1.9900007247924805,0.9824559538737088,7318,1,1,SHELF_NORMAL_Y_NEG,1242,5,18.970977317526263,-0.8525578921097833,-34.83055044530176,0.0006973131393099,-0.0005266328720523,0.0004573018805946,-0.0005317732145011,0.0004332211095125,-0.0004366124260588,0.0004062870866619,4.851958510698751e-05,,0.0929463282227516,0.1168693453073501,0.1037225648760795,0.0004573018805946,0.0005317732145011,0.0,0.7842053233337075,-14.372620616426683,0.0044311163799015,0.8187240443072329,,0,0,AMBIGUOUS,,False,False
BH050,200,2.0,0.985270268850744,7318,1,1,SHELF_NORMAL_Y_NEG,1242,5,18.970977317526263,-0.7875646091299436,-33.945301781146306,0.0007226638335506,-0.0005642353874574,0.000488458632651,-0.0005692396401633,0.000464153321561,-0.0004679575593901,0.0004354947304818,5.275818693917245e-05,,0.0996281579136848,0.1270788758993148,0.1114988774061203,0.000488458632651,0.0005692396401633,0.0,0.7619301118238626,-14.549049651587922,0.0045830291490449,0.8249281674806829,-18469.435659490053,1,1,AMBIGUOUS,,False,False
BH050,201,2.010000705718994,0.988266084545478,7318,1,1,SHELF_NORMAL_Y_NEG,1242,5,18.970977317526263,-0.7017271924725487,-33.222135175168354,0.0007462990348645,-0.0005960938827947,0.00051714481738,-0.0006004526533942,0.0004908489007538,-0.0004949119811281,0.0004605990252457,5.6556113122496754e-05,,0.1053712740540504,0.1362269669771194,0.1184203773736953,0.00051714481738,0.0006004526533942,0.0,0.7863139892580665,-14.987007851507885,0.0047220899683018,0.8320613398910238,,0,0,AMBIGUOUS,,False,False
BH050,202,2.0199999809265137,0.991514119006304,7318,1,1,SHELF_NORMAL_Y_NEG,1242,5,18.970977317526263,-0.7375072194504351,-32.25434104396587,0.0007716050519089,-0.0006298023948611,0.0005493440848082,-0.0006342050636355,0.0005211077152515,-0.0005253133081128,0.0004888975527137,6.1020266002742574e-05,,0.1118451282382011,0.1469797939062118,0.1261339336633682,0.0005493440848082,0.0006342050636355,0.0,0.7907868689817467,-15.216134725792982,0.0048710002838587,0.8375941592700911,,0,0,AMBIGUOUS,,False,False
BH050,203,2.030000686645508,0.9936643315434964,7318,1,1,SHELF_NORMAL_Y_NEG,1242,5,18.970977317526263,-0.5418976999571474,-31.71040736156305,0.0007953760397308,-0.0006564674499545,0.0005767180528267,-0.0006596749092437,0.000544434669997,-0.0005487052579818,0.0005106207681819,6.456045230152085e-05,,0.1168147474527359,0.1555070430040359,0.1324014365673065,0.0005767180528267,0.0006596749092437,0.0,0.7890166265376444,-15.481267588399168,0.0050264668172192,0.8436923664545136,,0,0,AMBIGUOUS,,False,False
BH050,204,2.039999961853028,0.9966021353750822,7318,1,1,SHELF_NORMAL_Y_NEG,1242,5,18.970977317526263,-0.312926926646199,-30.79323203156162,0.0008213807699403,-0.0006940287163448,0.0006090173891452,-0.00069569874388,0.0005752195837838,-0.0005793763982641,0.0005390773294493,6.937923899386078e-05,,0.123324766755104,0.1671140789985656,0.1406794339418411,0.0006090173891452,0.00069569874388,0.0,0.7889928356294884,-15.6672542715808,0.0051793665050341,0.8501284993549338,,0,0,AMBIGUOUS,,False,False
BH050,205,2.050000667572021,0.9984527002937388,7318,1,1,SHELF_NORMAL_Y_NEG,1242,5,18.970977317526263,-0.2867272742085585,-29.964580750728288,0.0008442293021156,-0.0007254131781713,0.0006377785396206,-0.0007267174880636,0.0006022462756781,-0.0006061283480202,0.0005638857255689,7.377238216577098e-05,,0.129000186920166,0.1776958703994751,0.1479507982730865,0.0006377785396206,0.0007267174880636,0.0,0.8039023906497345,-16.153378682535838,0.0053413307667687,0.8560890831210413,,0,0,AMBIGUOUS,,False,False
BH050,206,2.059999942779541,0.999802355779382,7318,1,1,SHELF_NORMAL_Y_NEG,1242,5,18.970977317526263,-0.0942465206824966,-28.957532844512933,0.0008705930191169,-0.000760820104341,0.0006712991049411,-0.000760598214435,0.0006338258564064,-0.0006371326686955,0.0005926677258685,7.911465945653617e-05,,0.1355815082788467,0.1905575692653656,0.1567194163799286,0.0006712991049411,0.000760598214435,0.0,0.8064118804165162,-16.61945389380115,0.0055214248456408,0.8619323227935894,,0,0,AMBIGUOUS,,False,False
BH050,207,2.070000648498535,1.0,7318,1,1,SHELF_NORMAL_Y_NEG,1242,5,18.970977317526263,0.1300165039932498,-27.791432595789004,0.000900050682464,-0.0008038861734621,0.0007084790985646,-0.0008024523488375,0.0006701197372759,-0.000672425536504,0.0006254137260839,8.557261025998741e-05,,0.143075942993164,0.2061191201210022,0.1667784750461578,0.0007084790985646,0.0008024523488375,0.0,0.8101724939423178,-16.820270027506673,0.0057150785579366,0.8689982152695321,,0,0,AMBIGUOUS,,False,False
BH050,208,2.0799999237060547,0.999766304437714,7318,1,1,SHELF_NORMAL_Y_NEG,1242,5,18.970977317526263,0.2591791269159651,-26.860463523759297,0.0009220020119259,-0.0008332769909772,0.0007373294871994,-0.0008304865480722,0.0006962798691481,-0.0006976555817382,0.00064879108686,9.0445602836553e-05,,0.1484239846467971,0.2178567349910736,0.174491286277771,0.0007373294871994,0.0008304865480722,0.0,0.8236515564138905,-17.28902245890209,0.0059153263552171,0.8753537352450166,,0,0,AMBIGUOUS,,False,False
BH050,209,2.090000629425049,0.9992129807252538,7318,1,1,SHELF_NORMAL_Y_NEG,1242,5,18.970977317526263,0.4687937719334956,-25.96172974786849,0.0009497287572747,-0.0008677952374413,0.000771161226543,-0.0008636632968379,0.0007280975158769,-0.000728042044805,0.0006769416504539,9.66462175711058e-05,,0.1548639833927154,0.2327921688556671,0.183668628334999,0.000771161226543,0.0008636632968379,0.0,0.819712420530955,-17.71549337143111,0.0061226923363955,0.8812966494734826,,0,0,AMBIGUOUS,,False,False
BH050,210,2.0999999046325684,0.9977660921707356,7318,1,1,SHELF_NORMAL_Y_NEG,1242,5,18.970977317526263,0.719784707923832,-24.663418854387324,0.0009801009825897,-0.0009068140550899,0.0008105039562609,-0.0009009511489602,0.0007644058353968,-0.0007622559897363,0.000708571402356,0.0001041141877067,,0.1620999276638031,0.250780314207077,0.1947248429059982,0.0008105039562609,0.0009009511489602,0.0,0.8345460293131024,-18.10419176271423,0.0063236600450662,0.8862073824573162,,0,0,AMBIGUOUS,,False,False
BH050,211,2.1100006103515625,0.996367888579628,7318,1,1,SHELF_NORMAL_Y_NEG,1242,5,18.970977317526263,1.0466141306705865,-23.42912200969602,0.0010201264438274,-0.0009572467881873,0.0008587877246763,-0.0009493983911607,0.0008098508264665,-0.0008039226741883,0.0007471419521607,0.0001140013191616,,0.1709237098693847,0.2745954990386963,0.2086939066648483,0.0008587877246763,0.0009493983911607,0.0,0.8438913430849364,-18.75750812978261,0.006529262847981,0.8906696592475808,,0,0,AMBIGUOUS,,False,False
BH050,212,2.119999885559082,0.9944113501982692,7318,1,1,SHELF_NORMAL_Y_NEG,1242,5,18.970977317526263,1.4523875660588466,-22.00025583563851,0.0010568535997897,-0.0010009635799311,0.0009048925354651,-0.0009908095977,0.0008526584294787,-0.0008422485397167,0.0007826751680113,0.0001240100973518,,0.1771313548088073,0.298703670501709,0.2212673425674438,0.0009048925354651,0.0009908095977,0.0,0.8515133007299002,-19.2134470105134,0.0067353720240133,0.8942335024581336,,0,0,AMBIGUOUS,,False,False
BH050,213,2.130000591278076,0.9907020191746904,7318,1,1,SHELF_NORMAL_Y_NEG,1242,5,18.970977317526263,1.7117022937664217,-20.8514532404587,0.0010936567008453,-0.0010391522077739,0.0009497369483784,-0.0010271054473313,0.0008927232098071,-0.0008771891026837,0.000815115054138,0.0001340299495495,,0.1824356615543365,0.322838544845581,0.2329487800598144,0.0009497369483784,0.0010271054473313,0.0,0.8551476149671811,-19.84880034663969,0.0069507149798746,0.897452836769239,,0,0,AMBIGUOUS,,False,False
BH050,214,2.1400012969970703,0.9871773222912796,7318,1,1,SHELF_NORMAL_Y_NEG,1242,5,18.970977317526263,2.143061301009119,-19.679358067561456,0.0011258416739104,-0.0010829762601352,0.0009898207622527,-0.0010681509549594,0.000932839516262,-0.0009112828556042,0.000846715120133,0.0001447779068257,,0.1876026391983032,0.3487271964550018,0.2460448592901229,0.0009898207622527,0.0010681509549594,0.0,0.8717463542502378,-20.3441895554587,0.0071644251011438,0.9002163156663846,,0,0,AMBIGUOUS,,False,False
BH050,215,2.15000057220459,0.983765100043012,7318,1,1,SHELF_NORMAL_Y_NEG,1242,5,18.970977317526263,2.529664390644616,-18.34097241979742,0.0011648733798891,-0.0011236028776928,0.0010382195082597,-0.0011059896745956,0.0009756528319949,-0.0009464984064303,0.0008793218294158,0.0001571706816321,,0.1929342150688171,0.3785777390003204,0.2613832056522369,0.0010382195082597,0.0011059896745956,0.0,0.876593883779685,-20.906366003275625,0.0073808604881002,0.9025118111178668,,0,0,AMBIGUOUS,,False,False
BH050,216,2.160001277923584,0.9774838435660383,7318,1,1,SHELF_NORMAL_Y_NEG,1242,5,18.970977317526263,3.006822801871569,-16.771786209005572,0.0012003913826414,-0.0011667430763145,0.0010859130890085,-0.0011445028744804,0.0010188147282402,-0.0009807628020026,0.0009110051905736,0.0001708226045593,,0.198114812374115,0.4066055119037628,0.2791597247123718,0.0010859130890085,0.0011445028744804,0.0,0.9055048627126542,-21.5097158749522,0.0075962821907824,0.903850997542582,,0,0,AMBIGUOUS,,False,False
BH050,217,2.1700005531311035,0.9719808493391028,7318,1,1,SHELF_NORMAL_Y_NEG,1242,5,18.970977317526263,3.323835015819387,-15.555281893456998,0.0012394951507304,-0.0012033918495791,0.0011334514659283,-0.0011789347262525,0.0010641874636535,-0.0010153930471679,0.0009432511869817,0.0001863792858785,,0.2033873945474624,0.4157958626747131,0.2913217842578888,0.0011334514659283,0.0011789347262525,0.0,0.9315140821093572,-22.11187517058884,0.0078240110580943,0.9052139060426664,,0,0,AMBIGUOUS,,False,False
BH050,218,2.1800012588500977,0.9649578667919008,7318,1,1,SHELF_NORMAL_Y_NEG,1242,5,18.970977317526263,3.571814331757764,-14.088378388189197,0.0012874809186836,-0.0012412380101459,0.0011909735922398,-0.0012156702717052,0.0011183487186379,-0.0010547783609436,0.0009800465777516,0.0002063419960904,,0.2094038724899292,0.4275891482830047,0.3054195642471313,0.0011909735922398,0.0012156702717052,0.0,0.9828040340065924,-22.47993101929096,0.0080580274218175,0.9064026815444682,,0,0,AMBIGUOUS,,False,False
BH050,219,2.190000534057617,0.9595276240318236,7318,1,1,SHELF_NORMAL_Y_NEG,1242,5,18.970977317526263,3.9606971544953664,-12.92761591632954,0.0013193983819249,-0.0012654875170784,0.0012309159894431,-0.0012372304182871,0.0011522070568335,-0.0010784791258533,0.0010020365007221,0.0002196601271862,,0.2129994928836822,0.4354570508003235,0.3183075785636902,0.0012309159894431,0.0012372304182871,0.0,0.9815199270827524,-23.375558245384973,0.0082998518528844,0.908399063041444,,0,0,ELASTIC_UNLOADING_WITHOUT_CONFIRMED_PRIOR_YIELD,,False,False
BH050,220,2.200001239776612,0.9556053688856014,7318,1,1,SHELF_NORMAL_Y_NEG,1242,5,18.970977317526263,4.194247493759256,-12.168983881299464,0.0013490129727234,-0.0012930597712398,0.0012658105523655,-0.0012631522973,0.0011864382665161,-0.0011014966625137,0.001023625372909,0.0002338117192266,,0.2165295183658599,0.4438173174858093,0.3288539946079254,0.0012658105523655,0.0012631522973,0.0,0.9955844150423746,-24.06392076651224,0.0085188614564146,0.909775607658296,,0,0,AMBIGUOUS,,False,False
BH050,221,2.210000514984131,0.952294159903108,7318,1,1,SHELF_NORMAL_Y_NEG,1242,5,18.970977317526263,4.398167118985312,-11.2085916620537,0.0013834319658799,-0.0013179002198579,0.0013068384921163,-0.0012866128725543,0.0012235394573767,-0.0011252155422384,0.0010462260106578,0.0002499771944712,,0.2202249765396118,0.4533673226833343,0.3421882688999176,0.0013068384921163,0.0012866128725543,2.507565113774035e-06,0.9997676872329084,-24.877262246129582,0.0087104829913642,0.9094893228509946,,0,0,CONTINUED_PLASTIC_LOADING,,False,False
BH050,222,2.220001220703125,0.9491895016152916,7318,1,1,SHELF_NORMAL_Y_NEG,1242,5,18.970977317526263,4.657146148894393,-10.279781595028188,0.0014245385915007,-0.0013430351236562,0.0013543686327261,-0.0013099544298229,0.001263977965153,-0.0011498959059616,0.0010699110571295,0.0002685978543013,,0.224094733595848,0.4643587470054626,0.3576605021953583,0.0013543686327261,0.0013099544298229,1.7141112039098516e-05,0.9990318246028488,-25.70228950157823,0.0088787666979651,0.9074884201650316,,0,0,CONTINUED_PLASTIC_LOADING,,False,False
BH050,223,2.2300004959106445,0.9458182360496552,7318,1,1,SHELF_NORMAL_Y_NEG,1242,5,18.970977317526263,4.867564672610483,-9.41768731611589,0.0014667415374658,-0.0013665461783795,0.0014024357168689,-0.0013321060174874,0.0013049133492209,-0.0011736527569606,0.0010930555872619,0.0002885449794121,,0.2278821617364883,0.4761518537998199,0.3729932010173797,0.0014024357168689,0.0013321060174874,3.418428605073132e-05,0.999998487074604,-26.620168768873075,0.0090407857885122,0.904649042854794,,0,0,CONTINUED_PLASTIC_LOADING_WITH_COMPONENT_DROP,,False,False
BH050,224,2.2400012016296387,0.9406577960276442,7318,1,1,SHELF_NORMAL_Y_NEG,1242,5,18.970977317526263,5.122864097926335,-8.395579738621924,0.0015099059848086,-0.0013941930871263,0.0014522854306207,-0.0013583681770062,0.0013507254318343,-0.0011985920586147,0.0011177799897268,0.0003121284244116,,0.2319248914718628,0.4900841414928436,0.3910053074359894,0.0014522854306207,0.0013583681770062,4.970369627699256e-05,0.9999999921677892,-27.69347718969045,0.0092286052319683,0.9015556110089412,,0,0,CONTINUED_PLASTIC_LOADING_WITH_COMPONENT_DROP,,False,False
BH050,225,2.250000476837158,0.9324049185579808,7318,1,1,SHELF_NORMAL_Y_NEG,1242,5,18.970977317526263,5.399144312747483,-7.217080421688376,0.0015565245853189,-0.0014220376570397,0.0015069995538611,-0.0013843537617617,0.0014006603906833,-0.0012236790394579,0.0011430933373048,0.0003395564563106,,0.2360639125108719,0.5055528879165649,0.4124038815498352,0.0015069995538611,0.0013843537617617,6.925831257831305e-05,0.9999382335757148,-28.926276982026188,0.0094497300318353,0.8977089729372956,-46243.5785055869,1,1,CONTINUED_PLASTIC_LOADING_WITH_COMPONENT_DROP,,False,False
BH050,226,2.2600011825561523,0.921853855047026,7318,1,1,SHELF_NORMAL_Y_NEG,1242,5,18.970977317526263,5.631292802420515,-5.7740736591346025,0.0016088017752805,-0.0014376035436941,0.0015692059684221,-0.0013983604118781,0.0014552744486445,-0.0012480418852283,0.0011690000537782,0.0003717080981004,,0.2402999699115753,0.5172851085662842,0.4358323216438293,0.0015692059684221,0.0013983604118781,8.270164107671008e-05,0.988373852837375,-30.36586912719423,0.0096924652790649,0.8926610035755561,,0,0,CONTINUED_PLASTIC_LOADING_WITH_COMPONENT_DROP,,False,False
BH050,227,2.270000457763672,0.908979263935024,7318,1,1,SHELF_NORMAL_Y_NEG,1242,5,18.970977317526263,5.83257653129995,-4.25556406468478,0.0016622546422005,-0.001450324331837,0.0016328816974035,-0.0014099635858783,0.0015129917653038,-0.0012696261057343,0.0011946138693019,0.0004081076767761,,0.2444881200790405,0.530567467212677,0.4610527753829956,0.0016328816974035,0.0014099635858783,9.668163693277164e-05,0.9900647414383212,-31.9583986625678,0.0099342977568378,0.8854281722114009,,0,0,CONTINUED_PLASTIC_LOADING_WITH_COMPONENT_DROP,,False,False
BH050,228,2.280001163482666,0.8949375366149795,7318,1,1,SHELF_NORMAL_Y_NEG,1242,5,18.970977317526263,5.968230776456324,-2.9504782015042714,0.0017170759836716,-0.0014477703165145,0.0016966247885973,-0.0014065714495291,0.0015661869451763,-0.0012849458156037,0.0012168701505288,0.000443754310254,,0.248127281665802,0.5435749888420105,0.4837769865989685,0.0016966247885973,0.0014099635858783,0.0001016328678815,0.9896165663506046,-33.60426826419345,0.0101639708770772,0.8768687490204936,,0,0,CONTINUED_PLASTIC_LOADING_WITH_COMPONENT_DROP,,False,False
BH050,229,2.290000438690185,0.8802132312727491,7318,1,1,SHELF_NORMAL_Y_NEG,1242,5,18.970977317526263,6.076549903577569,-1.7320538203365403,0.0017590984357822,-0.0014436586413359,0.0017474676849945,-0.0014013128686862,0.0016141958556992,-0.0012948595858435,0.0012361297849565,0.0004777554422616,,0.2512764632701874,0.5559821128845215,0.5058301687240601,0.0017474676849945,0.0014099635858783,0.0001016328678815,0.9922784764878456,-35.30050757430647,0.010385267002878,0.8669745109239227,,0,0,ELASTIC_RELOADING,,False,False
BH050,230,2.30000114440918,0.8635946207624227,7318,1,1,SHELF_NORMAL_Y_NEG,1242,5,18.970977317526263,6.0096584150019545,-0.598573627209727,0.0017866623074151,-0.0014395865798173,0.0017829050200738,-0.0013976648438253,0.0016610736308187,-0.0013003843981609,0.0012542989570647,0.0005125487805344,,0.2542473375797272,0.5678534507751465,0.5245594382286072,0.0017829050200738,0.0014099635858783,0.0001016328678815,0.99325127225914,-37.01580148451143,0.0106160330930308,0.8569918257127301,,0,0,ELASTIC_RELOADING,,False,False
BH050,231,2.310000419616699,0.8486771703715174,7318,1,1,SHELF_NORMAL_Y_NEG,1242,5,18.970977317526263,5.997783345250263,0.4084438323285683,0.0018350244936728,-0.0014233940193305,0.0018381347860977,-0.0013816477394889,0.0017195748731409,-0.001300985674379,0.0012764701386913,0.0005579714779742,,0.2578725814819336,0.5797991752624512,0.543308436870575,0.0018381347860977,0.0014099635858783,0.0001016328678815,0.999499469755223,-38.76376623873414,0.0108497930501174,0.8470691581571742,,0,0,AMBIGUOUS,,False,False
BH050,232,2.3200011253356934,0.8352970979953322,7318,1,1,SHELF_NORMAL_Y_NEG,1242,5,18.970977317526263,5.728497243439718,1.217024474057649,0.0018878397886581,-0.0013914004753274,0.0018964874000725,-0.0013515675682721,0.0017789022234489,-0.0012956213237714,0.0012983089545741,0.0006067507201805,,0.2614434659481048,0.5926277041435242,0.5607224106788635,0.0018964874000725,0.0014099635858783,0.0001018837283481,0.998161647301668,-40.43297585056735,0.0110721421800745,0.837195929173792,,0,0,CONTINUED_PLASTIC_LOADING_WITH_COMPONENT_DROP,,False,False
BH050,233,2.330000400543213,0.820917491985915,7318,1,1,SHELF_NORMAL_Y_NEG,1242,5,18.970977317526263,5.427413624385356,1.851083240664561,0.0019331877935098,-0.0013656033966048,0.0019455122230605,-0.0013285577892863,0.0018457870637834,-0.0012822400884288,0.0013229113537818,0.000666877196636,,0.2654662430286407,0.6084403991699219,0.5768815875053406,0.0019455122230605,0.0014099635858783,0.0001101832967833,0.9977705769380372,-42.03773614792168,0.0112790158887637,0.8275381072571668,,0,0,CONTINUED_PLASTIC_LOADING_WITH_COMPONENT_DROP,,False,False
BH050,234,2.340001106262207,0.8089892047655041,7318,1,1,SHELF_NORMAL_Y_NEG,1242,5,18.970977317526263,4.993446625802902,2.229940142212876,0.0019765263279397,-0.0013300530310367,0.0019907160133982,-0.0012967607661985,0.0019052233129795,-0.001263915324329,0.001345279160887,0.0007260747952386,,0.2691236436367035,0.6208738088607788,0.5858132839202881,0.0019907160133982,0.0014099635858783,0.0001159761086455,0.9995515779492812,-43.49139735829439,0.0114560718593233,0.818388560644023,,0,0,CONTINUED_PLASTIC_LOADING_WITH_COMPONENT_DROP,,False,False
BH050,235,2.3500003814697266,0.800167033330016,7318,1,1,SHELF_NORMAL_Y_NEG,1242,5,18.970977317526263,4.780007882254518,2.5534472997775817,0.0020293268344011,-0.0012909147067542,0.0020450863228172,-0.0012597642465699,0.0019643350601646,-0.0012398468058645,0.0013680808478966,0.0007900079945102,,0.2728519737720489,0.6339390873908997,0.5974234342575073,0.0020450863228172,0.0014099635858783,0.0001305605401284,0.9992378306237862,-44.82410664337509,0.0116162817721484,0.8101288869355041,,0,0,CONTINUED_PLASTIC_LOADING,,False,False
BH050,236,2.3600010871887207,0.7910859322689288,7318,1,1,SHELF_NORMAL_Y_NEG,1242,5,18.970977317526263,4.566448274055123,2.7594854315553925,0.0020742040183065,-0.0012519996363126,0.0020911006498045,-0.0012226124782535,0.0020129285480513,-0.0012161661377594,0.0013872954295948,0.0008465209975838,,0.2759937942028045,0.6452715396881104,0.6059769988059998,0.0020911006498045,0.0014099635858783,0.0001428960385965,0.999850122315302,-46.01373823827152,0.0117672815308848,0.8029470389260326,,0,0,CONTINUED_PLASTIC_LOADING,,False,False
BH050,237,2.37000036239624,0.7822230189841085,7318,1,1,SHELF_NORMAL_Y_NEG,1242,5,18.970977317526263,4.33829058292263,2.8978131266842,0.0021257182817771,-0.0012047445893405,0.0021436095208201,-0.001176896132858,0.0020613674278272,-0.0011892921785158,0.001406813156791,0.0009061750606633,,0.2791851758956909,0.6552219390869141,0.6137881278991699,0.0021436095208201,0.0014099635858783,0.0001557086070533,1.0000000833002944,-47.16329497685078,0.01192015025718,0.7963811695795864,,0,0,CONTINUED_PLASTIC_LOADING,,False,False
BH050,238,2.3800010681152344,0.7757550233833245,7318,1,1,SHELF_NORMAL_Y_NEG,1242,5,18.970977317526263,4.209627229043476,3.1535533009260184,0.0021774357089249,-0.0011531268502752,0.0021960169066339,-0.0011272456023717,0.0021148225892379,-0.0011550322214133,0.0014289118116721,0.0009761919500306,,0.282798558473587,0.6669009327888489,0.6228283643722534,0.0021960169066339,0.0014099635858783,0.0001865968806669,0.9999224229896124,-48.343123006321896,0.0120771646355684,0.7901511205113735,,0,0,CONTINUED_PLASTIC_LOADING,,False,False
BH050,239,2.390000343322754,0.7680291224314505,7318,1,1,SHELF_NORMAL_Y_NEG,1242,5,18.970977317526263,4.053948492446519,3.21810393942536,0.0022112312310533,-0.0011227858802077,0.0022303506472879,-0.001097888736648,0.0021623644317565,-0.0011212439635494,0.0014488195301964,0.0010412548435851,,0.2860536873340606,0.676891028881073,0.6297797560691833,0.0022303506472879,0.0014099635858783,0.0002140574506483,0.9989250855954398,-49.42332381406016,0.0122178799816597,0.7842242264122348,,0,0,CONTINUED_PLASTIC_LOADING,,False,False
BH050,240,2.400001049041748,0.7603297638965457,7318,1,1,SHELF_NORMAL_Y_NEG,1242,5,18.970977317526263,3.911385724014617,3.349316977969913,0.0022577523511348,-0.0010712493661931,0.0022774623627498,-0.0010476540867482,0.0022090866885957,-0.0010852540446944,0.0014689295785501,0.0011080910917371,,0.2893369793891907,0.6862431168556213,0.6366085410118103,0.0022774623627498,0.0014099635858783,0.0002303896471858,0.9999382239881668,-50.51203451076263,0.0123413288979275,0.7778227263004742,,0,0,CONTINUED_PLASTIC_LOADING,,False,False
BH050,241,2.410000324249268,0.7552935689934864,7318,1,1,SHELF_NORMAL_Y_NEG,1242,5,18.970977317526263,3.91957040587209,3.4095005049711085,0.0023044967669319,-0.0010302484934518,0.0023246169366446,-0.0010066024949309,0.0022516561327549,-0.0010510348769148,0.0014869093429297,0.0011698885355144,,0.292281836271286,0.6949173212051392,0.6453915238380432,0.0023246169366446,0.0014099635858783,0.0002572174998931,1.0000000073175208,-51.53824982357555,0.0124616107334884,0.7719504535741031,,0,0,CONTINUED_PLASTIC_LOADING,,False,False
BH050,242,2.4200010299682617,0.7508831929699871,7318,1,1,SHELF_NORMAL_Y_NEG,1242,5,18.970977317526263,3.9566046788479015,3.481558196257359,0.0023459100014298,-0.0009957198732981,0.0023665605845685,-0.0009717855587127,0.002288811748775,-0.0010208667163401,0.001502376049757,0.0012240272480994,,0.294810801744461,0.7015572786331177,0.6522451043128967,0.0023665605845685,0.0014099635858783,0.0002796931366901,0.999827458998502,-52.43677230840329,0.0125712288588818,0.7675389409625645,,0,0,CONTINUED_PLASTIC_LOADING,,False,False
BH050,243,2.430000305175781,0.748521385414416,7318,1,1,SHELF_NORMAL_Y_NEG,1242,5,18.970977317526263,3.94033025448371,3.490191181965965,0.0023775743594452,-0.0009677322679245,0.002397644402559,-0.0009445506644014,0.0023191981174585,-0.000996241962791,0.0015150142135098,0.0012680753134191,,0.2965539097785949,0.7068420052528381,0.6535809636116028,0.002397644402559,0.0014099635858783,0.0003045503690373,0.9997980346875738,-53.21710830839328,0.0126726433400387,0.7640101507078864,,0,0,CONTINUED_PLASTIC_LOADING,,False,False
BH050,244,2.4400010108947754,0.743277106223956,7318,1,1,SHELF_NORMAL_Y_NEG,1242,5,18.970977317526263,3.885401721326062,3.5073942966598124,0.0024124261838049,-0.0009359370200653,0.0024330550605793,-0.0009126951887423,0.0023580287679139,-0.0009639966960544,0.0015312198083847,0.0013249999610707,,0.2985905408859253,0.7136716246604919,0.6598049402236938,0.0024330550605793,0.0014099635858783,0.0003215207543689,0.999908268685632,-54.06191823532309,0.0127834490359653,0.7598343091317286,,0,0,CONTINUED_PLASTIC_LOADING,,False,False
BH050,245,2.450000286102295,0.7389044356560812,7318,1,1,SHELF_NORMAL_Y_NEG,1242,5,18.970977317526263,3.8602454536241497,3.6037503982394457,0.0024504943077633,-0.0008942181839925,0.0024714970138705,-0.00087144247059,0.0024002527265162,-0.0009271914209899,0.001548791420646,0.0013875731965526,,0.3007988333702087,0.7202417254447937,0.6658239364624023,0.0024714970138705,0.0014099635858783,0.0003480078885331,1.0000000250397214,-54.93941568823379,0.0128975603309473,0.7553923588704994,,0,0,CONTINUED_PLASTIC_LOADING,,False,False
BH050,246,2.460000991821289,0.7360564985082421,7318,1,1,SHELF_NORMAL_Y_NEG,1242,5,18.970977317526263,3.813639518899208,3.613500954160904,0.0024994345056145,-0.0008471688929469,0.0025206040429938,-0.0008246159092674,0.0024402556162528,-0.0008915446107559,0.001565295504406,0.0014474218478426,,0.3028729856014251,0.7260981202125549,0.6718897819519043,0.0025206040429938,0.0014099635858783,0.0003748489543795,0.9997327801409592,-55.74711712035285,0.0130064960934962,0.7518657621543641,,0,0,CONTINUED_PLASTIC_LOADING,,False,False
BH050,247,2.4700002670288086,0.733773955204119,7318,1,1,SHELF_NORMAL_Y_NEG,1242,5,18.970977317526263,3.907214569037692,3.624899466961122,0.0025256163953598,-0.0008302450035614,0.0025468537280118,-0.0008070561840286,0.002468113363477,-0.0008676627061202,0.0015767285367473,0.0014891694299876,,0.3043098151683807,0.7301832437515259,0.6755205988883972,0.0025468537280118,0.0014099635858783,0.0003982689231634,0.9999458856697648,-56.4404952587305,0.013105968933916,0.7493854855577965,,0,0,CONTINUED_PLASTIC_LOADING,,False,False
BH050,248,2.4800009727478027,0.731339319044616,7318,1,1,SHELF_NORMAL_Y_NEG,1242,5,18.970977317526263,3.8680824288579134,3.546207411479268,0.002554083416501,-0.0008086140388807,0.002575020036799,-0.0007854524760661,0.0024963125664262,-0.000843976342405,0.0015881542349234,0.0015310763847082,,0.3057457506656647,0.7341548800468445,0.6771258115768433,0.002575020036799,0.0014099635858783,0.0004164793062955,0.999703037665305,-57.15002140831472,0.0131986648682508,0.7462186417358831,,0,0,CONTINUED_PLASTIC_LOADING,,False,False
BH050,249,2.4900002479553223,0.7270814099345905,7318,1,1,SHELF_NORMAL_Y_NEG,1242,5,18.970977317526263,3.821646333994036,3.5957441095167653,0.0025865172689552,-0.0007748631392654,0.0026082837308935,-0.0007515351412132,0.0025313699504275,-0.0008136928630958,0.0016022271011024,0.001583594828844,,0.30751433968544,0.7389113306999207,0.6850910186767578,0.0026082837308935,0.0014099635858783,0.0004380066820885,0.9998901218825608,-57.98123756476481,0.0132895354800992,0.7414717590621511,,0,0,CONTINUED_PLASTIC_LOADING,,False,False
BH050,250,2.5000009536743164,0.7218048514468176,7318,1,1,SHELF_NORMAL_Y_NEG,1242,5,18.970977317526263,3.784990072271835,3.683691748295652,0.0026327372626797,-0.0007247163928404,0.002654795872604,-0.0007019575640866,0.00257302060725,-0.0007757437840567,0.0016186884604394,0.001647219993174,,0.3095830976963043,0.7446736693382263,0.6906647682189941,0.002654795872604,0.0014099635858783,0.0004591447941493,0.9999929943619964,-58.87988452456809,0.0133890369794972,0.7366579187009679,21100.88214869129,1,1,CONTINUED_PLASTIC_LOADING,,False,False
BH050,251,2.510000228881836,0.7162154280664899,7318,1,1,SHELF_NORMAL_Y_NEG,1242,5,18.970977317526263,3.700267142129965,3.731366706930364,0.0026602213632852,-0.0006896107731661,0.0026827564480288,-0.0006672906623726,0.0026072361072091,-0.0007440995924858,0.0016320316353812,0.0017007623100653,,0.3112600147724151,0.7495228052139282,0.694936215877533,0.0026827564480288,0.0014099635858783,0.0004775265697389,0.999815627843019,-59.71342939219602,0.0134907397183864,0.7326755020095009,,0,0,CONTINUED_PLASTIC_LOADING,,False,False
BH050,252,2.52000093460083,0.7120120660946423,7318,1,1,SHELF_NORMAL_Y_NEG,1242,5,18.970977317526263,3.670878966932592,3.751703269373138,0.0026916106539711,-0.0006552126582274,0.0027144966255302,-0.0006328853800031,0.0026431411238953,-0.000709323860028,0.0016460686456412,0.0017582601867616,,0.31302410364151,0.754730224609375,0.7007353901863098,0.0027144966255302,0.0014099635858783,0.0005002927500754,0.999874102075256,-60.514036538998674,0.0135824799759277,0.728738180657096,,0,0,CONTINUED_PLASTIC_LOADING,,False,False
BH050,253,2.5300002098083496,0.7082291341916749,7318,1,1,SHELF_NORMAL_Y_NEG,1242,5,18.970977317526263,3.5988617261906675,3.755131254917004,0.0027124617629236,-0.0006284040750985,0.0027355794434755,-0.0006063665986621,0.002673153467172,-0.0006804149850742,0.0016578088980168,0.0018069976940751,,0.31449955701828,0.7591442465782166,0.703677237033844,0.0027355794434755,0.0014099635858783,0.000513331964612,0.9999845641102422,-61.25677757439529,0.0136701711071819,0.7248737124151237,,0,0,CONTINUED_PLASTIC_LOADING,,False,False
BH050,254,2.540000915527344,0.7041968955216038,7318,1,1,SHELF_NORMAL_Y_NEG,1242,5,18.970977317526263,3.547182866961552,3.742162572899834,0.0027418528566469,-0.0005950833016254,0.0027654648449936,-0.0005728190992643,0.0027052781240686,-0.0006483236539588,0.0016704641748219,0.0018599684117361,,0.3160829842090606,0.7636990547180176,0.7091593146324158,0.0027654648449936,0.0014099635858783,0.0005306206876412,0.9999999917334184,-61.99380270285038,0.0137573731926975,0.7211709996918085,,0,0,CONTINUED_PLASTIC_LOADING,,False,False
BH050,255,2.550000190734864,0.6991807634093842,7318,1,1,SHELF_NORMAL_Y_NEG,1242,5,18.970977317526263,3.446625490526072,3.745398091903765,0.0027701034386298,-0.0005597026645176,0.0027932930389324,-0.0005385783126114,0.0027422593732158,-0.0006098966526851,0.0016852292465046,0.0019224047427996,,0.3179455697536468,0.7679985761642456,0.7101749181747437,0.0027932930389324,0.0014099635858783,0.0005471347249113,0.9996376375988048,-62.76932556913368,0.0138440647632085,0.7172229144794136,,0,0,CONTINUED_PLASTIC_LOADING,,False,False
BH050,256,2.5600008964538574,0.6930590188933251,7318,1,1,SHELF_NORMAL_Y_NEG,1242,5,18.970977317526263,3.338071680690197,3.734830856641719,0.0028127905905153,-0.0005025352305344,0.0028367909918939,-0.0004812774041047,0.0027839475784682,-0.0005643222931211,0.0017020838567987,0.0019949048291891,,0.3200637698173523,0.7729721069335938,0.7175143957138062,0.0028367909918939,0.0014099635858783,0.0005709392135031,0.9999999409105408,-63.608324856406085,0.0139370507609659,0.7129376634326587,,0,0,CONTINUED_PLASTIC_LOADING,,False,False
BH050,257,2.570000171661377,0.687427124023305,7318,1,1,SHELF_NORMAL_Y_NEG,1242,5,18.970977317526263,3.273250638149784,3.777857377294641,0.0028329555230126,-0.0004703219259841,0.0028560462094817,-0.0004507193045321,0.0028178559406658,-0.0005265560566583,0.0017158952541649,0.0020559246186167,,0.3217995166778564,0.7771294116973877,0.7170275449752808,0.0028560462094817,0.0014099635858783,0.0005904404679313,0.999458028593196,-64.40963093301151,0.0140252687654928,0.7086709615795239,,0,0,CONTINUED_PLASTIC_LOADING,,False,False
BH050,258,2.580000877380371,0.6828976715993558,7318,1,1,SHELF_NORMAL_Y_NEG,1242,5,18.970977317526263,3.2146424375427074,3.791566633425196,0.0028657785940999,-0.0004252245797657,0.0028894983220087,-0.0004054928071278,0.0028498392135137,-0.0004896169333866,0.0017290968680754,0.0021147108636796,,0.3234586119651794,0.7811179161071777,0.7212479710578918,0.0028894983220087,0.0014099635858783,0.0006035899859853,0.9999819863512016,-65.16361479198558,0.0140985314835681,0.7044889470653632,,0,0,CONTINUED_PLASTIC_LOADING,,False,False
BH050,259,2.59000015258789,0.6739816428122024,7318,1,1,SHELF_NORMAL_Y_NEG,1242,5,18.970977317526263,2.935015914404988,3.756913899682231,0.0028819453890983,-0.0003817206792667,0.0029048949627461,-0.0003644524280977,0.0028860448298955,-0.0004449649010492,0.0017449654405936,0.0021846601739525,,0.3254528939723968,0.7858638763427734,0.7171705365180969,0.0029048949627461,0.0014099635858783,0.0006175769376568,0.999956477812651,-65.99297127168558,0.0141727527163454,0.6994280907343093,,0,0,CONTINUED_PLASTIC_LOADING,,False,False
BH050,260,2.6000008583068848,0.6621582656186814,7318,1,1,SHELF_NORMAL_Y_NEG,1242,5,18.970977317526263,2.7650467476773963,3.764870575279472,0.0029266153648814,-0.0002973442697274,0.0029503569534124,-0.0002805139058111,0.0029347837828279,-0.0003775365380883,0.0017678096191957,0.0022859312593936,,0.3283238112926483,0.7924085259437561,0.7303833365440369,0.0029503569534124,0.0014099635858783,0.0006599175976589,0.999846608702512,-67.06172613790038,0.0142591319853652,0.692007474399597,,0,0,CONTINUED_PLASTIC_LOADING,,False,False
BH050,261,2.6100001335144043,0.6543080017741534,7318,1,1,SHELF_NORMAL_Y_NEG,1242,5,18.970977317526263,2.6894446859239864,3.874774563035483,0.0029526247150051,-0.0002358238075653,0.0029762524936666,-0.0002203895533999,0.0029763761869422,-0.0003150989099456,0.0017873597098514,0.0023762825876474,,0.3307807445526123,0.7979834079742432,0.7288786768913269,0.0029762524936666,0.0014099635858783,0.0006745022838003,0.9999120829454294,-67.99366851401331,0.0143406770823557,0.6862465270247199,,0,0,CONTINUED_PLASTIC_LOADING,,False,False
BH050,262,2.6200008392333984,0.652137552496088,7318,1,1,SHELF_NORMAL_Y_NEG,1242,5,18.970977317526263,2.672084865462037,3.856861148870708,0.0029670101561807,-0.0002134518409226,0.0029899239950591,-0.0001987276998557,0.002995914725882,-0.0002864648086723,0.0017967580351978,0.0024200936313718,,0.3319618999958038,0.8002980947494507,0.7259128093719482,0.0029899239950591,0.0014099635858783,0.0006859708228148,1.000000022515796,-68.60654867177196,0.0143983161543284,0.6832926136522267,,0,0,CONTINUED_PLASTIC_LOADING,,False,False
BH050,263,2.630000114440918,0.6509938179334348,7318,1,1,SHELF_NORMAL_Y_NEG,1242,5,18.970977317526263,2.5435099568867097,3.5794952277437626,0.0029759574863023,-0.000206952699796,0.0029993145423033,-0.0001907568323032,0.0030131923364401,-0.0002618201307789,0.0018053312087431,0.0024588543456047,,0.3330393135547638,0.8023459911346436,0.7345720529556274,0.0029993145423033,0.0014099635858783,0.0007023898069746,0.999778917133898,-69.13923316611005,0.0144650908022011,0.6815199105608747,,0,0,CONTINUED_PLASTIC_LOADING,,False,False
BH050,264,2.640000820159912,0.6454905791305421,7318,1,1,SHELF_NORMAL_Y_NEG,1242,5,18.970977317526263,2.589372667747332,3.786611568703064,0.0030006118397706,-0.0001562800232471,0.0030232285108645,-0.0001419391970907,0.0030410850104343,-0.0002210105943009,0.0018190691480413,0.0025217831134796,,0.3347658216953277,0.8056707382202148,0.7281821370124817,0.0030232285108645,0.0014099635858783,0.0007173232152126,0.9999029582788636,-69.88228842434948,0.0145534752399271,0.6777994521005304,,0,0,CONTINUED_PLASTIC_LOADING,,False,False
BH050,265,2.650000095367432,0.6393337204402523,7318,1,1,SHELF_NORMAL_Y_NEG,1242,5,18.970977317526263,2.385788475029103,3.637264198724525,0.003032457174304,-8.935257124594875e-05,0.0030559606258164,-7.449987358389547e-05,0.0030765419463562,-0.0001633180973329,0.0018369598546996,0.0026048282161355,,0.337014228105545,0.8100583553314209,0.7443726658821106,0.0030559606258164,0.0014099635858783,0.0007451251149177,0.9998308966107144,-70.65552176411953,0.0146364053728046,0.6736023160479476,,0,0,CONTINUED_PLASTIC_LOADING,,False,False
BH050,266,2.660000801086426,0.6369253513657258,7318,1,1,SHELF_NORMAL_Y_NEG,1242,5,18.970977317526263,2.4328036765420338,3.76811874631378,0.00305318338827,-5.859815439364685e-05,0.0030748222018847,-4.618962927964133e-05,0.0030952045800549,-0.0001333383048662,0.0018466596957296,0.0026493144687265,,0.3382332324981689,0.8124086856842041,0.7301508188247681,0.0030748222018847,0.0014099635858783,0.0007564246188849,0.999695103206548,-71.16859140369982,0.0146996189105289,0.6714507705576066,,0,0,CONTINUED_PLASTIC_LOADING,,False,False
BH050,267,2.6700000762939453,0.6362875513883439,7318,1,1,SHELF_NORMAL_Y_NEG,1242,5,18.970977317526263,2.4551541668296664,3.728348252680745,0.0030716304128346,-3.852889588236852e-05,0.0030931033382066,-2.5856851288112035e-05,0.0031110769168307,-0.0001090379212987,0.0018551565008237,0.0026867003180086,,0.3393010795116424,0.8143839240074158,0.726738691329956,0.0030931033382066,0.0014099635858783,0.0007712234510108,0.9996391690204456,-71.6473752799311,0.0147543542973976,0.6696287595316999,,0,0,CONTINUED_PLASTIC_LOADING,,False,False
BH050,268,2.6800007820129395,0.6319666647576092,7318,1,1,SHELF_NORMAL_Y_NEG,1242,5,18.970977317526263,2.401799221814701,3.693279529896696,0.0030773996550917,-1.3212508493030622e-05,0.0030998855343888,3.460875685897897e-07,0.003135376948561,-7.117479727379435e-05,0.001868343912065,0.0027438313700258,,0.3409583866596222,0.8171768188476562,0.7363740801811218,0.0030998855343888,0.0014099635858783,0.000790913181845,0.9998767974556652,-72.3416202149107,0.0148262618725402,0.6661684798069092,,0,0,CONTINUED_PLASTIC_LOADING,,False,False
BH050,269,2.690000057220459,0.6258943003296836,7318,1,1,SHELF_NORMAL_Y_NEG,1242,5,18.970977317526263,2.180392664544806,3.508308790705531,0.0030840132675783,2.63582204788791e-05,0.0031063737168874,3.95395260588779e-05,0.0031695136636443,-1.5033851943494184e-05,0.0018870753701776,0.0028257940430194,,0.3433124721050262,0.8211609721183777,0.7450765371322632,0.0031063737168874,0.0014099635858783,0.0008144450257532,0.9995915414414698,-73.14870507197924,0.0149059086751278,0.6618431332415003,,0,0,CONTINUED_PLASTIC_LOADING,,False,False
BH050,270,2.700000762939453,0.6217423439026811,7318,1,1,SHELF_NORMAL_Y_NEG,1242,5,18.970977317526263,2.316713429638249,3.747827849464034,0.0031036951161225,6.650908133534598e-05,0.003126389547971,7.931101719432124e-05,0.0031912598371124,2.1249843396807684e-05,0.0018992641707882,0.0028784659225493,,0.3448442816734314,0.8236009478569031,0.741282045841217,0.003126389547971,0.0014099635858783,0.0008324373047798,0.9998030865310484,-73.82073379658696,0.0149702909628967,0.6585983516230436,,0,0,CONTINUED_PLASTIC_LOADING,,False,False
BH050,271,2.7100000381469727,0.6198002543617834,7318,1,1,SHELF_NORMAL_Y_NEG,1242,5,18.970977317526263,2.20634330838746,3.550870574417952,0.0031230490697724,9.024933842479564e-05,0.0031452397674675,0.0001031460688431,0.0032082087766157,4.842227216035836e-05,0.0019089246634393,0.0029194294475018,,0.3460583388805389,0.8253442645072937,0.7446709871292114,0.0031452397674675,0.0014099635858783,0.0008433755137957,0.9993665598096364,-74.36449572339602,0.0150264151378042,0.6562447952827168,,0,0,CONTINUED_PLASTIC_LOADING,,False,False
BH050,272,2.720000743865967,0.6176054817085858,7318,1,1,SHELF_NORMAL_Y_NEG,1242,5,18.970977317526263,2.199054477670519,3.573836660305848,0.0031397759024285,0.0001189851658784,0.0031613118151334,0.0001310179759385,0.003228774252003,8.165411463891358e-05,0.0019206852884963,0.0029680640436708,,0.3475363552570343,0.8274139761924744,0.7385756969451904,0.0031613118151334,0.0014099635858783,0.0008566592005081,0.9995513043118804,-74.93044780049054,0.0150876989783438,0.6535270192047163,,0,0,CONTINUED_PLASTIC_LOADING,,False,False
BH050,273,2.7300000190734863,0.6142183781394642,7318,1,1,SHELF_NORMAL_Y_NEG,1242,5,18.970977317526263,2.253069226118978,3.690148721441974,0.0031638413864276,0.0001634746075607,0.0031850706393734,0.0001747701312762,0.0032543477895759,0.0001242681160333,0.0019356400007382,0.0030286447145044,,0.3494157791137695,0.8299921154975891,0.7345461845397949,0.0031850706393734,0.0014099635858783,0.0008713210118003,0.9994060683291104,-75.53077764752568,0.0151558867843636,0.6506878536818597,,0,0,CONTINUED_PLASTIC_LOADING,,False,False
BH050,274,2.7400007247924805,0.6112950910664651,7318,1,1,SHELF_NORMAL_Y_NEG,1242,5,18.970977317526263,2.0823599019576733,3.4585035082514866,0.0031624447460373,0.0001738541542573,0.0031841021183556,0.0001859990131679,0.0032753043666039,0.000158783454232,0.0019484249642118,0.0030787661671638,,0.3510225117206573,0.832125186920166,0.7411426901817322,0.0031850706393734,0.0014099635858783,0.0008846388082019,0.999877142399725,-76.05812418201646,0.0152268263779804,0.6488701732352873,,0,0,CONTINUED_PLASTIC_LOADING,,False,False
BH050,275,2.75,0.6095153035276923,7318,1,1,SHELF_NORMAL_Y_NEG,1242,5,18.970977317526263,2.212880080579376,3.59775998588806,0.0032046029406102,0.0002241973011849,0.0032218097230036,0.000231831181007,0.0032947611496619,0.0001903026856919,0.001960715977475,0.0031273339409381,,0.352567195892334,0.8341920971870422,0.7325091361999512,0.0032218097230036,0.0014099635858783,0.000900998013094,0.9994773529461184,-76.56014802705783,0.0152917497079564,0.6470936528214815,58291.64490221829,1,1,CONTINUED_PLASTIC_LOADING,,False,False
BH050,276,2.760000705718994,0.6064148985630209,7318,1,1,SHELF_NORMAL_Y_NEG,1242,5,18.970977317526263,2.105706123628692,3.532301026599962,0.003201013753462,0.0002396236000428,0.003221312725514,0.0002500613170052,0.0033120077650137,0.0002188770077957,0.0019715237431228,0.0031702367123216,,0.3539254665374756,0.836017906665802,0.7358830571174622,0.0032218097230036,0.0014099635858783,0.0009198196348734,0.9989170933964336,-77.12824457096512,0.0153514924517181,0.644378871683515,,0,0,CONTINUED_PLASTIC_LOADING,,False,False
BH050,277,2.7699999809265137,0.602893613677266,7318,1,1,SHELF_NORMAL_Y_NEG,1242,5,18.970977317526263,2.203328659280435,3.652263230929576,0.0032410527555713,0.0002932130769928,0.0032589694672957,0.0003011141119546,0.0033329909294065,0.0002528375084263,0.0019846465438604,0.0032215772662311,,0.3555746674537658,0.837974488735199,0.7351427674293518,0.0032589694672957,0.0014099635858783,0.0009370531188324,0.9989657263573616,-77.74127390590985,0.0154080977450118,0.6411928774634761,,0,0,CONTINUED_PLASTIC_LOADING,,False,False
BH050,278,2.780000686645508,0.5996405000220116,7318,1,1,SHELF_NORMAL_Y_NEG,1242,5,18.970977317526263,2.0834001420015755,3.5159190986673887,0.0032381385602915,0.0003026716897,0.0032569539326071,0.000311584857246,0.003354039669596,0.0002875595102286,0.0019978308118879,0.0032726074568927,,0.3572315871715545,0.8397097587585449,0.7322471141815186,0.0032589694672957,0.0014099635858783,0.0009563792264088,0.9992973330150784,-78.34741543477921,0.0154644330654457,0.63831681196369,,0,0,CONTINUED_PLASTIC_LOADING,,False,False
BH050,279,2.789999961853028,0.5966785649209346,7318,1,1,SHELF_NORMAL_Y_NEG,1242,5,18.970977317526263,2.08415823793883,3.536404131967147,0.003248930384774,0.0003248627673877,0.0032681870176611,0.0003340808341872,0.0033719221764834,0.00031652592834,0.0020089640747755,0.0033154061529785,,0.3586307466030121,0.8411650657653809,0.7324365973472595,0.0032681870176611,0.0014099635858783,0.0009708715369924,0.9994594568959144,-78.9216832840506,0.0155242437291047,0.6358670940743115,,0,0,CONTINUED_PLASTIC_LOADING,,False,False
BH050,280,2.800000667572021,0.5927013202775346,7318,1,1,SHELF_NORMAL_Y_NEG,1242,5,18.970977317526263,2.1483149968064086,3.587595267205102,0.0032713752663923,0.0003649748715559,0.0032894862351879,0.0003731368983903,0.0033904542937094,0.0003456552661413,0.0020206321496516,0.0033595119602978,,0.3600971102714538,0.8426648378372192,0.7452959418296814,0.0032894862351879,0.0014099635858783,0.0009884047321975,0.999348802748122,-79.49616676268835,0.0155884023280709,0.6334349112071027,,0,0,CONTINUED_PLASTIC_LOADING,,False,False
BH050,281,2.809999942779541,0.5890445695274736,7318,1,1,SHELF_NORMAL_Y_NEG,1242,5,18.970977317526263,2.0714117303011554,3.5291449433559388,0.0032777592029673,0.0003869267953288,0.0032979202804062,0.0003970113759033,0.0034107625875454,0.0003799861922438,0.0020336166489869,0.0034077719319611,,0.3617289364337921,0.8440200090408325,0.7440861463546753,0.0032979202804062,0.0014099635858783,0.0010014072759076,0.9999208831707184,-80.0612067453827,0.0156499648151838,0.6308962700613283,,0,0,CONTINUED_PLASTIC_LOADING,,False,False
BH050,282,2.8200011253356934,0.58641055725661,7318,1,1,SHELF_NORMAL_Y_NEG,1242,5,18.970977317526263,2.0470492031969285,3.6290545716575657,0.0033063492182678,0.0004376147369728,0.0033237965195965,0.0004441265173214,0.0034337237536805,0.0004192615718444,0.0020486232824623,0.0034619658254086,,0.3636148869991302,0.8455165028572083,0.7353796362876892,0.0033237965195965,0.0014099635858783,0.0010134309995919,0.9990978965417644,-80.56827081648017,0.0157064497251487,0.6286344601341759,,0,0,CONTINUED_PLASTIC_LOADING,,False,False
BH050,283,2.830000400543213,0.5845067216793806,7318,1,1,SHELF_NORMAL_Y_NEG,1242,5,18.970977317526263,1.989267389298972,3.5462462046798326,0.0033160080055738,0.0004571781270911,0.0033340912479363,0.0004644988430799,0.0034475889583236,0.0004424663455855,0.0020577325485646,0.0034940124023705,,0.3647596836090088,0.8464014530181885,0.7374054789543152,0.0033340912479363,0.0014099635858783,0.0010232843924313,0.9991954508229368,-81.0366160899494,0.015761441045359,0.6265681175664611,,0,0,CONTINUED_PLASTIC_LOADING,,False,False
BH050,284,2.840000629425049,0.5822648646451619,7318,1,1,SHELF_NORMAL_Y_NEG,1242,5,18.970977317526263,2.073347347307867,3.6935460668693074,0.0033302895613995,0.0004818938072849,0.0033465598963747,0.0004869646119405,0.0034619466018811,0.0004665107976375,0.0020667780190706,0.0035270126536488,,0.365896463394165,0.8473126888275146,0.7316187024116516,0.0033465598963747,0.0014099635858783,0.0010339000727981,0.9992374532776612,-81.52182544874796,0.0158196537152635,0.624713861491446,,0,0,CONTINUED_PLASTIC_LOADING,,False,False
BH050,285,2.8499999046325684,0.5804335567162473,7318,1,1,SHELF_NORMAL_Y_NEG,1242,5,18.970977317526263,2.1747472141283506,3.802039105096997,0.0033510338830331,0.0005174772005267,0.0033692569166559,0.0005244516726912,0.0034765947200998,0.0004916569220829,0.0020759853068739,0.0035613945219665,,0.3670535981655121,0.8482621312141418,0.7380057573318481,0.0033692569166559,0.0014099635858783,0.0010507199913263,0.999460492343269,-82.04464442492949,0.0158811235160056,0.6227680600957203,,0,0,CONTINUED_PLASTIC_LOADING,,False,False
BH050,286,2.8600006103515625,0.5812842066458672,7318,1,1,SHELF_NORMAL_Y_NEG,1242,5,18.970977317526263,2.184641669493134,3.661866244416628,0.0033603915605152,0.0005271762379336,0.003379380099304,0.0005359535469419,0.0034884295730295,0.0005107752333681,0.0020830791909247,0.0035877516493201,,0.3679451048374176,0.8489899635314941,0.74530428647995,0.003379380099304,0.0014099635858783,0.0010585509007796,0.9997295532717038,-82.47347441760826,0.0159457449471278,0.6220524497475365,,0,0,CONTINUED_PLASTIC_LOADING,,False,False
BH050,287,2.869999885559082,0.5813414446295584,7318,1,1,SHELF_NORMAL_Y_NEG,1242,5,18.970977317526263,2.2262816818457085,3.62724106090037,0.0033586356480131,0.0005226170596201,0.0033766743067958,0.0005309716673955,0.0035022969201591,0.000531666879949,0.0020913868211209,0.0036175504792481,,0.3689891695976257,0.8498128056526184,0.7416645884513855,0.003379380099304,0.0014099635858783,0.0010625920258462,0.9990383557089424,-82.88010343236202,0.0160031812522087,0.6213186176012752,,0,0,CONTINUED_PLASTIC_LOADING,,False,False
BH050,288,2.880000591278076,0.5792839850749779,7318,1,1,SHELF_NORMAL_Y_NEG,1242,5,18.970977317526263,2.200187489835816,3.6346024055312816,0.0033888997066676,0.000566729638337,0.0034067866438441,0.0005747012650364,0.0035253071260234,0.0005689672548435,0.0021051741205155,0.0036671643611043,,0.3707218766212463,0.8511828184127808,0.7396642565727234,0.0034067866438441,0.0014099635858783,0.0010757483541965,0.9996053797971218,-83.39260856578697,0.0160601088596826,0.6194429203734817,,0,0,CONTINUED_PLASTIC_LOADING,,False,False
BH050,289,2.8900012969970703,0.5766227892163666,7318,1,1,SHELF_NORMAL_Y_NEG,1242,5,18.970977317526263,2.168534576210948,3.614841900408472,0.0034077989203306,0.000603503312373,0.003426102558977,0.0006118094349535,0.003545624859928,0.0006020278759558,0.0021175178699195,0.0037112906575202,,0.372273176908493,0.8524013161659241,0.7428771257400513,0.003426102558977,0.0014099635858783,0.0010827630758285,0.9998499126898512,-83.8813978648779,0.0161196085431507,0.617329614213193,,0,0,CONTINUED_PLASTIC_LOADING,,False,False
BH050,290,2.90000057220459,0.5759562437005507,7318,1,1,SHELF_NORMAL_Y_NEG,1242,5,18.970977317526263,2.137709299478444,3.5923444162815885,0.0034264523770071,0.0006320743472219,0.0034441202432563,0.0006396871320186,0.0035624855835954,0.0006295111924413,0.0021279393695294,0.0037480555474758,,0.3735828697681427,0.8534165620803833,0.7411447167396545,0.0034441202432563,0.0014099635858783,0.0010908022522926,0.9998692684387328,-84.29303642527776,0.0161648481597689,0.6156430723929927,,0,0,CONTINUED_PLASTIC_LOADING,,False,False
BH050,291,2.910001277923584,0.5747646941867841,7318,1,1,SHELF_NORMAL_Y_NEG,1242,5,18.970977317526263,2.1259559960235803,3.570032014491673,0.0034178916370093,0.0006315458006255,0.0034351425807349,0.0006388146520575,0.0035797095074988,0.0006571592150672,0.002138789743185,0.0037851885426789,,0.3749465048313141,0.8544419407844543,0.7379896640777588,0.0034441202432563,0.0014099635858783,0.0010945596732199,0.9999999831155884,-84.70115432478477,0.0162118805024115,0.6143924144577669,,0,0,CONTINUED_PLASTIC_LOADING,,False,False
BH050,292,2.9200005531311035,0.5723574612227196,7318,1,1,SHELF_NORMAL_Y_NEG,1242,5,18.970977317526263,2.0853878575178686,3.5486097313668368,0.0034291156145406,0.0006545570573031,0.0034457177596844,0.000661044765531,0.0035992023218158,0.0006880112773928,0.0021512848325073,0.0038273464888334,,0.3765168190002441,0.8556060791015625,0.7376299500465393,0.0034457177596844,0.0014099635858783,0.0011062819976359,0.9999362201533172,-85.20259487610475,0.0162781421602816,0.6128541220303432,,0,0,CONTINUED_PLASTIC_LOADING,,False,False
BH050,293,2.9300012588500977,0.5690241256579684,7318,1,1,SHELF_NORMAL_Y_NEG,1242,5,18.970977317526263,2.0402917530639058,3.563962169194949,0.0034329048774325,0.0006792569667312,0.0034501666997643,0.0006859865050804,0.0036204657169084,0.000722928837951,0.0021650718990713,0.003873701673001,,0.3782494962215423,0.8568861484527588,0.7400676012039185,0.0034501666997643,0.0014099635858783,0.0011182059533894,0.9998886791312696,-85.74082700231452,0.0163387978548894,0.6108029521562403,,0,0,CONTINUED_PLASTIC_LOADING,,False,False
BH050,294,2.940000534057617,0.5672080762256116,7318,1,1,SHELF_NORMAL_Y_NEG,1242,5,18.970977317526263,2.0094514823646885,3.530064686498661,0.0034418912379111,0.0007003981306935,0.0034586266352681,0.0007066223768699,0.0036393167096834,0.0007541048229,0.0021774997003376,0.0039150607772171,,0.3798113465309143,0.8580282330513,0.7387654185295105,0.0034586266352681,0.0014099635858783,0.0011280911276116,0.9998279667811736,-86.21317650521387,0.0163804164150596,0.6087937434791717,,0,0,CONTINUED_PLASTIC_LOADING,,False,False
BH050,295,2.950001239776612,0.5657597956084711,7318,1,1,SHELF_NORMAL_Y_NEG,1242,5,18.970977317526263,1.9703634608577127,3.47663643480263,0.0034067887615278,0.000672548825684,0.0034232341804393,0.00067858221943,0.0036570611500917,0.0007828848642075,0.0021894220262765,0.0039535881951451,,0.3813096582889557,0.859092116355896,0.736672043800354,0.0034586266352681,0.0014099635858783,0.0011368765262886,0.9998699267201742,-86.64713928208552,0.0164184200594599,0.606819961110632,,0,0,CONTINUED_PLASTIC_LOADING,,False,False
BH050,296,2.960000514984131,0.5633979731906004,7318,1,1,SHELF_NORMAL_Y_NEG,1242,5,18.970977317526263,1.9731090906211173,3.5045869565299927,0.0033977637775835,0.0006782529799649,0.0034138013103648,0.0006837042602169,0.0036752816186994,0.000812504895373,0.002201820956543,0.003993344027549,,0.3828679025173187,0.8601899147033691,0.736903727054596,0.0034586266352681,0.0014099635858783,0.0011442409595474,0.999708385801536,-87.12690060291284,0.0164692258912983,0.6048418645826392,,0,0,CONTINUED_PLASTIC_LOADING,,False,False
BH050,297,2.970001220703125,0.5604982200837619,7318,1,1,SHELF_NORMAL_Y_NEG,1242,5,18.970977317526263,1.8973021079642,3.49011044433466,0.0034049629396601,0.0007045507001201,0.0034210173749407,0.0007095949395271,0.0036957474608524,0.0008472205086341,0.0022159966174513,0.0040383609011769,,0.3846494257450104,0.8614329695701599,0.7375608682632446,0.0034586266352681,0.0014099635858783,0.0011551826028153,0.9998771699140098,-87.60836324757246,0.0165269714815572,0.6032043177566158,,0,0,CONTINUED_PLASTIC_LOADING,,False,False
BH050,298,2.9800004959106445,0.558721797302044,7318,1,1,SHELF_NORMAL_Y_NEG,1242,5,18.970977317526263,1.832212159330803,3.4731862252208203,0.0034231102287635,0.0007351331473226,0.00343853970198,0.0007392194818347,0.0037109697706285,0.000872719885538,0.0022267459426075,0.0040721320547163,,0.3860003352165222,0.8623655438423157,0.734150767326355,0.0034586266352681,0.0014099635858783,0.0011651453096419,0.9998018405741091,-88.01514741163832,0.0165822302516521,0.6020918375434643,,0,0,CONTINUED_PLASTIC_LOADING,,False,False
BH050,299,2.9900012016296387,0.5574270403526078,7318,1,1,SHELF_NORMAL_Y_NEG,1242,5,18.970977317526263,1.8097941756831213,3.422908539277695,0.0034491799709666,0.0007719680775191,0.0034650572327377,0.0007766947791732,0.0037257476352676,0.0008974597997874,0.002237289911136,0.0041050259023904,,0.3873254358768463,0.8632738590240479,0.7369816899299622,0.0034650572327377,0.0014099635858783,0.0011714018182829,0.99979250931194,-88.4061928046371,0.0166294007572495,0.6007321348535761,,0,0,CONTINUED_PLASTIC_LOADING,,False,False
BH050,300,3.000000476837158,0.5548938436398532,7318,1,1,SHELF_NORMAL_Y_NEG,1242,5,18.970977317526263,1.7638411817679986,3.4063349171435915,0.0034831484590646,0.0008207318162267,0.0034984274445582,0.0008246571583882,0.003745215749842,0.0009313335071154,0.0022513591684401,0.0041483864188194,,0.3890935778617859,0.8644711971282959,0.7355493307113647,0.0034984274445582,0.0014099635858783,0.0011845288099721,0.9997546552449476,-88.85078830043851,0.0166725842371106,0.5987520008555447,-145256.49678428663,1,1,CONTINUED_PLASTIC_LOADING,,False,False
BH050,301,3.0100011825561523,0.5524345877098686,7318,1,1,SHELF_NORMAL_Y_NEG,1242,5,18.970977317526263,1.731773032752349,3.3908824039766183,0.0035010676967878,0.0008575715820504,0.0035175301533497,0.0008625655406545,0.0037642650292202,0.0009641281360371,0.0022653983905911,0.0041913241147994,,0.3907186686992645,0.865656852722168,0.7414422035217285,0.0035175301533497,0.0014099635858783,0.0011971581261605,0.9998007860253828,-89.31188670683726,0.0167178867528008,0.5968186347918701,,0,0,CONTINUED_PLASTIC_LOADING,,False,False
BH050,302,3.020000457763672,0.5506987556268509,7318,1,1,SHELF_NORMAL_Y_NEG,1242,5,18.970977317526263,1.73738171385826,3.411778331178445,0.0035224120312296,0.0008909798541431,0.0035378474584009,0.0008948411111485,0.0037811778430733,0.0009936911851903,0.0022780138533562,0.0042299777269363,,0.3919956386089325,0.8667242527008057,0.7374087572097778,0.0035378474584009,0.0014099635858783,0.0012071768287569,0.999610368739086,-89.75351866007975,0.0167640808484101,0.595225725568533,,0,0,CONTINUED_PLASTIC_LOADING,,False,False
BH050,303,3.030001163482666,0.5487618779169492,7318,1,1,SHELF_NORMAL_Y_NEG,1242,5,18.970977317526263,1.6980223168550914,3.3732390599706177,0.0035507005218951,0.0009340277874367,0.0035665956191689,0.0009383430454722,0.003796707442076,0.0010206871954362,0.0022896712180227,0.0042656911537051,,0.3931756317615509,0.8677104115486145,0.7405979633331299,0.0035665956191689,0.0014099635858783,0.0012184141669422,0.9998677869621476,-90.1867682186319,0.0168126850602595,0.5938109608098763,,0,0,CONTINUED_PLASTIC_LOADING,,False,False
BH050,304,3.039999961853028,0.5456498410344317,7318,1,1,SHELF_NORMAL_Y_NEG,1242,5,18.970977317526263,1.683454024182071,3.394587578811856,0.0035737942465762,0.0009771342957345,0.0035890513041692,0.0009805632411987,0.0038189923577197,0.0010613053910975,0.0023066794965416,0.0043169930577278,,0.3948972821235657,0.869127094745636,0.7387701272964478,0.0035890513041692,0.0014099635858783,0.0012305532582104,0.9995902426652732,-90.67722989651702,0.0168628852709473,0.5919661829068679,,0,0,CONTINUED_PLASTIC_LOADING,,False,False
BH050,305,3.050000190734864,0.5423067202593465,7318,1,1,SHELF_NORMAL_Y_NEG,1242,5,18.970977317526263,1.6195857710863646,3.373991391528827,0.0035717176674167,0.000996763208053,0.0035868371122276,0.0009997554250727,0.0038393930644728,0.001098431803787,0.0023223734460771,0.0043648467399179,,0.3964858651161194,0.8704485297203064,0.7399317026138306,0.0035890513041692,0.0014099635858783,0.0012433909578248,0.9993363031219432,-91.19652843353823,0.016915479616898,0.5897842383959486,,0,0,CONTINUED_PLASTIC_LOADING,,False,False
BH050,306,3.0600006580352783,0.5414901300268254,7318,1,1,SHELF_NORMAL_Y_NEG,1242,5,18.970977317526263,1.603457352750166,3.3437711785372057,0.0035944258572548,0.0010281876739291,0.0036082020517737,0.0010299340493757,0.0038571424542237,0.0011307617396664,0.0023361756466329,0.0044059697538614,,0.3978829979896545,0.8715840578079224,0.7342104911804199,0.0036082020517737,0.0014099635858783,0.001253111870028,0.9995050538170344,-91.62792539215828,0.0169614837173972,0.5881799607400777,,0,0,CONTINUED_PLASTIC_LOADING,,False,False
BH050,307,3.069999933242798,0.5390980507393184,7318,1,1,SHELF_NORMAL_Y_NEG,1242,5,18.970977317526263,1.5702579606468068,3.3309094869209583,0.0036158172997111,0.0010684525525887,0.0036309851665651,0.0010714500171873,0.0038730634975734,0.0011594829930953,0.0023486937861889,0.0044435393065214,,0.3991501033306122,0.8726215362548828,0.740310788154602,0.0036309851665651,0.0014099635858783,0.001260689808987,0.9995647804110324,-92.10710423397045,0.0170175270067008,0.5865625863374757,,0,0,CONTINUED_PLASTIC_LOADING,,False,False
BH050,308,3.080000400543213,0.5363689768454755,7318,1,1,SHELF_NORMAL_Y_NEG,1242,5,18.970977317526263,1.5275909159748666,3.3302747852872336,0.0036227049898938,0.0010977244375317,0.0036371580485499,0.0010997165477824,0.0038940396986584,0.0011985695803398,0.002365585649386,0.0044929790310561,,0.4008599817752838,0.8739867210388184,0.7395026683807373,0.0036371580485499,0.0014099635858783,0.0012744325213134,0.9995119041767266,-92.6047607696528,0.0170810507155422,0.5849661242419409,,0,0,CONTINUED_PLASTIC_LOADING,,False,False
BH050,309,3.090000867843628,0.5350913854112267,7318,1,1,SHELF_NORMAL_Y_NEG,1242,5,18.970977317526263,1.541945907309794,3.344797908906539,0.0036526187946038,0.0011395996137825,0.0036668390281274,0.001141357736696,0.0039090635391478,0.0012265429575424,0.0023777305614203,0.0045289085246622,,0.4020893275737762,0.8749788999557495,0.7390406131744385,0.0036668390281274,0.0014099635858783,0.0012832316569983,0.999874000619428,-93.05205520679498,0.0171292336341739,0.5834519138539718,,0,0,CONTINUED_PLASTIC_LOADING,,False,False
BH050,310,3.1000001430511475,0.5327334694516277,7318,1,1,SHELF_NORMAL_Y_NEG,1242,5,18.970977317526263,1.4218619541529594,3.2554574668294616,0.003654105884101,0.001160942742421,0.003667880801059,0.0011620430360195,0.0039289545587963,0.0012640818285169,0.0023940154351294,0.0045761759392917,,0.403737723827362,0.876284122467041,0.736387312412262,0.003667880801059,0.0014099635858783,0.0012956568971276,0.9995808178027484,-93.53019380256204,0.0171737753459792,0.5816241734644919,,0,0,CONTINUED_PLASTIC_LOADING,,False,False
BH050,311,3.1100006103515625,0.5296952279389325,7318,1,1,SHELF_NORMAL_Y_NEG,1242,5,18.970977317526263,1.4119998019139617,3.250227133443836,0.003671443822712,0.0011982459829863,0.0036855930868304,0.0011996886065641,0.0039489913312473,0.0013022821705644,0.0024105417542159,0.0046239518560469,,0.4054105877876282,0.8776034116744995,0.7387125492095947,0.0036855930868304,0.0014099635858783,0.0013120990479364,0.9997415733601196,-94.03885665817812,0.0172267842573624,0.5796644319096114,,0,0,CONTINUED_PLASTIC_LOADING,,False,False
BH050,312,3.119999885559082,0.5283474004074854,7318,1,1,SHELF_NORMAL_Y_NEG,1242,5,18.970977317526263,1.4033628194377248,3.2679316412447315,0.0036772732019721,0.0012182542555705,0.0036902787023386,0.0012183710313624,0.0039658507980005,0.0013346310600694,0.0024245644453912,0.0046647703275084,,0.4068300127983093,0.8787305355072021,0.7345317602157593,0.0036902787023386,0.0014099635858783,0.0013242842396721,0.9998264026989236,-94.4893847220024,0.0172757061851989,0.5781922449108201,,0,0,CONTINUED_PLASTIC_LOADING,,False,False
BH050,313,3.130000352859497,0.5274177687570593,7318,1,1,SHELF_NORMAL_Y_NEG,1242,5,18.970977317526263,1.4730119582504533,3.280932122366506,0.0036968880861969,0.0012478318620219,0.0037106117813401,0.0012490584131735,0.0039788547126307,0.0013586828433424,0.0024354257620871,0.0046961274929344,,0.4079294204711914,0.879596471786499,0.7403121590614319,0.0037106117813401,0.0014099635858783,0.0013397901784628,0.9994606450892204,-94.9077548172518,0.017327001978395,0.5770085157918887,,0,0,CONTINUED_PLASTIC_LOADING,,False,False
BH050,314,3.140000820159912,0.5253391416218062,7318,1,1,SHELF_NORMAL_Y_NEG,1242,5,18.970977317526263,1.4168012198626478,3.2484493011028355,0.0037019361657297,0.0012697268936669,0.0037155489202992,0.0012706784863846,0.0039960630647212,0.0013908453907081,0.0024497478734701,0.0047366055659949,,0.4093791842460632,0.8807141780853271,0.7407589554786682,0.0037155489202992,0.0014099635858783,0.0013530207797884,0.9999999634227869,-95.34992038828292,0.0173813690567756,0.5756529337500275,,0,0,CONTINUED_PLASTIC_LOADING,,False,False
BH050,315,3.150000095367432,0.5232617240577657,7318,1,1,SHELF_NORMAL_Y_NEG,1242,5,18.970977317526263,1.3981325400500275,3.2386357051369967,0.0037284562943985,0.0013131636214105,0.0037421852197145,0.0013141701746177,0.0040123278057581,0.001421856235081,0.0024633505381643,0.0047750896774232,,0.4107560813426971,0.8817768692970276,0.7409526109695435,0.0037421852197145,0.0014099635858783,0.0013685439480468,0.9994355551375372,-95.78033619569558,0.0174301413296931,0.574148541891324,,0,0,CONTINUED_PLASTIC_LOADING,,False,False
BH050,316,3.1600005626678467,0.5219289901170122,7318,1,1,SHELF_NORMAL_Y_NEG,1242,5,18.970977317526263,1.3894455835096309,3.207127730121299,0.0037408460884897,0.0013393808213196,0.00375393688577,0.0013399069954666,0.0040311562413758,0.0014580526025717,0.0024792256299406,0.0048196478746831,,0.4123630225658417,0.883007287979126,0.7402462363243103,0.00375393688577,0.0014099635858783,0.0013827262446284,0.9991777603393144,-96.20194307506036,0.017474150082004,0.5726608158822795,,0,0,CONTINUED_PLASTIC_LOADING,,False,False
BH050,317,3.1700010299682617,0.5199183686297507,7318,1,1,SHELF_NORMAL_Y_NEG,1242,5,18.970977317526263,1.3362129129561977,3.222126166826823,0.0037656660054088,0.0013812517593439,0.0037782346693019,0.0013807841565053,0.0040455392843048,0.0014848304665885,0.0024914618115872,0.004853724502027,,0.4136016070842743,0.8839482665061951,0.7378692626953125,0.0037782346693019,0.0014099635858783,0.0013955323956906,0.9994177002544946,-96.6485500450924,0.0175213058744844,0.5710815984014772,,0,0,CONTINUED_PLASTIC_LOADING,,False,False
BH050,318,3.180000305175781,0.5178168471485988,7318,1,1,SHELF_NORMAL_Y_NEG,1242,5,18.970977317526263,1.3405810614026303,3.240790137880159,0.0037736719513732,0.0014023735279105,0.0037858516400089,0.0014014181307641,0.0040597328082686,0.0015113405120128,0.0025035368744283,0.004887627903372,,0.4148238897323608,0.8848844766616821,0.7369347810745239,0.0037858516400089,0.0014099635858783,0.0014082498382776,0.9995441991592688,-97.09380165461084,0.0175717513394454,0.5697248961842263,,0,0,CONTINUED_PLASTIC_LOADING,,False,False
BH050,319,3.1900007724761963,0.5164985792362836,7318,1,1,SHELF_NORMAL_Y_NEG,1242,5,18.970977317526263,1.399964629930276,3.2598586759781125,0.0037949317396648,0.0014427860841429,0.0038087560554712,0.0014437539894927,0.0040761624238021,0.0015433366984544,0.002517498563975,0.0049265665002167,,0.4162371456623077,0.8859597444534302,0.7460564374923706,0.0038087560554712,0.0014437539894927,0.0014243841869756,0.999318664904672,-97.52807218168785,0.0176185767389578,0.5683806716705461,,0,0,CONTINUED_PLASTIC_LOADING,,False,False
BH050,320,3.200000047683716,0.5147487917075058,7318,1,1,SHELF_NORMAL_Y_NEG,1242,5,18.970977317526263,1.322162452278868,3.1871460812178727,0.0037950677570046,0.0014577712631382,0.0038084509231537,0.0014582628373822,0.0040912842517498,0.0015721210517614,0.0025304020382463,0.0049620284698903,,0.4175432622432709,0.8869389295578003,0.7439637184143066,0.0038087560554712,0.0014582628373822,0.0014374180464074,0.999706875416986,-97.91930950323848,0.0176661182730488,0.5672211774136623,,0,0,CONTINUED_PLASTIC_LOADING,,False,False
BH050,321,3.210000514984131,0.5137056553993523,7318,1,1,SHELF_NORMAL_Y_NEG,1242,5,18.970977317526263,1.3330929944392311,3.2187772191236435,0.0038138910661492,0.0014879553417429,0.003825555925949,0.0014865855179618,0.0041077973750747,0.0016036447491384,0.0025445891078561,0.0050007817335426,,0.4189793467521667,0.8880090713500977,0.7383908033370972,0.003825555925949,0.0014865855179618,0.0014476135838776,0.9993439277610652,-98.32553857945284,0.0177107765839188,0.5658326523975847,,0,0,CONTINUED_PLASTIC_LOADING,,False,False
BH050,322,3.220000982284546,0.5125118798223606,7318,1,1,SHELF_NORMAL_Y_NEG,1242,5,18.970977317526263,1.3412257462409771,3.241018619861616,0.0038118546202757,0.0014977495394789,0.0038233647677323,0.0014961274781318,0.004118969368788,0.0016241696295811,0.0025541533250361,0.0050266934558749,,0.419947475194931,0.8887246251106262,0.7389290928840637,0.003825555925949,0.0014961274781318,0.001460030558519,0.9998311641264525,-98.69527225416876,0.0177571970705251,0.5647222338131653,,0,0,CONTINUED_PLASTIC_LOADING,,False,False
BH050,323,3.230000257492065,0.510745346430413,7318,1,1,SHELF_NORMAL_Y_NEG,1242,5,18.970977317526263,1.324436137382111,3.2170447851422184,0.00382052595153,0.0015182917751356,0.0038321144660038,0.0015167977413531,0.0041345188698852,0.001653704756805,0.0025675422511994,0.0050626317970454,,0.4213027358055115,0.8897169828414917,0.7397058606147766,0.0038321144660038,0.0015167977413531,0.0014723254134878,0.9992170957832368,-99.0836135194726,0.0178028556799745,0.5635227864819428,,0,0,CONTINUED_PLASTIC_LOADING,,False,False
BH050,324,3.2400007247924805,0.5090347133333755,7318,1,1,SHELF_NORMAL_Y_NEG,1242,5,18.970977317526263,1.2793430693154426,3.165333920441595,0.0038196665745962,0.0015314674540767,0.0038306984331112,0.0015294625094733,0.0041511147169314,0.0016853731807253,0.0025818869471549,0.0051009710878133,,0.4227547645568847,0.8907756805419922,0.7383790016174316,0.0038321144660038,0.0015294625094733,0.0014852909371256,0.9991309137340074,-99.48731891645446,0.0178480016049547,0.5622829650864054,,0,0,CONTINUED_PLASTIC_LOADING,,False,False
BH050,325,3.25,0.5079948497424169,7318,1,1,SHELF_NORMAL_Y_NEG,1242,5,18.970977317526263,1.3004901541810758,3.178800780237003,0.0038230483052889,0.0015505665935274,0.0038353084147954,0.0015498429890288,0.0041640000639013,0.0017093998766732,0.0025931170675903,0.0051306183449923,,0.4238915145397186,0.891594409942627,0.7441069483757019,0.0038353084147954,0.0015498429890288,0.00149802188389,0.9997440557019008,-99.8791731939453,0.0178923757763229,0.5610806250484305,321579.3045339037,1,1,CONTINUED_PLASTIC_LOADING,,False,False
BH050,326,3.260000467300415,0.5064918524536867,7318,1,1,SHELF_NORMAL_Y_NEG,1242,5,18.970977317526263,1.3043258607771948,3.2215119440359734,0.0038542846866254,0.0015962910805689,0.0038657060259145,0.0015944599814944,0.004178647441084,0.0017370139718706,0.0026058538351207,0.00516436714679,,0.4251807630062103,0.8925263285636902,0.741595983505249,0.0038657060259145,0.0015944599814944,0.0015124287456274,0.9997245420064014,-100.28334597586408,0.0179345330676943,0.5598060777088831,,0,0,CONTINUED_PLASTIC_LOADING,,False,False
BH050,327,3.27000093460083,0.505520385868434,7318,1,1,SHELF_NORMAL_Y_NEG,1242,5,18.970977317526263,1.3148016424740354,3.2170442674799244,0.0038460193822158,0.0015990285523337,0.0038575439010788,0.0015974039286275,0.0041927977330199,0.0017639184989658,0.0026182485744357,0.0051967613399028,,0.4264354109764099,0.8934208750724792,0.743989109992981,0.0038657060259145,0.0015974039286275,0.001524465274997,0.9996144638249248,-100.6644057942595,0.0179781296249487,0.5586333403061746,,0,0,CONTINUED_PLASTIC_LOADING,,False,False
BH050,328,3.2800002098083496,0.5034847871159075,7318,1,1,SHELF_NORMAL_Y_NEG,1242,5,18.970977317526263,1.2687006208780789,3.2098944295493945,0.0038586084047761,0.0016230233025699,0.0038697571724414,0.0016207536798526,0.0042046066012118,0.0017861392840509,0.0026285890489816,0.0052237035706639,,0.4274820983409881,0.8938609957695007,0.7412868738174438,0.0038697571724414,0.0016207536798526,0.0015332169132307,0.9993242126460598,-101.0326483953036,0.0180217860570941,0.5575148398782966,,0,0,CONTINUED_PLASTIC_LOADING,,False,False
BH050,329,3.2900006771087646,0.5012881432381024,7318,1,1,SHELF_NORMAL_Y_NEG,1242,5,18.970977317526263,1.2198509293147732,3.1794604897137764,0.0038629618403168,0.0016471381554207,0.0038738620359414,0.0016444926628397,0.004221709866481,0.001819784372891,0.0026436930056661,0.0052625774405896,,0.4290109872817993,0.8938609957695007,0.7403049468994141,0.0038738620359414,0.0016444926628397,0.0015511156525462,0.9995007557878984,-101.41974909724584,0.0180639004195564,0.5561820812712723,,0,0,CONTINUED_PLASTIC_LOADING,,False,False
BH050,330,3.299999952316284,0.5011279268779089,7318,1,1,SHELF_NORMAL_Y_NEG,1242,5,18.970977317526263,1.2219616011193517,3.1654080619636304,0.0038712521523972,0.0016629233148785,0.0038815963268359,0.0016598335276063,0.0042347544902668,0.0018448046781319,0.0026552339550107,0.0052923173643648,,0.4301792085170746,0.8938609957695007,0.7388309836387634,0.0038815963268359,0.0016598335276063,0.0015624093357473,0.9990285915024982,-101.75356115952236,0.0181059158872464,0.555267166688737,,0,0,CONTINUED_PLASTIC_LOADING,,False,False
BH050,331,3.310000419616699,0.5000673443500125,7318,1,1,SHELF_NORMAL_Y_NEG,1242,5,18.970977317526263,1.2492447054299942,3.161129279175143,0.0038824879607393,0.0016825788611764,0.0038926457136031,0.0016795208220558,0.0042475786363714,0.0018693153398692,0.0026667104102671,0.0053210728801786,,0.4313409030437469,0.8938609957695007,0.7388421893119812,0.0038926457136031,0.0016795208220558,0.0015777638182044,0.9999914874978462,-102.1062322653508,0.0181454813401353,0.5543302970739605,,0,0,CONTINUED_PLASTIC_LOADING,,False,False
BH050,332,3.3200008869171143,0.4983356619539861,7318,1,1,SHELF_NORMAL_Y_NEG,1242,5,18.970977317526263,1.2239551946877223,3.1415090001179973,0.003888644920259,0.0017102594542961,0.0038995694946722,0.0017079290484873,0.0042658124723689,0.0019043253531031,0.0026830108836293,0.0053619397804141,,0.4329908788204193,0.8938609957695007,0.7423583269119263,0.0038995694946722,0.0017079290484873,0.0015872459625825,0.9997006578236568,-102.50063519093013,0.0181911444198048,0.5531915426695324,,0,0,CONTINUED_PLASTIC_LOADING,,False,False
BH050,333,3.330000162124634,0.4972598348608716,7318,1,1,SHELF_NORMAL_Y_NEG,1242,5,18.970977317526263,1.218332057204606,3.1295391315274936,0.00390028310022,0.0017300568771168,0.0039107742331965,0.0017273369012846,0.0042781262369588,0.0019274798287374,0.0026940524112433,0.0053896023891866,,0.434108555316925,0.8938609957695007,0.7417293190956116,0.0039107742331965,0.0017273369012846,0.0015989639796316,0.9997800947093242,-102.86013283820624,0.0182306374237123,0.5520952782791888,,0,0,CONTINUED_PLASTIC_LOADING,,False,False
BH050,334,3.340000629425049,0.4961950967664576,7318,1,1,SHELF_NORMAL_Y_NEG,1242,5,18.970977317526263,1.2436009683150115,3.123061255351701,0.0039094282313355,0.0017476115011134,0.0039195833630494,0.001744774971857,0.0042903552083516,0.0019501480782132,0.0027049952186644,0.0054167760536074,,0.4352162182331085,0.8938609957695007,0.7412207126617432,0.0039195833630494,0.001744774971857,0.001611863146536,0.999554983179924,-103.20355263674648,0.0182639548009161,0.550989951528499,,0,0,CONTINUED_PLASTIC_LOADING,,False,False
BH050,335,3.3499999046325684,0.4951326270912855,7318,1,1,SHELF_NORMAL_Y_NEG,1242,5,18.970977317526263,1.219959648955239,3.1014151811888766,0.0038993421120522,0.0017472475027045,0.0039090277679963,0.0017439277056608,0.0043041272392844,0.0019757979765274,0.0027172733098268,0.0054470496252179,,0.4364590346813202,0.8938609957695007,0.7393210530281067,0.0039195833630494,0.001744774971857,0.0016236192313954,0.9994429011154116,-103.55707399229246,0.0183054887014735,0.5499607046193643,,0,0,CONTINUED_PLASTIC_LOADING,,False,False
BH050,336,3.3600003719329834,0.4935902458364112,7318,1,1,SHELF_NORMAL_Y_NEG,1242,5,18.970977317526263,1.2078319613099129,3.106267345405006,0.0039077055435036,0.0017684175119611,0.0039171189362123,0.001764708079434,0.0043165748247364,0.0019988416192889,0.0027283856179565,0.0054743466898798,,0.437583863735199,0.8938609957695007,0.7390663027763367,0.0039195833630494,0.001764708079434,0.0016371592646464,0.9992477546954294,-103.90338146453428,0.0183493491988544,0.5490878730581938,,0,0,CONTINUED_PLASTIC_LOADING,,False,False
BH050,337,3.3700008392333984,0.4926880427047806,7318,1,1,SHELF_NORMAL_Y_NEG,1242,5,18.970977317526263,1.2113235412488816,3.0782967170408506,0.0039326263699956,0.0018028806055839,0.0039419075594685,0.0017992564505238,0.0043309878760284,0.0020260186492023,0.002741266041994,0.0055055832490324,,0.4388876855373382,0.8938609957695007,0.7390682101249695,0.0039419075594685,0.0017992564505238,0.0016472910065203,0.9998320104422364,-104.22286191048543,0.0183868843422628,0.5482526268850738,,0,0,CONTINUED_PLASTIC_LOADING,,False,False
BH050,338,3.380000114440918,0.4915049344368136,7318,1,1,SHELF_NORMAL_Y_NEG,1242,5,18.970977317526263,1.2371795751586545,3.0929892993701578,0.0039580474826661,0.0018382096680753,0.0039672132068455,0.0018345472144377,0.0043440036141224,0.0020497945003278,0.0027529108338057,0.0055335527285933,,0.440066397190094,0.8938609957695007,0.7395451068878174,0.0039672132068455,0.0018345472144377,0.0016582238022238,0.9990958087527626,-104.55776517810249,0.0184238000528553,0.5472016240326278,,0,0,CONTINUED_PLASTIC_LOADING,,False,False
BH050,339,3.390000581741333,0.490661304200909,7318,1,1,SHELF_NORMAL_Y_NEG,1242,5,18.970977317526263,1.2175055763638254,3.0790333881738694,0.0039767844933256,0.001869942308958,0.0039861484879312,0.0018664385997952,0.0043572973057015,0.0020742840335387,0.0027648236136883,0.0055621177889406,,0.4412722587585449,0.8938609957695007,0.7406848073005676,0.0039861484879312,0.0018664385997952,0.0016701425192877,0.9992061703317118,-104.89322642431613,0.0184593315148371,0.5461185718792883,,0,0,CONTINUED_PLASTIC_LOADING,,False,False
BH050,340,3.400001049041748,0.4897023593256014,7318,1,1,SHELF_NORMAL_Y_NEG,1242,5,18.970977317526263,1.244708435117336,3.0831756417629785,0.0039881985656937,0.0018906525788976,0.0039976378507562,0.0018873835652966,0.0043700087512176,0.0020972725014318,0.0027762355748564,0.0055891927331686,,0.4424274265766144,0.8938609957695007,0.741827130317688,0.0039976378507562,0.0018873835652966,0.0016796919517219,0.9995423948080822,-105.21702883545748,0.0184967545385914,0.5453141114867487,,0,0,CONTINUED_PLASTIC_LOADING,,False,False
BH050,341,3.410000324249268,0.4879307671099242,7318,1,1,SHELF_NORMAL_Y_NEG,1242,5,18.970977317526263,1.2102133275299105,3.048522802145273,0.004015748980344,0.001928763401033,0.0040251926821399,0.001925499894479,0.0043834464551885,0.0021215786582511,0.002788339741528,0.0056177317164838,,0.4436526596546173,0.8938609957695007,0.7421436309814453,0.0040251926821399,0.001925499894479,0.0016906165983527,0.9995785129799316,-105.55463318233652,0.0185367358215685,0.5444500925888733,,0,0,CONTINUED_PLASTIC_LOADING,,False,False
BH050,342,3.4200007915496826,0.487542627747658,7318,1,1,SHELF_NORMAL_Y_NEG,1242,5,18.970977317526263,1.2145445452921977,3.0707663395612665,0.0040341590640569,0.0019574385864867,0.0040428619999692,0.0019533104961714,0.0043960225683901,0.00214450884269,0.0027996159624308,0.0056444173678755,,0.4447940587997436,0.8938609957695007,0.7401905655860901,0.0040428619999692,0.0019533104961714,0.0017019506776705,0.999053431508228,-105.87732883595164,0.0185743236277055,0.5435661592141783,,0,0,CONTINUED_PLASTIC_LOADING,,False,False
BH050,343,3.430000066757202,0.4868634153628382,7318,1,1,SHELF_NORMAL_Y_NEG,1242,5,18.970977317526263,1.2331800351792166,3.046117293314423,0.0040328422957986,0.0019637251343546,0.0040418698607291,0.0019602208749201,0.0044072246306906,0.0021645614637465,0.0028096940368413,0.0056680184789001,,0.4458141922950744,0.8938609957695007,0.7418614625930786,0.0040428619999692,0.0019602208749201,0.0017124668229371,0.9999412330125016,-106.1733404881986,0.0186060440346357,0.5426766882136109,,0,0,CONTINUED_PLASTIC_LOADING,,False,False
BH050,344,3.440000534057617,0.4858148696077885,7318,1,1,SHELF_NORMAL_Y_NEG,1242,5,18.970977317526263,1.2279771826196069,3.073097567268776,0.0040435445711734,0.0019850129687808,0.0040518326578278,0.001980546767062,0.0044199598320907,0.0021877657638644,0.0028211660683155,0.0056947143748402,,0.446975439786911,0.8938609957695007,0.7398378252983093,0.0040518326578278,0.001980546767062,0.0017213249811902,0.9996761378119596,-106.4815846678318,0.0186400752801597,0.5417367112524241,,0,0,CONTINUED_PLASTIC_LOADING,,False,False
BH050,345,3.450001001358032,0.4849573962366016,7318,1,1,SHELF_NORMAL_Y_NEG,1242,5,18.970977317526263,1.210006850225485,3.0555451271887386,0.0040270726770421,0.0019783427633344,0.0040352819134048,0.0019737948226673,0.004432582794556,0.0022106595586907,0.0028325342573225,0.0057210982777178,,0.4481261670589447,0.8938609957695007,0.7398342490196228,0.0040518326578278,0.001980546767062,0.0017305089859291,0.9997084597232172,-106.78533307700884,0.0186768700365788,0.54090687878359,,0,0,CONTINUED_PLASTIC_LOADING,,False,False
BH050,346,3.460000276565552,0.4841807201599267,7318,1,1,SHELF_NORMAL_Y_NEG,1242,5,18.970977317526263,1.2136494191259397,3.054877786905024,0.0040441111617257,0.0020073223515682,0.0040524092998587,0.0020028931046704,0.0044436456703076,0.0022303329124253,0.0028425569180399,0.0057441690005362,,0.4491406977176666,0.8938609957695007,0.7408190369606018,0.0040524092998587,0.0020028931046704,0.0017381763318553,0.9996306142705425,-107.08195455305172,0.0187115534835969,0.5401406303303375,,0,0,CONTINUED_PLASTIC_LOADING,,False,False
BH050,347,3.470000743865967,0.4830240831726241,7318,1,1,SHELF_NORMAL_Y_NEG,1242,5,18.970977317526263,1.1721971581482775,3.042229018274409,0.0040517414494283,0.0020250459323494,0.0040596462033069,0.0020200241987156,0.0044556311194989,0.0022514791176468,0.0028533888980746,0.0057691214606165,,0.4502371549606323,0.8938609957695007,0.7395563125610352,0.0040596462033069,0.0020200241987156,0.0017454189946874,0.9994525938137808,-107.38399032337178,0.0187446701323786,0.5392209481917178,,0,0,CONTINUED_PLASTIC_LOADING,,False,False
BH050,348,3.4800000190734863,0.481925316348875,7318,1,1,SHELF_NORMAL_Y_NEG,1242,5,18.970977317526263,1.1949752086034433,3.0535102714090288,0.004061742854912,0.0020441242178564,0.0040698459059151,0.0020393802522964,0.0044674779810862,0.0022727604470618,0.0028640693053603,0.0057936836965382,,0.4513182640075683,0.8938609957695007,0.7410539388656616,0.0040698459059151,0.0020393802522964,0.0017568110488355,0.9992120887395056,-107.69125264370362,0.0187762190206783,0.5382342806844505,,0,0,CONTINUED_PLASTIC_LOADING,,False,False
BH050,349,3.4900004863739014,0.4811758417160025,7318,1,1,SHELF_NORMAL_Y_NEG,1242,5,18.970977317526263,1.2256342692875415,3.0661813571745253,0.0040787068066566,0.0020708718140875,0.0040873002183359,0.0020667425500441,0.0044777004510621,0.0022909542809041,0.0028733145445585,0.0058150263503193,,0.4522540867328644,0.8938609957695007,0.7435262203216553,0.0040873002183359,0.0020667425500441,0.0017638078425079,0.9992838877940432,-107.9833108850951,0.0188083984988587,0.5374186780889588,,0,0,CONTINUED_PLASTIC_LOADING,,False,False
BH050,350,3.5000009536743164,0.4803903439589509,7318,1,1,SHELF_NORMAL_Y_NEG,1242,5,18.970977317526263,1.1649136208068862,3.0056232120579898,0.0040882137188114,0.0020885502594035,0.0040962624951511,0.0020838752367253,0.0044911867463167,0.0023154498941561,0.0028855307027697,0.0058430251665413,,0.453490674495697,0.8938609957695007,0.7415993809700012,0.0040962624951511,0.0020838752367253,0.0017712981207296,0.999922735951888,-108.272280108337,0.0188440462254813,0.536781176993452,-6004.170819758992,1,1,CONTINUED_PLASTIC_LOADING,,False,False
BH050,351,3.510000228881836,0.4795255085275144,7318,1,1,SHELF_NORMAL_Y_NEG,1242,5,18.970977317526263,1.2069734488608963,3.060481098575288,0.0041043846783944,0.0021139186141009,0.004112213756345,0.0021089354271918,0.004501022112951,0.0023330216242507,0.0028944360092282,0.0058633643202483,,0.4543920755386352,0.8938609957695007,0.7417594790458679,0.004112213756345,0.0021089354271918,0.0017797348555177,0.9997867220492164,-108.5591793096882,0.0188807694523308,0.536115662614201,,0,0,CONTINUED_PLASTIC_LOADING,,False,False
BH050,352,3.520000696182251,0.4792856999419418,7318,1,1,SHELF_NORMAL_Y_NEG,1242,5,18.970977317526263,1.1888828356236356,3.043613156783415,0.0041122886333581,0.0021289450782771,0.0041193868922188,0.002123222620632,0.0045121435529937,0.002353018276582,0.0029044765979051,0.0058862627483904,,0.4554084241390228,0.8938609957695007,0.7394967675209045,0.0041193868922188,0.002123222620632,0.0017889264272525,0.9997517623206192,-108.83117969861252,0.0189123533105705,0.5353498850465669,,0,0,CONTINUED_PLASTIC_LOADING,,False,False
BH050,353,3.5299999713897705,0.4781433065800422,7318,1,1,SHELF_NORMAL_Y_NEG,1242,5,18.970977317526263,1.2222694988392997,3.0532747486730094,0.0041426903873024,0.0021719847015405,0.0041510934509225,0.0021677310468438,0.0045227861438393,0.0023719880470443,0.0029140936676412,0.0059080170467495,,0.4563819169998169,0.8938609957695007,0.7454671859741211,0.0041510934509225,0.0021677310468438,0.0017983062425628,0.9998307906603244,-109.10672670605533,0.0189437776429767,0.5345921489180707,,0,0,CONTINUED_PLASTIC_LOADING,,False,False
BH050,354,3.540000438690185,0.4774176900869774,7318,1,1,SHELF_NORMAL_Y_NEG,1242,5,18.970977317526263,1.2001913684963548,3.0267820037895232,0.004137200682693,0.0021728157239425,0.0041449049940149,0.0021678938327163,0.0045349455935616,0.0023937438144219,0.0029250641819089,0.0059327404014766,,0.4574923813343048,0.8938609957695007,0.742904543876648,0.0041510934509225,0.0021678938327163,0.0018064841860905,0.9996915039947784,-109.3827144606734,0.018979549324181,0.5340005683844927,,0,0,CONTINUED_PLASTIC_LOADING,,False,False
BH050,355,3.5500009059906006,0.4761688032822908,7318,1,1,SHELF_NORMAL_Y_NEG,1242,5,18.970977317526263,1.1970882359000494,3.0455658245698,0.0041326340478386,0.0021774221782641,0.0041400347709748,0.0021720454065476,0.0045462767581259,0.0024138069591994,0.0029352705460041,0.0059558013454079,,0.4585255086421966,0.8938609957695007,0.7425454258918762,0.0041510934509225,0.0021720454065476,0.0018132664263248,0.9998295839921892,-109.66415239082214,0.0190163851233265,0.5334305508801942,,0,0,CONTINUED_PLASTIC_LOADING,,False,False
BH050,356,3.56000018119812,0.4756360787688132,7318,1,1,SHELF_NORMAL_Y_NEG,1242,5,18.970977317526263,1.1856678112789163,3.018588129508108,0.0041423231790452,0.0021972865999171,0.0041499095987756,0.0021922030635307,0.0045564149796303,0.0024320534590649,0.0029444524552673,0.0059764087200164,,0.4594549238681793,0.8938609957695007,0.7432855367660522,0.0041510934509225,0.0021922030635307,0.0018228682456538,0.9996787679869068,-109.93292656682374,0.0190479848149993,0.5327558229659602,,0,0,CONTINUED_PLASTIC_LOADING,,False,False
BH050,357,3.570000648498535,0.475153670143918,7318,1,1,SHELF_NORMAL_Y_NEG,1242,5,18.970977317526263,1.1810050793502047,3.0034216572016748,0.0041653524870012,0.0022261820414931,0.004172835564498,0.0022210677693735,0.0045671171298744,0.0024510248090249,0.0029541719704866,0.0059980414807796,,0.4604387879371643,0.8938609957695007,0.7433704733848572,0.004172835564498,0.0022210677693735,0.0018297507194802,0.9999927825644932,-110.19040278635,0.0190765587852875,0.5320706309226348,,0,0,CONTINUED_PLASTIC_LOADING,,False,False
BH050,358,3.5799999237060547,0.4745122987947807,7318,1,1,SHELF_NORMAL_Y_NEG,1242,5,18.970977317526263,1.179130529363419,3.010402506290081,0.0041629601639873,0.0022309945747607,0.0041701007797277,0.0022254766284486,0.0045783542983299,0.0024713582824871,0.0029643622692674,0.0060206875205039,,0.4614702761173248,0.8938609957695007,0.7426620721817017,0.004172835564498,0.0022254766284486,0.0018397542880848,0.99969495489591,-110.459287104472,0.0191061038230801,0.531332563641417,,0,0,CONTINUED_PLASTIC_LOADING,,False,False
BH050,359,3.5900003910064697,0.4731258469175189,7318,1,1,SHELF_NORMAL_Y_NEG,1242,5,18.970977317526263,1.1778640567124803,3.00773728306162,0.0041928573120836,0.0022696732965247,0.0041993804264036,0.002263547517575,0.0045903694222996,0.0024928896239563,0.0029752920381724,0.006044790148735,,0.4625766277313232,0.8938609957695007,0.7412089705467224,0.0041993804264036,0.002263547517575,0.0018476813565939,0.9996351320390718,-110.71615333393656,0.0191396715068269,0.5307373930871755,,0,0,CONTINUED_PLASTIC_LOADING,,False,False
BH050,360,3.6000008583068848,0.4729080026994728,7318,1,1,SHELF_NORMAL_Y_NEG,1242,5,18.970977317526263,1.2127767125009654,3.027015025240292,0.0041910231930228,0.002276412429158,0.0041983474575617,0.0022711958758669,0.0045991225607935,0.0025084051231544,0.0029832385480403,0.0060623604804277,,0.4633809924125671,0.8938609957695007,0.7449562549591064,0.0041993804264036,0.0022711958758669,0.0018594936700537,0.9990388888152884,-110.96997246809464,0.0191711475236274,0.5301468899825771,,0,0,CONTINUED_PLASTIC_LOADING,,False,False
BH050,361,3.610000133514404,0.4724220244007246,7318,1,1,SHELF_NORMAL_Y_NEG,1242,5,18.970977317526263,1.1780295053425056,2.984238186689577,0.0042065323884061,0.0022990841467432,0.0042136993153882,0.0022937657602598,0.0046100103074349,0.0025277942893717,0.0029931215103715,0.0060841194353997,,0.4643813967704773,0.8938609957695007,0.7443699836730957,0.0042136993153882,0.0022937657602598,0.0018664479721337,0.9997369609449333,-111.2059563672918,0.0191987669391016,0.5295829566656045,,0,0,CONTINUED_PLASTIC_LOADING,,False,False
BH050,362,3.6200006008148193,0.4708901712792352,7318,1,1,SHELF_NORMAL_Y_NEG,1242,5,18.970977317526263,1.1500546418130937,2.976412480596613,0.0042387956801231,0.0023431498050555,0.0042456924268019,0.0023374219583785,0.0046221828170967,0.0025495961632981,0.0030041984282433,0.0061082695610821,,0.4655026197433471,0.8938609957695007,0.7435688376426697,0.0042456924268019,0.0023374219583785,0.0018718254286795,0.9995611057873988,-111.4682429235283,0.0192270175164343,0.5287525049476636,,0,0,CONTINUED_PLASTIC_LOADING,,False,False
BH050,363,3.6300010681152335,0.4698278007823568,7318,1,1,SHELF_NORMAL_Y_NEG,1242,5,18.970977317526263,1.1885014569153018,2.9937181926468384,0.0042335365852756,0.0023432570388584,0.0042411267004863,0.0023383686973705,0.0046308255148865,0.0025645181808562,0.0030120925512164,0.0061255418695509,,0.4663017094135284,0.8938609957695007,0.7473648190498352,0.0042456924268019,0.0023383686973705,0.0018821521662175,0.999029795124422,-111.72726908030978,0.0192560643467226,0.5279193708051118,,0,0,CONTINUED_PLASTIC_LOADING,,False,False
BH050,364,3.640000343322754,0.4693719052833768,7318,1,1,SHELF_NORMAL_Y_NEG,1242,5,18.970977317526263,1.1595914746782945,2.986571554079664,0.0042277327360753,0.0023452563853465,0.0042343965139464,0.0023392912686595,0.0046412357123155,0.0025829543927992,0.0030216102022677,0.0061462614685297,,0.4670844972133636,0.8938609957695007,0.7438210248947144,0.0042456924268019,0.0023392912686595,0.0018902163719758,0.9998374694273284,-111.96039821155917,0.0192812198655182,0.527293655969455,,0,0,CONTINUED_PLASTIC_LOADING,,False,False
BH050,365,3.650000810623169,0.4683170586665826,7318,1,1,SHELF_NORMAL_Y_NEG,1242,5,18.970977317526263,1.16390263679156,2.957560276206928,0.0042640837139793,0.0023899692846279,0.0042715435017329,0.0023850305172704,0.0046522609805735,0.0026024274270346,0.0030316920019686,0.0061681363731622,,0.4678951203823089,0.8938609957695007,0.7473160028457642,0.0042715435017329,0.0023850305172704,0.001899983966723,0.999830718402756,-112.21012725543038,0.0193083170261598,0.5266395762853596,,0,0,CONTINUED_PLASTIC_LOADING,,False,False
BH050,366,3.660000085830689,0.4683944039117869,7318,1,1,SHELF_NORMAL_Y_NEG,1242,5,18.970977317526263,1.1400235341837532,2.948994424492637,0.0043036328013323,0.0024366086185131,0.0043103324547026,0.0024308038648075,0.0046619770769258,0.0026195725932404,0.0030405572615563,0.0061874636448919,,0.4686079323291778,0.8938609957695007,0.7446410059928894,0.0043103324547026,0.0024308038648075,0.001907299272716,0.9998256001871704,-112.4361057457285,0.0193411933510404,0.5262881565252413,,0,0,CONTINUED_PLASTIC_LOADING,,False,False
BH050,367,3.670000553131104,0.4683247409047693,7318,1,1,SHELF_NORMAL_Y_NEG,1242,5,18.970977317526263,1.1502128488506609,2.9817705666520955,0.004310154768971,0.0024477637402751,0.0043154825625239,0.0024404309966082,0.0046702846775763,0.0026343963265321,0.0030481554567813,0.0062039047479629,,0.4692188501358032,0.8938609957695007,0.7407737970352173,0.0043154825625239,0.0024404309966082,0.0019144446123391,0.9998293844180888,-112.65573946354392,0.0193689944124828,0.5259039118641544,,0,0,CONTINUED_PLASTIC_LOADING,,False,False
BH050,368,3.680001020431519,0.4678737631100114,7318,1,1,SHELF_NORMAL_Y_NEG,1242,5,18.970977317526263,1.1441966908802887,2.950418906265789,0.0043315210853285,0.0024755249686892,0.0043374010647081,0.0024689195410501,0.0046797258623652,0.0026512274906599,0.0030567573849111,0.0062225186266005,,0.4699104726314544,0.8938609957695007,0.7425336837768555,0.0043374010647081,0.0024689195410501,0.001921284594573,0.9999799315269164,-112.8725347613824,0.0193952346016991,0.5253918106933575,,0,0,CONTINUED_PLASTIC_LOADING,,False,False
BH050,369,3.690000295639038,0.4674814711633865,7318,1,1,SHELF_NORMAL_Y_NEG,1242,5,18.970977317526263,1.15090147184411,2.944692372470724,0.0043490294598189,0.002500030136418,0.0043550892215469,0.0024936904218744,0.0046894465443883,0.0026684247640719,0.0030656103044748,0.0062416312284767,,0.4706223011016845,0.8938609957695007,0.7438416481018066,0.0043550892215469,0.0024936904218744,0.0019294245867058,0.9997668377755028,-113.08730485931422,0.0194209289596315,0.5247862874345985,,0,0,CONTINUED_PLASTIC_LOADING,,False,False
BH050,370,3.700000762939453,0.4670360941455997,7318,1,1,SHELF_NORMAL_Y_NEG,1242,5,18.970977317526263,1.16376082951693,2.947657710045571,0.0043528405614584,0.0025109909687892,0.0043590205297326,0.0025048398526358,0.0046981204783791,0.00268385876527,0.0030735074542462,0.0062585584819316,,0.4712572395801544,0.8938609957695007,0.7448744177818298,0.0043590205297326,0.0025048398526358,0.0019366207998245,0.9988595407204244,-113.30736199049858,0.0194430188970507,0.524164781205896,,0,0,CONTINUED_PLASTIC_LOADING,,False,False
BH050,371,3.7100000381469727,0.4667456181755592,7318,1,1,SHELF_NORMAL_Y_NEG,1242,5,18.970977317526263,1.1539990219663632,2.929561313907634,0.0043625986653984,0.0025274393086462,0.0043688596371898,0.0025214268083735,0.004708708548655,0.0027025718926848,0.0030831194017082,0.0062791365198791,,0.4720300734043121,0.8938609957695007,0.7453415989875793,0.0043688596371898,0.0025214268083735,0.0019442469347268,0.9990818434058374,-113.52644097227778,0.0194696217658307,0.5237257212264522,,0,0,CONTINUED_PLASTIC_LOADING,,False,False
BH050,372,3.720000505447388,0.4656123477325922,7318,1,1,SHELF_NORMAL_Y_NEG,1242,5,18.970977317526263,1.1811198940669834,2.9731445597531536,0.0043388776951861,0.0025111287873479,0.004344939975555,0.0025048038004425,0.0047166859215824,0.0027160955998173,0.0030903986189514,0.0062945894896984,,0.4726153612136841,0.8938609957695007,0.745204746723175,0.0043688596371898,0.0025214268083735,0.001950187375769,0.9996805584812248,-113.76182646316772,0.0194978806784912,0.523188242022181,,0,0,CONTINUED_PLASTIC_LOADING,,False,False
BH050,373,3.7300009727478014,0.465195011453675,7318,1,1,SHELF_NORMAL_Y_NEG,1242,5,18.970977317526263,1.1607847458986789,2.929406713704635,0.0043307840564814,0.0025069767838191,0.0043368616617703,0.0025008288916347,0.0047263778368247,0.0027331712772334,0.0030992447864264,0.006313391495496,,0.4733266234397888,0.8938609957695007,0.7454773783683777,0.0043688596371898,0.0025214268083735,0.0019565692637115,0.9991366948081456,-113.97563904997084,0.0195216291814731,0.522668066815164,,0,0,CONTINUED_PLASTIC_LOADING,,False,False
BH050,374,3.740000247955322,0.4649885868999042,7318,1,1,SHELF_NORMAL_Y_NEG,1242,5,18.970977317526263,1.1671816665725152,2.925282184054007,0.0043139905239908,0.0024981821024516,0.0043204538842836,0.0024924926941904,0.0047346948761423,0.0027476427005925,0.0031068138778209,0.0063294707797467,,0.4739352166652679,0.8938609957695007,0.7469268441200256,0.0043688596371898,0.0025214268083735,0.0019626356661319,0.9995218297573832,-114.17677616334188,0.019542662052552,0.5221073576239215,,0,0,CONTINUED_PLASTIC_LOADING,,False,False
BH050,375,3.750000715255737,0.4642543352660021,7318,1,1,SHELF_NORMAL_Y_NEG,1242,5,18.970977317526263,1.1458221148296603,2.909557946249595,0.0043119083745272,0.0025053303847216,0.0043182407143948,0.0024994710022523,0.0047453009868652,0.0027664982737605,0.0031164772808551,0.0063500073738396,,0.4747121930122375,0.8938609957695007,0.7464911937713623,0.0043688596371898,0.0025214268083735,0.001970212906599,0.999947286935616,-114.38933628307366,0.0195659060521996,0.5214896322770345,154573.93161481898,1,1,CONTINUED_PLASTIC_LOADING,,False,False
BH050,376,3.759999990463257,0.4639229452846901,7318,1,1,SHELF_NORMAL_Y_NEG,1242,5,18.970977317526263,1.153703278752542,2.9229913359221977,0.0043309928373191,0.0025289565196485,0.004336673716003,0.0025224072965547,0.0047525389841591,0.002778856538992,0.0031231057364493,0.0063640186563134,,0.4752451479434967,0.8938609957695007,0.7449468374252319,0.0043688596371898,0.0025224072965547,0.0019754122477024,0.9994063925469102,-114.58140447544076,0.0195905303763435,0.5210698497067258,,0,0,CONTINUED_PLASTIC_LOADING,,False,False
BH050,377,3.770000457763672,0.4632052375509539,7318,1,1,SHELF_NORMAL_Y_NEG,1242,5,18.970977317526263,1.1483044323896587,2.9180232449464505,0.0043684055113048,0.0025740153142062,0.0043741473488997,0.0025675240724517,0.004762288127206,0.0027962939746555,0.0031320191919803,0.0063828378915786,,0.475961834192276,0.8938609957695007,0.7455454468727112,0.0043741473488997,0.0025675240724517,0.0019824444316327,0.9990564977876402,-114.7803999592789,0.0196142388924827,0.5206164938948288,,0,0,CONTINUED_PLASTIC_LOADING,,False,False
BH050,378,3.780000925064087,0.4631005105881426,7318,1,1,SHELF_NORMAL_Y_NEG,1242,5,18.970977317526263,1.1449710748016155,2.9088154953703427,0.0043689779855024,0.0025790297971242,0.0043747982945871,0.0025726576332557,0.0047698942036145,0.0028092492456511,0.003139026928693,0.006397508084774,,0.4765252768993377,0.8938609957695007,0.7458144426345825,0.0043747982945871,0.0025726576332557,0.0019866174552589,0.9994797381851404,-114.9769334091268,0.0196371643129117,0.5201246118809615,,0,0,CONTINUED_PLASTIC_LOADING,,False,False
BH050,379,3.7900002002716064,0.4623995221074756,7318,1,1,SHELF_NORMAL_Y_NEG,1242,5,18.970977317526263,1.1353608930277388,2.912661107056379,0.0043824736400933,0.0026013097454657,0.0043882207236752,0.0025947713436971,0.0047792194245061,0.0028255778560529,0.0031476106960326,0.0064154998399317,,0.477215439081192,0.8938609957695007,0.7460407018661499,0.0043882207236752,0.0025947713436971,0.0019929178524762,0.9997036610572688,-115.18031704869202,0.0196590570389751,0.5195606325096165,,0,0,CONTINUED_PLASTIC_LOADING,,False,False
BH050,380,3.8000006675720215,0.4621492377688302,7318,1,1,SHELF_NORMAL_Y_NEG,1242,5,18.970977317526263,1.1276488532159037,2.907629005441558,0.0043933360672372,0.0026163878475404,0.0043984456843172,0.0026091934543516,0.0047875475683778,0.0028400473262019,0.0031553034204989,0.0064315814524888,,0.4778339564800262,0.8938609957695007,0.7442834973335266,0.0043984456843172,0.0026091934543516,0.0019999735523015,0.9994480046946664,-115.37694706182546,0.0196834845614322,0.5191928775751011,,0,0,CONTINUED_PLASTIC_LOADING,,False,False
BH050,381,3.809999942779541,0.4610709862259297,7318,1,1,SHELF_NORMAL_Y_NEG,1242,5,18.970977317526263,1.1041776216726564,2.884680742981524,0.0043971047353208,0.0026255957893224,0.004402031380392,0.0026182148091312,0.0047951727841489,0.0028530204647145,0.003162320703268,0.0064462306909263,,0.4783981740474701,0.8938609957695007,0.7436081171035767,0.004402031380392,0.0026182148091312,0.0020042692776769,0.9994085969719714,-115.573308613857,0.0197126424525787,0.5189978782801061,,0,0,CONTINUED_PLASTIC_LOADING,,False,False
BH050,382,3.820000410079956,0.4605014907353555,7318,1,1,SHELF_NORMAL_Y_NEG,1242,5,18.970977317526263,1.1328966519718866,2.909409810975105,0.0044176903838186,0.0026521351241179,0.0044232978240612,0.0026454625194826,0.0048027715187008,0.00286631914832,0.0031693042255938,0.0064608161337673,,0.4789596796035766,0.8938609957695007,0.7463697791099548,0.0044232978240612,0.0026454625194826,0.002010109135881,0.999593252980808,-115.77274156098484,0.0197397631677228,0.5186687406565956,,0,0,CONTINUED_PLASTIC_LOADING,,False,False
BH050,383,3.830000877380371,0.4604605324171213,7318,1,1,SHELF_NORMAL_Y_NEG,1242,5,18.970977317526263,1.1116943404904769,2.860128924383506,0.0044186046647346,0.0026605270828752,0.0044244385574814,0.0026542750222772,0.0048111382976794,0.0028810731727714,0.0031769957859069,0.0064768092706799,,0.4795781373977661,0.8938609957695007,0.7471457123756409,0.0044244385574814,0.0026542750222772,0.0020169226918369,0.9991898143816752,-115.94911635283108,0.0197602870099868,0.5182356360280442,,0,0,CONTINUED_PLASTIC_LOADING,,False,False
BH050,384,3.84000015258789,0.459995527937393,7318,1,1,SHELF_NORMAL_Y_NEG,1242,5,18.970977317526263,1.1125180329685542,2.853283965204185,0.0044352016530625,0.0026810356360835,0.0044407124705335,0.0026745135093225,0.0048181679138465,0.0028934449984523,0.0031834540423005,0.0064902268350124,,0.4800973832607269,0.8938609957695007,0.7462473511695862,0.0044407124705335,0.0026745135093225,0.0020213059615343,0.999721326796883,-116.12182563227483,0.0197762859969713,0.5176521557458298,,0,0,CONTINUED_PLASTIC_LOADING,,False,False
BH050,385,3.8500006198883057,0.4591117873101804,7318,1,1,SHELF_NORMAL_Y_NEG,1242,5,18.970977317526263,1.1151415165611689,2.878616501471948,0.0044532277056329,0.0027078533694466,0.0044581853688929,0.0027006211134561,0.0048276875179018,0.0029102581713718,0.0031922657508403,0.0065083666704595,,0.480805903673172,0.8938609957695007,0.7449935674667358,0.0044581853688929,0.0027006211134561,0.002027531620115,0.999541508995058,-116.30501211826336,0.019797067889034,0.5171599163257774,,0,0,CONTINUED_PLASTIC_LOADING,,False,False
BH050,386,3.859999895095825,0.4588239541355294,7318,1,1,SHELF_NORMAL_Y_NEG,1242,5,18.970977317526263,1.0956950987739718,2.8418302159983564,0.0044562928052476,0.0027150906792823,0.0044621066645441,0.0027088344801648,0.004835717438368,0.0029241520507973,0.0031997051555663,0.0065237451344728,,0.481404036283493,0.8938609957695007,0.7474877834320068,0.0044621066645441,0.0027088344801648,0.0020319581963121,0.999534495047666,-116.48027584849385,0.0198219709483307,0.5168882566496279,,0,0,CONTINUED_PLASTIC_LOADING,,False,False
BH050,387,3.87000036239624,0.4582341286720675,7318,1,1,SHELF_NORMAL_Y_NEG,1242,5,18.970977317526263,1.052706584883393,2.805154763934628,0.0044895419060898,0.0027538109931566,0.004494578555805,0.0027467339457817,0.0048430893109025,0.0029372666329623,0.0032066355925053,0.0065379599109292,,0.4819612801074981,0.8938609957695007,0.7447681427001953,0.004494578555805,0.0027467339457817,0.0020379577763378,0.9991464563863248,-116.65751713322084,0.019844502842482,0.516602581406053,,0,0,CONTINUED_PLASTIC_LOADING,,False,False
BH050,388,3.8800008296966553,0.4580012085389908,7318,1,1,SHELF_NORMAL_Y_NEG,1242,5,18.970977317526263,1.0925698903567576,2.85561170536685,0.0045025470898204,0.0027723483947058,0.0045069690755827,0.0027645834554796,0.0048507414057344,0.0029505127251203,0.0032138149254024,0.0065525961108505,,0.4825385212898254,0.8938609957695007,0.7438338994979858,0.0045069690755827,0.0027645834554796,0.0020432209130376,1.0000000945378895,-116.83862273017697,0.0198652337404411,0.5161655756383566,,0,0,CONTINUED_PLASTIC_LOADING,,False,False
BH050,389,3.890000104904175,0.4568635102411056,7318,1,1,SHELF_NORMAL_Y_NEG,1242,5,18.970977317526263,1.0410502077233033,2.805535509943977,0.0045235555363354,0.0028001733641449,0.0045285731557807,0.0027929940805795,0.0048587256241977,0.0029644506437648,0.0032213306985795,0.0065679461695253,,0.4831428229808807,0.8938609957695007,0.7453108429908752,0.0045285731557807,0.0027929940805795,0.0020510011818259,0.9997967569264752,-117.0164598639361,0.0198829707004014,0.515635817698846,,0,0,CONTINUED_PLASTIC_LOADING,,False,False
BH050,390,3.90000057220459,0.4566631551304759,7318,1,1,SHELF_NORMAL_Y_NEG,1242,5,18.970977317526263,1.0595717294827678,2.800538712923761,0.0045369142682558,0.0028182971497843,0.004542129050429,0.0028114775979706,0.0048670332397187,0.0029798676290728,0.0032291407696902,0.0065838620066642,,0.4837707877159118,0.8938609957695007,0.746362566947937,0.004542129050429,0.0028114775979706,0.0020549979526549,0.999346948968638,-117.18802358906494,0.0198985691064026,0.5151470209851879,,0,0,CONTINUED_PLASTIC_LOADING,,False,False
BH050,391,3.910001039505005,0.4562711358857251,7318,1,1,SHELF_NORMAL_Y_NEG,1242,5,18.970977317526263,1.0182410289152355,2.7668329865085504,0.0045377377432993,0.0028244895931693,0.0045427381457313,0.0028174029544199,0.0048752941763197,0.0029945882729818,0.003236940363422,0.0065997969359159,,0.4843979179859161,0.8938609957695007,0.745651125907898,0.0045427381457313,0.0028174029544199,0.0020602783188223,0.9994469126384335,-117.350782338531,0.0199167802218337,0.5147622926941038,,0,0,CONTINUED_PLASTIC_LOADING,,False,False
BH050,392,3.920000314712525,0.4554769830207733,7318,1,1,SHELF_NORMAL_Y_NEG,1242,5,18.970977317526263,1.0614265625577226,2.8122772801242166,0.0045506447678461,0.0028465325708623,0.0045557710326164,0.002839556180903,0.004881603903844,0.003005768440691,0.0032429143320769,0.0066119451075792,,0.4848782420158386,0.8938609957695007,0.7467933297157288,0.0045557710326164,0.002839556180903,0.0020635884720832,0.9989477632347432,-117.51472500547816,0.0199382164654444,0.5144397967705037,,0,0,CONTINUED_PLASTIC_LOADING,,False,False
BH050,393,3.93000078201294,0.4553705686004187,7318,1,1,SHELF_NORMAL_Y_NEG,1242,5,18.970977317526263,0.9961625888609976,2.774614789151919,0.0045448721264681,0.0028444484718953,0.0045490945625219,0.0028363774595599,0.0048880518227218,0.0030173780921792,0.0032490247394889,0.0066243293695151,,0.4853695333003998,0.8938609957695007,0.743308424949646,0.0045557710326164,0.002839556180903,0.0020688693039119,0.9989204562157852,-117.66681086955768,0.0199570736630901,0.5140806738812573,,0,0,CONTINUED_PLASTIC_LOADING,,False,False
BH050,394,3.940000057220459,0.4552158020351974,7318,1,1,SHELF_NORMAL_Y_NEG,1242,5,18.970977317526263,1.05409206237715,2.792962166088174,0.0045413668451908,0.0028465268677687,0.0045467361685671,0.0028398763517183,0.0048951067710763,0.003029855984488,0.0032557125668972,0.0066379262134432,,0.4859072566032409,0.8938609957695007,0.748030960559845,0.0045557710326164,0.0028398763517183,0.0020729249808937,0.9991104339231722,-117.81252358566744,0.0199728284286314,0.5136765683986484,,0,0,CONTINUED_PLASTIC_LOADING,,False,False
BH050,395,3.950000524520874,0.4546102183358946,7318,1,1,SHELF_NORMAL_Y_NEG,1242,5,18.970977317526263,1.0703233649793369,2.8114845925267504,0.0045514595808827,0.0028591198770343,0.0045562167161854,0.0028518413356488,0.0049014378334752,0.0030408597467648,0.0032617014367133,0.006650036200881,,0.4863888025283813,0.8938609957695007,0.7464817762374878,0.0045562167161854,0.0028518413356488,0.002078077988699,0.9996072175434404,-117.96618299722496,0.0199899760334989,0.5132854755505751,,0,0,CONTINUED_PLASTIC_LOADING,,False,False
BH050,396,3.960000991821289,0.4539110725059565,7318,1,1,SHELF_NORMAL_Y_NEG,1242,5,18.970977317526263,1.047930524056037,2.789489083610545,0.0045461933206106,0.002861112225489,0.0045512316072578,0.0028541120889135,0.0049075929830791,0.0030514119425123,0.0032675543334335,0.0066619464196264,,0.486859381198883,0.8938609957695007,0.7473277449607849,0.0045562167161854,0.0028541120889135,0.0020831746514886,0.9996368861182532,-118.12055900175407,0.0200086977371311,0.512953000014958,,0,0,CONTINUED_PLASTIC_LOADING,,False,False
BH050,397,3.9700002670288086,0.4537985405181429,7318,1,1,SHELF_NORMAL_Y_NEG,1242,5,18.970977317526263,1.037842299979782,2.790503634047793,0.0045694878520863,0.0028884625631261,0.0045739157125888,0.0028807752531166,0.0049143735077529,0.0030632043378196,0.0032739811576902,0.00667484709993,,0.4873761236667633,0.8938609957695007,0.7458010315895081,0.0045739157125888,0.0028807752531166,0.0020869437139481,0.9992718133814216,-118.27090346160102,0.0200256700974349,0.512611332880019,,0,0,CONTINUED_PLASTIC_LOADING,,False,False
BH050,398,3.980000734329224,0.45343637764949,7318,1,1,SHELF_NORMAL_Y_NEG,1242,5,18.970977317526263,0.9743750661561992,2.7307959447569776,0.0045612593713478,0.0028849760044227,0.004565367036038,0.002876942510966,0.0049221208147015,0.0030769755243238,0.0032813025172799,0.0066895917989313,,0.4879648089408874,0.8938609957695007,0.7440381646156311,0.0045739157125888,0.0028807752531166,0.0020917796064168,0.9988886974099818,-118.41645637335864,0.0200425793590451,0.5122846225886326,,0,0,CONTINUED_PLASTIC_LOADING,,False,False
BH050,399,3.990000009536743,0.4529667774034708,7318,1,1,SHELF_NORMAL_Y_NEG,1242,5,18.970977317526263,1.0512889936287302,2.814682417514056,0.0045678381406582,0.0028977099370118,0.0045715633975048,0.0028892458383936,0.0049271658875444,0.0030855595924329,0.0032860974315553,0.0066992328502237,,0.4883503317832947,0.8938609957695007,0.7443568706512451,0.0045739157125888,0.0028892458383936,0.0020943148992955,0.9995489490244704,-118.55652521656734,0.0200596700756614,0.5119768510556315,,0,0,CONTINUED_PLASTIC_LOADING,,False,False
BH050,400,4.000000476837158,0.4528474648505039,7318,1,1,SHELF_NORMAL_Y_NEG,1242,5,18.970977317526263,1.0228456378193378,2.774035651135881,0.0045620515227143,0.0028922877980558,0.0045661318052847,0.0028842630805342,0.0049321021646192,0.0030940390612424,0.0032907468266785,0.006708525121212,,0.4887241721153259,0.8938609957695007,0.7452168464660645,0.0045739157125888,0.0028892458383936,0.0020985305309295,0.998877548875696,-118.69064884320277,0.0200745047855888,0.5116002004459863,57526.53410074227,1,1,CONTINUED_PLASTIC_LOADING,,False,False
BH050,401,4.010000705718994,0.4524250741493269,7318,1,1,SHELF_NORMAL_Y_NEG,1242,5,18.970977317526263,1.0635397487505325,2.795968443809585,0.0045543203601078,0.0028916250298996,0.0045586190478762,0.0028839484041077,0.0049411084203287,0.0031099674105425,0.0032993385102599,0.0067256987094879,,0.4894149601459503,0.8938609957695007,0.7467896342277527,0.0045739157125888,0.0028892458383936,0.0021018909756094,0.9997162795212514,-118.85429537465464,0.0200944910866536,0.5112194615986979,,0,0,CONTINUED_PLASTIC_LOADING,,False,False
BH050,402,4.019999980926514,0.4516878904173404,7318,1,1,SHELF_NORMAL_Y_NEG,1242,5,18.970977317526263,1.0396400208159302,2.8096951398863093,0.0045492935938483,0.0028946157460612,0.0045526304022805,0.0028857171504446,0.0049473439855312,0.0031207352685009,0.0033052994403988,0.0067375521175563,,0.4898942410945892,0.8938609957695007,0.7439818978309631,0.0045739157125888,0.0028892458383936,0.0021079496946185,0.9992613692063406,-119.021989967663,0.0201144159306093,0.5108103058121034,,0,0,CONTINUED_PLASTIC_LOADING,,False,False
BH050,403,4.03000020980835,0.4509807248972471,7318,1,1,SHELF_NORMAL_Y_NEG,1242,5,18.970977317526263,0.9974774791499076,2.7574913666585936,0.0045293046558867,0.0028816926586949,0.0045334361427244,0.0028736581509185,0.0049555374364814,0.0031353847528703,0.0033131109084933,0.0067530963569879,,0.4905223250389099,0.8938609957695007,0.7458747029304504,0.0045739157125888,0.0028892458383936,0.0021132740657776,0.9991763067112976,-119.1926999307934,0.0201332640749788,0.5103733977701537,,0,0,CONTINUED_PLASTIC_LOADING,,False,False
BH050,404,4.0400004386901855,0.4506546167349062,7318,1,1,SHELF_NORMAL_Y_NEG,1242,5,18.970977317526263,0.9713828104450216,2.751090122912586,0.0045579273110186,0.0029130980923289,0.0045610000454514,0.0029038687024819,0.0049628329055244,0.0031480478024478,0.0033201195765286,0.0067669041454792,,0.4910858571529388,0.8938609957695007,0.7424799203872681,0.0045739157125888,0.0029038687024819,0.0021163653582334,0.9999729693574386,-119.35492471182104,0.0201512868889614,0.5099816161401551,,0,0,CONTINUED_PLASTIC_LOADING,,False,False
BH050,405,4.0500006675720215,0.4501592240020509,7318,1,1,SHELF_NORMAL_Y_NEG,1242,5,18.970977317526263,0.9638777201385436,2.7326500167801644,0.0045570973946376,0.0029188057353453,0.0045605925182869,0.0029100743223819,0.0049714594022261,0.0031635309033162,0.0033284332603216,0.0067832418717443,,0.4917542934417724,0.8938609957695007,0.7443845272064209,0.0045739157125888,0.0029100743223819,0.0021223046351224,0.9992135524030864,-119.52369632766084,0.0201680317575127,0.509511488252975,,0,0,CONTINUED_PLASTIC_LOADING,,False,False
BH050,406,4.059999942779541,0.4498243803256972,7318,1,1,SHELF_NORMAL_Y_NEG,1242,5,18.970977317526263,0.9931298795009288,2.758142598852224,0.0045690299249411,0.0029382795136426,0.0045726562779136,0.0029297053178638,0.0049781621735625,0.0031753237345812,0.0033348933793604,0.0067959581501781,,0.4922737181186676,0.8938609957695007,0.7453372478485107,0.0045739157125888,0.0029297053178638,0.0021256986074149,0.9992797642896084,-119.67541304559111,0.0201871925787559,0.5092216221396786,,0,0,CONTINUED_PLASTIC_LOADING,,False,False
BH050,407,4.070000171661377,0.4493407347829097,7318,1,1,SHELF_NORMAL_Y_NEG,1242,5,18.970977317526263,0.952390527775329,2.721456011435264,0.0045878107524275,0.0029607541087926,0.0045912206622172,0.002951935455331,0.0049842065320418,0.0031859790085611,0.0033407225273549,0.0068072983995079,,0.4927424192428589,0.8938609957695007,0.7440964579582214,0.0045912206622172,0.002951935455331,0.0021310576703399,0.9994057638237004,-119.83096142927523,0.0202070355075993,0.5089294325293798,,0,0,CONTINUED_PLASTIC_LOADING,,False,False
BH050,408,4.080000400543213,0.4488830327937592,7318,1,1,SHELF_NORMAL_Y_NEG,1242,5,18.970977317526263,0.955397994921288,2.7225163869240814,0.004598754021579,0.0029739366046128,0.0046015997956851,0.0029645672746267,0.0049905766264779,0.0031970984265911,0.0033468150068074,0.0068192752078175,,0.493232250213623,0.8938609957695007,0.7428836822509766,0.0046015997956851,0.0029645672746267,0.0021347231231629,0.9998079415465032,-119.97591139274029,0.0202235460803105,0.508542590618192,,0,0,CONTINUED_PLASTIC_LOADING,,False,False
BH050,409,4.090000629425049,0.4488317568936211,7318,1,1,SHELF_NORMAL_Y_NEG,1242,5,18.970977317526263,0.9621536836782238,2.6979263599632723,0.0046062212253587,0.0029843630529935,0.0046104389013147,0.0029765823003116,0.0049966476232646,0.0032075985297267,0.0033526238985359,0.0068305479362607,,0.493699312210083,0.8938609957695007,0.746941089630127,0.0046104389013147,0.0029765823003116,0.002138465642929,0.9990055121418276,-120.11930851600012,0.0202379076210093,0.5081251981477081,,0,0,CONTINUED_PLASTIC_LOADING,,False,False
BH050,410,4.099999904632568,0.4480311405979442,7318,1,1,SHELF_NORMAL_Y_NEG,1242,5,18.970977317526263,0.972189358325894,2.731971875441792,0.004602468598323,0.0029894866991436,0.0046064674848494,0.0029813211903904,0.0050030381300134,0.0032187789808534,0.0033588220831006,0.0068426351062953,,0.4941976964473724,0.8938609957695007,0.7468670606613159,0.0046104389013147,0.0029813211903904,0.0021448300685733,0.998558743604553,-120.27149861323988,0.0202560074431589,0.5077990093625857,,0,0,CONTINUED_PLASTIC_LOADING,,False,False
BH050,411,4.110000133514404,0.4480466365839129,7318,1,1,SHELF_NORMAL_Y_NEG,1242,5,18.970977317526263,0.955796739994308,2.701221033553428,0.0045818069319252,0.0029711589368143,0.0045848555486721,0.0029621424086749,0.0050094801872577,0.0032299880048043,0.0033650733530521,0.0068548112176358,,0.4947003126144409,0.8938609957695007,0.7442668676376343,0.0046104389013147,0.0029813211903904,0.0021504433825612,0.9993758350550936,-120.4128812185604,0.0202728886647764,0.5075201310722519,,0,0,CONTINUED_PLASTIC_LOADING,,False,False
BH050,412,4.12000036239624,0.4477593913824276,7318,1,1,SHELF_NORMAL_Y_NEG,1242,5,18.970977317526263,0.9493711368401784,2.699575878953281,0.0045901452701648,0.0029848179599325,0.0045933398253407,0.0029759143256468,0.0050151208228026,0.0032398188243169,0.0033705746755003,0.0068654115311801,,0.4951426386833191,0.8938609957695007,0.7448514103889465,0.0046104389013147,0.0029813211903904,0.00215206714347,0.999240984523757,-120.552476645229,0.0202897002993877,0.5072378130073641,,0,0,CONTINUED_PLASTIC_LOADING,,False,False
BH050,413,4.130000591278076,0.4473123189127351,7318,1,1,SHELF_NORMAL_Y_NEG,1242,5,18.970977317526263,0.9722345826627252,2.7218936628966026,0.0045830268169031,0.0029807023673958,0.0045864242175476,0.002972005350435,0.005020617575837,0.0032494526199164,0.0033759500365704,0.0068757343105971,,0.4955748319625854,0.8938609957695007,0.7459540963172913,0.0046104389013147,0.0029813211903904,0.0021566257346421,0.9995548369906084,-120.68725638152576,0.0203071085859135,0.5069690189894798,,0,0,CONTINUED_PLASTIC_LOADING,,False,False
BH050,414,4.139999866485596,0.4473019394869752,7318,1,1,SHELF_NORMAL_Y_NEG,1242,5,18.970977317526263,0.9380648166229854,2.6897125060057774,0.004584756753667,0.0029884150778865,0.0045882216308396,0.0029797717913076,0.0050274871898092,0.0032620391276629,0.0033827144652605,0.0068888370878994,,0.4961187243461609,0.8938609957695007,0.7458804845809937,0.0046104389013147,0.0029813211903904,0.0021615144796669,0.9985650082542108,-120.81449747747236,0.0203219008948171,0.5066733574657035,,0,0,CONTINUED_PLASTIC_LOADING,,False,False
BH050,415,4.150000095367432,0.4464206727179088,7318,1,1,SHELF_NORMAL_Y_NEG,1242,5,18.970977317526263,0.9148461815615316,2.675586532405322,0.0046132053099776,0.0030225173871192,0.0046162472901584,0.0030133883510499,0.0050324800272517,0.0032708415283488,0.0033876087982207,0.0068982699885964,,0.496512234210968,0.8938609957695007,0.7444736957550049,0.0046162472901584,0.0030133883510499,0.0021634197328239,0.9994195592081514,-120.94274029858408,0.0203372882730739,0.5063758362926545,,0,0,CONTINUED_PLASTIC_LOADING,,False,False
BH050,416,4.160000324249268,0.4461845273479818,7318,1,1,SHELF_NORMAL_Y_NEG,1242,5,18.970977317526263,0.9287431740434536,2.667191293249344,0.0046203940968177,0.0030316641990051,0.0046242207455674,0.0030234739252718,0.0050379791368522,0.0032802122511016,0.0033929923083633,0.006908522453159,,0.4969451129436493,0.8938609957695007,0.7472327351570129,0.0046242207455674,0.0030234739252718,0.0021692037116736,0.9988932266461832,-121.07217356974247,0.0203528793369744,0.5061125682447865,,0,0,CONTINUED_PLASTIC_LOADING,,False,False
BH050,417,4.170000553131104,0.4456354071845587,7318,1,1,SHELF_NORMAL_Y_NEG,1242,5,18.970977317526263,0.931062042330124,2.6888453501407423,0.0046285016348532,0.0030432558691436,0.004631230467338,0.0030338341257679,0.0050432655844886,0.0032894591372426,0.0033982179593294,0.0069184731692075,,0.497365266084671,0.8938609957695007,0.7443757057189941,0.004631230467338,0.0030338341257679,0.0021716153714805,0.9994730035065486,-121.20404376635652,0.0203672055535898,0.5057886694407929,,0,0,CONTINUED_PLASTIC_LOADING,,False,False
BH050,418,4.179999828338623,0.4454927612010737,7318,1,1,SHELF_NORMAL_Y_NEG,1242,5,18.970977317526263,0.9480592910952,2.677707162875555,0.0046461868058092,0.0030675401277797,0.0046502091854994,0.0030596064161903,0.0050483407785996,0.003298095881562,0.0034031479153782,0.0069279130548238,,0.4977616667747497,0.8938609957695007,0.7485044598579407,0.0046502091854994,0.0030596064161903,0.0021775150671601,0.998707261694058,-121.32863720874572,0.0203810312594197,0.5054888021279689,,0,0,CONTINUED_PLASTIC_LOADING,,False,False
BH050,419,4.190000057220459,0.4449594408632055,7318,1,1,SHELF_NORMAL_Y_NEG,1242,5,18.970977317526263,0.9143242763847436,2.667207707721612,0.0046529429647132,0.0030756036601615,0.0046555035749465,0.0030660475646482,0.0050535866975926,0.0033074102258162,0.0034083377104252,0.0069377664476633,,0.4981789290904999,0.8938609957695007,0.7440271973609924,0.0046555035749465,0.0030660475646482,0.0021809823811054,0.9992128530260616,-121.44739661467196,0.0203936591080832,0.505204521959175,,0,0,CONTINUED_PLASTIC_LOADING,,False,False
BH050,420,4.200000286102295,0.4446794000681645,7318,1,1,SHELF_NORMAL_Y_NEG,1242,5,18.970977317526263,0.93215811750283,2.6838014211163777,0.0046367925497913,0.0030647913394162,0.0046396199692828,0.0030555106254727,0.005058478119653,0.0033162144510794,0.0034132529981434,0.0069470792077481,,0.4985741376876831,0.8938609957695007,0.7451810240745544,0.0046555035749465,0.0030660475646482,0.0021844287402927,0.9993348957906928,-121.5609774301348,0.0204081896883963,0.5049643919125374,,0,0,CONTINUED_PLASTIC_LOADING,,False,False
BH050,421,4.210000514984131,0.4445263701941462,7318,1,1,SHELF_NORMAL_Y_NEG,1242,5,18.970977317526263,0.8944473079016001,2.6361564314915897,0.0046334002776814,0.0030634379771301,0.0046362697091353,0.003054267944596,0.0050648563034746,0.0033277607184456,0.0034195813350379,0.0069590881466865,,0.4990829527378082,0.8938609957695007,0.7450582981109619,0.0046555035749465,0.0030660475646482,0.0021880059503018,0.9990617787520994,-121.67256276200834,0.0204211993382036,0.5046937618713544,,0,0,CONTINUED_PLASTIC_LOADING,,False,False
BH050,422,4.21999979019165,0.4440211508112955,7318,1,1,SHELF_NORMAL_Y_NEG,1242,5,18.970977317526263,0.9073625226574836,2.6468574912474065,0.0046342819337862,0.0030714646181651,0.0046374865493447,0.0030626450749544,0.005069575094007,0.0033360224426402,0.0034242733381688,0.0069679352454841,,0.499460220336914,0.8938609957695007,0.7464739084243774,0.0046555035749465,0.0030660475646482,0.0021897263359278,0.9989588548462798,-121.78128505652612,0.0204326548242019,0.5044105274186543,,0,0,CONTINUED_PLASTIC_LOADING,,False,False
BH050,423,4.230000019073486,0.4433746068630084,7318,1,1,SHELF_NORMAL_Y_NEG,1242,5,18.970977317526263,0.8921703742464991,2.643439565624457,0.0046411557894569,0.0030818350639754,0.0046445691352442,0.0030731428623568,0.0050739017290134,0.0033436709041956,0.0034285641741007,0.0069760344922542,,0.499805212020874,0.8938609957695007,0.7468029260635376,0.0046555035749465,0.0030731428623568,0.0021924918983131,0.9996022750339848,-121.89285844721542,0.020444625139898,0.5041127796400999,,0,0,CONTINUED_PLASTIC_LOADING,,False,False
BH050,424,4.240000247955322,0.4431017072305605,7318,1,1,SHELF_NORMAL_Y_NEG,1242,5,18.970977317526263,0.8941014427748255,2.655929444588125,0.004658293346907,0.0031025123570958,0.004661176267546,0.0030932167431601,0.0050792751190421,0.0033531148490239,0.0034338952973484,0.00698610721156,,0.5002338886260986,0.8938609957695007,0.7456977963447571,0.004661176267546,0.0030932167431601,0.0021965613123029,0.9988588258905864,-122.00374541874818,0.0204564173195717,0.5038635922021526,,0,0,CONTINUED_PLASTIC_LOADING,,False,False
BH050,425,4.250000476837158,0.4426949673289742,7318,1,1,SHELF_NORMAL_Y_NEG,1242,5,18.970977317526263,0.8947907226238948,2.6386442306818862,0.0046588287432399,0.0031035795110095,0.0046623131889287,0.0030950096697762,0.0050830368641073,0.0033597437672858,0.0034376764670014,0.0069932360202074,,0.5005378723144531,0.8938609957695007,0.7475199103355408,0.0046623131889287,0.0030950096697762,0.0021991105750203,0.999187155260994,-122.11080416420602,0.0204686718660758,0.5036326895624506,402258.000617607,1,1,CONTINUED_PLASTIC_LOADING,,False,False
BH050,426,4.260000705718994,0.4427748770962105,7318,1,1,SHELF_NORMAL_Y_NEG,1242,5,18.970977317526263,0.8512724664551351,2.624149609434368,0.0046681350056483,0.0031184326283637,0.0046704171769726,0.0031084598885615,0.0050890321922335,0.0033704563747109,0.0034436779096722,0.0070045562461018,,0.5010204315185547,0.8938609957695007,0.7438716888427734,0.0046704171769726,0.0031084598885615,0.0022012838162481,0.9992718906980552,-122.21555390475515,0.0204800981565096,0.503362979368725,,0,0,CONTINUED_PLASTIC_LOADING,,False,False
BH050,427,4.269999980926514,0.442125487622423,7318,1,1,SHELF_NORMAL_Y_NEG,1242,5,18.970977317526263,0.8298543631357725,2.604779083830897,0.0046683758829348,0.0031215056644659,0.0046700999513094,0.0031109606679508,0.0050933684933581,0.003378340366522,0.0034479992464184,0.0070127323269844,,0.5013678669929504,0.8938609957695007,0.7422348260879517,0.0046704171769726,0.0031109606679508,0.0022034379653632,0.998847117651022,-122.30950527568628,0.0204901395182209,0.5031101439537906,,0,0,CONTINUED_PLASTIC_LOADING,,False,False
BH050,428,4.28000020980835,0.4415728863619882,7318,1,1,SHELF_NORMAL_Y_NEG,1242,5,18.970977317526263,0.8562574906623802,2.620117867321395,0.0046870094603885,0.0031424988834058,0.0046896749227481,0.0031329717625166,0.0050964324399811,0.0033837077000888,0.0034510635305196,0.0070184520445764,,0.5016142725944519,0.8938609957695007,0.7451905012130737,0.0046896749227481,0.0031329717625166,0.0022062165662646,0.9994655883075036,-122.4081345903226,0.02050148992741,0.5028635254115107,,0,0,CONTINUED_PLASTIC_LOADING,,False,False
BH050,429,4.2900004386901855,0.4414683341641615,7318,1,1,SHELF_NORMAL_Y_NEG,1242,5,18.970977317526263,0.8281537081211148,2.5840504367153097,0.0046874081198926,0.0031486080852271,0.0046902679588619,0.003139330389206,0.0051018084863351,0.0033934768952902,0.0034565066453069,0.0070285783149302,,0.5020518898963928,0.8938609957695007,0.7457115054130554,0.0046902679588619,0.003139330389206,0.0022111707367002,0.9986224068572316,-122.50325390663306,0.0205124240494981,0.5026492141145683,,0,0,CONTINUED_PLASTIC_LOADING,,False,False
BH050,430,4.3000006675720215,0.4412166543398253,7318,1,1,SHELF_NORMAL_Y_NEG,1242,5,18.970977317526263,0.8191030144573551,2.5803890394354205,0.0046941992906681,0.0031577969396983,0.0046963597378448,0.0031477825986839,0.0051061704676825,0.0034011314743454,0.00346086663194,0.0070367353036999,,0.5024024844169617,0.8938609957695007,0.743752658367157,0.0046963597378448,0.0031477825986839,0.0022132864687591,0.9991720176229338,-122.59701648322752,0.0205225159983578,0.5024312663525874,,0,0,CONTINUED_PLASTIC_LOADING,,False,False
BH050,431,4.309999942779541,0.4407586717924055,7318,1,1,SHELF_NORMAL_Y_NEG,1242,5,18.970977317526263,0.7838438502012847,2.554682528631896,0.0047049422751179,0.0031713271839491,0.0047068744377197,0.0031610185261931,0.0051106463555481,0.0034092741885057,0.0034654038026928,0.0070452215149998,,0.5027672648429871,0.8938609957695007,0.7426839470863342,0.0047068744377197,0.0031610185261931,0.0022169169969856,0.9996376351407196,-122.68857167707382,0.0205329207208375,0.5022155599349288,,0,0,CONTINUED_PLASTIC_LOADING,,False,False
BH050,432,4.320000171661377,0.4411484375697957,7318,1,1,SHELF_NORMAL_Y_NEG,1242,5,18.970977317526263,0.8132806691713075,2.581918499121928,0.0046809171424466,0.0031516398020678,0.0046837015475575,0.0031421986000591,0.0051136749677458,0.003414483639044,0.0034684187266975,0.0070508499629795,,0.5030096769332886,0.8938609957695007,0.7455836534500122,0.0047068744377197,0.0031610185261931,0.0022190937306731,0.9989724189206756,-122.77361874591648,0.0205428169062,0.5020309352375798,,0,0,CONTINUED_PLASTIC_LOADING,,False,False
BH050,433,4.330000400543213,0.4401799498092217,7318,1,1,SHELF_NORMAL_Y_NEG,1242,5,18.970977317526263,0.8078411982544611,2.5568616122180914,0.0046813489808727,0.0031529817447516,0.0046840724397584,0.0031436152007759,0.0051186536848892,0.0034233842740511,0.0034734846558421,0.0070602972991764,,0.5034170150756836,0.8938609957695007,0.7457778453826904,0.0047068744377197,0.0031610185261931,0.0022233305498957,0.997995100011551,-122.85814184049995,0.0205541144403038,0.5018780654768955,,0,0,CONTINUED_PLASTIC_LOADING,,False,False
BH050,434,4.340000629425049,0.4400016942060427,7318,1,1,SHELF_NORMAL_Y_NEG,1242,5,18.970977317526263,0.8028532916723289,2.572605511156373,0.0047048409783804,0.0031817856312307,0.0047066364453494,0.0031713477879268,0.0051225033962842,0.0034302418152827,0.0034773657098412,0.007067515514791,,0.5037290453910828,0.8938609957695007,0.7432945370674133,0.0047068744377197,0.0031713477879268,0.0022254933137446,0.9991923368110168,-122.9395188838455,0.0205637918618374,0.501677259780972,,0,0,CONTINUED_PLASTIC_LOADING,,False,False
BH050,435,4.349999904632568,0.440176981967666,7318,1,1,SHELF_NORMAL_Y_NEG,1242,5,18.970977317526263,0.8080734114646955,2.578081621908303,0.0047046559129923,0.0031826198925779,0.004706313750058,0.0031720426498478,0.0051256282249873,0.0034359183048637,0.0034805759787559,0.0070734834298491,,0.503987193107605,0.8938609957695007,0.7429845333099365,0.0047068744377197,0.0031720426498478,0.0022269256878644,0.9993849436547309,-123.01754556538457,0.0205725881995708,0.5014762246093281,,0,0,CONTINUED_PLASTIC_LOADING,,False,False
BH050,436,4.360000133514404,0.439977416674785,7318,1,1,SHELF_NORMAL_Y_NEG,1242,5,18.970977317526263,0.8093619885587598,2.567378782828039,0.0046852152144577,0.0031652231970446,0.0046877604483302,0.003155616241095,0.0051283283238294,0.003440579082561,0.0034833373501896,0.0070786355063319,,0.5042092204093933,0.8938609957695007,0.7455530762672424,0.0047068744377197,0.0031720426498478,0.0022303012665361,0.9994514472263352,-123.09837764354444,0.0205841492278828,0.5013558927874556,,0,0,CONTINUED_PLASTIC_LOADING,,False,False
BH050,437,4.37000036239624,0.4393168361811539,7318,1,1,SHELF_NORMAL_Y_NEG,1242,5,18.970977317526263,0.7779414816102969,2.5548338406207605,0.0047094565947507,0.0031938657154249,0.004711175770309,0.0031833022249071,0.0051315126954096,0.0034460789335415,0.0034866037312895,0.0070847030729055,,0.5044718384742737,0.8938609957695007,0.7429223656654358,0.004711175770309,0.0031833022249071,0.0022324298042804,0.99882141639554,-123.17886986061995,0.0205987388360973,0.5013727519902574,,0,0,CONTINUED_PLASTIC_LOADING,,False,False
BH050,438,4.380000591278076,0.4394341143813559,7318,1,1,SHELF_NORMAL_Y_NEG,1242,5,18.970977317526263,0.8200675762580429,2.5950661360199496,0.0047101205015782,0.0031961646844845,0.0047121679298355,0.003185942537444,0.0051346319839865,0.0034514534151271,0.0034897325094789,0.0070904958993196,,0.5047234296798706,0.8938609957695007,0.7446521520614624,0.0047121679298355,0.003185942537444,0.0022360433358699,0.9990228226007029,-123.2556526588545,0.0206114818783838,0.5013400164160319,,0,0,CONTINUED_PLASTIC_LOADING,,False,False
BH050,439,4.389999866485596,0.4383691298124803,7318,1,1,SHELF_NORMAL_Y_NEG,1242,5,18.970977317526263,0.8050229460005651,2.5524178337650096,0.0047336552795374,0.0032200139407532,0.0047362458485328,0.0032105257432433,0.0051378782681423,0.0034574354957037,0.0034930808469653,0.0070966770872473,,0.5049926042556763,0.8938609957695007,0.7462334632873535,0.0047362458485328,0.0032105257432433,0.0022370070219039,0.9983561391312142,-123.32954284643228,0.0206188857665519,0.5011184473272158,,0,0,CONTINUED_PLASTIC_LOADING,,False,False
BH050,440,4.400000095367432,0.4385214679933863,7318,1,1,SHELF_NORMAL_Y_NEG,1242,5,18.970977317526263,0.755954749002231,2.5259778230677705,0.0047409404962751,0.0032329923382619,0.004742725717692,0.0032225423771392,0.00514168365129,0.003464372295471,0.0034969619009643,0.0071039502508938,,0.5053046941757202,0.8938609957695007,0.743472158908844,0.004742725717692,0.0032225423771392,0.0022376158740371,0.9987819567382288,-123.3947670998352,0.0206250862531555,0.5008894933821046,,0,0,CONTINUED_PLASTIC_LOADING,,False,False
BH050,441,4.410000324249268,0.4382794627557564,7318,1,1,SHELF_NORMAL_Y_NEG,1242,5,18.970977317526263,0.7641388335254584,2.5492337804107774,0.0047584333889992,0.0032532470689927,0.0047608775347567,0.0032433518487578,0.0051439367353038,0.0034683159782371,0.0034992573782801,0.0071081668138504,,0.5054892301559448,0.8938609957695007,0.7452818155288696,0.0047608775347567,0.0032433518487578,0.0022394501138478,0.999140898857394,-123.46494821867547,0.0206356342649922,0.500806630762455,,0,0,CONTINUED_PLASTIC_LOADING,,False,False
BH050,442,4.420000553131104,0.4375794841302317,7318,1,1,SHELF_NORMAL_Y_NEG,1242,5,18.970977317526263,0.7601528288536418,2.537849696084109,0.0047890765186617,0.0032853533065087,0.0047911092185256,0.0032750977791799,0.0051469377477455,0.0034735147699756,0.0035023558884859,0.0071139251813292,,0.505738377571106,0.8938609957695007,0.7441244125366211,0.0047911092185256,0.0032750977791799,0.0022417826112359,0.9998629018850832,-123.53370023305304,0.0206482078189155,0.5008150467760886,,0,0,CONTINUED_PLASTIC_LOADING,,False,False
BH050,443,4.429999828338623,0.4377009489042416,7318,1,1,SHELF_NORMAL_Y_NEG,1242,5,18.970977317526263,0.7286668077366794,2.512534991467779,0.0048007645082674,0.003299000720034,0.0048023112333795,0.0032882165590835,0.0051503658787114,0.0034798065201225,0.0035059065558016,0.0071204537525773,,0.5060238838195801,0.8938609957695007,0.7426629662513733,0.0048023112333795,0.0032882165590835,0.0022448576055467,0.9992144566846828,-123.60017389964844,0.0206557413716072,0.5006683333316566,,0,0,CONTINUED_PLASTIC_LOADING,,False,False
BH050,444,4.440000057220459,0.4373336517621382,7318,1,1,SHELF_NORMAL_Y_NEG,1242,5,18.970977317526263,0.7249012382962632,2.50473588651707,0.0048109629478441,0.0033102557441481,0.0048124308661827,0.003299420658006,0.0051529808306543,0.0034844660668105,0.0035086050629615,0.0071254353970289,,0.5062408447265625,0.8938609957695007,0.7424837350845337,0.0048124308661827,0.003299420658006,0.0022452687844634,0.9992464032049786,-123.66140963651804,0.0206608170906005,0.500450278515628,,0,0,CONTINUED_PLASTIC_LOADING,,False,False
BH050,445,4.450000286102295,0.4367188836550101,7318,1,1,SHELF_NORMAL_Y_NEG,1242,5,18.970977317526263,0.7427334137758047,2.5426557345771306,0.0048239360677106,0.0033267220854813,0.0048245550828576,0.0033148992412679,0.0051548961455113,0.0034879089926305,0.0035105715505778,0.0071290526539087,,0.5063989162445068,0.8938609957695007,0.740544319152832,0.0048245550828576,0.0033148992412679,0.0022485293447971,0.9991758081087332,-123.72432505952608,0.0206683613232784,0.5003294311058242,,0,0,CONTINUED_PLASTIC_LOADING,,False,False
BH050,446,4.460000514984131,0.4369862517095192,7318,1,1,SHELF_NORMAL_Y_NEG,1242,5,18.970977317526263,0.7569376466902424,2.531743563208065,0.0048257427819484,0.0033306193556391,0.0048274441065509,0.003320052436579,0.0051574211873661,0.0034923034829298,0.0035131971817463,0.0071339537389576,,0.5066100358963013,0.8938609957695007,0.74379962682724,0.0048274441065509,0.003320052436579,0.0022506786044687,0.9987788911342308,-123.78429659363414,0.0206793946582166,0.5003420104047129,,0,0,CONTINUED_PLASTIC_LOADING,,False,False
BH050,447,4.46999979019165,0.4365736123566402,7318,1,1,SHELF_NORMAL_Y_NEG,1242,5,18.970977317526263,0.7536753699613357,2.5363720416056874,0.0048267585082776,0.0033354907174706,0.0048288258060533,0.0033252352271935,0.0051593889995806,0.0034956205852888,0.0035152651835232,0.0071377861313521,,0.5067763328552246,0.8938609957695007,0.7447795867919922,0.0048288258060533,0.0033252352271935,0.0022513312287628,0.9993277593886244,-123.84230385392875,0.02068856630626,0.5002979527726669,,0,0,CONTINUED_PLASTIC_LOADING,,False,False
BH050,448,4.480000019073486,0.4363246414029825,7318,1,1,SHELF_NORMAL_Y_NEG,1242,5,18.970977317526263,0.7396481484451004,2.515277383480147,0.00485074507754,0.0033597730746613,0.0048531018910307,0.0033498559533476,0.00516203033666,0.0035004433339675,0.003518042853102,0.0071430094540119,,0.506999671459198,0.8938609957695007,0.7456015944480896,0.0048531018910307,0.0033498559533476,0.0022535056341439,0.9982364966212792,-123.89704183771424,0.0206946746099004,0.5001518287376305,,0,0,CONTINUED_PLASTIC_LOADING,,False,False
BH050,449,4.490000247955322,0.4358234647429203,7318,1,1,SHELF_NORMAL_Y_NEG,1242,5,18.970977317526263,0.764979948924426,2.5285567281934096,0.0048600920612818,0.0033696506347099,0.0048627836655109,0.0033601516160409,0.0051637739714442,0.0035036262536226,0.0035198330879211,0.0071463440544903,,0.5071436166763306,0.8938609957695007,0.7466614246368408,0.0048627836655109,0.0033601516160409,0.0022544576786458,0.9992242454826584,-123.95027573619512,0.0207009910726789,0.5000152490174581,,0,0,CONTINUED_PLASTIC_LOADING,,False,False
BH050,450,4.500000476837158,0.4356453417352308,7318,1,1,SHELF_NORMAL_Y_NEG,1242,5,18.970977317526263,0.7516952778774428,2.522102651932211,0.0048601405980262,0.0033706996629586,0.0048627875938626,0.0033611088198039,0.0051658944014607,0.003507297478709,0.003522012848407,0.0071503827348351,,0.5073188543319702,0.8938609957695007,0.7464087605476379,0.0048627875938626,0.0033611088198039,0.0022574092727154,0.9984245270859076,-124.0036986349091,0.0207099952430823,0.500002548053236,-199120.52937813968,1,1,CONTINUED_PLASTIC_LOADING,,False,False
BH050,451,4.510000705718994,0.4349235698601637,7318,1,1,SHELF_NORMAL_Y_NEG,1242,5,18.970977317526263,0.6919753885794363,2.481292609634031,0.0048529632022137,0.0033688254718634,0.004854595531763,0.0033580892491934,0.0051695504540583,0.0035139561541643,0.0035258119460195,0.0071574011817574,,0.5076243281364441,0.8938609957695007,0.7430667877197266,0.0048627875938626,0.0033611088198039,0.0022592374589294,0.9987798671855695,-124.05820693335816,0.0207194961958652,0.4999925225394659,,0,0,CONTINUED_PLASTIC_LOADING,,False,False
BH050,452,4.519999980926514,0.4348232462981543,7318,1,1,SHELF_NORMAL_Y_NEG,1242,5,18.970977317526263,0.7432736382030415,2.517887433714541,0.004869656646699,0.0033845538777496,0.0048720633403677,0.0033746936557811,0.0051705346479029,0.0035157472131508,0.0035268724896013,0.0071593625470995,,0.5077096223831177,0.8938609957695007,0.7459613084793091,0.0048720633403677,0.0033746936557811,0.0022611294407397,0.9993878334203684,-124.1102069726844,0.0207261271583285,0.4998832349571307,,0,0,CONTINUED_PLASTIC_LOADING,,False,False
BH050,453,4.53000020980835,0.4348534323918518,7318,1,1,SHELF_NORMAL_Y_NEG,1242,5,18.970977317526263,0.7349564345818678,2.5191100082841142,0.0048813906497911,0.0033984667524363,0.0048836366538098,0.0033883798976507,0.0051731141555258,0.0035204527217025,0.0035295987036079,0.0071643311530351,,0.5079287886619568,0.8938609957695007,0.7454909086227417,0.0048836366538098,0.0033883798976507,0.002261959714815,0.9994895461963996,-124.1566157192842,0.0207302402453243,0.4997434589234808,,0,0,CONTINUED_PLASTIC_LOADING,,False,False
BH050,454,4.5400004386901855,0.4341595235563655,7318,1,1,SHELF_NORMAL_Y_NEG,1242,5,18.970977317526263,0.7202369870958684,2.5052549126991104,0.0048911359979031,0.0034110458405334,0.0048935197283488,0.003401090737392,0.0051744897716811,0.0035227520229558,0.003531057620421,0.0071670468896627,,0.5080460906028748,0.8938609957695007,0.7457213401794434,0.0048935197283488,0.003401090737392,0.0022642677649855,0.9997742054384618,-124.20352729980556,0.0207367382584136,0.499681221656275,,0,0,CONTINUED_PLASTIC_LOADING,,False,False
BH050,455,4.5500006675720215,0.4336466660672023,7318,1,1,SHELF_NORMAL_Y_NEG,1242,5,18.970977317526263,0.6620934192239242,2.473347107125021,0.0049136220660101,0.0034354157422659,0.0049152929869248,0.003424566476398,0.005176469676709,0.0035261273472378,0.0035331260878592,0.0071708387695252,,0.5082124471664429,0.8938609957695007,0.7431289553642273,0.0049152929869248,0.003424566476398,0.0022666398435831,0.9981390796431472,-124.2474100437577,0.0207448423165309,0.4996793670407273,,0,0,CONTINUED_PLASTIC_LOADING,,False,False
BH050,456,4.559999942779541,0.4335407934527098,7318,1,1,SHELF_NORMAL_Y_NEG,1242,5,18.970977317526263,0.6647034057142241,2.4582354421588497,0.0049031148457395,0.0034250256953584,0.0049050364187542,0.0034145495814852,0.0051785551037876,0.0035300846947208,0.0035353009589016,0.0071748765185475,,0.5083872675895691,0.8938609957695007,0.7438868880271912,0.0049152929869248,0.003424566476398,0.0022678135428577,0.9986928758287998,-124.28942035355756,0.0207499553996842,0.49960792145177,,0,0,CONTINUED_PLASTIC_LOADING,,False,False
BH050,457,4.570000171661377,0.4335472097742644,7318,1,1,SHELF_NORMAL_Y_NEG,1242,5,18.970977317526263,0.7212274783739634,2.498145362118177,0.0048970820755701,0.0034233500746022,0.0049005167261262,0.0034145018826438,0.0051790221933509,0.0035306552040076,0.0035358006134629,0.0071757943369448,,0.5084274411201477,0.8938609957695007,0.7489760518074036,0.0049152929869248,0.003424566476398,0.0022686379961669,0.9985228990091156,-124.32471919236686,0.0207535460051359,0.499493720801513,,0,0,CONTINUED_PLASTIC_LOADING,,False,False
BH050,458,4.580000400543213,0.4335832584880824,7318,1,1,SHELF_NORMAL_Y_NEG,1242,5,18.970977317526263,0.6965473579232532,2.475120244279072,0.0048903068247444,0.003413731975484,0.0048925329933436,0.0034036638614586,0.0051806941350001,0.0035338709647951,0.0035375328734517,0.0071790041401982,,0.5085667371749878,0.8938609957695007,0.7451750636100769,0.0049152929869248,0.003424566476398,0.0022697546519339,0.9987447931192054,-124.3613394586542,0.0207574428671598,0.4993979837837518,,0,0,CONTINUED_PLASTIC_LOADING,,False,False
BH050,459,4.590000629425049,0.4333848536671431,7318,1,1,SHELF_NORMAL_Y_NEG,1242,5,18.970977317526263,0.6568768817290748,2.4706464511303063,0.0048853765968901,0.0034105844558639,0.0048872045221977,0.0033998748035028,0.005181866420752,0.0035357191935971,0.0035387556999921,0.0071812672540545,,0.5086650848388672,0.8938609957695007,0.7436755895614624,0.0049152929869248,0.003424566476398,0.0022704463917762,0.999273536150724,-124.3959434873358,0.0207642282286803,0.4994367287969236,,0,0,CONTINUED_PLASTIC_LOADING,,False,False
BH050,460,4.599999904632568,0.4335817467430624,7318,1,1,SHELF_NORMAL_Y_NEG,1242,5,18.970977317526263,0.6554470901626646,2.4662706287676324,0.0048791702260886,0.0034054071225189,0.0048807094274261,0.0033944291104559,0.0051831424941952,0.0035379726225602,0.0035400784108787,0.0071837217546999,,0.5087714195251465,0.8938609957695007,0.7428876161575317,0.0049152929869248,0.003424566476398,0.0022727432660758,0.9990059164798832,-124.43254750636814,0.0207702226748241,0.4994198233093634,,0,0,CONTINUED_PLASTIC_LOADING,,False,False
BH050,461,4.610000133514404,0.4328586829886671,7318,1,1,SHELF_NORMAL_Y_NEG,1242,5,18.970977317526263,0.686955381638352,2.496417863701829,0.0048710172873536,0.0033968744594052,0.00487308948383,0.003386438850706,0.005183247143865,0.0035380435118772,0.0035401990171521,0.0071839462034404,,0.5087811350822449,0.8938609957695007,0.7447981238365173,0.0049152929869248,0.003424566476398,0.0022733774967491,0.9977668375832964,-124.46358246296607,0.0207735159857756,0.4993452117554164,,0,0,CONTINUED_PLASTIC_LOADING,,False,False
BH050,462,4.62000036239624,0.432795291581801,7318,1,1,SHELF_NORMAL_Y_NEG,1242,5,18.970977317526263,0.7009340357123697,2.491295820695478,0.0048777131238112,0.0034034423837354,0.0048794706794952,0.0033928241667122,0.0051846469052291,0.0035405292350482,0.0035416337195783,0.0071865557692945,,0.5088964700698853,0.8938609957695007,0.7442051768302917,0.0049152929869248,0.003424566476398,0.0022735514212399,0.9988161634608635,-124.49249171503818,0.0207755951836535,0.4992301507766173,,0,0,AMBIGUOUS,,False,False
BH050,463,4.630000591278076,0.4324284708508156,7318,1,1,SHELF_NORMAL_Y_NEG,1242,5,18.970977317526263,0.6890667869257324,2.4695459170824465,0.0048709545934436,0.0033975736211466,0.0048730910399493,0.0033874026082271,0.0051867002812823,0.0035443507856087,0.0035438078921288,0.0071905278600752,,0.5090712904930115,0.8938609957695007,0.7452874183654785,0.0049152929869248,0.003424566476398,0.0022746114991605,0.998117085654804,-124.52354525754978,0.0207794481459955,0.4991749244764142,,0,0,CONTINUED_PLASTIC_LOADING,,False,False
BH050,464,4.639999866485596,0.4325227844738183,7318,1,1,SHELF_NORMAL_Y_NEG,1242,5,18.970977317526263,0.6428007343750926,2.461460704034013,0.0048472628282602,0.0033752139609685,0.0048480639481557,0.0033634436985852,0.0051872627008994,0.0035453602127974,0.003544392529875,0.0071915853768587,,0.5091182589530945,0.8938609957695007,0.7409798502922058,0.0049152929869248,0.003424566476398,0.0022754264064133,0.998633670201939,-124.55336014369549,0.020784507700852,0.4991665270293606,,0,0,CONTINUED_PLASTIC_LOADING,,False,False
BH050,465,4.650000095367432,0.4320918394953071,7318,1,1,SHELF_NORMAL_Y_NEG,1242,5,18.970977317526263,0.6564830515822052,2.4620707580776653,0.0048362258441414,0.0033633483022135,0.0048368259309503,0.0033514673680098,0.0051880168473995,0.003546509401007,0.0035451494622975,0.0071929898113012,,0.5091791152954102,0.8938609957695007,0.7406893372535706,0.0049152929869248,0.003424566476398,0.0022768708877265,0.9986925594542893,-124.5818403023228,0.0207872222222928,0.499080076073919,,0,0,CONTINUED_PLASTIC_LOADING,,False,False
BH050,466,4.660000324249268,0.4318391553380957,7318,1,1,SHELF_NORMAL_Y_NEG,1242,5,18.970977317526263,0.6551817194300683,2.448826070497536,0.0048375580921506,0.0033697122309002,0.0048394440689915,0.003359199744485,0.0051896232331788,0.003549258016361,0.0035467718262225,0.007195945829153,,0.5093095898628235,0.8938609957695007,0.744258463382721,0.0049152929869248,0.003424566476398,0.0022773582022637,0.9982677231479166,-124.60450259032362,0.0207877056168445,0.4989515235747884,,0,0,CONTINUED_PLASTIC_LOADING,,False,False
BH050,467,4.670000553131104,0.4316348489141772,7318,1,1,SHELF_NORMAL_Y_NEG,1242,5,18.970977317526263,0.7048468916222201,2.497649330276423,0.0048468344883982,0.0033771888143776,0.0048481554785844,0.0033661171609787,0.0051896967475615,0.0035493581849438,0.0035468612331897,0.0071961083449423,,0.5093168020248413,0.8938609957695007,0.7434091567993164,0.0049152929869248,0.003424566476398,0.0022775565739721,0.9990073147157515,-124.62880416368932,0.0207906440880466,0.4989091380450507,,0,0,AMBIGUOUS,,False,False
BH050,468,4.679999828338623,0.4315378657873742,7318,1,1,SHELF_NORMAL_Y_NEG,1242,5,18.970977317526263,0.6986791705163389,2.4694732158251336,0.0048277009201832,0.0033577369382116,0.0048298081886897,0.0033476036948841,0.0051908876646413,0.0035515514932137,0.0035481033846735,0.0071983588859438,,0.5094166398048401,0.8938609957695007,0.745419442653656,0.0049152929869248,0.003424566476398,0.0022796264383941,0.9991684604493304,-124.65438036243276,0.0207959001544004,0.49895348690985,,0,0,CONTINUED_PLASTIC_LOADING,,False,False
BH050,469,4.690000057220459,0.4311865340787722,7318,1,1,SHELF_NORMAL_Y_NEG,1242,5,18.970977317526263,0.6989791706258767,2.477217641634528,0.0048389017953306,0.003366242135966,0.0048403558572904,0.003355404226928,0.005191277480199,0.0035522070378058,0.0035485187545418,0.007199116051197,,0.5094500184059143,0.8938609957695007,0.7436239123344421,0.0049152929869248,0.003424566476398,0.0022804597392678,0.9990992702217906,-124.67513455695013,0.020799247768002,0.4989495630371514,,0,0,CONTINUED_PLASTIC_LOADING,,False,False
BH050,470,4.700000286102295,0.4315711817030421,7318,1,1,SHELF_NORMAL_Y_NEG,1242,5,18.970977317526263,0.6827940282557637,2.466544504924927,0.0048636603565812,0.003392823068892,0.0048648928736919,0.0033817255135833,0.0051919004481915,0.0035533137671797,0.0035491473972797,0.0072002471424639,,0.5095006227493286,0.8938609957695007,0.7428848147392273,0.0049152929869248,0.003424566476398,0.0022821938619017,0.9983387964964856,-124.69503084645282,0.0207999398445786,0.4988413723854304,,0,0,CONTINUED_PLASTIC_LOADING,,False,False
BH050,471,4.710000514984131,0.4310432452861333,7318,1,1,SHELF_NORMAL_Y_NEG,1242,5,18.970977317526263,0.6457473363606591,2.4303086001573777,0.0048506449371018,0.0033818808300046,0.0048516704747564,0.0033705706907206,0.0051942203223398,0.0035576724067997,0.0035515786148607,0.0072047403082251,,0.5096960663795471,0.8938609957695007,0.7419813275337219,0.0049152929869248,0.003424566476398,0.002284166868776,0.9981543319197376,-124.715298659445,0.0208015430771164,0.4987707717903067,,0,0,CONTINUED_PLASTIC_LOADING,,False,False
BH050,472,4.71999979019165,0.4307998094181121,7318,1,1,SHELF_NORMAL_Y_NEG,1242,5,18.970977317526263,0.6421124711951367,2.408837058620912,0.0048391231669941,0.0033674921495687,0.0048405265829557,0.0033566831835896,0.0051941826371103,0.003557721985255,0.0035515786148607,0.0072047403082251,,0.5096960663795471,0.8938609957695007,0.7427610754966736,0.0049152929869248,0.003424566476398,0.002284166868776,0.998345691402755,-124.73293339518636,0.0208049028392895,0.4987889061626575,,0,0,ELASTIC_RELOADING,,False,False
BH050,473,4.730000019073486,0.4308557731272728,7318,1,1,SHELF_NORMAL_Y_NEG,1242,5,18.970977317526263,0.6721558791026572,2.473377506539561,0.0048162478479011,0.0033478152002551,0.0048170850653017,0.0033362015769131,0.0051942589027047,0.0035578082199075,0.0035516943316906,0.0072049484588205,,0.5097053647041321,0.8938609957695007,0.7418063282966614,0.0049152929869248,0.003424566476398,0.0022863885387778,0.9991665046889556,-124.75011228267266,0.0208081208821784,0.4987971642794674,,0,0,CONTINUED_PLASTIC_LOADING,,False,False
BH050,474,4.740000247955322,0.4301663143053073,7318,1,1,SHELF_NORMAL_Y_NEG,1242,5,18.970977317526263,0.710590708019439,2.4765854657005484,0.0048129204151356,0.0033455975421426,0.0048149779954368,0.0033354477854091,0.0051953721148732,0.0035598439235207,0.0035528596490621,0.0072070634923875,,0.509799063205719,0.8938609957695007,0.7457219958305359,0.0049152929869248,0.003424566476398,0.0022863885387778,0.999265141302526,-124.76609267822565,0.0208096375449487,0.4987344393528647,,0,0,AMBIGUOUS,,False,False
BH050,475,4.750000476837158,0.4302126183745053,7318,1,1,SHELF_NORMAL_Y_NEG,1242,5,18.970977317526263,0.7115386079893621,2.4647226161232463,0.004786013013128,0.0033163552090744,0.0047878279338056,0.0033060513462856,0.0051956953368232,0.0035605915026015,0.0035532710608094,0.0072078201919794,,0.5098321437835693,0.8938609957695007,0.7450072169303894,0.0049152929869248,0.003424566476398,0.002288116607815,0.998646571530269,-124.7779185849894,0.0208098700372294,0.4986534556451402,5341.14620031041,1,1,CONTINUED_PLASTIC_LOADING,,False,False
BH050,476,4.760000705718994,0.430271260005777,7318,1,1,SHELF_NORMAL_Y_NEG,1242,5,18.970977317526263,0.7130964916186653,2.4757830777134644,0.0047798544631105,0.0033141145307749,0.0047819098222161,0.0033039854203913,0.0051961553275721,0.0035616417853523,0.0035538228694349,0.0072088250890374,,0.509876549243927,0.8938609957695007,0.7456939220428467,0.0049152929869248,0.003424566476398,0.0022887322120368,0.9982419172455826,-124.79117159723734,0.0208112845035104,0.498628157428067,,0,0,CONTINUED_PLASTIC_LOADING,,False,False
BH050,477,4.769999980926514,0.4302642249698065,7318,1,1,SHELF_NORMAL_Y_NEG,1242,5,18.970977317526263,0.6856913268305398,2.463740900022417,0.004783201828307,0.0033157580468301,0.0047843094885452,0.0033045750418159,0.0051969331182585,0.0035629301235606,0.0035546384751796,0.0072103077545762,,0.5099421143531799,0.8938609957695007,0.7429741621017456,0.0049152929869248,0.003424566476398,0.0022887322120368,0.9980818159310456,-124.80452888282774,0.0208150173770201,0.4986812683263883,,0,0,TRUE_ELASTIC_UNLOADING,-0.010517589943102,True,False
BH050,478,4.78000020980835,0.4297856085910332,7318,1,1,SHELF_NORMAL_Y_NEG,1242,5,18.970977317526263,0.6483097076080205,2.4280449466099223,0.0047532034178067,0.0032868850571017,0.0047548159231374,0.0032761952451121,0.0051971741150651,0.0035633014519478,0.0035548482555896,0.0072106877341866,,0.5099589824676514,0.8938609957695007,0.7436171770095825,0.0049152929869248,0.003424566476398,0.0022887322120368,0.9982881640536224,-124.816293970261,0.0208173021075696,0.4987024998170314,,0,0,ELASTIC_RELOADING,,False,False
BH050,479,4.7900004386901855,0.4295879612796829,7318,1,1,SHELF_NORMAL_Y_NEG,1242,5,18.970977317526263,0.7041917048311738,2.4599386901930043,0.0047647752818782,0.0032981871382773,0.0047668154172975,0.0032880907737977,0.0051981309876207,0.0035651264255625,0.0035558871459215,0.0072125680744647,,0.5100424885749817,0.8938609957695007,0.7456948161125183,0.0049152929869248,0.003424566476398,0.0022888374514877,0.998378611666015,-124.82706186711911,0.0208172996268766,0.4986279423400246,,0,0,ELASTIC_RELOADING,,False,False
BH050,480,4.8000006675720215,0.4296267960714104,7318,1,1,SHELF_NORMAL_Y_NEG,1242,5,18.970977317526263,0.6919645075306198,2.472341569626278,0.0047535029639537,0.0032863856268368,0.0047543752137902,0.0032749511227878,0.0051981025845367,0.0035651357241877,0.0035558871459215,0.0072125680744647,,0.5100424885749817,0.8938609957695007,0.7424543499946594,0.0049152929869248,0.003424566476398,0.0022891811095178,0.997853642830938,-124.83654004025216,0.0208173914184381,0.4985669753687984,,0,0,CONTINUED_PLASTIC_LOADING,,False,False
BH050,481,4.809999942779541,0.4292027771468876,7318,1,1,SHELF_NORMAL_Y_NEG,1242,5,18.970977317526263,0.6126762713344528,2.419236890092289,0.0047729731905479,0.0033084647178914,0.0047733967665025,0.0032964005476333,0.0051985007620091,0.0035659436769141,0.0035563327837735,0.0072133662179112,,0.5100783109664917,0.8938609957695007,0.7401072978973389,0.0049152929869248,0.003424566476398,0.0022891811095178,0.9982575096387616,-124.8469615051742,0.0208195536835987,0.4985834756155387,,0,0,ELASTIC_RELOADING,,False,False
BH050,482,4.820000171661377,0.4291432797252562,7318,1,1,SHELF_NORMAL_Y_NEG,1242,5,18.970977317526263,0.6380407812419507,2.4428456584311187,0.0047781239392896,0.0033122822466594,0.0047787309437888,0.0033004136414085,0.0051986408358557,0.0035661508712308,0.0035564631689339,0.0072136051021516,,0.5100888013839722,0.8938609957695007,0.7408542633056641,0.0049152929869248,0.003424566476398,0.0022891811095178,0.996893864081903,-124.85763631771624,0.0208219414953212,0.4986120503205734,,0,0,TRUE_ELASTIC_UNLOADING,-7.187554924725781e-05,True,False
BH050,483,4.830000400543213,0.4290179602827382,7318,1,1,SHELF_NORMAL_Y_NEG,1242,5,18.970977317526263,0.691731435898165,2.457177312724085,0.0047913069444557,0.003328567431989,0.004794035215481,0.003319092160087,0.0051994656256181,0.0035676424748366,0.0035572836641222,0.0072151040658354,,0.5101547837257385,0.8938609957695007,0.7473488450050354,0.0049152929869248,0.003424566476398,0.0022891811095178,0.9975503184633568,-124.86515251982568,0.0208222260414714,0.498572768880029,,0,0,ELASTIC_RELOADING,,False,False
BH050,484,4.840000629425049,0.4289414388546265,7318,1,1,SHELF_NORMAL_Y_NEG,1242,5,18.970977317526263,0.6482170523793368,2.4667000910265897,0.0048116967817326,0.0033505076737587,0.0048129844334389,0.0033392251662117,0.0051997708419265,0.0035682432813489,0.0035575977526605,0.0072156810201704,,0.5101800560951233,0.8938609957695007,0.7428122758865356,0.0049152929869248,0.003424566476398,0.0022891811095178,0.9983128813224404,-124.87234249212769,0.0208213001061384,0.4984991534025857,,0,0,ELASTIC_RELOADING,,False,False
BH050,485,4.849999904632568,0.4287075270882445,7318,1,1,SHELF_NORMAL_Y_NEG,1242,5,18.970977317526263,0.6530530808108287,2.451881043110994,0.0048091113695413,0.0033462780607573,0.0048102368583954,0.0033349692549412,0.0052002281327919,0.0035689506373739,0.0035580473486334,0.0072164982557296,,0.5102161765098572,0.8938609957695007,0.742458701133728,0.0049152929869248,0.003424566476398,0.0022891811095178,0.9980495020759392,-124.87884460779686,0.0208224274863768,0.4985040749484617,,0,0,TRUE_ELASTIC_UNLOADING,0.003452574669436,False,False
BH050,486,4.860000133514404,0.4288096131314722,7318,1,1,SHELF_NORMAL_Y_NEG,1242,5,18.970977317526263,0.6203301006680534,2.427264497041377,0.0048058777041279,0.0033444007968138,0.0048070313547371,0.0033330641174942,0.0052004281164132,0.0035695017343733,0.0035582669079303,0.0072168866172432,,0.5102338194847107,0.8938609957695007,0.7420011162757874,0.0049152929869248,0.003424566476398,0.0022891811095178,0.9984885829615698,-124.88596285687106,0.0208245266522876,0.4985363645239309,,0,0,ELASTIC_RELOADING,,False,False
BH050,487,4.87000036239624,0.428401743120363,7318,1,1,SHELF_NORMAL_Y_NEG,1242,5,18.970977317526263,0.6430131872387438,2.448940108180272,0.0048196973986783,0.0033584831092355,0.0048208942109982,0.0033471965557423,0.0052012259577867,0.003570957217126,0.0035591088235378,0.0072183883748948,,0.5103015303611755,0.8938609957695007,0.7425332069396973,0.0049152929869248,0.003424566476398,0.0022891811095178,0.9986266764744518,-124.89156964646416,0.0208254783452366,0.4985311614736832,,0,0,AMBIGUOUS,,False,False
BH050,488,4.880000591278076,0.4285140130670927,7318,1,1,SHELF_NORMAL_Y_NEG,1242,5,18.970977317526263,0.6213445475293082,2.4302084859862774,0.0048283120595113,0.0033658282424402,0.0048287343139147,0.0033537468290663,0.005201288217278,0.0035712977053917,0.0035592161584645,0.0072185746394097,,0.510310173034668,0.8938609957695007,0.7401612401008606,0.0049152929869248,0.003424566476398,0.0022891811095178,0.999069300122544,-124.8952296016024,0.0208244564185595,0.4984626673165034,,0,0,AMBIGUOUS,,False,False
BH050,489,4.889999866485596,0.4281546778040704,7318,1,1,SHELF_NORMAL_Y_NEG,1242,5,18.970977317526263,0.5874054193173979,2.4062703287143195,0.0048318509596664,0.0033745658251832,0.0048329714491452,0.0033631135157491,0.005201897662235,0.0035723562063435,0.0035598736722022,0.0072197569534182,,0.5103630423545837,0.8938609957695007,0.7415115833282471,0.0049152929869248,0.003424566476398,0.0022905278019607,0.9980857318840468,-124.90049718008078,0.0208238444860215,0.4984131199116598,,0,0,CONTINUED_PLASTIC_LOADING,,False,False
BH050,490,4.900000095367432,0.4280483040960718,7318,1,1,SHELF_NORMAL_Y_NEG,1242,5,18.970977317526263,0.6008804408932019,2.4368620982982248,0.0048385337730421,0.0033790644978907,0.0048395539959662,0.0033673936033672,0.0052020962985742,0.0035726647062508,0.0035600727424025,0.0072201122529804,,0.5103790163993835,0.8938609957695007,0.7415425181388855,0.0049152929869248,0.003424566476398,0.0022905278019607,0.9986821597510006,-124.906252506803,0.0208253128242329,0.4984332169043305,,0,0,AMBIGUOUS,,False,False
BH050,491,4.910000324249268,0.4279202061523889,7318,1,1,SHELF_NORMAL_Y_NEG,1242,5,18.970977317526263,0.5624577256119836,2.4075943567343896,0.0048481852982439,0.0033901066730379,0.0048490015785994,0.0033781685527175,0.0052027787351404,0.0035738771209473,0.0035607975441962,0.0072214188985526,,0.5104373097419739,0.8938609957695007,0.7404402494430542,0.0049152929869248,0.003424566476398,0.0022905278019607,0.9981246059449028,-124.90973976166556,0.0208265001701502,0.4984562689719458,,0,0,TRUE_ELASTIC_UNLOADING,-0.0018323011739538,True,False
BH050,492,4.920000553131104,0.4280616272478348,7318,1,1,SHELF_NORMAL_Y_NEG,1242,5,18.970977317526263,0.6091305802987238,2.416521485982678,0.0048488330409302,0.0033906486917197,0.0048502938979049,0.0033796160631712,0.0052027903717737,0.0035739376355485,0.0035607975441962,0.0072214188985526,,0.5104373097419739,0.8938609957695007,0.7426872253417969,0.0049152929869248,0.003424566476398,0.0022905278019607,0.998847887159162,-124.91379614040358,0.020826186216632,0.4984222642928197,,0,0,AMBIGUOUS,,False,False
BH050,493,4.929999828338623,0.4276093440138547,7318,1,1,SHELF_NORMAL_Y_NEG,1242,5,18.970977317526263,0.6077220613998328,2.428610733890606,0.0048258125618001,0.0033659292865251,0.0048271637300332,0.0033546936666995,0.0052031378758413,0.0035746195376217,0.0035611859057098,0.0072221127338707,,0.5104685425758362,0.8938609957695007,0.742498517036438,0.0049152929869248,0.003424566476398,0.0022918793838471,0.9981182198705236,-124.91630125456771,0.020825551266847,0.4983788394222528,,0,0,CONTINUED_PLASTIC_LOADING,,False,False
BH050,494,4.940000057220459,0.4272403358485047,7318,1,1,SHELF_NORMAL_Y_NEG,1242,5,18.970977317526263,0.6644261121342298,2.4589232437483943,0.0047992869773707,0.0033427156707872,0.0048016719509046,0.0033326962862686,0.0052032569096367,0.0035748908183995,0.0035612941719591,0.0072223069146275,,0.5104772448539734,0.8938609957695007,0.7461493015289307,0.0049152929869248,0.003424566476398,0.0022918793838471,0.9982201688412872,-124.91989982945036,0.0208259200976454,0.4983702778024809,,0,0,ELASTIC_RELOADING,,False,False
BH050,495,4.950000286102295,0.4270666579407778,7318,1,1,SHELF_NORMAL_Y_NEG,1242,5,18.970977317526263,0.6294963936621327,2.445837255657563,0.004747276100594,0.0032933214115301,0.0047491410446555,0.003282631004011,0.0052033439094598,0.0035750856422478,0.0035614161752164,0.0072225257754325,,0.5104870796203613,0.8938609957695007,0.7441928386688232,0.0049152929869248,0.003424566476398,0.0022918793838471,0.9986175663482424,-124.92580516292593,0.0208271489970561,0.4983917360734584,,0,0,AMBIGUOUS,,False,False
BH050,496,4.960000514984131,0.4267207633188069,7318,1,1,SHELF_NORMAL_Y_NEG,1242,5,18.970977317526263,0.595136782403769,2.4394674882107004,0.0047437816517584,0.003285616838746,0.0047443572788025,0.0032734436360264,0.0052039291704236,0.0035761280416657,0.0035620376002043,0.0072236401028931,,0.5105370283126831,0.8938609957695007,0.7403872013092041,0.0049152929869248,0.003424566476398,0.0022918793838471,0.997421530411974,-124.92507991789049,0.0208264439044978,0.4983755888839954,,0,0,TRUE_ELASTIC_UNLOADING,0.0040058388571994,True,False
BH050,497,4.96999979019165,0.4266873557279099,7318,1,1,SHELF_NORMAL_Y_NEG,1242,5,18.970977317526263,0.5813295696030045,2.426847779763806,0.0047625732576667,0.0033071832208674,0.0047637674888762,0.0032956204137577,0.0052038909325239,0.0035761696655545,0.0035620376002043,0.0072236401028931,,0.5105370283126831,0.8938609957695007,0.7417149543762207,0.0049152929869248,0.003424566476398,0.0022918793838471,0.9968046305291354,-124.92736095305052,0.0208256726695949,0.4983216041978189,,0,0,TRUE_ELASTIC_UNLOADING,-0.0051589030835912,False,False
