case,frame_index,time_s,P_over_Pu,steel_element,steel_ip,steel_section_point,panel,uhpc_element,uhpc_ip,pair_distance_mm,uhpc_sigma_x_MPa,uhpc_sigma_y_axial_MPa,uhpc_epsilon_x_star,uhpc_epsilon_y_star,UHPC_epsilon_x_star_with_Poisson,UHPC_epsilon_y_star_with_Poisson,uhpc_PE_x,uhpc_PE_y,PEEQ,PEEQT,PEQC,DAMAGEC,DAMAGET,SDEG,kappa_Ux_Poisson_corrected,kappa_Uy_Poisson_corrected,steel_PEEQ,steel_sigma_VM_over_fy,steel_w_local_mm,q_FEM_W_over_b,R2_after_plane,A_current_normal_mm_s2,actual_A_available,actual_V_available,classification,d_s_raw,spatially_supported_unloading,qualified_scalar_stiffness
BH050,497,4.96999979019165,0.4266873557279099,7687,4,5,SHELF_NORMAL_Y_POS,4794,4,11.691716004808177,-10.060491527397202,-22.03545933915252,0.0012984937678852,-0.0038496363153252,0.0011533811794004,-0.0039119726286134,0.001563055387692,-0.0030629915094721,0.0037376256659626,0.0003387402684893,,0.5246549844741821,0.5052550435066223,0.548746645450592,0.0013070026845976,0.0039119726286134,0.0005152153316885,0.3404414243191409,100.4522409666019,0.0208256726695949,0.4983216041978189,,0,0,AMBIGUOUS,,False,False
BH050,498,4.980000019073486,0.4266394764399979,7687,4,5,SHELF_NORMAL_Y_POS,4794,4,11.691716004808177,-10.102307754684851,-21.98395533816075,0.0012868188117796,-0.0038649622751531,0.0011443098608397,-0.0039253400215988,0.0015631736132939,-0.0030631696749798,0.003737867809832,0.0003387953329365,,0.5246744751930237,0.5052751898765564,0.5505244135856628,0.0013070026845976,0.0039253400215988,0.0005152153316885,0.3410351320084692,100.45254105485006,0.0208262415627067,0.4983325291495369,,0,0,ELASTIC_RELOADING,,False,False
BH050,499,4.990000247955322,0.4259968143789141,7687,4,5,SHELF_NORMAL_Y_POS,4794,4,11.691716004808177,-10.107881365695564,-22.044395580195385,0.0013035249457702,-0.0038474665672157,0.0011560333028033,-0.003912447743262,0.0015631682156131,-0.0030631240942965,0.003737867809832,0.0003387953329365,,0.5246744751930237,0.5052751898765564,0.5475295782089233,0.0013070026845976,0.0039253400215988,0.0005152153316885,0.3390073366130373,100.45223894778002,0.0208270072986997,0.4983608774020294,,0,0,TRUE_ELASTIC_UNLOADING,0.0001677608918296,True,True
BH050,500,5.0,0.4263197016011988,7687,4,5,SHELF_NORMAL_Y_POS,4794,4,11.691716004808177,-9.972055704917704,-21.969957616743656,0.0012937270807015,-0.0038605635696143,0.0011465742083764,-0.0039247816360972,0.0015631713561705,-0.0030631551401932,0.003737867809832,0.0003387953329365,,0.5246744751930237,0.5052751898765564,0.5470702052116394,0.0013070026845976,0.0039253400215988,0.0005152153316885,0.3396333892994986,100.45572201031317,0.0208274370095544,0.4983481200823582,-351664.6422645484,1,1,ELASTIC_RELOADING,,False,False
BH050,0,0.0,0.0,7690,1,1,SHELF_NORMAL_Y_POS,4795,2,18.95857188792453,0.0,0.0,9.905748224102709e-08,-6.950715800312939e-07,9.905748224102705e-08,-6.950715800312939e-07,0.0,0.0,0.0,0.0,,0.0,0.0,0.0,9.905748224102705e-08,6.950715800312939e-07,0.0,0.0,-0.0035754877618088,-1.2743281481949303e-06,0.3494947475255524,0.0,1,1,,,,
BH050,1,0.0100009096786379,7.624085734172226e-07,7690,1,1,SHELF_NORMAL_Y_POS,4795,2,18.95857188792453,-0.0008102738018535,-0.0004770573822242,1.177273855095419e-07,-6.840794744500905e-07,1.3738597172550848e-07,-6.667242275403177e-07,0.0,0.0,0.0,0.0,,0.0,0.0,0.0,1.3738597172550848e-07,6.950715800312939e-07,0.0,2.9873964501353323e-05,-0.0039290513714211,-1.2733425143370274e-06,0.3467933152519369,,0,0,AMBIGUOUS,,False,False
BH050,2,0.020000921562314,3.819749710393071e-06,7690,1,1,SHELF_NORMAL_Y_POS,4795,2,18.95857188792453,-0.0010395391266255,-0.0014811267677739,2.447609039075331e-07,-6.634736545859968e-07,2.1895904258322847e-07,-6.862230667779369e-07,0.0,0.0,0.0,0.0,,0.0,0.0,0.0,2.1895904258322847e-07,6.950715800312939e-07,0.0,1.5598191189118098e-05,-0.0037934701907358,-1.28348998018212e-06,0.3523185045084653,,0,0,AMBIGUOUS,,False,False
BH050,3,0.0300006885081529,9.64373164085494e-06,7690,1,1,SHELF_NORMAL_Y_POS,4795,2,18.95857188792453,-0.0002095026054358,-0.0006228839595397,2.2563406264780305e-07,-6.832599528107539e-07,2.1152404205142647e-07,-6.945124986091783e-07,0.0,0.0,0.0,0.0,,0.0,0.0,0.0,2.1895904258322847e-07,6.950715800312939e-07,0.0,8.944310812642147e-06,-0.0038164817361324,-1.2785502325596891e-06,0.3501207439219479,,0,0,AMBIGUOUS,,False,False
BH050,4,0.0400000140070915,1.9390805432161832e-05,7690,1,1,SHELF_NORMAL_Y_POS,4795,2,18.95857188792453,-0.0001059892896267,-0.0006196042316546,2.232479126752185e-07,-6.833429347874372e-07,1.9962559052642654e-07,-7.034149232355753e-07,0.0,0.0,0.0,0.0,,0.0,0.0,0.0,2.1895904258322847e-07,7.034149232355753e-07,0.0,2.062587547451328e-05,-0.0038185479268835,-1.2626419323091133e-06,0.3443980460385604,,0,0,AMBIGUOUS,,False,False
BH050,5,0.0500000156462192,4.107065206292181e-05,7690,1,1,SHELF_NORMAL_Y_POS,4795,2,18.95857188792453,-0.0008746825913969,-0.0026714019174209,1.331110696336426e-07,-6.474161693218506e-07,1.2899911865118306e-07,-6.391084014608282e-07,0.0,0.0,0.0,0.0,,0.0,0.0,0.0,2.1895904258322847e-07,7.034149232355753e-07,0.0,3.400892346815203e-05,-0.0037299610096498,-1.2287817174079629e-06,0.3324395320518919,,0,0,AMBIGUOUS,,False,False
BH050,6,0.060000229626894,6.635050429447059e-05,7690,1,1,SHELF_NORMAL_Y_POS,4795,2,18.95857188792453,-0.0011210774951766,-0.0042052827992598,1.3166518683606013e-07,-6.466713532431984e-07,1.1540264852459109e-07,-6.416145000517901e-07,0.0,0.0,0.0,0.0,,0.0,0.0,0.0,2.1895904258322847e-07,7.034149232355753e-07,0.0,3.895431085403764e-05,-0.0036678752589362,-1.1847144741821858e-06,0.3164335535657865,,0,0,AMBIGUOUS,,False,False
BH050,7,0.0700002908706665,0.0001050161906838,7690,1,1,SHELF_NORMAL_Y_POS,4795,2,18.95857188792453,-0.0019613753507667,-0.0068744817522843,2.774792686503461e-07,-4.07435854060538e-07,2.4691443661283906e-07,-4.040391211105968e-07,0.0,0.0,0.0,0.0,,0.0,0.0,0.0,2.4691443661283906e-07,7.034149232355753e-07,0.0,7.852660985614349e-05,-0.0035662392255813,-1.14131348189803e-06,0.3005534638793867,,0,0,AMBIGUOUS,,False,False
BH050,8,0.0800003483891487,0.0001292178470652,7690,1,1,SHELF_NORMAL_Y_POS,4795,2,18.95857188792453,-0.0046268202157141,-0.0139225361571694,4.179840837644605e-08,-2.142099676330857e-07,-4.0371750232705446e-08,-2.321240252644351e-07,0.0,0.0,0.0,0.0,,0.0,0.0,0.0,2.4691443661283906e-07,7.034149232355753e-07,0.0,0.0001415040354675,-0.0035060609151834,-1.075609423123429e-06,0.2756915798650957,,0,0,AMBIGUOUS,,False,False
BH050,9,0.0900005400180816,0.0002237381286938,7690,1,1,SHELF_NORMAL_Y_POS,4795,2,18.95857188792453,-0.0017263550380531,-0.0122612996605378,-7.943011458496064e-08,-2.006936132471845e-06,-1.464381814037569e-07,-2.0011220014393647e-06,0.0,0.0,0.0,0.0,,0.0,0.0,0.0,2.4691443661283906e-07,2.0011220014393647e-06,0.0,0.0002421860475865,-0.0036097585713112,-1.006235282024334e-06,0.248490041206234,,0,0,AMBIGUOUS,,False,False
BH050,10,0.1000012457370758,0.0003053233887216,7690,1,1,SHELF_NORMAL_Y_POS,4795,2,18.95857188792453,-0.0048386407413955,-0.0187632745980911,2.425799860388902e-07,-1.142518196196713e-06,1.2537695373721064e-07,-1.1634679990742291e-06,0.0,0.0,0.0,0.0,,0.0,0.0,0.0,2.4691443661283906e-07,2.0011220014393647e-06,0.0,0.0001610180721233,-0.0035138463078667,-9.255850376744036e-07,0.2180579022904317,,0,0,AMBIGUOUS,,False,False
BH050,11,0.1100006327033042,0.0004039792084634,7690,1,1,SHELF_NORMAL_Y_POS,4795,2,18.95857188792453,-0.0074114789858819,-0.0216286506895787,4.59272907088698e-07,-1.3994623298119285e-06,3.265056223029501e-07,-1.4339542341573753e-06,0.0,0.0,0.0,0.0,,0.0,0.0,0.0,3.265056223029501e-07,2.0011220014393647e-06,0.0,0.0004008234840365,-0.0033766980793748,-7.647210958647075e-07,0.1595253028202308,,0,0,AMBIGUOUS,,False,False
BH050,12,0.1200010031461715,0.000470417542528,7690,1,1,SHELF_NORMAL_Y_POS,4795,2,18.95857188792453,-0.0111354437761721,-0.0324788281101835,4.290466013114569e-07,2.651937646448854e-07,2.0955029538107722e-07,1.9323237346573699e-07,0.0,0.0,0.0,0.0,,0.0,0.0,0.0,3.265056223029501e-07,2.0011220014393647e-06,0.0,0.0003237960591373,-0.0032295882219154,-5.822695000503848e-07,0.0983227618976829,,0,0,AMBIGUOUS,,False,False
BH050,13,0.1300012022256851,0.0006884779365466,7690,1,1,SHELF_NORMAL_Y_POS,4795,2,18.95857188792453,-0.0005335214470648,-0.0404297324025773,2.482503561423492e-07,7.645526609593768e-08,-2.4182663866612426e-08,7.98025061481224e-08,0.0,0.0,0.0,0.0,,0.0,0.0,0.0,3.265056223029501e-07,2.0011220014393647e-06,0.0,0.0004988877216291,-0.0028553002160972,-3.836492750911572e-07,0.0449130716119053,,0,0,AMBIGUOUS,,False,False
BH050,14,0.1400003731250763,0.0007954384060448,7690,1,1,SHELF_NORMAL_Y_POS,4795,2,18.95857188792453,-0.0166639201756699,-0.0496019153692879,7.986024975110365e-07,-3.854204448745433e-07,4.1200894451213547e-07,-5.443320034475133e-07,0.0,0.0,0.0,0.0,,0.0,0.0,0.0,4.1200894451213547e-07,2.0011220014393647e-06,0.0,0.0005162419549622,-0.0025103507858372,-1.3422343261208904e-07,0.0056994398080562,,0,0,AMBIGUOUS,,False,False
BH050,15,0.1500011980533599,0.0009837382757673,7690,1,1,SHELF_NORMAL_Y_POS,4795,2,18.95857188792453,-0.0111589650560054,-0.0576589756808447,6.784041016170164e-07,-2.946913579205971e-07,2.299689922241325e-07,-4.216978224413201e-07,0.0,0.0,0.0,0.0,,0.0,0.0,0.0,4.1200894451213547e-07,2.0011220014393647e-06,0.0,0.0007272636435133,-0.0023626809868734,1.2651741286440838e-07,0.0050322236857145,,0,0,AMBIGUOUS,,False,False
BH050,16,0.1600012928247451,0.001241041651035,7690,1,1,SHELF_NORMAL_Y_POS,4795,2,18.95857188792453,-0.0099325442063244,-0.0612378443891747,3.260942756229691e-07,-3.635565396752339e-07,-9.159549259323545e-08,-4.266013757519199e-07,0.0,0.0,0.0,0.0,,0.0,0.0,0.0,4.1200894451213547e-07,2.0011220014393647e-06,0.0,0.0009002186671642,-0.0019527488762713,4.407940294016993e-07,0.0569602715671068,,0,0,AMBIGUOUS,,False,False
BH050,17,0.1700002253055572,0.0014254938625554,7690,1,1,SHELF_NORMAL_Y_POS,4795,2,18.95857188792453,-0.0084499381586865,-0.0871064663908921,8.078763123802213e-07,-6.975374189020055e-07,2.028182658875015e-07,-7.588867448956071e-07,0.0,0.0,0.0,0.0,,0.0,0.0,0.0,4.1200894451213547e-07,2.0011220014393647e-06,0.0,0.0010980767986354,-0.0013036071380598,8.239479346511901e-07,0.1710443384377716,,0,0,AMBIGUOUS,,False,False
BH050,18,0.1800001710653305,0.001685337581373,7690,1,1,SHELF_NORMAL_Y_POS,4795,2,18.95857188792453,-0.0229133704464096,-0.1069674762159911,7.467612046949454e-07,-4.161265294875023e-07,2.7337406235586907e-08,-5.545311636409977e-07,0.0,0.0,0.0,0.0,,0.0,0.0,0.0,4.1200894451213547e-07,2.0011220014393647e-06,0.0,0.0010675441152689,-0.0010771573981123,1.270744334331091e-06,0.3249006154543244,,0,0,AMBIGUOUS,,False,False
BH050,19,0.1900012195110321,0.0019951506420119,7690,1,1,SHELF_NORMAL_Y_POS,4795,2,18.95857188792453,-0.019662950760063,-0.1172830146446737,1.1475690744574563e-06,-8.769596858140787e-08,3.5632763084231613e-07,-2.0414434386974606e-07,0.0,0.0,0.0,0.0,,0.0,0.0,0.0,4.1200894451213547e-07,2.0011220014393647e-06,0.0,0.0015110872575891,-0.0003515328910875,1.7184870273708151e-06,0.4598671301612274,,0,0,AMBIGUOUS,,False,False
BH050,20,0.2000010162591934,0.0023703481274894,7690,1,1,SHELF_NORMAL_Y_POS,4795,2,18.95857188792453,-0.0184793156571816,-0.1332732700716288,8.133360719900681e-07,-7.636426602313467e-07,-6.009848642620267e-08,-8.435706213127266e-07,0.0,0.0,0.0,0.0,,0.0,0.0,0.0,4.1200894451213547e-07,2.0011220014393647e-06,0.0,0.0018541724204869,0.0001564767167534,2.219561489830416e-06,0.5772414944196176,,0,0,AMBIGUOUS,,False,False
BH050,21,0.2100002318620681,0.002697963764375,7690,1,1,SHELF_NORMAL_Y_POS,4795,2,18.95857188792453,-0.0305959760014382,-0.1579742926335666,9.99719816971055e-07,-2.849838573528143e-07,-8.101578251688509e-08,-4.852241805818024e-07,0.0,0.0,0.0,0.0,,0.0,0.0,0.0,4.1200894451213547e-07,2.0011220014393647e-06,0.0,0.0020412574540672,0.0007147641068912,2.798164696636347e-06,0.6764133972298079,,0,0,AMBIGUOUS,,False,False
BH050,22,0.220000147819519,0.0030780091798749,7690,1,1,SHELF_NORMAL_Y_POS,4795,2,18.95857188792453,-0.0263506782405146,-0.1822545046410363,1.6867788644540068e-06,-6.030198274525867e-07,4.119695334663917e-07,-8.001529390817565e-07,0.0,0.0,0.0,0.0,,0.0,0.0,0.0,4.1200894451213547e-07,2.0011220014393647e-06,0.0,0.0022581540020722,0.0015347293660194,3.421890114131669e-06,0.7511803983097467,,0,0,AMBIGUOUS,,False,False
BH050,23,0.2300004959106445,0.003512430542027,7690,1,1,SHELF_NORMAL_Y_POS,4795,2,18.95857188792453,-0.0321609290431621,-0.2071724351206862,1.3615082362144345e-06,3.803652323379145e-07,-8.07654337990227e-08,1.4784851677739234e-07,0.0,0.0,0.0,0.0,,0.0,0.0,0.0,4.1200894451213547e-07,2.0011220014393647e-06,0.0,0.0024620785863313,0.0022643154381831,4.067636505549846e-06,0.7995838411718045,,0,0,AMBIGUOUS,,False,False
BH050,24,0.2400009930133819,0.0039820452631837,7690,1,1,SHELF_NORMAL_Y_POS,4795,2,18.95857188792453,-0.0308143632395753,-0.229151404972843,1.573135495325392e-06,-1.0957115698364496e-06,5.364598328268882e-09,-1.2924890907971604e-06,0.0,0.0,0.0,0.0,,0.0,0.0,0.0,4.1200894451213547e-07,2.0011220014393647e-06,0.0,0.0030322444490453,0.0028621438760599,4.7691097842998206e-06,0.8374088222343465,,0,0,AMBIGUOUS,,False,False
BH050,25,0.2500006258487701,0.0044781711596529,7690,1,1,SHELF_NORMAL_Y_POS,4795,2,18.95857188792453,-0.0443095621533838,-0.2634861347715911,2.157221150139201e-06,2.489303104444004e-07,3.16320038113312e-07,-7.692536873673293e-08,0.0,0.0,0.0,0.0,,0.0,0.0,0.0,4.1200894451213547e-07,2.0011220014393647e-06,0.0,0.0034090557434209,0.0039320788702657,5.565687871757221e-06,0.8683121984248593,2270.896502536775,1,1,AMBIGUOUS,,False,False
BH050,26,0.260001391172409,0.0050092411053299,7690,1,1,SHELF_NORMAL_Y_POS,4795,2,18.95857188792453,-0.0505840557559303,-0.30143746682327,2.292936958554389e-06,-1.2263455760186624e-07,2.272373941327596e-07,-4.5432436810178914e-07,0.0,0.0,0.0,0.0,,0.0,0.0,0.0,4.1200894451213547e-07,2.0011220014393647e-06,0.0,0.0036319602184131,0.0050013145238639,6.4332104410906695e-06,0.8896026748562903,,0,0,AMBIGUOUS,,False,False
BH050,27,0.2700001299381256,0.0056197680519232,7690,1,1,SHELF_NORMAL_Y_POS,4795,2,18.95857188792453,-0.0534284034424818,-0.3411667527168732,2.563779199434628e-06,2.710406575966458e-07,2.0161763817418866e-07,-1.0214613909426717e-07,0.0,0.0,0.0,0.0,,0.0,0.0,0.0,4.1200894451213547e-07,2.0011220014393647e-06,0.0,0.0039916763258443,0.0059573743943912,7.373028758151429e-06,0.905263066146824,,0,0,AMBIGUOUS,,False,False
BH050,28,0.2800013124942779,0.006292746646105,7690,1,1,SHELF_NORMAL_Y_POS,4795,2,18.95857188792453,-0.0540661851287665,-0.3677357282099717,2.8063579210375503e-06,5.774085147253956e-07,2.6271286319910146e-07,2.019861049137151e-07,0.0,0.0,0.0,0.0,,0.0,0.0,0.0,4.1200894451213547e-07,2.0011220014393647e-06,0.0,0.0048786868759531,0.007069688861057,8.345738038617092e-06,0.9174124553009404,,0,0,AMBIGUOUS,,False,False
BH050,29,0.2900008261203766,0.0068937189772055,7690,1,1,SHELF_NORMAL_Y_POS,4795,2,18.95857188792453,-0.0558461648042016,-0.4048784392586268,3.1133551956438474e-06,3.754846449504945e-07,3.180899293927823e-07,-7.115129680117097e-09,0.0,0.0,0.0,0.0,,0.0,0.0,0.0,4.1200894451213547e-07,2.0011220014393647e-06,0.0,0.0050059038752274,0.0081511182433628,9.40607314044263e-06,0.9279640487774864,,0,0,AMBIGUOUS,,False,False
BH050,30,0.3000001013278961,0.0076880291785759,7690,1,1,SHELF_NORMAL_Y_POS,4795,2,18.95857188792453,-0.0679697397604596,-0.4519186548776038,3.381857399210259e-06,-4.775570649152763e-07,2.864931325419429e-07,-9.188965727093176e-07,0.0,0.0,0.0,0.0,,0.0,0.0,0.0,4.1200894451213547e-07,2.0011220014393647e-06,0.0,0.0056390947052288,0.0096793691063215,1.0508230811915708e-05,0.9343908156681168,,0,0,AMBIGUOUS,,False,False
BH050,31,0.310000330209732,0.0084165566062347,7690,1,1,SHELF_NORMAL_Y_POS,4795,2,18.95857188792453,-0.0849462362079279,-0.5010618620967083,3.2979165034600368e-06,2.151367144188272e-07,-1.461879544760447e-07,-3.5259244935517685e-07,0.0,0.0,0.0,0.0,,0.0,0.0,0.0,4.1200894451213547e-07,2.0011220014393647e-06,0.0,0.0060514720619717,0.0110171357735588,1.1720805903682895e-05,0.9404101595170482,,0,0,AMBIGUOUS,,False,False
BH050,32,0.3200002014636993,0.0092435000085081,7690,1,1,SHELF_NORMAL_Y_POS,4795,2,18.95857188792453,-0.0800428470863418,-0.5525541890402776,4.016194079379536e-06,7.031153014351204e-08,1.6455321369626498e-07,-5.151219026784467e-07,0.0,0.0,0.0,0.0,,0.0,0.0,0.0,4.1200894451213547e-07,2.0011220014393647e-06,0.0,0.0069598422837443,0.0124940933756089,1.3021636261407164e-05,0.9454421916802672,,0,0,AMBIGUOUS,,False,False
BH050,33,0.3300007283687591,0.0100607525388713,7690,1,1,SHELF_NORMAL_Y_POS,4795,2,18.95857188792453,-0.0883946526509223,-0.5939185476877636,4.447606332624713e-06,8.915409892738341e-09,3.154371565594213e-07,-6.288489617704221e-07,0.0,0.0,0.0,0.0,,0.0,0.0,0.0,4.1200894451213547e-07,2.0011220014393647e-06,0.0,0.0073383416368714,0.0139688982872905,1.4389976543182792e-05,0.9496204336773132,,0,0,AMBIGUOUS,,False,False
BH050,34,0.3400008380413055,0.0109792708052708,7690,1,1,SHELF_NORMAL_Y_POS,4795,2,18.95857188792453,-0.0982584055123767,-0.6419560106439135,4.50745609154293e-06,4.672106930454595e-07,8.632399667360946e-08,-1.9564302533857854e-07,0.0,0.0,0.0,0.0,,0.0,0.0,0.0,4.1200894451213547e-07,2.0011220014393647e-06,0.0,0.0081449389273684,0.0158074726858105,1.5802133741021616e-05,0.951663681364639,,0,0,AMBIGUOUS,,False,False
BH050,35,0.3500014245510101,0.0119763789296797,7690,1,1,SHELF_NORMAL_Y_POS,4795,2,18.95857188792453,-0.1033691544341329,-0.7083940067728858,4.784325981514284e-06,2.2914028346464137e-07,-1.5317870538517874e-07,-5.26164963305187e-07,0.0,0.0,0.0,0.0,,0.0,0.0,0.0,4.1200894451213547e-07,2.0011220014393647e-06,0.0,0.0088753704222915,0.0173286966616293,1.7316008608255844e-05,0.9544405136113728,,0,0,AMBIGUOUS,,False,False
BH050,36,0.3600013554096222,0.0129764145702524,7690,1,1,SHELF_NORMAL_Y_POS,4795,2,18.95857188792453,-0.1187530824696401,-0.7775806150493839,5.285458234323593e-06,-2.4386927898414653e-08,-1.277035646054552e-08,-7.685081506198016e-07,0.0,0.0,0.0,0.0,,0.0,0.0,0.0,4.1200894451213547e-07,2.0011220014393647e-06,0.0,0.0093848645747296,0.0191665966751043,1.892365160237792e-05,0.956704718814427,,0,0,AMBIGUOUS,,False,False
BH050,37,0.3700000941753387,0.0140395618360539,7690,1,1,SHELF_NORMAL_Y_POS,4795,2,18.95857188792453,-0.1425740201715461,-0.8345026984436733,5.8361290949593925e-06,4.118853419543913e-07,7.63947227609519e-08,-5.649318993307199e-07,0.0,0.0,0.0,0.0,,0.0,0.0,0.0,4.1200894451213547e-07,2.0011220014393647e-06,0.0,0.0103367037351178,0.0210603549868545,2.062772550185685e-05,0.9583096921564024,,0,0,AMBIGUOUS,,False,False
BH050,38,0.3800002634525299,0.0151792609206472,7690,1,1,SHELF_NORMAL_Y_POS,4795,2,18.95857188792453,-0.1353100839303862,-0.9014803790266276,6.197639656655961e-06,-5.380791194897927e-07,9.590806372405428e-09,-1.4300199391541705e-06,0.0,0.0,0.0,0.0,,0.0,0.0,0.0,4.1200894451213547e-07,2.0011220014393647e-06,0.0,0.0110944833199236,0.0232510583981631,2.240313025332251e-05,0.9595095954004216,,0,0,AMBIGUOUS,,False,False
BH050,39,0.3900011479854584,0.0163498827453724,7690,1,1,SHELF_NORMAL_Y_POS,4795,2,18.95857188792453,-0.1540177615135459,-0.9721607578942908,6.95013993478072e-06,4.5940106588749163e-07,2.911335557335212e-07,-5.4423897873059e-07,0.0,0.0,0.0,0.0,,0.0,0.0,0.0,4.1200894451213547e-07,2.0011220014393647e-06,0.0,0.0119398376497649,0.02526012202576,2.4282088635761967e-05,0.9610410495105172,,0,0,AMBIGUOUS,,False,False
BH050,40,0.4000008404254913,0.0175709556007853,7690,1,1,SHELF_NORMAL_Y_POS,4795,2,18.95857188792453,-0.1665746333000642,-1.049822745301854,7.394146537194985e-06,3.81425507065145e-07,1.551554411397603e-07,-7.521638931251648e-07,0.0,0.0,0.0,0.0,,0.0,0.0,0.0,4.1200894451213547e-07,2.0011220014393647e-06,0.0,0.0129548242814125,0.027706551257525,2.623407431776738e-05,0.9622165808722076,,0,0,AMBIGUOUS,,False,False
BH050,41,0.4100005328655243,0.0188761257117535,7690,1,1,SHELF_NORMAL_Y_POS,4795,2,18.95857188792453,-0.1713569812495486,-1.1149936315892794,7.889090870582603e-06,6.90605987695711e-07,1.250998407912924e-07,-5.505510535721272e-07,0.0,0.0,0.0,0.0,,0.0,0.0,0.0,4.1200894451213547e-07,2.0011220014393647e-06,0.0,0.0137083165036857,0.0298908138242239,2.827049019950076e-05,0.9630016367560216,,0,0,AMBIGUOUS,,False,False
BH050,42,0.4200010001659393,0.0202508412388208,7690,1,1,SHELF_NORMAL_Y_POS,4795,2,18.95857188792453,-0.1843539373877281,-1.2005814285668654,8.180117655984644e-06,1.0833731758984295e-06,-6.038690992408598e-08,-1.3251739568446752e-07,0.0,0.0,0.0,0.0,,0.0,0.0,0.0,4.1200894451213547e-07,2.0011220014393647e-06,0.0,0.0146658941942746,0.0324503779308106,3.043007528183172e-05,0.963550380071826,,0,0,AMBIGUOUS,,False,False
BH050,43,0.4300011098384857,0.0216562342471123,7690,1,1,SHELF_NORMAL_Y_POS,4795,2,18.95857188792453,-0.1908650109562259,-1.2676026365492563,8.770889634048851e-06,1.042861922052273e-06,1.1778849373011576e-09,-2.83963014204229e-07,0.0,0.0,0.0,0.0,,0.0,0.0,0.0,4.1200894451213547e-07,2.0011220014393647e-06,0.0,0.0161148024050546,0.0349850404001297,3.27054883631682e-05,0.9644268388841188,,0,0,AMBIGUOUS,,False,False
BH050,44,0.44000044465065,0.0230988881574848,7690,1,1,SHELF_NORMAL_Y_POS,4795,2,18.95857188792453,-0.2041970920035127,-1.3718641687149025,9.27884727985989e-06,1.3670177305400237e-06,-1.654099891354438e-07,-5.808132616198971e-09,0.0,0.0,0.0,0.0,,0.0,0.0,0.0,4.1200894451213547e-07,2.0011220014393647e-06,0.0,0.0172404972209309,0.037676197668768,3.50630403995644e-05,0.964936224325673,,0,0,AMBIGUOUS,,False,False
BH050,45,0.4500000774860382,0.0246243535936954,7690,1,1,SHELF_NORMAL_Y_POS,4795,2,18.95857188792453,-0.2150190081500267,-1.450523582905363,1.0101868431593929e-05,6.770730220329805e-07,1.257069626589916e-07,-7.587342435240557e-07,0.0,0.0,0.0,0.0,,0.0,0.0,0.0,4.1200894451213547e-07,2.0011220014393647e-06,0.0,0.0182905719035165,0.0404443384583673,3.749241754011373e-05,0.9654903674614048,,0,0,AMBIGUOUS,,False,False
BH050,46,0.4600010812282562,0.0262545503591582,7690,1,1,SHELF_NORMAL_Y_POS,4795,2,18.95857188792453,-0.2359181391080131,-1.556608260405934,1.1167921821163203e-05,1.5008831702209316e-06,3.858683308985157e-07,-1.5197593319174225e-07,0.0,0.0,0.0,0.0,,0.0,0.0,0.0,4.1200894451213547e-07,2.0011220014393647e-06,0.0,0.0193221812503623,0.0431730394227574,4.002172162924317e-05,0.965849753902261,,0,0,AMBIGUOUS,,False,False
BH050,47,0.4700011312961578,0.027938485107259,7690,1,1,SHELF_NORMAL_Y_POS,4795,2,18.95857188792453,-0.2551726685793765,-1.6505271639447852,1.1377637953869842e-05,1.2165067131825248e-06,2.391440763030618e-09,-5.134322282739919e-07,0.0,0.0,0.0,0.0,,0.0,0.0,0.0,4.1200894451213547e-07,2.0011220014393647e-06,0.0,0.0203965613759296,0.0464115153475074,4.2709572671979005e-05,0.966465520216072,,0,0,AMBIGUOUS,,False,False
BH050,48,0.4800010621547699,0.0296530532178139,7690,1,1,SHELF_NORMAL_Y_POS,4795,2,18.95857188792453,-0.2713532136416559,-1.7626947677975526,1.2132986839235828e-05,1.2744265787884552e-06,-3.22909409189353e-08,-5.820386150352168e-07,0.0,0.0,0.0,0.0,,0.0,0.0,0.0,4.1200894451213547e-07,2.0011220014393647e-06,0.0,0.0216531263880888,0.0495443283383844,4.547745089065357e-05,0.9667194416506876,,0,0,AMBIGUOUS,,False,False
BH050,49,0.4900011718273163,0.0314878457929085,7690,1,1,SHELF_NORMAL_Y_POS,4795,2,18.95857188792453,-0.2852603023772411,-1.855361429560465,1.2493571116382336e-05,1.563314325935592e-06,-2.3157965169198827e-07,-3.0860284409799625e-07,0.0,0.0,0.0,0.0,,0.0,0.0,0.0,4.1200894451213547e-07,2.0011220014393647e-06,0.0,0.0228289956775763,0.0528606634460111,4.836325071271304e-05,0.9669555835697766,,0,0,AMBIGUOUS,,False,False
BH050,50,0.5000013709068298,0.0333051762191135,7690,1,1,SHELF_NORMAL_Y_POS,4795,2,18.95857188792453,-0.3003304746446485,-1.9699869365637748,1.3788044614849474e-05,2.188761730884268e-06,2.1134928293894435e-07,1.5347051362206562e-07,0.0,0.0,0.0,0.0,,0.0,0.0,0.0,4.1200894451213547e-07,2.0011220014393647e-06,0.0,0.0244505614010663,0.0562735067577405,5.135410825336237e-05,0.967304609408311,-5058.243486585983,1,1,AMBIGUOUS,,False,False
BH050,51,0.5100000500679016,0.0352201359704428,7690,1,1,SHELF_NORMAL_Y_POS,4795,2,18.95857188792453,-0.3233786827529041,-2.0927382918622985,1.464593215561124e-05,1.119296273425363e-06,2.18623267564238e-07,-1.077416238289404e-06,0.0,0.0,0.0,0.0,,0.0,0.0,0.0,4.1200894451213547e-07,2.0011220014393647e-06,0.0,0.0258879726338904,0.0597112631819265,5.446024488162121e-05,0.967625875392222,,0,0,AMBIGUOUS,,False,False
BH050,52,0.5200002193450928,0.0372398721307716,7690,1,1,SHELF_NORMAL_Y_POS,4795,2,18.95857188792453,-0.3450903717964065,-2.206320439859657,1.558115495656019e-05,1.6416313670400431e-06,3.286235327023521e-07,-7.452544250441504e-07,0.0,0.0,0.0,0.0,,0.0,0.0,0.0,4.1200894451213547e-07,2.0011220014393647e-06,0.0,0.0272225156011435,0.0633330401807989,5.7662855449387885e-05,0.9678603048978044,,0,0,AMBIGUOUS,,False,False
BH050,53,0.5300003886222839,0.0392889604891671,7690,1,1,SHELF_NORMAL_Y_POS,4795,2,18.95857188792453,-0.3617378819232656,-2.3406216615247883,1.5922184625608002e-05,1.7962411581190895e-06,-1.8012456413195245e-07,-6.271478961264768e-07,0.0,0.0,0.0,0.0,,0.0,0.0,0.0,4.1200894451213547e-07,2.0011220014393647e-06,0.0,0.0287313964535694,0.0670662173450204,6.100730847398251e-05,0.968131633670916,,0,0,AMBIGUOUS,,False,False
BH050,54,0.5400005578994751,0.0414526745412959,7690,1,1,SHELF_NORMAL_Y_POS,4795,2,18.95857188792453,-0.3805527385438285,-2.471543978344584,1.737105520125014e-05,1.6306331418621363e-06,3.509438595785365e-07,-9.356217034908434e-07,0.0,0.0,0.0,0.0,,0.0,0.0,0.0,4.1200894451213547e-07,2.0011220014393647e-06,0.0,0.0301832172208584,0.0710724800758514,6.446932211738929e-05,0.9684228333108637,,0,0,AMBIGUOUS,,False,False
BH050,55,0.5500007271766663,0.0436793272831435,7690,1,1,SHELF_NORMAL_Y_POS,4795,2,18.95857188792453,-0.4011027898165406,-2.597929278598248,1.8088335607019057e-05,2.985781123351364e-06,8.48799829645548e-08,1.6776205769575565e-07,0.0,0.0,0.0,0.0,,0.0,0.0,0.0,4.1200894451213547e-07,2.0011220014393647e-06,0.0,0.0320227220531077,0.0753730879729541,6.804359393726401e-05,0.9685883971494436,,0,0,AMBIGUOUS,,False,False
BH050,56,0.5600008964538574,0.0459718876828624,7690,1,1,SHELF_NORMAL_Y_POS,4795,2,18.95857188792453,-0.4063924170112907,-2.721831803914744,1.911307542470408e-05,2.0615140673589048e-06,2.876639131198515e-07,-7.585560601000736e-07,0.0,0.0,0.0,0.0,,0.0,0.0,0.0,4.1200894451213547e-07,2.0011220014393647e-06,0.0,0.0337491695053496,0.0793927515601148,7.175674713873037e-05,0.9687680374144668,,0,0,AMBIGUOUS,,False,False
BH050,57,0.5700010657310486,0.0482661411856974,7690,1,1,SHELF_NORMAL_Y_POS,4795,2,18.95857188792453,-0.4478216015203075,-2.8718274220783533,2.015917326855441e-05,3.0673037279950146e-06,3.857247359463408e-07,4.965579832279037e-08,0.0,0.0,0.0,0.0,,0.0,0.0,0.0,4.1200894451213547e-07,2.0011220014393647e-06,0.0,0.0354780167888494,0.0838771444982655,7.558627959629404e-05,0.969003358042676,,0,0,AMBIGUOUS,,False,False
BH050,58,0.5800012350082397,0.0506869782417198,7690,1,1,SHELF_NORMAL_Y_POS,4795,2,18.95857188792453,-0.4692475907327724,-3.012439869414688,2.098008895405287e-05,1.990056199912982e-06,1.961468405362e-07,-1.2142157844659984e-06,0.0,0.0,0.0,0.0,,0.0,0.0,0.0,4.1200894451213547e-07,2.0011220014393647e-06,0.0,0.0373405284240715,0.0882864120071783,7.951879749622545e-05,0.9692608299715776,,0,0,AMBIGUOUS,,False,False
BH050,59,0.5900014042854309,0.0532087897852682,7690,1,1,SHELF_NORMAL_Y_POS,4795,2,18.95857188792453,-0.4972843436455931,-3.161905618736288,2.1669983565417167e-05,2.0630540920528554e-06,-1.5239109504882725e-07,-1.3402794963576415e-06,0.0,0.0,0.0,0.0,,0.0,0.0,0.0,4.1200894451213547e-07,2.0011220014393647e-06,0.0,0.0391549709731713,0.0929982428085637,8.359222527594762e-05,0.9693823036159588,,0,0,AMBIGUOUS,,False,False
BH050,60,0.6000000834465027,0.0557525976047262,7690,1,1,SHELF_NORMAL_Y_POS,4795,2,18.95857188792453,-0.5139638067070305,-3.306989747418529,2.321996669299226e-05,2.8055598993118887e-06,3.7173294631160156e-07,-7.360429207915693e-07,0.0,0.0,0.0,0.0,,0.0,0.0,0.0,4.1200894451213547e-07,2.0011220014393647e-06,0.0,0.0408195329779162,0.0978518167830138,8.782597314094126e-05,0.9695801860805464,,0,0,AMBIGUOUS,,False,False
BH050,61,0.6100002527236938,0.0584031677636529,7690,1,1,SHELF_NORMAL_Y_POS,4795,2,18.95857188792453,-0.5395980981336482,-3.472280239013736,2.408219489318457e-05,3.278117302827477e-06,1.7571221204793413e-07,-3.563690127785668e-07,0.0,0.0,0.0,0.0,,0.0,0.0,0.0,4.1200894451213547e-07,2.0011220014393647e-06,0.0,0.0429458941230916,0.1029362792609117,9.220220439201045e-05,0.9698683416517409,,0,0,AMBIGUOUS,,False,False
BH050,62,0.620000422000885,0.0611097155517319,7690,1,1,SHELF_NORMAL_Y_POS,4795,2,18.95857188792453,-0.5404180691044445,-3.619918623091596,2.52237287686762e-05,2.994983271834036e-06,2.618358470962618e-07,-6.800394608945945e-07,0.0,0.0,0.0,0.0,,0.0,0.0,0.0,4.1200894451213547e-07,2.0011220014393647e-06,0.0,0.0449917627013185,0.1081893360475531,9.668446137909052e-05,0.9700364306114282,,0,0,AMBIGUOUS,,False,False
BH050,63,0.6300005912780762,0.0638930286719754,7690,1,1,SHELF_NORMAL_Y_POS,4795,2,18.95857188792453,-0.595959409718695,-3.806062555934495,2.6414198112957214e-05,3.420342578753225e-06,1.1911552536712837e-07,-6.850869243958609e-07,0.0,0.0,0.0,0.0,,0.0,0.0,0.0,4.1200894451213547e-07,2.0011220014393647e-06,0.0,0.0470345910307701,0.113361162842561,0.0001012832775066,0.9701353414076912,,0,0,AMBIGUOUS,,False,False
BH050,64,0.6400007605552673,0.0667981719684228,7690,1,1,SHELF_NORMAL_Y_POS,4795,2,18.95857188792453,-0.6045641512884284,-3.95643902816002,2.7494578926927208e-05,3.874059035322038e-06,2.2936763772875427e-07,-2.215102478515899e-07,0.0,0.0,0.0,0.0,,0.0,0.0,0.0,4.1200894451213547e-07,2.0011220014393647e-06,0.0,0.0489619613060851,0.1186302102805682,0.0001060358012164,0.9703735869752348,,0,0,AMBIGUOUS,,False,False
BH050,65,0.6500009298324585,0.0697637843711488,7690,1,1,SHELF_NORMAL_Y_POS,4795,2,18.95857188792453,-0.6396462205475951,-4.150193768590868,2.882268280973689e-05,4.357716806870641e-06,2.728030433380105e-07,7.429474584002562e-08,0.0,0.0,0.0,0.0,,0.0,0.0,0.0,4.1200894451213547e-07,2.0011220014393647e-06,0.0,0.0511849105609834,0.124323649303687,0.0001109451673832,0.9705979750818332,,0,0,AMBIGUOUS,,False,False
BH050,66,0.6600010991096497,0.0727784547191266,7690,1,1,SHELF_NORMAL_Y_POS,4795,2,18.95857188792453,-0.6622471465537815,-4.31784064842578,3.015656114126996e-05,3.6558315513888817e-06,4.476724231548321e-07,-7.839776606985823e-07,0.0,0.0,0.0,0.0,,0.0,0.0,0.0,4.476724231548321e-07,2.0011220014393647e-06,0.0,0.0536344643030245,0.1301641454840162,0.0001159943027051,0.9707647797876172,,0,0,AMBIGUOUS,,False,False
BH050,67,0.6700012683868408,0.0759118025690703,7690,1,1,SHELF_NORMAL_Y_POS,4795,2,18.95857188792453,-0.6910393676364438,-4.505959582223087,3.129406281529396e-05,4.592954254959515e-06,3.089253701226521e-07,-2.1766960350160826e-08,0.0,0.0,0.0,0.0,,0.0,0.0,0.0,4.476724231548321e-07,2.0011220014393647e-06,0.0,0.0557261529252177,0.1360246367931104,0.0001211880234732,0.9709301780684492,,0,0,AMBIGUOUS,,False,False
BH050,68,0.680001437664032,0.0790502520615079,7690,1,1,SHELF_NORMAL_Y_POS,4795,2,18.95857188792453,-0.7435351350084376,-4.712128689842013,3.2468570900632495e-05,4.87226369891896e-06,-1.1155609375110118e-07,-2.751889532400784e-07,0.0,0.0,0.0,0.0,,0.0,0.0,0.0,4.476724231548321e-07,2.0011220014393647e-06,0.0,0.0581624991450927,0.1420882111137828,0.0001265044654931,0.9712299641800608,,0,0,AMBIGUOUS,,False,False
BH050,69,0.6900001168251038,0.0823741192725606,7690,1,1,SHELF_NORMAL_Y_POS,4795,2,18.95857188792453,-0.7400130972612503,-4.879591843974849,3.3867422298045565e-05,3.893504804178207e-06,3.486319759418854e-07,-1.0106858862235008e-06,0.0,0.0,0.0,0.0,,0.0,0.0,0.0,4.476724231548321e-07,2.0011220014393647e-06,0.0,0.0603574827912653,0.148482703755193,0.0001319756732488,0.9714171520131852,,0,0,AMBIGUOUS,,False,False
BH050,70,0.7000002861022949,0.0856852698326842,7690,1,1,SHELF_NORMAL_Y_POS,4795,2,18.95857188792453,-0.7941157868027267,-5.088031438167391,3.5320234694622413e-05,4.153801103336553e-06,3.026247296311739e-07,-1.1823642669069788e-06,0.0,0.0,0.0,0.0,,0.0,0.0,0.0,4.476724231548321e-07,2.0011220014393647e-06,0.0,0.0628474067976105,0.1548239764012225,0.000137599796811,0.9716368639514896,,0,0,AMBIGUOUS,,False,False
BH050,71,0.7100004553794861,0.0891246909216921,7690,1,1,SHELF_NORMAL_Y_POS,4795,2,18.95857188792453,-0.823063950062976,-5.30423358027148,3.671310377228182e-05,4.742183598673377e-06,1.501863852370751e-07,-8.449068513971785e-07,0.0,0.0,0.0,0.0,,0.0,0.0,0.0,4.476724231548321e-07,2.0011220014393647e-06,0.0,0.0654713188457057,0.1615332910684939,0.0001433884262648,0.971889718642446,,0,0,AMBIGUOUS,,False,False
BH050,72,0.7200006246566772,0.0926130192050682,7690,1,1,SHELF_NORMAL_Y_POS,4795,2,18.95857188792453,-0.8606819010947303,-5.500965223999623,3.82057879176325e-05,5.397758128620228e-06,2.460337340868205e-07,-4.863048827149081e-07,0.0,0.0,0.0,0.0,,0.0,0.0,0.0,4.476724231548321e-07,2.0011220014393647e-06,0.0,0.0680897462205479,0.1682862088245932,0.000149314138268,0.972202366176528,,0,0,AMBIGUOUS,,False,False
BH050,73,0.7300007939338684,0.0962419607997778,7690,1,1,SHELF_NORMAL_Y_POS,4795,2,18.95857188792453,-0.8882611179138487,-5.719088749640233,3.9458080028110224e-05,5.308154152864638e-06,3.7812059382560416e-08,-7.192960849376187e-07,0.0,0.0,0.0,0.0,,0.0,0.0,0.0,4.476724231548321e-07,2.0011220014393647e-06,0.0,0.0705672926927476,0.1754995319908778,0.0001553543337561,0.97240484512142,,0,0,AMBIGUOUS,,False,False
BH050,74,0.7400009632110596,0.099894359302905,7690,1,1,SHELF_NORMAL_Y_POS,4795,2,18.95857188792453,-0.917853406055842,-5.937819466060994,4.122806484268899e-05,5.359485694382256e-06,2.551287492530836e-07,-9.132241777670712e-07,0.0,0.0,0.0,0.0,,0.0,0.0,0.0,4.476724231548321e-07,2.0011220014393647e-06,0.0,0.073612047557494,0.1826614854709343,0.000161568778851,0.9726989504475262,,0,0,AMBIGUOUS,,False,False
BH050,75,0.7500011324882507,0.1036891283011704,7690,1,1,SHELF_NORMAL_Y_POS,4795,2,18.95857188792453,-0.9591653015945958,-6.168944033339022,4.2723240716366007e-05,6.158877616418317e-06,1.7745546091711497e-07,-3.7461225824996533e-07,0.0,0.0,0.0,0.0,,0.0,0.0,0.0,4.476724231548321e-07,2.0011220014393647e-06,0.0,0.0759983731317104,0.1901227525080693,0.0001679776885247,0.9730019452947122,-19092.048217397976,1,1,AMBIGUOUS,,False,False
BH050,76,0.7600013017654419,0.1074747486190703,7690,1,1,SHELF_NORMAL_Y_POS,4795,2,18.95857188792453,-0.9951367238732118,-6.393852137905451,4.395636485074116e-05,6.896770650212641e-06,-8.431400137425014e-08,1.74401111711854e-07,0.0,0.0,0.0,0.0,,0.0,0.0,0.0,4.476724231548321e-07,2.0011220014393647e-06,0.0,0.0790833645278281,0.1978869663341733,0.0001745407422744,0.9733281677219284,,0,0,AMBIGUOUS,,False,False
BH050,77,0.7699999809265137,0.1114355239284306,7690,1,1,SHELF_NORMAL_Y_POS,4795,2,18.95857188792453,-1.020305447964038,-6.611028876886268,4.5634496904000725e-05,6.102476494966033e-06,6.798257689602822e-08,-8.184841759191974e-07,0.0,0.0,0.0,0.0,,0.0,0.0,0.0,4.476724231548321e-07,2.0011220014393647e-06,0.0,0.0820747312859953,0.2055738421957161,0.0001812192151222,0.9735415106363,,0,0,AMBIGUOUS,,False,False
BH050,78,0.7800001502037048,0.1154441501885497,7690,1,1,SHELF_NORMAL_Y_POS,4795,2,18.95857188792453,-1.074636972547666,-6.873561445241987,4.772855928905085e-05,7.002689459227813e-06,3.0081465248014226e-07,-3.403237992462456e-07,0.0,0.0,0.0,0.0,,0.0,0.0,0.0,4.476724231548321e-07,2.0011220014393647e-06,0.0,0.0848349402101741,0.213431362019755,0.0001880766269324,0.9738354982151683,,0,0,AMBIGUOUS,,False,False
BH050,79,0.790000319480896,0.1194731095074155,7690,1,1,SHELF_NORMAL_Y_POS,4795,2,18.95857188792453,-1.1049674394449247,-7.10614694286522,4.918829316697266e-05,7.175152969158335e-06,1.648272905407774e-07,-3.6550527992960555e-07,0.0,0.0,0.0,0.0,,0.0,0.0,0.0,4.476724231548321e-07,2.0011220014393647e-06,0.0,0.0880741320451565,0.2217184147160379,0.0001951213957929,0.9741478091283176,,0,0,AMBIGUOUS,,False,False
BH050,80,0.8000004887580872,0.1237098619188037,7690,1,1,SHELF_NORMAL_Y_POS,4795,2,18.95857188792453,-1.1572421426071997,-7.354818395623861,5.114949379580931e-05,7.364969988068646e-06,3.8256779030552637e-07,-5.615671716494865e-07,0.0,0.0,0.0,0.0,,0.0,0.0,0.0,4.476724231548321e-07,2.0011220014393647e-06,0.0,0.0908684045341703,0.2300607495679464,0.0002023493151875,0.9744410574210248,,0,0,AMBIGUOUS,,False,False
BH050,81,0.8100006580352783,0.1279983549684606,7690,1,1,SHELF_NORMAL_Y_POS,4795,2,18.95857188792453,-1.1874646488797955,-7.611939335844029,5.26481293571774e-05,8.160127601723245e-06,2.0063985161907107e-07,1.2144929641960266e-07,0.0,0.0,0.0,0.0,,0.0,0.0,0.0,4.476724231548321e-07,2.0011220014393647e-06,0.0,0.0941035268623193,0.2385010245276483,0.0002097097156205,0.9746813558125382,,0,0,AMBIGUOUS,,False,False
BH050,82,0.8200008273124695,0.1322914320367757,7690,1,1,SHELF_NORMAL_Y_POS,4795,2,18.95857188792453,-1.2288654349650154,-7.872811687559724,5.4295346547289056e-05,7.44503055245444e-06,2.7474226607098637e-08,-8.96946012913472e-07,0.0,0.0,0.0,0.0,,0.0,0.0,0.0,4.476724231548321e-07,2.0011220014393647e-06,0.0,0.0971646925692863,0.2472660083772672,0.0002172724618486,0.9749725755340573,,0,0,AMBIGUOUS,,False,False
BH050,83,0.8300009965896606,0.1367709637953226,7690,1,1,SHELF_NORMAL_Y_POS,4795,2,18.95857188792453,-1.280050297589694,-8.139082490782469,5.652383249797388e-05,8.126157173651247e-06,4.1540915243852477e-07,-5.696012419022809e-07,0.0,0.0,0.0,0.0,,0.0,0.0,0.0,4.476724231548321e-07,2.0011220014393647e-06,0.0,0.1005747208909263,0.2561868200407878,0.0002250235580268,0.9752445671027272,,0,0,AMBIGUOUS,,False,False
BH050,84,0.8400011658668518,0.1412669760880535,7690,1,1,SHELF_NORMAL_Y_POS,4795,2,18.95857188792453,-1.3025702137642168,-8.395737574633172,5.813416213849406e-05,8.160600663037379e-06,2.677441202731944e-07,-6.747065657514238e-07,0.0,0.0,0.0,0.0,,0.0,0.0,0.0,4.476724231548321e-07,2.0011220014393647e-06,0.0,0.1039571513181259,0.2653417392898106,0.0002329556112385,0.9754651210102048,,0,0,AMBIGUOUS,,False,False
BH050,85,0.850001335144043,0.1458786904926286,7690,1,1,SHELF_NORMAL_Y_POS,4795,2,18.95857188792453,-1.3507635484254248,-8.678462565160936,5.9720787944268e-05,9.236822592688877e-06,-1.267428383558586e-07,4.158916085738392e-08,0.0,0.0,0.0,0.0,,0.0,0.0,0.0,4.476724231548321e-07,2.0011220014393647e-06,0.0,0.1072651169430762,0.2749530069761039,0.0002410811909709,0.9757095325855368,,0,0,AMBIGUOUS,,False,False
BH050,86,0.8600014448165894,0.1505929419269294,7690,1,1,SHELF_NORMAL_Y_POS,4795,2,18.95857188792453,-1.4012451153429692,-8.960621463483482,6.181201054723272e-05,9.324259309279894e-06,2.214441304802193e-09,-2.317832380427333e-07,0.0,0.0,0.0,0.0,,0.0,0.0,0.0,4.476724231548321e-07,2.0011220014393647e-06,0.0,0.110623381739241,0.2843029167753227,0.0002493912697967,0.9759960716558638,,0,0,AMBIGUOUS,,False,False
BH050,87,0.8700014352798462,0.1553541124098743,7690,1,1,SHELF_NORMAL_Y_POS,4795,2,18.95857188792453,-1.4533839646275812,-9.24832898200596,6.428213888085997e-05,1.0386411466430378e-05,5.323561858299398e-07,5.187371865530911e-07,0.0,0.0,0.0,0.0,,0.0,0.0,0.0,5.323561858299398e-07,2.0011220014393647e-06,0.0,0.1143599211765873,0.2941626082477588,0.0002578559340808,0.9762294361961692,,0,0,AMBIGUOUS,,False,False
BH050,88,0.8800009489059448,0.1602029696671217,7690,1,1,SHELF_NORMAL_Y_POS,4795,2,18.95857188792453,-1.4944906925900316,-9.537275267155929,6.621993848071554e-05,1.0434929704654247e-05,3.253909229609955e-07,1.3566722463240828e-07,0.0,0.0,0.0,0.0,,0.0,0.0,0.0,5.323561858299398e-07,2.0011220014393647e-06,0.0,0.1179218283605731,0.3042067501282399,0.0002664786802954,0.9764718900432464,,0,0,AMBIGUOUS,,False,False
BH050,89,0.8900003433227539,0.1651501940380248,7690,1,1,SHELF_NORMAL_Y_POS,4795,2,18.95857188792453,-1.5464259944625274,-9.835583196555442,6.800959480293961e-05,1.0131804021068828e-05,1.854499422134981e-07,-3.940191661654775e-07,0.0,0.0,0.0,0.0,,0.0,0.0,0.0,5.323561858299398e-07,2.0011220014393647e-06,0.0,0.1216201996302401,0.314469300627153,0.0002753523983998,0.976768741197094,,0,0,AMBIGUOUS,,False,False
BH050,90,0.9000007510185242,0.1701847926445289,7690,1,1,SHELF_NORMAL_Y_POS,4795,2,18.95857188792453,-1.595723000324148,-10.13507610021939,6.995645135709428e-05,1.0674572089633112e-05,1.4481002393687298e-08,-2.3961186024714265e-07,0.0,0.0,0.0,0.0,,0.0,0.0,0.0,5.323561858299398e-07,2.0011220014393647e-06,0.0,0.1251329803476068,0.3252124826621558,0.0002844293886742,0.977060428535534,,0,0,AMBIGUOUS,,False,False
BH050,91,0.9100009202957152,0.1753070600720151,7690,1,1,SHELF_NORMAL_Y_POS,4795,2,18.95857188792453,-1.641359050741058,-10.437268664134402,7.194916105765732e-05,1.07939982058497e-05,-3.6131549255000494e-08,-3.900758752654497e-07,0.0,0.0,0.0,0.0,,0.0,0.0,0.0,5.323561858299398e-07,2.0011220014393647e-06,0.0,0.129075251069471,0.3357807840683389,0.0002936788593878,0.9773485889239968,,0,0,AMBIGUOUS,,False,False
BH050,92,0.9200000762939452,0.1806111174253504,7690,1,1,SHELF_NORMAL_Y_POS,4795,2,18.95857188792453,-1.6860633746311682,-10.74667601211294,7.428647352813132e-05,1.244679580437541e-05,7.76060361062266e-08,8.688912442581691e-07,0.0,0.0,0.0,0.0,,0.0,0.0,0.0,5.323561858299398e-07,2.0011220014393647e-06,0.0,0.1329590901181307,0.3467976575763515,0.0003030208735732,0.9776708596249046,,0,0,AMBIGUOUS,,False,False
BH050,93,0.9300010204315186,0.1859316192444366,7690,1,1,SHELF_NORMAL_Y_POS,4795,2,18.95857188792453,-1.7450329860821645,-11.072456956857776,7.66598811072805e-05,1.094471524238635e-05,3.5651275075547777e-07,-8.833722101453259e-07,0.0,0.0,0.0,0.0,,0.0,0.0,0.0,5.323561858299398e-07,2.0011220014393647e-06,0.0,0.1368486330341911,0.3577903938089122,0.0003125440141824,0.9779824540626406,,0,0,AMBIGUOUS,,False,False
BH050,94,0.9400003552436828,0.1913258108473552,7690,1,1,SHELF_NORMAL_Y_POS,4795,2,18.95857188792453,-1.796301660683824,-11.397103576285632,7.861022457619744e-05,1.2011099590780424e-05,7.170905440598258e-08,-1.624257309448037e-07,0.0,0.0,0.0,0.0,,0.0,0.0,0.0,5.323561858299398e-07,2.0011220014393647e-06,0.0,0.1408227862075355,0.3690420771288132,0.0003223009945146,0.9782690086621526,,0,0,AMBIGUOUS,,False,False
BH050,95,0.950001299381256,0.1968081577374566,7690,1,1,SHELF_NORMAL_Y_POS,4795,2,18.95857188792453,-1.848203056360446,-11.723321001453968,8.134602306181169e-05,1.200250270444686e-05,4.544992609881418e-07,-6.278371441127716e-07,0.0,0.0,0.0,0.0,,0.0,0.0,0.0,5.323561858299398e-07,2.0011220014393647e-06,0.0,0.1448797254534275,0.3807567411012506,0.0003323324678993,0.978589722113534,,0,0,AMBIGUOUS,,False,False
BH050,96,0.9600005149841307,0.2023628434043757,7690,1,1,SHELF_NORMAL_Y_POS,4795,2,18.95857188792453,-1.9059132806600565,-12.04924377695782,8.33664100183452e-05,1.2728079044067287e-05,3.307483619813034e-07,-1.923948498665489e-07,0.0,0.0,0.0,0.0,,0.0,0.0,0.0,5.323561858299398e-07,2.0011220014393647e-06,0.0,0.1489996100563712,0.3926048585198088,0.000342496121453,0.9789561994905952,,0,0,AMBIGUOUS,,False,False
BH050,97,0.970001459121704,0.2079876738150378,7690,1,1,SHELF_NORMAL_Y_POS,4795,2,18.95857188792453,-1.95929915504362,-12.400749539724105,8.592595364698107e-05,1.2994168496760006e-05,4.150453117195477e-07,-3.4081552037224785e-07,0.0,0.0,0.0,0.0,,0.0,0.0,0.0,5.323561858299398e-07,2.0011220014393647e-06,0.0,0.1531460260859843,0.4045699837181875,0.0003527572315676,0.9793156647109184,,0,0,AMBIGUOUS,,False,False
BH050,98,0.9800004959106444,0.2137681107701793,7690,1,1,SHELF_NORMAL_Y_POS,4795,2,18.95857188792453,-2.019732956087552,-12.73985868228228,8.81352102142343e-05,1.4085216778266504e-05,3.00019080615662e-07,3.522772082961527e-07,0.0,0.0,0.0,0.0,,0.0,0.0,0.0,5.323561858299398e-07,2.0011220014393647e-06,0.0,0.1575629031970696,0.4167447035927264,0.0003631721599152,0.9796450306892226,,0,0,AMBIGUOUS,,False,False
BH050,99,0.9900010228157043,0.2195913778991636,7690,1,1,SHELF_NORMAL_Y_POS,4795,2,18.95857188792453,-2.080378097368434,-13.088621418604175,9.032940066181924e-05,1.4078188033062478e-05,9.201389386951958e-08,-6.535089219550155e-08,0.0,0.0,0.0,0.0,,0.0,0.0,0.0,5.323561858299398e-07,2.0011220014393647e-06,0.0,0.1616831308896237,0.4294422301329849,0.0003738851986075,0.9800234786634172,,0,0,AMBIGUOUS,,False,False
BH050,100,1.0000009536743164,0.2255048091555087,7690,1,1,SHELF_NORMAL_Y_POS,4795,2,18.95857188792453,-2.131680202264953,-13.446831725006906,9.240383927346782e-05,1.4516226444329984e-05,-2.8188359331453625e-07,4.5836684132191496e-08,0.0,0.0,0.0,0.0,,0.0,0.0,0.0,5.323561858299398e-07,2.0011220014393647e-06,0.0,0.1660711816854632,0.442062511027101,0.0003848634714131,0.9804137576698052,8529.51956559693,1,1,AMBIGUOUS,,False,False
BH050,101,1.010000228881836,0.2313520976015955,7690,1,1,SHELF_NORMAL_Y_POS,4795,2,18.95857188792453,-2.191790582591389,-13.795594522856549,9.524373623955308e-05,1.5022993030127155e-05,1.260843648065617e-07,1.1596747059795973e-07,0.0,0.0,0.0,0.0,,0.0,0.0,0.0,5.323561858299398e-07,2.0011220014393647e-06,0.0,0.1703790076424434,0.4547849266653814,0.0003957317469317,0.9807348198538464,,0,0,AMBIGUOUS,,False,False
BH050,102,1.020000457763672,0.2373200126517032,7690,1,1,SHELF_NORMAL_Y_POS,4795,2,18.95857188792453,-2.242634848980156,-14.1570076032176,9.78958014116518e-05,1.5659943271631492e-05,2.599180199108409e-07,3.814752318161748e-07,0.0,0.0,0.0,0.0,,0.0,0.0,0.0,5.323561858299398e-07,2.0011220014393647e-06,0.0,0.1747343026823835,0.4677613249353837,0.0004067757902411,0.9810502247971724,,0,0,AMBIGUOUS,,False,False
BH050,103,1.030000925064087,0.24336198198997,7690,1,1,SHELF_NORMAL_Y_POS,4795,2,18.95857188792453,-2.309900258517519,-14.518626021290414,0.000100413766946,1.548737582152441e-05,3.574013040567951e-07,-1.7687625279331305e-07,0.0,0.0,0.0,0.0,,0.0,0.0,0.0,5.323561858299398e-07,2.0011220014393647e-06,0.0,0.1791921861716195,0.4807355024493041,0.000418030775916,0.9813881026252008,,0,0,AMBIGUOUS,,False,False
BH050,104,1.0400009155273438,0.2494287726219556,7690,1,1,SHELF_NORMAL_Y_POS,4795,2,18.95857188792453,-2.3742399338625084,-14.887850890690377,0.000102883741494,1.5652442394265432e-05,1.688812521434251e-07,-5.628029386452182e-07,0.0,0.0,0.0,0.0,,0.0,0.0,0.0,5.323561858299398e-07,2.0011220014393647e-06,0.0,0.1837875553218272,0.4942844641314294,0.000429537494301,0.9817064826618191,,0,0,AMBIGUOUS,,False,False
BH050,105,1.0500011444091797,0.255781349965709,7690,1,1,SHELF_NORMAL_Y_POS,4795,2,18.95857188792453,-2.432485742914568,-15.259074109179716,0.0001053849014524,1.6333899628623164e-05,1.393188290099731e-07,-2.486297717368773e-07,0.0,0.0,0.0,0.0,,0.0,0.0,0.0,5.323561858299398e-07,2.0011220014393647e-06,0.0,0.1884639130981681,0.5081659331222461,0.000441345026127,0.98202824669588,,0,0,AMBIGUOUS,,False,False
BH050,106,1.0600005388259888,0.2621285533809983,7690,1,1,SHELF_NORMAL_Y_POS,4795,2,18.95857188792453,-2.4911948055151467,-15.633271987232282,0.0001078145200974,1.645233009477321e-05,5.776051068725862e-08,-4.605780053792692e-07,0.0,0.0,0.0,0.0,,0.0,0.0,0.0,5.323561858299398e-07,2.0011220014393647e-06,0.0,0.1931384443295359,0.5223218888522513,0.0004533771838117,0.9823537195178434,,0,0,AMBIGUOUS,,False,False
BH050,107,1.070001244544983,0.2684531809413811,7690,1,1,SHELF_NORMAL_Y_POS,4795,2,18.95857188792453,-2.572132693876068,-16.03067264090674,0.0001110630706727,1.6893424036620137e-05,4.7452581077348486e-07,-6.637387029228637e-07,0.0,0.0,0.0,0.0,,0.0,0.0,0.0,5.323561858299398e-07,2.0011220014393647e-06,0.0,0.1978311330252021,0.5366810363451826,0.0004655469121976,0.9826560552054072,,0,0,AMBIGUOUS,,False,False
BH050,108,1.080000877380371,0.2750587419200704,7690,1,1,SHELF_NORMAL_Y_POS,4795,2,18.95857188792453,-2.6366565486618945,-16.425624309297117,0.0001138456066564,1.7094851824196028e-05,6.503091024287949e-07,-7.850003797444673e-07,0.0,0.0,0.0,0.0,,0.0,0.0,0.0,6.503091024287949e-07,2.0011220014393647e-06,0.0,0.2027125102909363,0.5513129036038475,0.0004780254252452,0.9829063422565328,,0,0,AMBIGUOUS,,False,False
BH050,109,1.0900001525878906,0.2816519439810257,7690,1,1,SHELF_NORMAL_Y_POS,4795,2,18.95857188792453,-2.686588984783491,-16.813101837874278,0.000116161210809,1.7721776735348785e-05,1.5639440358360744e-07,-6.343333122670633e-07,0.0,0.0,0.0,0.0,,0.0,0.0,0.0,6.503091024287949e-07,2.0011220014393647e-06,0.0,0.2075988633395795,0.5661730148357794,0.0004908165692079,0.98316601579519,,0,0,AMBIGUOUS,,False,False
BH050,110,1.1000001430511477,0.2883603637197378,7690,1,1,SHELF_NORMAL_Y_POS,4795,2,18.95857188792453,-2.76641452302806,-17.22324181986518,0.0001193537922087,1.8747119462778e-05,5.977425563391927e-07,-7.694426667754876e-08,0.0,0.0,0.0,0.0,,0.0,0.0,0.0,6.503091024287949e-07,2.0011220014393647e-06,0.0,0.2125270692871411,0.5814061271558599,0.0005038864113291,0.9834187302641731,,0,0,AMBIGUOUS,,False,False
BH050,111,1.1100003719329834,0.2951235931510096,7690,1,1,SHELF_NORMAL_Y_POS,4795,2,18.95857188792453,-2.837898756382824,-17.6340335418863,0.0001220006684159,1.948882077214536e-05,3.686052061749773e-07,1.3418695520998937e-07,0.0,0.0,0.0,0.0,,0.0,0.0,0.0,6.503091024287949e-07,2.0011220014393647e-06,0.0,0.2174905139998608,0.5970842084034789,0.0005171717133695,0.9836426118336792,,0,0,AMBIGUOUS,,False,False
BH050,112,1.120000958442688,0.3020061127423251,7690,1,1,SHELF_NORMAL_Y_POS,4795,2,18.95857188792453,-2.9044884011123666,-18.038277612205704,0.000124590849928,1.877587567762157e-05,1.888900344462619e-07,-1.014638056291207e-06,0.0,0.0,0.0,0.0,,0.0,0.0,0.0,6.503091024287949e-07,2.0011220014393647e-06,0.0,0.2225528644921905,0.6130242753644018,0.000530691299673,0.9838491316893896,,0,0,AMBIGUOUS,,False,False
BH050,113,1.130000352859497,0.3089192456721516,7690,1,1,SHELF_NORMAL_Y_POS,4795,2,18.95857188792453,-2.9796779927213866,-18.469635134658024,0.000127341460107,2.0159092862718825e-05,5.7907026015984126e-08,-5.1023753254832514e-08,0.0,0.0,0.0,0.0,,0.0,0.0,0.0,6.503091024287949e-07,2.0011220014393647e-06,0.0,0.2278212969575339,0.6294663053471483,0.000544475228075,0.9840552726956252,,0,0,AMBIGUOUS,,False,False
BH050,114,1.140000581741333,0.3159039675947806,7690,1,1,SHELF_NORMAL_Y_POS,4795,2,18.95857188792453,-3.044481563447973,-18.89404179276224,0.0001306200218711,2.014170980221548e-05,3.3576885515116534e-07,-5.833711216910137e-07,0.0,0.0,0.0,0.0,,0.0,0.0,0.0,6.503091024287949e-07,2.0011220014393647e-06,0.0,0.2331289288660478,0.6467867106178923,0.0005586841717913,0.9841985425337412,,0,0,AMBIGUOUS,,False,False
BH050,115,1.1500004529953003,0.3230506002838127,7690,1,1,SHELF_NORMAL_Y_POS,4795,2,18.95857188792453,-3.131989885152371,-19.344259576798983,0.0001338911236728,2.1276894053336875e-05,4.956456638713819e-07,-5.2203598580058154e-08,0.0,0.0,0.0,0.0,,0.0,0.0,0.0,6.503091024287949e-07,2.0011220014393647e-06,0.0,0.2385189161984428,0.6645770478086694,0.0005734910378422,0.9842533185248392,,0,0,AMBIGUOUS,,False,False
BH050,116,1.160000205039978,0.3302204576597574,7690,1,1,SHELF_NORMAL_Y_POS,4795,2,18.95857188792453,-3.2085345530477447,-19.77378499008721,0.0001368975417997,2.163698579163274e-05,5.745129377614369e-07,-1.797036437071564e-07,0.0,0.0,0.0,0.0,,0.0,0.0,0.0,6.503091024287949e-07,2.0011220014393647e-06,0.0,0.2439294347201281,0.6828052292180171,0.0005886366332504,0.9841944479878468,,0,0,AMBIGUOUS,,False,False
BH050,117,1.1700007915496826,0.3374957110069088,7690,1,1,SHELF_NORMAL_Y_POS,4795,2,18.95857188792453,-3.282645511905313,-20.222943625583543,0.0001401990444081,2.2304930854120573e-05,6.983554803909178e-07,-9.69231864200444e-08,0.0,0.0,0.0,0.0,,0.0,0.0,0.0,6.983554803909178e-07,2.0011220014393647e-06,0.0,0.2493535692222245,0.7010891969645501,0.0006037857338462,0.983861250094789,,0,0,AMBIGUOUS,,False,False
BH050,118,1.1800003051757812,0.3447824615545523,7690,1,1,SHELF_NORMAL_Y_POS,4795,2,18.95857188792453,-3.360214322637955,-20.682352591446826,0.0001429446237282,2.2827713119408363e-05,3.331384004918845e-07,-4.5489244133816154e-08,0.0,0.0,0.0,0.0,,0.0,0.0,0.0,6.983554803909178e-07,2.0011220014393647e-06,0.0,0.2548062439088525,0.7199732668665715,0.0006190205197259,0.9828889456929146,,0,0,AMBIGUOUS,,False,False
BH050,119,1.1900006532669067,0.3521315420974882,7690,1,1,SHELF_NORMAL_Y_POS,4795,2,18.95857188792453,-3.433096846285139,-21.12948252997759,0.0001458056238568,2.355786824380233e-05,1.095997449028106e-07,1.8709079338026386e-07,0.0,0.0,0.0,0.0,,0.0,0.0,0.0,6.983554803909178e-07,2.0011220014393647e-06,0.0,0.260491556113804,0.7380229988740549,0.0006345276372047,0.9802655099138656,,0,0,AMBIGUOUS,,False,False
BH050,120,1.2000001668930054,0.3595605530260541,7690,1,1,SHELF_NORMAL_Y_POS,4795,2,18.95857188792453,-3.535032927570644,-21.61802218233699,0.0001494371174847,2.413168393813512e-05,3.726859740974333e-07,6.487400424048637e-08,0.0,0.0,0.0,0.0,,0.0,0.0,0.0,6.983554803909178e-07,2.0011220014393647e-06,0.0,0.2660850436337621,0.7540607129244326,0.0006519145120995,0.9748892501444012,,0,0,AMBIGUOUS,,False,False
BH050,121,1.2100001573562622,0.367047681470978,7690,1,1,SHELF_NORMAL_Y_POS,4795,2,18.95857188792453,-3.62489207094632,-22.079683339959384,0.000153013024806,2.4643407001837155e-05,6.937724699090984e-07,-1.0816375116645509e-07,0.0,0.0,0.0,0.0,,0.0,0.0,0.0,6.983554803909178e-07,2.0011220014393647e-06,0.0,0.2716163794270637,0.771684994503266,0.0006711215287482,0.9683734362784416,,0,0,AMBIGUOUS,,False,False
BH050,122,1.2200002670288086,0.3745457186063266,7690,1,1,SHELF_NORMAL_Y_POS,4795,2,18.95857188792453,-3.6873428086682862,-22.549640276170024,0.0001562502391337,2.473834860057869e-05,7.802081834534433e-07,-3.471376434491984e-07,0.0,0.0,0.0,0.0,,0.0,0.0,0.0,7.802081834534433e-07,2.0011220014393647e-06,0.0,0.2774327658441911,0.7927483144329532,0.0006886924193927,0.96391597056048,,0,0,AMBIGUOUS,,False,False
BH050,123,1.2300008535385132,0.3822120631915566,7690,1,1,SHELF_NORMAL_Y_POS,4795,2,18.95857188792453,-3.7803372805391167,-23.04907705427196,0.0001594586737405,2.5504746382574647e-05,4.447994027935654e-07,-3.150742197012124e-07,0.0,0.0,0.0,0.0,,0.0,0.0,0.0,7.802081834534433e-07,2.0011220014393647e-06,0.0,0.28318448572893,0.8131166280239113,0.0007070433963291,0.964051787006389,,0,0,AMBIGUOUS,,False,False
BH050,124,1.2400009632110596,0.3899017835925443,7690,1,1,SHELF_NORMAL_Y_POS,4795,2,18.95857188792453,-3.858953699626312,-23.49488276417744,0.0001627952977881,2.635488767805587e-05,7.350565700276461e-07,2.6875016802263566e-08,0.0,0.0,0.0,0.0,,0.0,0.0,0.0,7.802081834534433e-07,2.0011220014393647e-06,0.0,0.2888037828109714,0.8319563799167541,0.0007277156663452,0.964293676702775,,0,0,AMBIGUOUS,,False,False
BH050,125,1.2500009536743164,0.3976151919329129,7690,1,1,SHELF_NORMAL_Y_POS,4795,2,18.95857188792453,-3.983477911637293,-24.04154956535113,0.0001663912655815,2.691549223340949e-05,5.733942954397054e-07,-2.521141652596674e-07,0.0,0.0,0.0,0.0,,0.0,0.0,0.0,7.802081834534433e-07,2.0011220014393647e-06,0.0,0.2950252245303785,0.8584789770662096,0.0007471570902818,0.9605062609880656,-19536.31891936359,1,1,AMBIGUOUS,,False,False
BH050,126,1.260000705718994,0.4053680629774623,7690,1,1,SHELF_NORMAL_Y_POS,4795,2,18.95857188792453,-4.041517859486648,-24.48831073670129,0.0001698164254755,2.7871417576556725e-05,9.234227691139922e-07,3.156928232487221e-07,0.0,0.0,0.0,0.0,,0.0,0.0,0.0,9.234227691139922e-07,2.0011220014393647e-06,0.0,0.3007542010930105,0.8685615985261401,0.0007668948687471,0.955071015214458,,0,0,AMBIGUOUS,,False,False
BH050,127,1.2700005769729614,0.4132908491640269,7690,1,1,SHELF_NORMAL_Y_POS,4795,2,18.95857188792453,-4.119973226090328,-24.97787809955992,0.0001729410839233,2.8649812211592744e-05,7.246841914605555e-07,6.124784253957495e-07,0.0,0.0,0.0,0.0,,0.0,0.0,0.0,9.234227691139922e-07,2.0011220014393647e-06,0.0,0.3064726232427448,0.8864256074621851,0.0007867221891655,0.9509212020258312,,0,0,AMBIGUOUS,,False,False
BH050,128,1.2800005674362185,0.4213033594324992,7690,1,1,SHELF_NORMAL_Y_POS,4795,2,18.95857188792453,-4.2210985879816985,-25.50444022573908,0.0001761571446889,2.945689863196069e-05,3.125820743799267e-07,7.322090895219881e-07,0.0,0.0,0.0,0.0,,0.0,0.0,0.0,9.234227691139922e-07,2.0011220014393647e-06,0.0,0.3128136531277604,0.9150611778719456,0.0008088809806607,0.9485807630609376,,0,0,AMBIGUOUS,,False,False
BH050,129,1.290000557899475,0.4294950278073652,7690,1,1,SHELF_NORMAL_Y_POS,4795,2,18.95857188792453,-4.325291073437183,-26.017936014917588,0.0001803431696138,2.9090634272658112e-05,8.52977356087051e-07,-4.503994034314816e-07,0.0,0.0,0.0,0.0,,0.0,0.0,0.0,9.234227691139922e-07,2.0011220014393647e-06,0.0,0.318775095331221,0.9362676061483628,0.0008320615321569,0.945542123916112,,0,0,AMBIGUOUS,,False,False
BH050,130,1.300000786781311,0.4378320984411908,7690,1,1,SHELF_NORMAL_Y_POS,4795,2,18.95857188792453,-4.4112439231758565,-26.5500721679606,0.0001837020622223,2.961632309406994e-05,6.214009455666168e-07,-4.309632187434213e-07,0.0,0.0,0.0,0.0,,0.0,0.0,0.0,9.234227691139922e-07,2.0011220014393647e-06,0.0,0.3248670815035493,0.9495165550040784,0.0008515085935201,0.9396809729795668,,0,0,AMBIGUOUS,,False,False
BH050,131,1.309999942779541,0.446264748243787,7690,1,1,SHELF_NORMAL_Y_POS,4795,2,18.95857188792453,-4.475414667498831,-27.030673854279083,0.00018708018005,3.0318485922818462e-05,6.449460611150843e-07,-2.0481820351325646e-07,0.0,0.0,0.0,0.0,,0.0,0.0,0.0,9.234227691139922e-07,2.0011220014393647e-06,0.0,0.3307390467256584,0.9640047634570332,0.0008696957268257,0.9327844320099082,,0,0,AMBIGUOUS,,False,False
BH050,132,1.320000410079956,0.4546734120639981,7690,1,1,SHELF_NORMAL_Y_POS,4795,2,18.95857188792453,-4.592957983000389,-27.59255995478952,0.000190954697099,3.174735388509337e-05,5.742739080500753e-07,3.503544622585715e-07,0.0,0.0,0.0,0.0,,0.0,0.0,0.0,9.234227691139922e-07,2.0011220014393647e-06,0.0,0.3370976880326354,0.9946580803955744,0.0008906574828834,0.9271261028153144,,0,0,AMBIGUOUS,,False,False
BH050,133,1.3300002813339231,0.4630398094700846,7690,1,1,SHELF_NORMAL_Y_POS,4795,2,18.95857188792453,-4.675078266036387,-28.083158475068803,0.0001941978477765,3.1659111815409867e-05,5.558355726962769e-07,-1.7589433511198008e-07,0.0,0.0,0.0,0.0,,0.0,0.0,0.0,9.234227691139922e-07,2.0011220014393647e-06,0.0,0.3429416963482039,1.015321502247854,0.0009160352241443,0.9228409160797072,,0,0,AMBIGUOUS,,False,False
BH050,134,1.340001106262207,0.4714467417278568,7690,1,1,SHELF_NORMAL_Y_POS,4795,2,18.95857188792453,-4.757751156192999,-28.58493697881444,0.0001976757470698,3.2360077568585176e-05,5.072481598673709e-07,-1.0437187621050067e-07,0.0,0.0,0.0,0.0,,0.0,0.0,0.0,9.234227691139922e-07,2.0011220014393647e-06,0.0,0.3497166176463785,1.0335438031643256,0.0009382731714342,0.915146061873263,,0,0,AMBIGUOUS,,False,False
BH050,135,1.3500007390975952,0.4798425486830649,7690,1,1,SHELF_NORMAL_Y_POS,4795,2,18.95857188792453,-4.870478608345465,-29.157981672982853,0.0002018029654139,3.342021033831517e-05,6.866648655221751e-07,1.898756744637617e-07,0.0,0.0,0.0,0.0,,0.0,0.0,0.0,9.234227691139922e-07,2.0011220014393647e-06,0.0,0.3559368803070084,1.0604507578847246,0.0009500354985451,0.8986147026377144,,0,0,AMBIGUOUS,,False,False
BH050,136,1.3600012063980105,0.4882214768195617,7690,1,1,SHELF_NORMAL_Y_POS,4795,2,18.95857188792453,-4.951560773490907,-29.679873752714,0.0002050522991128,3.3688207279256835e-05,3.743292125673974e-07,-5.672359414175907e-08,0.0,0.0,0.0,0.0,,0.0,0.0,0.0,9.234227691139922e-07,2.0011220014393647e-06,0.0,0.3623935371859971,1.0820924906026368,0.0009604227949524,0.8828809614535277,,0,0,AMBIGUOUS,,False,False
BH050,137,1.3700004816055298,0.4969745898131789,7690,1,1,SHELF_NORMAL_Y_POS,4795,2,18.95857188792453,-4.988233702559994,-30.20935881572388,0.000209010182564,3.388582065048994e-05,6.881833355549665e-07,-9.660406297801705e-08,0.0,0.0,0.0,0.0,,0.0,0.0,0.0,9.234227691139922e-07,2.0011220014393647e-06,0.0,0.3691825596559488,1.09059296937402,0.0009928217297209,0.8819532070418991,,0,0,AMBIGUOUS,,False,False
BH050,138,1.380000352859497,0.5051913644197266,7690,1,1,SHELF_NORMAL_Y_POS,4795,2,18.95857188792453,-5.019504408176228,-30.943877768385526,0.0002142241127728,3.404875276186625e-05,5.795174034420943e-07,-3.951050945332673e-07,0.0,0.0,0.0,0.0,,0.0,0.0,0.0,9.234227691139922e-07,2.0011220014393647e-06,0.0,0.3755133227164584,1.1202581869180743,0.0010443327246004,0.8571897256510393,,0,0,AMBIGUOUS,,False,False
BH050,139,1.390000820159912,0.5133910970416963,7690,1,1,SHELF_NORMAL_Y_POS,4795,2,18.95857188792453,-5.006646829198764,-31.29664757503061,0.0002165262001376,3.4640322433345926e-05,8.364664091559972e-07,6.787044595567109e-07,0.0,0.0,0.0,0.0,,0.0,0.0,0.0,9.234227691139922e-07,2.0011220014393647e-06,0.0,0.3861448272869158,1.1346052027997344,0.0010690825879636,0.8407249204999663,,0,0,AMBIGUOUS,,False,False
BH050,140,1.4000012874603271,0.5219179670392209,7690,1,1,SHELF_NORMAL_Y_POS,4795,2,18.95857188792453,-5.368442778263578,-31.93416953186798,0.0002209547617395,3.626806330267918e-05,6.682245080303858e-07,-3.844180282857896e-07,0.0,0.0,0.0,0.0,,0.0,0.0,0.0,9.234227691139922e-07,2.0011220014393647e-06,0.0,0.4016006286975117,1.15417160990469,0.0010641694865196,0.8314406656931523,,0,0,AMBIGUOUS,,False,False
BH050,141,1.4100008010864258,0.5307153048622562,7690,1,1,SHELF_NORMAL_Y_POS,4795,2,18.95857188792453,-5.085396537563831,-32.34439910115108,0.0002233338054162,3.539321502979474e-05,2.0815417349074174e-07,6.938487889263665e-07,0.0,0.0,0.0,0.0,,0.0,0.0,0.0,9.234227691139922e-07,2.0011220014393647e-06,0.0,0.406248438580621,1.1261690041374977,0.0010810332118682,0.8132129400190389,,0,0,AMBIGUOUS,,False,False
BH050,142,1.4199999570846558,0.5397349956606519,7690,1,1,SHELF_NORMAL_Y_POS,4795,2,18.95857188792453,-5.292786389138169,-33.002104216437786,0.0002277346331559,3.6012607206293906e-05,5.99091934859938e-07,4.161293076486178e-07,0.0,0.0,0.0,0.0,,0.0,0.0,0.0,9.234227691139922e-07,2.0011220014393647e-06,0.0,0.4155439145194152,1.152955189534872,0.0011043937487086,0.8059366837386379,,0,0,AMBIGUOUS,,False,False
BH050,143,1.430000901222229,0.5486384486538957,7690,1,1,SHELF_NORMAL_Y_POS,4795,2,18.95857188792453,-5.4397446877228655,-33.48994679735036,0.0002316941506518,3.69319410961482e-05,8.431421706864024e-07,-2.3661097111769492e-08,0.0,0.0,0.0,0.0,,0.0,0.0,0.0,9.234227691139922e-07,2.0011220014393647e-06,0.0,0.4152138146593467,1.1826075635157918,0.0011195886499328,0.8076959636761576,,0,0,AMBIGUOUS,,False,False
BH050,144,1.440001130104065,0.5569159386182975,7690,1,1,SHELF_NORMAL_Y_POS,4795,2,18.95857188792453,-5.498848625136563,-34.1305897586118,0.0002357625048534,3.6885556166467545e-05,7.134940066162856e-07,-2.4819338896239773e-07,0.0,0.0,0.0,0.0,,0.0,0.0,0.0,9.234227691139922e-07,2.0011220014393647e-06,0.0,0.4313552663734411,1.2234166310628558,0.0011483570409312,0.7833422045399395,,0,0,AMBIGUOUS,,False,False
BH050,145,1.4500010013580322,0.5658508546390849,7690,1,1,SHELF_NORMAL_Y_POS,4795,2,18.95857188792453,-5.44999678514064,-34.67968792866897,0.0002396116234365,3.685606753748736e-05,8.909560868041279e-07,1.8395647949809733e-07,0.0,0.0,0.0,0.0,,0.0,0.0,0.0,9.234227691139922e-07,2.0011220014393647e-06,0.0,0.4456434305894293,1.2483494656173446,0.0011922593734443,0.77940212318314,,0,0,AMBIGUOUS,,False,False
BH050,146,1.4600000381469729,0.5744152907210306,7690,1,1,SHELF_NORMAL_Y_POS,4795,2,18.95857188792453,-5.70666425103748,-35.34529141128899,0.0002440441397099,3.8589780156461466e-05,7.325689105599299e-07,1.5351230819187801e-07,0.0,0.0,0.0,0.0,,0.0,0.0,0.0,9.234227691139922e-07,2.0011220014393647e-06,0.0,0.4379671001128891,1.2897997017457772,0.001210863508855,0.7746157566036895,,0,0,AMBIGUOUS,,False,False
BH050,147,1.4700013399124146,0.5839781801137541,7690,1,1,SHELF_NORMAL_Y_POS,4795,2,18.95857188792453,-5.699696692636441,-35.898433042128005,0.0002482694831635,3.8312146474934593e-05,7.997329197170403e-07,-4.105783114046824e-07,0.0,0.0,0.0,0.0,,0.0,0.0,0.0,9.234227691139922e-07,2.0011220014393647e-06,0.0,0.4390399434513367,1.2639021457838189,0.0012178985974817,0.7675160648700934,,0,0,AMBIGUOUS,,False,False
BH050,148,1.4800009727478027,0.5929036373174634,7690,1,1,SHELF_NORMAL_Y_POS,4795,2,18.95857188792453,-5.800820977333143,-36.56719924216495,0.0002528142795018,3.964253660768916e-05,9.873949821030645e-07,4.864695869392748e-07,0.0,0.0,0.0,0.0,,0.0,0.0,0.0,9.873949821030645e-07,2.0011220014393647e-06,0.0,0.4440159635041522,1.3026695150714611,0.0012363978288871,0.752112831364592,,0,0,AMBIGUOUS,,False,False
BH050,149,1.490001201629639,0.6010352283564205,7690,1,1,SHELF_NORMAL_Y_POS,4795,2,18.95857188792453,-5.844771342398677,-36.98081303637006,0.0002561360772422,4.008364052979923e-05,1.2586747009116705e-06,4.3233264738259253e-07,0.0,0.0,0.0,0.0,,0.0,0.0,0.0,1.2586747009116705e-06,2.0011220014393647e-06,0.0,0.4502038019153203,1.3216872359977672,0.0012662941828885,0.7374256811127391,,0,0,AMBIGUOUS,,False,False
BH050,150,1.5000008344650269,0.6103837354829954,7690,1,1,SHELF_NORMAL_Y_POS,4795,2,18.95857188792453,-6.347065175602178,-38.06083958734464,0.0002640423525728,4.41664599798616e-05,1.153301393998213e-06,4.970475919847343e-07,0.0,0.0,0.0,0.0,,0.0,0.0,0.0,1.2586747009116705e-06,2.0011220014393647e-06,0.0,0.4428342376436094,1.4086465215372532,0.0013081531974516,0.7458296949650658,19800.580506190257,1,1,AMBIGUOUS,,False,False
BH050,151,1.5100008249282837,0.6185134841247172,7690,1,1,SHELF_NORMAL_Y_POS,4795,2,18.95857188792453,-7.976206894538516,-40.027288381771406,0.0002768022947538,5.5974571818411824e-05,6.102037833014001e-07,1.333735367932084e-06,0.0,0.0,0.0,0.0,,0.0,0.0,0.0,1.2586747009116705e-06,2.0011220014393647e-06,0.0,0.5270961896869317,1.571259943839705,0.0013404657986404,0.7240001721395792,,0,0,AMBIGUOUS,,False,False
BH050,152,1.520000457763672,0.6258497406504598,7690,1,1,SHELF_NORMAL_Y_POS,4795,2,18.95857188792453,-7.870803501627573,-40.70408070658249,0.0002825091469406,5.402149763453288e-05,1.480305838849776e-06,-4.9206105682988825e-08,0.0,0.0,0.0,0.0,,0.0,0.0,0.0,1.480305838849776e-06,2.0011220014393647e-06,0.0,0.6864341519904271,0.2066382050533774,0.001368076816653,0.691999751494129,,0,0,AMBIGUOUS,,False,False
BH050,153,1.530000925064087,0.6354342825171714,7690,1,1,SHELF_NORMAL_Y_POS,4795,2,18.95857188792453,-8.298178934053112,-40.968016264894594,0.000283588119974,5.790649505707274e-05,9.118663036149492e-07,1.058610033077942e-06,0.0,0.0,0.0,0.0,,0.0,0.0,0.0,1.480305838849776e-06,2.0011220014393647e-06,0.0,0.4138743296107435,-2.6029006880553736,0.0013767270927454,0.6965175420482341,,0,0,AMBIGUOUS,,False,False
BH050,154,1.5400011539459229,0.6440767208854327,7690,1,1,SHELF_NORMAL_Y_POS,4795,2,18.95857188792453,-8.286356095838991,-40.81979730499168,0.000282253674942,5.6671445187318e-05,1.1281884912776467e-06,4.31497048763432e-07,0.0,0.0,0.0,0.0,,0.0,0.0,0.0,1.480305838849776e-06,2.0011220014393647e-06,0.0,0.8064444863069903,-4.340097603503541,0.0014005215670364,0.6797619719369807,,0,0,AMBIGUOUS,,False,False
BH050,155,1.5500003099441528,0.6528815644725559,7690,1,1,SHELF_NORMAL_Y_POS,4795,2,18.95857188792453,-8.371571691733884,-41.55585830574623,0.0002872305381193,5.748441661103192e-05,1.0264538934048089e-06,6.648020672709361e-07,0.0,0.0,0.0,0.0,,0.0,0.0,0.0,1.480305838849776e-06,2.0011220014393647e-06,0.0,0.5411500097804222,-2.8862693508671207,0.0014136452351465,0.6640547954271876,,0,0,AMBIGUOUS,,False,False
BH050,156,1.560001254081726,0.6621235935885774,7690,1,1,SHELF_NORMAL_Y_POS,4795,2,18.95857188792453,-8.417215629124655,-42.67484672591142,0.0002946951364303,5.717861468802201e-05,9.94495117024322e-07,2.818749654727752e-07,0.0,0.0,0.0,0.0,,0.0,0.0,0.0,1.480305838849776e-06,2.0011220014393647e-06,0.0,0.51992095978044,-1.7974532181021607,0.0014291606550448,0.6645354045965703,,0,0,AMBIGUOUS,,False,False
BH050,157,1.5700007677078247,0.6710533999544732,7690,1,1,SHELF_NORMAL_Y_POS,4795,2,18.95857188792453,-8.847006274064984,-43.34737052520313,0.0002993419087017,6.128058781157788e-05,8.504613810681101e-07,1.2709210287578654e-06,0.0,0.0,0.0,0.0,,0.0,0.0,0.0,1.480305838849776e-06,2.0011220014393647e-06,0.0,0.5467063893990606,-0.982230708983164,0.0014543494259588,0.6626659261498351,,0,0,AMBIGUOUS,,False,False
BH050,158,1.580000400543213,0.6785555491543084,7690,1,1,SHELF_NORMAL_Y_POS,4795,2,18.95857188792453,-9.389771569973243,-44.78174468525034,0.0003087642060651,6.380352183146289e-05,8.751145993363352e-07,5.594058169058154e-07,0.0,0.0,0.0,0.0,,0.0,0.0,0.0,1.480305838849776e-06,2.0011220014393647e-06,0.0,0.6889793334192756,0.5730917492327317,0.0015030737858483,0.6471978852957754,,0,0,AMBIGUOUS,,False,False
BH050,159,1.590001106262207,0.6887131505172193,7690,1,1,SHELF_NORMAL_Y_POS,4795,2,18.95857188792453,-9.382805190815752,-45.50816507796232,0.0003134161109248,6.266579644077634e-05,7.061226786810325e-07,-3.297225393665299e-07,0.0,0.0,0.0,0.0,,0.0,0.0,0.0,1.480305838849776e-06,2.0011220014393647e-06,5.126246833242476e-05,0.9465757264777162,1.462398910362829,0.0015350376528483,0.6550736139891324,,0,0,CONTINUED_PLASTIC_LOADING,,False,False
BH050,160,1.6000003814697266,0.6951040583453738,7690,1,1,SHELF_NORMAL_Y_POS,4795,2,18.95857188792453,-9.733308901519711,-46.16617353248451,0.0003173309610381,6.529156543835877e-05,2.654130761114548e-07,6.609557060758936e-08,0.0,0.0,0.0,0.0,,0.0,0.0,0.0,1.480305838849776e-06,2.0011220014393647e-06,5.126246833242476e-05,0.7150462729182964,1.7684859896435696,0.0016301244813473,0.645288657782866,,0,0,AMBIGUOUS,,False,False
BH050,161,1.6100010871887207,0.7045764190731976,7690,1,1,SHELF_NORMAL_Y_POS,4795,2,18.95857188792453,-9.712007754258886,-47.37045401063804,0.0003269992768547,6.626048893887664e-05,6.16682118546687e-07,1.8973468469398946e-07,0.0,0.0,0.0,0.0,,0.0,0.0,0.0,1.480305838849776e-06,2.0011220014393647e-06,5.126246833242476e-05,0.5488183961168757,2.156752372031058,0.0016365452299541,0.6429448167384352,,0,0,AMBIGUOUS,,False,False
BH050,162,1.6200003623962402,0.7131001802737174,7690,1,1,SHELF_NORMAL_Y_POS,4795,2,18.95857188792453,-10.368537698666293,-47.26458647372797,0.0003257423224168,7.046977390126716e-05,5.71336985983909e-07,3.406002795683892e-07,0.0,0.0,0.0,0.0,,0.0,0.0,0.0,1.480305838849776e-06,2.0011220014393647e-06,5.126246833242476e-05,0.9753521094886236,1.9829387888282803,0.0016859531535113,0.6409017930823221,,0,0,ELASTIC_RELOADING,,False,False
BH050,163,1.6300010681152344,0.7219333058140521,7690,1,1,SHELF_NORMAL_Y_POS,4795,2,18.95857188792453,-9.977999810522077,-48.55061875518495,0.000332853958935,6.594865345476201e-05,2.3201677068310255e-07,-4.2282179527151215e-08,0.0,0.0,0.0,0.0,,0.0,0.0,0.0,1.480305838849776e-06,2.0011220014393647e-06,5.126246833242476e-05,0.6194748260911199,2.23367164213656,0.0016914437119151,0.6315846700459918,,0,0,TRUE_ELASTIC_UNLOADING,1.977305721490019e-06,False,False
BH050,164,1.640000343322754,0.7326190764206069,7690,1,1,SHELF_NORMAL_Y_POS,4795,2,18.95857188792453,-10.868908859699786,-49.43349996199918,0.0003403834493756,7.340802563532184e-05,1.9819581596862437e-07,-2.0171339221554746e-07,0.0,0.0,0.0,0.0,,0.0,0.0,0.0,1.480305838849776e-06,2.0011220014393647e-06,5.126246833242476e-05,0.7780395738804211,2.226604578236021,0.0016703528490965,0.6185553892247272,,0,0,ELASTIC_RELOADING,,False,False
BH050,165,1.650001049041748,0.7414287959398539,7690,1,1,SHELF_NORMAL_Y_POS,4795,2,18.95857188792453,-10.661109154092555,-49.62074656093248,0.0003415719566782,7.098086445487726e-05,5.269866131848148e-07,-7.578562540900852e-07,0.0,0.0,0.0,0.0,,0.0,0.0,0.0,1.480305838849776e-06,2.0011220014393647e-06,5.126246833242476e-05,0.8897511508502368,2.2225026568505424,0.0016979096161582,0.6070843806566664,,0,0,ELASTIC_RELOADING,,False,False
BH050,166,1.6600003242492676,0.7493514662502222,7690,1,1,SHELF_NORMAL_Y_POS,4795,2,18.95857188792453,-11.084173828874546,-50.346886837862144,0.0003471032622034,7.525079037652596e-05,6.8000265775235505e-09,-4.4442980266464805e-07,0.0,0.0,0.0,0.0,,0.0,0.0,0.0,1.480305838849776e-06,2.0011220014393647e-06,5.126246833242476e-05,0.871077630498142,2.166003500153426,0.0017252481498934,0.5995773608564448,,0,0,TRUE_ELASTIC_UNLOADING,6.766256145429583e-05,True,True
BH050,167,1.6700010299682615,0.7570400339166714,7690,1,1,SHELF_NORMAL_Y_POS,4795,2,18.95857188792453,-11.161424473535932,-51.26874445785435,0.0003517718754024,7.46497195439472e-05,9.06226625436849e-08,2.0800586626084158e-07,0.0,0.0,0.0,0.0,,0.0,0.0,0.0,1.480305838849776e-06,2.0011220014393647e-06,5.126246833242476e-05,0.645769273484536,2.468706465054876,0.0018171404057744,0.6131308876569981,,0,0,TRUE_ELASTIC_UNLOADING,-9.065553803200288e-06,True,True
BH050,168,1.6800003051757812,0.7660447471677926,7690,1,1,SHELF_NORMAL_Y_POS,4795,2,18.95857188792453,-11.165791306748304,-51.45815584802215,0.0003538721795073,7.480636243585212e-05,-8.896467540452958e-08,-6.361328439589628e-07,0.0,0.0,0.0,0.0,,0.0,0.0,0.0,1.480305838849776e-06,2.0011220014393647e-06,5.126246833242476e-05,0.6102112145598325,2.5883955502546074,0.0019005065846768,0.6320053306554105,,0,0,TRUE_ELASTIC_UNLOADING,0.0001140143148425,True,True
BH050,169,1.6900010108947754,0.774520495544041,7690,1,1,SHELF_NORMAL_Y_POS,4795,2,18.95857188792453,-12.150822741625982,-52.70958280188212,0.0003637453318193,8.255210687897578e-05,5.200651924697512e-07,-3.1306716544209426e-07,0.0,0.0,0.0,0.0,,0.0,0.0,0.0,1.480305838849776e-06,2.0011220014393647e-06,5.126246833242476e-05,0.9153105198169958,2.618974972543473,0.0019573051728121,0.6346304809180419,,0,0,ELASTIC_RELOADING,,False,False
BH050,170,1.700000286102295,0.7847624791399037,7690,1,1,SHELF_NORMAL_Y_POS,4795,2,18.95857188792453,-11.940788380131837,-53.29602987703503,0.0003661226255008,7.927964943442879e-05,1.5341204084179125e-07,-8.238393925832747e-07,0.0,0.0,0.0,0.0,,0.0,0.0,0.0,1.480305838849776e-06,2.0011220014393647e-06,6.138136086519808e-05,0.840176088009369,2.6199708227091394,0.0019219260077078,0.6261275339456576,,0,0,CONTINUED_PLASTIC_LOADING_WITH_COMPONENT_DROP,,False,False
BH050,171,1.710000991821289,0.7941726761409781,7690,1,1,SHELF_NORMAL_Y_POS,4795,2,18.95857188792453,-12.421980363633734,-54.04080743638536,0.0003706646931688,8.36279468769581e-05,-2.9141231594599453e-07,3.5958613476758106e-07,0.0,0.0,0.0,0.0,,0.0,0.0,0.0,1.480305838849776e-06,2.0011220014393647e-06,6.138136086519808e-05,0.7729704941641732,2.659684613311096,0.0019364738580454,0.6174756527220591,,0,0,TRUE_ELASTIC_UNLOADING,3.43614091095068e-05,True,True
BH050,172,1.7200002670288086,0.8044171801138559,7690,1,1,SHELF_NORMAL_Y_POS,4795,2,18.95857188792453,-12.24082978260381,-54.46392709461291,0.0003741039710232,8.230060196788244e-05,-2.863073356807258e-07,-2.249484277461189e-07,0.0,0.0,0.0,0.0,,0.0,0.0,0.0,1.480305838849776e-06,2.0011220014393647e-06,6.138136086519808e-05,0.7838447718370006,2.659263484569939,0.0019465642847749,0.6139116206204536,,0,0,ELASTIC_RELOADING,,False,False
BH050,173,1.7300009727478027,0.8123263410324402,7690,1,1,SHELF_NORMAL_Y_POS,4795,2,18.95857188792453,-12.485987380636288,-55.063094514436514,0.0003794180714733,8.537088369878166e-05,8.868247259735944e-08,3.53295162126106e-07,0.0,0.0,0.0,0.0,,0.0,0.0,0.0,1.480305838849776e-06,2.0011220014393647e-06,6.138136086519808e-05,0.7750978551845772,2.696210693155241,0.0020528093669224,0.6292583222710268,,0,0,TRUE_ELASTIC_UNLOADING,2.530279851098438e-05,True,True
BH050,174,1.7400002479553225,0.8199614023535918,7690,1,1,SHELF_NORMAL_Y_POS,4795,2,18.95857188792453,-12.86815381862418,-55.99488006970659,0.0003851019224025,8.675346944734077e-05,-4.593084985702261e-07,-6.967505015028578e-07,0.0,0.0,0.0,0.0,,0.0,0.0,0.0,1.480305838849776e-06,2.0011220014393647e-06,6.138136086519808e-05,0.600411794746571,2.919466450976085,0.0021452376376309,0.6435323449741495,,0,0,TRUE_ELASTIC_UNLOADING,1.2006122473651182e-05,True,True
BH050,175,1.7500009536743164,0.826298740648802,7690,1,1,SHELF_NORMAL_Y_POS,4795,2,18.95857188792453,-12.7754043006629,-56.30330388687366,0.000387750616448,8.546667809980544e-05,5.462007732509887e-07,-8.53639052681961e-07,0.0,0.0,0.0,0.0,,0.0,0.0,0.0,1.480305838849776e-06,2.0011220014393647e-06,6.138136086519808e-05,0.5869323239036514,3.017337322063929,0.0022082468351796,0.6456337451162311,-129050.55094227042,1,1,TRUE_ELASTIC_UNLOADING,5.643803245658496e-05,True,True
BH050,176,1.760000228881836,0.8332208466271838,7690,1,1,SHELF_NORMAL_Y_POS,4795,2,18.95857188792453,-12.845599204692457,-57.06062998115015,0.0003934982534623,8.68342612055312e-05,6.490860939266656e-07,-3.8105286938989145e-07,0.0,0.0,0.0,0.0,,0.0,0.0,0.0,1.480305838849776e-06,2.0011220014393647e-06,6.138136086519808e-05,0.6234998251900132,2.9919180894276773,0.0022243691282431,0.6408177266114439,,0,0,ELASTIC_RELOADING,,False,False
BH050,177,1.77000093460083,0.8406117978401411,7690,1,1,SHELF_NORMAL_Y_POS,4795,2,18.95857188792453,-13.0773410001494,-57.25819917907833,0.0003955261566007,8.90467883158893e-05,1.0810183849444444e-06,-7.127183363885709e-10,0.0,0.0,0.0,0.0,,0.0,0.0,0.0,1.480305838849776e-06,2.0011220014393647e-06,6.138136086519808e-05,0.6404455959563288,2.8784500198243825,0.0023084986196076,0.6510920879638047,,0,0,ELASTIC_RELOADING,,False,False
BH050,178,1.7800002098083496,0.8491733351752896,7690,1,1,SHELF_NORMAL_Y_POS,4795,2,18.95857188792453,-13.193106880672644,-57.85124955283106,0.0003990648278681,8.922268508958177e-05,8.613128428432962e-07,-2.839911879587605e-07,0.0,0.0,0.0,0.0,,0.0,0.0,0.0,1.480305838849776e-06,2.0011220014393647e-06,6.138136086519808e-05,0.5708365979626415,2.970762910811621,0.0023356098688677,0.654685355197861,,0,0,TRUE_ELASTIC_UNLOADING,2.925832696332176e-05,True,True
BH050,179,1.7900009155273438,0.8565672881069183,7690,1,1,SHELF_NORMAL_Y_POS,4795,2,18.95857188792453,-13.66658970808906,-58.76118961196708,0.00040519270628,9.304255721126302e-05,7.548926362830049e-07,3.18567787888557e-07,0.0,0.0,0.0,0.0,,0.0,0.0,0.0,1.480305838849776e-06,2.0011220014393647e-06,6.138136086519808e-05,0.5830770231309729,3.1024344222378017,0.0024130392234649,0.6598371216761478,,0,0,ELASTIC_RELOADING,,False,False
BH050,180,1.8000001907348633,0.8654362325011453,7690,1,1,SHELF_NORMAL_Y_POS,4795,2,18.95857188792453,-13.715445156873766,-59.22431314443798,0.0004089425605463,9.32872701389022e-05,1.0285047927773933e-06,-4.935712916436137e-08,0.0,0.0,0.0,0.0,,0.0,0.0,0.0,1.480305838849776e-06,2.0011220014393647e-06,6.138136086519808e-05,0.5264686622044402,3.205890854059374,0.0024850303121745,0.6683306907740489,,0,0,TRUE_ELASTIC_UNLOADING,-2.921828232249624e-06,True,True
BH050,181,1.8100008964538568,0.8744755918310068,7690,1,1,SHELF_NORMAL_Y_POS,4795,2,18.95857188792453,-14.408189999122373,-60.162096009463575,0.0004139241058833,9.73804600488419e-05,2.288643453774423e-07,-4.354178619199976e-08,0.0,0.0,0.0,0.0,,0.0,0.0,0.0,1.480305838849776e-06,2.0011220014393647e-06,6.138136086519808e-05,0.5380382203963742,3.390925969654351,0.0025618538901221,0.6771704207885354,,0,0,ELASTIC_RELOADING,,False,False
BH050,182,1.820000171661377,0.8837485549348055,7690,1,1,SHELF_NORMAL_Y_POS,4795,2,18.95857188792453,-14.380602190302543,-60.36421854325181,0.0004159387724772,9.781435664310208e-05,4.356323977746686e-07,1.7031577763653577e-07,0.0,0.0,0.0,0.0,,0.0,0.0,0.0,1.480305838849776e-06,2.0011220014393647e-06,6.138136086519808e-05,0.5007009372239092,3.4825646632359337,0.0026306399454916,0.6856034763984711,,0,0,TRUE_ELASTIC_UNLOADING,-6.208233815141462e-05,True,True
BH050,183,1.830000877380371,0.8911766414218666,7690,1,1,SHELF_NORMAL_Y_POS,4795,2,18.95857188792453,-14.834890379023063,-61.1141341555208,0.00041993575199,9.948438666504952e-05,1.2098978821555972e-07,-4.277687867205917e-07,0.0,0.0,0.0,0.0,,0.0,0.0,0.0,1.480305838849776e-06,2.0011220014393647e-06,6.138136086519808e-05,0.5489829851788849,3.629085924906517,0.0026967217193161,0.690982743832022,,0,0,ELASTIC_RELOADING,,False,False
BH050,184,1.8400001525878904,0.8992889164455989,7690,1,1,SHELF_NORMAL_Y_POS,4795,2,18.95857188792453,-14.648657529494391,-62.25365706338852,0.0004289230808187,9.863698297480012e-05,6.411612699833662e-07,-5.781195193321417e-07,0.0,0.0,0.0,0.0,,0.0,0.0,0.0,1.480305838849776e-06,2.0011220014393647e-06,6.138136086519808e-05,0.5240048939270111,3.79460199308508,0.0027258168669672,0.6898044846835761,,0,0,TRUE_ELASTIC_UNLOADING,1.0412835824147317e-05,True,True
BH050,185,1.8500008583068848,0.9056764334552162,7690,1,1,SHELF_NORMAL_Y_POS,4795,2,18.95857188792453,-14.859117623514267,-63.19075783139565,0.0004351633764569,0.0001001673759045,1.527113054657081e-07,-7.536103905402339e-07,0.0,0.0,0.0,0.0,,0.0,0.0,0.0,1.480305838849776e-06,2.0011220014393647e-06,6.138136086519808e-05,0.4900369121995812,3.983810545579981,0.002827216412993,0.6989947620268528,,0,0,TRUE_ELASTIC_UNLOADING,3.704330704956682e-06,True,True
BH050,186,1.8600001335144043,0.9113228097066844,7690,1,1,SHELF_NORMAL_Y_POS,4795,2,18.95857188792453,-15.122015362392474,-63.86483931995445,0.000438725829002,0.0001012387857608,1.630839223907703e-07,-3.91996478484773e-07,0.0,0.0,0.0,0.0,,0.0,0.0,0.0,1.480305838849776e-06,2.0011220014393647e-06,6.138136086519808e-05,0.4596936385070312,4.160148456853554,0.0029477506996514,0.7148799341015726,,0,0,TRUE_ELASTIC_UNLOADING,-4.757948657285738e-06,True,True
BH050,187,1.8700008392333984,0.9169123220432446,7690,1,1,SHELF_NORMAL_Y_POS,4795,2,18.95857188792453,-15.57113869645675,-64.49772657123972,0.0004442935116809,0.0001054415968359,1.5570506880580384e-08,-6.341240054632408e-07,0.0,0.0,0.0,0.0,,0.0,0.0,0.0,1.480305838849776e-06,2.0011220014393647e-06,6.138136086519808e-05,0.4721373492336261,4.350179796778415,0.0030171974323365,0.716811937815202,,0,0,ELASTIC_RELOADING,,False,False
BH050,188,1.880000114440918,0.9221754818499882,7690,1,1,SHELF_NORMAL_Y_POS,4795,2,18.95857188792453,-15.788672086040844,-64.52599932056229,0.0004436373014253,0.0001064542990598,5.739863109126996e-07,2.84951004434408e-07,0.0,0.0,0.0,0.0,,0.0,0.0,0.0,1.480305838849776e-06,2.0011220014393647e-06,6.138136086519808e-05,0.5118841260396388,4.494512626116715,0.003148476057947,0.7320391210448143,,0,0,ELASTIC_RELOADING,,False,False
BH050,189,1.890000820159912,0.9268077804081664,7690,1,1,SHELF_NORMAL_Y_POS,4795,2,18.95857188792453,-15.682501928846396,-63.84593587480535,0.0004399666244513,0.000106034791882,8.894692543260003e-07,-1.1540055478310303e-07,0.0,0.0,0.0,0.0,,0.0,0.0,0.0,1.480305838849776e-06,2.0011220014393647e-06,6.138136086519808e-05,0.4670526656229364,4.707231874032208,0.0032233371976834,0.7346072373753667,,0,0,TRUE_ELASTIC_UNLOADING,1.8962452912774097e-05,True,True
BH050,190,1.900000095367432,0.9336645075582282,7690,1,1,SHELF_NORMAL_Y_POS,4795,2,18.95857188792453,-15.81057523298845,-64.3480132963066,0.0004426143072989,0.0001065315728044,1.1924842539578947e-06,6.219944367834816e-07,0.0,0.0,0.0,0.0,,0.0,0.0,0.0,1.480305838849776e-06,2.0011220014393647e-06,6.138136086519808e-05,0.4368919314194238,4.942635910319153,0.0033551645571693,0.7467790796699122,,0,0,TRUE_ELASTIC_UNLOADING,6.681498679883546e-07,True,True
BH050,191,1.9100008010864256,0.9395726641914643,7690,1,1,SHELF_NORMAL_Y_POS,4795,2,18.95857188792453,-15.991516468227342,-64.7544595064913,0.0004460153163115,0.0001071161573248,1.8121196415928728e-06,-1.6004518303518178e-08,7.860587821876162e-07,-1.0831005089914586e-06,1.0628241398080718e-06,5.338595343573616e-08,,0.0002431423636153,0.000128590982058,0.000247298652539,1.8121196415928728e-06,2.0011220014393647e-06,6.138136086519808e-05,0.4823794312525113,5.132618791008129,0.0034525255055423,0.753682247185874,,0,0,ELASTIC_RELOADING,,False,False
BH050,192,1.920000076293945,0.9455492776358546,7690,1,1,SHELF_NORMAL_Y_POS,4795,2,18.95857188792453,-16.30271404871898,-65.1583915713714,0.000450546073725,0.0001095956160887,2.868535918537426e-06,-3.6986510946329654e-07,9.371311250750644e-07,-1.291771861159642e-06,1.2675363905145789e-06,6.371150362838307e-08,,0.0002899743849411,0.0001534621842438,0.0002949819318018,2.868535918537426e-06,2.0011220014393647e-06,6.138136086519808e-05,0.5017093471191604,5.210640328345201,0.0035551898658592,0.7600074304719999,,0,0,ELASTIC_RELOADING,,False,False
BH050,193,1.93000078201294,0.953032323291041,7690,1,1,SHELF_NORMAL_Y_POS,4795,2,18.95857188792453,-16.546272033027098,-65.80919189122304,0.0004564557605704,0.000108198466993,4.204866830789957e-06,-3.5253309526666297e-06,2.4451257704403764e-06,-3.373419835637824e-06,3.311831505925511e-06,1.657160879631192e-07,,0.0007576479110866,0.0003991610719822,0.0007704399176873,4.204866830789957e-06,3.5253309526666297e-06,6.138136086519808e-05,0.5276967261222437,5.391246846127881,0.0036550282970594,0.7671537468106311,,0,0,ELASTIC_RELOADING,,False,False
BH050,194,1.940000057220459,0.9589852796518668,7690,1,1,SHELF_NORMAL_Y_POS,4795,2,18.95857188792453,-16.66070208409108,-65.80396289598518,0.0004572802579589,0.0001077273123437,4.347474660943354e-06,-5.505511425076817e-06,3.6488806276425296e-06,-5.03864182774521e-06,4.948623882228276e-06,2.45916481844688e-07,,0.001132097095251,0.0005923401331529,0.0011513015488162,4.347474660943354e-06,5.505511425076817e-06,6.138136086519808e-05,0.5042669473894943,5.480656304362402,0.0037511977010956,0.7739445751053127,,0,0,TRUE_ELASTIC_UNLOADING,7.389013018377355e-05,True,True
BH050,195,1.950000762939453,0.9652514089535124,7690,1,1,SHELF_NORMAL_Y_POS,4795,2,18.95857188792453,-16.971184134507112,-66.89195754371346,0.0004665037706922,0.0001063790945532,5.24365581443015e-06,-9.806549753928367e-06,5.308446122797722e-06,-7.32382533137904e-06,7.197754712251481e-06,3.556711476448982e-07,,0.0016466308152303,0.0008567066397517,0.0016733562806621,5.24365581443015e-06,9.806549753928367e-06,6.138136086519808e-05,0.5124818536805441,5.66082610529436,0.0038691967903695,0.7828281352138395,,0,0,ELASTIC_RELOADING,,False,False
BH050,196,1.9600000381469729,0.970457658280968,7690,1,1,SHELF_NORMAL_Y_POS,4795,2,18.95857188792453,-16.994836548743844,-66.83960958376579,0.0004688557303049,0.0001043265150776,8.274652448417337e-06,-1.1705440416890766e-05,7.075653855471845e-06,-9.77030619836526e-06,9.608518666937016e-06,4.717283275113005e-07,,0.0021981415338814,0.0011362541699782,0.0022351522929966,8.274652448417337e-06,1.1705440416890766e-05,6.138136086519808e-05,0.513962213060019,5.757825120558047,0.003987794635325,0.7908711400911375,,0,0,ELASTIC_RELOADING,,False,False
BH050,197,1.9700007438659668,0.9751630515207572,7690,1,1,SHELF_NORMAL_Y_POS,4795,2,18.95857188792453,-17.33843091607243,-67.40525680866878,0.0004757453234682,0.0001012275019736,1.0953114489080165e-05,-1.748065705664808e-05,1.0125262601356466e-05,-1.398471548646634e-05,1.376605996483704e-05,6.720127316839353e-07,,0.0031492623966187,0.0016186800785362,0.0032022115774452,1.0953114489080165e-05,1.748065705664808e-05,6.138136086519808e-05,0.4993863579457994,5.906050226145031,0.0041419033427491,0.8022679509628736,,0,0,TRUE_ELASTIC_UNLOADING,-8.681197597093515e-05,True,True
BH050,198,1.9800000190734863,0.9785378407104958,7690,1,1,SHELF_NORMAL_Y_POS,4795,2,18.95857188792453,-17.51283367769568,-67.60357567157295,0.0004836928676092,9.433884055491756e-05,1.6797994121608027e-05,-2.630666431143315e-05,1.5148646341911583e-05,-2.094423428135904e-05,2.06350287044188e-05,1.00574538919318e-06,,0.0047206771560013,0.0024225434754043,0.004800833761692,1.6797994121608027e-05,2.630666431143315e-05,6.138136086519808e-05,0.5484348535485062,6.1067235953939365,0.004279731046216,0.8089877424369825,,0,0,ELASTIC_RELOADING,,False,False
BH050,199,1.9900007247924805,0.9824559538737088,7690,1,1,SHELF_NORMAL_Y_POS,4795,2,18.95857188792453,-17.802377239448752,-67.54440118796803,0.0004898078066091,8.475436881055982e-05,2.305258045420219e-05,-3.816198212419565e-05,2.1756370642398785e-05,-3.013299753999084e-05,2.9719820304308087e-05,1.4492081845673963e-06,,0.0067990054376423,0.0034907141234725,0.0069151911884546,2.305258045420219e-05,3.816198212419565e-05,6.138136086519808e-05,0.5420412636390581,6.335775651643086,0.0044311163799015,0.8187240443072329,,0,0,TRUE_ELASTIC_UNLOADING,9.034064031820944e-05,True,True
BH050,200,2.0,0.985270268850744,7690,1,1,SHELF_NORMAL_Y_POS,4795,2,18.95857188792453,-18.09172084618139,-67.56024675269552,0.0004989712752959,7.199947016268624e-05,3.15554876687354e-05,-5.346798170514119e-05,3.0172857293120555e-05,-4.188046417068118e-05,4.1340692405356094e-05,2.0281738670746563e-06,,0.0094575136899948,0.0048852711915969,0.0096164671704173,3.15554876687354e-05,5.346798170514119e-05,6.138136086519808e-05,0.5554698344159406,6.567657718689462,0.0045830291490449,0.8249281674806829,179674.14500469383,1,1,ELASTIC_RELOADING,,False,False
BH050,201,2.010000705718994,0.988266084545478,7690,1,1,SHELF_NORMAL_Y_POS,4795,2,18.95857188792453,-18.609205621154093,-67.61070507509967,0.0005101844156594,5.838074648870117e-05,4.148622382220398e-05,-7.159740304013237e-05,3.967807589403978e-05,-5.522687480496781e-05,5.4555606766371056e-05,2.698542630241718e-06,,0.0124806901440024,0.0064999922178685,0.0126913972198963,4.148622382220398e-05,7.159740304013237e-05,6.138136086519808e-05,0.5648555830694274,6.821396107756734,0.0047220899683018,0.8320613398910238,,0,0,ELASTIC_RELOADING,,False,False
BH050,202,2.0199999809265137,0.991514119006304,7690,1,1,SHELF_NORMAL_Y_POS,4795,2,18.95857188792453,-18.81854111247376,-67.42902014502147,0.0005176560275022,4.550688371843898e-05,5.009530972930191e-05,-8.603669788476219e-05,4.797740025657027e-05,-6.695976574090293e-05,6.618515908485278e-05,3.300313437648583e-06,,0.0151411835104227,0.007949479855597,0.0154006527736783,5.009530972930191e-05,8.603669788476219e-05,6.138136086519808e-05,0.5748046893821028,7.036466063745607,0.0048710002838587,0.8375941592700911,,0,0,ELASTIC_RELOADING,,False,False
BH050,203,2.030000686645508,0.9936643315434964,7690,1,1,SHELF_NORMAL_Y_POS,4795,2,18.95857188792453,-19.204943145104902,-67.49311032818288,0.0005268148721888,2.859907654331512e-05,5.919750526091817e-05,-0.0001052291163079,5.750336399202853e-05,-8.051561242607666e-05,7.963430107338354e-05,4.006625204056036e-06,,0.0182179454714059,0.0096507761627435,0.0185445733368396,5.919750526091817e-05,0.0001052291163079,6.138136086519808e-05,0.5888604322283059,7.2566027750715,0.0050264668172192,0.8436923664545136,,0,0,ELASTIC_RELOADING,,False,False
BH050,204,2.039999961853028,0.9966021353750822,7690,1,1,SHELF_NORMAL_Y_POS,4795,2,18.95857188792453,-19.5294064244682,-67.4043221231176,0.000534261697596,1.5752554586175764e-05,6.714906401088954e-05,-0.0001204274820036,6.545571177431709e-05,-9.190010174821768e-05,9.094481356441976e-05,4.608017661666963e-06,,0.0208054520189762,0.0110993525013327,0.0211859568953514,6.714906401088954e-05,0.0001204274820036,6.138136086519808e-05,0.6015012618149,7.494822154667085,0.0051793665050341,0.8501284993549338,,0,0,ELASTIC_RELOADING,,False,False
BH050,205,2.050000667572021,0.9984527002937388,7690,1,1,SHELF_NORMAL_Y_POS,4795,2,18.95857188792453,-20.04285902002734,-67.29891957893979,0.000547268998725,-3.922487583123352e-06,8.029690139762644e-05,-0.0001442397884203,7.853764818056721e-05,-0.000110801769727,0.0001097422282327,5.61742672289256e-06,,0.0251057390123605,0.0135307200253009,0.0255572739988565,8.029690139762644e-05,0.0001442397884203,6.138136086519808e-05,0.6160018786610142,7.762934637300011,0.0053413307667687,0.8560890831210413,,0,0,ELASTIC_RELOADING,,False,False
BH050,206,2.059999942779541,0.999802355779382,7690,1,1,SHELF_NORMAL_Y_POS,4795,2,18.95857188792453,-20.47772241226124,-67.07595842022648,0.0005589895826895,-2.8117478064545445e-05,9.364752787412456e-05,-0.0001713519107049,9.18951522338896e-05,-0.0001303449706204,0.0001292090310016,6.67839822199312e-06,,0.0295591577887535,0.0160862877964973,0.0301014687865972,9.364752787412456e-05,0.0001713519107049,6.138136086519808e-05,0.6293155006259445,8.038308157244568,0.0055214248456408,0.8619323227935894,,0,0,ELASTIC_RELOADING,,False,False
BH050,207,2.070000648498535,1.0,7690,1,1,SHELF_NORMAL_Y_POS,4795,2,18.95857188792453,-21.02420548811192,-66.80633660475645,0.0005711317950993,-5.027995305775888e-05,0.0001073380774117,-0.000197607326621,0.0001057556904209,-0.0001508874913461,0.0001497037010267,7.814826858520973e-06,,0.0342477262020111,0.0188236087560653,0.0348800905048847,0.0001073380774117,0.000197607326621,6.138136086519808e-05,0.6473549236058133,8.320488668509078,0.0057150785579366,0.8689982152695321,,0,0,ELASTIC_RELOADING,,False,False
BH050,208,2.0799999237060547,0.999766304437714,7690,1,1,SHELF_NORMAL_Y_POS,4795,2,18.95857188792453,-21.474584953069964,-66.6369547237863,0.0005824096733064,-7.264908454784696e-05,0.0001199470121697,-0.0002229294661634,0.0001188532191802,-0.0001705399046975,0.00016934312589,8.917985724110622e-06,,0.0387406386435031,0.0214807912707328,0.039475105702877,0.0001199470121697,0.0002229294661634,6.138136086519808e-05,0.666009433387472,8.608570197769634,0.0059153263552171,0.8753537352450166,,0,0,ELASTIC_RELOADING,,False,False
BH050,209,2.090000629425049,0.9992129807252538,7690,1,1,SHELF_NORMAL_Y_POS,4795,2,18.95857188792453,-21.859814616300927,-65.89457883507477,0.0005933432708573,-0.0001034131218059,0.0001360991243434,-0.0002562694972222,0.0001355062451701,-0.0001959462249716,0.0001947882119566,1.0364251465944108e-05,,0.0445617139339447,0.0249644182622432,0.0454048663377761,0.0001360991243434,0.0002562694972222,6.138136086519808e-05,0.6848238420478994,8.897507567401917,0.0061226923363955,0.8812966494734826,,0,0,ELASTIC_RELOADING,,False,False
BH050,210,2.0999999046325684,0.9977660921707356,7690,1,1,SHELF_NORMAL_Y_POS,4795,2,18.95857188792453,-22.29629978058425,-65.42440938363292,0.0006033106121867,-0.000129435342942,0.0001491024516219,-0.0002855229302138,0.0001495589045995,-0.0002177389643422,0.0002166618942283,1.1630336302914657e-05,,0.0495657548308372,0.0280140433460474,0.0505175702273845,0.0001491024516219,0.0002855229302138,6.138136086519808e-05,0.6981932571803295,9.207892398963011,0.0063236600450662,0.8862073824573162,,0,0,ELASTIC_RELOADING,,False,False
BH050,211,2.1100006103515625,0.996367888579628,7690,1,1,SHELF_NORMAL_Y_POS,4795,2,18.95857188792453,-22.68433241693313,-64.67540680830197,0.0006131168638003,-0.0001585110431309,0.0001638376864087,-0.0003175293376328,0.0001656151097161,-0.0002429624935414,0.0002420303208054,1.313543543801643e-05,,0.0553692951798439,0.0316393822431564,0.0564465895295143,0.0001638376864087,0.0003175293376328,6.138136086519808e-05,0.6679934852578856,9.611313434508656,0.006529262847981,0.8906696592475808,,0,0,TRUE_ELASTIC_UNLOADING,4.558258529907544e-05,True,True
BH050,212,2.119999885559082,0.9944113501982692,7690,1,1,SHELF_NORMAL_Y_POS,4795,2,18.95857188792453,-23.410085945318286,-64.13937487453035,0.0006278275882473,-0.0001958882393319,0.0001827178558256,-0.0003594591081875,0.0001859399538164,-0.0002756224638967,0.0002749756677076,1.5117133443709465e-05,,0.0629062056541442,0.0364127047359943,0.0641348510980606,0.0001827178558256,0.0003594591081875,6.138136086519808e-05,0.7174983922253776,10.034956127667892,0.0067353720240133,0.8942335024581336,,0,0,ELASTIC_RELOADING,,False,False
BH050,213,2.130000591278076,0.9907020191746904,7690,1,1,SHELF_NORMAL_Y_POS,4795,2,18.95857188792453,-24.03095561359569,-63.48580010709472,0.0006412077474047,-0.0002305352283096,0.0001992194390337,-0.0003997941968638,0.0002045275731678,-0.0003062848674708,0.0003060202579945,1.7016896890709177e-05,,0.0700082778930664,0.0409886762499809,0.0713176354765892,0.0001992194390337,0.0003997941968638,6.138136086519808e-05,0.7184313641730512,10.446483849811516,0.0069507149798746,0.897452836769239,,0,0,ELASTIC_RELOADING,,False,False
BH050,214,2.1400012969970703,0.9871773222912796,7690,1,1,SHELF_NORMAL_Y_POS,4795,2,18.95857188792453,-24.62625543879137,-62.87940064435213,0.0006501956267416,-0.0002642660249018,0.000213277763718,-0.000436761225214,0.0002212860626694,-0.0003346475623357,0.0003348353784531,1.882452670542989e-05,,0.0766003131866455,0.0453427247703075,0.0780844911932945,0.000213277763718,0.000436761225214,6.138136086519808e-05,0.7399787688557917,10.894222832095595,0.0071644251011438,0.9002163156663846,,0,0,ELASTIC_RELOADING,,False,False
BH050,215,2.15000057220459,0.983765100043012,7690,1,1,SHELF_NORMAL_Y_POS,4795,2,18.95857188792453,-25.24824050072016,-62.52877734583407,0.000661462341766,-0.0002933582659654,0.0002265055949123,-0.0004706154493737,0.0002361660785339,-0.0003604682168938,0.0003612016444094,2.050303191936109e-05,,0.0826321318745613,0.0493857450783252,0.0842308923602104,0.0002265055949123,0.0004706154493737,6.138136086519808e-05,0.7566826654291487,11.38297507504973,0.0073808604881002,0.9025118111178668,,0,0,ELASTIC_RELOADING,,False,False
BH050,216,2.160001277923584,0.9774838435660383,7690,1,1,SHELF_NORMAL_Y_POS,4795,2,18.95857188792453,-25.74728254620888,-61.85674525211571,0.0006704840206722,-0.0003244523830326,0.0002404312151446,-0.0005049006076437,0.0002517457631551,-0.0003881528937942,0.0003895911213476,2.234185922134202e-05,,0.0891267880797386,0.0538149364292621,0.0908876806497573,0.0002404312151446,0.0005049006076437,6.138136086519808e-05,0.7703081863456338,11.887178511737286,0.0075962821907824,0.903850997542582,,0,0,ELASTIC_RELOADING,,False,False
BH050,217,2.1700005531311035,0.9719808493391028,7690,1,1,SHELF_NORMAL_Y_POS,4795,2,18.95857188792453,-26.17771648715976,-61.18010103251768,0.0006837459906646,-0.0003670109841216,0.0002579307067113,-0.0005508743011715,0.0002712788194543,-0.000423789198676,0.0004262552247382,2.47655734710861e-05,,0.0975144356489181,0.0596529431641101,0.0994035303592681,0.0002579307067113,0.0005508743011715,6.138136086519808e-05,0.7726859275648168,12.366261531920228,0.0078240110580943,0.9052139060426664,,0,0,ELASTIC_RELOADING,,False,False
BH050,218,2.1800012588500977,0.9649578667919008,7690,1,1,SHELF_NORMAL_Y_POS,4795,2,18.95857188792453,-26.617411719993665,-60.42177763987805,0.0006919511496729,-0.0003964039717975,0.0002705644937361,-0.0005841198955692,0.000285984225163,-0.000451327545829,0.0004547959542833,2.6689089281717315e-05,,0.1040436998009681,0.0642861276865005,0.1060302630066871,0.0002705644937361,0.0005841198955692,6.138136086519808e-05,0.7816000852015439,12.856443504870011,0.0080580274218175,0.9064026815444682,,0,0,ELASTIC_RELOADING,,False,False
BH050,219,2.190000534057617,0.9595276240318236,7690,1,1,SHELF_NORMAL_Y_POS,4795,2,18.95857188792453,-27.021903520689023,-59.951314704250834,0.000694004717438,-0.0004216783154564,0.0002764735902051,-0.0006115867847384,0.0002961736215475,-0.0004708184323525,0.0004751979431603,2.8083093638997525e-05,,0.1087110713124275,0.0676438733935356,0.1108979508280754,0.0002764735902051,0.0006115867847384,6.138136086519808e-05,0.7730462554899137,13.285594727791429,0.0082998518528844,0.908399063041444,,0,0,TRUE_ELASTIC_UNLOADING,-0.0003821091956404,True,True
BH050,220,2.200001239776612,0.9556053688856014,7690,1,1,SHELF_NORMAL_Y_POS,4795,2,18.95857188792453,-27.393710107034497,-59.8465853519391,0.0007012682973347,-0.0004413246250346,0.000284239429977,-0.0006340248616672,0.0003055298499662,-0.0004890727054803,0.0004943902604281,2.941040474979673e-05,,0.1131016984581947,0.0708409696817398,0.1153901219367981,0.000284239429977,0.0006340248616672,6.138136086519808e-05,0.7674409856894765,13.694676574103942,0.0085188614564146,0.909775607658296,,0,0,TRUE_ELASTIC_UNLOADING,-9.760541557590764e-05,True,True
BH050,221,2.210000514984131,0.952294159903108,7690,1,1,SHELF_NORMAL_Y_POS,4795,2,18.95857188792453,-27.84467026718457,-59.56967780036008,0.0007074934607378,-0.000470183856328,0.000292492367092,-0.0006658876628781,0.0003170249437646,-0.0005119269584333,0.0005185029585845,3.108597593382001e-05,,0.1186179593205452,0.0748769268393516,0.1210468336939811,0.000292492367092,0.0006658876628781,6.138136086519808e-05,0.7714585245865174,14.148702585049188,0.0087104829913642,0.9094893228509946,,0,0,ELASTIC_RELOADING,,False,False
BH050,222,2.220001220703125,0.9491895016152916,7690,1,1,SHELF_NORMAL_Y_POS,4795,2,18.95857188792453,-28.30668507361689,-59.33361082818712,0.0007188682934047,-0.0005013516893438,0.0003051674954255,-0.0007005806503097,0.000330833376447,-0.0005400333275575,0.0005482575506903,3.317155278637074e-05,,0.1254249215126037,0.0799004659056663,0.1279565989971161,0.0003051674954255,0.0007005806503097,6.138136086519808e-05,0.7675535523052712,14.625521966851752,0.0088787666979651,0.9074884201650316,,0,0,TRUE_ELASTIC_UNLOADING,0.0001342959043292,True,True
BH050,223,2.2300004959106445,0.9458182360496552,7690,1,1,SHELF_NORMAL_Y_POS,4795,2,18.95857188792453,-28.805196404679545,-59.29196836794497,0.0007259682567736,-0.0005313194922094,0.0003126737517734,-0.000733875942164,0.0003426424982709,-0.0005647207470572,0.0005745383095927,3.502228355500847e-05,,0.1314371675252914,0.0843583345413208,0.134079024195671,0.0003126737517734,0.000733875942164,6.138136086519808e-05,0.7823028753540944,15.16671758123445,0.0090407857885122,0.904649042854794,,0,0,ELASTIC_RELOADING,,False,False
BH050,224,2.2400012016296387,0.9406577960276442,7690,1,1,SHELF_NORMAL_Y_POS,4795,2,18.95857188792453,-29.38833048658915,-58.99040164716794,0.0007325230548498,-0.0005652471454155,0.0003213339044734,-0.0007718136840828,0.0003557603787293,-0.0005928746566457,0.0006047663628123,3.715694765560329e-05,,0.1383524537086486,0.0895000994205474,0.1411518901586532,0.0003213339044734,0.0007718136840828,6.138136086519808e-05,0.787935531150208,15.793019218038754,0.0092286052319683,0.9015556110089412,,0,0,ELASTIC_RELOADING,,False,False
BH050,225,2.250000476837158,0.9324049185579808,7690,1,1,SHELF_NORMAL_Y_POS,4795,2,18.95857188792453,-29.79986289182327,-58.27261610941877,0.0007362430912257,-0.0006046043966426,0.0003305074339913,-0.0008135237873959,0.000370429072028,-0.0006255727212822,0.0006402009748853,3.969293175032362e-05,,0.1464588344097137,0.095608539879322,0.1494403928518295,0.0003305074339913,0.0008135237873959,6.138136086519808e-05,0.8001115040467652,16.523750885469646,0.0094497300318353,0.8977089729372956,-17218.249662874772,1,1,ELASTIC_RELOADING,,False,False
BH050,226,2.2600011825561523,0.921853855047026,7690,1,1,SHELF_NORMAL_Y_POS,4795,2,18.95857188792453,-30.345477480942456,-57.522864913851485,0.0007428677421171,-0.0006461189075425,0.0003418030238754,-0.0008593215006719,0.0003865157798308,-0.0006632349005043,0.000681439298205,4.270181671017781e-05,,0.1558929234743118,0.1028560549020767,0.1590229123830795,0.0003418030238754,0.0008593215006719,6.138136086519808e-05,0.8094571905998852,17.39296815540293,0.0096924652790649,0.8926610035755561,,0,0,ELASTIC_RELOADING,,False,False
BH050,227,2.270000457763672,0.908979263935024,7690,1,1,SHELF_NORMAL_Y_POS,4795,2,18.95857188792453,-30.962124156589297,-56.986563354197806,0.0007474728740692,-0.0006900280559044,0.0003501765929421,-0.0009074319001817,0.0004017591852692,-0.0007007713478536,0.0007230373448692,4.579075539368205e-05,,0.1654092967510223,0.1102963909506797,0.168758288025856,0.0003501765929421,0.0009074319001817,6.138136086519808e-05,0.8238748657527933,18.35759605541404,0.0099342977568378,0.8854281722114009,,0,0,ELASTIC_RELOADING,,False,False
BH050,228,2.280001163482666,0.8949375366149795,7690,1,1,SHELF_NORMAL_Y_POS,4795,2,18.95857188792453,-31.545815151359832,-56.58196835720828,0.0007556186912248,-0.0007433206099209,0.0003610834941436,-0.0009647948401413,0.0004192975131165,-0.0007463654353174,0.0007740401779301,4.962561433785595e-05,,0.1757194399833679,0.119533434510231,0.1792412996292114,0.0003610834941436,0.0009647948401413,6.138136086519808e-05,0.8361298078596701,19.416073491848245,0.0101639708770772,0.8768687490204936,,0,0,ELASTIC_RELOADING,,False,False
BH050,229,2.290000438690185,0.8802132312727491,7690,1,1,SHELF_NORMAL_Y_POS,4795,2,18.95857188792453,-32.15765707385229,-56.74548001268028,0.0007650246178653,-0.0007730119944306,0.0003685049796239,-0.0009995697229566,0.0004294913639149,-0.0007739769859994,0.0008055595098994,5.200954547035508e-05,,0.1808732151985168,0.1252756267786026,0.1844032257795334,0.0003685049796239,0.0009995697229566,6.138136086519808e-05,0.8654917687373503,20.462775682779306,0.010385267002878,0.8669745109239227,,0,0,ELASTIC_RELOADING,,False,False
BH050,230,2.30000114440918,0.8635946207624227,7690,1,1,SHELF_NORMAL_Y_POS,4795,2,18.95857188792453,-32.57442931030721,-56.7281065459831,0.0007684423864528,-0.0007936155014292,0.0003723711854732,-0.001022725799858,0.0004366421484518,-0.0007937838500635,0.0008288078824989,5.374574902816676e-05,,0.1846745908260345,0.1294576227664947,0.1883589178323745,0.0003723711854732,0.001022725799858,6.138136086519808e-05,0.8984303184668292,21.4969884442395,0.0106160330930308,0.8569918257127301,,0,0,ELASTIC_RELOADING,,False,False
BH050,231,2.310000419616699,0.8486771703715174,7690,1,1,SHELF_NORMAL_Y_POS,4795,2,18.95857188792453,-32.921040121094464,-56.56502476759727,0.0007744219370916,-0.0008261282170536,0.0003794735757334,-0.0010576388965235,0.0004466831312188,-0.0008226198041343,0.0008628126815892,5.627289283438586e-05,,0.1902347803115844,0.1355447769165039,0.1940607577562332,0.0003794735757334,0.0010576388965235,6.138136086519808e-05,0.924464463116613,22.569208648672785,0.0108497930501174,0.8470691581571742,,0,0,ELASTIC_RELOADING,,False,False
BH050,232,2.3200011253356934,0.8352970979953322,7690,1,1,SHELF_NORMAL_Y_POS,4795,2,18.95857188792453,-33.24636072275841,-56.23311070001199,0.0007762462926911,-0.0008534074901124,0.0003835052327883,-0.0010872539649189,0.0004548536266479,-0.0008464673351836,0.0008915836224332,5.841279198648408e-05,,0.1949391514062881,0.1406991630792617,0.1989078670740127,0.0003835052327883,0.0010872539649189,6.138136086519808e-05,0.9407173542237004,23.63300780334657,0.0110721421800745,0.837195929173792,,0,0,ELASTIC_RELOADING,,False,False
BH050,233,2.330000400543213,0.820917491985915,7690,1,1,SHELF_NORMAL_Y_POS,4795,2,18.95857188792453,-33.4723332455883,-55.77234740713711,0.0007786471162458,-0.0008798972568026,0.0003890218507595,-0.0011153749589602,0.0004631968885129,-0.0008716511431148,0.0009224414825439,6.070472954888828e-05,,0.1999847739934921,0.1462197601795196,0.2041049301624298,0.0003890218507595,0.0011153749589602,6.138136086519808e-05,0.960582712565669,24.649045051123885,0.0112790158887637,0.8275381072571668,,0,0,ELASTIC_RELOADING,,False,False
BH050,234,2.340001106262207,0.8089892047655041,7690,1,1,SHELF_NORMAL_Y_POS,4795,2,18.95857188792453,-33.58547531316363,-55.72235010419168,0.0007842050755372,-0.0009016443204395,0.0003950042483703,-0.001137825275779,0.0004692762050083,-0.0008903019248232,0.0009458397980779,6.24418244115077e-05,,0.2038106769323349,0.1504039019346237,0.2080174386501312,0.0003950042483703,0.001137825275779,6.138136086519808e-05,0.9794373396440248,25.569595985899497,0.0114560718593233,0.818388560644023,,0,0,ELASTIC_RELOADING,,False,False
BH050,235,2.3500003814697266,0.800167033330016,7690,1,1,SHELF_NORMAL_Y_POS,4795,2,18.95857188792453,-33.656778973038946,-55.35967101652179,0.0007866383401599,-0.0009200813428327,0.0003998191950744,-0.0011568804968342,0.0004754337287365,-0.0009095445023608,0.000970225140918,6.424553430406377e-05,,0.207797959446907,0.1547485142946243,0.2121028453111648,0.0003998191950744,0.0011568804968342,6.138136086519808e-05,0.9944591874915064,26.41157747783084,0.0116162817721484,0.8101288869355041,,0,0,ELASTIC_RELOADING,,False,False
BH050,236,2.3600010871887207,0.7910859322689288,7690,1,1,SHELF_NORMAL_Y_POS,4795,2,18.95857188792453,-33.7360527071641,-55.30495573271436,0.0007917392986903,-0.000936824297197,0.0004049484134416,-0.0011745213827299,0.0004804452529763,-0.0009251940744186,0.0009904006728902,6.573410792043433e-05,,0.2110968977212906,0.1583340317010879,0.215411975979805,0.0004049484134416,0.0011745213827299,7.187086885096505e-05,0.9997554135044258,27.187603226606377,0.0117672815308848,0.8029470389260326,,0,0,CONTINUED_PLASTIC_LOADING,,False,False
BH050,237,2.37000036239624,0.7822230189841085,7690,1,1,SHELF_NORMAL_Y_POS,4795,2,18.95857188792453,-33.802841979479425,-54.933584200704345,0.0007952901793185,-0.000958210257114,0.0004114815359937,-0.0011959538620431,0.0004865180941388,-0.0009446573990803,0.0010155236814171,6.759263487765566e-05,,0.2152047902345657,0.1628106832504272,0.2196821272373199,0.0004114815359937,0.0011959538620431,9.676361514721066e-05,0.999807481270874,27.94163943619344,0.01192015025718,0.7963811695795864,,0,0,CONTINUED_PLASTIC_LOADING,,False,False
BH050,238,2.3800010681152344,0.7757550233833245,7690,1,1,SHELF_NORMAL_Y_POS,4795,2,18.95857188792453,-33.98075538114599,-54.44162028066797,0.0007951969709901,-0.0009897376558103,0.0004151039261259,-0.0012283961506777,0.0004946644874919,-0.0009727369645742,0.001051703817211,7.027989340713248e-05,,0.2211206704378128,0.1692834943532943,0.2257239520549774,0.0004151039261259,0.0012283961506777,0.0001289989595534,0.999569653738784,28.659120314027263,0.0120771646355684,0.7901511205113735,,0,0,CONTINUED_PLASTIC_LOADING,,False,False
BH050,239,2.390000343322754,0.7680291224314505,7690,1,1,SHELF_NORMAL_Y_POS,4795,2,18.95857188792453,-33.98410670015051,-54.09058976294027,0.000797215330034,-0.0010071238949016,0.0004189997341638,-0.0012463545848078,0.0004995577182857,-0.0009896804995209,0.0010741924634203,7.196015940280631e-05,,0.2247978150844574,0.1733307689428329,0.2293841242790222,0.0004189997341638,0.0012463545848078,0.0001574559719301,0.999392429659153,29.32850339407173,0.0122178799816597,0.7842242264122348,,0,0,CONTINUED_PLASTIC_LOADING,,False,False
BH050,240,2.400001049041748,0.7603297638965457,7690,1,1,SHELF_NORMAL_Y_POS,4795,2,18.95857188792453,-33.7472754176253,-53.456303103809375,0.0007937561623316,-0.0010229117216949,0.0004199798759415,-0.0012604504895169,0.0005028650909278,-0.0010012344671471,0.00109013391193,7.315686525544152e-05,,0.2274044305086136,0.1762132793664932,0.2321086823940277,0.0004199798759415,0.0012604504895169,0.0001820787292672,0.9999014066968308,30.00803371519083,0.0123413288979275,0.7778227263004742,,0,0,CONTINUED_PLASTIC_LOADING,,False,False
BH050,241,2.410000324249268,0.7552935689934864,7690,1,1,SHELF_NORMAL_Y_POS,4795,2,18.95857188792453,-33.92064861625026,-53.09040841198481,0.0007960257458303,-0.0010348992780053,0.000424516777114,-0.0012738983863824,0.0005067822772511,-0.001015344879277,0.0011096072848886,7.462887151632458e-05,,0.2305885553359985,0.1797589063644409,0.2353089749813079,0.000424516777114,0.0012738983863824,0.0002013840712606,0.9995682463844374,30.658748014738983,0.0124616107334884,0.7719504535741031,,0,0,CONTINUED_PLASTIC_LOADING,,False,False
BH050,242,2.4200010299682617,0.7508831929699871,7690,1,1,SHELF_NORMAL_Y_POS,4795,2,18.95857188792453,-33.85355317998383,-52.38072808433528,0.0007883850038076,-0.0010489374877935,0.0004235349468814,-0.0012857195154269,0.0005100211592566,-0.0010278975704595,0.0011272194096818,7.596924842800945e-05,,0.2334683388471603,0.1829874664545059,0.2386467307806015,0.000424516777114,0.0012857195154269,0.0002197513531427,0.999889015434122,31.189226259326844,0.0125712288588818,0.7675389409625645,,0,0,CONTINUED_PLASTIC_LOADING,,False,False
BH050,243,2.430000305175781,0.748521385414416,7690,1,1,SHELF_NORMAL_Y_POS,4795,2,18.95857188792453,-33.90791112705117,-52.13858444060276,0.0007918135993143,-0.0010510022235315,0.0004278105726726,-0.0012889867710473,0.000511843665682,-0.0010349168346167,0.0011375128524377,7.676004315726459e-05,,0.2351514399051666,0.184892252087593,0.2401827871799469,0.0004278105726726,0.0012889867710473,0.0002329643029952,0.9995669049937204,31.65872813323676,0.0126726433400387,0.7640101507078864,,0,0,CONTINUED_PLASTIC_LOADING,,False,False
BH050,244,2.4400010108947754,0.743277106223956,7690,1,1,SHELF_NORMAL_Y_POS,4795,2,18.95857188792453,-33.92125123780868,-51.623990206291246,0.0007877812858711,-0.0010647105571786,0.0004268327942555,-0.0013032898854175,0.0005147453261307,-0.0010467675386458,0.0011546066962182,7.807951624272391e-05,,0.237946480512619,0.1880704760551452,0.2429752647876739,0.0004278105726726,0.0013032898854175,0.0002486168523319,0.9999868381780672,32.17551396188453,0.0127834490359653,0.7598343091317286,,0,0,CONTINUED_PLASTIC_LOADING,,False,False
BH050,245,2.450000286102295,0.7389044356560812,7690,1,1,SHELF_NORMAL_Y_POS,4795,2,18.95857188792453,-33.89070171222049,-51.3159171984664,0.0007860302186149,-0.0010736182363343,0.0004274612959068,-0.0013117363607503,0.0005167626184055,-0.0010551202912051,0.0011671861866489,7.905723032308742e-05,,0.2400033771991729,0.1904255151748657,0.2451736330986023,0.0004278105726726,0.0013117363607503,0.0002654349664226,0.9998430592578637,32.73432716379025,0.0128975603309473,0.7553923588704994,,0,0,CONTINUED_PLASTIC_LOADING,,False,False
BH050,246,2.460000991821289,0.7360564985082421,7690,1,1,SHELF_NORMAL_Y_POS,4795,2,18.95857188792453,-34.01019491075057,-51.12415755151363,0.0007863169595704,-0.0010754243217017,0.0004287159130987,-0.0013147260872463,0.0005176959594209,-0.0010585678722059,0.0011731050908565,7.951538282213733e-05,,0.2409711927175521,0.1915290504693985,0.2461636811494827,0.0004287159130987,0.0013147260872463,0.000278890656773,0.999739329691372,33.24165359445003,0.0130064960934962,0.7518657621543641,,0,0,CONTINUED_PLASTIC_LOADING,,False,False
BH050,247,2.4700002670288086,0.733773955204119,7690,1,1,SHELF_NORMAL_Y_POS,4795,2,18.95857188792453,-33.927362741575394,-50.5998925529593,0.0007856946284861,-0.0010786832592027,0.0004320347967883,-0.0013170951889785,0.0005195096022582,-0.0010663971049662,0.0011851071612909,8.045145659707487e-05,,0.2429336607456207,0.1937837898731231,0.2482404708862304,0.0004320347967883,0.0013170951889785,0.0002915178192779,0.999517043871246,33.65285391650992,0.013105968933916,0.7493854855577965,,0,0,CONTINUED_PLASTIC_LOADING,,False,False
BH050,248,2.4800009727478027,0.731339319044616,7690,1,1,SHELF_NORMAL_Y_POS,4795,2,18.95857188792453,-33.96819388685906,-50.2521356060837,0.0007833198557797,-0.0010845032093895,0.0004326590439837,-0.0013226022120664,0.0005211228877475,-0.0010737421179942,0.0011965555604547,8.135244570439681e-05,,0.2448056191205978,0.1959540098905563,0.2502824664115906,0.0004326590439837,0.0013226022120664,0.0003035446279682,0.9996423206221156,34.077039811460835,0.0131986648682508,0.7462186417358831,,0,0,CONTINUED_PLASTIC_LOADING,,False,False
BH050,249,2.4900002479553223,0.7270814099345905,7690,1,1,SHELF_NORMAL_Y_POS,4795,2,18.95857188792453,-33.955099016154904,-49.90142357471261,0.0007800830573265,-0.0010913539574094,0.0004313389263523,-0.0013298700384397,0.0005223673084886,-0.0010794271737941,0.0012060073204338,8.209886436816305e-05,,0.2463510781526565,0.1977519094944,0.2518362402915954,0.0004326590439837,0.0013298700384397,0.0003154332516714,0.9997543728040786,34.59820498811053,0.0132895354800992,0.7414717590621511,,0,0,CONTINUED_PLASTIC_LOADING,,False,False
BH050,250,2.5000009536743164,0.7218048514468176,7690,1,1,SHELF_NORMAL_Y_POS,4795,2,18.95857188792453,-33.93820169662704,-49.28825247356322,0.0007831520228176,-0.0010997620820999,0.0004385600272174,-0.0013382477359241,0.0005255580763098,-0.0010958500460687,0.0012315071653574,8.413108298555017e-05,,0.2505206167697906,0.2026469111442566,0.2560814619064331,0.0004385600272174,0.0013382477359241,0.000331276707584,0.9997198255153658,35.16136297221289,0.0133890369794972,0.7366579187009679,62231.22857961906,1,1,CONTINUED_PLASTIC_LOADING,,False,False
BH050,251,2.510000228881836,0.7162154280664899,7690,1,1,SHELF_NORMAL_Y_POS,4795,2,18.95857188792453,-33.853453778752275,-48.79771949856281,0.0007782106566739,-0.0011153645016688,0.0004371718788919,-0.0013531019035074,0.0005274817530567,-0.001106286170575,0.0012483074096962,8.549125050194561e-05,,0.2532676458358764,0.2059231549501419,0.2589438855648041,0.0004385600272174,0.0013531019035074,0.0003411104553379,0.998767528997234,35.66774150516692,0.0134907397183864,0.7326755020095009,,0,0,CONTINUED_PLASTIC_LOADING,,False,False
BH050,252,2.52000093460083,0.7120120660946423,7690,1,1,SHELF_NORMAL_Y_POS,4795,2,18.95857188792453,-33.832461320369454,-48.42301633175798,0.0007699730477789,-0.0011210750316068,0.0004328894593208,-0.0013573022490185,0.0005282759928003,-0.0011107212100366,0.0012562995543703,8.614242688054219e-05,,0.2545744478702545,0.2074916362762451,0.2606303989887237,0.0004385600272174,0.0013573022490185,0.0003535034775268,0.9997286642504076,36.15132955552872,0.0135824799759277,0.728738180657096,,0,0,CONTINUED_PLASTIC_LOADING,,False,False
BH050,253,2.5300002098083496,0.7082291341916749,7690,1,1,SHELF_NORMAL_Y_POS,4795,2,18.95857188792453,-33.957787679585564,-48.36146686318354,0.0007704422218194,-0.0011194136441768,0.0004325570178683,-0.0013577342454761,0.000528272304887,-0.0011098784023894,0.0012563243508338,8.614444959675893e-05,,0.2545785009860992,0.2074965089559555,0.2604118585586548,0.0004385600272174,0.0013577342454761,0.0003600262571126,0.998671805918647,36.5897011816588,0.0136701711071819,0.7248737124151237,,0,0,CONTINUED_PLASTIC_LOADING,,False,False
BH050,254,2.540000915527344,0.7041968955216038,7690,1,1,SHELF_NORMAL_Y_POS,4795,2,18.95857188792453,-33.92122429096172,-48.1915539823674,0.000771530255683,-0.0011148372061176,0.0004351632039252,-0.001352561425907,0.0005285188927213,-0.0011107649681894,0.0012590023688971,8.636243728687987e-05,,0.2550163865089416,0.2080215960741043,0.261013001203537,0.0004385600272174,0.0013577342454761,0.0003645220713224,0.9995808597105352,37.04054579255387,0.0137573731926975,0.7211709996918085,,0,0,CONTINUED_PLASTIC_LOADING,,False,False
BH050,255,2.550000190734864,0.6991807634093842,7690,1,1,SHELF_NORMAL_Y_POS,4795,2,18.95857188792453,-33.68235442357047,-47.70014417488811,0.0007702956469702,-0.0011210071667638,0.0004373511077751,-0.0013570545417792,0.0005295462969318,-0.0011166393994285,0.0012694280594587,8.721973426872864e-05,,0.2567211091518402,0.2100865542888641,0.2628149092197418,0.0004385600272174,0.0013577342454761,0.0003671158629003,0.9982319465414166,37.5197279870724,0.0138440647632085,0.7172229144794136,,0,0,CONTINUED_PLASTIC_LOADING,,False,False
BH050,256,2.5600008964538574,0.6930590188933251,7690,1,1,SHELF_NORMAL_Y_POS,4795,2,18.95857188792453,-33.53668280108121,-47.245977684514685,0.0007677164391783,-0.001126832293107,0.0004376528642807,-0.0013621311568287,0.0005307086978894,-0.0011241012770819,0.0012825332814827,8.830941078485921e-05,,0.2588639557361603,0.2127112746238708,0.2650025188922882,0.0004385600272174,0.0013621311568287,0.0003671158629003,0.9972169845016968,38.0409504405621,0.0139370507609659,0.7129376634326587,,0,0,TRUE_ELASTIC_UNLOADING,-0.0002900355806692,True,True
BH050,257,2.570000171661377,0.687427124023305,7690,1,1,SHELF_NORMAL_Y_POS,4795,2,18.95857188792453,-33.52488477301252,-47.10158273929164,0.0007678310563193,-0.0011225628049664,0.0004384521438808,-0.0013580935747808,0.0005307459129598,-0.0011238563041476,0.0012836487730965,8.840260124998167e-05,,0.2590463757514953,0.2129357457160949,0.2651549577713012,0.0004385600272174,0.0013621311568287,0.0003671158629003,0.9973672175720628,38.50131875096594,0.0140252687654928,0.7086709615795239,,0,0,ELASTIC_RELOADING,,False,False
BH050,258,2.580000877380371,0.6828976715993558,7690,1,1,SHELF_NORMAL_Y_POS,4795,2,18.95857188792453,-33.41937009744626,-46.813494048714205,0.0007662253900156,-0.001120834886941,0.0004390900558038,-0.0013553841108905,0.0005310424278899,-0.0011249853306829,0.0012869054917246,8.867478754837066e-05,,0.2595788836479187,0.2135913521051406,0.2658359110355377,0.0004390900558038,0.0013621311568287,0.0003733267949428,0.9999999219074398,38.90854439612797,0.0140985314835681,0.7044889470653632,,0,0,CONTINUED_PLASTIC_LOADING,,False,False
BH050,259,2.59000015258789,0.6739816428122024,7690,1,1,SHELF_NORMAL_Y_POS,4795,2,18.95857188792453,-33.25042603684392,-46.50202475104231,0.0007671700000655,-0.0011243392884781,0.0004426149797683,-0.0013572933960042,0.0005312932204902,-0.0011268004000953,0.0012913233367726,8.904694550437853e-05,,0.2603012323379516,0.2144877761602401,0.2666049599647522,0.0004426149797683,0.0013621311568287,0.000375769654056,0.9964562713720224,39.30689735512673,0.0141727527163454,0.6994280907343093,,0,0,CONTINUED_PLASTIC_LOADING,,False,False
BH050,260,2.6000008583068848,0.6621582656186814,7690,1,1,SHELF_NORMAL_Y_POS,4795,2,18.95857188792453,-32.858499314178474,-45.85790884847865,0.0007655496700898,-0.0011254607699003,0.0004447278099854,-0.0013564249604128,0.00053179050457,-0.0011309409685425,0.0012998823076486,8.978103141998872e-05,,0.2617007493972778,0.2162559777498245,0.2679193317890167,0.0004447278099854,0.0013621311568287,0.0003779319813475,0.9992542782525372,39.872665177178085,0.0142591319853652,0.692007474399597,,0,0,CONTINUED_PLASTIC_LOADING,,False,False
BH050,261,2.6100001335144043,0.6543080017741534,7690,1,1,SHELF_NORMAL_Y_POS,4795,2,18.95857188792453,-32.6931528354215,-45.35134200855048,0.0007621208127012,-0.0011315858287487,0.00044539228142,-0.0013608153565289,0.0005326404754928,-0.0011353886381807,0.0013089983258396,9.0572313638404e-05,,0.2631913125514984,0.2181619256734848,0.2696750462055206,0.00044539228142,0.0013621311568287,0.0003835926472675,0.9965416356563908,40.43774930696025,0.0143406770823557,0.6862465270247199,,0,0,CONTINUED_PLASTIC_LOADING,,False,False
BH050,262,2.6200008392333984,0.652137552496088,7690,1,1,SHELF_NORMAL_Y_POS,4795,2,18.95857188792453,-32.50049420586313,-44.9965900495824,0.000762799080675,-0.0011302228287259,0.0004492802309037,-0.0013573631357986,0.000532757487296,-0.0011363125762951,0.0013117531780153,9.081452299142256e-05,,0.263641744852066,0.2187453508377075,0.2703356444835663,0.0004492802309037,0.0013621311568287,0.0003835926472675,0.9968146289268364,40.75898487557586,0.0143983161543284,0.6832926136522267,,0,0,ELASTIC_RELOADING,,False,False
BH050,263,2.630000114440918,0.6509938179334348,7690,1,1,SHELF_NORMAL_Y_POS,4795,2,18.95857188792453,-32.50480795737023,-44.94634306061339,0.0007616428745572,-0.0011305838309577,0.000447570370181,-0.001358654940611,0.0005328474080346,-0.0011369178903011,0.0013138428330421,9.099923772737384e-05,,0.2639834582805633,0.2191902548074722,0.2704120576381683,0.0004492802309037,0.0013621311568287,0.0003835926472675,0.992920015373438,41.04908927535215,0.0144650908022011,0.6815199105608747,,0,0,TRUE_ELASTIC_UNLOADING,0.0002073356730301,True,True
BH050,264,2.640000820159912,0.6454905791305421,7690,1,1,SHELF_NORMAL_Y_POS,4795,2,18.95857188792453,-32.20826441822433,-44.02273451214949,0.0007579991594131,-0.0011281904123734,0.0004502656329016,-0.0013542570949177,0.0005337883726995,-0.0011446880148146,0.0013281304854899,9.228396083926782e-05,,0.2663196325302124,0.2222847938537597,0.2728843986988067,0.0004502656329016,0.0013621311568287,0.0003835926472675,0.987348239672477,41.50558680131091,0.0145534752399271,0.6777994521005304,,0,0,TRUE_ELASTIC_UNLOADING,-9.543133573375329e-05,True,True
BH050,265,2.650000095367432,0.6393337204402523,7690,1,1,SHELF_NORMAL_Y_POS,4795,2,18.95857188792453,-32.381051133063806,-44.051352899357,0.0007625534507602,-0.0011266016985674,0.0004540615504715,-0.001354423310149,0.0005340450252022,-0.0011474915570446,0.0013344375183805,9.285879059461875e-05,,0.2673509120941162,0.2236693799495697,0.2739148139953613,0.0004540615504715,0.0013621311568287,0.0003835926472675,0.9875203004724624,42.0221156595108,0.0146364053728046,0.6736023160479476,,0,0,ELASTIC_RELOADING,,False,False
BH050,266,2.660000801086426,0.6369253513657258,7690,1,1,SHELF_NORMAL_Y_POS,4795,2,18.95857188792453,-32.326877522030614,-43.849586655638326,0.0007649848133946,-0.0011224248267738,0.0004583696673721,-0.0013493899096608,0.0005341126168923,-0.0011481417833768,0.0013366875937208,9.306365973316132e-05,,0.2677188217639923,0.2241628617048263,0.2743651866912842,0.0004583696673721,0.0013621311568287,0.0003835926472675,0.9840760034846116,42.28761097294666,0.0146996189105289,0.6714507705576066,,0,0,TRUE_ELASTIC_UNLOADING,0.0003491340881018,True,True
BH050,267,2.6700000762939453,0.6362875513883439,7690,1,1,SHELF_NORMAL_Y_POS,4795,2,18.95857188792453,-32.40760953072073,-43.83730854261583,0.0007689282493081,-0.0011202539864693,0.0004624627867605,-0.00134771231299,0.0005341805845004,-0.0011480633913181,0.0013376709539443,9.315422357758508e-05,,0.2678796052932739,0.2243809998035431,0.2745068669319153,0.0004624627867605,0.0013621311568287,0.0003835926472675,0.9798900102581366,42.57643420135236,0.0147543542973976,0.6696287595316999,,0,0,TRUE_ELASTIC_UNLOADING,2.477474349138476e-05,True,True
BH050,268,2.6800007820129395,0.6319666647576092,7690,1,1,SHELF_NORMAL_Y_POS,4795,2,18.95857188792453,-32.31780244234298,-43.57120605064378,0.0007677682230474,-0.0011154079610919,0.0004644010514442,-0.0013409866284902,0.0005341792711596,-0.001147857036224,0.0013389113591983,9.326901636086404e-05,,0.2680824398994446,0.2246574908494949,0.2751229405403137,0.0004644010514442,0.0013621311568287,0.0003835926472675,0.9785073327656392,42.99281989311263,0.0148262618725402,0.6661684798069092,,0,0,TRUE_ELASTIC_UNLOADING,0.0001150555143073,True,True
BH050,269,2.690000057220459,0.6258943003296836,7690,1,1,SHELF_NORMAL_Y_POS,4795,2,18.95857188792453,-32.262008449359655,-43.14364479650132,0.0007739915464946,-0.0011104653056364,0.0004724948370915,-0.0013367433306122,0.0005343579882669,-0.001150244273534,0.0013448405079543,9.381946438224986e-05,,0.2690519094467163,0.2259833663702011,0.2760006487369537,0.0004724948370915,0.0013621311568287,0.0003835926472675,0.97564942477957,43.49344025045487,0.0149059086751278,0.6618431332415003,,0,0,TRUE_ELASTIC_UNLOADING,-0.0006666177485081,True,True
BH050,270,2.700000762939453,0.6217423439026811,7690,1,1,SHELF_NORMAL_Y_POS,4795,2,18.95857188792453,-32.25105426068861,-42.82803263374833,0.0007676006598775,-0.0011103579075966,0.0004680207510624,-0.0013368250626808,0.000534562147467,-0.0011532921513473,0.0013516813050955,9.446122567169368e-05,,0.2701704800128937,0.2275291830301284,0.2770441770553589,0.0004724948370915,0.0013621311568287,0.0003835926472675,0.9738175173473398,43.8940965702631,0.0149702909628967,0.6585983516230436,,0,0,TRUE_ELASTIC_UNLOADING,0.0008179704669397,True,True
BH050,271,2.7100000381469727,0.6198002543617834,7690,1,1,SHELF_NORMAL_Y_POS,4795,2,18.95857188792453,-32.10010840062562,-42.47378347597621,0.0007594193925943,-0.0011193210513387,0.0004631312500085,-0.001343901762528,0.0005346736766092,-0.0011550555587205,0.0013560605002567,9.487631905358283e-05,,0.2708865106105804,0.2285290211439132,0.278134822845459,0.0004724948370915,0.0013621311568287,0.0003835926472675,0.9695892973072856,44.21242275036733,0.0150264151378042,0.6562447952827168,,0,0,TRUE_ELASTIC_UNLOADING,-0.0004860358576894,True,True
BH050,272,2.720000743865967,0.6176054817085858,7690,1,1,SHELF_NORMAL_Y_POS,4795,2,18.95857188792453,-32.14170940939369,-42.32357196043693,0.0007600137021072,-0.0011175205556651,0.0004642784209386,-0.0013428742984624,0.0005347667609858,-0.0011564019624006,0.0013598045334219,9.523356857243924e-05,,0.2714987099170685,0.2293895184993744,0.278675228357315,0.0004724948370915,0.0013621311568287,0.0003835926472675,0.968723264096674,44.555336039666855,0.0150876989783438,0.6535270192047163,,0,0,TRUE_ELASTIC_UNLOADING,0.0001789143836828,True,True
BH050,273,2.7300000190734863,0.6142183781394642,7690,1,1,SHELF_NORMAL_Y_POS,4795,2,18.95857188792453,-32.04010233554,-42.035153079696336,0.0007557158009149,-0.0011208800831853,0.0004628787451301,-0.0013446269264527,0.0005348427255165,-0.0011581479997506,0.00136438338086,9.567274537403136e-05,,0.2722474038600921,0.230447381734848,0.2797113955020904,0.0004724948370915,0.0013621311568287,0.0003835926472675,0.965960329874346,44.93074519353501,0.0151558867843636,0.6506878536818597,,0,0,TRUE_ELASTIC_UNLOADING,-0.0008315831339757,True,True
BH050,274,2.7400007247924805,0.6112950910664651,7690,1,1,SHELF_NORMAL_Y_POS,4795,2,18.95857188792453,-32.039582290696515,-41.85145403169801,0.0007535182561872,-0.0011240871609539,0.000460885412547,-0.0013488960063844,0.0005349428519121,-0.0011601940542598,0.0013693792279809,9.615562157705426e-05,,0.2730642855167389,0.2316104769706726,0.28034508228302,0.0004724948370915,0.0013621311568287,0.0003835926472675,0.9634736491128691,45.25616341599896,0.0152268263779804,0.6488701732352873,,0,0,TRUE_ELASTIC_UNLOADING,-0.0002710502897533,True,True
BH050,275,2.75,0.6095153035276923,7690,1,1,SHELF_NORMAL_Y_POS,4795,2,18.95857188792453,-31.952814569010343,-41.602724796141466,0.0007496264305399,-0.0011234166150357,0.0004584498480718,-0.0013478887489291,0.0005349771730335,-0.0011621735638021,0.0013741739094257,9.662516094977036e-05,,0.2738482654094696,0.2327414453029632,0.2810456752777099,0.0004724948370915,0.0013621311568287,0.0003835926472675,0.9614535979763464,45.549511517739695,0.0152917497079564,0.6470936528214815,375828.8507857346,1,1,TRUE_ELASTIC_UNLOADING,0.0003766310264329,True,True
BH050,276,2.760000705718994,0.6064148985630209,7690,1,1,SHELF_NORMAL_Y_POS,4795,2,18.95857188792453,-31.831628552648688,-41.289818054102064,0.0007442103900067,-0.0011285392368515,0.0004568408060652,-0.0013505296306907,0.0005349709708811,-0.0011630112457039,0.0013771562371402,9.691889863461256e-05,,0.2743359208106994,0.2334489971399307,0.2820678949356079,0.0004724948370915,0.0013621311568287,0.0003835926472675,0.9593209454696928,45.897327903296265,0.0153514924517181,0.644378871683515,,0,0,TRUE_ELASTIC_UNLOADING,0.0003500284311327,True,True
BH050,277,2.7699999809265137,0.602893613677266,7690,1,1,SHELF_NORMAL_Y_POS,4795,2,18.95857188792453,-31.788766774255148,-41.0279054439908,0.0007444880259901,-0.0011238594283908,0.0004581122563931,-0.0013463701841417,0.000534979151043,-0.001165085695924,0.001382558257319,9.745470015332104e-05,,0.275219202041626,0.2347395718097686,0.2827840447425842,0.0004724948370915,0.0013621311568287,0.0003835926472675,0.9568949853642048,46.27460660306231,0.0154080977450118,0.6411928774634761,,0,0,TRUE_ELASTIC_UNLOADING,-0.0005011665635941,True,True
BH050,278,2.780000686645508,0.5996405000220116,7690,1,1,SHELF_NORMAL_Y_POS,4795,2,18.95857188792453,-31.65405083108047,-40.658771600251846,0.0007411512054985,-0.0011269056564952,0.0004584870732435,-0.0013473251751383,0.0005349408639506,-0.0011674767415648,0.0013885721564292,9.805736044654624e-05,,0.2761998772621155,0.2361872643232345,0.2842410504817962,0.0004724948370915,0.0013621311568287,0.0003835926472675,0.9543768689894816,46.63796733729579,0.0154644330654457,0.63831681196369,,0,0,TRUE_ELASTIC_UNLOADING,7.519826982771427e-06,True,True
BH050,279,2.789999961853028,0.5966785649209346,7690,1,1,SHELF_NORMAL_Y_POS,4795,2,18.95857188792453,-31.644807338314635,-40.45272008210418,0.0007382720826226,-0.0011283647712741,0.0004561021590902,-0.0013496505053333,0.000534887302085,-0.001168835380409,0.001392655656673,9.84704092843458e-05,,0.2768702507019043,0.2371861189603805,0.2846331894397735,0.0004724948370915,0.0013621311568287,0.0003835926472675,0.9516951375006718,46.98543785433576,0.0155242437291047,0.6358670940743115,,0,0,TRUE_ELASTIC_UNLOADING,-0.0006607587707014,True,True
BH050,280,2.800000667572021,0.5927013202775346,7690,1,1,SHELF_NORMAL_Y_POS,4795,2,18.95857188792453,-31.673602296524127,-40.27549496334058,0.0007288739998058,-0.0011330438403297,0.000446918476749,-0.0013555392758278,0.0005348228828797,-0.0011699450101007,0.0013963228557258,9.88440660876222e-05,,0.2774698734283447,0.2380861490964889,0.2850706577301025,0.0004724948370915,0.0013621311568287,0.0003835926472675,0.9491933229903488,47.32900397931417,0.0155884023280709,0.6334349112071027,,0,0,TRUE_ELASTIC_UNLOADING,-0.0003126771284589,True,True
BH050,281,2.809999942779541,0.5890445695274736,7690,1,1,SHELF_NORMAL_Y_POS,4795,2,18.95857188792453,-31.58313713409821,-39.94215121408065,0.0007258970726181,-0.0011379298022393,0.0004473405548036,-0.001358705116736,0.0005346982316344,-0.0011723274342139,0.0014023968251422,9.946951468009502e-05,,0.2784630358219147,0.2395926713943481,0.2864115834236145,0.0004724948370915,0.0013621311568287,0.0003835926472675,0.9448660988376786,47.67830438222813,0.0156499648151838,0.6308962700613283,,0,0,TRUE_ELASTIC_UNLOADING,-6.204966392941991e-05,True,True
BH050,282,2.8200011253356934,0.58641055725661,7690,1,1,SHELF_NORMAL_Y_POS,4795,2,18.95857188792453,-31.390070818851044,-39.694841002966726,0.0007257225618198,-0.0011374186791631,0.0004481795540622,-0.0013575554414084,0.0005345532008781,-0.0011745411347265,0.0014079737011343,0.0001000499614747,,0.2793749272823334,0.2409907877445221,0.2871604561805725,0.0004724948370915,0.0013621311568287,0.0003835926472675,0.9419002337102422,47.99049966104301,0.0157064497251487,0.6286344601341759,,0,0,TRUE_ELASTIC_UNLOADING,-0.0005577374183733,True,True
BH050,283,2.830000400543213,0.5845067216793806,7690,1,1,SHELF_NORMAL_Y_POS,4795,2,18.95857188792453,-31.23501768982802,-39.39073715004055,0.0007155901598474,-0.0011485279479387,0.0004415205096218,-0.001366221657195,0.0005345299567323,-0.0011740324441748,0.0014084172435104,0.0001000965130515,,0.279447466135025,0.2411029189825058,0.2877310812473297,0.0004724948370915,0.001366221657195,0.0003835926472675,0.9389028857985492,48.27727318931762,0.015761441045359,0.6265681175664611,,0,0,TRUE_ELASTIC_UNLOADING,0.0007970246263924,True,True
BH050,284,2.840000629425049,0.5822648646451619,7690,1,1,SHELF_NORMAL_Y_POS,4795,2,18.95857188792453,-31.217288599433463,-39.26925900086406,0.0007114638944312,-0.0011470516042467,0.00043754934705,-0.0013653073700511,0.0005344761504118,-0.0011741768047152,0.0014101850101724,0.0001002830613288,,0.2797365188598633,0.2415522634983062,0.2878859043121338,0.0004724948370915,0.001366221657195,0.0003835926472675,0.93729936999074,48.577303106506,0.0158196537152635,0.624713861491446,,0,0,TRUE_ELASTIC_UNLOADING,0.0004082633268142,True,True
BH050,285,2.8499999046325684,0.5804335567162473,7690,1,1,SHELF_NORMAL_Y_POS,4795,2,18.95857188792453,-31.2544151225184,-39.21629669090708,0.0007043601930567,-0.0011565058719591,0.0004302344386894,-0.0013755955786186,0.0005343752358127,-0.0011746964098514,0.0014127405593171,0.0001005532321869,,0.2801543772220611,0.242203027009964,0.2882169783115387,0.0004724948370915,0.0013755955786186,0.0003835926472675,0.9346521084055716,48.90810598047877,0.0158811235160056,0.6227680600957203,,0,0,TRUE_ELASTIC_UNLOADING,-0.0002287054345937,True,True
BH050,286,2.8600006103515625,0.5812842066458672,7690,1,1,SHELF_NORMAL_Y_POS,4795,2,18.95857188792453,-31.455800243798222,-39.36565714674358,0.000710381434925,-0.0011478218788731,0.0004342908057568,-0.0013692360778365,0.0005344020006852,-0.0011743578639103,0.0014134568627923,0.0001006286111078,,0.2802715003490448,0.242384597659111,0.2881065905094147,0.0004724948370915,0.0013755955786186,0.0003835926472675,0.9354586751727548,49.18941227238706,0.0159457449471278,0.6220524497475365,,0,0,ELASTIC_RELOADING,,False,False
BH050,287,2.869999885559082,0.5813414446295584,7690,1,1,SHELF_NORMAL_Y_POS,4795,2,18.95857188792453,-31.34644795741511,-39.14521295056246,0.0007098277691028,-0.0011466278574582,0.0004361205937441,-0.0013664265190395,0.0005343687214578,-0.0011741301594164,0.0014143025036901,0.000100718003523,,0.2804097533226013,0.2425999045372009,0.2884455323219299,0.0004724948370915,0.0013755955786186,0.0003835926472675,0.9339338231525772,49.42255616288829,0.0160031812522087,0.6213186176012752,,0,0,TRUE_ELASTIC_UNLOADING,-0.0004073426285455,True,True
BH050,288,2.880000591278076,0.5792839850749779,7690,1,1,SHELF_NORMAL_Y_POS,4795,2,18.95857188792453,-31.36186911491753,-38.96428561252442,0.0007073617106512,-0.0011457901115015,0.0004345412728059,-0.0013660592832342,0.000534199561878,-0.0011758416743628,0.001419237582013,0.0001012418288155,,0.2812167108058929,0.2438616454601287,0.289333313703537,0.0004724948370915,0.0013755955786186,0.0003835926472675,0.9329277140581268,49.75165554075853,0.0160601088596826,0.6194429203734817,,0,0,TRUE_ELASTIC_UNLOADING,0.00010206516055,True,True
BH050,289,2.8900012969970703,0.5766227892163666,7690,1,1,SHELF_NORMAL_Y_POS,4795,2,18.95857188792453,-31.16453375773563,-38.64714673364668,0.0007022874366834,-0.0011529017273872,0.0004325023487231,-0.0013709636841776,0.000534030568491,-0.0011773346417347,0.0014237657887861,0.0001017249887809,,0.2819571197032928,0.2450254261493683,0.2904203832149505,0.0004724948370915,0.0013755955786186,0.0003835926472675,0.9305346211665352,50.06652613304699,0.0161196085431507,0.617329614213193,,0,0,TRUE_ELASTIC_UNLOADING,0.0006264885229656,True,True
BH050,290,2.90000057220459,0.5759562437005507,7690,1,1,SHELF_NORMAL_Y_POS,4795,2,18.95857188792453,-31.12671830147493,-38.52755962963041,0.0007013973761396,-0.0011543772112678,0.0004322061652743,-0.001372410532768,0.0005339372228624,-0.0011775880256458,0.0014256306458264,0.0001019252595142,,0.2822620570659637,0.2455078363418579,0.2906923592090606,0.0004724948370915,0.0013755955786186,0.0003835926472675,0.9290894075775676,50.314889989448346,0.0161648481597689,0.6156430723929927,,0,0,TRUE_ELASTIC_UNLOADING,-0.0004023993916673,True,True
BH050,291,2.910001277923584,0.5747646941867841,7690,1,1,SHELF_NORMAL_Y_POS,4795,2,18.95857188792453,-31.123833418187715,-38.44591720695736,0.0007046962567482,-0.0011483701557462,0.0004360982148367,-0.0013663547152467,0.0005339042655654,-0.0011776026799877,0.0014270348474383,0.0001020766721921,,0.2824916541576385,0.2458725422620773,0.2909580171108246,0.0004724948370915,0.0013755955786186,0.0003835926472675,0.9251863962966802,50.57038197102399,0.0162118805024115,0.6143924144577669,,0,0,TRUE_ELASTIC_UNLOADING,-3.614601159229736e-05,True,True
BH050,292,2.9200005531311035,0.5723574612227196,7690,1,1,SHELF_NORMAL_Y_POS,4795,2,18.95857188792453,-31.052555292472,-38.22570040793807,0.0006967239236591,-0.0011503608902025,0.0004297086100213,-0.0013677922514292,0.0005338116742034,-0.0011775660316508,0.0014285899233072,0.0001022452997858,,0.2827459275722503,0.2462787181138992,0.2913794815540313,0.0004724948370915,0.0013755955786186,0.0003835926472675,0.924807514895418,50.87294990307408,0.0162781421602816,0.6128541220303432,,0,0,TRUE_ELASTIC_UNLOADING,0.0004527909671127,True,True
BH050,293,2.9300012588500977,0.5690241256579684,7690,1,1,SHELF_NORMAL_Y_POS,4795,2,18.95857188792453,-30.976600708293383,-37.97784917695483,0.0006933789377108,-0.0011564256349326,0.0004270627082881,-0.0013743461376133,0.0005335245874594,-0.0011794609323674,0.0014341911301016,0.0001028550686896,,0.2836617827415466,0.247747465968132,0.2920861840248108,0.0004724948370915,0.0013755955786186,0.0003835926472675,0.9221400712519788,51.21519957149759,0.0163387978548894,0.6108029521562403,,0,0,TRUE_ELASTIC_UNLOADING,5.480476317198946e-05,True,True
BH050,294,2.940000534057617,0.5672080762256116,7690,1,1,SHELF_NORMAL_Y_POS,4795,2,18.95857188792453,-30.914277914184368,-37.779024273571466,0.0006863369764824,-0.0011595279352621,0.0004219612457722,-0.0013764515021978,0.0005332616040687,-0.0011812716550103,0.0014394870959222,0.0001034355154843,,0.2845277488231659,0.2491455972194671,0.2931670248508453,0.0004724948370915,0.0013764515021978,0.0003835926472675,0.9206355964184236,51.51077813955593,0.0163804164150596,0.6087937434791717,,0,0,TRUE_ELASTIC_UNLOADING,0.0009849194222164,True,True
BH050,295,2.950001239776612,0.5657597956084711,7690,1,1,SHELF_NORMAL_Y_POS,4795,2,18.95857188792453,-30.766300613789763,-37.571361379700136,0.0006845714809878,-0.0011606722916777,0.0004214956199902,-0.0013767085621275,0.000533093460173,-0.0011818155806107,0.0014420854859054,0.0001037226465996,,0.2849526107311249,0.2498372048139572,0.293626993894577,0.0004724948370915,0.0013767085621275,0.0003835926472675,0.9187135595111836,51.766033287062754,0.0164184200594599,0.606819961110632,,0,0,TRUE_ELASTIC_UNLOADING,0.0004739231711636,True,True
BH050,296,2.960000514984131,0.5633979731906004,7690,1,1,SHELF_NORMAL_Y_POS,4795,2,18.95857188792453,-30.796392677075698,-37.4800372833969,0.0006833594554381,-0.00115872648852,0.0004198361715066,-0.0013760494641128,0.0005330153181398,-0.0011815398968271,0.0014431829331442,0.0001038445916492,,0.2851320505142212,0.2501309216022491,0.2935006618499756,0.0004724948370915,0.0013767085621275,0.0003835926472675,0.9149479716087544,52.06673312495048,0.0164692258912983,0.6048418645826392,,0,0,TRUE_ELASTIC_UNLOADING,0.000235095308836,True,True
BH050,297,2.970001220703125,0.5604982200837619,7690,1,1,SHELF_NORMAL_Y_POS,4795,2,18.95857188792453,-30.609208254893616,-37.15428415344135,0.0006896037036681,-0.0011553242168707,0.00042899565195,-0.0013706898084605,0.0005326864773126,-0.0011833154822643,0.0014485674910247,0.000104445956822,,0.2860124707221985,0.2515794336795807,0.2947283387184143,0.0004724948370915,0.0013767085621275,0.0003835926472675,0.913366139274996,52.36989362683502,0.0165269714815572,0.6032043177566158,,0,0,TRUE_ELASTIC_UNLOADING,0.0004308196042214,True,True
BH050,298,2.9800004959106445,0.558721797302044,7690,1,1,SHELF_NORMAL_Y_POS,4795,2,18.95857188792453,-30.628689408590816,-37.0573509611329,0.0006857450815101,-0.0011558817587225,0.0004255051823536,-0.0013716839052116,0.0005324560056205,-0.0011843826111337,0.0014522515702992,0.0001048607737175,,0.2866148650646209,0.2525786161422729,0.2952481210231781,0.0004724948370915,0.0013767085621275,0.0003835926472675,0.9105818083815276,52.61932080675162,0.0165822302516521,0.6020918375434643,,0,0,TRUE_ELASTIC_UNLOADING,9.339055148138709e-05,True,True
BH050,299,2.9900012016296387,0.5574270403526078,7690,1,1,SHELF_NORMAL_Y_POS,4795,2,18.95857188792453,-30.49397441051802,-36.87182740025087,0.0006797598804375,-0.0011544985623284,0.0004222534616396,-0.0013679184397226,0.0005323793620322,-0.0011841208744071,0.001453120727092,0.0001049593629431,,0.2867569923400879,0.2528161108493805,0.2958368360996246,0.0004724948370915,0.0013767085621275,0.0003835926472675,0.9088762686693992,52.85541797590468,0.0166294007572495,0.6007321348535761,,0,0,TRUE_ELASTIC_UNLOADING,0.0003762178031924,True,True
BH050,300,3.000000476837158,0.5548938436398532,7690,1,1,SHELF_NORMAL_Y_POS,4795,2,18.95857188792453,-30.46391480790589,-36.7713064780034,0.0006804988408012,-0.0011605334996142,0.0004219084189946,-0.0013755244398303,0.0005322497519179,-0.0011843179408388,0.0014551634667441,0.0001051917570293,,0.2870910167694092,0.2533758580684662,0.2957496643066406,0.0004724948370915,0.0013767085621275,0.0003835926472675,0.906605075939205,53.14265544359651,0.0166725842371106,0.5987520008555447,-223253.6074328008,1,1,TRUE_ELASTIC_UNLOADING,-0.0001349053059178,True,True
BH050,301,3.0100011825561523,0.5524345877098686,7690,1,1,SHELF_NORMAL_Y_POS,4795,2,18.95857188792453,-30.15997663557634,-36.30968122075631,0.0006751235267067,-0.0011650200563736,0.0004216220189172,-0.0013760120854637,0.0005319053724114,-0.001185834266991,0.0014600610593333,0.000105753315438,,0.2878918051719665,0.2547284960746765,0.2972338199615478,0.0004724948370915,0.0013767085621275,0.0003835926472675,0.9032999649645996,53.41972565087399,0.0167178867528008,0.5968186347918701,,0,0,TRUE_ELASTIC_UNLOADING,-0.0001825973210889,True,True
BH050,302,3.020000457763672,0.5506987556268509,7690,1,1,SHELF_NORMAL_Y_POS,4795,2,18.95857188792453,-30.21624668567068,-36.250132089629965,0.0006796645111007,-0.0011573249313254,0.0004256072427164,-0.0013696733144289,0.0005316475762896,-0.0011867684569654,0.0014636637642979,0.0001061694783857,,0.2884809076786041,0.2557308971881866,0.2974722683429718,0.0004724948370915,0.0013767085621275,0.0003835926472675,0.901825489871453,53.69727060303817,0.0167640808484101,0.595225725568533,,0,0,TRUE_ELASTIC_UNLOADING,-3.5637250723752345e-05,True,True
BH050,303,3.030001163482666,0.5487618779169492,7690,1,1,SHELF_NORMAL_Y_POS,4795,2,18.95857188792453,-30.050243557118467,-35.9889147327022,0.0006842646004452,-0.0011522170581218,0.000432431871201,-0.001362999064954,0.0005312202594109,-0.0011885795314884,0.0014691221294924,0.0001068070268956,,0.2893733978271484,0.2572665512561798,0.2985232770442962,0.0004724948370915,0.0013767085621275,0.0003835926472675,0.8988954440929581,53.96209925805718,0.0168126850602595,0.5938109608098763,,0,0,TRUE_ELASTIC_UNLOADING,0.0006447047132047,True,True
BH050,304,3.039999961853028,0.5456498410344317,7690,1,1,SHELF_NORMAL_Y_POS,4795,2,18.95857188792453,-29.95201524393777,-35.744467297007944,0.0006779085685576,-0.0011628689462368,0.0004276928596432,-0.0013730446640009,0.0005306240937159,-0.0011917581028527,0.0014778247568756,0.0001078346103895,,0.2907963991165161,0.2597416937351227,0.3000269532203674,0.0004724948370915,0.0013767085621275,0.0003835926472675,0.8971958260432493,54.290622418680144,0.0168628852709473,0.5919661829068679,,0,0,TRUE_ELASTIC_UNLOADING,0.0004623226442241,True,True
BH050,305,3.050000190734864,0.5423067202593465,7690,1,1,SHELF_NORMAL_Y_POS,4795,2,18.95857188792453,-29.64384514839278,-35.34923937654308,0.0006700869549034,-0.0011713187423753,0.0004229631913717,-0.0013790042969566,0.0005299929763797,-0.0011941415168452,0.0014849759172648,0.0001086889969883,,0.2919656932353973,0.2617996633052826,0.3014878630638122,0.0004724948370915,0.0013790042969566,0.0003835926472675,0.8935312932301276,54.61110733363372,0.016915479616898,0.5897842383959486,,0,0,TRUE_ELASTIC_UNLOADING,7.100162504158902e-06,True,True
BH050,306,3.0600006580352783,0.5414901300268254,7690,1,1,SHELF_NORMAL_Y_POS,4795,2,18.95857188792453,-29.663635094183626,-35.30571479358965,0.0006694599556369,-0.0011673676023219,0.0004224603846433,-0.001375366622398,0.0005297510562273,-0.0011947327995155,0.0014879667432978,0.0001090504592866,,0.292454719543457,0.2626703381538391,0.3017666339874267,0.0004724948370915,0.0013790042969566,0.0003835926472675,0.8913609644057253,54.87919318447464,0.0169614837173972,0.5881799607400777,,0,0,TRUE_ELASTIC_UNLOADING,0.0002872315415327,True,True
BH050,307,3.069999933242798,0.5390980507393184,7690,1,1,SHELF_NORMAL_Y_POS,4795,2,18.95857188792453,-29.45130863671884,-34.975978724871,0.0006662909001841,-0.0011642436863672,0.0004217789199047,-0.0013705667029037,0.0005294732283126,-0.0011952341412574,0.0014910096069797,0.0001094213657779,,0.2929522693157196,0.263563722372055,0.3025834858417511,0.0004724948370915,0.0013790042969566,0.0003835926472675,0.8872742356889127,55.17543989454223,0.0170175270067008,0.5865625863374757,,0,0,TRUE_ELASTIC_UNLOADING,-9.711978302107128e-05,True,True
BH050,308,3.080000400543213,0.5363689768454755,7690,1,1,SHELF_NORMAL_Y_POS,4795,2,18.95857188792453,-29.48025644837704,-34.887294982176215,0.0006614281141765,-0.0011709628192722,0.000417199860805,-0.0013778152302441,0.0005291382087005,-0.0011960770956913,0.0014948721509426,0.0001098967331927,,0.2935838401317596,0.2647087574005127,0.3030872046947479,0.0004724948370915,0.0013790042969566,0.0003835926472675,0.8858813983979228,55.4936720870617,0.0170810507155422,0.5849661242419409,,0,0,TRUE_ELASTIC_UNLOADING,0.0009064709697825,True,True
BH050,309,3.090000867843628,0.5350913854112267,7690,1,1,SHELF_NORMAL_Y_POS,4795,2,18.95857188792453,-29.1858503434831,-34.63087206521572,0.0006626718135698,-0.0011695134336177,0.0004202679753623,-0.001374278872827,0.000528996004537,-0.0011957995046056,0.0014960835687816,0.0001100463050534,,0.2937819361686706,0.2650690376758575,0.3034998476505279,0.0004724948370915,0.0013790042969566,0.0003835926472675,0.8827281771305278,55.76843660170049,0.0171292336341739,0.5834519138539718,,0,0,TRUE_ELASTIC_UNLOADING,0.0001612337227331,True,True
BH050,310,3.1000001430511475,0.5327334694516277,7690,1,1,SHELF_NORMAL_Y_POS,4795,2,18.95857188792453,-29.108890399964235,-34.409053439713915,0.0006582338141004,-0.0011726746263434,0.0004172183916849,-0.0013770529770554,0.0005286324190138,-0.0011967468831885,0.0015001529827713,0.0001105533301597,,0.2944473028182983,0.2662903070449829,0.3041600883007049,0.0004724948370915,0.0013790042969566,0.0003835926472675,0.8799683346862336,56.06518171366652,0.0171737753459792,0.5816241734644919,,0,0,TRUE_ELASTIC_UNLOADING,4.008062675142643e-05,True,True
BH050,311,3.1100006103515625,0.5296952279389325,7690,1,1,SHELF_NORMAL_Y_POS,4795,2,18.95857188792453,-28.95409840077012,-34.17552000533356,0.0006573160564345,-0.0011719813152621,0.0004174301283839,-0.0013757744672442,0.0005280696194687,-0.0011984804596962,0.0015060455771163,0.0001112930840463,,0.2954108119010925,0.2680721282958984,0.3051020801067352,0.0004724948370915,0.0013790042969566,0.0003835926472675,0.8780934989963817,56.38476587668825,0.0172267842573624,0.5796644319096114,,0,0,TRUE_ELASTIC_UNLOADING,-0.0002502317767301,True,True
BH050,312,3.119999885559082,0.5283474004074854,7690,1,1,SHELF_NORMAL_Y_POS,4795,2,18.95857188792453,-28.811296900754066,-33.97930023479609,0.0006535155647342,-0.0011770377443717,0.0004160077220858,-0.0013788220616696,0.0005276024471757,-0.0011999090450518,0.0015110439853742,0.0001119296721299,,0.2960549592971802,0.2696054875850677,0.3061262667179107,0.0004724948370915,0.0013790042969566,0.0003835926472675,0.8745044174439861,56.67165959053002,0.0172757061851989,0.5781922449108201,,0,0,TRUE_ELASTIC_UNLOADING,0.0001525738239281,True,True
BH050,313,3.130000352859497,0.5274177687570593,7690,1,1,SHELF_NORMAL_Y_POS,4795,2,18.95857188792453,-28.78403159598158,-33.90981215439478,0.0006534126042856,-0.0011801939712264,0.0004156682530543,-0.0013825066596115,0.0005274580028006,-0.0011994852584459,0.0015118521405383,0.0001120329689001,,0.2961565256118774,0.2698543071746826,0.3059836030006408,0.0004724948370915,0.0013825066596115,0.0003835926472675,0.8730150060171094,56.91496130640098,0.017327001978395,0.5770085157918887,,0,0,TRUE_ELASTIC_UNLOADING,0.0003814387516052,True,True
BH050,314,3.140000820159912,0.5253391416218062,7690,1,1,SHELF_NORMAL_Y_POS,4795,2,18.95857188792453,-28.692705100698426,-33.72625887255018,0.0006454035175719,-0.0011805575757518,0.0004100575299323,-0.0013811094128947,0.0005274397059024,-0.0011986304987365,0.0015118521405383,0.0001120329689001,,0.2961565256118774,0.2698543071746826,0.3064506351947784,0.0004724948370915,0.0013825066596115,0.0003835926472675,0.8712901164541622,57.18688622343728,0.0173813690567756,0.5756529337500275,,0,0,TRUE_ELASTIC_UNLOADING,0.0003957718432491,True,True
BH050,315,3.150000095367432,0.5232617240577657,7690,1,1,SHELF_NORMAL_Y_POS,4795,2,18.95857188792453,-28.594118003031927,-33.636957928380895,0.0006397833122342,-0.0011866488199121,0.0004043488337265,-0.001387224957922,0.0005273652774605,-0.0011982099344912,0.0015128043014556,0.0001121560853789,,0.296276181936264,0.2701508700847626,0.3064075410366058,0.0004724948370915,0.001387224957922,0.0003835926472675,0.8688396712229309,57.45837338681047,0.0174301413296931,0.574148541891324,,0,0,TRUE_ELASTIC_UNLOADING,-0.0002112037461217,True,True
BH050,316,3.1600005626678467,0.5219289901170122,7690,1,1,SHELF_NORMAL_Y_POS,4795,2,18.95857188792453,-28.54580635072815,-33.52699683977172,0.0006420253710116,-0.0011815288261778,0.0004074262176672,-0.0013816957872016,0.0005271957035344,-0.0011980893738804,0.0015143153723329,0.000112352623546,,0.2964660823345184,0.2706242501735687,0.3066650331020355,0.0004724948370915,0.001387224957922,0.0003835926472675,0.8666431765013819,57.723469937985335,0.017474150082004,0.5726608158822795,,0,0,TRUE_ELASTIC_UNLOADING,-0.0008074089416696,True,True
BH050,317,3.1700010299682617,0.5199183686297507,7690,1,1,SHELF_NORMAL_Y_POS,4795,2,18.95857188792453,-28.43642571334838,-33.330094637122485,0.000640751144173,-0.0011790253274464,0.0004095903236994,-0.0013763589433778,0.0005271056095739,-0.001197555670699,0.0015150576364248,0.0001124495902331,,0.2965593636035919,0.2708578407764435,0.3075580298900604,0.0004724948370915,0.001387224957922,0.0003835926472675,0.8644777787584087,57.998345499894576,0.0175213058744844,0.5710815984014772,,0,0,TRUE_ELASTIC_UNLOADING,7.740769992603536e-05,True,True
BH050,318,3.180000305175781,0.5178168471485988,7690,1,1,SHELF_NORMAL_Y_POS,4795,2,18.95857188792453,-28.29959758587601,-33.18466817330948,0.0006444854965723,-0.0011820008552204,0.0004124972958669,-0.0013802212868882,0.000526963444152,-0.0011972019323488,0.0015161623014137,0.0001125948037952,,0.2966982126235962,0.2712076306343078,0.3070878982543945,0.0004724948370915,0.001387224957922,0.0003835926472675,0.8618376052081274,58.26995629028464,0.0175717513394454,0.5697248961842263,,0,0,TRUE_ELASTIC_UNLOADING,0.0004379328990291,True,True
BH050,319,3.1900007724761963,0.5164985792362836,7690,1,1,SHELF_NORMAL_Y_POS,4795,2,18.95857188792453,-28.32089024169486,-33.18230759855837,0.0006361746603558,-0.0011843506971665,0.0004047014851828,-0.0013822196048957,0.000526863820724,-0.001196700571955,0.0015169125981628,0.0001126935967477,,0.2967925071716308,0.2714455723762512,0.3074308931827545,0.0004724948370915,0.001387224957922,0.0003835926472675,0.8615455911520361,58.55148372715527,0.0176185767389578,0.5683806716705461,,0,0,TRUE_ELASTIC_UNLOADING,-0.0009310911474051,True,False
BH050,320,3.200000047683716,0.5147487917075058,7690,1,1,SHELF_NORMAL_Y_POS,4795,2,18.95857188792453,-28.317212436507585,-33.15917025255326,0.0006285634686279,-0.0011946082009644,0.0003980854900978,-0.0013916164250056,0.000526812314349,-0.0011959850946666,0.0015170417027547,0.0001127106152125,,0.2968087196350097,0.2714865803718567,0.3077656924724579,0.0004724948370915,0.0013916164250056,0.0003835926472675,0.8585105116294534,58.78381670553599,0.0176661182730488,0.5672211774136623,,0,0,TRUE_ELASTIC_UNLOADING,-0.0007408583754189,True,True
BH050,321,3.210000514984131,0.5137056553993523,7690,1,1,SHELF_NORMAL_Y_POS,4795,2,18.95857188792453,-28.27373534921293,-32.98257518458445,0.0006298211210919,-0.0011866420914626,0.0003995242176336,-0.0013843894108054,0.0005267886168028,-0.0011954308253131,0.0015176109736785,0.0001127859941334,,0.2968802750110626,0.2716681063175201,0.3075981140136719,0.0004724948370915,0.0013916164250056,0.0003835926472675,0.8566313487445228,59.047001711486764,0.0177107765839188,0.5658326523975847,,0,0,TRUE_ELASTIC_UNLOADING,-0.000173117603015,True,True
BH050,322,3.220000982284546,0.5125118798223606,7690,1,1,SHELF_NORMAL_Y_POS,4795,2,18.95857188792453,-28.04506697076172,-32.81268760598229,0.0006267001994998,-0.0011870041347883,0.0003968480175121,-0.0013839004137676,0.0005266993815381,-0.0011949746069177,0.0015182138886302,0.0001128662843257,,0.2969560325145721,0.2718615233898163,0.3074460327625274,0.0004724948370915,0.0013916164250056,0.0003835926472675,0.8535464148474987,59.269936802244125,0.0177571970705251,0.5647222338131653,,0,0,TRUE_ELASTIC_UNLOADING,0.0002605400386873,True,True
BH050,323,3.230000257492065,0.510745346430413,7690,1,1,SHELF_NORMAL_Y_POS,4795,2,18.95857188792453,-27.964258613274737,-32.675807976583265,0.0006253337907311,-0.0011919786127412,0.0003966924373009,-0.0013880516526001,0.0005266806712869,-0.0011942291210651,0.0015183009672909,0.0001128779476857,,0.2969669699668884,0.2718896269798279,0.3077078461647033,0.0004724948370915,0.0013916164250056,0.0003835926472675,0.8511980185195395,59.50709358971629,0.0178028556799745,0.5635227864819428,,0,0,TRUE_ELASTIC_UNLOADING,-0.0001962323753184,True,True
BH050,324,3.2400007247924805,0.5090347133333755,7690,1,1,SHELF_NORMAL_Y_POS,4795,2,18.95857188792453,-27.88330688580725,-32.56032198509901,0.0006245194514533,-0.0011885329170186,0.0003975716284722,-0.0013831511425391,0.000526632454145,-0.0011935931325673,0.0015186212258413,0.0001129210431827,,0.2970072329044342,0.2719934284687042,0.3079596161842346,0.0004724948370915,0.0013916164250056,0.0003835926472675,0.8495620958559525,59.7645791021299,0.0178480016049547,0.5622829650864054,,0,0,TRUE_ELASTIC_UNLOADING,5.6085501733305065e-05,True,False
BH050,325,3.25,0.5079948497424169,7690,1,1,SHELF_NORMAL_Y_POS,4795,2,18.95857188792453,-27.840531180740523,-32.49234683621423,0.0006284162379043,-0.0011832066483407,0.0004008449361614,-0.0013786225423269,0.0005266081365915,-0.0011928543519715,0.0015187272801995,0.0001129353840951,,0.2970205545425415,0.2720279693603515,0.3077014088630676,0.0004724948370915,0.0013916164250056,0.0003835926472675,0.8470378056659608,60.0043877499179,0.0178923757763229,0.5610806250484305,6392.148907348765,1,1,TRUE_ELASTIC_UNLOADING,-7.96003960121805e-05,True,True
BH050,326,3.260000467300415,0.5064918524536867,7690,1,1,SHELF_NORMAL_Y_POS,4795,2,18.95857188792453,-27.831851275235977,-32.410454280474326,0.0006155133862968,-0.0011936544467469,0.0003892310577337,-0.0013882874457807,0.0005265378751508,-0.0011923201992176,0.0015193166909739,0.0001130153032136,,0.2970946431159973,0.2722204625606537,0.3080433905124664,0.0004724948370915,0.0013916164250056,0.0003835926472675,0.8451131793556429,60.254993807694646,0.0179345330676943,0.5598060777088831,,0,0,TRUE_ELASTIC_UNLOADING,0.0004995519082372,True,True
BH050,327,3.27000093460083,0.505520385868434,7690,1,1,SHELF_NORMAL_Y_POS,4795,2,18.95857188792453,-27.70124573270796,-32.26459267133515,0.000618974366007,-0.0011924460245069,0.0003928257917509,-0.0013870507259153,0.000526407033191,-0.0011920628921824,0.0015204589581117,0.0001131711469497,,0.2972381711006164,0.2725958526134491,0.307941734790802,0.0004724948370915,0.0013916164250056,0.0003835926472675,0.8418601943752295,60.494793511039234,0.0179781296249487,0.5586333403061746,,0,0,TRUE_ELASTIC_UNLOADING,9.209478028626704e-06,True,True
BH050,328,3.2800002098083496,0.5034847871159075,7690,1,1,SHELF_NORMAL_Y_POS,4795,2,18.95857188792453,-27.611261409193805,-32.16445284843354,0.0006194613232835,-0.0011869317382034,0.000394419493799,-0.0013804998941447,0.0005263912377194,-0.0011913427426683,0.0015204951632767,0.0001131761091528,,0.2972427308559418,0.2726078033447265,0.3081422448158264,0.0004724948370915,0.0013916164250056,0.0003835926472675,0.8388625183744615,60.722961965631136,0.0180217860570941,0.5575148398782966,,0,0,TRUE_ELASTIC_UNLOADING,1.7702380779249793e-05,True,True
BH050,329,3.2900006771087646,0.5012881432381024,7690,1,1,SHELF_NORMAL_Y_POS,4795,2,18.95857188792453,-27.44176069298708,-31.99132993157374,0.0006163968861245,-0.0011918226049539,0.0003932905285181,-0.0013834803272704,0.0005261144522128,-0.0011918655764992,0.0015235046157613,0.0001135909551521,,0.297620952129364,0.2736070454120636,0.3088260591030121,0.0004724948370915,0.0013916164250056,0.0003835926472675,0.8375604316522007,60.978203067697365,0.0180639004195564,0.5561820812712723,,0,0,TRUE_ELASTIC_UNLOADING,-8.511145069434178e-05,True,True
BH050,330,3.299999952316284,0.5011279268779089,7690,1,1,SHELF_NORMAL_Y_POS,4795,2,18.95857188792453,-27.4870340183563,-32.00109932151137,0.0006168186867523,-0.0011908545379681,0.0003932086602944,-0.0013832613480447,0.000525842775357,-0.0011922251049016,0.0015259124338626,0.0001139252781285,,0.2979235351085663,0.2744123339653015,0.3089812695980072,0.0004724948370915,0.0013916164250056,0.0003835926472675,0.8345782892725155,61.17747916912495,0.0181059158872464,0.555267166688737,,0,0,TRUE_ELASTIC_UNLOADING,0.0001663738738133,True,True
BH050,331,3.310000419616699,0.5000673443500125,7690,1,1,SHELF_NORMAL_Y_POS,4795,2,18.95857188792453,-27.342610383022567,-31.880647081287133,0.0006111611710601,-0.0012018754945932,0.0003888028930156,-0.0013928648553685,0.0005257955589448,-0.0011916325953538,0.0015261924127116,0.0001139642190537,,0.2979587316513061,0.2745061218738556,0.3093176484107971,0.0004724948370915,0.0013928648553685,0.0003835926472675,0.831114509300037,61.40301257828053,0.0181454813401353,0.5543302970739605,,0,0,TRUE_ELASTIC_UNLOADING,-9.816519643179866e-05,True,True
BH050,332,3.3200008869171143,0.4983356619539861,7690,1,1,SHELF_NORMAL_Y_POS,4795,2,18.95857188792453,-27.22462032328032,-31.668822323498148,0.000614968571203,-0.0011948603656512,0.0003935479731517,-0.0013855606733784,0.0005257628400627,-0.0011909915014007,0.001526569831185,0.0001140170716098,,0.2980061769485473,0.2746334075927734,0.3092264831066131,0.0004724948370915,0.0013928648553685,0.0003835926472675,0.8289101307593209,61.6518604853952,0.0181911444198048,0.5531915426695324,,0,0,TRUE_ELASTIC_UNLOADING,-0.0001940443901955,True,True
BH050,333,3.330000162124634,0.4972598348608716,7690,1,1,SHELF_NORMAL_Y_POS,4795,2,18.95857188792453,-27.23549350829652,-31.701449526754555,0.0006143338206037,-0.001195073672226,0.0003925868843509,-0.0013859499447567,0.00052565976752,-0.0011905232008016,0.0015271466691046,0.0001140981621574,,0.2980786561965942,0.2748287618160248,0.3092574179172516,0.0004724948370915,0.0013928648553685,0.0003835926472675,0.8257516425860214,61.87750327127447,0.0182306374237123,0.5520952782791888,,0,0,TRUE_ELASTIC_UNLOADING,0.0001597415373387,True,True
BH050,334,3.340000629425049,0.4961950967664576,7690,1,1,SHELF_NORMAL_Y_POS,4795,2,18.95857188792453,-26.98289748216812,-31.442357619941173,0.000611056752611,-0.0011961398204347,0.0003911476432768,-0.0013852231684478,0.0005255779241961,-0.0011901225257707,0.0015278765931725,0.000114200549433,,0.2981703877449035,0.2750753760337829,0.3095425069332123,0.0004724948370915,0.0013928648553685,0.0003835926472675,0.8238349579671678,62.086308901037,0.0182639548009161,0.550989951528499,,0,0,TRUE_ELASTIC_UNLOADING,1.7539498118335215e-06,True,True
BH050,335,3.3499999046325684,0.4951326270912855,7690,1,1,SHELF_NORMAL_Y_POS,4795,2,18.95857188792453,-26.96610346019131,-31.393621266682043,0.000606989491158,-0.0011977659875486,0.0003875484633752,-0.0013866020535353,0.0005255590112234,-0.0011894557982991,0.0015280060470104,0.0001142188921221,,0.2981866598129272,0.2751195728778839,0.3096651434898376,0.0004724948370915,0.0013928648553685,0.0003835926472675,0.8210598523100231,62.3076381849123,0.0183054887014735,0.5499607046193643,,0,0,TRUE_ELASTIC_UNLOADING,-5.413558817224384e-05,True,True
BH050,336,3.3600003719329834,0.4935902458364112,7690,1,1,SHELF_NORMAL_Y_POS,4795,2,18.95857188792453,-26.83284169653093,-31.23832883580062,0.0006100619636053,-0.001195901291611,0.0003919847614859,-0.0013835258176525,0.0005255107726054,-0.0011889377177898,0.0015284582041203,0.0001142831897595,,0.2982434928417206,0.2752744257450104,0.3099625408649444,0.0004724948370915,0.0013928648553685,0.0003835926472675,0.8170485804488186,62.5326198922531,0.0183493491988544,0.5490878730581938,,0,0,TRUE_ELASTIC_UNLOADING,0.0001868599724753,True,True
BH050,337,3.3700008392333984,0.4926880427047806,7690,1,1,SHELF_NORMAL_Y_POS,4795,2,18.95857188792453,-26.722412665574588,-31.13183982520589,0.0006134494597078,-0.0011919284166353,0.0003962505763049,-0.0013786473887965,0.0005253826209795,-0.0011887335503958,0.0015295105986297,0.0001144331909017,,0.2983757555484772,0.2756357192993164,0.3101452589035034,0.0004724948370915,0.0013928648553685,0.0003835926472675,0.8163779766951789,62.72938907015297,0.0183868843422628,0.5482526268850738,,0,0,TRUE_ELASTIC_UNLOADING,0.0002914495413849,True,True
BH050,338,3.380000114440918,0.4915049344368136,7690,1,1,SHELF_NORMAL_Y_POS,4795,2,18.95857188792453,-26.6931517381809,-31.05280986265109,0.0006167808429936,-0.001186955511697,0.0004002036583946,-0.001373396810643,0.0005252805076921,-0.0011885409125331,0.0015306678833439,0.0001145993228419,,0.2985211908817291,0.2760359048843384,0.3103544414043426,0.0004724948370915,0.0013928648553685,0.0003835926472675,0.8127101255605346,62.943598575182136,0.0184238000528553,0.5472016240326278,,0,0,TRUE_ELASTIC_UNLOADING,0.0001129917315418,True,True
BH050,339,3.390000581741333,0.490661304200909,7690,1,1,SHELF_NORMAL_Y_POS,4795,2,18.95857188792453,-26.61305163237022,-30.98902829409526,0.0006076166861916,-0.0011985735724759,0.0003908962655429,-0.0013850453065227,0.0005251170678886,-0.0011884270654294,0.0015320150414481,0.0001147938892245,,0.2986904978752136,0.2765045464038849,0.310337096452713,0.0004724948370915,0.0013928648553685,0.0003835926472675,0.8100540233616738,63.15299240653721,0.0184593315148371,0.5461185718792883,,0,0,TRUE_ELASTIC_UNLOADING,0.0005733645847737,True,True
BH050,340,3.400001049041748,0.4897023593256014,7690,1,1,SHELF_NORMAL_Y_POS,4795,2,18.95857188792453,-26.504661013241662,-30.87435936923907,0.0006101055115279,-0.0011954710401582,0.0003942593862309,-0.00138111187728,0.0005250367660822,-0.0011881187767014,0.0015328378649428,0.0001149134259321,,0.2987938821315765,0.2767924666404724,0.3105187714099884,0.0004724948370915,0.0013928648553685,0.0003835926472675,0.8086476443019271,63.353110753958376,0.0184967545385914,0.5453141114867487,,0,0,TRUE_ELASTIC_UNLOADING,0.0005171169804619,True,True
BH050,341,3.410000324249268,0.4879307671099242,7690,1,1,SHELF_NORMAL_Y_POS,4795,2,18.95857188792453,-26.403265252215217,-30.74683752158429,0.0006151956657766,-0.0011893495441025,0.0003999261140277,-0.0013745944027451,0.0005249308587084,-0.0011879288536701,0.0015340495156124,0.0001150902244262,,0.2989461719989776,0.2772183418273926,0.3106062114238739,0.0004724948370915,0.0013928648553685,0.0003835926472675,0.8052787490185516,63.56889262450034,0.0185367358215685,0.5444500925888733,,0,0,TRUE_ELASTIC_UNLOADING,6.407272056263569e-05,True,True
BH050,342,3.4200007915496826,0.487542627747658,7690,1,1,SHELF_NORMAL_Y_POS,4795,2,18.95857188792453,-26.29607491715333,-30.62529420366773,0.0006182228798733,-0.0011836815407264,0.0004053429525696,-0.0013666359890911,0.0005248620920962,-0.0011875243374105,0.001534687471576,0.000115183647722,,0.2990263402462005,0.277443379163742,0.3113132119178772,0.0004724948370915,0.0013928648553685,0.0003835926472675,0.8032961928245713,63.77277520604346,0.0185743236277055,0.5435661592141783,,0,0,TRUE_ELASTIC_UNLOADING,6.25647983997224e-05,True,True
BH050,343,3.430000066757202,0.4868634153628382,7690,1,1,SHELF_NORMAL_Y_POS,4795,2,18.95857188792453,-26.33004874964228,-30.64242019077289,0.0006186230749387,-0.0011815586680772,0.0004039026986551,-0.0013664700251825,0.0005248139662308,-0.0011870733279593,0.0015350590692833,0.0001152384938905,,0.2990730404853821,0.2775754630565643,0.3108194768428802,0.0004724948370915,0.0013928648553685,0.0003835926472675,0.8019516893742495,63.95593381554703,0.0186060440346357,0.5426766882136109,,0,0,TRUE_ELASTIC_UNLOADING,0.0001563638748924,True,False
BH050,344,3.440000534057617,0.4858148696077885,7690,1,1,SHELF_NORMAL_Y_POS,4795,2,18.95857188792453,-26.246752233127136,-30.56106643104774,0.00061679698345,-0.001186583358716,0.0004033143332614,-0.001370243560532,0.0005247564127459,-0.0011866737639303,0.0015355804935097,0.0001153157063527,,0.2991385757923126,0.2777614593505859,0.3111306130886078,0.0004724948370915,0.0013928648553685,0.0003835926472675,0.799750617928573,64.15433591151253,0.0186400752801597,0.5417367112524241,,0,0,TRUE_ELASTIC_UNLOADING,-4.841564463387016e-05,True,True
BH050,345,3.450001001358032,0.4849573962366016,7690,1,1,SHELF_NORMAL_Y_POS,4795,2,18.95857188792453,-26.11853668574492,-30.40815468035075,0.0006180118612272,-0.0011838448714609,0.000406039550396,-0.0013661654450021,0.0005246547367898,-0.0011865411810218,0.001536761294119,0.0001154915589722,,0.2992869615554809,0.2781850397586822,0.3115117847919464,0.0004724948370915,0.0013928648553685,0.0003835926472675,0.797337786710639,64.34777781398006,0.0186768700365788,0.54090687878359,,0,0,TRUE_ELASTIC_UNLOADING,0.0001625973255153,True,True
BH050,346,3.460000276565552,0.4841807201599267,7690,1,1,SHELF_NORMAL_Y_POS,4795,2,18.95857188792453,-25.98037373829244,-30.268673995221828,0.0006152981663599,-0.001183029940089,0.0004043130021329,-0.0013643724758118,0.0005244654292239,-0.0011867644852711,0.0015387360472232,0.0001157875813078,,0.2995351552963257,0.2788980603218078,0.3118352890014648,0.0004724948370915,0.0013928648553685,0.0003835926472675,0.7952432353029708,64.53151196798594,0.0187115534835969,0.5401406303303375,,0,0,TRUE_ELASTIC_UNLOADING,-0.0002849974997014,True,True
BH050,347,3.470000743865967,0.4830240831726241,7690,1,1,SHELF_NORMAL_Y_POS,4795,2,18.95857188792453,-25.99507476343273,-30.26071883476456,0.0006184382899554,-0.0011800148571744,0.0004070142484642,-0.0013619528797391,0.0005244713169675,-0.0011861255248529,0.0015387436142191,0.0001157887309091,,0.2995361089706421,0.2789008319377899,0.3115634024143219,0.0004724948370915,0.0013928648553685,0.0003835926472675,0.7928416764273908,64.71829794472146,0.0187446701323786,0.5392209481917178,,0,0,TRUE_ELASTIC_UNLOADING,-2.565219413974696e-05,True,True
BH050,348,3.4800000190734863,0.481925316348875,7690,1,1,SHELF_NORMAL_Y_POS,4795,2,18.95857188792453,-25.813825647045515,-30.0779279907382,0.0006152546829236,-0.0011855060887565,0.0004052051845266,-0.0013660802253307,0.0005244610603027,-0.001185491129794,0.0015387436142191,0.0001157887309091,,0.2995361089706421,0.2789008319377899,0.3118672370910644,0.0004724948370915,0.0013928648553685,0.0003835926472675,0.7903749252961328,64.91772226004448,0.0187762190206783,0.5382342806844505,,0,0,TRUE_ELASTIC_UNLOADING,-0.0008759894442296,True,True
BH050,349,3.4900004863739014,0.4811758417160025,7690,1,1,SHELF_NORMAL_Y_POS,4795,2,18.95857188792453,-25.7935845040435,-30.05360191418823,0.0006070076754936,-0.0011906363196702,0.0003972349305836,-0.0013709619396252,0.0005244023297358,-0.0011851760941593,0.0015394127694889,0.0001158903032774,,0.2996201813220978,0.2791455090045929,0.3119039237499237,0.0004724948370915,0.0013928648553685,0.0003835926472675,0.7887717529498196,65.10146771874088,0.0188083984988587,0.5374186780889588,,0,0,TRUE_ELASTIC_UNLOADING,8.892998550602549e-05,True,True
BH050,350,3.5000009536743164,0.4803903439589509,7690,1,1,SHELF_NORMAL_Y_POS,4795,2,18.95857188792453,-25.69400491615444,-29.950410459127,0.0006111505754873,-0.0011841063489093,0.0004016238079915,-0.001364210958274,0.000524347047305,-0.0011848164010812,0.0015400153351947,0.0001159818421001,,0.2996959090232849,0.279365986585617,0.3117920458316803,0.0004724948370915,0.0013928648553685,0.0003835926472675,0.7866815957657604,65.2832353692402,0.0188440462254813,0.536781176993452,293319.85803962377,1,1,TRUE_ELASTIC_UNLOADING,0.0002354161929916,True,True
BH050,351,3.510000228881836,0.4795255085275144,7690,1,1,SHELF_NORMAL_Y_POS,4795,2,18.95857188792453,-25.559679357375817,-29.822011245515768,0.0006202233415503,-0.0011742390220914,0.0004116839129449,-0.0013533153270461,0.0005243454721282,-0.0011842061638355,0.0015400153351947,0.0001159818421001,,0.2996959090232849,0.279365986585617,0.3120121657848358,0.0004724948370915,0.0013928648553685,0.0003835926472675,0.7834386954502288,65.46942841604657,0.0188807694523308,0.536115662614201,,0,0,TRUE_ELASTIC_UNLOADING,5.217265451551434e-06,True,True
BH050,352,3.520000696182251,0.4792856999419418,7690,1,1,SHELF_NORMAL_Y_POS,4795,2,18.95857188792453,-25.547186233392907,-29.78776110057383,0.0006179359891351,-0.0011730803498009,0.0004096100172578,-0.0013520935921815,0.0005242758360903,-0.001183854032841,0.0015405541053041,0.0001160643878392,,0.2997636198997497,0.2795647978782654,0.3120682537555694,0.0004724948370915,0.0013928648553685,0.0003835926472675,0.782750859679291,65.63535635188288,0.0189123533105705,0.5353498850465669,,0,0,TRUE_ELASTIC_UNLOADING,-0.0005777415198986,True,True
BH050,353,3.5299999713897705,0.4781433065800422,7690,1,1,SHELF_NORMAL_Y_POS,4795,2,18.95857188792453,-25.477555649587327,-29.719533726921064,0.0006224014581272,-0.0011703000194473,0.0004151861146984,-0.00134819293377,0.0005242686872865,-0.0011833461988326,0.0015407120808959,0.000116088638606,,0.2997834682464599,0.2796232402324676,0.3123960793018341,0.0004724948370915,0.0013928648553685,0.0003835926472675,0.7799425316942397,65.8185410746347,0.0189437776429767,0.5345921489180707,,0,0,TRUE_ELASTIC_UNLOADING,-0.0001603117878414,True,True
BH050,354,3.540000438690185,0.4774176900869774,7690,1,1,SHELF_NORMAL_Y_POS,4795,2,18.95857188792453,-25.387486418776223,-29.637962323261767,0.0006246746477413,-0.0011688318030499,0.0004179617348234,-0.001346163546121,0.00052425783321,-0.0011828364830439,0.0015409274492412,0.0001161219552159,,0.2998105585575104,0.2797034680843353,0.3123025894165039,0.0004724948370915,0.0013928648553685,0.0003835926472675,0.7773580923227705,65.99034938728781,0.018979549324181,0.5340005683844927,,0,0,TRUE_ELASTIC_UNLOADING,-0.0003778568057635,True,True
BH050,355,3.5500009059906006,0.4761688032822908,7690,1,1,SHELF_NORMAL_Y_POS,4795,2,18.95857188792453,-25.276744274930923,-29.48982571768612,0.0006277716580164,-0.0011601866292564,0.0004220220287958,-0.001336813575693,0.0005241069614995,-0.0011829940173725,0.0015427218750119,0.0001164011700893,,0.300036072731018,0.2803760170936584,0.3126919567584991,0.0004724948370915,0.0013928648553685,0.0003835926472675,0.775831264424594,66.16760176958576,0.0190163851233265,0.5334305508801942,,0,0,TRUE_ELASTIC_UNLOADING,-0.0004349264534522,True,True
BH050,356,3.56000018119812,0.4756360787688132,7690,1,1,SHELF_NORMAL_Y_POS,4795,2,18.95857188792453,-25.218904554542853,-29.463332393964016,0.000624506507383,-0.0011668137359718,0.0004185771559511,-0.0013434037244583,0.0005240049649825,-0.0011828663507743,0.0015437507536262,0.0001165621797554,,0.3001653552055359,0.2807638347148895,0.3126200437545776,0.0004724948370915,0.0013928648553685,0.0003835926472675,0.7733702504459318,66.3438774703588,0.0190479848149993,0.5327558229659602,,0,0,TRUE_ELASTIC_UNLOADING,0.0002925241397688,True,True
BH050,357,3.570000648498535,0.475153670143918,7690,1,1,SHELF_NORMAL_Y_POS,4795,2,18.95857188792453,-25.16524248142102,-29.407503351467053,0.0006213729365041,-0.0011707099352683,0.0004162582165745,-0.0013465002713035,0.0005239767370977,-0.0011824061631844,0.001543964841403,0.0001165958092315,,0.300192266702652,0.2808448374271393,0.3128726184368133,0.0004724948370915,0.0013928648553685,0.0003835926472675,0.7718368509650207,66.50160603697549,0.0190765587852875,0.5320706309226348,,0,0,TRUE_ELASTIC_UNLOADING,7.790312834021762e-05,True,True
BH050,358,3.5799999237060547,0.4745122987947807,7690,1,1,SHELF_NORMAL_Y_POS,4795,2,18.95857188792453,-25.156430006237223,-29.399634371236225,0.0006218196308327,-0.0011717484988546,0.0004155841977424,-0.001348653026196,0.0005239124571923,-0.0011821816566961,0.0015448059421032,0.0001167280861409,,0.3002979755401611,0.2811634540557861,0.3125379979610443,0.0004724948370915,0.0013928648553685,0.0003835926472675,0.7703906409404069,66.67898041023088,0.0191061038230801,0.531332563641417,,0,0,TRUE_ELASTIC_UNLOADING,0.0004486369471434,True,True
BH050,359,3.5900003910064697,0.4731258469175189,7690,1,1,SHELF_NORMAL_Y_POS,4795,2,18.95857188792453,-25.03451467087131,-29.260762569497217,0.0006165792795911,-0.0011730781269742,0.0004125472703231,-0.0013478964410904,0.0005238233741261,-0.0011820409331375,0.0015457862755283,0.0001168835005955,,0.3004211783409118,0.281537801027298,0.3132356405258178,0.0004724948370915,0.0013928648553685,0.0003835926472675,0.7686745480510474,66.83932267379915,0.0191396715068269,0.5307373930871755,,0,0,TRUE_ELASTIC_UNLOADING,0.0004103267253323,True,True
BH050,360,3.6000008583068848,0.4729080026994728,7690,1,1,SHELF_NORMAL_Y_POS,4795,2,18.95857188792453,-24.90198587805872,-29.168407100628443,0.0006227225071901,-0.0011669115627105,0.0004194914505739,-0.0013406512283872,0.00052376660783,-0.0011816871129204,0.0015462294686585,0.0001169542229035,,0.3004768788814544,0.2817081809043884,0.3134576678276062,0.0004724948370915,0.0013928648553685,0.0003835926472675,0.7660784638390525,67.00631575373265,0.0191711475236274,0.5301468899825771,,0,0,TRUE_ELASTIC_UNLOADING,0.0002449671174181,True,True
BH050,361,3.610000133514404,0.4724220244007246,7690,1,1,SHELF_NORMAL_Y_POS,4795,2,18.95857188792453,-24.92281091712755,-29.17695656097318,0.0006169574280069,-0.0011716340613089,0.0004125181866882,-0.001346666765919,0.0005237382443344,-0.0011813518585434,0.0015466685872524,0.0001170243704109,,0.3005320727825165,0.2818771302700043,0.3129531443119049,0.0004724948370915,0.0013928648553685,0.0003835926472675,0.765864044132765,67.15150222763552,0.0191987669391016,0.5295829566656045,,0,0,TRUE_ELASTIC_UNLOADING,-0.0001569474553309,True,True
BH050,362,3.6200006008148193,0.4708901712792352,7690,1,1,SHELF_NORMAL_Y_POS,4795,2,18.95857188792453,-24.76021533315209,-29.016921406967143,0.0006261502689886,-0.0011639823702414,0.0004230580197567,-0.0013376503839399,0.0005235321082183,-0.0011818476325397,0.0015491012018173,0.0001174153803731,,0.3008377850055694,0.2828189432621002,0.3134360015392303,0.0004724948370915,0.0013928648553685,0.0003835926472675,0.76338208226184,67.32200701939365,0.0192270175164343,0.5287525049476636,,0,0,TRUE_ELASTIC_UNLOADING,0.0001987554337129,True,False
BH050,363,3.6300010681152335,0.4698278007823568,7690,1,1,SHELF_NORMAL_Y_POS,4795,2,18.95857188792453,-24.65651082520897,-28.89278711430424,0.0006306388495979,-0.0011624373197178,0.0004288880707705,-0.001334905082722,0.0005235076707761,-0.0011814102221306,0.001549374894239,0.0001174598291981,,0.3008721768856048,0.2829260230064392,0.3137522935867309,0.0004724948370915,0.0013928648553685,0.0003835926472675,0.761173722883921,67.49337410925611,0.0192560643467226,0.5279193708051118,,0,0,TRUE_ELASTIC_UNLOADING,0.0003655005685281,True,True
BH050,364,3.640000343322754,0.4693719052833768,7690,1,1,SHELF_NORMAL_Y_POS,4795,2,18.95857188792453,-24.439637664375645,-28.67782129772864,0.0006258058021373,-0.0011632600302164,0.0004270786118207,-0.0013326910203024,0.0005234042529606,-0.0011814798572195,0.0015507523203268,0.0001176848309114,,0.3010452687740326,0.2834679782390594,0.3145557045936584,0.0004724948370915,0.0013928648553685,0.0003835926472675,0.760323480942781,67.63187324143504,0.0192812198655182,0.527293655969455,,0,0,TRUE_ELASTIC_UNLOADING,0.0001723742800937,True,True
BH050,365,3.650000810623169,0.4683170586665826,7690,1,1,SHELF_NORMAL_Y_POS,4795,2,18.95857188792453,-24.518826180307617,-28.74207029321293,0.0006279423754128,-0.0011676718637059,0.0004278158267836,-0.001338605480679,0.0005233416605344,-0.0011812664658724,0.0015515295090153,0.0001178121237899,,0.3011429607868194,0.283774584531784,0.3143119513988495,0.0004724948370915,0.0013928648553685,0.0003835926472675,0.75712599365171,67.79523961167544,0.0193083170261598,0.5266395762853596,,0,0,TRUE_ELASTIC_UNLOADING,0.0002455681919353,True,True
BH050,366,3.660000085830689,0.4683944039117869,7690,1,1,SHELF_NORMAL_Y_POS,4795,2,18.95857188792453,-24.44872364302269,-28.696277394392947,0.0006438946273986,-0.0011480794487962,0.0004431772153534,-0.0013194358902098,0.000523319905009,-0.0011807778437557,0.0015515295090153,0.0001178121237899,,0.3011429607868194,0.283774584531784,0.314039409160614,0.0004724948370915,0.0013928648553685,0.0003835926472675,0.7562861383722901,67.9364944853897,0.0193411933510404,0.5262881565252413,,0,0,TRUE_ELASTIC_UNLOADING,-0.0004665901908336,True,False
BH050,367,3.670000553131104,0.4683247409047693,7690,1,1,SHELF_NORMAL_Y_POS,4795,2,18.95857188792453,-24.37989022330913,-28.615314673978684,0.0006343879454164,-0.0011554653114645,0.0004351276925922,-0.0013254484367495,0.0005232823479373,-0.0011806850777964,0.0015524299815297,0.0001179605314973,,0.3012561202049255,0.2841320633888244,0.3145560026168823,0.0004724948370915,0.0013928648553685,0.0003835926472675,0.7545088307915898,68.08338489255773,0.0193689944124828,0.5259039118641544,,0,0,TRUE_ELASTIC_UNLOADING,0.000162700591882,True,True
BH050,368,3.680001020431519,0.4678737631100114,7690,1,1,SHELF_NORMAL_Y_POS,4795,2,18.95857188792453,-24.307975423768056,-28.59138601846989,0.000642386294279,-0.001154692655137,0.0004430258281412,-0.0013244442922791,0.0005232222521093,-0.0011804019011011,0.0015529077500104,0.0001180397521238,,0.3013161718845367,0.2843228876590729,0.3144405484199524,0.0004724948370915,0.0013928648553685,0.0003835926472675,0.752928828771686,68.21693666253945,0.0193952346016991,0.5253918106933575,,0,0,TRUE_ELASTIC_UNLOADING,0.0001325285584847,True,True
BH050,369,3.690000295639038,0.4674814711633865,7690,1,1,SHELF_NORMAL_Y_POS,4795,2,18.95857188792453,-24.221139375432347,-28.480263300494435,0.0006390688235749,-0.0011562212530253,0.0004405828119044,-0.0013252663159051,0.0005231224157009,-0.0011804854781293,0.0015541831962764,0.0001182519408757,,0.3014764487743377,0.2848339974880218,0.3147221505641937,0.0004724948370915,0.0013928648553685,0.0003835926472675,0.7531062299436954,68.35808293650382,0.0194209289596315,0.5247862874345985,,0,0,ELASTIC_RELOADING,,False,False
BH050,370,3.700000762939453,0.4670360941455997,7690,1,1,SHELF_NORMAL_Y_POS,4795,2,18.95857188792453,-24.15359047200359,-28.412288006148653,0.0006341264507465,-0.0011568762433537,0.0004368166962767,-0.0013247479964354,0.0005231324245343,-0.0011799803708864,0.0015541831962764,0.0001182519408757,,0.3014764487743377,0.2848339974880218,0.3151026666164398,0.0004724948370915,0.0013928648553685,0.0003835926472675,0.751286688245324,68.50511980074283,0.0194430188970507,0.524164781205896,,0,0,TRUE_ELASTIC_UNLOADING,0.0001780974307009,True,True
BH050,371,3.7100000381469727,0.4667456181755592,7690,1,1,SHELF_NORMAL_Y_POS,4795,2,18.95857188792453,-24.10087334478524,-28.40203228739608,0.0006296191304285,-0.0011656835818323,0.0004316797312529,-0.0013338914675797,0.0005231129213403,-0.0011795204548725,0.0015542670153081,0.000118265976198,,0.301486998796463,0.2848677933216095,0.3148346841335296,0.0004724948370915,0.0013928648553685,0.0003835926472675,0.7500279802548776,68.64180204126144,0.0194696217658307,0.5237257212264522,,0,0,TRUE_ELASTIC_UNLOADING,-0.0002073681570318,True,True
BH050,372,3.720000505447388,0.4656123477325922,7690,1,1,SHELF_NORMAL_Y_POS,4795,2,18.95857188792453,-24.09849687902153,-28.36060990679344,0.0006275713979469,-0.0011679043247747,0.0004295219291208,-0.0013364921828096,0.0005230837287292,-0.0011791910290055,0.0015547132352367,0.0001183408603537,,0.3015430569648742,0.2850481569766998,0.3146537542343139,0.0004724948370915,0.0013928648553685,0.0003835926472675,0.7483218888078379,68.79469936238746,0.0194978806784912,0.523188242022181,,0,0,TRUE_ELASTIC_UNLOADING,-0.0004089351540328,True,True
BH050,373,3.7300009727478014,0.465195011453675,7690,1,1,SHELF_NORMAL_Y_POS,4795,2,18.95857188792453,-24.1181339086037,-28.410669991348463,0.0006235415315868,-0.0011614416298741,0.0004244176698197,-0.001330893583235,0.0005230318563791,-0.0011790049282337,0.0015553586417809,0.0001184491411549,,0.3016241788864136,0.2853089869022369,0.3144451677799225,0.0004724948370915,0.0013928648553685,0.0003835926472675,0.7465521361791834,68.93488993554017,0.0195216291814731,0.522668066815164,,0,0,TRUE_ELASTIC_UNLOADING,0.0005426446638657,False,False
BH050,374,3.740000247955322,0.4649885868999042,7690,1,1,SHELF_NORMAL_Y_POS,4795,2,18.95857188792453,-23.774418293352376,-28.04075885913108,0.0006132541624376,-0.0011782688850503,0.0004183778693749,-0.0013436543447089,0.0005229198117566,-0.0011792607540703,0.0015570116229355,0.0001187281377497,,0.3018319308757782,0.2859809994697571,0.3155660927295685,0.0004724948370915,0.0013928648553685,0.0003835926472675,0.744219081457705,69.06387335934812,0.019542662052552,0.5221073576239215,,0,0,TRUE_ELASTIC_UNLOADING,-0.0001757700467988,True,True
BH050,375,3.750000715255737,0.4642543352660021,7690,1,1,SHELF_NORMAL_Y_POS,4795,2,18.95857188792453,-23.87558811303518,-28.126560060861344,0.0006112511742253,-0.0011824237793768,0.0004150921732762,-0.0013491981816082,0.0005227646200975,-0.0011796389595738,0.0015588869573548,0.0001190471302834,,0.3020676076412201,0.2867493629455566,0.3155366480350494,0.0004724948370915,0.0013928648553685,0.0003835926472675,0.7449738807794491,69.20355217285405,0.0195659060521996,0.5214896322770345,-40938.67697579974,1,1,ELASTIC_RELOADING,,False,False
BH050,376,3.759999990463257,0.4639229452846901,7690,1,1,SHELF_NORMAL_Y_POS,4795,2,18.95857188792453,-23.826102176956194,-28.131761519350555,0.0006123621367049,-0.0011814217435999,0.0004152944265221,-0.0013487268316003,0.0005227732805112,-0.0011791906462908,0.0015588869573548,0.0001190471302834,,0.3020676076412201,0.2867493629455566,0.3150891065597534,0.0004724948370915,0.0013928648553685,0.0003835926472675,0.7417607949371022,69.32727079618897,0.0195905303763435,0.5210698497067258,,0,0,TRUE_ELASTIC_UNLOADING,8.79550689351083e-05,True,True
BH050,377,3.770000457763672,0.4632052375509539,7690,1,1,SHELF_NORMAL_Y_POS,4795,2,18.95857188792453,-23.688598715136823,-27.97318684688424,0.0006145297179852,-0.0011749975744633,0.0004200737216775,-0.0013398366021184,0.0005227661751034,-0.0011787412111278,0.0015588869573548,0.0001190471302834,,0.3020676076412201,0.2867493629455566,0.3159131705760956,0.0004724948370915,0.0013928648553685,0.0003835926472675,0.7418727357548384,69.45449638588434,0.0196142388924827,0.5206164938948288,,0,0,ELASTIC_RELOADING,,False,False
BH050,378,3.780000925064087,0.4631005105881426,7690,1,1,SHELF_NORMAL_Y_POS,4795,2,18.95857188792453,-23.708271230211057,-27.997860450177743,0.0006221953626839,-0.0011689443871724,0.0004263233649044,-0.001335164846565,0.0005227386587078,-0.0011785475763797,0.0015594523865729,0.0001191442570416,,0.3021386563777923,0.2869833111763,0.3153851926326751,0.0004724948370915,0.0013928648553685,0.0003835926472675,0.7401815602643229,69.58112365184215,0.0196371643129117,0.5201246118809615,,0,0,TRUE_ELASTIC_UNLOADING,-0.0003224375048629,True,True
BH050,379,3.7900002002716064,0.4623995221074756,7690,1,1,SHELF_NORMAL_Y_POS,4795,2,18.95857188792453,-23.55362128115242,-27.841195260202127,0.0006260093189668,-0.0011690211307376,0.0004324531857312,-0.0013329396558231,0.0005227259735495,-0.0011780893643627,0.0015594523865729,0.0001191442570416,,0.3021386563777923,0.2869833111763,0.3159520328044891,0.0004724948370915,0.0013928648553685,0.0003835926472675,0.738134397155233,69.71363879586562,0.0196590570389751,0.5195606325096165,,0,0,TRUE_ELASTIC_UNLOADING,9.53026815239122e-05,True,True
BH050,380,3.8000006675720215,0.4621492377688302,7690,1,1,SHELF_NORMAL_Y_POS,4795,2,18.95857188792453,-23.53366408128925,-27.81083093781406,0.0006311307224424,-0.0011649713340431,0.0004377752037104,-0.0013287611832599,0.0005227264885134,-0.0011776516025585,0.0015594523865729,0.0001191442570416,,0.3021386563777923,0.2869833111763,0.3160331845283508,0.0004724948370915,0.0013928648553685,0.0003835926472675,0.7381992099409288,69.84132333852386,0.0196834845614322,0.5191928775751011,,0,0,ELASTIC_RELOADING,,False,False
BH050,381,3.809999942779541,0.4610709862259297,7690,1,1,SHELF_NORMAL_Y_POS,4795,2,18.95857188792453,-23.5863856465623,-27.837607958085588,0.0006392755003196,-0.001154404864506,0.0004441612736535,-0.0013201327618297,0.0005226692467867,-0.0011774732139726,0.0015600881306454,0.0001192537965835,,0.3022185564041137,0.2872471511363983,0.31545490026474,0.0004724948370915,0.0013928648553685,0.0003835926472675,0.7367152355175693,69.96333807215647,0.0197126424525787,0.5189978782801061,,0,0,TRUE_ELASTIC_UNLOADING,0.0006980478437095,True,True
BH050,382,3.820000410079956,0.4605014907353555,7690,1,1,SHELF_NORMAL_Y_POS,4795,2,18.95857188792453,-23.32354660135329,-27.60452176986801,0.0006299744590016,-0.0011620565679876,0.0004392676709193,-0.0013231713618174,0.0005226360701736,-0.0011772091295694,0.0015604771906509,0.0001193210046039,,0.302267462015152,0.2874090373516083,0.3167776763439178,0.0004724948370915,0.0013928648553685,0.0003835926472675,0.7348608985140515,70.09326140136024,0.0197397631677228,0.5186687406565956,,0,0,TRUE_ELASTIC_UNLOADING,-0.0001493124002025,True,True
BH050,383,3.830000877380371,0.4604605324171213,7690,1,1,SHELF_NORMAL_Y_POS,4795,2,18.95857188792453,-23.3466843272728,-27.607105989149314,0.0006304443991982,-0.0011600022051312,0.0004383166926589,-0.0013226799923488,0.0005225598104185,-0.0011773655387393,0.0015617262106388,0.0001195380318677,,0.3024244308471679,0.2879317700862884,0.3163384199142456,0.0004724948370915,0.0013928648553685,0.0003835926472675,0.7339471357627088,70.21118636459623,0.0197602870099868,0.5182356360280442,,0,0,TRUE_ELASTIC_UNLOADING,-0.0003191079154258,True,False
BH050,384,3.84000015258789,0.459995527937393,7690,1,1,SHELF_NORMAL_Y_POS,4795,2,18.95857188792453,-23.342783251084125,-27.606236495810045,0.0006236898323908,-0.0011698106317184,0.0004311109355702,-0.0013329186535753,0.000522548062395,-0.0011770066153064,0.0015618351753801,0.0001195570366689,,0.3024381101131439,0.2879775762557983,0.3161796033382416,0.0004724948370915,0.0013928648553685,0.0003835926472675,0.7326047598685181,70.32380482089937,0.0197762859969713,0.5176521557458298,,0,0,TRUE_ELASTIC_UNLOADING,-0.0002529869181384,True,False
BH050,385,3.8500006198883057,0.4591117873101804,7690,1,1,SHELF_NORMAL_Y_POS,4795,2,18.95857188792453,-23.256511831756,-27.52634403603428,0.0006283930459732,-0.0011624493303269,0.0004369322218058,-0.0013243951853403,0.000522471976788,-0.0011772199082384,0.0015632605645805,0.0001198071186081,,0.3026172518730163,0.2885799407958984,0.316639244556427,0.0004724948370915,0.0013928648553685,0.0003835926472675,0.7316480340362198,70.44738404212033,0.019797067889034,0.5171599163257774,,0,0,TRUE_ELASTIC_UNLOADING,-0.000136755167315,True,True
BH050,386,3.859999895095825,0.4588239541355294,7690,1,1,SHELF_NORMAL_Y_POS,4795,2,18.95857188792453,-23.18422828430656,-27.43058463342071,0.0006326853865129,-0.0011593427746032,0.0004423071500317,-0.0013203683174269,0.0005224061146009,-0.0011771198459236,0.0015639619668945,0.0001199304970214,,0.3027054071426391,0.2888771295547485,0.3169198930263519,0.0004724948370915,0.0013928648553685,0.0003835926472675,0.7292891139453098,70.55477056965924,0.0198219709483307,0.5168882566496279,,0,0,TRUE_ELASTIC_UNLOADING,0.0001770416631557,True,True
BH050,387,3.87000036239624,0.4582341286720675,7690,1,1,SHELF_NORMAL_Y_POS,4795,2,18.95857188792453,-23.234502887404496,-27.51897577919503,0.0006267223710067,-0.0011673659285288,0.0004350780006958,-0.0013293941267766,0.0005224042796486,-0.0011768168357341,0.0015641724457964,0.0001199673788505,,0.302731841802597,0.2889659702777862,0.3166495859622955,0.0004724948370915,0.0013928648553685,0.0003835926472675,0.7279108634070518,70.67948672788324,0.019844502842482,0.516602581406053,,0,0,TRUE_ELASTIC_UNLOADING,-0.0003272551554549,True,False
BH050,388,3.8800008296966553,0.4580012085389908,7690,1,1,SHELF_NORMAL_Y_POS,4795,2,18.95857188792453,-23.041882633385995,-27.30612124335919,0.0006277884719985,-0.0011617787922101,0.0004387473822287,-0.0013213435782242,0.0005223488487829,-0.0011766595946485,0.0015647200634703,0.0001200640544993,,0.3028006553649902,0.2891988158226013,0.317442774772644,0.0004724948370915,0.0013928648553685,0.0003835926472675,0.7283402945840614,70.78872700555158,0.0198652337404411,0.5161655756383566,,0,0,ELASTIC_RELOADING,,False,False
BH050,389,3.890000104904175,0.4568635102411056,7690,1,1,SHELF_NORMAL_Y_POS,4795,2,18.95857188792453,-22.5626280511604,-26.77930830657641,0.0006293177891899,-0.0011614770980429,0.0004441993787232,-0.0013174479491403,0.0005219361729523,-0.0011788799111173,0.0015705726109445,0.0001211101916851,,0.3035361766815185,0.2917186617851257,0.3184051513671875,0.0004724948370915,0.0013928648553685,0.0003835926472675,0.7254325658672648,70.90829706053522,0.0198829707004014,0.515635817698846,,0,0,TRUE_ELASTIC_UNLOADING,-0.0001748937910257,True,True
BH050,390,3.90000057220459,0.4566631551304759,7690,1,1,SHELF_NORMAL_Y_POS,4795,2,18.95857188792453,-22.61560825658129,-26.74079121208669,0.0006303647448977,-0.0011650395452555,0.0004459361025094,-0.0013209530980896,0.0005210749928496,-0.0011834907263065,0.0015817712992429,0.0001231668284162,,0.3049435615539551,0.2966724932193756,0.3200006186962127,0.0004724948370915,0.0013928648553685,0.0003835926472675,0.723431179945273,71.02666461609164,0.0198985691064026,0.5151470209851879,,0,0,TRUE_ELASTIC_UNLOADING,0.0010136766633078,True,False
BH050,391,3.910001039505005,0.4562711358857251,7690,1,1,SHELF_NORMAL_Y_POS,4795,2,18.95857188792453,-22.402491196093308,-26.510275089117847,0.0006283839310216,-0.0011696001108479,0.0004461040135995,-0.0013234852087328,0.0005209001781142,-0.0011842126516618,0.0015841913409531,0.0001236187381437,,0.3052477240562439,0.2977609932422638,0.3207166790962219,0.0004724948370915,0.0013928648553685,0.0003835926472675,0.7217856895156103,71.13609744712919,0.0199167802218337,0.5147622926941038,,0,0,TRUE_ELASTIC_UNLOADING,7.613208984669217e-05,True,True
BH050,392,3.920000314712525,0.4554769830207733,7690,1,1,SHELF_NORMAL_Y_POS,4795,2,18.95857188792453,-22.752516947444896,-26.900235193705644,0.0006288808298215,-0.0011671734480128,0.0004421759643475,-0.0013252074500332,0.0005208051945933,-0.001184388538375,0.0015854183584451,0.000123849225929,,0.3054019212722778,0.2983161807060241,0.3197231292724609,0.0004724948370915,0.0013928648553685,0.0003835926472675,0.7210878628782913,71.24553162977021,0.0199382164654444,0.5144397967705037,,0,0,TRUE_ELASTIC_UNLOADING,-0.0002144266079007,True,False
BH050,393,3.93000078201294,0.4553705686004187,7690,1,1,SHELF_NORMAL_Y_POS,4795,2,18.95857188792453,-22.40129645722964,-26.597026515040312,0.0006272980583221,-0.0011679216209065,0.0004438959029417,-0.0013223210339517,0.0005207840104008,-0.0011842529947393,0.001585904858075,0.0001239410048583,,0.305463045835495,0.2985372543334961,0.3204618096351623,0.0004724948370915,0.0013928648553685,0.0003835926472675,0.7199480068599468,71.34966628268225,0.0199570736630901,0.5140806738812573,,0,0,TRUE_ELASTIC_UNLOADING,0.0001748999266042,True,False
BH050,394,3.940000057220459,0.4552158020351974,7690,1,1,SHELF_NORMAL_Y_POS,4795,2,18.95857188792453,-22.018784499442926,-26.16117270749876,0.0006238979531678,-0.0011757722007305,0.0004433087585094,-0.0013277273755174,0.0005206201600506,-0.0011848217922736,0.0015879301354289,0.0001243236329173,,0.3057175874710083,0.2994588911533355,0.3211157023906708,0.0004724948370915,0.0013928648553685,0.0003835926472675,0.7188126496389419,71.44519841418081,0.0199728284286314,0.5136765683986484,,0,0,TRUE_ELASTIC_UNLOADING,-0.0002575342061552,True,True
BH050,395,3.950000524520874,0.4546102183358946,7690,1,1,SHELF_NORMAL_Y_POS,4795,2,18.95857188792453,-22.050146992873504,-26.20644501536974,0.0006284159494863,-0.00116911834784,0.0004478399150784,-0.0013209642115854,0.0005206144807739,-0.001184540171944,0.0015880778664723,0.0001243517326656,,0.3057361543178558,0.299526572227478,0.3212491273880005,0.0004724948370915,0.0013928648553685,0.0003835926472675,0.7184109817830926,71.54443497576446,0.0199899760334989,0.5132854755505751,,0,0,TRUE_ELASTIC_UNLOADING,0.0003152682868932,True,True
BH050,396,3.960000991821289,0.4539110725059565,7690,1,1,SHELF_NORMAL_Y_POS,4795,2,18.95857188792453,-22.241721008761164,-26.357611650891982,0.0006313673004562,-0.0011619078289929,0.0004499313353227,-0.001314892937153,0.0005205104353463,-0.001184771188358,0.0015893549425527,0.0001245945895789,,0.3058966398239136,0.3001115322113037,0.3212804198265075,0.0004724948370915,0.0013928648553685,0.0003835926472675,0.7180706499401697,71.64320450216786,0.0200086977371311,0.512953000014958,,0,0,TRUE_ELASTIC_UNLOADING,-0.0022441288347692,True,False
BH050,397,3.9700002670288086,0.4537985405181429,7690,1,1,SHELF_NORMAL_Y_POS,4795,2,18.95857188792453,-22.25428360945343,-26.43240845628987,0.0006226820695444,-0.0011771203572418,0.0004403402816196,-0.001330581097838,0.0005205116584083,-0.0011844058560708,0.0015893549425527,0.0001245945895789,,0.3058966398239136,0.3001115322113037,0.321132093667984,0.0004724948370915,0.0013928648553685,0.0003835926472675,0.7161834026146926,71.74472464014376,0.0200256700974349,0.512611332880019,,0,0,TRUE_ELASTIC_UNLOADING,0.0001504367068033,True,True
BH050,398,3.980000734329224,0.45343637764949,7690,1,1,SHELF_NORMAL_Y_POS,4795,2,18.95857188792453,-21.99532922148372,-26.138944306050536,0.0006275589654555,-0.0011740006291247,0.0004474955343713,-0.0013254215596242,0.0005203855050734,-0.0011849077229483,0.0015911951195448,0.000124950252939,,0.3061279058456421,0.3009682297706604,0.3216609060764313,0.0004724948370915,0.0013928648553685,0.0003835926472675,0.7155552026926678,71.84055697716894,0.0200425793590451,0.5122846225886326,,0,0,TRUE_ELASTIC_UNLOADING,-0.000253670288038,True,False
BH050,399,3.990000009536743,0.4529667774034708,7690,1,1,SHELF_NORMAL_Y_POS,4795,2,18.95857188792453,-21.890900312175084,-25.998731101809003,0.0006244768797443,-0.0011699005681682,0.0004462579037604,-0.0013197244004448,0.000520375412553,-0.0011845844836603,0.0015911951195448,0.000124950252939,,0.3061279058456421,0.3009682297706604,0.3221053779125213,0.0004724948370915,0.0013928648553685,0.0003835926472675,0.7151958902355142,71.92889292301075,0.0200596700756614,0.5119768510556315,,0,0,TRUE_ELASTIC_UNLOADING,0.0004345421413394,True,False
BH050,400,4.000000476837158,0.4528474648505039,7690,1,1,SHELF_NORMAL_Y_POS,4795,2,18.95857188792453,-21.778500158630184,-25.958664171071906,0.0006263461887161,-0.0011679213070853,0.0004479554871721,-0.0013174168656861,0.0005203838278684,-0.0011843679912223,0.0015914069954305,0.0001249914348591,,0.3061545193195343,0.301067441701889,0.3220424652099609,0.0004724948370915,0.0013928648553685,0.0003835926472675,0.7138041326712172,72.01794538614561,0.0200745047855888,0.5116002004459863,404148.5999144308,1,1,TRUE_ELASTIC_UNLOADING,0.0004021272520515,True,True
BH050,401,4.010000705718994,0.4524250741493269,7690,1,1,SHELF_NORMAL_Y_POS,4795,2,18.95857188792453,-21.863488321155423,-25.99982210742674,0.0006280357357503,-0.0011689445513731,0.0004497342787927,-0.0013186538393012,0.0005203741854108,-0.0011839876110271,0.0015914069954305,0.0001249914348591,,0.3061545193195343,0.301067441701889,0.3220705091953277,0.0004724948370915,0.0013928648553685,0.0003835926472675,0.7148304059596217,72.11939804792655,0.0200944910866536,0.5112194615986979,,0,0,ELASTIC_RELOADING,,False,False
BH050,402,4.019999980926514,0.4516878904173404,7690,1,1,SHELF_NORMAL_Y_POS,4795,2,18.95857188792453,-21.553520174497464,-25.71177050314179,0.0006353370486742,-0.0011601990932712,0.0004587174991849,-0.0013080749768942,0.000520395516301,-0.0011836114571553,0.0015914512332528,0.000125000035041,,0.3061600923538208,0.3010881543159485,0.3221668303012848,0.0004724948370915,0.0013928648553685,0.0003835926472675,0.712265075187277,72.23292451725308,0.0201144159306093,0.5108103058121034,,0,0,TRUE_ELASTIC_UNLOADING,8.840961134048975e-05,True,True
BH050,403,4.03000020980835,0.4509807248972471,7690,1,1,SHELF_NORMAL_Y_POS,4795,2,18.95857188792453,-22.03613843939917,-26.218433374336264,0.0006412237124077,-0.0011497239708088,0.0004589586554099,-0.0013030791549844,0.0005203135636102,-0.00118358312981,0.0015922513557597,0.0001251551002496,,0.3062606453895569,0.3014616668224334,0.320881575345993,0.0004724948370915,0.0013928648553685,0.0003835926472675,0.7119751773474777,72.34505946092789,0.0201332640749788,0.5103733977701537,,0,0,TRUE_ELASTIC_UNLOADING,-0.0007239962311349,True,False
BH050,404,4.0400004386901855,0.4506546167349062,7690,1,1,SHELF_NORMAL_Y_POS,4795,2,18.95857188792453,-21.60171571121452,-25.73880672158212,0.0006429035472573,-0.0011523556571839,0.0004651411191901,-0.0013015206819535,0.0005203309906209,-0.0011831798447452,0.0015922513557597,0.0001251551002496,,0.3062606453895569,0.3014616668224334,0.3218514919281006,0.0004724948370915,0.0013928648553685,0.0003835926472675,0.7114004655939684,72.44785608688903,0.0201512868889614,0.5099816161401551,,0,0,TRUE_ELASTIC_UNLOADING,0.0008181060568009,True,False
BH050,405,4.0500006675720215,0.4501592240020509,7690,1,1,SHELF_NORMAL_Y_POS,4795,2,18.95857188792453,-21.85483948900718,-26.031179710809603,0.0006552777831273,-0.001146743785911,0.0004770325491125,-0.001296120308715,0.0005202806459955,-0.0011830428713513,0.0015928047941997,0.0001252631045645,,0.3063302040100097,0.3017218112945556,0.3222978413105011,0.0004770325491125,0.0013928648553685,0.0003835926472675,0.7099297516195635,72.56051358685443,0.0201680317575127,0.509511488252975,,0,0,TRUE_ELASTIC_UNLOADING,0.0004548099927776,True,True
BH050,406,4.059999942779541,0.4498243803256972,7690,1,1,SHELF_NORMAL_Y_POS,4795,2,18.95857188792453,-21.932291171593416,-26.0911936664388,0.0006652430119675,-0.0011256247819069,0.0004857823401326,-0.0012763372798143,0.0005202751167232,-0.0011827095636709,0.0015928880311548,0.0001252794172614,,0.3063406646251678,0.3017610907554626,0.3219372630119324,0.0004857823401326,0.0013928648553685,0.0003835926472675,0.709625838292211,72.660032977932,0.0201871925787559,0.5092216221396786,,0,0,TRUE_ELASTIC_UNLOADING,-0.0003728439869654,True,False
BH050,407,4.070000171661377,0.4493407347829097,7690,1,1,SHELF_NORMAL_Y_POS,4795,2,18.95857188792453,-22.01386316269932,-26.135201800113062,0.0006735734259841,-0.0011191401366482,0.0004928816553517,-0.0012713433913537,0.0005202329628713,-0.0011827939455501,0.0015938534634187,0.0001254717644769,,0.3064619898796081,0.3022243976593017,0.3215656578540802,0.0004928816553517,0.0013928648553685,0.0003835926472675,0.70923761925184,72.76532825454774,0.0202070355075993,0.5089294325293798,,0,0,TRUE_ELASTIC_UNLOADING,-0.000148967268158,True,False
BH050,408,4.080000400543213,0.4488830327937592,7690,1,1,SHELF_NORMAL_Y_POS,4795,2,18.95857188792453,-21.774232663134057,-25.926573342798665,0.0006746264470981,-0.0011180135796035,0.0004961668747363,-0.0012677703362072,0.0005202226789228,-0.0011824460995555,0.0015938534634187,0.0001254717644769,,0.3064619898796081,0.3022243976593017,0.3221539258956909,0.0004961668747363,0.0013928648553685,0.0003835926472675,0.7076740224588286,72.85708598541086,0.0202235460803105,0.508542590618192,,0,0,TRUE_ELASTIC_UNLOADING,-8.361979725379776e-05,True,True
BH050,409,4.090000629425049,0.4488317568936211,7690,1,1,SHELF_NORMAL_Y_POS,4795,2,18.95857188792453,-21.506506174285946,-25.71851530700719,0.0006720083755941,-0.0011137006528613,0.0004946990876338,-0.0012618946703188,0.0005202412663379,-0.0011820896566677,0.0015938534634187,0.0001254717644769,,0.3064619898796081,0.3022243976593017,0.3220692574977875,0.0004961668747363,0.0013928648553685,0.0003835926472675,0.7068120030048352,72.95182744556692,0.0202379076210093,0.5081251981477081,,0,0,TRUE_ELASTIC_UNLOADING,-0.0034806249858088,True,False
BH050,410,4.099999904632568,0.4480311405979442,7690,1,1,SHELF_NORMAL_Y_POS,4795,2,18.95857188792453,-21.690207668100403,-25.86702261204635,0.0006716684764286,-0.0011211524587844,0.0004925493276807,-0.0012713996148319,0.0005201525466291,-0.0011822246648368,0.0015949053922668,0.0001256794785149,,0.3065941929817199,0.3027247190475464,0.3218372762203216,0.0004961668747363,0.0013928648553685,0.0003835926472675,0.7069497165062449,73.05271726105812,0.0202560074431589,0.5077990093625857,,0,0,ELASTIC_RELOADING,,False,False
BH050,411,4.110000133514404,0.4480466365839129,7690,1,1,SHELF_NORMAL_Y_POS,4795,2,18.95857188792453,-21.594126900814963,-25.747794945545536,0.0006638284888405,-0.0011258567340016,0.000486297871015,-0.0012746753607345,0.0005201584643764,-0.0011818893520561,0.0015949053922668,0.0001256794785149,,0.3065941929817199,0.3027247190475464,0.3223273754119873,0.0004961668747363,0.0013928648553685,0.0003835926472675,0.7068654119119772,73.14532110368542,0.0202728886647764,0.5075201310722519,,0,0,AMBIGUOUS,,False,False
BH050,412,4.12000036239624,0.4477593913824276,7690,1,1,SHELF_NORMAL_Y_POS,4795,2,18.95857188792453,-21.285575279863178,-25.46788285378784,0.0006609894270519,-0.0011293982042201,0.0004843795397474,-0.001277098131336,0.0005201489860638,-0.0011815752557256,0.0015949053922668,0.0001256794785149,,0.3065941929817199,0.3027247190475464,0.3220797479152679,0.0004961668747363,0.0013928648553685,0.0003835926472675,0.7060819725935676,73.23338718588016,0.0202897002993877,0.5072378130073641,,0,0,TRUE_ELASTIC_UNLOADING,-7.080453685381904e-05,True,False
BH050,413,4.130000591278076,0.4473123189127351,7690,1,1,SHELF_NORMAL_Y_POS,4795,2,18.95857188792453,-21.241782598194824,-25.438991220451488,0.0006555473415092,-0.0011336668143154,0.0004799700962813,-0.0012802310967165,0.0005201612489202,-0.0011812678425034,0.0015949053922668,0.0001256794785149,,0.3065941929817199,0.3027247190475464,0.3224982321262359,0.0004961668747363,0.0013928648553685,0.0003835926472675,0.7046886981297377,73.32422381675627,0.0203071085859135,0.5069690189894798,,0,0,TRUE_ELASTIC_UNLOADING,-0.0003838625698464,True,True
BH050,414,4.139999866485596,0.4473019394869752,7690,1,1,SHELF_NORMAL_Y_POS,4795,2,18.95857188792453,-21.51931067675944,-25.741736332586147,0.000650743101212,-0.0011412693493383,0.0004728083074819,-0.0012900168689496,0.0005201409670224,-0.0011811745099414,0.0015953251859173,0.0001257640687981,,0.3066469430923462,0.302928477525711,0.3220564424991607,0.0004961668747363,0.0013928648553685,0.0003835926472675,0.7044141526616783,73.41068195446445,0.0203219008948171,0.5066733574657035,,0,0,TRUE_ELASTIC_UNLOADING,0.0045428932466911,True,False
BH050,415,4.150000095367432,0.4464206727179088,7690,1,1,SHELF_NORMAL_Y_POS,4795,2,18.95857188792453,-21.41683279164165,-25.61903864875923,0.0006556276930684,-0.0011324299156284,0.0004788687504223,-0.0012801413523496,0.0005201456972949,-0.0011808595030669,0.0015953251859173,0.0001257640687981,,0.3066469430923462,0.302928477525711,0.3224925696849823,0.0004961668747363,0.0013928648553685,0.0003835926472675,0.7055288799690674,73.49393944718679,0.0203372882730739,0.5063758362926545,,0,0,ELASTIC_RELOADING,,False,False
BH050,416,4.160000324249268,0.4461845273479818,7690,1,1,SHELF_NORMAL_Y_POS,4795,2,18.95857188792453,-21.216329086583368,-25.40506342356638,0.0006535016544267,-0.0011397922473561,0.0004775626534297,-0.0012867768635352,0.0005200550513422,-0.0011812953638676,0.0015968951629474,0.0001260801946045,,0.3068442642688751,0.3036899268627167,0.3224993944168091,0.0004961668747363,0.0013928648553685,0.0003835926472675,0.7048695761280506,73.5804963364617,0.0203528793369744,0.5061125682447865,,0,0,TRUE_ELASTIC_UNLOADING,-0.0001994763922843,True,False
BH050,417,4.170000553131104,0.4456354071845587,7690,1,1,SHELF_NORMAL_Y_POS,4795,2,18.95857188792453,-21.124350717617627,-25.357166922941307,0.0006640797838155,-0.0011281580354787,0.0004877332096889,-0.0012752455114118,0.0005200504967408,-0.0011809880161286,0.0015968951629474,0.0001260801946045,,0.3068442642688751,0.3036899268627167,0.3220787048339844,0.0004961668747363,0.0013928648553685,0.0003835926472675,0.7033176164524428,73.66679360223034,0.0203672055535898,0.5057886694407929,,0,0,TRUE_ELASTIC_UNLOADING,0.0005240176621353,True,True
BH050,418,4.179999828338623,0.4454927612010737,7690,1,1,SHELF_NORMAL_Y_POS,4795,2,18.95857188792453,-21.397485237565625,-25.54334436494891,0.0006539159646247,-0.0011367918986385,0.0004794326859098,-0.0012826171649519,0.0005199972068806,-0.001181139060762,0.0015978487208485,0.0001262719306396,,0.306964099407196,0.3041517734527588,0.3234803080558777,0.0004961668747363,0.0013928648553685,0.0003835926472675,0.703397470949493,73.75056398072456,0.0203810312594197,0.5054888021279689,,0,0,ELASTIC_RELOADING,,False,False
BH050,419,4.190000057220459,0.4449594408632055,7690,1,1,SHELF_NORMAL_Y_POS,4795,2,18.95857188792453,-21.07056370917768,-25.22536964076318,0.0006420550674782,-0.0011460405426794,0.0004691285364494,-0.0012902472170381,0.0005199878281665,-0.0011810018926293,0.001598150935024,0.0001263329177163,,0.3070020675659179,0.3042986690998077,0.3235703110694885,0.0004961668747363,0.0013928648553685,0.0003835926472675,0.7033686509036825,73.82845106720512,0.0203936591080832,0.505204521959175,,0,0,AMBIGUOUS,,False,False
BH050,420,4.200000286102295,0.4446794000681645,7690,1,1,SHELF_NORMAL_Y_POS,4795,2,18.95857188792453,-21.183721097871665,-25.3739779180464,0.0006410676928489,-0.0011477465145826,0.0004663967006963,-0.00129345259784,0.0005199840405139,-0.0011807221349178,0.001598150935024,0.0001263329177163,,0.3070020675659179,0.3042986690998077,0.3231075704097748,0.0004961668747363,0.0013928648553685,0.0003835926472675,0.7025443327980759,73.90288953691382,0.0204081896883963,0.5049643919125374,,0,0,TRUE_ELASTIC_UNLOADING,-1.2070751670645308e-05,True,False
BH050,421,4.210000514984131,0.4445263701941462,7690,1,1,SHELF_NORMAL_Y_POS,4795,2,18.95857188792453,-21.3397554711073,-25.53474503690359,0.000632885397383,-0.0011523706997156,0.000459409363856,-0.0012968491095157,0.0005199788074667,-0.0011805451956077,0.0015983370831236,0.0001263708109036,,0.3070254623889923,0.3043899238109588,0.3240396976470947,0.0004961668747363,0.0013928648553685,0.0003835926472675,0.7022912172763687,73.98102241113446,0.0204211993382036,0.5046937618713544,,0,0,TRUE_ELASTIC_UNLOADING,-0.0007345370241023,True,False
BH050,422,4.21999979019165,0.4440211508112955,7690,1,1,SHELF_NORMAL_Y_POS,4795,2,18.95857188792453,-21.089622095778783,-25.283831990644725,0.0006314102616792,-0.0011654817701726,0.0004580675801201,-0.0013098322174353,0.0005198850237645,-0.001181050737543,0.0015999819152057,0.0001267082552658,,0.3072321712970733,0.3052027523517608,0.3237204849720001,0.0004961668747363,0.0013928648553685,0.0003835926472675,0.7018887498607637,74.05244111723755,0.0204326548242019,0.5044105274186543,,0,0,TRUE_ELASTIC_UNLOADING,-0.0030902686457823,True,False
BH050,423,4.230000019073486,0.4433746068630084,7690,1,1,SHELF_NORMAL_Y_POS,4795,2,18.95857188792453,-21.36747064614132,-25.540291451403583,0.0006516243805465,-0.0011344362025886,0.0004752593495045,-0.001281956850184,0.0005198827921576,-0.0011807603364458,0.0015999819152057,0.0001267082552658,,0.3072321712970733,0.3052027523517608,0.3229193687438965,0.0004961668747363,0.0013928648553685,0.0003835926472675,0.702345822735175,74.12647585090913,0.020444625139898,0.5041127796400999,,0,0,ELASTIC_RELOADING,,False,False
BH050,424,4.240000247955322,0.4431017072305605,7690,1,1,SHELF_NORMAL_Y_POS,4795,2,18.95857188792453,-20.822452478112588,-25.000448126727857,0.0006431329771304,-0.0011451923873368,0.0004719245392205,-0.0012875206709934,0.0005198831537947,-0.0011805020584384,0.0015999819152057,0.0001267082552658,,0.3072321712970733,0.3052027523517608,0.324057787656784,0.0004961668747363,0.0013928648553685,0.0003835926472675,0.7007942917344138,74.20029910337209,0.0204564173195717,0.5038635922021526,,0,0,TRUE_ELASTIC_UNLOADING,-0.0032387943147409,True,False
BH050,425,4.250000476837158,0.4426949673289742,7690,1,1,SHELF_NORMAL_Y_POS,4795,2,18.95857188792453,-21.00688231314496,-25.226883753921523,0.0006431411413337,-0.0011444019882283,0.0004691059756158,-0.0012892666370744,0.0005198700208269,-0.0011804050389665,0.0016003008931875,0.0001267743500648,,0.3072722554206848,0.3053619265556335,0.3232426941394806,0.0004961668747363,0.0013928648553685,0.0003835926472675,0.6999871892985562,74.27209971033672,0.0204686718660758,0.5036326895624506,-220940.0137980334,1,1,TRUE_ELASTIC_UNLOADING,0.0001743735430719,False,False
BH050,426,4.260000705718994,0.4427748770962105,7690,1,1,SHELF_NORMAL_Y_POS,4795,2,18.95857188792453,-20.70607359164313,-24.92072656750048,0.000641346759861,-0.0011482256327823,0.0004701531899419,-0.0012902856567852,0.0005198878218577,-0.0011801584163314,0.0016003008931875,0.0001267743500648,,0.3072722554206848,0.3053619265556335,0.3238486647605896,0.0004961668747363,0.0013928648553685,0.0003835926472675,0.7003608624710395,74.34084703806278,0.0204800981565096,0.503362979368725,,0,0,ELASTIC_RELOADING,,False,False
BH050,427,4.269999980926514,0.442125487622423,7690,1,1,SHELF_NORMAL_Y_POS,4795,2,18.95857188792453,-20.741720200201254,-24.96295063027425,0.0006454052729309,-0.0011435299742343,0.000472913680447,-0.0012868425545287,0.0005198289059509,-0.0011803626633901,0.0016012637643143,0.0001269725180463,,0.3073932826519012,0.3058392703533172,0.3235617578029632,0.0004961668747363,0.0013928648553685,0.0003835926472675,0.6993156630470737,74.4036940595638,0.0204901395182209,0.5031101439537906,,0,0,TRUE_ELASTIC_UNLOADING,-0.0007253481582456,True,False
BH050,428,4.28000020980835,0.4415728863619882,7690,1,1,SHELF_NORMAL_Y_POS,4795,2,18.95857188792453,-20.84939987428794,-25.069114256418693,0.0006545273872074,-0.0011357178194202,0.0004822361182028,-0.0012788405558293,0.0005198348527558,-0.001180122467777,0.0016012637643143,0.0001269725180463,,0.3073932826519012,0.3058392703533172,0.3238437473773956,0.0004961668747363,0.0013928648553685,0.0003835926472675,0.6993021666622881,74.47065024005838,0.02050148992741,0.5028635254115107,,0,0,AMBIGUOUS,,False,False
BH050,429,4.2900004386901855,0.4414683341641615,7690,1,1,SHELF_NORMAL_Y_POS,4795,2,18.95857188792453,-21.093613007225883,-25.31226229554431,0.0006607251962194,-0.00113424159546,0.0004861682315509,-0.0012796373899327,0.0005198327896185,-0.0011799429382291,0.0016013791318982,0.0001269964996026,,0.3074077665805816,0.3058970272541046,0.3232970833778381,0.0004961668747363,0.0013928648553685,0.0003835926472675,0.6987187950072961,74.5369333633663,0.0205124240494981,0.5026492141145683,,0,0,TRUE_ELASTIC_UNLOADING,0.0004361311059187,True,False
BH050,430,4.3000006675720215,0.4412166543398253,7690,1,1,SHELF_NORMAL_Y_POS,4795,2,18.95857188792453,-20.60484774645173,-24.80114921527514,0.0006666297977641,-0.0011228922125793,0.0004960064057419,-0.0012645089124206,0.0005197536471736,-0.0011803366802809,0.0016027623787522,0.0001272846711799,,0.3075816035270691,0.3065911531448364,0.3242967426776886,0.0004961668747363,0.0013928648553685,0.0003835926472675,0.697978205036261,74.60046582281294,0.0205225159983578,0.5024312663525874,,0,0,TRUE_ELASTIC_UNLOADING,-0.0001733702064081,True,False
BH050,431,4.309999942779541,0.4407586717924055,7690,1,1,SHELF_NORMAL_Y_POS,4795,2,18.95857188792453,-20.55464480944937,-24.795867802063785,0.0006733857646716,-0.0011191405819285,0.0005017707502354,-0.0012614383867382,0.0005197585336992,-0.0011801396729908,0.0016027623787522,0.0001272846711799,,0.3075816035270691,0.3065911531448364,0.3236214220523834,0.0005017707502354,0.0013928648553685,0.0003835926472675,0.6968246609626203,74.66028817170977,0.0205329207208375,0.5022155599349288,,0,0,TRUE_ELASTIC_UNLOADING,-0.0002366765807939,True,False
BH050,432,4.320000171661377,0.4411484375697957,7690,1,1,SHELF_NORMAL_Y_POS,4795,2,18.95857188792453,-20.780490260056617,-24.99060564976543,0.0006638618132126,-0.0011281643198042,0.0004922031842068,-0.0012707207686968,0.0005197636585638,-0.0011799284409702,0.0016027623787522,0.0001272846711799,,0.3075816035270691,0.3065911531448364,0.3241574466228485,0.0005017707502354,0.0013928648553685,0.0003835926472675,0.6976637255820487,74.71683670081339,0.0205428169062,0.5020309352375798,,0,0,ELASTIC_RELOADING,,False,False
BH050,433,4.330000400543213,0.4401799498092217,7690,1,1,SHELF_NORMAL_Y_POS,4795,2,18.95857188792453,-20.995339059472418,-25.14349492558567,0.0006633537452112,-0.0011236438862522,0.0004904077446014,-0.0012679159983866,0.0005197632326999,-0.0011797585700264,0.0016028325771912,0.0001272993395105,,0.3075904250144958,0.3066264986991882,0.3239282965660095,0.0005017707502354,0.0013928648553685,0.0003835926472675,0.6966318699121539,74.77438755052881,0.0205541144403038,0.5018780654768955,,0,0,TRUE_ELASTIC_UNLOADING,-0.0021425467154558,True,False
BH050,434,4.340000629425049,0.4400016942060427,7690,1,1,SHELF_NORMAL_Y_POS,4795,2,18.95857188792453,-20.790927086540847,-25.00253162477525,0.000670155169761,-0.0011163501420597,0.0004982032638159,-0.0012591895742383,0.0005197739824771,-0.0011795502303141,0.0016028325771912,0.0001272993395105,,0.3075904250144958,0.3066264986991882,0.3241724669933319,0.0005017707502354,0.0013928648553685,0.0003835926472675,0.6965733510810559,74.82867016328696,0.0205637918618374,0.501677259780972,,0,0,AMBIGUOUS,,False,False
BH050,435,4.349999904632568,0.440176981967666,7690,1,1,SHELF_NORMAL_Y_POS,4795,2,18.95857188792453,-20.509010761577883,-24.744144564697525,0.000674552641424,-0.0011123204173248,0.0005036897035772,-0.0012539082367167,0.0005197753137567,-0.0011793721250838,0.0016028325771912,0.0001272993395105,,0.3075904250144958,0.3066264986991882,0.3239983916282654,0.0005036897035772,0.0013928648553685,0.0003835926472675,0.6970393507925963,74.88039795192967,0.0205725881995708,0.5014762246093281,,0,0,ELASTIC_RELOADING,,False,False
BH050,436,4.360000133514404,0.439977416674785,7690,1,1,SHELF_NORMAL_Y_POS,4795,2,18.95857188792453,-20.82757613339164,-25.02145011931136,0.0006721838799837,-0.0011119808957276,0.0005002126068105,-0.0012549622565556,0.0005197617717686,-0.0011791700436033,0.0016028325771912,0.0001272993395105,,0.3075904250144958,0.3066264986991882,0.3241153955459595,0.0005036897035772,0.0013928648553685,0.0003835926472675,0.6959375178032268,74.93545017640616,0.0205841492278828,0.5013558927874556,,0,0,TRUE_ELASTIC_UNLOADING,0.0003085358104478,True,False
BH050,437,4.37000036239624,0.4393168361811539,7690,1,1,SHELF_NORMAL_Y_POS,4795,2,18.95857188792453,-20.676591670707545,-24.91353506540084,0.0006790762653674,-0.0011111365130794,0.0005056725921239,-0.0012552525591705,0.0005197412547507,-0.0011792395646624,0.0016033523716032,0.000127408071421,,0.3076557517051697,0.3068883717060089,0.3232402503490448,0.0005056725921239,0.0013928648553685,0.0003835926472675,0.6962512297148586,74.98629405117427,0.0205987388360973,0.5013727519902574,,0,0,ELASTIC_RELOADING,,False,False
BH050,438,4.380000591278076,0.4394341143813559,7690,1,1,SHELF_NORMAL_Y_POS,4795,2,18.95857188792453,-20.34842523925147,-24.59542402133,0.0006682457261899,-0.0011223153919217,0.0005003935998184,-0.0012608103838548,0.0005197353590865,-0.0011790647044315,0.0016033523716032,0.000127408071421,,0.3076557517051697,0.3068883717060089,0.3249962329864502,0.0005056725921239,0.0013928648553685,0.0003835926472675,0.6962894311102843,75.03703010059955,0.0206114818783838,0.5013400164160319,,0,0,ELASTIC_RELOADING,,False,False
BH050,439,4.389999866485596,0.4383691298124803,7690,1,1,SHELF_NORMAL_Y_POS,4795,2,18.95857188792453,-20.52438875714526,-24.764520743929467,0.0006791541922141,-0.0011108883948215,0.0005064614827999,-0.0012542714361242,0.0005197264300954,-0.0011789674537732,0.0016035678563639,0.0001274534879485,,0.3076828420162201,0.3069978058338165,0.3234396278858185,0.0005064614827999,0.0013928648553685,0.0003835926472675,0.694826332964249,75.08901733977439,0.0206188857665519,0.5011184473272158,,0,0,TRUE_ELASTIC_UNLOADING,-0.0005089805972531,True,False
BH050,440,4.400000095367432,0.4385214679933863,7690,1,1,SHELF_NORMAL_Y_POS,4795,2,18.95857188792453,-20.63596286738929,-24.862911545370032,0.0006774191843787,-0.0011082705059622,0.0005064322932847,-0.0012500388578075,0.0005197243820228,-0.0011788014756159,0.0016035678563639,0.0001274534879485,,0.3076828420162201,0.3069978058338165,0.3242918848991394,0.0005064614827999,0.0013928648553685,0.0003835926472675,0.6948518695755288,75.13344790501372,0.0206250862531555,0.5008894933821046,,0,0,ELASTIC_RELOADING,,False,False
BH050,441,4.410000324249268,0.4382794627557564,7690,1,1,SHELF_NORMAL_Y_POS,4795,2,18.95857188792453,-20.867450755813564,-25.05508260195656,0.0006770792574961,-0.0011126750443525,0.0005047428146071,-0.001256064723328,0.0005196837711448,-0.0011789483982055,0.0016042689094319,0.0001276017283089,,0.3077709376811981,0.3073548376560211,0.3242015540599823,0.0005064614827999,0.0013928648553685,0.0003835926472675,0.694088022500435,75.18140757147094,0.0206356342649922,0.500806630762455,,0,0,TRUE_ELASTIC_UNLOADING,-0.0003657940194448,True,False
BH050,442,4.420000553131104,0.4375794841302317,7690,1,1,SHELF_NORMAL_Y_POS,4795,2,18.95857188792453,-20.76307072821045,-24.92451005786668,0.0006746090172347,-0.0011126834901031,0.0005028910444066,-0.0012556357532791,0.0005196945574296,-0.0011787805547349,0.0016042689094319,0.0001276017283089,,0.3077709376811981,0.3073548376560211,0.3242191970348358,0.0005064614827999,0.0013928648553685,0.0003835926472675,0.6943383045606977,75.22669492503502,0.0206482078189155,0.5008150467760886,,0,0,ELASTIC_RELOADING,,False,False
BH050,443,4.429999828338623,0.4377009489042416,7690,1,1,SHELF_NORMAL_Y_POS,4795,2,18.95857188792453,-20.554482869625545,-24.7462169207063,0.0006791253236127,-0.0011113695900917,0.0005075051244893,-0.0012540146690462,0.0005196879037165,-0.0011786168431276,0.0016042689094319,0.0001276017283089,,0.3077709376811981,0.3073548376560211,0.3238965570926666,0.0005075051244893,0.0013928648553685,0.0003835926472675,0.6936433164798061,75.26994195105252,0.0206557413716072,0.5006683333316566,,0,0,TRUE_ELASTIC_UNLOADING,-0.0008256873180521,False,False
BH050,444,4.440000057220459,0.4373336517621382,7690,1,1,SHELF_NORMAL_Y_POS,4795,2,18.95857188792453,-20.3860839872315,-24.63479678900128,0.0006785145512509,-0.0011151446974359,0.0005100664371914,-0.0012542238289946,0.0005196960746015,-0.0011784613793644,0.0016042689094319,0.0001276017283089,,0.3077709376811981,0.3073548376560211,0.3249489367008209,0.0005100664371914,0.0013928648553685,0.0003835926472675,0.6935724270824986,75.31016189792561,0.0206608170906005,0.500450278515628,,0,0,AMBIGUOUS,,False,False
BH050,445,4.450000286102295,0.4367188836550101,7690,1,1,SHELF_NORMAL_Y_POS,4795,2,18.95857188792453,-20.47672219553131,-24.729547593215667,0.0006740527635475,-0.0011213523952447,0.0005042717910936,-0.0012617359571154,0.0005196656950474,-0.0011785078220587,0.0016046437667682,0.0001276811235584,,0.307818055152893,0.3075461089611053,0.3245837390422821,0.0005100664371914,0.0013928648553685,0.0003835926472675,0.6932358322232834,75.35191566874617,0.0206683613232784,0.5003294311058242,,0,0,TRUE_ELASTIC_UNLOADING,-0.0030062457605106,True,False
BH050,446,4.460000514984131,0.4369862517095192,7690,1,1,SHELF_NORMAL_Y_POS,4795,2,18.95857188792453,-20.52672910102086,-24.75835545308745,0.0006643591930714,-0.0011341921897669,0.0004950784950486,-0.0012742220143883,0.0005196704888571,-0.0011783928571011,0.0016047006938606,0.0001276932598557,,0.3078252077102661,0.3075753450393677,0.3249317407608032,0.0005100664371914,0.0013928648553685,0.0003835926472675,0.6931119709975946,75.3926637170982,0.0206793946582166,0.5003420104047129,,0,0,AMBIGUOUS,,False,False
BH050,447,4.46999979019165,0.4365736123566402,7690,1,1,SHELF_NORMAL_Y_POS,4795,2,18.95857188792453,-20.601866270335748,-24.843926507671988,0.0006676880861835,-0.0011283032253439,0.0004980801567117,-0.0012685881577833,0.0005196680360644,-0.0011782715244247,0.0016047006938606,0.0001276932598557,,0.3078252077102661,0.3075753450393677,0.3249794542789459,0.0005100664371914,0.0013928648553685,0.0003835926472675,0.6932985222844975,75.42951588940856,0.02068856630626,0.5002979527726669,,0,0,ELASTIC_RELOADING,,False,False
BH050,448,4.480000019073486,0.4363246414029825,7690,1,1,SHELF_NORMAL_Y_POS,4795,2,18.95857188792453,-20.10174116334593,-24.32486255200703,0.0006608674082696,-0.0011234796689796,0.0004955735532755,-0.0012595814406418,0.0005196783808825,-0.0011781395123707,0.0016047006938606,0.0001276932598557,,0.3078252077102661,0.3075753450393677,0.3257578909397125,0.0005100664371914,0.0013928648553685,0.0003835926472675,0.6926054290049006,75.4660126774562,0.0206946746099004,0.5001518287376305,,0,0,TRUE_ELASTIC_UNLOADING,-0.0022097493687069,True,False
BH050,449,4.490000247955322,0.4358234647429203,7690,1,1,SHELF_NORMAL_Y_POS,4795,2,18.95857188792453,-20.38603070344444,-24.589771032828686,0.0006706340319982,-0.001121140786136,0.0005017098900802,-0.001261006815178,0.0005196789263137,-0.0011779883092646,0.0016047006938606,0.0001276932598557,,0.3078252077102661,0.3075753450393677,0.3247276842594147,0.0005100664371914,0.0013928648553685,0.0003835926472675,0.6929780981393919,75.50092242513935,0.0207009910726789,0.5000152490174581,,0,0,ELASTIC_RELOADING,,False,False
BH050,450,4.500000476837158,0.4356453417352308,7690,1,1,SHELF_NORMAL_Y_POS,4795,2,18.95857188792453,-20.489218868047026,-24.657461771878776,0.0006678673637596,-0.0011200711099651,0.0004992661606315,-0.0012598595741265,0.0005196948846442,-0.0011778595112335,0.0016047006938606,0.0001276932598557,,0.3078252077102661,0.3075753450393677,0.3249832987785339,0.0005100664371914,0.0013928648553685,0.0003835926472675,0.6923712825265889,75.53827356708848,0.0207099952430823,0.500002548053236,-123900.53061882334,1,1,TRUE_ELASTIC_UNLOADING,0.0008197524080393,False,False
BH050,451,4.510000705718994,0.4349235698601637,7690,1,1,SHELF_NORMAL_Y_POS,4795,2,18.95857188792453,-20.406151147462747,-24.5816811731844,0.0006664326171621,-0.0011241731360425,0.0004986477555376,-0.0012630948868899,0.0005196997320185,-0.0011777178359961,0.0016047006938606,0.0001276932598557,,0.3078252077102661,0.3075753450393677,0.3251842260360718,0.0005100664371914,0.0013928648553685,0.0003835926472675,0.6919404726847341,75.57506266716534,0.0207194961958652,0.4999925225394659,,0,0,TRUE_ELASTIC_UNLOADING,-0.0010773245602557,True,False
BH050,452,4.519999980926514,0.4348232462981543,7690,1,1,SHELF_NORMAL_Y_POS,4795,2,18.95857188792453,-20.54813261200836,-24.74084024060776,0.0006714561215833,-0.0011236330372696,0.0005020323354664,-0.001264074973419,0.0005197124320512,-0.0011776780570195,0.0016048834659159,0.0001277327974094,,0.307848185300827,0.3076705634593963,0.3246903121471405,0.0005100664371914,0.0013928648553685,0.0003835926472675,0.6904192638562582,75.61418707530697,0.0207261271583285,0.4998832349571307,,0,0,TRUE_ELASTIC_UNLOADING,-0.001814902037007,False,False
BH050,453,4.53000020980835,0.4348534323918518,7690,1,1,SHELF_NORMAL_Y_POS,4795,2,18.95857188792453,-20.678995011099737,-24.85038397457975,0.0006756199929786,-0.0011112393451537,0.0005037782585701,-0.0012542465936394,0.0005197167903638,-0.0011775566473382,0.0016048834659159,0.0001277327974094,,0.307848185300827,0.3076705634593963,0.3238857686519623,0.0005100664371914,0.0013928648553685,0.0003835926472675,0.6906410389067491,75.64596916503218,0.0207302402453243,0.4997434589234808,,0,0,ELASTIC_RELOADING,,False,False
BH050,454,4.5400004386901855,0.4341595235563655,7690,1,1,SHELF_NORMAL_Y_POS,4795,2,18.95857188792453,-20.28890713211157,-24.467239819866755,0.0006801141083914,-0.0011131649213966,0.0005108206441591,-0.0012535759016121,0.000519718047509,-0.001177451555102,0.0016048834659159,0.0001277327974094,,0.307848185300827,0.3076705634593963,0.3242582082748413,0.0005108206441591,0.0013928648553685,0.0003835926472675,0.6912884451174034,75.6761712854502,0.0207367382584136,0.499681221656275,,0,0,ELASTIC_RELOADING,,False,False
BH050,455,4.5500006675720215,0.4336466660672023,7690,1,1,SHELF_NORMAL_Y_POS,4795,2,18.95857188792453,-20.396440615467323,-24.56655081784127,0.0006714221521719,-0.0011214034869977,0.0005029766036757,-0.0012610233889336,0.0005197240682485,-0.0011773483558968,0.0016048834659159,0.0001277327974094,,0.307848185300827,0.3076705634593963,0.3248968720436096,0.0005108206441591,0.0013928648553685,0.0003835926472675,0.6902719353488248,75.70674275420976,0.0207448423165309,0.4996793670407273,,0,0,TRUE_ELASTIC_UNLOADING,-0.0019384292522068,True,False
BH050,456,4.559999942779541,0.4335407934527098,7690,1,1,SHELF_NORMAL_Y_POS,4795,2,18.95857188792453,-20.32471385430706,-24.52210856281508,0.0006622979180632,-0.0011247037827609,0.0004929224003498,-0.0012650650513369,0.0005197282350045,-0.0011772524448469,0.0016048834659159,0.0001277327974094,,0.307848185300827,0.3076705634593963,0.3243553936481476,0.0005108206441591,0.0013928648553685,0.0003835926472675,0.6914083680601308,75.7364284574238,0.0207499553996842,0.49960792145177,,0,0,ELASTIC_RELOADING,,False,False
BH050,457,4.570000171661377,0.4335472097742644,7690,1,1,SHELF_NORMAL_Y_POS,4795,2,18.95857188792453,-20.633875273303527,-24.80151730557048,0.0006648970488586,-0.0011249786681519,0.0004934838875354,-0.0012675832439984,0.0005197333270004,-0.0011771604744724,0.0016048834659159,0.0001277327974094,,0.307848185300827,0.3076705634593963,0.3239559531211853,0.0005108206441591,0.0013928648553685,0.0003835926472675,0.6891182868092101,75.75842642604033,0.0207535460051359,0.499493720801513,,0,0,TRUE_ELASTIC_UNLOADING,-0.0001680958353953,True,True
BH050,458,4.580000400543213,0.4335832584880824,7690,1,1,SHELF_NORMAL_Y_POS,4795,2,18.95857188792453,-20.27182437049409,-24.456452600570444,0.0006632380469771,-0.0011303267463718,0.0004962960024385,-0.00126834278932,0.0005197316668533,-0.0011770782317222,0.0016048834659159,0.0001277327974094,,0.307848185300827,0.3076705634593963,0.3253324329853058,0.0005108206441591,0.0013928648553685,0.0003835926472675,0.6905363173511712,75.78524415841454,0.0207574428671598,0.4993979837837518,,0,0,ELASTIC_RELOADING,,False,False
BH050,459,4.590000629425049,0.4333848536671431,7690,1,1,SHELF_NORMAL_Y_POS,4795,2,18.95857188792453,-20.48358937445801,-24.654660164079928,0.000669996196271,-0.0011191705706138,0.0005002681012736,-0.0012600663790469,0.0005197354773937,-0.0011770045549609,0.0016048834659159,0.0001277327974094,,0.307848185300827,0.3076705634593963,0.324395477771759,0.0005108206441591,0.0013928648553685,0.0003835926472675,0.6911059390880407,75.80703806699384,0.0207642282286803,0.4994367287969236,,0,0,ELASTIC_RELOADING,,False,False
BH050,460,4.599999904632568,0.4335817467430624,7690,1,1,SHELF_NORMAL_Y_POS,4795,2,18.95857188792453,-20.37836096868969,-24.53362906067045,0.0006621958393998,-0.0011245043598697,0.0004957147396987,-0.0012622624082436,0.0005197420935875,-0.0011769171865837,0.0016048834659159,0.0001277327974094,,0.307848185300827,0.3076705634593963,0.3256193697452545,0.0005108206441591,0.0013928648553685,0.0003835926472675,0.6916607689004912,75.83469811900562,0.0207702226748241,0.4994198233093634,,0,0,ELASTIC_RELOADING,,False,False
BH050,461,4.610000133514404,0.4328586829886671,7690,1,1,SHELF_NORMAL_Y_POS,4795,2,18.95857188792453,-20.42444643692956,-24.583313775757805,0.0006740135182864,-0.0011140894330087,0.0005048667130016,-0.0012544883073797,0.0005197547270722,-0.0011768392517089,0.0016048834659159,0.0001277327974094,,0.307848185300827,0.3076705634593963,0.3244997560977936,0.0005108206441591,0.0013928648553685,0.0003835926472675,0.6902125321118104,75.8543726544295,0.0207735159857756,0.4993452117554164,,0,0,TRUE_ELASTIC_UNLOADING,0.0006917475138003,True,True
BH050,462,4.62000036239624,0.432795291581801,7690,1,1,SHELF_NORMAL_Y_POS,4795,2,18.95857188792453,-20.33516397636086,-24.504517317155702,0.0006675235224709,-0.0011203973498175,0.0004979999421919,-0.0012611005152982,0.0005197508289858,-0.0011767452405867,0.0016048834659159,0.0001277327974094,,0.307848185300827,0.3076705634593963,0.3242751359939575,0.0005108206441591,0.0013928648553685,0.0003835926472675,0.6907147401313088,75.87275123400629,0.0207755951836535,0.4992301507766173,,0,0,ELASTIC_RELOADING,,False,False
BH050,463,4.630000591278076,0.4324284708508156,7690,1,1,SHELF_NORMAL_Y_POS,4795,2,18.95857188792453,-20.22774210892471,-24.364706343908303,0.0006687606581457,-0.0011207490406495,0.0005022915056488,-0.0012586216661764,0.0005197541588993,-0.001176695755752,0.0016049181576818,0.0001277401606785,,0.3078525364398956,0.307688295841217,0.3254579603672027,0.0005108206441591,0.0013928648553685,0.0003835926472675,0.6901008690808731,75.8966975761391,0.0207794481459955,0.4991749244764142,,0,0,TRUE_ELASTIC_UNLOADING,0.0013141572472205,True,False
BH050,464,4.639999866485596,0.4325227844738183,7690,1,1,SHELF_NORMAL_Y_POS,4795,2,18.95857188792453,-20.45795854021081,-24.59921136598304,0.0006710593528992,-0.0011135760605038,0.0005010680657385,-0.0012549411760577,0.0005197545348056,-0.0011766386310777,0.0016049181576818,0.0001277401606785,,0.3078525364398956,0.307688295841217,0.3241020739078522,0.0005108206441591,0.0013928648553685,0.0003835926472675,0.6907284799601174,75.91582745014182,0.020784507700852,0.4991665270293606,,0,0,ELASTIC_RELOADING,,False,False
BH050,465,4.650000095367432,0.4320918394953071,7690,1,1,SHELF_NORMAL_Y_POS,4795,2,18.95857188792453,-20.511281577252472,-24.685236528765103,0.0006589282176662,-0.0011320406532267,0.0004894943082621,-0.0012726223394635,0.0005197452265488,-0.0011765735321527,0.001604953315109,0.0001277477276744,,0.307856947183609,0.3077065050601959,0.3247255384922027,0.0005108206441591,0.0013928648553685,0.0003835926472675,0.6900616589169747,75.93364317942576,0.0207872222222928,0.499080076073919,,0,0,TRUE_ELASTIC_UNLOADING,-0.001150876605634,True,False
BH050,466,4.660000324249268,0.4318391553380957,7690,1,1,SHELF_NORMAL_Y_POS,4795,2,18.95857188792453,-20.17573634349755,-24.32999000948632,0.0006616215146578,-0.0011291813080839,0.0004944750503759,-0.0012676117331998,0.000519711202855,-0.0011767919139084,0.0016055154846981,0.0001278675918001,,0.3079276084899902,0.3079952597618103,0.3250872790813446,0.0005108206441591,0.0013928648553685,0.0003835926472675,0.6904272745402898,75.950565396052,0.0207877056168445,0.4989515235747884,,0,0,ELASTIC_RELOADING,,False,False
BH050,467,4.670000553131104,0.4316348489141772,7690,1,1,SHELF_NORMAL_Y_POS,4795,2,18.95857188792453,-20.53583306125892,-24.68012859200281,0.0006696418453758,-0.0011125080054391,0.0004989053492013,-0.0012545972974839,0.0005197233955793,-0.001176742049604,0.0016055154846981,0.0001278675918001,,0.3079276084899902,0.3079952597618103,0.3241828382015228,0.0005108206441591,0.0013928648553685,0.0003835926472675,0.690380625261627,75.965067936493,0.0207906440880466,0.4989091380450507,,0,0,AMBIGUOUS,,False,False
BH050,468,4.679999828338623,0.4315378657873742,7690,1,1,SHELF_NORMAL_Y_POS,4795,2,18.95857188792453,-20.39754666063342,-24.57134616752848,0.0006742320791204,-0.0011141167103364,0.0005048182288479,-0.0012546794119437,0.0005197124213883,-0.0011766836615963,0.0016055154846981,0.0001278675918001,,0.3079276084899902,0.3079952597618103,0.3246229887008667,0.0005108206441591,0.0013928648553685,0.0003835926472675,0.6897001096565296,75.98371729948119,0.0207959001544004,0.49895348690985,,0,0,TRUE_ELASTIC_UNLOADING,0.0016319312008604,True,False
BH050,469,4.690000057220459,0.4311865340787722,7690,1,1,SHELF_NORMAL_Y_POS,4795,2,18.95857188792453,-20.48848538699987,-24.666206766905944,0.0006741007566512,-0.0011137313791295,0.0005042822715283,-0.0012546716058658,0.0005197099781113,-0.0011766310185125,0.0016055154846981,0.0001278675918001,,0.3079276084899902,0.3079952597618103,0.3246058821678161,0.0005108206441591,0.0013928648553685,0.0003835926472675,0.6904978087991616,75.99763202960158,0.020799247768002,0.4989495630371514,,0,0,ELASTIC_RELOADING,,False,False
BH050,470,4.700000286102295,0.4315711817030421,7690,1,1,SHELF_NORMAL_Y_POS,4795,2,18.95857188792453,-20.16001462023125,-24.329407462116627,0.0006700585151362,-0.001113286381343,0.0005036570624778,-0.0012508671461541,0.0005197162129538,-0.0011765911948973,0.0016055154846981,0.0001278675918001,,0.3079276084899902,0.3079952597618103,0.325396180152893,0.0005108206441591,0.0013928648553685,0.0003835926472675,0.6895483633071741,76.00919806182193,0.0207999398445786,0.4988413723854304,,0,0,TRUE_ELASTIC_UNLOADING,0.0008464600894236,True,False
BH050,471,4.710000514984131,0.4310432452861333,7690,1,1,SHELF_NORMAL_Y_POS,4795,2,18.95857188792453,-20.251955627823804,-24.439231413758,0.0006874907325561,-0.0010968378094638,0.0005187004825783,-0.0012366837567737,0.0005197160676783,-0.001176563827664,0.0016055154846981,0.0001278675918001,,0.3079276084899902,0.3079952597618103,0.324397325515747,0.0005187004825783,0.0013928648553685,0.0003835926472675,0.6893632084700169,76.02393870869282,0.0208015430771164,0.4987707717903067,,0,0,TRUE_ELASTIC_UNLOADING,-7.961650472587678e-05,True,False
BH050,472,4.71999979019165,0.4307998094181121,7690,1,1,SHELF_NORMAL_Y_POS,4795,2,18.95857188792453,-20.558251391389422,-24.71610740801096,0.0006909482243488,-0.0010897626394984,0.0005188068958297,-0.0012331630278103,0.0005197145401602,-0.0011765054907205,0.0016055154846981,0.0001278675918001,,0.3079276084899902,0.3079952597618103,0.3235595226287842,0.0005188068958297,0.0013928648553685,0.0003835926472675,0.6906234976460777,76.03541336274475,0.0208049028392895,0.4987889061626575,,0,0,ELASTIC_RELOADING,,False,False
BH050,473,4.730000019073486,0.4308557731272728,7690,1,1,SHELF_NORMAL_Y_POS,4795,2,18.95857188792453,-20.55797543724885,-24.6995345611038,0.0006925562100399,-0.0010915310396168,0.0005216247728609,-0.0012338341879211,0.0005197117933003,-0.0011764755585862,0.0016055154846981,0.0001278675918001,,0.3079276084899902,0.3079952597618103,0.3241060972213745,0.0005216247728609,0.0013928648553685,0.0003835926472675,0.6892955437555959,76.04707976513126,0.0208081208821784,0.4987971642794674,,0,0,TRUE_ELASTIC_UNLOADING,-0.0047713822471264,True,False
BH050,474,4.740000247955322,0.4301663143053073,7690,1,1,SHELF_NORMAL_Y_POS,4795,2,18.95857188792453,-20.14259541066152,-24.31541311834157,0.0006976736094421,-0.0010909743914856,0.0005307147096104,-0.0012290889292826,0.000519709915376,-0.0011764248713104,0.0016055154846981,0.0001278675918001,,0.3079276084899902,0.3079952597618103,0.3251058161258697,0.0005307147096104,0.0013928648553685,0.0003835926472675,0.6911850097111365,76.05789477354153,0.0208096375449487,0.4987344393528647,,0,0,ELASTIC_RELOADING,,False,False
BH050,475,4.750000476837158,0.4302126183745053,7690,1,1,SHELF_NORMAL_Y_POS,4795,2,18.95857188792453,-20.56419637495777,-24.72453913861965,0.0006933835514077,-0.0010888549919396,0.0005209875009039,-0.0012324929127406,0.0005197061437563,-0.0011763869362202,0.0016055154846981,0.0001278675918001,,0.3079276084899902,0.3079952597618103,0.323453426361084,0.0005307147096104,0.0013928648553685,0.0003835926472675,0.6890096067479482,76.06424182363502,0.0208098700372294,0.4986534556451402,-404860.4286747922,1,1,TRUE_ELASTIC_UNLOADING,0.0006464411372612,True,False
BH050,476,4.760000705718994,0.430271260005777,7690,1,1,SHELF_NORMAL_Y_POS,4795,2,18.95857188792453,-20.24199930486421,-24.39612554520872,0.0006830615723624,-0.0011008525561824,0.0005148303390937,-0.0012403686311077,0.0005197198637432,-0.0011763640746536,0.0016055154846981,0.0001278675918001,,0.3079276084899902,0.3079952597618103,0.3246736228466034,0.0005307147096104,0.0013928648553685,0.0003835926472675,0.6897417144220139,76.0735317336209,0.0208112845035104,0.498628157428067,,0,0,ELASTIC_RELOADING,,False,False
BH050,477,4.769999980926514,0.4302642249698065,7690,1,1,SHELF_NORMAL_Y_POS,4795,2,18.95857188792453,-20.31150255416575,-24.406487638144217,0.0006724249969304,-0.0011140583178294,0.0005059650194969,-0.0012522119467561,0.0005197170824919,-0.0011763220396979,0.0016055154846981,0.0001278675918001,,0.3079276084899902,0.3079952597618103,0.3255115151405334,0.0005307147096104,0.0013928648553685,0.0003835926472675,0.690281330126252,76.08333041101413,0.0208150173770201,0.4986812683263883,,0,0,ELASTIC_RELOADING,,False,False
BH050,478,4.78000020980835,0.4297856085910332,7690,1,1,SHELF_NORMAL_Y_POS,4795,2,18.95857188792453,-20.180651999689395,-24.28873966451819,0.0006743800122486,-0.0011061768074448,0.0005074913357655,-0.0012446685645856,0.0005197217995206,-0.0011762920580799,0.0016055154846981,0.0001278675918001,,0.3079276084899902,0.3079952597618103,0.3251992166042328,0.0005307147096104,0.0013928648553685,0.0003835926472675,0.6900582905755911,76.09022593858154,0.0208173021075696,0.4987024998170314,,0,0,TRUE_ELASTIC_UNLOADING,-0.0003284083828767,True,False
BH050,479,4.7900004386901855,0.4295879612796829,7690,1,1,SHELF_NORMAL_Y_POS,4795,2,18.95857188792453,-20.261340801999665,-24.445445534773025,0.000672608676491,-0.0011134497404864,0.0005040101170517,-0.0012531259169802,0.0005197232789466,-0.0011762804157849,0.0016055154846981,0.0001278675918001,,0.3079276084899902,0.3079952597618103,0.3245067596435547,0.0005307147096104,0.0013928648553685,0.0003835926472675,0.6895302598302464,76.09741277322996,0.0208172996268766,0.4986279423400246,,0,0,TRUE_ELASTIC_UNLOADING,0.0003757309214931,True,False
BH050,480,4.8000006675720215,0.4296267960714104,7690,1,1,SHELF_NORMAL_Y_POS,4795,2,18.95857188792453,-20.412745807987307,-24.554545428218752,0.0006741411645638,-0.0011094298398471,0.0005053988059954,-0.0012495422471235,0.0005197175052066,-0.0011762594220403,0.0016055154846981,0.0001278675918001,,0.3079276084899902,0.3079952597618103,0.3247692584991455,0.0005307147096104,0.0013928648553685,0.0003835926472675,0.6908281482556493,76.10311791901685,0.0208173914184381,0.4985669753687984,,0,0,ELASTIC_RELOADING,,False,False
BH050,481,4.809999942779541,0.4292027771468876,7690,1,1,SHELF_NORMAL_Y_POS,4795,2,18.95857188792453,-20.40552874296858,-24.54215159412676,0.0006749429249971,-0.0011144566474085,0.0005067531830094,-0.0012540522222223,0.0005197114973986,-0.0011762371927574,0.0016055154846981,0.0001278675918001,,0.3079276084899902,0.3079952597618103,0.3249831795692444,0.0005307147096104,0.0013928648553685,0.0003835926472675,0.6903927302105217,76.1108462519704,0.0208195536835987,0.4985834756155387,,0,0,TRUE_ELASTIC_UNLOADING,-0.002321086217822,True,False
BH050,482,4.820000171661377,0.4291432797252562,7690,1,1,SHELF_NORMAL_Y_POS,4795,2,18.95857188792453,-20.361408455697163,-24.51679046419179,0.0006773115679778,-0.0011052624039098,0.0005077612879968,-0.0012460888451223,0.0005197159839538,-0.0011762071459202,0.0016055154846981,0.0001278675918001,,0.3079276084899902,0.3079952597618103,0.3243297636508941,0.0005307147096104,0.0013928648553685,0.0003835926472675,0.6919200916770434,76.11646017928285,0.0208219414953212,0.4986120503205734,,0,0,ELASTIC_RELOADING,,False,False
BH050,483,4.830000400543213,0.4290179602827382,7690,1,1,SHELF_NORMAL_Y_POS,4795,2,18.95857188792453,-20.23068610737836,-24.3476299374168,0.0006708994350683,-0.0011125830188835,0.000504401210309,-0.0012506231065688,0.0005197183658964,-0.0011761671206326,0.0016055154846981,0.0001278675918001,,0.3079276084899902,0.3079952597618103,0.3255377411842346,0.0005307147096104,0.0013928648553685,0.0003835926472675,0.6915983067908428,76.1221780261034,0.0208222260414714,0.498572768880029,,0,0,TRUE_ELASTIC_UNLOADING,-0.000273344690842,True,False
BH050,484,4.840000629425049,0.4289414388546265,7690,1,1,SHELF_NORMAL_Y_POS,4795,2,18.95857188792453,-20.543733710991607,-24.716533098661195,0.0006676250522034,-0.0011187876748227,0.0004979616893284,-0.0012596068022989,0.0005197146020099,-0.001176160082883,0.0016055154846981,0.0001278675918001,,0.3079276084899902,0.3079952597618103,0.324621707201004,0.0005307147096104,0.0013928648553685,0.0003835926472675,0.6903051109413998,76.12844011260373,0.0208213001061384,0.4984991534025857,,0,0,TRUE_ELASTIC_UNLOADING,-0.0005573359484789,True,False
BH050,485,4.849999904632568,0.4287075270882445,7690,1,1,SHELF_NORMAL_Y_POS,4795,2,18.95857188792453,-20.559137496831088,-24.735190351281627,0.0006798905172351,-0.001110940929741,0.0005084448278673,-0.0012535198943083,0.0005197154377781,-0.0011761473994087,0.0016055154846981,0.0001278675918001,,0.3079276084899902,0.3079952597618103,0.3238060176372528,0.0005307147096104,0.0013928648553685,0.0003835926472675,0.6908363662405287,76.13224263121324,0.0208224274863768,0.4985040749484617,,0,0,ELASTIC_RELOADING,,False,False
BH050,486,4.860000133514404,0.4288096131314722,7690,1,1,SHELF_NORMAL_Y_POS,4795,2,18.95857188792453,-20.39176815884526,-24.4984035530823,0.0006820230498507,-0.0011056500438051,0.0005148399304855,-0.0012444462825648,0.0005197134340962,-0.0011761369913558,0.0016055154846981,0.0001278675918001,,0.3079276084899902,0.3079952597618103,0.3253204524517059,0.0005307147096104,0.0013928648553685,0.0003835926472675,0.6902893114422578,76.13597106582358,0.0208245266522876,0.4985363645239309,,0,0,TRUE_ELASTIC_UNLOADING,-0.0006532082124917,True,False
BH050,487,4.87000036239624,0.428401743120363,7690,1,1,SHELF_NORMAL_Y_POS,4795,2,18.95857188792453,-20.231846508265697,-24.35839940257964,0.0006828589158196,-0.0010988326000689,0.0005146905971686,-0.0012384763595426,0.0005197195519511,-0.0011761229896186,0.0016055154846981,0.0001278675918001,,0.3079276084899902,0.3079952597618103,0.3246526420116424,0.0005307147096104,0.0013928648553685,0.0003835926472675,0.6912886953277092,76.13930765471939,0.0208254783452366,0.4985311614736832,,0,0,ELASTIC_RELOADING,,False,False
BH050,488,4.880000591278076,0.4285140130670927,7690,1,1,SHELF_NORMAL_Y_POS,4795,2,18.95857188792453,-20.42595239766526,-24.53836748635088,0.0006833025645248,-0.0010984277526454,0.0005143381544039,-0.0012389653303559,0.0005197225484735,-0.001176103655535,0.0016055154846981,0.0001278675918001,,0.3079276084899902,0.3079952597618103,0.3246964812278747,0.0005307147096104,0.0013928648553685,0.0003835926472675,0.690332216910754,76.14190072424141,0.0208244564185595,0.4984626673165034,,0,0,TRUE_ELASTIC_UNLOADING,0.0016168699776206,True,False
BH050,489,4.889999866485596,0.4281546778040704,7690,1,1,SHELF_NORMAL_Y_POS,4795,2,18.95857188792453,-20.1942587603413,-24.29337127234597,0.0006884725974556,-0.0011001689744069,0.0005226867870967,-0.0012376199056503,0.0005197113448581,-0.0011761070137906,0.0016055154846981,0.0001278675918001,,0.3079276084899902,0.3079952597618103,0.3255746364593506,0.0005307147096104,0.0013928648553685,0.0003835926472675,0.6899125776375911,76.14540697442487,0.0208238444860215,0.4984131199116598,,0,0,TRUE_ELASTIC_UNLOADING,0.0006999307525594,True,False
BH050,490,4.900000095367432,0.4280483040960718,7690,1,1,SHELF_NORMAL_Y_POS,4795,2,18.95857188792453,-20.367012867184943,-24.47947241893401,0.0006820852191343,-0.0011015492342913,0.0005137085291694,-0.0012414987844976,0.0005197129432293,-0.0011760901537472,0.0016055154846981,0.0001278675918001,,0.3079276084899902,0.3079952597618103,0.3246884942054748,0.0005307147096104,0.0013928648553685,0.0003835926472675,0.6908838088442254,76.14852828331951,0.0208253128242329,0.4984332169043305,,0,0,ELASTIC_RELOADING,,False,False
BH050,491,4.910000324249268,0.4279202061523889,7690,1,1,SHELF_NORMAL_Y_POS,4795,2,18.95857188792453,-20.406097341643328,-24.537786907353368,0.0006870557872318,-0.0010933545184637,0.0005173006398759,-0.0012345495996971,0.0005197140679094,-0.0011760812746181,0.0016055154846981,0.0001278675918001,,0.3079276084899902,0.3079952597618103,0.3241375386714935,0.0005307147096104,0.0013928648553685,0.0003835926472675,0.6891554672287141,76.15137975127163,0.0208265001701502,0.4984562689719458,,0,0,TRUE_ELASTIC_UNLOADING,-0.0007883277229887,True,False
BH050,492,4.920000553131104,0.4280616272478348,7690,1,1,SHELF_NORMAL_Y_POS,4795,2,18.95857188792453,-20.189100258016765,-24.24399259033957,0.0006826222838505,-0.0010972161735523,0.0005160073951937,-0.0012358018525386,0.0005197123136668,-0.0011760619033267,0.0016055154846981,0.0001278675918001,,0.3079276084899902,0.3079952597618103,0.3251379430294037,0.0005307147096104,0.0013928648553685,0.0003835926472675,0.6885969634487251,76.15492397320925,0.020826186216632,0.4984222642928197,,0,0,TRUE_ELASTIC_UNLOADING,0.0005163660846708,True,False
BH050,493,4.929999828338623,0.4276093440138547,7690,1,1,SHELF_NORMAL_Y_POS,4795,2,18.95857188792453,-20.434508900729867,-24.556813497710863,0.0006761432062644,-0.00110563029758,0.000508303307916,-0.0012449750028616,0.0005197233320086,-0.0011760694532917,0.0016055154846981,0.0001278675918001,,0.3079276084899902,0.3079952597618103,0.3251818418502807,0.0005307147096104,0.0013928648553685,0.0003835926472675,0.6892000493976752,76.15702711395733,0.020825551266847,0.4983788394222528,,0,0,ELASTIC_RELOADING,,False,False
BH050,494,4.940000057220459,0.4272403358485047,7690,1,1,SHELF_NORMAL_Y_POS,4795,2,18.95857188792453,-20.34610053447581,-24.501027822616333,0.0006847891886464,-0.0011018267380936,0.0005168086808438,-0.001241086550356,0.0005197214035397,-0.0011760523206523,0.0016055154846981,0.0001278675918001,,0.3079276084899902,0.3079952597618103,0.3248487710952759,0.0005307147096104,0.0013928648553685,0.0003835926472675,0.6896503733579739,76.1589930339945,0.0208259200976454,0.4983702778024809,,0,0,ELASTIC_RELOADING,,False,False
BH050,495,4.950000286102295,0.4270666579407778,7690,1,1,SHELF_NORMAL_Y_POS,4795,2,18.95857188792453,-20.40349574526148,-24.494778784494976,0.0006892970176936,-0.0011000051529744,0.000521153793114,-0.0012398676192182,0.0005196940392959,-0.0011762743335186,0.0016059941845014,0.0001279719290323,,0.307987779378891,0.3082465529441833,0.3250541388988495,0.0005307147096104,0.0013928648553685,0.0003835926472675,0.6901459623417701,76.16196966500235,0.0208271489970561,0.4983917360734584,,0,0,ELASTIC_RELOADING,,False,False
