case,frame_index,time_s,P_over_Pu,steel_element,steel_ip,steel_section_point,panel,uhpc_element,uhpc_ip,pair_distance_mm,uhpc_sigma_x_MPa,uhpc_sigma_y_axial_MPa,uhpc_epsilon_x_star,uhpc_epsilon_y_star,UHPC_epsilon_x_star_with_Poisson,UHPC_epsilon_y_star_with_Poisson,uhpc_PE_x,uhpc_PE_y,PEEQ,PEEQT,PEQC,DAMAGEC,DAMAGET,SDEG,kappa_Ux_Poisson_corrected,kappa_Uy_Poisson_corrected,steel_PEEQ,steel_sigma_VM_over_fy,steel_w_local_mm,q_FEM_W_over_b,R2_after_plane,A_current_normal_mm_s2,actual_A_available,actual_V_available,classification,d_s_raw,spatially_supported_unloading,qualified_scalar_stiffness
BH032,488,4.880000591278076,0.4264102160780635,4371,1,1,SHELF_NORMAL_Y_POS,4471,4,17.624738923327428,-0.6046485273377374,-53.511149471885695,0.0003875731251814,-4.571743412326882e-05,2.116778518797529e-05,-4.640963394695816e-05,2.635722478856377e-05,-2.666265551833796e-05,2.685169420146849e-05,3.230658762731764e-07,,0.0061428640037775,0.0007781702443026,0.0061866911128163,3.5386485425256675e-05,5.597054118026599e-05,0.010763444006443,0.988622514322119,0.0067832826293958,0.0152995494389389,0.5027771189428356,,0,0,TRUE_ELASTIC_UNLOADING,-0.0022110092840705,True,True
BH032,489,4.889999866485596,0.4262494151659579,4371,1,1,SHELF_NORMAL_Y_POS,4471,4,17.624738923327428,-0.598389794462693,-53.52590859823064,0.0003857386417757,-4.683942787728668e-05,1.9110233412524685e-05,-4.7609411329505935e-05,2.635724825021972e-05,-2.666267918637062e-05,2.685169420146849e-05,3.230658762731764e-07,,0.0061428640037775,0.0007781702443026,0.0061863358132541,3.5386485425256675e-05,5.597054118026599e-05,0.0107707977294921,0.99084623432501,0.0067938587045773,0.0153003461094534,0.5027980444570996,,0,0,CONTINUED_PLASTIC_LOADING,,False,False
BH032,490,4.900000095367432,0.425984724870273,4371,1,1,SHELF_NORMAL_Y_POS,4471,4,17.624738923327428,-0.5788310880008526,-53.515051453328525,0.0003870375558251,-4.613770641746567e-05,2.047998656200408e-05,-4.677670172657908e-05,2.635720281234176e-05,-2.6662633704253084e-05,2.685169420146849e-05,3.230658762731764e-07,,0.0061428640037775,0.0007781702443026,0.0061865136958658,3.5386485425256675e-05,5.597054118026599e-05,0.0107707977294921,0.986773732851352,0.0068162483521514,0.0153008019935242,0.5027516493753026,,0,0,TRUE_ELASTIC_UNLOADING,0.0005297802640953,True,True
BH032,491,4.910000324249268,0.4258124780183305,4371,1,1,SHELF_NORMAL_Y_POS,4471,4,17.624738923327428,-0.6018839626999066,-53.54567745412616,0.0003870120760303,-4.5207917097644153e-05,2.041821271277184e-05,-4.583085766332248e-05,2.635719720429595e-05,-2.666262826201148e-05,2.685169420146849e-05,3.230658762731764e-07,,0.0061428640037775,0.0007781702443026,0.0061865136958658,3.5386485425256675e-05,5.597054118026599e-05,0.0107707977294921,0.989965171067932,0.0068356961040813,0.0153015841207919,0.5027329105083335,,0,0,ELASTIC_RELOADING,,False,False
BH032,492,4.920000553131104,0.4256918660622806,4371,1,1,SHELF_NORMAL_Y_POS,4471,4,17.624738923327428,-0.6107566986527161,-53.58473198246543,0.0003848958233791,-4.7297140426139e-05,1.792018564030878e-05,-4.809322551183656e-05,2.6357226397900768e-05,-2.666265736131528e-05,2.685169420146849e-05,3.230658762731764e-07,,0.0061428640037775,0.0007781702443026,0.0061862766742706,3.5386485425256675e-05,5.597054118026599e-05,0.0107707977294921,0.9915896001634804,0.0067928325944623,0.0153022347583749,0.5027505938040322,,0,0,ELASTIC_RELOADING,,False,False
BH032,493,4.929999828338623,0.4254259845548715,4371,1,1,SHELF_NORMAL_Y_POS,4471,4,17.624738923327428,-0.6102835209014542,-53.58938812144154,0.0003834787300151,-4.860725519117222e-05,1.6665782630069005e-05,-4.920519381666354e-05,2.63572590373568e-05,-2.666269011301951e-05,2.685169420146849e-05,3.230658762731764e-07,,0.0061428640037775,0.0007781702443026,0.0061865728348493,3.5386485425256675e-05,5.597054118026599e-05,0.0107707977294921,0.9889265890506695,0.0067809305269486,0.0153031197579213,0.5027540211009575,,0,0,TRUE_ELASTIC_UNLOADING,0.0057971719644465,True,True
BH032,494,4.940000057220459,0.42519944607335,4371,1,1,SHELF_NORMAL_Y_POS,4471,4,17.624738923327428,-0.5878455325552759,-53.60761274725169,0.0003872550223933,-4.501094699363179e-05,2.0158226025559047e-05,-4.561165662375568e-05,2.6357242647204635e-05,-2.6662673742443048e-05,2.685169420146849e-05,3.230658762731764e-07,,0.0061428640037775,0.0007781702443026,0.006186454091221,3.5386485425256675e-05,5.597054118026599e-05,0.0107707977294921,0.9915362078573634,0.0067802738428644,0.0153026926097739,0.5027047056272278,,0,0,ELASTIC_RELOADING,,False,False
BH032,495,4.950000286102295,0.424936173090322,4371,1,1,SHELF_NORMAL_Y_POS,4471,4,17.624738923327428,-0.5823513172792221,-53.63738754395763,0.0003876466007233,-4.417739765184077e-05,2.0452596883365284e-05,-4.463151974049245e-05,2.6357240815736928e-05,-2.666267192694901e-05,2.685169420146849e-05,3.230658762731764e-07,,0.0061428640037775,0.0007781702443026,0.0061866911128163,3.5386485425256675e-05,5.597054118026599e-05,0.0107707977294921,0.989721102218354,0.0067876515816306,0.0153045584505577,0.5027371705217505,,0,0,TRUE_ELASTIC_UNLOADING,-0.0004070987200175,True,False
BH032,496,4.960000514984131,0.4248717897300562,4371,1,1,SHELF_NORMAL_Y_POS,4471,4,17.624738923327428,-0.5957884377221462,-53.65214193080973,0.000389106000048,-4.280109907577783e-05,2.17900407671994e-05,-4.336807107716933e-05,2.6357209797863803e-05,-2.6662641017090336e-05,2.685169420146849e-05,3.230658762731764e-07,,0.0061428640037775,0.0007781702443026,0.0061863358132541,3.5386485425256675e-05,5.597054118026599e-05,0.0107707977294921,0.987865146381354,0.0067885026834123,0.015303782843237,0.5027103179658676,,0,0,TRUE_ELASTIC_UNLOADING,-0.0033855307834269,True,False
BH032,497,4.96999979019165,0.4246856601168503,4371,1,1,SHELF_NORMAL_Y_POS,4471,4,17.624738923327428,-0.5815865481062861,-53.626918686583394,0.0003868937744661,-4.420791087199924e-05,1.9597621024683768e-05,-4.4831261512847786e-05,2.6357207767020323e-05,-2.6662639216406785e-05,2.685169420146849e-05,3.230658762731764e-07,,0.0061428640037775,0.0007781702443026,0.0061862170696258,3.5386485425256675e-05,5.597054118026599e-05,0.0107707977294921,0.9874030039806204,0.0067654045786268,0.0153050566184203,0.5027201126057237,,0,0,TRUE_ELASTIC_UNLOADING,-0.0023134614321613,True,False
BH032,498,4.980000019073486,0.4246701612684778,4371,1,1,SHELF_NORMAL_Y_POS,4471,4,17.624738923327428,-0.5373873135051429,-53.64927088931017,0.0003870958007626,-4.367720239013199e-05,1.980755011177812e-05,-4.383261726345969e-05,2.6357260557705595e-05,-2.666269196245896e-05,2.685169420146849e-05,3.230658762731764e-07,,0.0061428640037775,0.0007781702443026,0.0061870464123785,3.5386485425256675e-05,5.597054118026599e-05,0.0107707977294921,0.9905432502985956,0.0067969924606751,0.0153051216961741,0.5026957028879052,,0,0,ELASTIC_RELOADING,,False,False
BH032,499,4.990000247955322,0.4243269878489827,4371,1,1,SHELF_NORMAL_Y_POS,4471,4,17.624738923327428,-0.5555171287967632,-53.66627229469955,0.0003868806288471,-4.393387839573431e-05,1.9312552034455915e-05,-4.437691949936819e-05,2.6357265924824924e-05,-2.666269742899352e-05,2.685169420146849e-05,3.230658762731764e-07,,0.0061428640037775,0.0007781702443026,0.0061865728348493,3.5386485425256675e-05,5.597054118026599e-05,0.0107707977294921,0.9907585302685474,0.0068063295445596,0.0153057242187467,0.5027063354475152,,0,0,ELASTIC_RELOADING,,False,False
BH032,500,5.0,0.4242707957344159,4371,1,1,SHELF_NORMAL_Y_POS,4471,4,17.624738923327428,-0.5568129446392379,-53.67157510142148,0.000383565968774,-4.758952821395067e-05,1.6161334976654484e-05,-4.784142820855311e-05,2.635727497113381e-05,-2.6662706532153936e-05,2.685169420146849e-05,3.230658762731764e-07,,0.0061428640037775,0.0007781702443026,0.0061869281344115,3.5386485425256675e-05,5.597054118026599e-05,0.0107715195044875,0.9851672418863004,0.0068175752958912,0.0153062969577194,0.5027114880111674,298.3570880839517,1,1,CONTINUED_PLASTIC_LOADING,,False,False
BH032,0,0.0,0.0,5009,3,5,SIDE_NORMAL_X_POS,1709,4,20.52719718256817,0.0,0.0,-1.1333969430915512e-07,-2.1776380096099042e-08,-1.1333969430915512e-07,-2.1776380096099042e-08,0.0,0.0,0.0,0.0,,0.0,0.0,0.0,1.1333969430915512e-07,2.1776380096099042e-08,0.0,0.0,0.0,0.0,,0.0,1,1,,,,
BH032,1,0.0100004216656088,3.758334647400553e-08,5009,3,5,SIDE_NORMAL_X_POS,1709,4,20.52719718256817,-4.5166500604269695e-05,-0.001294212560047,-3.4293345154509664e-08,7.602884438189355e-08,-5.161864487989192e-08,6.733750359275023e-08,0.0,0.0,0.0,0.0,,0.0,0.0,0.0,1.1333969430915512e-07,6.733750359275023e-08,0.0,1.2738220259411068e-05,7.545465558334909e-07,-5.1261794200980594e-09,0.0017074555574889,,0,0,AMBIGUOUS,,False,False
BH032,2,0.0200000535696744,2.418561546540417e-06,5009,3,5,SIDE_NORMAL_X_POS,1709,4,20.52719718256817,-0.0010714173980478,-0.0001235472943341,-8.080822358942801e-08,-3.0793764693072475e-08,-8.487127219330516e-08,-4.140891078805808e-08,0.0,0.0,0.0,0.0,,0.0,0.0,0.0,1.1333969430915512e-07,6.733750359275023e-08,0.0,0.0001659172248595,1.3409967343853997e-07,-6.889978969263434e-09,0.0040020173887773,,0,0,AMBIGUOUS,,False,False
BH032,3,0.0300005301833152,5.956553901020615e-06,5009,3,5,SIDE_NORMAL_X_POS,1709,4,20.52719718256817,0.0008440407113717,-0.000670220016721,-1.672748992062409e-07,2.6279491486984243e-08,-1.800511350208272e-07,2.3970495728337133e-08,0.0,0.0,0.0,0.0,,0.0,0.0,0.0,1.800511350208272e-07,6.733750359275023e-08,0.0,8.060631389686618e-05,-2.9048461130305834e-06,4.096406876659903e-09,0.0016774046674989,,0,0,AMBIGUOUS,,False,False
BH032,4,0.0400013327598571,1.510635299959955e-05,5009,3,5,SIDE_NORMAL_X_POS,1709,4,20.52719718256817,8.96734356959656e-05,-0.0006814991472347,4.981459901120702e-08,1.1254157786846157e-07,4.6356762529321887e-08,1.1441442744369917e-07,0.0,0.0,0.0,0.0,,0.0,0.0,0.0,1.800511350208272e-07,1.1441442744369917e-07,0.0,7.073086277892434e-05,-5.1494592923534056e-06,3.822240453270917e-09,0.0014344241347059,,0,0,AMBIGUOUS,,False,False
BH032,5,0.0500013679265975,2.743281033846044e-05,5009,3,5,SIDE_NORMAL_X_POS,1709,4,20.52719718256817,0.0009853948630097,-0.0027973482332939,1.466004464529185e-07,1.38593129917931e-06,1.16852432815627e-07,1.3823312792952672e-06,0.0,0.0,0.0,0.0,,0.0,0.0,0.0,1.800511350208272e-07,1.3823312792952672e-06,0.0,9.581865708653076e-05,-8.132726242299616e-06,2.740579872887088e-08,0.0668834226568355,,0,0,AMBIGUOUS,,False,False
BH032,6,0.0600004978477954,4.84236440560974e-05,5009,3,5,SIDE_NORMAL_X_POS,1709,4,20.52719718256817,0.0001871442381468,-0.0038439896585854,-1.544286174685809e-07,-1.1936155941664917e-06,-1.804208353916595e-07,-1.191742831236584e-06,0.0,0.0,0.0,0.0,,0.0,0.0,0.0,1.804208353916595e-07,1.3823312792952672e-06,0.0,9.724981534437264e-05,-1.727728144921914e-05,4.599748861322911e-08,0.1678226629821272,,0,0,AMBIGUOUS,,False,False
BH032,7,0.0700011625885963,6.89757764392477e-05,5009,3,5,SIDE_NORMAL_X_POS,1709,4,20.52719718256817,0.0053768172904623,-0.009342252568617,-2.767126525547121e-07,1.2862151274654612e-07,-3.887418234089229e-07,1.1833706442053095e-07,0.0,0.0,0.0,0.0,,0.0,0.0,0.0,3.887418234089229e-07,1.3823312792952672e-06,0.0,0.0003247493032849,-4.724635047923464e-05,6.522672079052965e-08,0.206554369312175,,0,0,AMBIGUOUS,,False,False
BH032,8,0.080000951886177,0.000127376562625,5009,3,5,SIDE_NORMAL_X_POS,1709,4,20.52719718256817,0.0048557870491167,-0.0164197504455804,-8.377549479478786e-08,-2.118140437624487e-06,-3.0936213320133853e-07,-2.196661148648339e-06,0.0,0.0,0.0,0.0,,0.0,0.0,0.0,3.887418234089229e-07,2.196661148648339e-06,0.0,0.0014684300155331,-8.560510903251182e-05,9.925581456317808e-08,0.3331346913534376,,0,0,AMBIGUOUS,,False,False
BH032,9,0.0900012999773025,0.0001570901268403,5009,3,5,SIDE_NORMAL_X_POS,1709,4,20.52719718256817,-0.0078424433465482,-0.0253827927021605,1.8222123457740397e-07,-7.068167483370622e-07,-1.309320793018588e-07,-8.98723407684442e-07,0.0,0.0,0.0,0.0,,0.0,0.0,0.0,3.887418234089229e-07,2.196661148648339e-06,0.0,0.0006309528092187,-0.0001311773422123,1.4863744087192284e-07,0.4960898521781245,,0,0,AMBIGUOUS,,False,False
BH032,10,0.1000005528330802,0.0002058092213063,5009,3,5,SIDE_NORMAL_X_POS,1709,4,20.52719718256817,-0.0021038456776703,-0.0215493779778553,-1.206965488660347e-07,3.58159614160052e-07,-2.3343945325931107e-07,3.7983283165745605e-07,0.0,0.0,0.0,0.0,,0.0,0.0,0.0,3.887418234089229e-07,2.196661148648339e-06,0.0,0.0016808822067047,-0.0001748791377562,2.1548508385104922e-07,0.6496590197708857,,0,0,AMBIGUOUS,,False,False
BH032,11,0.110000230371952,0.0003016485010776,5009,3,5,SIDE_NORMAL_X_POS,1709,4,20.52719718256817,0.0014877028443348,-0.0293138156135389,-6.114721131213893e-08,-1.8859759864003228e-06,-2.937802861948789e-07,-1.905695339224028e-06,0.0,0.0,0.0,0.0,,0.0,0.0,0.0,3.887418234089229e-07,2.196661148648339e-06,0.0,0.0023007371707926,-0.0001506048486881,2.737109984883963e-07,0.7127902779453017,,0,0,AMBIGUOUS,,False,False
BH032,12,0.1200005337595939,0.0003804823187686,5009,3,5,SIDE_NORMAL_X_POS,1709,4,20.52719718256817,-0.0041094279828812,-0.0289883817259241,1.8699579966035769e-07,-4.188770390448666e-07,-2.516209549774288e-07,-6.855194590533231e-07,0.0,0.0,0.0,0.0,,0.0,0.0,0.0,3.887418234089229e-07,2.196661148648339e-06,0.0,0.0036247862995194,-0.0001830119555164,3.578548408979644e-07,0.7980210970177315,,0,0,AMBIGUOUS,,False,False
BH032,13,0.1300000846385955,0.0004604194291082,5009,3,5,SIDE_NORMAL_X_POS,1709,4,20.52719718256817,-0.0002386961987517,-0.0371326927752723,-1.7157378359776221e-09,8.741929980083839e-07,-2.459176682230613e-07,8.850186937262798e-07,0.0,0.0,0.0,0.0,,0.0,0.0,0.0,3.887418234089229e-07,2.196661148648339e-06,0.0,0.0018752429604473,-0.0002416978631152,4.600566725801936e-07,0.852770081226759,,0,0,AMBIGUOUS,,False,False
BH032,14,0.1400003582239151,0.0005717144374705,5009,3,5,SIDE_NORMAL_X_POS,1709,4,20.52719718256817,-0.0034213794847118,-0.0506050626563493,2.7868778554469536e-07,-1.4454964980047224e-06,-2.358595995642922e-07,-1.633889391143865e-06,0.0,0.0,0.0,0.0,,0.0,0.0,0.0,3.887418234089229e-07,2.196661148648339e-06,0.0,0.0030159951868658,-0.000240045071192,5.839873517470187e-07,0.8995745824045884,,0,0,AMBIGUOUS,,False,False
BH032,15,0.1500009447336197,0.0007341739951479,5009,3,5,SIDE_NORMAL_X_POS,1709,4,20.52719718256817,-0.0034938242688641,-0.0620297709856992,6.809522926777533e-08,1.4335616535282344e-06,-5.628559971130871e-07,1.2072367869411632e-06,0.0,0.0,0.0,0.0,,0.0,0.0,0.0,5.628559971130871e-07,2.196661148648339e-06,0.0,0.0028601466585564,-0.0002571426687814,7.253145179672543e-07,0.9178471093305725,,0,0,AMBIGUOUS,,False,False
BH032,16,0.160000666975975,0.0008640605224913,5009,3,5,SIDE_NORMAL_X_POS,1709,4,20.52719718256817,0.0012003674979942,-0.0815475676262999,6.654076576880037e-07,-5.629705102744058e-07,-6.708539210608189e-08,-7.234732251079335e-07,0.0,0.0,0.0,0.0,,0.0,0.0,0.0,5.628559971130871e-07,2.196661148648339e-06,0.0,0.0016061950429794,-0.0003287757605236,8.905603928272607e-07,0.92958709034273,,0,0,AMBIGUOUS,,False,False
BH032,17,0.1700009405612945,0.0010544743615751,5009,3,5,SIDE_NORMAL_X_POS,1709,4,20.52719718256817,-0.0052760598363186,-0.086316423169608,6.315790846865322e-07,-5.474743534684548e-07,7.369657046767933e-08,-5.451700243696388e-07,0.0,0.0,0.0,0.0,,0.0,0.0,0.0,5.628559971130871e-07,2.196661148648339e-06,0.0,0.0025320752217023,-0.0003757408720585,1.0735878608188172e-06,0.9435817816005664,,0,0,AMBIGUOUS,,False,False
BH032,18,0.1800008416175842,0.001232156713675,5009,3,5,SIDE_NORMAL_X_POS,1709,4,20.52719718256817,0.0040071450224647,-0.0977051563730084,7.399741052729741e-07,-2.3416468912146658e-07,-7.308991661449948e-08,-3.441482866162705e-07,0.0,0.0,0.0,0.0,,0.0,0.0,0.0,5.628559971130871e-07,2.196661148648339e-06,0.0,0.0013247893273745,-0.0004277547631332,1.2841706370642477e-06,0.9524028090334584,,0,0,AMBIGUOUS,,False,False
BH032,19,0.190000832080841,0.001451524315192,5009,3,5,SIDE_NORMAL_X_POS,1709,4,20.52719718256817,0.0045671925547415,-0.1090805530380532,6.864239572222647e-07,2.5869623404510816e-08,-7.720526283871636e-08,4.782389822459615e-08,0.0,0.0,0.0,0.0,,0.0,0.0,0.0,5.628559971130871e-07,2.196661148648339e-06,0.0,0.0030456270983008,-0.0006083497220106,1.5222725758302013e-06,0.9593786036250328,,0,0,AMBIGUOUS,,False,False
BH032,20,0.2000001817941665,0.0016677185669085,5009,3,5,SIDE_NORMAL_X_POS,1709,4,20.52719718256817,0.0015363097303297,-0.1342855450970205,8.450766091794272e-07,5.867307485034683e-07,-2.0388669245373413e-07,4.766281945248011e-07,0.0,0.0,0.0,0.0,,0.0,0.0,0.0,5.628559971130871e-07,2.196661148648339e-06,0.0,0.0029291688634108,-0.00058238802929,1.7752884841738968e-06,0.9588513029228606,,0,0,AMBIGUOUS,,False,False
BH032,21,0.2100008875131607,0.0019480210638481,5009,3,5,SIDE_NORMAL_X_POS,1709,4,20.52719718256817,0.0012918734271456,-0.1397229039386238,4.4040792532855333e-07,7.536328522747779e-07,-4.4984051200009853e-07,8.381409405159573e-07,0.0,0.0,0.0,0.0,,0.0,0.0,0.0,5.628559971130871e-07,2.196661148648339e-06,0.0,0.0035008228464033,-0.0007200899025516,2.065438957467529e-06,0.9632969935637606,,0,0,AMBIGUOUS,,False,False
BH032,22,0.2200004607439041,0.0022296206012666,5009,3,5,SIDE_NORMAL_X_POS,1709,4,20.52719718256817,-0.0092188206709627,-0.1650878376003161,1.0431580289080534e-06,-1.450827639186377e-06,-1.1477680761355043e-07,-1.5313268748138334e-06,0.0,0.0,0.0,0.0,,0.0,0.0,0.0,5.628559971130871e-07,2.196661148648339e-06,0.0,0.0057612400901207,-0.0008240199685935,2.3790308485672746e-06,0.9642633055739852,,0,0,AMBIGUOUS,,False,False
BH032,23,0.2300004065036773,0.0025162200585375,5009,3,5,SIDE_NORMAL_X_POS,1709,4,20.52719718256817,0.008793535040346,-0.1917250919222846,1.6161688553484008e-06,6.979267377613408e-07,6.006279327270701e-08,5.27894133952676e-07,0.0,0.0,0.0,0.0,,0.0,0.0,0.0,5.628559971130871e-07,2.196661148648339e-06,0.0,0.0031205571110664,-0.0009491927160319,2.7171186399128467e-06,0.9649251976132484,,0,0,AMBIGUOUS,,False,False
BH032,24,0.2400002628564834,0.0028804610719441,5009,3,5,SIDE_NORMAL_X_POS,1709,4,20.52719718256817,0.0122337975546268,-0.2194074242118794,1.624227421683666e-06,-7.807229909970058e-08,5.7972344293899854e-08,-4.312077441684506e-08,0.0,0.0,0.0,0.0,,0.0,0.0,0.0,5.628559971130871e-07,2.196661148648339e-06,0.0,0.0051650452111562,-0.0009473091889488,3.0941476081630395e-06,0.9658958326726642,,0,0,AMBIGUOUS,,False,False
BH032,25,0.2500005662441253,0.0032444186036879,5009,3,5,SIDE_NORMAL_X_POS,1709,4,20.52719718256817,-0.0099398831551582,-0.2372405068591052,1.2274408350436509e-06,-8.465084741083621e-07,-3.723029109196938e-07,-8.750497520720716e-07,0.0,0.0,0.0,0.0,,0.0,0.0,0.0,5.628559971130871e-07,2.196661148648339e-06,0.0,0.0037835479904557,-0.0011321611722373,3.482794433560844e-06,0.9656406846527412,1375059.251386091,1,1,AMBIGUOUS,,False,False
BH032,26,0.2600001990795135,0.0036284824673401,5009,3,5,SIDE_NORMAL_X_POS,1709,4,20.52719718256817,-0.0038634505737723,-0.279055725306219,1.8826903657224423e-06,-1.2532096848284856e-06,-4.627518844166746e-07,-1.696401187969124e-06,0.0,0.0,0.0,0.0,,0.0,0.0,0.0,5.628559971130871e-07,2.196661148648339e-06,0.0,0.0051192751333264,-0.0013174049221742,3.935791535791241e-06,0.9678159184745044,,0,0,AMBIGUOUS,,False,False
BH032,27,0.270000010728836,0.0040746785996643,5009,3,5,SIDE_NORMAL_X_POS,1709,4,20.52719718256817,0.0029165677592316,-0.311400153777057,2.30467609686358e-06,6.841505506191554e-07,-4.336833830142303e-08,5.08802347271814e-07,0.0,0.0,0.0,0.0,,0.0,0.0,0.0,5.628559971130871e-07,2.196661148648339e-06,0.0,0.0050201001435438,-0.0014672654004061,4.396954935582285e-06,0.9675432155945844,,0,0,AMBIGUOUS,,False,False
BH032,28,0.2800003588199615,0.004505091077076,5009,3,5,SIDE_NORMAL_X_POS,1709,4,20.52719718256817,0.0023143816086285,-0.3390882975191195,2.497846625912973e-06,-2.0515703447620442e-08,-3.1703467818827626e-08,-1.9013944376180634e-07,0.0,0.0,0.0,0.0,,0.0,0.0,0.0,5.628559971130871e-07,2.196661148648339e-06,0.0,0.0043355575225504,-0.0016224095333574,4.9023907471835e-06,0.9684663811407253,,0,0,AMBIGUOUS,,False,False
BH032,29,0.2900010645389557,0.0050145708354011,5009,3,5,SIDE_NORMAL_X_POS,1709,4,20.52719718256817,-0.0069282944227886,-0.3887539239828945,2.7748485742501863e-06,-1.346239283559679e-06,-3.284890340114969e-08,-1.5145890914406937e-06,0.0,0.0,0.0,0.0,,0.0,0.0,0.0,5.628559971130871e-07,2.196661148648339e-06,0.0,0.0065219317780906,-0.0018330945122325,5.452478398666989e-06,0.9687148239184766,,0,0,AMBIGUOUS,,False,False
BH032,30,0.3000000417232513,0.005517258513247,5009,3,5,SIDE_NORMAL_X_POS,1709,4,20.52719718256817,0.0066845514892139,-0.395586076120242,2.5238613510562512e-06,-1.175800645466082e-06,-2.1036610459731705e-08,-9.400260659028772e-07,0.0,0.0,0.0,0.0,,0.0,0.0,0.0,5.628559971130871e-07,2.196661148648339e-06,0.0,0.0055496182086143,-0.0019278101603481,6.004383712812941e-06,0.9682736024670512,,0,0,AMBIGUOUS,,False,False
BH032,31,0.3100012242794037,0.0060779233941586,5009,3,5,SIDE_NORMAL_X_POS,1709,4,20.52719718256817,7.924284185304872e-05,-0.4456340067494348,3.263644600146968e-06,1.0573263911551585e-07,-5.734719534275406e-08,-1.342919933007905e-07,0.0,0.0,0.0,0.0,,0.0,0.0,0.0,5.628559971130871e-07,2.196661148648339e-06,0.0,0.0066488096938769,-0.0021698905460078,6.63331832267236e-06,0.9694402991256807,,0,0,AMBIGUOUS,,False,False
BH032,32,0.3200008571147918,0.0066475610208589,5009,3,5,SIDE_NORMAL_X_POS,1709,4,20.52719718256817,-0.0006969342462454,-0.4940616746282943,3.3943239352946048e-06,-1.4470643786218944e-06,-3.995813539146041e-08,-1.470991101044946e-06,0.0,0.0,0.0,0.0,,0.0,0.0,0.0,5.628559971130871e-07,2.196661148648339e-06,0.0,0.0060264867988544,-0.002371966350194,7.269232005519183e-06,0.969075434581408,,0,0,AMBIGUOUS,,False,False
BH032,33,0.3300012648105621,0.0072586805030445,5009,3,5,SIDE_NORMAL_X_POS,1709,4,20.52719718256817,0.00789941700115,-0.5398324358458524,3.5825127898135367e-06,-5.409135440162116e-07,-1.1279929882096913e-07,-4.500607512198243e-07,0.0,0.0,0.0,0.0,,0.0,0.0,0.0,5.628559971130871e-07,2.196661148648339e-06,0.0,0.0076508229911924,-0.0025837857672377,7.967146745995216e-06,0.9704344103043384,,0,0,AMBIGUOUS,,False,False
BH032,34,0.3400005400180816,0.0079175712446819,5009,3,5,SIDE_NORMAL_X_POS,1709,4,20.52719718256817,0.000254104740519,-0.5953060577082325,3.951032903232288e-06,8.30249959657875e-07,-2.682528691857345e-07,7.277395037058754e-07,0.0,0.0,0.0,0.0,,0.0,0.0,0.0,5.628559971130871e-07,2.196661148648339e-06,0.0,0.0079543183192909,-0.0027777656427676,8.675395445799879e-06,0.9698358959635612,,0,0,AMBIGUOUS,,False,False
BH032,35,0.3500011265277862,0.0086236956268978,5009,3,5,SIDE_NORMAL_X_POS,1709,4,20.52719718256817,0.0149670540353685,-0.6289233730834333,4.154796703910143e-06,-8.136902130385861e-07,-1.689576472328949e-07,-6.865890771852957e-07,0.0,0.0,0.0,0.0,,0.0,0.0,0.0,5.628559971130871e-07,2.196661148648339e-06,0.0,0.0089544500297028,-0.0029847066759171,9.479884021293527e-06,0.9703127324489914,,0,0,AMBIGUOUS,,False,False
BH032,36,0.3600009381771087,0.0093749567030197,5009,3,5,SIDE_NORMAL_X_POS,1709,4,20.52719718256817,0.0115111993196108,-0.7030053849568797,5.029644514040667e-06,-3.768406781891627e-07,1.0258250576010878e-08,-4.571722116319947e-07,0.0,0.0,0.0,0.0,,0.0,0.0,0.0,5.628559971130871e-07,2.196661148648339e-06,0.0,0.0082714971053687,-0.0033194088637857,1.0264815884358662e-05,0.9697472866441904,,0,0,AMBIGUOUS,,False,False
BH032,37,0.3700006902217865,0.0101412281839962,5009,3,5,SIDE_NORMAL_X_POS,1709,4,20.52719718256817,0.0027022064210601,-0.7671266269052168,5.149061428111289e-06,-1.987040249926689e-07,-3.685688161980775e-07,-3.949368039130245e-07,0.0,0.0,0.0,0.0,,0.0,0.0,0.0,5.628559971130871e-07,2.196661148648339e-06,0.0,0.0104399134853801,-0.0036322139124447,1.111574941235482e-05,0.9698479187696276,,0,0,AMBIGUOUS,,False,False
BH032,38,0.3800011575222015,0.0109359944222498,5009,3,5,SIDE_NORMAL_X_POS,1709,4,20.52719718256817,-0.0083845205453166,-0.8451184647896947,6.2575851038360265e-06,-1.0511622921579473e-06,1.3775251452155978e-07,-1.3871196908430713e-06,0.0,0.0,0.0,0.0,,0.0,0.0,0.0,5.628559971130871e-07,2.196661148648339e-06,0.0,0.014922962479972,-0.0038576691720826,1.2030027641352311e-05,0.970517228218313,,0,0,AMBIGUOUS,,False,False
BH032,39,0.3900003135204315,0.0117767511080669,5009,3,5,SIDE_NORMAL_X_POS,1709,4,20.52719718256817,-0.0101535741739525,-0.8885860430861561,6.319408785044285e-06,-1.2219783396795642e-06,-1.7160520857794034e-08,-1.4864338051747035e-06,0.0,0.0,0.0,0.0,,0.0,0.0,0.0,5.628559971130871e-07,2.196661148648339e-06,0.0,0.0119803510205516,-0.0042020376730376,1.2955658797727051e-05,0.9704176050400556,,0,0,AMBIGUOUS,,False,False
BH032,40,0.4000013768672943,0.0126616271249512,5009,3,5,SIDE_NORMAL_X_POS,1709,4,20.52719718256817,0.0065302429906958,-0.9554072560486968,6.663511066606366e-06,1.5327748785054615e-06,1.254842387339275e-07,1.6440856015965609e-06,0.0,0.0,0.0,0.0,,0.0,0.0,0.0,5.628559971130871e-07,2.196661148648339e-06,0.0,0.0131644665410815,-0.0045093597930569,1.3958994491023722e-05,0.9705511354041748,,0,0,AMBIGUOUS,,False,False
BH032,41,0.410001128911972,0.0136090458856199,5009,3,5,SIDE_NORMAL_X_POS,1709,4,20.52719718256817,0.0118096714205362,-1.048726367683261,7.013852495645645e-06,1.1632990468281215e-06,-4.395557240723916e-07,1.0407851066294245e-06,0.0,0.0,0.0,0.0,,0.0,0.0,0.0,5.628559971130871e-07,2.196661148648339e-06,0.0,0.0149881515002351,-0.0048535462204548,1.4992792573721176e-05,0.9707206958454636,,0,0,AMBIGUOUS,,False,False
BH032,42,0.4200007021427154,0.0145670825592122,5009,3,5,SIDE_NORMAL_X_POS,1709,4,20.52719718256817,0.0156486936376793,-1.1162542532658817,7.61693865188345e-06,3.4701084801724283e-09,-3.972151929462868e-07,-1.8646981766135226e-07,0.0,0.0,0.0,0.0,,0.0,0.0,0.0,5.628559971130871e-07,2.196661148648339e-06,0.0,0.0149759390630858,-0.0051557591050047,1.6061032079542772e-05,0.9709406894036128,,0,0,AMBIGUOUS,,False,False
BH032,43,0.4300008118152618,0.0156102279258219,5009,3,5,SIDE_NORMAL_X_POS,1709,4,20.52719718256817,-0.0083289187287733,-1.1801143076786933,8.0045240928702e-06,3.514412232356555e-07,-2.9438052462419654e-07,1.52435607699222e-07,0.0,0.0,0.0,0.0,,0.0,0.0,0.0,5.628559971130871e-07,2.196661148648339e-06,0.0,0.0147989776958094,-0.0055733366591532,1.7220017077223246e-05,0.970941509778921,,0,0,AMBIGUOUS,,False,False
BH032,44,0.4400002658367157,0.0166906098926845,5009,3,5,SIDE_NORMAL_X_POS,1709,4,20.52719718256817,-0.0051081852284461,-1.2774024327324989,8.61579702486986e-06,-5.543191952468078e-09,-4.054564914320711e-07,-2.3213601122177966e-07,0.0,0.0,0.0,0.0,,0.0,0.0,0.0,5.628559971130871e-07,2.196661148648339e-06,0.0,0.0159615121841992,-0.0059598565855619,1.8383927089806e-05,0.9708838505342432,,0,0,AMBIGUOUS,,False,False
BH032,45,0.4500011503696441,0.017781796830458,5009,3,5,SIDE_NORMAL_X_POS,1709,4,20.52719718256817,-0.0076159610787285,-1.364751483950408,9.192501140082729e-06,-6.619479620308122e-07,-4.822216300677983e-07,-9.555496063402431e-07,0.0,0.0,0.0,0.0,,0.0,0.0,0.0,5.628559971130871e-07,2.196661148648339e-06,0.0,0.0180209876656198,-0.0062961438843982,1.9619277392039737e-05,0.9712956667301442,,0,0,AMBIGUOUS,,False,False
BH032,46,0.4600003659725189,0.0189281729411429,5009,3,5,SIDE_NORMAL_X_POS,1709,4,20.52719718256817,-0.0007823421084263,-1.4265008188269273,9.872766351815352e-06,9.00567976951524e-07,-1.7647551820086314e-07,7.06522950611576e-07,0.0,0.0,0.0,0.0,,0.0,0.0,0.0,5.628559971130871e-07,2.196661148648339e-06,0.0,0.0190648218083332,-0.006698273824361,2.089547008013982e-05,0.971353108442452,,0,0,AMBIGUOUS,,False,False
BH032,47,0.4700005352497101,0.0201345272101862,5009,3,5,SIDE_NORMAL_X_POS,1709,4,20.52719718256817,0.003180307118437,-1.536064400422593,1.044520571053274e-05,-2.0089922967156333e-06,-4.38698620557807e-07,-2.2529562530985945e-06,0.0,0.0,0.0,0.0,,0.0,0.0,0.0,5.628559971130871e-07,2.2529562530985945e-06,0.0,0.0195214259092817,-0.0071260072180075,2.2241411705619184e-05,0.9713807998746996,,0,0,AMBIGUOUS,,False,False
BH032,48,0.4800002872943878,0.0213925730820901,5009,3,5,SIDE_NORMAL_X_POS,1709,4,20.52719718256817,0.0030773561669496,-1.614190587167197,1.0780059988649045e-05,3.3010345499398016e-08,-3.212641254097615e-07,1.1095772914207005e-07,0.0,0.0,0.0,0.0,,0.0,0.0,0.0,5.628559971130871e-07,2.2529562530985945e-06,0.0,0.0206551141403402,-0.0075681553891398,2.364580953429922e-05,0.9714186511172392,,0,0,AMBIGUOUS,,False,False
BH032,49,0.4900000393390655,0.0226739938202897,5009,3,5,SIDE_NORMAL_X_POS,1709,4,20.52719718256817,-0.0035292482847178,-1.736484885550352,1.2230471261273276e-05,1.638076172897607e-07,-2.631049596764269e-07,-3.508125856947308e-07,0.0,0.0,0.0,0.0,,0.0,0.0,0.0,5.628559971130871e-07,2.2529562530985945e-06,0.0,0.0221083017542792,-0.0080516493917264,2.505977640578074e-05,0.97171015065487,,0,0,AMBIGUOUS,,False,False
BH032,50,0.5000011324882507,0.0239955500551157,5009,3,5,SIDE_NORMAL_X_POS,1709,4,20.52719718256817,-0.0045733355580231,-1.846048347936736,1.333591224112953e-05,-1.0595159616949977e-06,2.758013817615892e-07,-1.3905368737446376e-06,0.0,0.0,0.0,0.0,,0.0,0.0,0.0,5.628559971130871e-07,2.2529562530985945e-06,0.0,0.025806881174169,-0.0084571884378569,2.656303230410059e-05,0.9718024139205808,451188.7446523082,1,1,AMBIGUOUS,,False,False
BH032,51,0.5100001692771912,0.0254358130792536,5009,3,5,SIDE_NORMAL_X_POS,1709,4,20.52719718256817,-0.0015331802538626,-1.9318568576112416,1.3486735171938003e-05,-3.063337809047033e-07,-1.745059790469269e-07,-6.243237059169632e-07,0.0,0.0,0.0,0.0,,0.0,0.0,0.0,5.628559971130871e-07,2.2529562530985945e-06,0.0,0.0245837890862141,-0.0090284332802346,2.812264821560656e-05,0.9719082303139333,,0,0,AMBIGUOUS,,False,False
BH032,52,0.5200014114379883,0.0268654461268165,5009,3,5,SIDE_NORMAL_X_POS,1709,4,20.52719718256817,0.009302034337308,-2.0553089165352563,1.4574260343302692e-05,1.0910758709612134e-06,-2.048085080788885e-07,5.835112882839931e-07,0.0,0.0,0.0,0.0,,0.0,0.0,0.0,5.628559971130871e-07,2.2529562530985945e-06,0.0,0.0255065426595603,-0.0095057381788634,2.974267309258012e-05,0.9720108179845268,,0,0,AMBIGUOUS,,False,False
BH032,53,0.5300014019012451,0.0283303165536909,5009,3,5,SIDE_NORMAL_X_POS,1709,4,20.52719718256817,0.0080259036366399,-2.15753397476855,1.5020552062894648e-05,9.03817795603434e-07,-3.06800920832548e-07,5.457727271194899e-07,0.0,0.0,0.0,0.0,,0.0,0.0,0.0,5.628559971130871e-07,2.2529562530985945e-06,0.0,0.0278606943860402,-0.0100164235400689,3.140279038337955e-05,0.9720573036920128,,0,0,AMBIGUOUS,,False,False
BH032,54,0.5400002598762512,0.0299142968453197,5009,3,5,SIDE_NORMAL_X_POS,1709,4,20.52719718256817,0.0167555816177064,-2.265530907988188,1.5535585324857857e-05,8.09720004219696e-07,-4.199309116912458e-07,6.303776589555734e-07,0.0,0.0,0.0,0.0,,0.0,0.0,0.0,5.628559971130871e-07,2.2529562530985945e-06,0.0,0.0297428621250149,-0.0105994999040296,3.312834740783511e-05,0.9723621595595788,,0,0,AMBIGUOUS,,False,False
BH032,55,0.5500006675720215,0.0314856624516114,5009,3,5,SIDE_NORMAL_X_POS,1709,4,20.52719718256817,0.0043313369915113,-2.40619786002846,1.691612217500831e-05,3.178805424460771e-07,-3.207442060386626e-07,-2.5634161956883416e-07,0.0,0.0,0.0,0.0,,0.0,0.0,0.0,5.628559971130871e-07,2.2529562530985945e-06,0.0,0.0300238778521007,-0.0111357055983819,3.4910656215386374e-05,0.9722639197864978,,0,0,AMBIGUOUS,,False,False
BH032,56,0.5600007176399231,0.0331381715878672,5009,3,5,SIDE_NORMAL_X_POS,1709,4,20.52719718256817,0.0074996975704403,-2.52088076500414,1.724940246342776e-05,2.950697496449667e-07,-6.902840507223102e-07,-1.6733246099417324e-07,0.0,0.0,0.0,0.0,,0.0,0.0,0.0,6.902840507223102e-07,2.2529562530985945e-06,0.0,0.032854260854505,-0.0117563757281027,3.6759163890455e-05,0.9726739516735446,,0,0,AMBIGUOUS,,False,False
BH032,57,0.5700010061264038,0.034807944500197,5009,3,5,SIDE_NORMAL_X_POS,1709,4,20.52719718256817,0.002481835957218,-2.6506746384888245,1.827761377286175e-05,-6.152487562144864e-07,-4.402212351992201e-07,-9.932924662613485e-07,0.0,0.0,0.0,0.0,,0.0,0.0,0.0,6.902840507223102e-07,2.2529562530985945e-06,0.0,0.0354191275437669,-0.0122965192869964,3.866268728008829e-05,0.9726642867678346,,0,0,AMBIGUOUS,,False,False
BH032,58,0.580001175403595,0.0365971103756832,5009,3,5,SIDE_NORMAL_X_POS,1709,4,20.52719718256817,0.0073098963710333,-2.8005521764464185,1.966692333805509e-05,2.933192509285416e-07,-1.7252752996329318e-07,-1.3694678194617782e-07,0.0,0.0,0.0,0.0,,0.0,0.0,0.0,6.902840507223102e-07,2.2529562530985945e-06,0.0,0.035211787979188,-0.0129331718428731,4.061764882536634e-05,0.9728766147318316,,0,0,AMBIGUOUS,,False,False
BH032,59,0.590001106262207,0.038399949261707,5009,3,5,SIDE_NORMAL_X_POS,1709,4,20.52719718256817,0.0090608087684801,-2.9168737322040865,2.0398722493479825e-05,4.872721235366328e-07,-2.499821980440213e-07,6.392140186924761e-08,0.0,0.0,0.0,0.0,,0.0,0.0,0.0,6.902840507223102e-07,2.2529562530985945e-06,0.0,0.0382985914896871,-0.0136116323990159,4.263292537341103e-05,0.9731205597051764,,0,0,AMBIGUOUS,,False,False
BH032,60,0.6000012755393982,0.0402430336423061,5009,3,5,SIDE_NORMAL_X_POS,1709,4,20.52719718256817,0.0122441324405298,-3.056315689668794,2.157765900990637e-05,1.1086336668211262e-06,-1.78114370752368e-08,7.244062298118216e-07,0.0,0.0,0.0,0.0,,0.0,0.0,0.0,6.902840507223102e-07,2.2529562530985945e-06,0.0,0.038406637911463,-0.0142241732470918,4.470838798050299e-05,0.973336955914454,,0,0,AMBIGUOUS,,False,False
BH032,61,0.6100014448165894,0.0422066217448756,5009,3,5,SIDE_NORMAL_X_POS,1709,4,20.52719718256817,0.0177071045138268,-3.199543972329013,2.2333719210287023e-05,4.801860186066551e-07,-1.8138468037934792e-07,2.0414487109355578e-07,0.0,0.0,0.0,0.0,,0.0,0.0,0.0,6.902840507223102e-07,2.2529562530985945e-06,0.0,0.0414782122950303,-0.0148664123412411,4.684354214102044e-05,0.97365549552427,,0,0,AMBIGUOUS,,False,False
BH032,62,0.6200001239776611,0.0441757540041041,5009,3,5,SIDE_NORMAL_X_POS,1709,4,20.52719718256817,0.0067742862757802,-3.3374858001967085,2.346029209741673e-05,-4.433277419448663e-08,-1.0140416809873977e-07,-4.890238336789285e-07,0.0,0.0,0.0,0.0,,0.0,0.0,0.0,6.902840507223102e-07,2.2529562530985945e-06,0.0,0.0441643828758262,-0.0155866634353523,4.904267063750639e-05,0.9737867387040896,,0,0,AMBIGUOUS,,False,False
BH032,63,0.6300002932548523,0.046194124641131,5009,3,5,SIDE_NORMAL_X_POS,1709,4,20.52719718256817,0.0236317536448522,-3.4917972081663247,2.462271416475121e-05,-3.592958020149501e-07,5.040656289509641e-08,-6.314032070195994e-07,0.0,0.0,0.0,0.0,,0.0,0.0,0.0,6.902840507223102e-07,2.2529562530985945e-06,0.0,0.0443993829957778,-0.0163348255675774,5.130540164985606e-05,0.9742272115830788,,0,0,AMBIGUOUS,,False,False
BH032,64,0.6400004625320435,0.0482368961433459,5009,3,5,SIDE_NORMAL_X_POS,1709,4,20.52719718256817,0.0140376742632663,-3.660258042581252,2.6143294584395272e-05,-4.597974294828284e-07,2.740292721597468e-07,-9.307052520096844e-07,0.0,0.0,0.0,0.0,,0.0,0.0,0.0,6.902840507223102e-07,2.2529562530985945e-06,0.0,0.0476747696327267,-0.0170214705862257,5.361027459756086e-05,0.9743265756366248,,0,0,AMBIGUOUS,,False,False
BH032,65,0.6500006318092346,0.0503650606881482,5009,3,5,SIDE_NORMAL_X_POS,1709,4,20.52719718256817,0.0100467486879894,-3.809059835983581,2.672201110696284e-05,1.623483575000282e-06,-1.5822441538857276e-07,1.14260232457216e-06,0.0,0.0,0.0,0.0,,0.0,0.0,0.0,6.902840507223102e-07,2.2529562530985945e-06,0.0,0.0501852839895312,-0.0177470318486449,5.601659830722154e-05,0.974741858769282,,0,0,AMBIGUOUS,,False,False
BH032,66,0.6600008010864258,0.0526023667010388,5009,3,5,SIDE_NORMAL_X_POS,1709,4,20.52719718256817,0.0062885592111926,-3.991398299682252,2.806624360811973e-05,-4.996713670611029e-07,-1.5752725262867118e-07,-1.0896620972096618e-06,0.0,0.0,0.0,0.0,,0.0,0.0,0.0,6.902840507223102e-07,2.2529562530985945e-06,0.0,0.0502521922807723,-0.0185567199420109,5.841611993958989e-05,0.9752100896349224,,0,0,AMBIGUOUS,,False,False
BH032,67,0.6700009703636169,0.0548499343749948,5009,3,5,SIDE_NORMAL_X_POS,1709,4,20.52719718256817,0.0241390338406475,-4.15828724051277,2.94003098563205e-05,-5.253169793792672e-07,-1.5229550891504844e-08,-1.0300756882957682e-06,0.0,0.0,0.0,0.0,,0.0,0.0,0.0,6.902840507223102e-07,2.2529562530985945e-06,0.0,0.0520338130765113,-0.0193370825511511,6.093166700816329e-05,0.9754532228595768,,0,0,AMBIGUOUS,,False,False
BH032,68,0.6800011396408081,0.0571516100119179,5009,3,5,SIDE_NORMAL_X_POS,1709,4,20.52719718256817,0.0191948102685445,-4.314461889550513,3.032284191456108e-05,-7.851827850553886e-07,-2.5969563334138135e-07,-1.4115680299708964e-06,0.0,0.0,0.0,0.0,,0.0,0.0,0.0,6.902840507223102e-07,2.2529562530985945e-06,0.0,0.0554492808327608,-0.0201621020762156,6.349487276082085e-05,0.9758400486224226,,0,0,AMBIGUOUS,,False,False
BH032,69,0.6900013089179993,0.0595037691238824,5009,3,5,SIDE_NORMAL_X_POS,1709,4,20.52719718256817,0.0079252220852809,-4.506874252782332,3.117614427221735e-05,-1.5422041021530318e-06,-6.052903935050444e-07,-2.115347466938837e-06,0.0,0.0,0.0,0.0,,0.0,0.0,0.0,6.902840507223102e-07,2.2529562530985945e-06,0.0,0.0596201221046591,-0.0209779965030063,6.610746350723148e-05,0.9762982781763896,,0,0,AMBIGUOUS,,False,False
BH032,70,0.699999988079071,0.0619285679905122,5009,3,5,SIDE_NORMAL_X_POS,1709,4,20.52719718256817,0.0146722094356229,-4.694145834963486,3.2526108365339055e-05,3.385505474850923e-07,-5.800243171522325e-07,-2.1814864835162026e-07,0.0,0.0,0.0,0.0,,0.0,0.0,0.0,6.902840507223102e-07,2.2529562530985945e-06,0.0,0.0602886964154716,-0.0217897013753386,6.882087375105001e-05,0.97661215910577,,0,0,AMBIGUOUS,,False,False
BH032,71,0.7100001573562622,0.0644184868988798,5009,3,5,SIDE_NORMAL_X_POS,1709,4,20.52719718256817,0.013661644417604,-4.868146086266046,3.384407708282585e-05,1.616611456974984e-06,-5.494537647290836e-07,9.68295337693654e-07,0.0,0.0,0.0,0.0,,0.0,0.0,0.0,6.902840507223102e-07,2.2529562530985945e-06,0.0,0.0641546117111368,-0.0226623249865139,7.156960931629712e-05,0.9770777803698726,,0,0,AMBIGUOUS,,False,False
BH032,72,0.7200003266334534,0.0669499238242739,5009,3,5,SIDE_NORMAL_X_POS,1709,4,20.52719718256817,0.0111773965679135,-5.074631343584524,3.6258844337617554e-05,1.389367056989956e-06,3.526758952452486e-07,6.385585696819116e-07,0.0,0.0,0.0,0.0,,0.0,0.0,0.0,6.902840507223102e-07,2.2529562530985945e-06,0.0,0.0662627145102327,-0.0235586451684665,7.436716171357336e-05,0.9774845020357388,,0,0,AMBIGUOUS,,False,False
BH032,73,0.7300004959106445,0.0695442774057586,5009,3,5,SIDE_NORMAL_X_POS,1709,4,20.52719718256817,0.0250037425775956,-5.273864385060357,3.740656310822903e-05,9.087353340388432e-07,1.4343000759961153e-07,2.737229314555867e-07,0.0,0.0,0.0,0.0,,0.0,0.0,0.0,6.902840507223102e-07,2.2529562530985945e-06,0.0,0.0681941665904177,-0.0244624350228733,7.727556501621941e-05,0.977924497148594,,0,0,AMBIGUOUS,,False,False
BH032,74,0.7400006651878357,0.0722135500640371,5009,3,5,SIDE_NORMAL_X_POS,1709,4,20.52719718256817,0.011973874755071,-5.466167552590422,3.864041946667729e-05,8.809449908594134e-08,-2.6878385354262588e-08,-7.118662975120517e-07,0.0,0.0,0.0,0.0,,0.0,0.0,0.0,6.902840507223102e-07,2.2529562530985945e-06,0.0,0.0689337856161314,-0.0253973017135473,8.021392415954822e-05,0.978243626955336,,0,0,AMBIGUOUS,,False,False
BH032,75,0.7500008344650269,0.0749421044453527,5009,3,5,SIDE_NORMAL_X_POS,1709,4,20.52719718256817,0.0194019792357952,-5.65821799644394,3.991998533312529e-05,5.495404311077403e-07,4.1131715516825066e-08,-8.309215637346701e-08,0.0,0.0,0.0,0.0,,0.0,0.0,0.0,6.902840507223102e-07,2.2529562530985945e-06,0.0,0.0731466390123326,-0.0263298298533166,8.324761544245396e-05,0.9786568184924084,-1013716.2810017428,1,1,AMBIGUOUS,,False,False
BH032,76,0.760001003742218,0.0777224682094641,5009,3,5,SIDE_NORMAL_X_POS,1709,4,20.52719718256817,0.0046713181367457,-5.905829979004864,4.190296380245687e-05,-1.373926280989128e-06,-3.672592468055329e-09,-2.4245629260634047e-06,0.0,0.0,0.0,0.0,,0.0,0.0,0.0,6.902840507223102e-07,2.4245629260634047e-06,0.0,0.0752658992600905,-0.0273001375576932,8.633518093334619e-05,0.9790936256600974,,0,0,AMBIGUOUS,,False,False
BH032,77,0.7700011730194092,0.0805700676964747,5009,3,5,SIDE_NORMAL_X_POS,1709,4,20.52719718256817,0.026176696713898,-6.094020903164099,4.330027749685442e-05,1.5710343680417672e-06,2.1556773719951465e-07,7.918379716307104e-07,0.0,0.0,0.0,0.0,,0.0,0.0,0.0,6.902840507223102e-07,2.4245629260634047e-06,0.0,0.0765941770015351,-0.0283113675745978,8.944698060970738e-05,0.9794308713209172,,0,0,AMBIGUOUS,,False,False
BH032,78,0.7800013422966003,0.0834784871897777,5009,3,5,SIDE_NORMAL_X_POS,1709,4,20.52719718256817,0.0283009800312386,-6.311591193140475,4.437088967404949e-05,-9.750354365439817e-07,-1.8469437573670922e-07,-1.7064800404073e-06,0.0,0.0,0.0,0.0,,0.0,0.0,0.0,6.902840507223102e-07,2.4245629260634047e-06,0.0,0.0813870796141715,-0.0292982239492363,9.272760641360842e-05,0.979911943158457,,0,0,AMBIGUOUS,,False,False
BH032,79,0.7900000214576721,0.0864461060783915,5009,3,5,SIDE_NORMAL_X_POS,1709,4,20.52719718256817,0.0312733181763881,-6.530421286802583,4.542528289184756e-05,1.6008916798720138e-07,-6.765041136129056e-07,-5.843618582562836e-07,0.0,0.0,0.0,0.0,,0.0,0.0,0.0,6.902840507223102e-07,2.4245629260634047e-06,0.0,0.0836096444641108,-0.0303474691553516,9.598495114671888e-05,0.980251756551557,,0,0,AMBIGUOUS,,False,False
BH032,80,0.8000001907348633,0.0894645444779807,5009,3,5,SIDE_NORMAL_X_POS,1709,4,20.52719718256817,0.0239542799435881,-6.771044744451296,4.778093151573816e-05,7.056367550081646e-07,-1.9726099871832288e-08,-1.2498152142500964e-07,0.0,0.0,0.0,0.0,,0.0,0.0,0.0,6.902840507223102e-07,2.4245629260634047e-06,0.0,0.0874225967671157,-0.0313968186695917,9.936050505206752e-05,0.9806785294703652,,0,0,AMBIGUOUS,,False,False
BH032,81,0.8100003600120544,0.0925687385905334,5009,3,5,SIDE_NORMAL_X_POS,1709,4,20.52719718256817,0.0279305167002237,-6.983784197508622,4.902582644398827e-05,3.678906802599116e-07,-1.565340625314321e-07,-3.463957648256692e-07,0.0,0.0,0.0,0.0,,0.0,0.0,0.0,6.902840507223102e-07,2.4245629260634047e-06,0.0,0.0911485651886068,-0.0324453514139618,0.0001027876883965,0.9810389848382622,,0,0,AMBIGUOUS,,False,False
BH032,82,0.8200005292892456,0.0956907501732978,5009,3,5,SIDE_NORMAL_X_POS,1709,4,20.52719718256817,0.0285955014620729,-7.224893552188281,5.095285370840052e-05,-6.128338948832536e-07,-1.149354087891832e-08,-1.4378558884525791e-06,0.0,0.0,0.0,0.0,,0.0,0.0,0.0,6.902840507223102e-07,2.4245629260634047e-06,0.0,0.0940749714396555,-0.0335049599116714,0.0001062706121546,0.9814247346616252,,0,0,AMBIGUOUS,,False,False
BH032,83,0.8300006985664368,0.0989297827447724,5009,3,5,SIDE_NORMAL_X_POS,1709,4,20.52719718256817,0.0367811073515526,-7.471536601710065,5.214302459935265e-05,1.3492903140101264e-06,-5.919820002038854e-07,5.150973715870347e-07,0.0,0.0,0.0,0.0,,0.0,0.0,0.0,6.902840507223102e-07,2.4245629260634047e-06,0.0,0.0962587341649168,-0.034623721360683,0.0001098675551436,0.981826998843784,,0,0,AMBIGUOUS,,False,False
BH032,84,0.8400008678436279,0.1021813224775532,5009,3,5,SIDE_NORMAL_X_POS,1709,4,20.52719718256817,0.022699710290369,-7.718769498756169,5.4466826456853e-05,6.151625632817717e-07,-1.4769887225048674e-07,-4.869027953543516e-07,0.0,0.0,0.0,0.0,,0.0,0.0,0.0,6.902840507223102e-07,2.4245629260634047e-06,0.0,0.0991631248454193,-0.0357922908706028,0.0001134910871104,0.9821750628747196,,0,0,AMBIGUOUS,,False,False
BH032,85,0.8500010371208191,0.1055376172869245,5009,3,5,SIDE_NORMAL_X_POS,1709,4,20.52719718256817,0.0393146473077754,-7.952915600891271,5.568600313056794e-05,8.690718466465466e-07,-3.3753540981666826e-07,9.136451506230925e-08,0.0,0.0,0.0,0.0,,0.0,0.0,0.0,6.902840507223102e-07,2.4245629260634047e-06,0.0,0.1023589938250481,-0.0369755417490862,0.0001171996429145,0.9825615606134178,,0,0,AMBIGUOUS,,False,False
BH032,86,0.8600012063980103,0.1089473620913933,5009,3,5,SIDE_NORMAL_X_POS,1709,4,20.52719718256817,0.0456852062064205,-8.224923524470109,5.7963030187404606e-05,5.298209430238819e-07,-3.104807211524961e-07,-5.735835322032395e-07,0.0,0.0,0.0,0.0,,0.0,0.0,0.0,6.902840507223102e-07,2.4245629260634047e-06,0.0,0.1061675128120901,-0.0381344730020112,0.0001210039791878,0.9828735454264452,,0,0,AMBIGUOUS,,False,False
BH032,87,0.8700013756752014,0.1124075430088244,5009,3,5,SIDE_NORMAL_X_POS,1709,4,20.52719718256817,0.0401770519528316,-8.490675344961595,5.994060406640202e-05,2.706797489110445e-07,-6.847637098023301e-09,-7.077461694376984e-07,0.0,0.0,0.0,0.0,,0.0,0.0,0.0,6.902840507223102e-07,2.4245629260634047e-06,0.0,0.1094430822325996,-0.0393356518394423,0.0001248864598037,0.983206888138866,,0,0,AMBIGUOUS,,False,False
BH032,88,0.8800000548362732,0.1159064111952736,5009,3,5,SIDE_NORMAL_X_POS,1709,4,20.52719718256817,0.0357525994740395,-8.742009518124641,6.174759049067963e-05,1.0728842138351996e-06,-8.283724753592579e-08,-8.17685178922025e-08,0.0,0.0,0.0,0.0,,0.0,0.0,0.0,6.902840507223102e-07,2.4245629260634047e-06,0.0,0.1122984845043685,-0.0405392763298707,0.0001288013706887,0.98355492969653,,0,0,AMBIGUOUS,,False,False
BH032,89,0.8900002241134644,0.1195138819097265,5009,3,5,SIDE_NORMAL_X_POS,1709,4,20.52719718256817,0.0333371996409643,-9.006593087658505,6.361540929596188e-05,-5.510636477005289e-07,-4.836227886697718e-08,-1.7268378448103393e-06,0.0,0.0,0.0,0.0,,0.0,0.0,0.0,6.902840507223102e-07,2.4245629260634047e-06,0.0,0.1170899872070637,-0.0417740535593537,0.0001328396392481,0.9838866310690172,,0,0,AMBIGUOUS,,False,False
BH032,90,0.9000003933906555,0.1231724760752705,5009,3,5,SIDE_NORMAL_X_POS,1709,4,20.52719718256817,0.0385704647422477,-9.269214949257815,6.524110779033305e-05,1.745548273236698e-06,-2.327370852068964e-07,6.112339093075029e-07,0.0,0.0,0.0,0.0,,0.0,0.0,0.0,6.902840507223102e-07,2.4245629260634047e-06,0.0,0.1201572127077286,-0.0430491812693233,0.0001369047942871,0.984165438305078,,0,0,AMBIGUOUS,,False,False
BH032,91,0.9100005626678468,0.1269082495014405,5009,3,5,SIDE_NORMAL_X_POS,1709,4,20.52719718256817,0.041298371706487,-9.568633378162357,6.74869576398359e-05,1.972988847778658e-06,-1.0675845991305469e-07,8.073724015245966e-07,0.0,0.0,0.0,0.0,,0.0,0.0,0.0,6.902840507223102e-07,2.4245629260634047e-06,0.0,0.1233516601773248,-0.0443258791891,0.0001411107860617,0.9845149024498246,,0,0,AMBIGUOUS,,False,False
BH032,92,0.9200007319450378,0.1306668600852393,5009,3,5,SIDE_NORMAL_X_POS,1709,4,20.52719718256817,0.0451060800668474,-9.844421666472636,6.955016269469005e-05,1.972838621058543e-06,-2.841949032021381e-08,7.550473107901211e-07,0.0,0.0,0.0,0.0,,0.0,0.0,0.0,6.902840507223102e-07,2.4245629260634047e-06,0.0,0.1266960902864573,-0.0456313987476067,0.0001453265118403,0.9847934682983492,,0,0,AMBIGUOUS,,False,False
BH032,93,0.930000901222229,0.1345337423993864,5009,3,5,SIDE_NORMAL_X_POS,1709,4,20.52719718256817,0.0494270216364926,-10.136265060800527,7.168277088480472e-05,2.2897691602253027e-06,1.3105521914780617e-07,1.1460632810750336e-06,0.0,0.0,0.0,0.0,,0.0,0.0,0.0,6.902840507223102e-07,2.4245629260634047e-06,0.0,0.1310507889114355,-0.0469604919423153,0.0001496944139098,0.9850730327274568,,0,0,AMBIGUOUS,,False,False
BH032,94,0.9400010704994202,0.1384326453927102,5009,3,5,SIDE_NORMAL_X_POS,1709,4,20.52719718256817,0.0411038221592584,-10.451120614807955,7.373267632695334e-05,1.923726151939145e-06,-2.119493515230687e-07,5.059975032003562e-07,0.0,0.0,0.0,0.0,,0.0,0.0,0.0,6.902840507223102e-07,2.4245629260634047e-06,0.0,0.1337248560394086,-0.0483171643914819,0.0001541045532566,0.9853094335774524,,0,0,AMBIGUOUS,,False,False
BH032,95,0.9500012397766112,0.142405338629365,5009,3,5,SIDE_NORMAL_X_POS,1709,4,20.52719718256817,0.0432259671601141,-10.73023341155764,7.592595247351255e-05,1.8932063806430884e-06,-5.353284224056658e-09,4.3281798739019646e-07,0.0,0.0,0.0,0.0,,0.0,0.0,0.0,6.902840507223102e-07,2.4245629260634047e-06,0.0,0.1375792507429746,-0.0496729055181058,0.0001585805763755,0.9855891469109992,,0,0,AMBIGUOUS,,False,False
BH032,96,0.9600014090538024,0.1464637265473829,5009,3,5,SIDE_NORMAL_X_POS,1709,4,20.52719718256817,0.048029199679943,-11.045788962465393,7.769360362245271e-05,1.0320579694832578e-07,-3.7995878241945617e-07,-1.2849776068794513e-06,0.0,0.0,0.0,0.0,,0.0,0.0,0.0,6.902840507223102e-07,2.4245629260634047e-06,0.0,0.1423328661251333,-0.0510484623944716,0.0001631892399576,0.9858282831307098,,0,0,AMBIGUOUS,,False,False
BH032,97,0.9700000882148744,0.1505628774024313,5009,3,5,SIDE_NORMAL_X_POS,1709,4,20.52719718256817,0.0477349762723122,-11.348683534015269,7.984962066020784e-05,2.093918087641876e-06,-4.382981089966063e-07,5.83085795134036e-07,0.0,0.0,0.0,0.0,,0.0,0.0,0.0,6.902840507223102e-07,2.4245629260634047e-06,0.0,0.1450935333730493,-0.0524820965446024,0.0001678202686467,0.9860451497579976,,0,0,AMBIGUOUS,,False,False
BH032,98,0.9800002574920654,0.1547356178232285,5009,3,5,SIDE_NORMAL_X_POS,1709,4,20.52719718256817,0.0625872047613492,-11.654609836009456,8.223865219615549e-05,1.2030084662982142e-06,-7.572347636510847e-08,-1.1691761559357333e-07,0.0,0.0,0.0,0.0,,0.0,0.0,0.0,6.902840507223102e-07,2.4245629260634047e-06,0.0,0.1505651597007579,-0.0538838776011266,0.000172591227722,0.986297056358724,,0,0,AMBIGUOUS,,False,False
BH032,99,0.9900004267692566,0.1589780763159982,5009,3,5,SIDE_NORMAL_X_POS,1709,4,20.52719718256817,0.0582922768920775,-11.97341074039377,8.460687555295025e-05,1.0040659716434915e-06,1.7944402366812062e-08,-4.164111423555031e-07,0.0,0.0,0.0,0.0,,0.0,0.0,0.0,6.902840507223102e-07,2.4245629260634047e-06,0.0,0.1550946468051444,-0.0553819266749259,0.0001773792405568,0.9864904727787268,,0,0,AMBIGUOUS,,False,False
BH032,100,1.0000005960464478,0.1632746164956347,5009,3,5,SIDE_NORMAL_X_POS,1709,4,20.52719718256817,0.0449408448269707,-12.315496555293446,8.705430574070684e-05,1.058374590014134e-06,-1.225657025760203e-07,-6.776853316182584e-07,0.0,0.0,0.0,0.0,,0.0,0.0,0.0,6.902840507223102e-07,2.4245629260634047e-06,0.0,0.1578005976053288,-0.0568473319622797,0.0001823301740437,0.986739828011084,312549.978708396,1,1,AMBIGUOUS,,False,False
BH032,101,1.0100009441375732,0.1674804395724671,5009,3,5,SIDE_NORMAL_X_POS,1709,4,20.52719718256817,0.0555260404185813,-12.608811468990815,8.870847888168907e-05,1.8404179048575522e-07,-3.125614333074708e-07,-1.2954950032143691e-06,0.0,0.0,0.0,0.0,,0.0,0.0,0.0,6.902840507223102e-07,2.4245629260634047e-06,0.0,0.1619801654137353,-0.0582868315817847,0.0001870892713733,0.9868990456750456,,0,0,AMBIGUOUS,,False,False
BH032,102,1.0200012922286987,0.1717239737889124,5009,3,5,SIDE_NORMAL_X_POS,1709,4,20.52719718256817,0.0624932380452935,-12.93201930208956,9.151223478687131e-05,1.1846706724118606e-06,1.2740054557063636e-07,-3.763441669742823e-07,0.0,0.0,0.0,0.0,,0.0,0.0,0.0,6.902840507223102e-07,2.4245629260634047e-06,0.0,0.1669568622797262,-0.0597803581533165,0.0001920074915952,0.9871261988764912,,0,0,AMBIGUOUS,,False,False
BH032,103,1.03000009059906,0.1760547433118138,5009,3,5,SIDE_NORMAL_X_POS,1709,4,20.52719718256817,0.065259757640833,-13.266577766125137,9.400289674026204e-05,1.0897815157435748e-06,1.9589838752899526e-07,-5.616579169234119e-07,0.0,0.0,0.0,0.0,,0.0,0.0,0.0,6.902840507223102e-07,2.4245629260634047e-06,0.0,0.1717223792540899,-0.0611937574585612,0.00019702308094,0.9872524530215808,,0,0,AMBIGUOUS,,False,False
BH032,104,1.0400004386901855,0.1804386413915701,5009,3,5,SIDE_NORMAL_X_POS,1709,4,20.52719718256817,0.064716818968742,-13.583787941858583,9.569572366026145e-05,2.151256610369388e-06,-2.730358634365853e-07,5.27000041757454e-07,0.0,0.0,0.0,0.0,,0.0,0.0,0.0,6.902840507223102e-07,2.4245629260634047e-06,0.0,0.1743527162283915,-0.0627219394732308,0.0002020792524245,0.9874266206024715,,0,0,AMBIGUOUS,,False,False
BH032,105,1.050000786781311,0.1848897938211736,5009,3,5,SIDE_NORMAL_X_POS,1709,4,20.52719718256817,0.0679910955972023,-13.93236351003713,9.821295767727822e-05,1.0751123385652748e-06,-2.315370054827026e-07,-5.927376047076697e-07,0.0,0.0,0.0,0.0,,0.0,0.0,0.0,6.902840507223102e-07,2.4245629260634047e-06,0.0,0.1800924004023092,-0.06423774514263,0.0002072454985189,0.9875910361532436,,0,0,AMBIGUOUS,,False,False
BH032,106,1.0600011348724363,0.189415086915369,5009,3,5,SIDE_NORMAL_X_POS,1709,4,20.52719718256817,0.060147273893338,-14.26375577555899,0.000100744123359,9.439983306145142e-07,-2.014427420836027e-08,-8.071145828036073e-07,0.0,0.0,0.0,0.0,,0.0,0.0,0.0,6.902840507223102e-07,2.4245629260634047e-06,0.0,0.1862754260779629,-0.0657730471181388,0.000212518538653,0.9876964272066268,,0,0,AMBIGUOUS,,False,False
BH032,107,1.070001482963562,0.19397066647186,5009,3,5,SIDE_NORMAL_X_POS,1709,4,20.52719718256817,0.0730769509714668,-14.63405508950381,0.0001034891553174,3.188620382136556e-06,-9.383196097904532e-08,1.2678361485910666e-06,0.0,0.0,0.0,0.0,,0.0,0.0,0.0,6.902840507223102e-07,2.4245629260634047e-06,0.0,0.1884232749569227,-0.0673613003681375,0.0002178794629574,0.9878555907795328,,0,0,AMBIGUOUS,,False,False
BH032,108,1.0800002813339231,0.1986165213625741,5009,3,5,SIDE_NORMAL_X_POS,1709,4,20.52719718256817,0.0651071623100736,-14.98327820249887,0.0001059605774728,3.5720814389525587e-06,-5.42665437354168e-08,1.578334414310226e-06,0.0,0.0,0.0,0.0,,0.0,0.0,0.0,6.902840507223102e-07,2.4245629260634047e-06,0.0,0.1934986632378426,-0.0689440904801005,0.000223281796421,0.9879635492706482,,0,0,AMBIGUOUS,,False,False
BH032,109,1.0900006294250488,0.2033019054912728,5009,3,5,SIDE_NORMAL_X_POS,1709,4,20.52719718256817,0.0618966104930964,-15.34300603737002,0.0001082219243089,1.403531934562885e-06,-2.2858942403231305e-07,-5.614796242329589e-07,0.0,0.0,0.0,0.0,,0.0,0.0,0.0,6.902840507223102e-07,2.4245629260634047e-06,0.0,0.1971249019259582,-0.070554762526348,0.0002288567338174,0.9881240983931474,,0,0,AMBIGUOUS,,False,False
BH032,110,1.1000009775161743,0.2080737529684621,5009,3,5,SIDE_NORMAL_X_POS,1709,4,20.52719718256817,0.0598255392187363,-15.71076857780686,0.0001113284062851,2.1783710298741744e-06,9.492044223609093e-08,-4.179142338450476e-08,0.0,0.0,0.0,0.0,,0.0,0.0,0.0,6.902840507223102e-07,2.4245629260634047e-06,0.0,0.2028261975822632,-0.0721688748780683,0.000234426107233,0.9882144636484074,,0,0,AMBIGUOUS,,False,False
BH032,111,1.1100013256072998,0.2129081835393834,5009,3,5,SIDE_NORMAL_X_POS,1709,4,20.52719718256817,0.0694042024188,-16.06926235819706,0.00011313244583,2.7509947185945342e-06,-5.112386259272683e-07,6.649132161793184e-07,0.0,0.0,0.0,0.0,,0.0,0.0,0.0,6.902840507223102e-07,2.4245629260634047e-06,0.0,0.2076821589055087,-0.0738149502194554,0.000240135607858,0.9883405486324864,,0,0,AMBIGUOUS,,False,False
BH032,112,1.1200001239776611,0.2177663272760303,5009,3,5,SIDE_NORMAL_X_POS,1709,4,20.52719718256817,0.0688019571292175,-16.440800494994086,0.0001165099028369,2.369717296545461e-06,9.955933515343013e-08,8.10497311066311e-08,0.0,0.0,0.0,0.0,,0.0,0.0,0.0,6.902840507223102e-07,2.4245629260634047e-06,0.0,0.2115505027753201,-0.0754955999789191,0.0002459482778458,0.9884648768950188,,0,0,AMBIGUOUS,,False,False
BH032,113,1.1300004720687866,0.2226996489068041,5009,3,5,SIDE_NORMAL_X_POS,1709,4,20.52719718256817,0.0722303415561947,-16.798559946210926,0.0001189414986348,1.575410771081508e-06,1.5047606065737005e-07,-5.972457585395169e-07,0.0,0.0,0.0,0.0,,0.0,0.0,0.0,6.902840507223102e-07,2.4245629260634047e-06,0.0,0.2177523914569085,-0.0771514188167484,0.0002518173729614,0.9885696007667156,,0,0,AMBIGUOUS,,False,False
BH032,114,1.140000820159912,0.2277493344046171,5009,3,5,SIDE_NORMAL_X_POS,1709,4,20.52719718256817,0.078946696777832,-17.167149322223487,0.0001209746460389,1.0300887105661911e-06,-4.517671971756069e-07,-1.1836792328304409e-06,0.0,0.0,0.0,0.0,,0.0,0.0,0.0,6.902840507223102e-07,2.4245629260634047e-06,0.0,0.2220213881238167,-0.0788549008796698,0.0002577961377556,0.9886934091836196,,0,0,AMBIGUOUS,,False,False
BH032,115,1.1500011682510376,0.2327782259298955,5009,3,5,SIDE_NORMAL_X_POS,1709,4,20.52719718256817,0.0793286135130854,-17.555653323947947,0.0001238752976381,1.101720989861389e-06,-2.750245166367336e-07,-1.147804362090939e-06,0.0,0.0,0.0,0.0,,0.0,0.0,0.0,6.902840507223102e-07,2.4245629260634047e-06,0.0,0.2271580671339259,-0.0805772720264031,0.0002639180991782,0.9887992980786884,,0,0,AMBIGUOUS,,False,False
BH032,116,1.159999966621399,0.2378992065869993,5009,3,5,SIDE_NORMAL_X_POS,1709,4,20.52719718256817,0.0716945703421473,-17.953629218334534,0.0001267444218806,2.4492036664267307e-06,-2.2741235165103053e-07,7.638179829529438e-08,0.0,0.0,0.0,0.0,,0.0,0.0,0.0,6.902840507223102e-07,2.4245629260634047e-06,0.0,0.2320538375738637,-0.0823413831868568,0.0002702576443512,0.988950013162641,,0,0,AMBIGUOUS,,False,False
BH032,117,1.1700003147125244,0.2430485981576775,5009,3,5,SIDE_NORMAL_X_POS,1709,4,20.52719718256817,0.077171067080947,-18.33884876593814,0.0001294515948843,3.6692934083826408e-06,-3.99564972057494e-07,1.1178098172210087e-06,0.0,0.0,0.0,0.0,,0.0,0.0,0.0,6.902840507223102e-07,2.4245629260634047e-06,0.0,0.2356743742699256,-0.0840695639236117,0.0002766538635963,0.9890625398731347,,0,0,AMBIGUOUS,,False,False
BH032,118,1.18000066280365,0.2482923030902549,5009,3,5,SIDE_NORMAL_X_POS,1709,4,20.52719718256817,0.0782965219065505,-18.718832641903088,0.000132266793032,1.950621844772906e-06,-1.0234430427400887e-07,-4.844429306316567e-07,0.0,0.0,0.0,0.0,,0.0,0.0,0.0,6.902840507223102e-07,2.4245629260634047e-06,0.0,0.241631668079727,-0.0858418725850865,0.0002833286268875,0.9892066812365076,,0,0,AMBIGUOUS,,False,False
BH032,119,1.1900010108947754,0.2535523729317561,5009,3,5,SIDE_NORMAL_X_POS,1709,4,20.52719718256817,0.0815688241312878,-19.15250074881212,0.0001353722245357,1.809632647633251e-06,-2.3036809223818421e-07,-8.385620106585189e-07,0.0,0.0,0.0,0.0,,0.0,0.0,0.0,6.902840507223102e-07,2.4245629260634047e-06,0.0,0.246395121066661,-0.0876300826476561,0.0002900945945967,0.989315296530708,,0,0,AMBIGUOUS,,False,False
BH032,120,1.2000013589859009,0.2589022640282859,5009,3,5,SIDE_NORMAL_X_POS,1709,4,20.52719718256817,0.0958765456011255,-19.53773936990073,0.0001383568102081,1.7564619218960798e-06,1.054593441822112e-07,-7.786498947537335e-07,0.0,0.0,0.0,0.0,,0.0,0.0,0.0,6.902840507223102e-07,2.4245629260634047e-06,0.0,0.2510924407276809,-0.0893844987404399,0.0002970827657434,0.9894234122128638,,0,0,AMBIGUOUS,,False,False
BH032,121,1.2100001573562622,0.2642714720820283,5009,3,5,SIDE_NORMAL_X_POS,1709,4,20.52719718256817,0.0908600774792101,-19.935274666783307,0.0001408225457316,4.554368213724415e-06,-1.8136404229585114e-07,1.979961280400484e-06,0.0,0.0,0.0,0.0,,0.0,0.0,0.0,6.902840507223102e-07,2.4245629260634047e-06,0.0,0.2574305819962677,-0.0911825864098977,0.0003041848370121,0.9895325972155684,,0,0,AMBIGUOUS,,False,False
BH032,122,1.2200005054473877,0.2696872877798637,5009,3,5,SIDE_NORMAL_X_POS,1709,4,20.52719718256817,0.0924451138868927,-20.35813382973013,0.0001439724422629,2.6023807422132427e-06,-1.0843547811265607e-07,-1.1504807974620657e-07,0.0,0.0,0.0,0.0,,0.0,0.0,0.0,6.902840507223102e-07,2.4245629260634047e-06,0.0,0.2635805839231748,-0.093055820632684,0.0003114038078387,0.9896224787867552,,0,0,AMBIGUOUS,,False,False
BH032,123,1.2300008535385132,0.2751893478342386,5009,3,5,SIDE_NORMAL_X_POS,1709,4,20.52719718256817,0.0883439495286503,-20.777937420376364,0.0001469551594186,4.628883891118131e-06,-2.3328087789747454e-08,1.887364379547101e-06,0.0,0.0,0.0,0.0,,0.0,0.0,0.0,6.902840507223102e-07,2.4245629260634047e-06,0.0,0.2680618768213824,-0.0948984813990372,0.0003189170339782,0.9897151944891835,,0,0,AMBIGUOUS,,False,False
BH032,124,1.240001201629639,0.2807203558290655,5009,3,5,SIDE_NORMAL_X_POS,1709,4,20.52719718256817,0.0902033460974522,-21.2071022774716,0.0001498278795076,2.9228008465072026e-06,-2.953635454104196e-07,1.595611314364649e-08,0.0,0.0,0.0,0.0,,0.0,0.0,0.0,6.902840507223102e-07,2.4245629260634047e-06,0.0,0.2727007737240836,-0.0967880994479953,0.0003264595698752,0.9897605716541454,,0,0,AMBIGUOUS,,False,False
BH032,125,1.25,0.2862769454030996,5009,3,5,SIDE_NORMAL_X_POS,1709,4,20.52719718256817,0.0944533283423498,-21.636267134566832,0.0001527134016572,2.489282701500714e-06,-3.963546436999872e-07,-4.081201690533378e-07,0.0,0.0,0.0,0.0,,0.0,0.0,0.0,6.902840507223102e-07,2.4245629260634047e-06,0.0,0.2763378464073582,-0.098649902617892,0.0003341973344671,0.9898501895167908,-356139.7516570931,1,1,AMBIGUOUS,,False,False
BH032,126,1.2600003480911257,0.2918973338931909,5009,3,5,SIDE_NORMAL_X_POS,1709,4,20.52719718256817,0.0957158440392316,-22.06823197926336,0.0001560338710517,3.438189064194127e-06,-1.0469994228383147e-07,5.066306736791317e-07,0.0,0.0,0.0,0.0,,0.0,0.0,0.0,6.902840507223102e-07,2.4245629260634047e-06,0.0,0.2828792928858023,-0.1006037837849441,0.0003419697183748,0.9899043301961824,,0,0,AMBIGUOUS,,False,False
BH032,127,1.270000696182251,0.2975642703537763,5009,3,5,SIDE_NORMAL_X_POS,1709,4,20.52719718256817,0.1016412009753653,-22.48993910371483,0.000158744525973,3.015634908082148e-06,-2.129263849113313e-07,2.211800481347233e-07,0.0,0.0,0.0,0.0,,0.0,0.0,0.0,6.902840507223102e-07,2.4245629260634047e-06,0.0,0.2901850937257653,-0.1024776364058987,0.0003498387556741,0.9899808019644292,,0,0,AMBIGUOUS,,False,False
BH032,128,1.2800010442733765,0.3032415228681798,5009,3,5,SIDE_NORMAL_X_POS,1709,4,20.52719718256817,0.0940771113008629,-22.94710574417146,0.0001620801880166,3.246149321691231e-06,-2.484871220914448e-07,1.8832341431272454e-07,0.0,0.0,0.0,0.0,,0.0,0.0,0.0,6.902840507223102e-07,2.4245629260634047e-06,0.0,0.2952149014573527,-0.1044549570987064,0.0003577678246404,0.9900340899834488,,0,0,AMBIGUOUS,,False,False
BH032,129,1.290001392364502,0.3090290609882108,5009,3,5,SIDE_NORMAL_X_POS,1709,4,20.52719718256817,0.1082008779483556,-23.3835967268638,0.0001655099643845,1.75398194846054e-06,8.743778825355304e-08,-1.2828469185789063e-06,0.0,0.0,0.0,0.0,,0.0,0.0,0.0,6.902840507223102e-07,2.4245629260634047e-06,0.0,0.3000008684313888,-0.1064164043300957,0.0003657009039244,0.9901015822499524,,0,0,AMBIGUOUS,,False,False
BH032,130,1.3000001907348633,0.3148150816676634,5009,3,5,SIDE_NORMAL_X_POS,1709,4,20.52719718256817,0.1116094438323018,-23.83674267667771,0.0001683758021182,3.2039707230198866e-06,-2.40749649035567e-07,1.290234755362647e-07,0.0,0.0,0.0,0.0,,0.0,0.0,0.0,6.902840507223102e-07,2.4245629260634047e-06,0.0,0.3060941942345028,-0.1083735916921745,0.0003738197717988,0.9901620735310156,,0,0,AMBIGUOUS,,False,False
BH032,131,1.3100005388259888,0.3206483339507881,5009,3,5,SIDE_NORMAL_X_POS,1709,4,20.52719718256817,0.1157123292745442,-24.294052368272013,0.0001721636580967,2.070949045791348e-06,2.235906173625132e-07,-1.1380260540880607e-06,0.0,0.0,0.0,0.0,,0.0,0.0,0.0,6.902840507223102e-07,2.4245629260634047e-06,0.0,0.313318938188987,-0.1103640738351562,0.0003820616389476,0.9901882995336212,,0,0,AMBIGUOUS,,False,False
BH032,132,1.3200008869171145,0.3265382829491072,5009,3,5,SIDE_NORMAL_X_POS,1709,4,20.52719718256817,0.1158154229512063,-24.748731826281723,0.0001753660507377,3.677460452302045e-06,2.746542388323847e-07,4.608145241987187e-07,0.0,0.0,0.0,0.0,,0.0,0.0,0.0,6.902840507223102e-07,2.4245629260634047e-06,0.0,0.3186132059930754,-0.1123787237981219,0.0003901778913085,0.990234406548648,,0,0,AMBIGUOUS,,False,False
BH032,133,1.3300012350082395,0.3325324886086938,5009,3,5,SIDE_NORMAL_X_POS,1709,4,20.52719718256817,0.124922155232697,-25.21343821536772,0.0001779668331191,3.947416728320276e-06,-4.662674331712489e-07,6.642726548975126e-07,0.0,0.0,0.0,0.0,,0.0,0.0,0.0,6.902840507223102e-07,2.4245629260634047e-06,0.0,0.3242362510072579,-0.1144831085507255,0.0003984662168259,0.9902579364341336,,0,0,AMBIGUOUS,,False,False
BH032,134,1.340000033378601,0.3385298042818742,5009,3,5,SIDE_NORMAL_X_POS,1709,4,20.52719718256817,0.1207173086019657,-25.68163695956131,0.000181911958153,4.475433577324096e-06,4.130268009135368e-08,9.620656723919718e-07,0.0,0.0,0.0,0.0,,0.0,0.0,0.0,6.902840507223102e-07,2.4245629260634047e-06,0.0,0.3308413918043266,-0.1164955177516534,0.0004067521749141,0.9902673770351492,,0,0,AMBIGUOUS,,False,False
BH032,135,1.3500003814697266,0.3445964770937672,5009,3,5,SIDE_NORMAL_X_POS,1709,4,20.52719718256817,0.1140162568718269,-26.16770946656941,0.0001850107363847,3.973193578787112e-06,-2.6074958334193097e-07,3.726227498768425e-07,0.0,0.0,0.0,0.0,,0.0,0.0,0.0,6.902840507223102e-07,2.4245629260634047e-06,0.0,0.3367116046457512,-0.1186117787293219,0.0004150480928884,0.9902849226136804,,0,0,AMBIGUOUS,,False,False
BH032,136,1.360000729560852,0.3507382621438071,5009,3,5,SIDE_NORMAL_X_POS,1709,4,20.52719718256817,0.1306497514215847,-26.625654305214955,0.0001889845666453,4.462327487642472e-06,4.316719445452897e-07,8.608433166807988e-07,0.0,0.0,0.0,0.0,,0.0,0.0,0.0,6.902840507223102e-07,2.4245629260634047e-06,0.0,0.3445277097649303,-0.120762524718103,0.0004234657033015,0.9902888855470036,,0,0,AMBIGUOUS,,False,False
BH032,137,1.3700010776519775,0.3569153160991524,5009,3,5,SIDE_NORMAL_X_POS,1709,4,20.52719718256817,0.1214458710263412,-27.107299856349343,0.0001917632314948,3.787536217347864e-06,-1.5453603282645538e-07,8.690505404012045e-08,0.0,0.0,0.0,0.0,,0.0,0.0,0.0,6.902840507223102e-07,2.4245629260634047e-06,0.0,0.353623043075927,-0.1228900248962173,0.0004318753027694,0.9902981271897509,,0,0,AMBIGUOUS,,False,False
BH032,138,1.380001425743103,0.3631640577517572,5009,3,5,SIDE_NORMAL_X_POS,1709,4,20.52719718256817,0.1278328212011774,-27.60940553486728,0.000195149242416,3.956414419645574e-06,-2.91678752101617e-07,2.475556207236782e-07,0.0,0.0,0.0,0.0,,0.0,0.0,0.0,6.902840507223102e-07,2.4245629260634047e-06,0.0,0.3619004671522282,-0.1250403443392738,0.0004403544111245,0.990275850333464,,0,0,AMBIGUOUS,,False,False
BH032,139,1.3900002241134644,0.3694513550965977,5009,3,5,SIDE_NORMAL_X_POS,1709,4,20.52719718256817,0.1408151887816806,-28.082208618345284,0.0001984335766098,4.538950051532456e-06,-1.9881029590765626e-07,9.96589462468598e-07,0.0,0.0,0.0,0.0,,0.0,0.0,0.0,6.902840507223102e-07,2.4245629260634047e-06,0.0,0.3838869795737802,-0.1271454909137173,0.0004489136543568,0.99028035704117,,0,0,AMBIGUOUS,,False,False
BH032,140,1.4000005722045898,0.3758250881846864,5009,3,5,SIDE_NORMAL_X_POS,1709,4,20.52719718256817,0.1321637092952385,-28.590375850403337,0.0002022736919806,3.2821168683062245e-06,-1.353226806679502e-07,-5.839976107134028e-07,0.0,0.0,0.0,0.0,,0.0,0.0,0.0,6.902840507223102e-07,2.4245629260634047e-06,0.0,0.422985875595891,-0.1293048255589875,0.0004574187373673,0.990289704423049,,0,0,AMBIGUOUS,,False,False
BH032,141,1.410000920295715,0.3823098830270104,5009,3,5,SIDE_NORMAL_X_POS,1709,4,20.52719718256817,0.1316275208487062,-29.096809302672856,0.0002059686267283,4.662945268405546e-06,-6.813132362156003e-10,7.335231037389764e-07,0.0,0.0,0.0,0.0,,0.0,0.0,0.0,6.902840507223102e-07,2.4245629260634047e-06,0.0,0.510662515913203,-0.1314179926831691,0.000466042319747,0.9902928434361622,,0,0,AMBIGUOUS,,False,False
BH032,142,1.4200012683868408,0.3888570806594569,5009,3,5,SIDE_NORMAL_X_POS,1709,4,20.52719718256817,0.1368914003835666,-29.564342382239168,0.000208708842148,2.587711795719664e-06,-4.3381086142044883e-07,-1.246873591790698e-06,0.0,0.0,0.0,0.0,,0.0,0.0,0.0,6.902840507223102e-07,2.4245629260634047e-06,0.0,0.5631484467852037,-0.133388954305655,0.0004745765405418,0.99024477103659,,0,0,AMBIGUOUS,,False,False
BH032,143,1.430000066757202,0.3956173709141694,5009,3,5,SIDE_NORMAL_X_POS,1709,4,20.52719718256817,0.1395822518877437,-30.066415635832563,0.0002122890250225,3.999973339135392e-06,-5.272597350074854e-07,-1.9090996218238364e-08,0.0,0.0,0.0,0.0,,0.0,0.0,0.0,6.902840507223102e-07,2.4245629260634047e-06,0.0,0.7391793089520183,-0.1350450283258609,0.0004829078278257,0.9900092952472442,,0,0,AMBIGUOUS,,False,False
BH032,144,1.4400001764297483,0.4024329837638222,5009,3,5,SIDE_NORMAL_X_POS,1709,4,20.52719718256817,0.1364595945640514,-30.57897549149128,0.0002160581222934,5.432847184891343e-06,-5.871625112298417e-07,1.1062380904159391e-06,0.0,0.0,0.0,0.0,,0.0,0.0,0.0,6.902840507223102e-07,2.4245629260634047e-06,0.0003143883659504,0.9514752555860376,-0.1365325851198938,0.0004925116544595,0.9897642818206432,,0,0,CONTINUED_PLASTIC_LOADING,,False,False
BH032,145,1.4500014781951904,0.4092132214823077,5009,3,5,SIDE_NORMAL_X_POS,1709,4,20.52719718256817,0.1618894525806208,-31.11188866301741,0.0002203160328992,3.5614964972473023e-06,-1.3343264739068528e-07,-7.097793099960885e-07,0.0,0.0,0.0,0.0,,0.0,0.0,0.0,6.902840507223102e-07,2.4245629260634047e-06,0.0010344719048589,0.8752604169299203,-0.1379446489086123,0.0005040175329283,0.989552286248545,,0,0,CONTINUED_PLASTIC_LOADING,,False,False
BH032,146,1.4600006341934204,0.4161858220828773,5009,3,5,SIDE_NORMAL_X_POS,1709,4,20.52719718256817,0.1475898820453981,-31.65450451637444,0.0002241997920386,4.4971403445574895e-06,-3.008049642536808e-07,-1.7331104702473894e-07,0.0,0.0,0.0,0.0,,0.0,0.0,0.0,6.902840507223102e-07,2.4245629260634047e-06,0.0016310005448758,0.9290211149778704,-0.1392021206058167,0.0005146721722915,0.9893521291859496,,0,0,CONTINUED_PLASTIC_LOADING,,False,False
BH032,147,1.4700005054473877,0.4231990888593681,5009,3,5,SIDE_NORMAL_X_POS,1709,4,20.52719718256817,0.1595807115267793,-32.140313809289225,0.0002278139890188,5.4280780303806895e-06,-4.8117945251083224e-08,8.371313484506222e-07,0.0,0.0,0.0,0.0,,0.0,0.0,0.0,6.902840507223102e-07,2.4245629260634047e-06,0.0021477073896676,0.9414435654529104,-0.1413578715219424,0.0005258019316854,0.9892832705344948,,0,0,CONTINUED_PLASTIC_LOADING,,False,False
BH032,148,1.4800008535385132,0.4302345037273773,5009,3,5,SIDE_NORMAL_X_POS,1709,4,20.52719718256817,0.1643949932568771,-32.671090750492844,0.000231295288208,4.883127002101341e-06,-6.115549270452043e-07,-5.0312374267106295e-08,0.0,0.0,0.0,0.0,,0.0,0.0,0.0,6.902840507223102e-07,2.4245629260634047e-06,0.0025975352618843,0.936785529816548,-0.1431158992835469,0.0005370635963536,0.989159231414498,,0,0,CONTINUED_PLASTIC_LOADING,,False,False
BH032,149,1.4900004863739014,0.4374565275295166,5009,3,5,SIDE_NORMAL_X_POS,1709,4,20.52719718256817,0.1743005990870232,-33.21368943771335,0.0002355259586899,5.692006493119694e-06,-4.045234536143483e-07,5.540822076932845e-07,0.0,0.0,0.0,0.0,,0.0,0.0,0.0,6.902840507223102e-07,2.4245629260634047e-06,0.0031369014177471,0.9012409796141576,-0.144718608522054,0.0005476106881649,0.9890606534774832,,0,0,CONTINUED_PLASTIC_LOADING,,False,False
BH032,150,1.5000001192092896,0.4446977318611647,5009,3,5,SIDE_NORMAL_X_POS,1709,4,20.52719718256817,0.1603370944171993,-33.728314951799995,0.0002390731738742,6.009661792721931e-06,-6.228969451762081e-07,5.669461316420207e-07,0.0,0.0,0.0,0.0,,0.0,0.0,0.0,6.902840507223102e-07,2.4245629260634047e-06,0.0036214157007634,0.9259659924110102,-0.1468904601422986,0.0005592782856775,0.9889314170274818,-468349.691620549,1,1,CONTINUED_PLASTIC_LOADING,,False,False
BH032,151,1.510001301765442,0.4519582273130414,5009,3,5,SIDE_NORMAL_X_POS,1709,4,20.52719718256817,0.1447766324115537,-34.30465463402515,0.0002438802300459,6.3171031345721045e-06,-2.762546653160792e-07,2.903276384855821e-07,0.0,0.0,0.0,0.0,,0.0,0.0,0.0,6.902840507223102e-07,2.4245629260634047e-06,0.0042289644479751,0.9401815284931548,-0.1487359279147956,0.0005705806028834,0.9888805914107373,,0,0,CONTINUED_PLASTIC_LOADING,,False,False
BH032,152,1.520000457763672,0.45939692057253,5009,3,5,SIDE_NORMAL_X_POS,1709,4,20.52719718256817,0.1454749305796163,-34.80287695099251,0.0002481403366388,7.672880461261967e-06,4.306721649557964e-08,1.154080266538922e-06,0.0,0.0,0.0,0.0,,0.0,0.0,0.0,6.902840507223102e-07,2.4245629260634047e-06,0.0048845466226339,0.9776990319116564,-0.1509282462792394,0.000581834712848,0.9888242229914954,,0,0,CONTINUED_PLASTIC_LOADING,,False,False
BH032,153,1.530001163482666,0.4667232831391056,5009,3,5,SIDE_NORMAL_X_POS,1709,4,20.52719718256817,0.1164032886212213,-35.38368364340992,0.0002514996458247,7.031552359849165e-06,-7.283902997321195e-07,1.9582221727184118e-07,0.0,0.0,0.0,0.0,,0.0,0.0,0.0,7.283902997321195e-07,2.4245629260634047e-06,0.0058011193759739,0.9685179192578248,-0.1530468858546821,0.0005938444347,0.9887117003590916,,0,0,CONTINUED_PLASTIC_LOADING_WITH_COMPONENT_DROP,,False,False
BH032,154,1.5400011539459229,0.4740037935913492,5009,3,5,SIDE_NORMAL_X_POS,1709,4,20.52719718256817,0.1283113719601576,-35.9717954805909,0.0002564222784655,7.5880061867946704e-06,-6.443984420389137e-07,6.123839831994987e-08,0.0,0.0,0.0,0.0,,0.0,0.0,0.0,7.283902997321195e-07,2.4245629260634047e-06,0.0067209186963737,0.9580642723605224,-0.154706074217471,0.0006056851988124,0.98868301631364,,0,0,CONTINUED_PLASTIC_LOADING,,False,False
BH032,155,1.5500009059906006,0.4815508658166004,5009,3,5,SIDE_NORMAL_X_POS,1709,4,20.52719718256817,0.1188270889833444,-36.52857721127407,0.0002602945049567,7.555805485661587e-06,-1.091658210792938e-06,-5.072864818165277e-07,0.0,0.0,0.0,0.0,,0.0,0.0,0.0,1.091658210792938e-06,2.4245629260634047e-06,0.0075911493040621,0.8839154221046088,-0.1568208245899753,0.0006179165604654,0.9886438125719322,,0,0,CONTINUED_PLASTIC_LOADING,,False,False
BH032,156,1.5600000619888306,0.4891437413747821,5009,3,5,SIDE_NORMAL_X_POS,1709,4,20.52719718256817,0.1035788137339192,-37.14534886704973,0.0002654549061122,1.0166988218083464e-05,-7.288909543709055e-07,1.4642580694664703e-06,0.0,0.0,0.0,0.0,,0.0,0.0,0.0,1.091658210792938e-06,2.4245629260634047e-06,0.0085940044373273,0.9929617427300556,-0.1581519191968281,0.0006305845036452,0.9888044672365964,,0,0,CONTINUED_PLASTIC_LOADING,,False,False
BH032,157,1.5700005292892456,0.4966022146071425,5009,3,5,SIDE_NORMAL_X_POS,1709,4,20.52719718256817,0.1040734279435667,-37.68701676820115,0.0002698976466911,9.893295439671176e-06,-3.061595479062385e-07,9.182232755047814e-07,0.0,0.0,0.0,0.0,,0.0,0.0,0.0,1.091658210792938e-06,2.4245629260634047e-06,0.0093557629734277,0.9337285329428184,-0.1603618842608117,0.0006430912764556,0.988517577648908,,0,0,CONTINUED_PLASTIC_LOADING,,False,False
BH032,158,1.5800012350082395,0.5041024661806868,5009,3,5,SIDE_NORMAL_X_POS,1709,4,20.52719718256817,0.0847948284513652,-38.29215359811313,0.0002748767543963,8.25894901359224e-06,4.8767068771453724e-08,-1.290592969016048e-06,0.0,0.0,0.0,0.0,,0.0,0.0,0.0,1.091658210792938e-06,2.4245629260634047e-06,0.010074702091515,0.9266688573489392,-0.1623681765352789,0.0006565745994978,0.9888210185137624,,0,0,CONTINUED_PLASTIC_LOADING,,False,False
BH032,159,1.5900005102157593,0.5115769347088406,5009,3,5,SIDE_NORMAL_X_POS,1709,4,20.52719718256817,0.1039233956123572,-38.88301964653135,0.0002790436057081,9.093126314107885e-06,-5.761191478086603e-08,-5.130933215188611e-07,0.0,0.0,0.0,0.0,,0.0,0.0,0.0,1.091658210792938e-06,2.4245629260634047e-06,0.0106852063909173,0.9502091477900532,-0.1643192786358635,0.0006695880884207,0.9887508451665404,,0,0,CONTINUED_PLASTIC_LOADING,,False,False
BH032,160,1.6000012159347534,0.5191981321315351,5009,3,5,SIDE_NORMAL_X_POS,1709,4,20.52719718256817,0.0944922501727237,-39.48935810599975,0.0002833857406073,1.0130258982700424e-05,-1.6439160283656393e-07,2.0121218397787385e-07,0.0,0.0,0.0,0.0,,0.0,0.0,0.0,1.091658210792938e-06,2.4245629260634047e-06,0.0112555483356118,0.9988567752964712,-0.1665388400473274,0.0006829283920484,0.9889595188824368,,0,0,CONTINUED_PLASTIC_LOADING,,False,False
BH032,161,1.610000491142273,0.5269240275440087,5009,3,5,SIDE_NORMAL_X_POS,1709,4,20.52719718256817,0.0957163655798377,-40.11230575622566,0.000288152158092,1.0267893632335558e-05,-1.6105736670355125e-07,-1.0968503972208674e-07,0.0,0.0,0.0,0.0,,0.0,0.0,0.0,1.091658210792938e-06,2.4245629260634047e-06,0.0117842406034469,0.9492884923389372,-0.1681867109785769,0.0006964610778414,0.9888832181467192,,0,0,CONTINUED_PLASTIC_LOADING,,False,False
BH032,162,1.620001196861267,0.5345274211077679,5009,3,5,SIDE_NORMAL_X_POS,1709,4,20.52719718256817,0.109742507276452,-40.71910197933459,0.0002925919621509,1.0150547596820322e-05,-1.8371736562470186e-07,-3.980962980192331e-07,0.0,0.0,0.0,0.0,,0.0,0.0,0.0,1.091658210792938e-06,2.4245629260634047e-06,0.0123268291354179,0.946821888474513,-0.1704122663819259,0.0007100656427802,0.988985525875054,,0,0,CONTINUED_PLASTIC_LOADING,,False,False
BH032,163,1.6300004720687866,0.5421555642911161,5009,3,5,SIDE_NORMAL_X_POS,1709,4,20.52719718256817,0.1018941779716352,-41.32561210016819,0.0002972742592765,1.1285117093435952e-05,-5.1606139574449275e-08,3.245024479700629e-07,0.0,0.0,0.0,0.0,,0.0,0.0,0.0,1.091658210792938e-06,2.4245629260634047e-06,0.0129010574892163,0.999026085928159,-0.1724858634739117,0.0007237819746938,0.9888098202672314,,0,0,CONTINUED_PLASTIC_LOADING,,False,False
BH032,164,1.6400004625320437,0.5497929645476898,5009,3,5,SIDE_NORMAL_X_POS,1709,4,20.52719718256817,0.0829056891668565,-41.97287844379768,0.0003016754906662,1.198111124042149e-05,-4.980402951225253e-07,5.157655300925277e-07,0.0,0.0,0.0,0.0,,0.0,0.0,0.0,1.091658210792938e-06,2.4245629260634047e-06,0.0134848523885011,0.9930145540618311,-0.1746851779332965,0.0007377661412426,0.9886784772419628,,0,0,CONTINUED_PLASTIC_LOADING,,False,False
BH032,165,1.6500000953674316,0.5573962836072354,5009,3,5,SIDE_NORMAL_X_POS,1709,4,20.52719718256817,0.0864292920073441,-42.58181852662313,0.0003062866537163,1.3321729984245636e-05,-1.0080477159691301e-07,1.8760766942794477e-06,0.0,0.0,0.0,0.0,,0.0,0.0,0.0,1.091658210792938e-06,2.4245629260634047e-06,0.0141235692426562,0.9190648729832166,-0.1767235077032339,0.0007516999582771,0.988150531743552,,0,0,CONTINUED_PLASTIC_LOADING,,False,False
BH032,166,1.660001277923584,0.5652384613746348,5009,3,5,SIDE_NORMAL_X_POS,1709,4,20.52719718256817,0.0802996699675486,-43.23912896746541,0.0003109078997704,1.1688774737261471e-05,-3.966881139619706e-07,-1.727580495887015e-07,0.0,0.0,0.0,0.0,,0.0,0.0,0.0,1.091658210792938e-06,2.4245629260634047e-06,0.0148051893338561,0.9928939274410218,-0.1782479932987313,0.0007665322519233,0.9872361622804792,,0,0,CONTINUED_PLASTIC_LOADING,,False,False
BH032,167,1.6700005531311035,0.5730489440449287,5009,3,5,SIDE_NORMAL_X_POS,1709,4,20.52719718256817,0.090435305007297,-43.89395985525479,0.0003159585090961,1.4003024482210377e-05,-2.0836338878170739e-07,1.8757498793111303e-06,0.0,0.0,0.0,0.0,,0.0,0.0,0.0,1.091658210792938e-06,2.4245629260634047e-06,0.0155175859108567,1.002907558836461,-0.1800907974887562,0.0007800896350871,0.9848749178235467,,0,0,CONTINUED_PLASTIC_LOADING,,False,False
BH032,168,1.6800012588500977,0.5810333524902742,5009,3,5,SIDE_NORMAL_X_POS,1709,4,20.52719718256817,0.0879504173390415,-44.51434021439669,0.0003204888483844,1.268399732420075e-05,-2.683302409569135e-07,2.375834344246243e-07,0.0,0.0,0.0,0.0,,0.0,0.0,0.0,1.091658210792938e-06,2.4245629260634047e-06,0.0161870494484901,0.9629629574330164,-0.18183682609072,0.000796135093861,0.9808477903620252,,0,0,CONTINUED_PLASTIC_LOADING,,False,False
BH032,169,1.6900005340576172,0.5890393198549596,5009,3,5,SIDE_NORMAL_X_POS,1709,4,20.52719718256817,0.1079425067321028,-45.18623805658411,0.0003256862473513,1.1465970483065436e-05,-1.528924965150144e-07,-1.279755332427978e-06,0.0,0.0,0.0,0.0,,0.0,0.0,0.0,1.091658210792938e-06,2.4245629260634047e-06,0.0168293267488479,0.9711336703067908,-0.1837378267637955,0.0008134810747118,0.9786481329403116,,0,0,CONTINUED_PLASTIC_LOADING,,False,False
BH032,170,1.700001239776611,0.5969297377910032,5009,3,5,SIDE_NORMAL_X_POS,1709,4,20.52719718256817,0.0570610573568506,-45.81380149018545,0.0003302487322284,1.4434951047474515e-05,-9.015976939292723e-08,1.175754078848153e-06,0.0,0.0,0.0,0.0,,0.0,0.0,0.0,1.091658210792938e-06,2.4245629260634047e-06,0.0174568127840757,1.0166823272413985,-0.1859888184484317,0.000825041455776,0.9800937523427786,,0,0,CONTINUED_PLASTIC_LOADING,,False,False
BH032,171,1.7100005149841309,0.6048225257093817,5009,3,5,SIDE_NORMAL_X_POS,1709,4,20.52719718256817,0.077422516708299,-46.4257170366744,0.0003345516998283,1.309340961840478e-05,-1.7143542838712197e-07,-1.7945222781346438e-07,0.0,0.0,0.0,0.0,,0.0,0.0,0.0,1.091658210792938e-06,2.4245629260634047e-06,0.0180404502898454,1.0087584773114429,-0.1881929832356191,0.0008402894651775,0.9796237286235268,,0,0,CONTINUED_PLASTIC_LOADING,,False,False
BH032,172,1.720001220703125,0.6128690521648117,5009,3,5,SIDE_NORMAL_X_POS,1709,4,20.52719718256817,0.0879944428167749,-47.061039563982845,0.0003390428633946,1.3459660049810336e-05,-3.932237545645266e-07,-6.144548555641477e-08,0.0,0.0,0.0,0.0,,0.0,0.0,0.0,1.091658210792938e-06,2.4245629260634047e-06,0.0185697060078382,0.9668581151844068,-0.1906849266885125,0.0008624074014699,0.976857754056912,,0,0,CONTINUED_PLASTIC_LOADING,,False,False
BH032,173,1.7300004959106443,0.6209884329393015,5009,3,5,SIDE_NORMAL_X_POS,1709,4,20.52719718256817,0.1151130865687366,-47.72713906672346,0.0003442165984275,1.4833662660619206e-05,-4.145196771683903e-07,9.093566755804562e-07,0.0,0.0,0.0,0.0,,0.0,0.0,0.0,1.091658210792938e-06,2.4245629260634047e-06,0.0190688613802194,0.9739953897226384,-0.193098184562415,0.0008768269319449,0.9749320597840946,,0,0,CONTINUED_PLASTIC_LOADING,,False,False
BH032,174,1.740001201629639,0.6290992604345317,5009,3,5,SIDE_NORMAL_X_POS,1709,4,20.52719718256817,0.1021356438216709,-48.36341908298003,0.0003488843935364,1.3953048128308556e-05,-4.988070008524626e-09,7.902177632211628e-08,0.0,0.0,0.0,0.0,,0.0,0.0,0.0,1.091658210792938e-06,2.4245629260634047e-06,0.0195515062659978,0.9905031367344098,-0.1960767030656969,0.0008908156696785,0.9747499241260176,,0,0,CONTINUED_PLASTIC_LOADING,,False,False
BH032,175,1.7500004768371582,0.6371856359537037,5009,3,5,SIDE_NORMAL_X_POS,1709,4,20.52719718256817,0.1485098498722056,-48.980358585423886,0.0003530868869201,1.275450723648092e-05,-1.1028055560131748e-07,-8.421871841247843e-07,0.0,0.0,0.0,0.0,,0.0,0.0,0.0,1.091658210792938e-06,2.4245629260634047e-06,0.0199924074113369,0.9971429003958292,-0.1981864689999524,0.0009099930905846,0.9746784475472892,1200730.3950406492,1,1,CONTINUED_PLASTIC_LOADING,,False,False
BH032,176,1.7600011825561523,0.6453606009699099,5009,3,5,SIDE_NORMAL_X_POS,1709,4,20.52719718256817,0.1179370948402265,-49.663338122409336,0.0003579900211975,1.5590799922273173e-05,-3.683690669271868e-07,1.3426070121572151e-06,0.0,0.0,0.0,0.0,,0.0,0.0,0.0,1.091658210792938e-06,2.4245629260634047e-06,0.0204224977642297,1.0161357145964969,-0.2007141528867458,0.0009269240319961,0.9734320177590448,,0,0,CONTINUED_PLASTIC_LOADING,,False,False
BH032,177,1.770000457763672,0.6534643315698612,5009,3,5,SIDE_NORMAL_X_POS,1709,4,20.52719718256817,0.1411697022833745,-50.348209749109,0.0003634781233124,1.3396727690780834e-05,6.449997814913762e-08,-1.0119685600804267e-06,0.0,0.0,0.0,0.0,,0.0,0.0,0.0,1.091658210792938e-06,2.4245629260634047e-06,0.0208511501550674,0.9916280205689438,-0.2028387603770424,0.0009449996151684,0.9715420643467382,,0,0,CONTINUED_PLASTIC_LOADING,,False,False
BH032,178,1.780001163482666,0.6615779922995345,5009,3,5,SIDE_NORMAL_X_POS,1709,4,20.52719718256817,0.1178714254273407,-51.00687059269087,0.0003680581411299,1.4454977635937382e-05,5.604744171214e-09,-2.007245230579817e-07,0.0,0.0,0.0,0.0,,0.0,0.0,0.0,1.091658210792938e-06,2.4245629260634047e-06,0.0212904009968042,1.0100545935848315,-0.2051473562235921,0.0009625326793059,0.9690118537061386,,0,0,CONTINUED_PLASTIC_LOADING,,False,False
BH032,179,1.7900004386901855,0.6698274353540854,5009,3,5,SIDE_NORMAL_X_POS,1709,4,20.52719718256817,0.1191299252615557,-51.688637056028895,0.0003728794710744,1.6100795991847968e-05,-2.853227319965513e-07,1.0542071253441185e-06,0.0,0.0,0.0,0.0,,0.0,0.0,0.0,1.091658210792938e-06,2.4245629260634047e-06,0.0217206869274377,1.0355489585217963,-0.2072935145175276,0.0009799783070885,0.9672841659093318,,0,0,CONTINUED_PLASTIC_LOADING,,False,False
BH032,180,1.8000011444091797,0.6781166146895724,5009,3,5,SIDE_NORMAL_X_POS,1709,4,20.52719718256817,0.1089704632666895,-52.33441948252364,0.0003771054993803,1.535601047010092e-05,-5.2123935819203e-07,2.411837993813136e-07,0.0,0.0,0.0,0.0,,0.0,0.0,0.0,1.091658210792938e-06,2.4245629260634047e-06,0.0221321620047092,1.0416544388046485,-0.2094582731852867,0.00099874996071,0.967415598320566,,0,0,CONTINUED_PLASTIC_LOADING,,False,False
BH032,181,1.8100004196166992,0.6863532948025849,5009,3,5,SIDE_NORMAL_X_POS,1709,4,20.52719718256817,0.1060409696823296,-53.012775606739645,0.0003820526635281,1.5458861350555212e-05,-3.697429743322947e-07,2.172145930226608e-07,0.0,0.0,0.0,0.0,,0.0,0.0,0.0,1.091658210792938e-06,2.4245629260634047e-06,0.0225241221487522,1.0010990364164012,-0.2123018691291571,0.0010153831232932,0.9664802226976188,,0,0,CONTINUED_PLASTIC_LOADING,,False,False
BH032,182,1.8200011253356927,0.6944553544628975,5009,3,5,SIDE_NORMAL_X_POS,1709,4,20.52719718256817,0.1504399822483522,-53.7082711645968,0.0003868526223892,1.6240101346085434e-05,-6.716571208288278e-07,1.011060178323026e-06,0.0,0.0,0.0,0.0,,0.0,0.0,0.0,1.091658210792938e-06,2.4245629260634047e-06,0.0229245889931917,1.009359872914415,-0.2144393214199632,0.0010371841088668,0.9637033574984676,,0,0,CONTINUED_PLASTIC_LOADING,,False,False
BH032,183,1.830000400543213,0.7026351434454221,5009,3,5,SIDE_NORMAL_X_POS,1709,4,20.52719718256817,0.1432098052216034,-54.39697274708896,0.0003917334835684,1.5256287738871742e-05,-7.795844047742617e-07,-2.509100569944231e-07,0.0,0.0,0.0,0.0,,0.0,0.0,0.0,1.091658210792938e-06,2.4245629260634047e-06,0.023326639086008,1.0084596813545017,-0.2168153524691873,0.0010577545601079,0.9604857916826052,,0,0,CONTINUED_PLASTIC_LOADING,,False,False
BH032,184,1.840001106262207,0.7110894380898083,5009,3,5,SIDE_NORMAL_X_POS,1709,4,20.52719718256817,0.1555517954436394,-55.10674290113689,0.0003975497340209,1.5010080658979692e-05,-1.8490518755709525e-07,-7.271297711743379e-07,0.0,0.0,0.0,0.0,,0.0,0.0,0.0,1.091658210792938e-06,2.4245629260634047e-06,0.0237265061587095,1.0191399272404522,-0.2193249388963303,0.0010756575701947,0.9583562658256708,,0,0,CONTINUED_PLASTIC_LOADING,,False,False
BH032,185,1.8500003814697263,0.7196348011973916,5009,3,5,SIDE_NORMAL_X_POS,1709,4,20.52719718256817,0.1772909788118531,-55.769779202182896,0.0004019813480265,1.6170195334222134e-05,-3.950405141869883e-07,5.247066622751477e-07,0.0,0.0,0.0,0.0,,0.0,0.0,0.0,1.091658210792938e-06,2.4245629260634047e-06,0.0241040401160717,1.0461251659974755,-0.2218588291165485,0.0011004696275983,0.9564842916076592,,0,0,CONTINUED_PLASTIC_LOADING,,False,False
BH032,186,1.8600010871887207,0.7280325387239789,5009,3,5,SIDE_NORMAL_X_POS,1709,4,20.52719718256817,0.163153115666836,-56.46650309247549,0.0004069360400552,1.801327307685745e-05,-7.514008628681885e-07,1.7750686207239873e-06,0.0,0.0,0.0,0.0,,0.0,0.0,0.0,1.091658210792938e-06,2.4245629260634047e-06,0.0244716107845306,1.0291267526643195,-0.2245632966484044,0.0011251480814194,0.9511496990708066,,0,0,CONTINUED_PLASTIC_LOADING,,False,False
BH032,187,1.87000036239624,0.7362638436283223,5009,3,5,SIDE_NORMAL_X_POS,1709,4,20.52719718256817,0.1407233380303695,-57.17187871557425,0.000412255627189,1.6264984051834802e-05,-5.435685042613921e-07,-3.641513629849564e-07,0.0,0.0,0.0,0.0,,0.0,0.0,0.0,1.091658210792938e-06,2.4245629260634047e-06,0.0248291101306676,1.0582852652963122,-0.2275299985312641,0.0011522135708658,0.9400895031098556,,0,0,CONTINUED_PLASTIC_LOADING,,False,False
BH032,188,1.8800010681152344,0.7443970560296269,5009,3,5,SIDE_NORMAL_X_POS,1709,4,20.52719718256817,0.1405963950468493,-57.851272437375485,0.0004174931667301,1.637381475241644e-05,-3.1545106771017385e-07,-5.693502866982621e-07,0.0,0.0,0.0,0.0,,0.0,0.0,0.0,1.091658210792938e-06,2.4245629260634047e-06,0.0251776240766048,1.059766288813969,-0.2306493963329408,0.00118331666531,0.9265704738775667,,0,0,CONTINUED_PLASTIC_LOADING,,False,False
BH032,189,1.890000343322754,0.7526488877481339,5009,3,5,SIDE_NORMAL_X_POS,1709,4,20.52719718256817,0.1523864909995298,-58.55580119773924,0.0004227782121903,1.590415992597455e-05,-3.1264414281756935e-08,-1.0883510880839529e-06,0.0,0.0,0.0,0.0,,0.0,0.0,0.0,1.091658210792938e-06,2.4245629260634047e-06,0.0255366209894418,1.0341446589796677,-0.2331404308150325,0.0012065032264922,0.9202962556597676,,0,0,CONTINUED_PLASTIC_LOADING,,False,False
BH032,190,1.900001049041748,0.7612798355125185,5009,3,5,SIDE_NORMAL_X_POS,1709,4,20.52719718256817,0.1554106069509931,-59.27239203003119,0.0004280078153937,1.8388006182531525e-05,-6.249735356843181e-08,1.1089559029022877e-06,0.0,0.0,0.0,0.0,,0.0,0.0,0.0,1.091658210792938e-06,2.4245629260634047e-06,0.0258819088339805,1.0654261869724282,-0.2355414026819512,0.001224326369842,0.923316420199512,,0,0,CONTINUED_PLASTIC_LOADING,,False,False
BH032,191,1.910000324249268,0.7697918754010128,5009,3,5,SIDE_NORMAL_X_POS,1709,4,20.52719718256817,0.1376918758069407,-59.96984071275463,0.0004333094532871,1.6383028622151546e-05,2.8609508192573496e-07,-1.1504729799606452e-06,0.0,0.0,0.0,0.0,,0.0,0.0,0.0,1.091658210792938e-06,2.4245629260634047e-06,0.0262228548526763,1.0316933644768576,-0.2378538616544081,0.0012450419197667,0.9223761022973817,,0,0,CONTINUED_PLASTIC_LOADING,,False,False
BH032,192,1.9200010299682613,0.7781825446856446,5009,3,5,SIDE_NORMAL_X_POS,1709,4,20.52719718256817,0.1610235610640839,-60.69057430599344,0.0004385196010399,1.8807730663261907e-05,1.21738721182269e-07,1.043033324299534e-06,0.0,0.0,0.0,0.0,,0.0,0.0,0.0,1.091658210792938e-06,2.4245629260634047e-06,0.0265453141182661,1.0615459255820303,-0.2407196491518269,0.0012716813657802,0.9121680948100224,,0,0,CONTINUED_PLASTIC_LOADING,,False,False
BH032,193,1.9300003051757808,0.7864520295210026,5009,3,5,SIDE_NORMAL_X_POS,1709,4,20.52719718256817,0.1677553538876612,-61.37145957432341,0.0004431257023199,1.7924378557786138e-05,7.89908424175356e-08,2.639453858747486e-07,0.0,0.0,0.0,0.0,,0.0,0.0,0.0,1.091658210792938e-06,2.4245629260634047e-06,0.0268651098012924,1.0673471132411585,-0.2434317237262118,0.001301645018155,0.9000007299275607,,0,0,CONTINUED_PLASTIC_LOADING,,False,False
BH032,194,1.940001010894776,0.7947089427775541,5009,3,5,SIDE_NORMAL_X_POS,1709,4,20.52719718256817,0.1855184755878712,-62.075286430438354,0.0004490152971884,1.6012928888886526e-05,8.788918148095555e-07,-1.749249023609784e-06,0.0,0.0,0.0,0.0,,0.0,0.0,0.0,1.091658210792938e-06,2.4245629260634047e-06,0.0271689631044864,1.0429065194664722,-0.2464988259044687,0.0013222490731821,0.8968841395362802,,0,0,CONTINUED_PLASTIC_LOADING,,False,False
BH032,195,1.950000286102295,0.8033602013703433,5009,3,5,SIDE_NORMAL_X_POS,1709,4,20.52719718256817,0.1694524321186903,-62.769950384348526,0.0004539654646957,1.9133931007843903e-05,7.001252277234987e-07,9.33587967133151e-07,0.0,0.0,0.0,0.0,,0.0,0.0,0.0,1.091658210792938e-06,2.4245629260634047e-06,0.0274663921445608,1.065167883696913,-0.2491431523518048,0.001339223992486,0.8939745710309903,,0,0,CONTINUED_PLASTIC_LOADING,,False,False
BH032,196,1.960000991821289,0.8118409782438618,5009,3,5,SIDE_NORMAL_X_POS,1709,4,20.52719718256817,0.1776437637789668,-63.48459190647117,0.0004590492903148,1.7646988654326226e-05,6.548536065621681e-07,-6.859111627221474e-07,0.0,0.0,0.0,0.0,,0.0,0.0,0.0,1.091658210792938e-06,2.4245629260634047e-06,0.0277543272823095,1.0772563124664902,-0.2514515768350067,0.0013653411439915,0.8822008588394882,,0,0,CONTINUED_PLASTIC_LOADING,,False,False
BH032,197,1.9700002670288088,0.819900008170235,5009,3,5,SIDE_NORMAL_X_POS,1709,4,20.52719718256817,0.2002968502017971,-64.20048083451428,0.0004640662540162,1.8652485659873723e-05,6.302762762321426e-07,3.831739433652042e-07,0.0,0.0,0.0,0.0,,0.0,0.0,0.0,1.091658210792938e-06,2.4245629260634047e-06,0.0280472245067358,1.0774992502212546,-0.2540769713576939,0.0013862481332097,0.8695491256027659,,0,0,CONTINUED_PLASTIC_LOADING,,False,False
BH032,198,1.9800009727478027,0.8280343196168332,5009,3,5,SIDE_NORMAL_X_POS,1709,4,20.52719718256817,0.2189486472924497,-64.97462018581582,0.0004698807446071,1.8565564857836187e-05,7.352247684997912e-07,6.683418829890425e-08,0.0,0.0,0.0,0.0,,0.0,0.0,0.0,1.091658210792938e-06,2.4245629260634047e-06,0.0283400248736143,1.0726910658882436,-0.2569823065355675,0.0013960341520552,0.860032583727204,,0,0,CONTINUED_PLASTIC_LOADING,,False,False
BH032,199,1.9900002479553225,0.8359044359423154,5009,3,5,SIDE_NORMAL_X_POS,1709,4,20.52719718256817,0.2162523270624888,-65.67700508646307,0.0004747779490318,1.790320509071513e-05,6.845009522942771e-07,-7.068968123243296e-07,0.0,0.0,0.0,0.0,,0.0,0.0,0.0,1.091658210792938e-06,2.4245629260634047e-06,0.0286439266055822,1.083993435936443,-0.2603792570814309,0.0014162884036806,0.8456433387568235,,0,0,CONTINUED_PLASTIC_LOADING,,False,False
BH032,200,2.0000009536743164,0.8436127000684883,5009,3,5,SIDE_NORMAL_X_POS,1709,4,20.52719718256817,0.2278187267986409,-66.34366916436035,0.0004794349949944,1.7994164656511208e-05,5.263694863015143e-07,-7.428855670450155e-07,0.0,0.0,0.0,0.0,,0.0,0.0,0.0,1.091658210792938e-06,2.4245629260634047e-06,0.0289580021053552,1.0507523998321509,-0.2625844425981252,0.0014433880486934,0.8301099624143335,710874.1883677491,1,1,CONTINUED_PLASTIC_LOADING,,False,False
BH032,201,2.010000228881836,0.8510478017763553,5009,3,5,SIDE_NORMAL_X_POS,1709,4,20.52719718256817,0.2109847669410655,-67.01371306380359,0.000484491885039,2.179329544212669e-05,3.892074991780495e-07,2.3774692669120256e-06,0.0,0.0,0.0,0.0,,0.0,0.0,0.0,1.091658210792938e-06,2.4245629260634047e-06,0.0292570516467094,1.086060704505274,-0.2662125734761273,0.0014507776372834,0.8040107993350791,,0,0,CONTINUED_PLASTIC_LOADING,,False,False
BH032,202,2.02000093460083,0.85671263587787,5009,3,5,SIDE_NORMAL_X_POS,1709,4,20.52719718256817,0.2517754859227529,-67.5703536506976,0.0004881298643159,1.900374729236977e-05,4.06702337755983e-07,9.714616644603513e-08,0.0,0.0,0.0,0.0,,0.0,0.0,0.0,1.091658210792938e-06,2.4245629260634047e-06,0.0295466259121894,1.0766046554794684,-0.269407829361555,0.0014556069253552,0.7444020982494804,,0,0,CONTINUED_PLASTIC_LOADING,,False,False
BH032,203,2.0300002098083496,0.8624170881551202,5009,3,5,SIDE_NORMAL_X_POS,1709,4,20.52719718256817,0.2613729357605057,-67.99745475671341,0.0004916089274621,1.874226566493773e-05,9.536817168836163e-07,-7.776561603716793e-08,0.0,0.0,0.0,0.0,,0.0,0.0,0.0,1.091658210792938e-06,2.4245629260634047e-06,0.0298133585602045,1.0734497582092806,-0.2701905426287932,0.0015172171483948,0.7267718506288837,,0,0,CONTINUED_PLASTIC_LOADING,,False,False
BH032,204,2.040000915527344,0.8699040784037846,5009,3,5,SIDE_NORMAL_X_POS,1709,4,20.52719718256817,0.2200158385817739,-68.61281878929441,0.0004954710746618,1.86182585490244e-05,6.321349321692553e-07,-4.176768403992178e-07,0.0,0.0,0.0,0.0,,0.0,0.0,0.0,1.091658210792938e-06,2.4245629260634047e-06,0.0300642717629671,1.0814173312379418,-0.2734001669584103,0.0015144641150221,0.7145259648542728,,0,0,CONTINUED_PLASTIC_LOADING,,False,False
BH032,205,2.050000190734864,0.874477111768332,5009,3,5,SIDE_NORMAL_X_POS,1709,4,20.52719718256817,0.2324247499141502,-68.9872236708903,0.0004979000765803,1.95758910924884e-05,7.254033241759546e-07,8.780502383112874e-07,0.0,0.0,0.0,0.0,,0.0,0.0,0.0,1.091658210792938e-06,2.4245629260634047e-06,0.0302843768149614,1.094659504637309,-0.2783184477789964,0.00148712059073,0.6462970619999528,,0,0,CONTINUED_PLASTIC_LOADING,,False,False
BH032,206,2.0600008964538574,0.8796618221153213,5009,3,5,SIDE_NORMAL_X_POS,1709,4,20.52719718256817,0.2980992291943592,-69.68387126724281,0.0005024136023213,1.884385039741714e-05,1.6669138705352297e-07,3.43279300348779e-07,0.0,0.0,0.0,0.0,,0.0,0.0,0.0,1.091658210792938e-06,2.4245629260634047e-06,0.0304991584271192,1.072095975802068,-0.271997740495364,0.0015454781152338,0.6504092059351745,,0,0,CONTINUED_PLASTIC_LOADING,,False,False
BH032,207,2.070000171661377,0.8871720676332661,5009,3,5,SIDE_NORMAL_X_POS,1709,4,20.52719718256817,0.2372672693427773,-70.36638922589071,0.0005075539963946,2.047939388407868e-05,2.3786201450593655e-07,1.2069679964717313e-06,0.0,0.0,0.0,0.0,,0.0,0.0,0.0,1.091658210792938e-06,2.4245629260634047e-06,0.0306989215314388,1.0790661023681851,-0.2810721226687204,0.0015545042468805,0.6463658885594249,,0,0,CONTINUED_PLASTIC_LOADING,,False,False
BH032,208,2.080000877380371,0.8930996750714061,5009,3,5,SIDE_NORMAL_X_POS,1709,4,20.52719718256817,0.2564100745623154,-70.85427371397594,0.0005106146323665,1.887850018705687e-05,1.9115679164604437e-07,3.5300629750052714e-09,0.0,0.0,0.0,0.0,,0.0,0.0,0.0,1.091658210792938e-06,2.4245629260634047e-06,0.0308911669999361,1.089762626602474,-0.2878601825054592,0.0015498198889377,0.6184760929737798,,0,0,CONTINUED_PLASTIC_LOADING,,False,False
BH032,209,2.09000015258789,0.8993259142347114,5009,3,5,SIDE_NORMAL_X_POS,1709,4,20.52719718256817,0.2601128340515721,-71.94739802879226,0.0005194818275861,2.0998234770749e-05,4.310823384562129e-07,1.07774894368088e-06,0.0,0.0,0.0,0.0,,0.0,0.0,0.0,1.091658210792938e-06,2.4245629260634047e-06,0.0310830865055322,1.0907350792233452,-0.2866127988940377,0.0015872460354324,0.6228301504244712,,0,0,CONTINUED_PLASTIC_LOADING,,False,False
BH032,210,2.1000008583068848,0.9056874419522328,5009,3,5,SIDE_NORMAL_X_POS,1709,4,20.52719718256817,0.277466278155125,-72.32771569074512,0.0005211243107023,1.927241117600284e-05,4.231112009925797e-07,4.503497085396168e-07,0.0,0.0,0.0,0.0,,0.0,0.0,0.0,1.091658210792938e-06,2.4245629260634047e-06,0.0312557741999626,1.0949019947288676,-0.2911244754683351,0.0015642308325698,0.6036536216536907,,0,0,CONTINUED_PLASTIC_LOADING,,False,False
BH032,211,2.1100001335144043,0.9118333169011316,5009,3,5,SIDE_NORMAL_X_POS,1709,4,20.52719718256817,0.350728398393491,-73.08204150580539,0.0005266747730084,1.862395066774868e-05,6.171650577624452e-07,1.6613468165559662e-07,0.0,0.0,0.0,0.0,,0.0,0.0,0.0,1.091658210792938e-06,2.4245629260634047e-06,0.0314211845397949,1.0839632539504718,-0.2939425159216327,0.0016031754740682,0.6025827882014354,,0,0,CONTINUED_PLASTIC_LOADING,,False,False
BH032,212,2.1200008392333984,0.9171650677777926,5009,3,5,SIDE_NORMAL_X_POS,1709,4,20.52719718256817,0.3394050961844136,-73.6413371218145,0.0005303513621055,1.866602994323461e-05,5.463068544078005e-07,2.48593710596096e-07,0.0,0.0,0.0,0.0,,0.0,0.0,0.0,1.091658210792938e-06,2.4245629260634047e-06,0.0315817184746265,1.103094651028664,-0.2967400672789901,0.0016317906873555,0.5973560379875371,,0,0,CONTINUED_PLASTIC_LOADING,,False,False
BH032,213,2.130000114440918,0.923224726446359,5009,3,5,SIDE_NORMAL_X_POS,1709,4,20.52719718256817,0.245616761917138,-74.22041575648888,0.0005335538932378,1.926091309832601e-05,2.2660556144363505e-07,6.757856875166772e-07,0.0,0.0,0.0,0.0,,0.0,0.0,0.0,1.091658210792938e-06,2.4245629260634047e-06,0.0317416675388813,1.0984233886510577,-0.3016447247134211,0.0016322755782797,0.5916255458921464,,0,0,CONTINUED_PLASTIC_LOADING,,False,False
BH032,214,2.140000820159912,0.9282381115892268,5009,3,5,SIDE_NORMAL_X_POS,1709,4,20.52719718256817,0.4099140482667558,-75.00409947969564,0.0005394523075695,1.791427006050581e-05,2.3062710469579778e-07,-1.2386017373636898e-08,0.0,0.0,0.0,0.0,,0.0,0.0,0.0,1.091658210792938e-06,2.4245629260634047e-06,0.0319054387509822,1.0846644479944747,-0.3034607664188578,0.0016658339944756,0.5870280340263888,,0,0,CONTINUED_PLASTIC_LOADING,,False,False
BH032,215,2.150000095367432,0.9326515320021344,5009,3,5,SIDE_NORMAL_X_POS,1709,4,20.52719718256817,0.3197858114671595,-75.67297608185552,0.0005438666727633,1.798053949401382e-05,3.40838677255614e-07,-2.497054676401604e-07,0.0,0.0,0.0,0.0,,0.0,0.0,0.0,1.091658210792938e-06,2.4245629260634047e-06,0.0320685021579265,1.088309263842532,-0.3073452009859114,0.001709375858268,0.5838516943460983,,0,0,CONTINUED_PLASTIC_LOADING,,False,False
BH032,216,2.160000801086426,0.93623683976486,5009,3,5,SIDE_NORMAL_X_POS,1709,4,20.52719718256817,0.3829927778318756,-76.5660424269688,0.0005512592518867,1.920685308834553e-05,8.93626629391896e-07,7.470011361024407e-07,0.0,0.0,0.0,0.0,,0.0,0.0,0.0,1.091658210792938e-06,2.4245629260634047e-06,0.0322330296039581,1.097144413693003,-0.3072899996361583,0.0017596786220429,0.581988921117151,,0,0,CONTINUED_PLASTIC_LOADING,,False,False
BH032,217,2.1700000762939453,0.9349501462047892,5009,3,5,SIDE_NORMAL_X_POS,1709,4,20.52719718256817,0.4135610476146423,-77.55220263777946,0.0005573713797456,1.7463014154037648e-05,6.702054118292887e-07,-3.043098198540328e-07,0.0,0.0,0.0,0.0,,0.0,0.0,0.0,1.091658210792938e-06,2.4245629260634047e-06,0.0323916114866733,1.1068551712976495,-0.3023176164264196,0.0017752276460084,0.5440542664597636,,0,0,CONTINUED_PLASTIC_LOADING,,False,False
BH032,218,2.1800007820129395,0.9361911662756114,5009,3,5,SIDE_NORMAL_X_POS,1709,4,20.52719718256817,0.6023064439439417,-78.05927505179723,0.0005613033780006,1.6281886825799795e-05,8.828689779531891e-07,-3.949713045211037e-07,0.0,0.0,0.0,0.0,,0.0,0.0,0.0,1.091658210792938e-06,2.4245629260634047e-06,0.0325296968221664,1.099340575863334,-0.3089830397107306,0.0019285060849721,0.5895648036156111,,0,0,CONTINUED_PLASTIC_LOADING,,False,False
BH032,219,2.190000057220459,0.9339128807579702,5009,3,5,SIDE_NORMAL_X_POS,1709,4,20.52719718256817,1.355590012257019,-80.37085936620915,0.0005744394515354,9.057478689650667e-06,1.2085659372205275e-06,7.55966675413831e-07,0.0,0.0,0.0,0.0,,0.0,0.0,0.0,1.2085659372205275e-06,2.4245629260634047e-06,0.0326365083456039,1.0942204995499492,-0.3183493579736237,0.0018621893647663,0.5334532296602421,,0,0,CONTINUED_PLASTIC_LOADING,,False,False
BH032,220,2.200000762939453,0.9315094353422024,5009,3,5,SIDE_NORMAL_X_POS,1709,4,20.52719718256817,1.36013784634205,-81.5429860559883,0.0005835227413778,1.1501607710615688e-05,1.0782543925421393e-06,2.1201891747520216e-06,0.0,0.0,0.0,0.0,,0.0,0.0,0.0,1.2085659372205275e-06,2.4245629260634047e-06,0.0327539443969726,1.0990895915826058,-0.3155246641520807,0.0019821394618227,0.5433656421101678,,0,0,CONTINUED_PLASTIC_LOADING,,False,False
BH032,221,2.2100000381469727,0.9291291063031646,5009,3,5,SIDE_NORMAL_X_POS,1709,4,20.52719718256817,1.2323747029658452,-81.5235005836894,0.0005830250066841,1.1194427546790684e-05,1.6308265431517078e-06,1.845468281393148e-06,0.0,0.0,0.0,0.0,,0.0,0.0,0.0,1.6308265431517078e-06,2.4245629260634047e-06,0.0329330936074256,1.098403829836598,-0.3096054984453947,0.0021378395255189,0.5682717469071539,,0,0,CONTINUED_PLASTIC_LOADING,,False,False
BH032,222,2.220000743865967,0.930355435505378,5009,3,5,SIDE_NORMAL_X_POS,1709,4,20.52719718256817,1.41317763191093,-82.9682789271669,0.0005919391159985,7.024713512730676e-06,8.804762311144174e-07,-7.519684729457264e-07,0.0,0.0,0.0,0.0,,0.0,0.0,0.0,1.6308265431517078e-06,2.4245629260634047e-06,0.0330492593348026,1.101367545496471,-0.3145195436110565,0.002117557987216,0.549338354556614,,0,0,CONTINUED_PLASTIC_LOADING,,False,False
BH032,223,2.2300000190734863,0.934560796600502,5009,3,5,SIDE_NORMAL_X_POS,1709,4,20.52719718256817,1.1715606841111124,-83.23398783231708,0.0005949575298957,9.44049133828266e-06,1.3969633501269632e-06,-6.715831581155952e-07,0.0,0.0,0.0,0.0,,0.0,0.0,0.0,1.6308265431517078e-06,2.4245629260634047e-06,0.0331619046628475,1.102351484315629,-0.3160746957952412,0.0021409215898357,0.5508860327448025,,0,0,CONTINUED_PLASTIC_LOADING,,False,False
BH032,224,2.2400007247924805,0.9371707789040437,5009,3,5,SIDE_NORMAL_X_POS,1709,4,20.52719718256817,1.353536274757231,-84.14753910034445,0.0006018636381669,1.1103184678695668e-05,1.309795524482237e-06,1.5706003896297227e-06,0.0,0.0,0.0,0.0,,0.0,0.0,0.0,1.6308265431517078e-06,2.4245629260634047e-06,0.0332647822797298,1.1066959816783448,-0.3167669217642269,0.0021915447935502,0.5579202659931566,,0,0,CONTINUED_PLASTIC_LOADING,,False,False
BH032,225,2.25,0.9393645981332588,5009,3,5,SIDE_NORMAL_X_POS,1709,4,20.52719718256817,1.4523804385610213,-85.05494870619457,0.000606985771259,8.869272701929288e-06,1.8197371818547484e-06,1.6801681968511926e-06,0.0,0.0,0.0,0.0,,0.0,0.0,0.0,1.8197371818547484e-06,2.4245629260634047e-06,0.0333637632429599,1.1130680365084633,-0.315598022566127,0.0022380075455319,0.5569912106701215,-1934441.89386371,1,1,CONTINUED_PLASTIC_LOADING,,False,False
BH032,226,2.260000705718994,0.9435644511128094,5009,3,5,SIDE_NORMAL_X_POS,1709,4,20.52719718256817,1.3274035737187464,-85.6032808830128,0.0006118476260717,1.0036862656618607e-05,1.585488746187855e-06,6.780741104608738e-07,0.0,0.0,0.0,0.0,,0.0,0.0,0.0,1.8197371818547484e-06,2.4245629260634047e-06,0.0334760658442974,1.0993632722956983,-0.3217807152995059,0.0022800765481408,0.5607958479150963,,0,0,CONTINUED_PLASTIC_LOADING,,False,False
BH032,227,2.2699999809265137,0.9483495130796114,5009,3,5,SIDE_NORMAL_X_POS,1709,4,20.52719718256817,1.3352135697890162,-86.60952928824908,0.0006198045788149,9.939945502265063e-06,1.6289789158230143e-06,-3.226853320390313e-07,0.0,0.0,0.0,0.0,,0.0,0.0,0.0,1.8197371818547484e-06,2.4245629260634047e-06,0.0335950031876564,1.102066290315268,-0.3269274495398256,0.0022903160085491,0.5606437544679479,,0,0,CONTINUED_PLASTIC_LOADING,,False,False
BH032,228,2.280000686645508,0.9519157633784996,5009,3,5,SIDE_NORMAL_X_POS,1709,4,20.52719718256817,1.347477939867707,-87.10319685699308,0.0006217871406119,9.682323283900958e-06,1.4347719498733005e-06,7.401490702899083e-07,0.0,0.0,0.0,0.0,,0.0,0.0,0.0,1.8197371818547484e-06,2.4245629260634047e-06,0.0336843207478523,1.115296270040775,-0.3276186696804651,0.0023306118003862,0.5607013219145272,,0,0,CONTINUED_PLASTIC_LOADING,,False,False
BH032,229,2.289999961853028,0.955796290004535,5009,3,5,SIDE_NORMAL_X_POS,1709,4,20.52719718256817,1.2967493838464177,-87.28848431989478,0.0006213404478317,7.590686914951596e-06,1.4482423851920265e-06,3.8806609491386784e-08,0.0,0.0,0.0,0.0,,0.0,0.0,0.0,1.8197371818547484e-06,2.4245629260634047e-06,0.0337684415280818,1.1048935683337189,-0.3300118705920872,0.0023792076056221,0.5674019188699218,,0,0,CONTINUED_PLASTIC_LOADING,,False,False
BH032,230,2.300000667572021,0.960049566488526,5009,3,5,SIDE_NORMAL_X_POS,1709,4,20.52719718256817,1.4887086325996726,-88.13501136155338,0.0006284938788922,7.760964472240239e-06,1.8798352578117952e-06,6.657226407930789e-07,1.726201072706267e-07,-1.6806557127875888e-07,1.6572522554270108e-07,2.9521629585360643e-09,,3.7912974221399054e-05,7.110888418537797e-06,3.802775972872041e-05,1.8798352578117952e-06,2.4245629260634047e-06,0.0338545255362987,1.1049545992480372,-0.3322888200986347,0.0023924622220675,0.5639563989272214,,0,0,CONTINUED_PLASTIC_LOADING,,False,False
BH032,231,2.309999942779541,0.963538405350277,5009,3,5,SIDE_NORMAL_X_POS,1709,4,20.52719718256817,1.3506549864260335,-88.75741732480466,0.000635092501058,5.444248439360946e-06,4.063292463503073e-06,-2.7181008608492645e-06,1.9144091365011656e-06,-1.8642676738434231e-06,1.838036951085087e-06,3.236609202872387e-08,,0.0004204878350719,7.796035060891882e-05,0.0004217023670207,4.063292463503073e-06,2.7181008608492645e-06,0.0339253284037113,1.106293884081961,-0.3363682661555573,0.002436463510259,0.5678072157433973,,0,0,CONTINUED_PLASTIC_LOADING,,False,False
BH032,232,2.320000648498535,0.9666355939478942,5009,3,5,SIDE_NORMAL_X_POS,1709,4,20.52719718256817,1.3462713035214768,-89.49776609004051,0.0006411596177888,5.714257676299982e-06,3.699877765085896e-06,-3.791306815780632e-06,1.9144091365011656e-06,-1.8642676738434231e-06,1.838036951085087e-06,3.236609202872387e-08,,0.0004204878350719,7.796035060891882e-05,0.0004217023670207,4.063292463503073e-06,3.791306815780632e-06,0.0340178608894348,1.112886286683832,-0.3406190681097633,0.0024846898832511,0.5730869251240833,,0,0,CONTINUED_PLASTIC_LOADING,,False,False
BH032,233,2.3299999237060547,0.9705059306127338,5009,3,5,SIDE_NORMAL_X_POS,1709,4,20.52719718256817,1.384561205494683,-89.89113001574869,0.0006441638872361,3.3322217726115475e-06,4.914921819205347e-06,-4.978785893678794e-06,2.839176009999419e-06,-2.7640633488324165e-06,2.7256219254923053e-06,4.749168169837503e-08,,0.000623540719971,0.0001143934277934,0.0006252516177482,4.914921819205347e-06,4.978785893678794e-06,0.0340947583317756,1.1170705397025948,-0.344721201183827,0.002504742335314,0.5711405372359603,,0,0,CONTINUED_PLASTIC_LOADING,,False,False
BH032,234,2.340000629425049,0.9735212270503282,5009,3,5,SIDE_NORMAL_X_POS,1709,4,20.52719718256817,1.3922600985146971,-90.49780416855349,0.0006502863663047,4.767688428822768e-07,6.609819552751703e-06,-8.015001869430497e-06,4.169942427443937e-06,-4.059001361821676e-06,4.003732556157047e-06,6.85966625724177e-08,,0.0009159341570921,0.0001652290811762,0.0009184457012452,6.609819552751703e-06,8.015001869430497e-06,0.0341611020267009,1.1063132234469897,-0.3483395382739696,0.0025442903063932,0.5749905595160867,,0,0,CONTINUED_PLASTIC_LOADING,,False,False
BH032,235,2.3499999046325684,0.9764529131567332,5009,3,5,SIDE_NORMAL_X_POS,1709,4,20.52719718256817,1.1985341682112414,-91.02694841943918,0.0006563338113474,3.6382311309943695e-06,8.453945503536964e-06,-6.738298853503199e-06,5.306205003403492e-06,-5.165444791782883e-06,5.096053428133018e-06,8.647508309422849e-08,,0.0011658244766294,0.0002082929277094,0.001168486312963,8.453945503536964e-06,8.015001869430497e-06,0.0342393033206462,1.109306209828884,-0.352159987257047,0.0025898022641438,0.5791545375682015,,0,0,CONTINUED_PLASTIC_LOADING,,False,False
BH032,236,2.3600006103515625,0.9793340277911362,5009,3,5,SIDE_NORMAL_X_POS,1709,4,20.52719718256817,1.2690987910279927,-91.54165022746592,0.0006595000765666,-5.559896678209582e-08,8.86961571161147e-06,-9.137103472595717e-06,5.306205003403492e-06,-5.165444791782883e-06,5.096053428133018e-06,8.647508309422849e-08,,0.0011658244766294,0.0002082929277094,0.0011686648940667,8.86961571161147e-06,9.137103472595717e-06,0.0342976227402687,1.1096858938005263,-0.3544962731854374,0.0026234013330069,0.5795346863625266,,0,0,CONTINUED_PLASTIC_LOADING,,False,False
BH032,237,2.369999885559082,0.981943668210536,5009,3,5,SIDE_NORMAL_X_POS,1709,4,20.52719718256817,1.3591827415795528,-92.07109202471796,0.0006631583293719,-4.9080039675551e-07,8.825830115480001e-06,-8.991907259414157e-06,5.474505167455829e-06,-5.329548547568515e-06,5.258202691038605e-06,8.898464898265956e-08,,0.0012029194040223,0.0002143377059837,0.0012060366570949,8.86961571161147e-06,9.137103472595717e-06,0.0343700721859931,1.1068983707720643,-0.3580782812458329,0.0026664591707992,0.5834922062076281,,0,0,CONTINUED_PLASTIC_LOADING,,False,False
BH032,238,2.380000591278076,0.983333402394738,5009,3,5,SIDE_NORMAL_X_POS,1709,4,20.52719718256817,1.3443806443186304,-92.4896329506557,0.0006672313172371,1.9287045428199173e-08,9.09984589658394e-06,-9.489970504936943e-06,5.784203553618393e-06,-5.631648560765278e-06,5.556802079809131e-06,9.353039587267632e-08,,0.0012712300522252,0.0002252870763186,0.0012744624400511,9.09984589658394e-06,9.489970504936943e-06,0.0344725772738456,1.1039268554534944,-0.357929925290065,0.0026975645284025,0.5829085257460666,,0,0,CONTINUED_PLASTIC_LOADING,,False,False
BH032,239,2.3900012969970703,0.9838473188472812,5009,3,5,SIDE_NORMAL_X_POS,1709,4,20.52719718256817,1.312665372632649,-92.74688085784996,0.0006686138350005,8.043609352236317e-07,9.00066688756503e-06,-8.627612035974185e-06,6.176223937581705e-06,-6.014131074444034e-06,5.934951786912279e-06,9.927202171411409e-08,,0.0013577393256127,0.0002391169546172,0.0013610675232484,9.09984589658394e-06,9.489970504936943e-06,0.0346776209771633,1.0701232455036715,-0.3573877540091652,0.0027607610859262,0.5866461041408517,,0,0,CONTINUED_PLASTIC_LOADING,,False,False
BH032,240,2.40000057220459,0.985247136580665,5009,3,5,SIDE_NORMAL_X_POS,1709,4,20.52719718256817,1.3214509774618148,-92.91504033120152,0.0006713213188947,8.601152225668277e-07,1.0190165512307292e-05,-8.866720357843857e-06,7.222691198287641e-06,-7.035128392517768e-06,6.944211691006785e-06,1.1441698433145576e-07,,0.0015886276960372,0.0002755966852419,0.0015925107290968,1.0190165512307292e-05,9.489970504936943e-06,0.0351476967334747,1.0560295438933185,-0.3627049724288682,0.0028113812926064,0.5898348440425254,,0,0,CONTINUED_PLASTIC_LOADING,,False,False
BH032,241,2.410001277923584,0.9883302192951894,5009,3,5,SIDE_NORMAL_X_POS,1709,4,20.52719718256817,1.316474943638031,-93.3976986843906,0.0006746384429208,-1.0255747523715483e-06,1.0451159983898496e-05,-1.0506588371058875e-05,7.521864912481777e-06,-7.327103911387489e-06,7.232927146105794e-06,1.1869215654769505e-07,,0.0016546773258596,0.0002858943189494,0.0016586714191362,1.0451159983898496e-05,1.0506588371058875e-05,0.0358128324151039,1.0598862633445818,-0.3629520038706842,0.0028402938320368,0.5920411961206058,,0,0,CONTINUED_PLASTIC_LOADING,,False,False
BH032,242,2.4200005531311035,0.9913459520481824,5009,3,5,SIDE_NORMAL_X_POS,1709,4,20.52719718256817,1.2738741956311974,-94.16197322923855,0.0006823479007947,-3.825029362509655e-06,1.258218507330024e-05,-1.3895947216078022e-05,9.483328800521012e-06,-9.241928914312571e-06,9.127272278419696e-06,1.4608065157517558e-07,,0.0020880468655377,0.0003518651355989,0.0020927092991769,1.258218507330024e-05,1.3895947216078022e-05,0.0365085937082767,1.088441350224137,-0.3664404847960479,0.0028852786464461,0.5965587941368058,,0,0,CONTINUED_PLASTIC_LOADING,,False,False
BH032,243,2.4300012588500977,0.9931118051086862,5009,3,5,SIDE_NORMAL_X_POS,1709,4,20.52719718256817,1.3168644003603325,-94.7926876025656,0.0006877078566606,-6.13377790984913e-06,1.392044088275961e-05,-1.556945173190622e-05,1.069691842972112e-05,-1.0426719395752545e-05,1.0299680070602337e-05,1.627566632578237e-07,,0.0023562586866319,0.0003920326998922,0.0023615234531462,1.392044088275961e-05,1.556945173190622e-05,0.0372428223490715,1.0912781848081448,-0.3718462757148555,0.0029457546532438,0.6024838806806361,,0,0,CONTINUED_PLASTIC_LOADING,,False,False
BH032,244,2.440000534057617,0.9951806162971906,5009,3,5,SIDE_NORMAL_X_POS,1709,4,20.52719718256817,1.2901922773235572,-95.15989796561104,0.0006918548115759,-7.967315841330303e-06,1.4994586271638605e-05,-1.8121848222063617e-05,1.2072815562793822e-05,-1.1770886989336604e-05,1.1630217159108724e-05,1.813007060036398e-07,,0.0026606456376612,0.0004366998327895,0.0026663984172046,1.4994586271638605e-05,1.8121848222063617e-05,0.0379066653549671,1.0961949211502249,-0.373805636783749,0.0029883731275083,0.6051954742247228,,0,0,CONTINUED_PLASTIC_LOADING,,False,False
BH032,245,2.450001239776612,0.997197040023479,5009,3,5,SIDE_NORMAL_X_POS,1709,4,20.52719718256817,1.2230189201437902,-95.57869829094513,0.0006962347365384,-7.257303541643306e-06,1.6363212033818813e-05,-1.7992533960231594e-05,1.2911801630377264e-05,-1.259031073671879e-05,1.2441453691280913e-05,1.9247042359893385e-07,,0.0028462321497499,0.000463604403194,0.0028520061168819,1.6363212033818813e-05,1.8121848222063617e-05,0.0386093594133853,1.1000914231758945,-0.3770281096391658,0.0030302004352314,0.6071115646529317,,0,0,CONTINUED_PLASTIC_LOADING,,False,False
BH032,246,2.460000514984131,0.9986980399222046,5009,3,5,SIDE_NORMAL_X_POS,1709,4,20.52719718256817,1.2579872939096253,-96.15274915496757,0.0007016272559886,-9.35337437912376e-06,1.7535277675757117e-05,-2.009924820662408e-05,1.3778817413255809e-05,-1.3437531368768368e-05,1.3280457096698228e-05,2.0376712939196293e-07,,0.0030381712131202,0.0004908147966489,0.0030444073490798,1.7535277675757117e-05,2.009924820662408e-05,0.0392857417464256,1.1222700653104165,-0.3794376422228973,0.003081122664129,0.611866491429348,,0,0,CONTINUED_PLASTIC_LOADING,,False,False
BH032,247,2.470001220703125,1.0,5009,3,5,SIDE_NORMAL_X_POS,1709,4,20.52719718256817,1.255732927189258,-96.58441263860072,0.0007065268500066,-1.2341185361963106e-05,1.925049711634305e-05,-2.330316798174236e-05,1.5524464135054106e-05,-1.5142383618006012e-05,1.4969195035519078e-05,2.26246982037992e-07,,0.0034245040733367,0.0005449621239677,0.0034313562791794,1.925049711634305e-05,2.330316798174236e-05,0.0399871617555618,1.143064455395553,-0.3825781288922318,0.0031344480535366,0.6170754465151632,,0,0,CONTINUED_PLASTIC_LOADING,,False,False
BH032,248,2.4800004959106445,0.9988059975777462,5009,3,5,SIDE_NORMAL_X_POS,1709,4,20.52719718256817,1.2138378981282534,-96.54541880582092,0.0007073371662664,-1.0562341383542511e-05,2.0274018896068767e-05,-2.18702580814141e-05,1.5950635133236438e-05,-1.55586556765319e-05,1.538158358016517e-05,2.316979959005039e-07,,0.003518845885992,0.0005580920260399,0.003525590756908,2.0274018896068767e-05,2.330316798174236e-05,0.0407775826752185,1.0664674425442413,-0.3843388202363086,0.0031705330911148,0.6169610259718261,,0,0,CONTINUED_PLASTIC_LOADING,,False,False
BH032,249,2.4900012016296387,0.9898018241059172,5009,3,5,SIDE_NORMAL_X_POS,1709,4,20.52719718256817,1.2101713782605392,-95.75314438496004,0.0007014036750565,-1.0828319581978557e-05,1.9878789115461968e-05,-2.2099870754114462e-05,1.5950635133236438e-05,-1.55586556765319e-05,1.538158358016517e-05,2.316979959005039e-07,,0.003518845885992,0.0005580920260399,0.0035256501287221,2.0274018896068767e-05,2.330316798174236e-05,0.0416991151869297,1.0218693658346905,-0.3821300360893092,0.0032878084328151,0.623644808760214,,0,0,CONTINUED_PLASTIC_LOADING_WITH_COMPONENT_DROP,,False,False
BH032,250,2.500000476837158,0.9824841093301376,5009,3,5,SIDE_NORMAL_X_POS,1709,4,20.52719718256817,1.2496910431805657,-95.29992786325158,0.0006995286410312,-1.2149723908508584e-05,2.0964292544803e-05,-2.332039331819167e-05,1.5950635133236438e-05,-1.55586556765319e-05,1.538158358016517e-05,2.316979959005039e-07,,0.003518845885992,0.0005580920260399,0.0035258878488093,2.0964292544803e-05,2.332039331819167e-05,0.0426095910370349,1.0339487380255614,-0.3759289180707447,0.0034232812032032,0.6358550527764391,-2959976.9445792614,1,1,CONTINUED_PLASTIC_LOADING,,False,False
BH032,251,2.5100011825561523,0.9836846797228376,5009,3,5,SIDE_NORMAL_X_POS,1709,4,20.52719718256817,1.2612834305400604,-95.43380083992686,0.0007005962951127,-1.0412251121497304e-05,2.1009310565403477e-05,-2.16000356425489e-05,1.5950635133236438e-05,-1.55586556765319e-05,1.538158358016517e-05,2.316979959005039e-07,,0.003518845885992,0.0005580920260399,0.0035259472206234,2.1009310565403477e-05,2.332039331819167e-05,0.0438358373939991,1.0186339644609264,-0.3829797375244013,0.0034082553238694,0.6268585904221333,,0,0,CONTINUED_PLASTIC_LOADING,,False,False
BH032,252,2.520000457763672,0.98881120941291,5009,3,5,SIDE_NORMAL_X_POS,1709,4,20.52719718256817,1.2331068863721428,-96.0001612747883,0.0007047856557278,-1.0118795947642796e-05,2.0851541266232143e-05,-2.193354523986109e-05,1.5950635133236438e-05,-1.55586556765319e-05,1.538158358016517e-05,2.316979959005039e-07,,0.003518845885992,0.0005580920260399,0.003525769105181,2.1009310565403477e-05,2.332039331819167e-05,0.0456511713564395,0.9471232982827232,-0.3793742973888305,0.0034344272365285,0.6301798682262758,,0,0,CONTINUED_PLASTIC_LOADING_WITH_COMPONENT_DROP,,False,False
BH032,253,2.530001163482666,0.990836194188802,5009,3,5,SIDE_NORMAL_X_POS,1709,4,20.52719718256817,1.164812604319465,-96.6072779324456,0.0007129491201606,-1.1506533183532584e-05,2.3628055433182717e-05,-2.4983654108432472e-05,1.8096111159972893e-05,-1.7647648448176132e-05,1.7451058738515712e-05,2.5978397388826124e-07,,0.0039922799915075,0.0006257428321987,0.0039995615370571,2.3628055433182717e-05,2.4983654108432472e-05,0.0484706722199916,0.8913167683439172,-0.3757765388015922,0.0035594720228907,0.6467000362268964,,0,0,CONTINUED_PLASTIC_LOADING_WITH_COMPONENT_DROP,,False,False
BH032,254,2.540000438690185,0.9914466978547998,5009,3,5,SIDE_NORMAL_X_POS,1709,4,20.52719718256817,1.1710300835996452,-96.88247017434892,0.0007151349814537,-1.2977631337728578e-05,2.3958141221317985e-05,-2.636529928018135e-05,1.8096111159972893e-05,-1.7647648448176132e-05,1.7451058738515712e-05,2.5978397388826124e-07,,0.0039922799915075,0.0006257428321987,0.0039995615370571,2.3958141221317985e-05,2.636529928018135e-05,0.0524144060909748,0.9482616519040754,-0.3773846199085258,0.0036118846685446,0.6472169962767655,,0,0,CONTINUED_PLASTIC_LOADING_WITH_COMPONENT_DROP,,False,False
BH032,255,2.55000114440918,0.9914454301431328,5009,3,5,SIDE_NORMAL_X_POS,1709,4,20.52719718256817,1.2079483635811774,-96.72973733568348,0.0007138283310568,-1.2627176136106866e-05,2.3916666173499413e-05,-2.5550230195002e-05,1.8096111159972893e-05,-1.7647648448176132e-05,1.7451058738515712e-05,2.5978397388826124e-07,,0.0039922799915075,0.0006257428321987,0.0039997398853302,2.3958141221317985e-05,2.636529928018135e-05,0.0557560101151466,0.9503199583978122,-0.3794526774940273,0.0036477901244118,0.6459212384476214,,0,0,CONTINUED_PLASTIC_LOADING,,False,False
BH032,256,2.560000419616699,0.9861306100710664,5009,3,5,SIDE_NORMAL_X_POS,1709,4,20.52719718256817,1.247736845430738,-96.50453288332687,0.0007130393697754,-1.2658089090737418e-05,2.403951424316379e-05,-2.595101101393821e-05,1.8298832058152186e-05,-1.7844861446818542e-05,1.764646549418103e-05,2.6243253614666173e-07,,0.004036983475089,0.0006321224500425,0.0040447991341352,2.403951424316379e-05,2.636529928018135e-05,0.0612487010657787,0.6972553281068312,-0.3706614620771453,0.0037329538027889,0.6534518919496207,,0,0,CONTINUED_PLASTIC_LOADING_WITH_COMPONENT_DROP,,False,False
BH032,257,2.5700011253356934,0.9850242170236516,5009,3,5,SIDE_NORMAL_X_POS,1709,4,20.52719718256817,1.2443406922132163,-96.28409680222587,0.0007126871765307,-1.2624068051087477e-05,2.4308194289927474e-05,-2.684334410902418e-05,1.8298832058152186e-05,-1.7844861446818542e-05,1.764646549418103e-05,2.6243253614666173e-07,,0.004036983475089,0.0006321224500425,0.0040448582731187,2.4308194289927474e-05,2.684334410902418e-05,0.0654669925570488,0.8846078537715456,-0.3679193504881119,0.0037706822329517,0.6559490156539909,,0,0,CONTINUED_PLASTIC_LOADING,,False,False
BH032,258,2.580000400543213,0.986582049774118,5009,3,5,SIDE_NORMAL_X_POS,1709,4,20.52719718256817,1.1443350723808434,-96.38408764010735,0.0007136126887157,-1.156158460134801e-05,2.431709466381481e-05,-2.669757464976788e-05,1.8298832058152186e-05,-1.7844861446818542e-05,1.764646549418103e-05,2.6243253614666173e-07,,0.004036983475089,0.0006321224500425,0.0040442645549774,2.431709466381481e-05,2.684334410902418e-05,0.071312241256237,0.9170175014350974,-0.3676708140290668,0.0038165715590511,0.6553840882144999,,0,0,CONTINUED_PLASTIC_LOADING_WITH_COMPONENT_DROP,,False,False
BH032,259,2.590001106262207,0.9861174892641064,5009,3,5,SIDE_NORMAL_X_POS,1709,4,20.52719718256817,1.1803708460522448,-96.628884376279,0.0007162498596809,-1.0905079226241308e-05,2.45949731718818e-05,-2.645912318456232e-05,1.8654861010746107e-05,-1.819063493785733e-05,1.7989033949561417e-05,2.671133927378833e-07,,0.0041153528727591,0.0006433972157537,0.0041230004280805,2.45949731718818e-05,2.684334410902418e-05,0.0774620026350021,0.7513258835484941,-0.3621553878205282,0.0038953167077578,0.6611707194316698,,0,0,CONTINUED_PLASTIC_LOADING_WITH_COMPONENT_DROP,,False,False
BH032,260,2.6000003814697266,0.9863804243959196,5009,3,5,SIDE_NORMAL_X_POS,1709,4,20.52719718256817,1.1328423439805904,-96.63260752055535,0.0007164464348567,-9.566896545284108e-06,2.5007525892929315e-05,-2.520776497073841e-05,1.8654861010746107e-05,-1.819063493785733e-05,1.7989033949561417e-05,2.671133927378833e-07,,0.0041153528727591,0.0006433972157537,0.0041226441971957,2.5007525892929315e-05,2.684334410902418e-05,0.0835667476058006,0.7643317821814645,-0.3593096312083587,0.0039731560748244,0.6657281452923118,,0,0,CONTINUED_PLASTIC_LOADING_WITH_COMPONENT_DROP,,False,False
BH032,261,2.6100010871887207,0.9875402348226302,5009,3,5,SIDE_NORMAL_X_POS,1709,4,20.52719718256817,1.1289730491252317,-96.78818612318616,0.0007174703458787,-1.1110696352680752e-05,2.5191436619825835e-05,-2.6542883222241496e-05,1.8654861010746107e-05,-1.819063493785733e-05,1.7989033949561417e-05,2.671133927378833e-07,,0.0041153528727591,0.0006433972157537,0.0041226441971957,2.5191436619825835e-05,2.684334410902418e-05,0.0896667316555976,0.8745097823204445,-0.3567122769447881,0.0040312247558126,0.6688035576527273,,0,0,CONTINUED_PLASTIC_LOADING_WITH_COMPONENT_DROP,,False,False
BH032,262,2.62000036239624,0.9872701850571686,5009,3,5,SIDE_NORMAL_X_POS,1709,4,20.52719718256817,1.0928900685783995,-96.99646857963086,0.0007194112471091,-7.655226964101668e-06,2.4734475935002343e-05,-2.429495679111097e-05,1.8654861010746107e-05,-1.819063493785733e-05,1.7989033949561417e-05,2.671133927378833e-07,,0.0041153528727591,0.0006433972157537,0.004122466314584,2.5191436619825835e-05,2.684334410902418e-05,0.0952275469899177,1.2232500759758844,-0.355327571687085,0.0041089844480621,0.672975436258829,,0,0,CONTINUED_PLASTIC_LOADING,,False,False
BH032,263,2.6300010681152344,0.983661567798749,5009,3,5,SIDE_NORMAL_X_POS,1709,4,20.52719718256817,0.927327867445112,-96.7995386614715,0.000719915891336,-8.449099019030605e-06,2.579666193072553e-05,-2.7036992970894992e-05,1.8654861010746107e-05,-1.819063493785733e-05,1.7989033949561417e-05,2.671133927378833e-07,,0.0041153528727591,0.0006433972157537,0.0041216947138309,2.579666193072553e-05,2.7036992970894992e-05,0.1012439355254173,0.7835966278516566,-0.3524667127485624,0.0042040549845312,0.6762200825420626,,0,0,CONTINUED_PLASTIC_LOADING,,False,False
BH032,264,2.640000343322754,0.979847100436144,5009,3,5,SIDE_NORMAL_X_POS,1709,4,20.52719718256817,0.938946898078998,-96.48268992827924,0.0007171005972154,-9.282890389368786e-06,2.574250052170973e-05,-2.7219534366154825e-05,1.8654861010746107e-05,-1.819063493785733e-05,1.7989033949561417e-05,2.671133927378833e-07,,0.0041153528727591,0.0006433972157537,0.0041216947138309,2.579666193072553e-05,2.7219534366154825e-05,0.1078100427985191,0.8939597240622884,-0.3462674797268245,0.0042939105241691,0.6794578477583975,,0,0,CONTINUED_PLASTIC_LOADING_WITH_COMPONENT_DROP,,False,False
BH032,265,2.650001049041748,0.9767196875841672,5009,3,5,SIDE_NORMAL_X_POS,1709,4,20.52719718256817,1.0327470787686115,-96.28906353772572,0.0007155572352154,-8.67374254934954e-06,2.5712309872013032e-05,-2.578725810121465e-05,1.8654861010746107e-05,-1.819063493785733e-05,1.7989033949561417e-05,2.671133927378833e-07,,0.0041153528727591,0.0006433972157537,0.0041221692226827,2.579666193072553e-05,2.7219534366154825e-05,0.1142588853836059,0.8331340537598909,-0.3413978027670988,0.0043745208933951,0.681606308586236,,0,0,CONTINUED_PLASTIC_LOADING,,False,False
BH032,266,2.660000324249268,0.9725125909544112,5009,3,5,SIDE_NORMAL_X_POS,1709,4,20.52719718256817,0.92875128586955,-95.84767257673111,0.0007143623884551,-5.801102255812915e-06,2.599679650935286e-05,-2.520523893006577e-05,1.8654861010746107e-05,-1.819063493785733e-05,1.7989033949561417e-05,2.671133927378833e-07,,0.0041153528727591,0.0006433972157537,0.0041218725964426,2.599679650935286e-05,2.7219534366154825e-05,0.119887501001358,1.051358117886856,-0.3370967466484867,0.0044607917700682,0.6832285244255338,,0,0,CONTINUED_PLASTIC_LOADING,,False,False
BH032,267,2.6700010299682617,0.9655317945915922,5009,3,5,SIDE_NORMAL_X_POS,1709,4,20.52719718256817,0.8012179183832244,-95.3317042892989,0.0007088054213655,-4.809582147954124e-06,2.539976038141707e-05,-2.3701955982135137e-05,1.8654861010746107e-05,-1.819063493785733e-05,1.7989033949561417e-05,2.671133927378833e-07,,0.0041153528727591,0.0006433972157537,0.0041209226474165,2.599679650935286e-05,2.7219534366154825e-05,0.1270672529935836,1.0099422878672837,-0.3314027821832151,0.004570714833014,0.686144083564777,,0,0,CONTINUED_PLASTIC_LOADING_WITH_COMPONENT_DROP,,False,False
BH032,268,2.680000305175781,0.9539340718719336,5009,3,5,SIDE_NORMAL_X_POS,1709,4,20.52719718256817,0.7391412348200082,-94.24393580907687,0.0007032981054825,-3.96817071399852e-06,2.5789075393441293e-05,-2.491215211239709e-05,1.8654861010746107e-05,-1.819063493785733e-05,1.7989033949561417e-05,2.671133927378833e-07,,0.0041153528727591,0.0006433972157537,0.0041209822520613,2.599679650935286e-05,2.7219534366154825e-05,0.1327399611473083,0.9157129512793144,-0.3257570453244967,0.0047035882568946,0.6876538175174614,,0,0,CONTINUED_PLASTIC_LOADING,,False,False
BH032,269,2.6900010108947754,0.9373731426456428,5009,3,5,SIDE_NORMAL_X_POS,1709,4,20.52719718256817,0.9136775106563396,-92.8468411781554,0.0006911539448204,-5.224715552050192e-06,2.456792962174045e-05,-2.3696546265788813e-05,1.8654861010746107e-05,-1.819063493785733e-05,1.7989033949561417e-05,2.671133927378833e-07,,0.0041153528727591,0.0006433972157537,0.0041217538528144,2.599679650935286e-05,2.7219534366154825e-05,0.1398677974939346,1.3133485564357616,-0.3190134095730464,0.0048533138996398,0.6866612670767378,,0,0,CONTINUED_PLASTIC_LOADING_WITH_COMPONENT_DROP,,False,False
BH032,270,2.700000286102295,0.9132548479038288,5009,3,5,SIDE_NORMAL_X_POS,1709,4,20.52719718256817,0.7396632522632154,-90.59232473093051,0.0006756525743804,-1.954453121034376e-06,2.453272343345069e-05,-2.1747198193314537e-05,1.8654861010746107e-05,-1.819063493785733e-05,1.7989033949561417e-05,2.671133927378833e-07,,0.0041153528727591,0.0006433972157537,0.0041209822520613,2.599679650935286e-05,2.7219534366154825e-05,0.1458593308925628,1.3582842342551815,-0.3091595886625123,0.005049760778611,0.6856381833784277,,0,0,CONTINUED_PLASTIC_LOADING,,False,False
BH032,271,2.710000991821289,0.8783294522036981,5009,3,5,SIDE_NORMAL_X_POS,1709,4,20.52719718256817,0.7316838598040902,-87.23834394246786,0.0006517350853369,-3.2708645288726315e-06,2.326732425665754e-05,-2.3650875823766e-05,1.8654861010746107e-05,-1.819063493785733e-05,1.7989033949561417e-05,2.671133927378833e-07,,0.0041153528727591,0.0006433972157537,0.0041212788783013,2.599679650935286e-05,2.7219534366154825e-05,0.1522167921066284,0.9814324727182984,-0.2965512956501576,0.0052995851438461,0.6803502707367975,,0,0,CONTINUED_PLASTIC_LOADING,,False,False
BH032,272,2.7200002670288086,0.8316460024864885,5009,3,5,SIDE_NORMAL_X_POS,1709,4,20.52719718256817,0.6467191730279044,-82.94092754964477,0.0006182379311019,-1.97832476246597e-06,2.1245763398930256e-05,-2.117569945148893e-05,1.8654861010746107e-05,-1.819063493785733e-05,1.7989033949561417e-05,2.671133927378833e-07,,0.0041153528727591,0.0006433972157537,0.004120566882193,2.599679650935286e-05,2.7219534366154825e-05,0.1590495705604553,1.11999348329616,-0.280035683613229,0.005630518511799,0.6710651103729932,,0,0,CONTINUED_PLASTIC_LOADING_WITH_COMPONENT_DROP,,False,False
BH032,273,2.7300009727478027,0.7844870277035333,5009,3,5,SIDE_NORMAL_X_POS,1709,4,20.52719718256817,0.5312067502676711,-78.70629344012141,0.0005878723667065,-3.083804346807337e-06,2.095287591956862e-05,-2.227863943979878e-05,1.8654861010746107e-05,-1.819063493785733e-05,1.7989033949561417e-05,2.671133927378833e-07,,0.0041153528727591,0.0006433972157537,0.0041198544204235,2.599679650935286e-05,2.7219534366154825e-05,0.1655211150646209,1.261190212087901,-0.2634890846126585,0.0060213979455651,0.6598822222178449,,0,0,CONTINUED_PLASTIC_LOADING,,False,False
BH032,274,2.7400002479553223,0.7493312637015522,5009,3,5,SIDE_NORMAL_X_POS,1709,4,20.52719718256817,0.4108791666088898,-75.68489319529752,0.0005671530380387,-1.9496816811360226e-06,2.218576756660053e-05,-2.0909309098520595e-05,1.8654861010746107e-05,-1.819063493785733e-05,1.7989033949561417e-05,2.671133927378833e-07,,0.0041153528727591,0.0006433972157537,0.0041190828196704,2.599679650935286e-05,2.7219534366154825e-05,0.1722688674926757,1.3802816363452255,-0.2539631190394894,0.0063501214358324,0.6487167560600591,,0,0,CONTINUED_PLASTIC_LOADING_WITH_COMPONENT_DROP,,False,False
BH032,275,2.7500009536743164,0.7284407064764656,5009,3,5,SIDE_NORMAL_X_POS,1709,4,20.52719718256817,0.4098156410049684,-73.853678415872,0.0005539900164832,-1.5656008871282791e-06,2.1811335659560742e-05,-2.040215689363663e-05,1.8654861010746107e-05,-1.819063493785733e-05,1.7989033949561417e-05,2.671133927378833e-07,,0.0041153528727591,0.0006433972157537,0.0041192607022821,2.599679650935286e-05,2.7219534366154825e-05,0.178827628493309,0.9338299580217532,-0.2418502262899381,0.0065718027403705,0.6426838812073661,-844763.5748243569,1,1,CONTINUED_PLASTIC_LOADING,,False,False
BH032,276,2.760000228881836,0.7189574828980707,5009,3,5,SIDE_NORMAL_X_POS,1709,4,20.52719718256817,0.4670051016590363,-72.9918468098314,0.0005464598419587,-2.0909628983120307e-06,2.058186048835048e-05,-2.018886203107844e-05,1.8654861010746107e-05,-1.819063493785733e-05,1.7989033949561417e-05,2.671133927378833e-07,,0.0041153528727591,0.0006433972157537,0.0041196169331669,2.599679650935286e-05,2.7219534366154825e-05,0.1855948567390442,0.9847175843464376,-0.231712787862819,0.0067056356268842,0.6417532518966375,,0,0,CONTINUED_PLASTIC_LOADING_WITH_COMPONENT_DROP,,False,False
BH032,277,2.77000093460083,0.7113640404363882,5009,3,5,SIDE_NORMAL_X_POS,1709,4,20.52719718256817,0.3543798382871093,-72.26310235288321,0.0005404536068534,-2.0807860754347863e-06,2.0011756811552343e-05,-2.055847350551079e-05,1.8654861010746107e-05,-1.819063493785733e-05,1.7989033949561417e-05,2.671133927378833e-07,,0.0041153528727591,0.0006433972157537,0.0041187857277691,2.599679650935286e-05,2.7219534366154825e-05,0.1916386634111404,0.945309798487798,-0.2225556669947659,0.0068166873199272,0.6396220439064102,,0,0,CONTINUED_PLASTIC_LOADING,,False,False
BH032,278,2.7800002098083496,0.6974575524193256,5009,3,5,SIDE_NORMAL_X_POS,1709,4,20.52719718256817,0.3640420485669772,-71.00712862294554,0.000530123972354,-1.480119879649494e-06,1.791456917626087e-05,-2.034041703308188e-05,1.8654861010746107e-05,-1.819063493785733e-05,1.7989033949561417e-05,2.671133927378833e-07,,0.0041153528727591,0.0006433972157537,0.0041190232150256,2.599679650935286e-05,2.7219534366154825e-05,0.1980839967727661,1.2954106310398708,-0.2156459671207202,0.0069896064588836,0.6341204050371414,,0,0,CONTINUED_PLASTIC_LOADING,,False,False
BH032,279,2.790000915527344,0.678853519979695,5009,3,5,SIDE_NORMAL_X_POS,1709,4,20.52719718256817,0.3137232148458255,-69.55859661761562,0.0005197109535889,-1.4512918857375549e-06,1.7105620431072518e-05,-2.106823910479885e-05,1.8654861010746107e-05,-1.819063493785733e-05,1.7989033949561417e-05,2.671133927378833e-07,,0.0041153528727591,0.0006433972157537,0.0041188453324139,2.599679650935286e-05,2.7219534366154825e-05,0.2050204426050186,1.1593085443153393,-0.2066727098116994,0.0072339247125066,0.627964760169202,,0,0,CONTINUED_PLASTIC_LOADING_WITH_COMPONENT_DROP,,False,False
BH032,280,2.800000190734864,0.6650323672493479,5009,3,5,SIDE_NORMAL_X_POS,1709,4,20.52719718256817,0.3482342720059279,-68.25334463177407,0.0005096741382494,-1.994218446344084e-06,1.7041876245889082e-05,-2.0422017981355312e-05,1.8654861010746107e-05,-1.819063493785733e-05,1.7989033949561417e-05,2.671133927378833e-07,,0.0041153528727591,0.0006433972157537,0.0041190232150256,2.599679650935286e-05,2.7219534366154825e-05,0.212403267621994,0.9366286361797168,-0.1991676377878225,0.0074486536629248,0.6235995241669083,,0,0,CONTINUED_PLASTIC_LOADING_WITH_COMPONENT_DROP,,False,False
BH032,281,2.8100008964538574,0.659869284686528,5009,3,5,SIDE_NORMAL_X_POS,1709,4,20.52719718256817,0.3341300258782627,-67.93728935555872,0.0005082637177954,-1.56117315673783e-06,1.792896268890847e-05,-1.9973674474470585e-05,1.8654861010746107e-05,-1.819063493785733e-05,1.7989033949561417e-05,2.671133927378833e-07,,0.0041153528727591,0.0006433972157537,0.0041188453324139,2.599679650935286e-05,2.7219534366154825e-05,0.2185980528593063,1.093192461179316,-0.1924717509431384,0.0075484321284166,0.6209797767527794,,0,0,CONTINUED_PLASTIC_LOADING,,False,False
BH032,282,2.820000171661377,0.6593660683596286,5009,3,5,SIDE_NORMAL_X_POS,1709,4,20.52719718256817,0.3964092162082404,-67.85638726148767,0.000510157900348,-3.41468291320101e-06,2.052188090793895e-05,-2.125717831386216e-05,1.8654861010746107e-05,-1.819063493785733e-05,1.7989033949561417e-05,2.671133927378833e-07,,0.0041153528727591,0.0006433972157537,0.0041193203069269,2.599679650935286e-05,2.7219534366154825e-05,0.225540891289711,1.359052339874277,-0.1858255240790783,0.0075949086094616,0.6203763299818592,,0,0,CONTINUED_PLASTIC_LOADING,,False,False
BH032,283,2.830000877380371,0.6558015926691856,5009,3,5,SIDE_NORMAL_X_POS,1709,4,20.52719718256817,0.4086244422606782,-67.57847132592315,0.0005108329699528,-4.6043832368236354e-06,2.265805153634285e-05,-2.2822418463039644e-05,1.8654861010746107e-05,-1.819063493785733e-05,1.7989033949561417e-05,2.671133927378833e-07,,0.0041153528727591,0.0006433972157537,0.0041194981895387,2.599679650935286e-05,2.7219534366154825e-05,0.2325245887041092,0.933356698019858,-0.1771729974899706,0.0076912756282623,0.6198792959837518,,0,0,CONTINUED_PLASTIC_LOADING,,False,False
BH032,284,2.84000015258789,0.6494830083526435,5009,3,5,SIDE_NORMAL_X_POS,1709,4,20.52719718256817,0.4017576300247665,-66.98984831934357,0.0005046836933128,-5.365631750886644e-06,2.094056701165876e-05,-2.3268163931900072e-05,1.8654861010746107e-05,-1.819063493785733e-05,1.7989033949561417e-05,2.671133927378833e-07,,0.0041153528727591,0.0006433972157537,0.0041194981895387,2.599679650935286e-05,2.7219534366154825e-05,0.2394424676895141,0.9217694360314572,-0.1734139021733636,0.0078017832960442,0.6162538186605305,,0,0,CONTINUED_PLASTIC_LOADING,,False,False
BH032,285,2.8500008583068848,0.644822909125936,5009,3,5,SIDE_NORMAL_X_POS,1709,4,20.52719718256817,0.3752155941163083,-66.55797884207215,0.0005048383890612,-3.864068449391895e-06,2.3682744874711737e-05,-2.234786169449769e-05,1.8654861010746107e-05,-1.819063493785733e-05,1.7989033949561417e-05,2.671133927378833e-07,,0.0041153528727591,0.0006433972157537,0.0041192015632987,2.599679650935286e-05,2.7219534366154825e-05,0.2463268637657165,1.3445950780230274,-0.1711801297112201,0.0078805132240432,0.6109804825702372,,0,0,CONTINUED_PLASTIC_LOADING,,False,False
BH032,286,2.8600001335144043,0.6423980033813838,5009,3,5,SIDE_NORMAL_X_POS,1709,4,20.52719718256817,0.3872596952453108,-66.35635684659725,0.0005037422427233,-6.964788917689134e-06,2.4375759679625937e-05,-2.496986729416911e-05,1.8654861010746107e-05,-1.819063493785733e-05,1.7989033949561417e-05,2.671133927378833e-07,,0.0041153528727591,0.0006433972157537,0.0041193794459104,2.599679650935286e-05,2.7219534366154825e-05,0.2535915970802307,1.3301338377094751,-0.1629318371525299,0.0079730132569677,0.6113097998048813,,0,0,CONTINUED_PLASTIC_LOADING_WITH_COMPONENT_DROP,,False,False
BH032,287,2.8700008392333984,0.6400876771375387,5009,3,5,SIDE_NORMAL_X_POS,1709,4,20.52719718256817,0.369202707765314,-66.1511108889681,0.0005008058323418,-5.409161314404599e-06,2.2284954616873416e-05,-2.411220311723545e-05,1.8654861010746107e-05,-1.819063493785733e-05,1.7989033949561417e-05,2.671133927378833e-07,,0.0041153528727591,0.0006433972157537,0.0041193794459104,2.599679650935286e-05,2.7219534366154825e-05,0.2605856955051422,1.3802816725621896,-0.1545158497254717,0.0080572885627641,0.6118464182734336,,0,0,CONTINUED_PLASTIC_LOADING_WITH_COMPONENT_DROP,,False,False
BH032,288,2.880000114440918,0.636540345315926,5009,3,5,SIDE_NORMAL_X_POS,1709,4,20.52719718256817,0.3706755086345679,-65.72722175783008,0.0004958897878207,-4.873436709400486e-06,2.0122857284063963e-05,-2.374245987408455e-05,1.8654861010746107e-05,-1.819063493785733e-05,1.7989033949561417e-05,2.671133927378833e-07,,0.0041153528727591,0.0006433972157537,0.0041194390505552,2.599679650935286e-05,2.7219534366154825e-05,0.2667461931705475,1.33757089371381,-0.1516360132274958,0.0081235588052378,0.6080611355770882,,0,0,CONTINUED_PLASTIC_LOADING,,False,False
BH032,289,2.890000820159912,0.6305787357283867,5009,3,5,SIDE_NORMAL_X_POS,1709,4,20.52719718256817,0.4079962391500729,-65.32155161958545,0.0004883664834199,-3.916289827021182e-06,1.5547067408551755e-05,-2.238399252905e-05,1.8654861010746107e-05,-1.819063493785733e-05,1.7989033949561417e-05,2.671133927378833e-07,,0.0041153528727591,0.0006433972157537,0.0041196169331669,2.599679650935286e-05,2.7219534366154825e-05,0.2737320959568023,1.348488584574872,-0.1475198912231789,0.0082405198742803,0.6045433632860202,,0,0,CONTINUED_PLASTIC_LOADING_WITH_COMPONENT_DROP,,False,False
BH032,290,2.900000095367432,0.6244290168453922,5009,3,5,SIDE_NORMAL_X_POS,1709,4,20.52719718256817,0.3895182342905269,-64.71580062345573,0.0004820208307547,-3.721309176181768e-06,1.2874594092975075e-05,-2.283077953997657e-05,1.8654861010746107e-05,-1.819063493785733e-05,1.7989033949561417e-05,2.671133927378833e-07,,0.0041153528727591,0.0006433972157537,0.0041196169331669,2.599679650935286e-05,2.7219534366154825e-05,0.2797630727291107,1.054674284789934,-0.1418232301134848,0.0083665192044727,0.603087897866027,,0,0,CONTINUED_PLASTIC_LOADING,,False,False
BH032,291,2.910000801086426,0.6226852923479295,5009,3,5,SIDE_NORMAL_X_POS,1709,4,20.52719718256817,0.3610359779204844,-64.57560287914701,0.0004810504327624,-4.316960565049245e-06,1.2761723442099272e-05,-2.373489437551622e-05,1.8654861010746107e-05,-1.819063493785733e-05,1.7989033949561417e-05,2.671133927378833e-07,,0.0041153528727591,0.0006433972157537,0.0041194390505552,2.599679650935286e-05,2.7219534366154825e-05,0.2861921489238739,1.3307286535471277,-0.1343867688541621,0.0084332977332117,0.6022375454469787,,0,0,CONTINUED_PLASTIC_LOADING_WITH_COMPONENT_DROP,,False,False
BH032,292,2.9200000762939453,0.620976465083541,5009,3,5,SIDE_NORMAL_X_POS,1709,4,20.52719718256817,0.3728795988405091,-64.41777360528359,0.0004825165502295,-4.159488284563497e-06,1.4995176828608952e-05,-2.381920359244955e-05,1.8654861010746107e-05,-1.819063493785733e-05,1.7989033949561417e-05,2.671133927378833e-07,,0.0041153528727591,0.0006433972157537,0.0041195577941834,2.599679650935286e-05,2.7219534366154825e-05,0.2919740378856659,1.0427090368165912,-0.1308868033248626,0.0084828024677432,0.600070181688736,,0,0,CONTINUED_PLASTIC_LOADING,,False,False
BH032,293,2.9300007820129395,0.6164702036994939,5009,3,5,SIDE_NORMAL_X_POS,1709,4,20.52719718256817,0.3820202387119751,-64.04650440462537,0.000481054588199,-2.491765866969317e-06,1.5762645510842643e-05,-2.2425243278561538e-05,1.8654861010746107e-05,-1.819063493785733e-05,1.7989033949561417e-05,2.671133927378833e-07,,0.0041153528727591,0.0006433972157537,0.0041196765378117,2.599679650935286e-05,2.7219534366154825e-05,0.29781374335289,1.0550371799883445,-0.1246085592269051,0.008595287706453,0.5987197690909514,,0,0,CONTINUED_PLASTIC_LOADING,,False,False
BH032,294,2.940000057220459,0.610941118212374,5009,3,5,SIDE_NORMAL_X_POS,1709,4,20.52719718256817,0.3745943647486644,-63.58837836787211,0.0004784021833672,-5.358899512299077e-06,1.6328233919578013e-05,-2.529248444866055e-05,1.8654861010746107e-05,-1.819063493785733e-05,1.7989033949561417e-05,2.671133927378833e-07,,0.0041153528727591,0.0006433972157537,0.0041196765378117,2.599679650935286e-05,2.7219534366154825e-05,0.3033130764961242,1.3338566069610012,-0.1200960235075621,0.0087073983987251,0.5965893009685286,,0,0,CONTINUED_PLASTIC_LOADING,,False,False
BH032,295,2.950000762939453,0.6088377058432008,5009,3,5,SIDE_NORMAL_X_POS,1709,4,20.52719718256817,0.3526216205958873,-63.34905572190193,0.000478245016921,-4.091392922457495e-07,1.763659680373449e-05,-2.0683384230935556e-05,1.8654861010746107e-05,-1.819063493785733e-05,1.7989033949561417e-05,2.671133927378833e-07,,0.0041153528727591,0.0006433972157537,0.0041193794459104,2.599679650935286e-05,2.7219534366154825e-05,0.3085412085056305,0.9933833076442516,-0.1177333242241219,0.0087618316658752,0.5932923084196264,,0,0,CONTINUED_PLASTIC_LOADING,,False,False
BH032,296,2.9600000381469727,0.6068897762879376,5009,3,5,SIDE_NORMAL_X_POS,1709,4,20.52719718256817,0.3672868357994536,-63.22329279105816,0.0004763096869037,-3.355680692249119e-06,1.672875802882827e-05,-2.3370390948165105e-05,1.8654861010746107e-05,-1.819063493785733e-05,1.7989033949561417e-05,2.671133927378833e-07,,0.0041153528727591,0.0006433972157537,0.0041196169331669,2.599679650935286e-05,2.7219534366154825e-05,0.3140453696250915,0.8934781022655098,-0.1118789269944247,0.0088339414503011,0.5930365122196328,,0,0,CONTINUED_PLASTIC_LOADING_WITH_COMPONENT_DROP,,False,False
BH032,297,2.970000743865967,0.6040729270248014,5009,3,5,SIDE_NORMAL_X_POS,1709,4,20.52719718256817,0.3301913810234555,-62.9287447765541,0.000473996352741,-2.4821408204916007e-06,1.5590681316119575e-05,-2.3614060003975023e-05,1.8654861010746107e-05,-1.819063493785733e-05,1.7989033949561417e-05,2.671133927378833e-07,,0.0041153528727591,0.0006433972157537,0.0041193794459104,2.599679650935286e-05,2.7219534366154825e-05,0.3188165128231048,1.3341464453914094,-0.1047575661445829,0.0089266767135601,0.5931635892386539,,0,0,CONTINUED_PLASTIC_LOADING,,False,False
BH032,298,2.9800000190734863,0.6009694763913732,5009,3,5,SIDE_NORMAL_X_POS,1709,4,20.52719718256817,0.3352423080782727,-62.735454079337,0.0004756613299621,-4.301481384065596e-06,1.8926057559443436e-05,-2.50641981133276e-05,1.8654861010746107e-05,-1.819063493785733e-05,1.7989033949561417e-05,2.671133927378833e-07,,0.0041153528727591,0.0006433972157537,0.0041193203069269,2.599679650935286e-05,2.7219534366154825e-05,0.324329674243927,1.0269298818341606,-0.1021002589236462,0.0089955422575131,0.5900350841600701,,0,0,CONTINUED_PLASTIC_LOADING_WITH_COMPONENT_DROP,,False,False
BH032,299,2.9900007247924805,0.5972363332671251,5009,3,5,SIDE_NORMAL_X_POS,1709,4,20.52719718256817,0.3066631643647805,-62.29473069031818,0.0004745146706171,-4.173666339330612e-06,2.0517107105690423e-05,-2.5442700901325563e-05,1.8654861010746107e-05,-1.819063493785733e-05,1.7989033949561417e-05,2.671133927378833e-07,,0.0041153528727591,0.0006433972157537,0.0041190828196704,2.599679650935286e-05,2.7219534366154825e-05,0.3290985822677612,1.219365980501797,-0.1001121646916641,0.0090757056780817,0.5871405686165933,,0,0,CONTINUED_PLASTIC_LOADING,,False,False
BH032,300,3.0,0.5940631510738695,5009,3,5,SIDE_NORMAL_X_POS,1709,4,20.52719718256817,0.3234885113517755,-62.09778932806779,0.0004708172151265,-3.5639498131853978e-06,1.843813197583989e-05,-2.445954559463989e-05,1.8654861010746107e-05,-1.819063493785733e-05,1.7989033949561417e-05,2.671133927378833e-07,,0.0041153528727591,0.0006433972157537,0.0041192607022821,2.599679650935286e-05,2.7219534366154825e-05,0.3346261382102966,0.98575508625894,-0.0924728453172192,0.0091744988421083,0.5871930729774923,1940094.9189212783,1,1,CONTINUED_PLASTIC_LOADING_WITH_COMPONENT_DROP,,False,False
BH032,301,3.010000705718994,0.5925639865718376,5009,3,5,SIDE_NORMAL_X_POS,1709,4,20.52719718256817,0.3352078863982713,-61.93954806692787,0.0004695975837283,-4.66720212042855e-06,1.7961081067228817e-05,-2.583304150958793e-05,1.8654861010746107e-05,-1.819063493785733e-05,1.7989033949561417e-05,2.671133927378833e-07,,0.0041153528727591,0.0006433972157537,0.0041193794459104,2.599679650935286e-05,2.7219534366154825e-05,0.3395244777202606,1.3005602747825078,-0.0884722981121497,0.0092323100629019,0.5862623750696451,,0,0,CONTINUED_PLASTIC_LOADING,,False,False
BH032,302,3.0199999809265137,0.5907026279244346,5009,3,5,SIDE_NORMAL_X_POS,1709,4,20.52719718256817,0.3300957751797806,-61.81494098927647,0.0004671808965114,-4.996404563811438e-06,1.6682855198179864e-05,-2.5920459025844484e-05,1.8654861010746107e-05,-1.819063493785733e-05,1.7989033949561417e-05,2.671133927378833e-07,,0.0041153528727591,0.0006433972157537,0.0041193203069269,2.599679650935286e-05,2.7219534366154825e-05,0.3451564610004425,1.0282242517124371,-0.0848302756271001,0.0092842087481496,0.5839562293229653,,0,0,CONTINUED_PLASTIC_LOADING_WITH_COMPONENT_DROP,,False,False
BH032,303,3.030000686645508,0.5866143562930148,5009,3,5,SIDE_NORMAL_X_POS,1709,4,20.52719718256817,0.3352545866342559,-61.49425848559469,0.0004649500814717,-4.504667672915446e-06,1.6758018065775348e-05,-2.5303783574823257e-05,1.8654861010746107e-05,-1.819063493785733e-05,1.7989033949561417e-05,2.671133927378833e-07,,0.0041153528727591,0.0006433972157537,0.0041193794459104,2.599679650935286e-05,2.7219534366154825e-05,0.3509482145309448,0.9072638086949036,-0.0792973172716945,0.0093876733734056,0.5828594959755051,,0,0,CONTINUED_PLASTIC_LOADING_WITH_COMPONENT_DROP,,False,False
BH032,304,3.039999961853028,0.5832742746344284,5009,3,5,SIDE_NORMAL_X_POS,1709,4,20.52719718256817,0.316856869225726,-61.26484260774515,0.0004625549078745,-4.732735251217462e-06,1.5587268343070974e-05,-2.6020424480964564e-05,1.8654861010746107e-05,-1.819063493785733e-05,1.7989033949561417e-05,2.671133927378833e-07,,0.0041153528727591,0.0006433972157537,0.0041192015632987,2.599679650935286e-05,2.7219534366154825e-05,0.3564501404762268,0.8392049649542906,-0.0747693285830611,0.0094742183053008,0.5814327030578531,,0,0,CONTINUED_PLASTIC_LOADING,,False,False
BH032,305,3.050000667572021,0.5822641847278791,5009,3,5,SIDE_NORMAL_X_POS,1709,4,20.52719718256817,0.333566702419054,-61.10290109051088,0.0004621638932878,-5.945577716069466e-06,1.6188201404207915e-05,-2.724522494804366e-05,1.8654861010746107e-05,-1.819063493785733e-05,1.7989033949561417e-05,2.671133927378833e-07,,0.0041153528727591,0.0006433972157537,0.0041193794459104,2.599679650935286e-05,2.724522494804366e-05,0.3619051277637481,0.969653535498267,-0.0727507968677373,0.0095158867349959,0.5794455248487711,,0,0,CONTINUED_PLASTIC_LOADING,,False,False
BH032,306,3.059999942779541,0.5806488378416752,5009,3,5,SIDE_NORMAL_X_POS,1709,4,20.52719718256817,0.2876972955211456,-60.9737125617571,0.0004585769560907,-4.971718251232677e-06,1.3017632019420077e-05,-2.7065075567054946e-05,1.8654861010746107e-05,-1.819063493785733e-05,1.7989033949561417e-05,2.671133927378833e-07,,0.0041153528727591,0.0006433972157537,0.0041190232150256,2.599679650935286e-05,2.724522494804366e-05,0.3675194084644317,1.2776397701026343,-0.0668109408994419,0.0095765655668664,0.5789229459724106,,0,0,CONTINUED_PLASTIC_LOADING,,False,False
BH032,307,3.070000648498535,0.5768199166056395,5009,3,5,SIDE_NORMAL_X_POS,1709,4,20.52719718256817,0.3404616182430534,-60.63833584521406,0.0004559006708622,-5.060235885113399e-06,1.3203269603000829e-05,-2.6245212281619627e-05,1.8654861010746107e-05,-1.819063493785733e-05,1.7989033949561417e-05,2.671133927378833e-07,,0.0041153528727591,0.0006433972157537,0.0041194390505552,2.599679650935286e-05,2.724522494804366e-05,0.3737037479877472,1.0440623494028272,-0.0602462438734181,0.0096676930213359,0.5785526733185902,,0,0,CONTINUED_PLASTIC_LOADING_WITH_COMPONENT_DROP,,False,False
BH032,308,3.0799999237060547,0.5720312770035968,5009,3,5,SIDE_NORMAL_X_POS,1709,4,20.52719718256817,0.3202553470242346,-60.21330993436868,0.0004487291757287,-5.777488938354209e-06,9.155957134641133e-06,-2.691592448125541e-05,1.8654861010746107e-05,-1.819063493785733e-05,1.7989033949561417e-05,2.671133927378833e-07,,0.0041153528727591,0.0006433972157537,0.0041192607022821,2.599679650935286e-05,2.724522494804366e-05,0.3799909353256225,1.3391765233931188,-0.0574796496773812,0.0097279506424639,0.5753155178828175,,0,0,CONTINUED_PLASTIC_LOADING_WITH_COMPONENT_DROP,,False,False
BH032,309,3.090000629425049,0.5691089710176571,5009,3,5,SIDE_NORMAL_X_POS,1709,4,20.52719718256817,0.3052590578439277,-59.868037893796014,0.000445580390285,-6.273289013401101e-06,8.336380567635249e-06,-2.7572849756158464e-05,1.8654861010746107e-05,-1.819063493785733e-05,1.7989033949561417e-05,2.671133927378833e-07,,0.0041153528727591,0.0006433972157537,0.0041190232150256,2.599679650935286e-05,2.7572849756158464e-05,0.3856059312820434,1.1138413201605764,-0.0551332011574045,0.0097985497150755,0.5730695833709312,,0,0,CONTINUED_PLASTIC_LOADING,,False,False
BH032,310,3.0999999046325684,0.5682262654524548,5009,3,5,SIDE_NORMAL_X_POS,1709,4,20.52719718256817,0.3077741650650155,-59.967200942427525,0.0004498124592366,-5.114045811395332e-06,1.1555195829545676e-05,-2.672401584873302e-05,1.8654861010746107e-05,-1.819063493785733e-05,1.7989033949561417e-05,2.671133927378833e-07,,0.0041153528727591,0.0006433972157537,0.0041191419586539,2.599679650935286e-05,2.7572849756158464e-05,0.3923777639865875,1.340109765454402,-0.0475660155078623,0.0098812345243954,0.5740627109714758,,0,0,CONTINUED_PLASTIC_LOADING_WITH_COMPONENT_DROP,,False,False
BH032,311,3.1100006103515625,0.5661753453446837,5009,3,5,SIDE_NORMAL_X_POS,1709,4,20.52719718256817,0.3143773161728128,-59.66096469630172,0.0004504611338418,-6.894471321361624e-06,1.4223426325078107e-05,-2.855608197754964e-05,1.8654861010746107e-05,-1.819063493785733e-05,1.7989033949561417e-05,2.671133927378833e-07,,0.0041153528727591,0.0006433972157537,0.0041191419586539,2.599679650935286e-05,2.855608197754964e-05,0.3983392417430877,0.9605600264836592,-0.0434118382674653,0.0099190171552522,0.5720029554137235,,0,0,CONTINUED_PLASTIC_LOADING,,False,False
BH032,312,3.119999885559082,0.5645874775252527,5009,3,5,SIDE_NORMAL_X_POS,1709,4,20.52719718256817,0.2904507020957322,-59.62355396277877,0.0004523555799972,-6.572060386446105e-06,1.6136390011774974e-05,-2.8639144393406745e-05,1.8654861010746107e-05,-1.819063493785733e-05,1.7989033949561417e-05,2.671133927378833e-07,,0.0041153528727591,0.0006433972157537,0.0041190232150256,2.599679650935286e-05,2.8639144393406745e-05,0.4047350287437439,1.2791074128695972,-0.0384438155098717,0.0099885963148291,0.5710210736002591,,0,0,CONTINUED_PLASTIC_LOADING,,False,False
BH032,313,3.130000591278076,0.5614588738767351,5009,3,5,SIDE_NORMAL_X_POS,1709,4,20.52719718256817,0.3673537122063135,-59.38248037088353,0.0004512104012887,-9.437441278518444e-06,1.6744580024972402e-05,-3.0885976253545696e-05,1.8654861010746107e-05,-1.819063493785733e-05,1.7989033949561417e-05,2.671133927378833e-07,,0.0041153528727591,0.0006433972157537,0.0041196169331669,2.599679650935286e-05,3.0885976253545696e-05,0.4116114675998688,0.9571225531558306,-0.034776230083669,0.0100807607735181,0.5702247784686687,,0,0,CONTINUED_PLASTIC_LOADING_WITH_COMPONENT_DROP,,False,False
BH032,314,3.1400012969970703,0.5593067390849272,5009,3,5,SIDE_NORMAL_X_POS,1709,4,20.52719718256817,0.3242358045344894,-59.13329291845975,0.0004477991243389,-8.71291545482991e-06,1.5223953048075976e-05,-3.0291344420811748e-05,1.8654861010746107e-05,-1.819063493785733e-05,1.7989033949561417e-05,2.671133927378833e-07,,0.0041153528727591,0.0006433972157537,0.0041192015632987,2.599679650935286e-05,3.0885976253545696e-05,0.4178510010242462,0.9543065654707776,-0.0309640531074162,0.0101303758228528,0.5676734183216131,,0,0,CONTINUED_PLASTIC_LOADING,,False,False
BH032,315,3.15000057220459,0.5584080859159624,5009,3,5,SIDE_NORMAL_X_POS,1709,4,20.52719718256817,0.3012135716706746,-59.10485435229134,0.0004481593331374,-5.6268265996545046e-06,1.510375389228186e-05,-2.8041383328857288e-05,1.8654861010746107e-05,-1.819063493785733e-05,1.7989033949561417e-05,2.671133927378833e-07,,0.0041153528727591,0.0006433972157537,0.0041191419586539,2.599679650935286e-05,3.0885976253545696e-05,0.4241353273391723,1.0778823118751524,-0.0252957111879404,0.0101963572193121,0.5679013899790775,,0,0,CONTINUED_PLASTIC_LOADING,,False,False
BH032,316,3.160001277923584,0.5567139097442966,5009,3,5,SIDE_NORMAL_X_POS,1709,4,20.52719718256817,0.3079045800188563,-58.95906044747704,0.0004501803243699,-7.684144292013874e-06,1.778880899036794e-05,-3.0396177914653304e-05,1.8654861010746107e-05,-1.819063493785733e-05,1.7989033949561417e-05,2.671133927378833e-07,,0.0041153528727591,0.0006433972157537,0.0041192607022821,2.599679650935286e-05,3.0885976253545696e-05,0.4304307401180267,1.2274042344364078,-0.0196137645087603,0.0102577440023575,0.5673919719460918,,0,0,CONTINUED_PLASTIC_LOADING,,False,False
BH032,317,3.1700005531311035,0.5542480715762405,5009,3,5,SIDE_NORMAL_X_POS,1709,4,20.52719718256817,0.2895062665639195,-58.7228391501715,0.0004511071627989,-9.20802620100569e-06,2.049156313228335e-05,-3.190418750309218e-05,1.8654861010746107e-05,-1.819063493785733e-05,1.7989033949561417e-05,2.671133927378833e-07,,0.0041153528727591,0.0006433972157537,0.0041190828196704,2.599679650935286e-05,3.190418750309218e-05,0.436887115240097,1.119293562173372,-0.0160837391474102,0.0103187014446903,0.5653621798605635,,0,0,CONTINUED_PLASTIC_LOADING,,False,False
BH032,318,3.1800012588500977,0.5520871157277626,5009,3,5,SIDE_NORMAL_X_POS,1709,4,20.52719718256817,0.3013183864313368,-58.59050349638902,0.0004504831288523,-5.865335590846208e-06,2.0674286573205147e-05,-2.8587851490976743e-05,1.8654861010746107e-05,-1.819063493785733e-05,1.7989033949561417e-05,2.671133927378833e-07,,0.0041153528727591,0.0006433972157537,0.0041191419586539,2.599679650935286e-05,3.190418750309218e-05,0.4433033764362335,0.9893448748336348,-0.0116439792998631,0.0103981085893627,0.5644694368733059,,0,0,CONTINUED_PLASTIC_LOADING,,False,False
BH032,319,3.190000534057617,0.5494912577011009,5009,3,5,SIDE_NORMAL_X_POS,1709,4,20.52719718256817,0.28812817746873,-58.37527066200214,0.0004501383263813,-7.04612564728915e-06,2.1360507112694172e-05,-3.0316579666019245e-05,1.8654861010746107e-05,-1.819063493785733e-05,1.7989033949561417e-05,2.671133927378833e-07,,0.0041153528727591,0.0006433972157537,0.0041190232150256,2.599679650935286e-05,3.190418750309218e-05,0.4495864808559418,1.234008501764764,-0.0068882068124044,0.0104574718527102,0.5632145004721686,,0,0,CONTINUED_PLASTIC_LOADING,,False,False
BH032,320,3.200001239776612,0.5487599049684484,5009,3,5,SIDE_NORMAL_X_POS,1709,4,20.52719718256817,0.2890245120555019,-58.27109510150674,0.0004507046977307,-6.74087587468797e-06,2.237205264463512e-05,-3.028006741083705e-05,1.8654861010746107e-05,-1.819063493785733e-05,1.7989033949561417e-05,2.671133927378833e-07,,0.0041153528727591,0.0006433972157537,0.0041190828196704,2.599679650935286e-05,3.190418750309218e-05,0.4556855857372284,1.3802816987461184,-0.0015570930603637,0.0105151338241318,0.5629107602530382,,0,0,CONTINUED_PLASTIC_LOADING,,False,False
BH032,321,3.210000514984131,0.548136289118102,5009,3,5,SIDE_NORMAL_X_POS,1709,4,20.52719718256817,0.301698395818088,-58.18795759499106,0.0004511902688482,-7.418642591650384e-06,2.3446521503854144e-05,-3.0856012119262304e-05,1.8654861010746107e-05,-1.819063493785733e-05,1.7989033949561417e-05,2.671133927378833e-07,,0.0041153528727591,0.0006433972157537,0.0041192015632987,2.599679650935286e-05,3.190418750309218e-05,0.4620169997215271,0.9650691445033226,0.0027977115448347,0.0105700818379729,0.5625198768158138,,0,0,CONTINUED_PLASTIC_LOADING,,False,False
BH032,322,3.220001220703125,0.5456005969414434,5009,3,5,SIDE_NORMAL_X_POS,1709,4,20.52719718256817,0.309145995672932,-57.91526779432267,0.0004474486731501,-8.700499423627177e-06,2.2568989419507904e-05,-3.110727677178718e-05,1.8654861010746107e-05,-1.819063493785733e-05,1.7989033949561417e-05,2.671133927378833e-07,,0.0041153528727591,0.0006433972157537,0.0041190828196704,2.599679650935286e-05,3.190418750309218e-05,0.468481957912445,0.9148898660011984,0.0058087630071795,0.0106265782084958,0.5604827671270776,,0,0,CONTINUED_PLASTIC_LOADING_WITH_COMPONENT_DROP,,False,False
BH032,323,3.2300004959106445,0.5433678446089869,5009,3,5,SIDE_NORMAL_X_POS,1709,4,20.52719718256817,0.3428769472956178,-57.78522095874288,0.0004514685590175,-1.0385435363602716e-05,2.790327143596352e-05,-3.214359456243563e-05,1.8654861010746107e-05,-1.819063493785733e-05,1.7989033949561417e-05,2.671133927378833e-07,,0.0041153528727591,0.0006433972157537,0.0041192607022821,2.790327143596352e-05,3.214359456243563e-05,0.4749788045883178,0.9176870146505998,0.01138982137795,0.010706309631809,0.5599922755337756,,0,0,CONTINUED_PLASTIC_LOADING_WITH_COMPONENT_DROP,,False,False
BH032,324,3.2400012016296387,0.5423021657137692,5009,3,5,SIDE_NORMAL_X_POS,1709,4,20.52719718256817,0.2886488538075215,-57.79869828325971,0.0004517823661741,-7.294550991480877e-06,2.672668832100244e-05,-3.082478780490252e-05,1.8654861010746107e-05,-1.819063493785733e-05,1.7989033949561417e-05,2.671133927378833e-07,,0.0041153528727591,0.0006433972157537,0.0041192015632987,2.790327143596352e-05,3.214359456243563e-05,0.4810261130332947,1.37360842232636,0.0161778548782891,0.0107572389043582,0.5590964358549793,,0,0,CONTINUED_PLASTIC_LOADING,,False,False
BH032,325,3.2500009536743164,0.5411914047942838,5009,3,5,SIDE_NORMAL_X_POS,1709,4,20.52719718256817,0.3425575558284535,-57.66416536400265,0.0004499502082683,-1.3069960999108517e-05,2.6795624156634177e-05,-3.5256414328468455e-05,1.8654861010746107e-05,-1.819063493785733e-05,1.7989033949561417e-05,2.671133927378833e-07,,0.0041153528727591,0.0006433972157537,0.0041193203069269,2.790327143596352e-05,3.5256414328468455e-05,0.4879146218299866,1.3257528229238618,0.0205248624511599,0.0108045741851593,0.5580257034920534,1250711.319034868,1,1,CONTINUED_PLASTIC_LOADING_WITH_COMPONENT_DROP,,False,False
BH032,326,3.260000705718994,0.5391949818363739,5009,3,5,SIDE_NORMAL_X_POS,1709,4,20.52719718256817,0.2828378781768815,-57.49591815261997,0.0004510382844285,-9.193481368257976e-06,2.700705879532403e-05,-3.3832384207884824e-05,1.8654861010746107e-05,-1.819063493785733e-05,1.7989033949561417e-05,2.671133927378833e-07,,0.0041153528727591,0.0006433972157537,0.0041191419586539,2.790327143596352e-05,3.5256414328468455e-05,0.4945927560329437,1.2779879430010892,0.0265581300704918,0.0108887386946752,0.5577876737636602,,0,0,CONTINUED_PLASTIC_LOADING,,False,False
BH032,327,3.2699999809265137,0.5371913507110737,5009,3,5,SIDE_NORMAL_X_POS,1709,4,20.52719718256817,0.3192926426700488,-57.33333195159194,0.0004501886504253,-9.260401203931056e-06,2.824052968576461e-05,-3.2688075439329164e-05,1.8654861010746107e-05,-1.819063493785733e-05,1.7989033949561417e-05,2.671133927378833e-07,,0.0041153528727591,0.0006433972157537,0.0041192015632987,2.824052968576461e-05,3.5256414328468455e-05,0.5024346709251404,0.8750365459991067,0.030394329580412,0.0109506567667651,0.555703157781278,,0,0,CONTINUED_PLASTIC_LOADING_WITH_COMPONENT_DROP,,False,False
BH032,328,3.2800004482269287,0.5358396641200878,5009,3,5,SIDE_NORMAL_X_POS,1709,4,20.52719718256817,0.2730828038668107,-57.19247426470145,0.0004526086130274,-8.486498484735518e-06,3.0243885463895784e-05,-3.362387303959351e-05,1.8654861010746107e-05,-1.819063493785733e-05,1.7989033949561417e-05,2.671133927378833e-07,,0.0041153528727591,0.0006433972157537,0.0041190828196704,3.0243885463895784e-05,3.5256414328468455e-05,0.5089749693870544,1.1542816896406105,0.0361715654568749,0.0110202957064512,0.5552165250044026,,0,0,CONTINUED_PLASTIC_LOADING,,False,False
BH032,329,3.290000915527344,0.5341820230740876,5009,3,5,SIDE_NORMAL_X_POS,1709,4,20.52719718256817,0.3073662905087395,-57.12726964880384,0.0004524063354432,-1.0105906379715476e-05,3.12534010879367e-05,-3.424522825115151e-05,1.8654861010746107e-05,-1.819063493785733e-05,1.7989033949561417e-05,2.671133927378833e-07,,0.0041153528727591,0.0006433972157537,0.0041192607022821,3.12534010879367e-05,3.5256414328468455e-05,0.5161198973655701,0.8418968423714139,0.0418393932863071,0.0110832684166409,0.5546789144511426,,0,0,CONTINUED_PLASTIC_LOADING_WITH_COMPONENT_DROP,,False,False
BH032,330,3.300000190734864,0.5327547033490784,5009,3,5,SIDE_NORMAL_X_POS,1709,4,20.52719718256817,0.3043398052728086,-56.97081366586202,0.0004538963951628,-9.602237273223036e-06,3.397051333641426e-05,-3.361691999024478e-05,1.8654861010746107e-05,-1.819063493785733e-05,1.7989033949561417e-05,2.671133927378833e-07,,0.0041153528727591,0.0006433972157537,0.0041190232150256,3.397051333641426e-05,3.5256414328468455e-05,0.5231832265853882,1.2901911856136872,0.0459966196767089,0.0111459043756259,0.5534193547445703,,0,0,CONTINUED_PLASTIC_LOADING,,False,False
BH032,331,3.3100006580352783,0.5304899004297952,5009,3,5,SIDE_NORMAL_X_POS,1709,4,20.52719718256817,0.2812264965180117,-56.76809303764984,0.0004504971781742,-1.0727791106564029e-05,3.077602098721673e-05,-3.609881326474985e-05,1.8654861010746107e-05,-1.819063493785733e-05,1.7989033949561417e-05,2.671133927378833e-07,,0.0041153528727591,0.0006433972157537,0.0041190232150256,3.397051333641426e-05,3.609881326474985e-05,0.529682993888855,1.2363688363978134,0.0505702142989376,0.0112181045940176,0.5522759967695412,,0,0,CONTINUED_PLASTIC_LOADING,,False,False
BH032,332,3.319999933242798,0.5289929983859263,5009,3,5,SIDE_NORMAL_X_POS,1709,4,20.52719718256817,0.2418135984106306,-56.67090600206665,0.0004491265379059,-8.990143771688735e-06,2.9349027118046164e-05,-3.536175870366806e-05,1.8654861010746107e-05,-1.819063493785733e-05,1.7989033949561417e-05,2.671133927378833e-07,,0.0041153528727591,0.0006433972157537,0.0041187265887856,3.397051333641426e-05,3.609881326474985e-05,0.5364212393760681,1.3802817328552195,0.05570436823435,0.0112836024923872,0.551531400417985,,0,0,CONTINUED_PLASTIC_LOADING,,False,False
BH032,333,3.330000400543213,0.5281173002873201,5009,3,5,SIDE_NORMAL_X_POS,1709,4,20.52719718256817,0.2558348897796084,-56.58375161960525,0.0004454746871918,-9.775948470687685e-06,2.7049609645974184e-05,-3.530065844004147e-05,1.8654861010746107e-05,-1.819063493785733e-05,1.7989033949561417e-05,2.671133927378833e-07,,0.0041153528727591,0.0006433972157537,0.0041186674498021,3.397051333641426e-05,3.609881326474985e-05,0.5437917709350586,1.1656545301266583,0.0618323550815685,0.0113382404801655,0.5507878184835552,,0,0,CONTINUED_PLASTIC_LOADING_WITH_COMPONENT_DROP,,False,False
BH032,334,3.340000867843628,0.5259194891269945,5009,3,5,SIDE_NORMAL_X_POS,1709,4,20.52719718256817,0.2658002492620512,-56.42345423677991,0.0004451069729478,-9.53541385303471e-06,2.8237301410210885e-05,-3.454387926584562e-05,1.8654861010746107e-05,-1.819063493785733e-05,1.7989033949561417e-05,2.671133927378833e-07,,0.0041153528727591,0.0006433972157537,0.0041187265887856,3.397051333641426e-05,3.609881326474985e-05,0.5507278442382812,1.0864713559335406,0.0655429564333751,0.0114043818676745,0.5497147193273809,,0,0,CONTINUED_PLASTIC_LOADING_WITH_COMPONENT_DROP,,False,False
BH032,335,3.3500001430511475,0.5237737555563342,5009,3,5,SIDE_NORMAL_X_POS,1709,4,20.52719718256817,0.2621879398150492,-56.2476043342673,0.0004428836692709,-9.744501829632437e-06,2.6775674225444772e-05,-3.523181295274607e-05,1.8654861010746107e-05,-1.819063493785733e-05,1.7989033949561417e-05,2.671133927378833e-07,,0.0041153528727591,0.0006433972157537,0.0041186078451573,3.397051333641426e-05,3.609881326474985e-05,0.5573523044586182,1.320693543480322,0.0704187801218828,0.0114768472731085,0.5488159060213968,,0,0,CONTINUED_PLASTIC_LOADING,,False,False
BH032,336,3.3600006103515625,0.5224569340099232,5009,3,5,SIDE_NORMAL_X_POS,1709,4,20.52719718256817,0.2707465701724487,-56.15538784888096,0.0004408782158401,-9.3582273204718e-06,2.476638412739798e-05,-3.542765521475765e-05,1.8654861010746107e-05,-1.819063493785733e-05,1.7989033949561417e-05,2.671133927378833e-07,,0.0041153528727591,0.0006433972157537,0.0041187265887856,3.397051333641426e-05,3.609881326474985e-05,0.5639873743057251,1.319146221946339,0.0746882383292649,0.0115317212986084,0.5478487081077748,,0,0,CONTINUED_PLASTIC_LOADING,,False,False
BH032,337,3.369999885559082,0.5212210361446049,5009,3,5,SIDE_NORMAL_X_POS,1709,4,20.52719718256817,0.2687192077261682,-55.97509382435813,0.0004416934158511,-8.242695504463585e-06,2.671579845080034e-05,-3.4438195171439256e-05,1.8654861010746107e-05,-1.819063493785733e-05,1.7989033949561417e-05,2.671133927378833e-07,,0.0041153528727591,0.0006433972157537,0.0041187265887856,3.397051333641426e-05,3.609881326474985e-05,0.5705774426460266,0.8718942494046795,0.0812158221519607,0.0115915627584713,0.5473290189162883,,0,0,CONTINUED_PLASTIC_LOADING,,False,False
BH032,338,3.380000352859497,0.5195809698716363,5009,3,5,SIDE_NORMAL_X_POS,1709,4,20.52719718256817,0.2518267161114303,-55.7991409250264,0.0004413923300612,-8.424121528683316e-06,2.774183506427404e-05,-3.462553144856109e-05,1.8654861010746107e-05,-1.819063493785733e-05,1.7989033949561417e-05,2.671133927378833e-07,,0.0041153528727591,0.0006433972157537,0.0041184891015291,3.397051333641426e-05,3.609881326474985e-05,0.5771458745002747,0.9214539225330058,0.0852230255192431,0.0116562262317147,0.5464769865525807,,0,0,CONTINUED_PLASTIC_LOADING,,False,False
BH032,339,3.390000820159912,0.5178816221177401,5009,3,5,SIDE_NORMAL_X_POS,1709,4,20.52719718256817,0.2456249277529132,-55.81483077380583,0.0004426860228918,-6.872956183391144e-06,2.7944575014309133e-05,-3.409973331266569e-05,1.8654861010746107e-05,-1.819063493785733e-05,1.7989033949561417e-05,2.671133927378833e-07,,0.0041153528727591,0.0006433972157537,0.0041184891015291,3.397051333641426e-05,3.609881326474985e-05,0.5834908485412598,0.8088792347628718,0.088867778641988,0.0117137486045575,0.5453561150663082,,0,0,CONTINUED_PLASTIC_LOADING,,False,False
BH032,340,3.400000095367432,0.5165611880755128,5009,3,5,SIDE_NORMAL_X_POS,1709,4,20.52719718256817,0.2721294872435345,-55.65610123144933,0.0004422129798647,-5.32678721169768e-06,2.793658666564098e-05,-3.300250724002176e-05,1.8654861010746107e-05,-1.819063493785733e-05,1.7989033949561417e-05,2.671133927378833e-07,,0.0041153528727591,0.0006433972157537,0.0041188453324139,3.397051333641426e-05,3.609881326474985e-05,0.5892903804779053,0.9718717930643698,0.0928269537057414,0.0117711628958114,0.5446986640261486,,0,0,CONTINUED_PLASTIC_LOADING,,False,False
BH032,341,3.4100005626678467,0.5154521850755285,5009,3,5,SIDE_NORMAL_X_POS,1709,4,20.52719718256817,0.1898422856308498,-55.57760239649111,0.000442860764236,-3.240026895486763e-06,2.7145981821943257e-05,-3.346556035469829e-05,1.8654861010746107e-05,-1.819063493785733e-05,1.7989033949561417e-05,2.671133927378833e-07,,0.0041153528727591,0.0006433972157537,0.0041183112189173,3.397051333641426e-05,3.609881326474985e-05,0.5951574444770813,1.1554228931359185,0.0981555920024635,0.0118298557616283,0.5442699300565339,,0,0,CONTINUED_PLASTIC_LOADING,,False,False
BH032,342,3.4200010299682617,0.5138913703693636,5009,3,5,SIDE_NORMAL_X_POS,1709,4,20.52719718256817,0.184446217904088,-55.45389177263576,0.0004408220137508,-3.391529463055371e-06,2.6592890015016143e-05,-3.302384681260796e-05,1.8654861010746107e-05,-1.819063493785733e-05,1.7989033949561417e-05,2.671133927378833e-07,,0.0041153528727591,0.0006433972157537,0.0041180737316608,3.397051333641426e-05,3.609881326474985e-05,0.6016080379486084,1.2347032657932082,0.1026370415723137,0.0118839549363758,0.5430576036631918,,0,0,CONTINUED_PLASTIC_LOADING_WITH_COMPONENT_DROP,,False,False
BH032,343,3.430000305175781,0.5120331257420011,5009,3,5,SIDE_NORMAL_X_POS,1709,4,20.52719718256817,0.2218567130084797,-55.35188296003891,0.0004361794043547,-4.690849064209685e-06,2.3318660449209464e-05,-3.3401318731964176e-05,1.8654861010746107e-05,-1.819063493785733e-05,1.7989033949561417e-05,2.671133927378833e-07,,0.0041153528727591,0.0006433972157537,0.0041181924752891,3.397051333641426e-05,3.609881326474985e-05,0.6079228520393372,0.824192874957549,0.1072967611780046,0.0119478546136758,0.542351802698595,,0,0,CONTINUED_PLASTIC_LOADING_WITH_COMPONENT_DROP,,False,False
BH032,344,3.4400007724761963,0.5103248869210442,5009,3,5,SIDE_NORMAL_X_POS,1709,4,20.52719718256817,0.1681407872967156,-55.2359505033757,0.0004349306420145,-2.125277347469817e-06,2.0436108950813465e-05,-3.3642220844317186e-05,1.8654861010746107e-05,-1.819063493785733e-05,1.7989033949561417e-05,2.671133927378833e-07,,0.0041153528727591,0.0006433972157537,0.0041180737316608,3.397051333641426e-05,3.609881326474985e-05,0.6130614876747131,1.0649488177651565,0.111224096186667,0.0120022924846082,0.5415994570593479,,0,0,CONTINUED_PLASTIC_LOADING,,False,False
BH032,345,3.450000047683716,0.5092781173540362,5009,3,5,SIDE_NORMAL_X_POS,1709,4,20.52719718256817,0.1545186980087928,-55.16747669214525,0.0004364273237322,-2.377859415785304e-06,2.3016014163071863e-05,-3.337906260123284e-05,1.8654861010746107e-05,-1.819063493785733e-05,1.7989033949561417e-05,2.671133927378833e-07,,0.0041153528727591,0.0006433972157537,0.004117717500776,3.397051333641426e-05,3.609881326474985e-05,0.6194124817848206,1.0085652850529483,0.1155161426910006,0.0120559724478121,0.5409881701369383,,0,0,CONTINUED_PLASTIC_LOADING_WITH_COMPONENT_DROP,,False,False
BH032,346,3.460000514984131,0.5080753643394897,5009,3,5,SIDE_NORMAL_X_POS,1709,4,20.52719718256817,0.1587248335898792,-54.92698293419469,0.000438538079074,-4.101466441496816e-06,2.707044895604272e-05,-3.47923147543418e-05,1.8654861010746107e-05,-1.819063493785733e-05,1.7989033949561417e-05,2.671133927378833e-07,,0.0041153528727591,0.0006433972157537,0.0041178362444043,3.397051333641426e-05,3.609881326474985e-05,0.6248496174812317,1.075714513030982,0.1199249993939346,0.0121137816357444,0.5401994066290208,,0,0,CONTINUED_PLASTIC_LOADING,,False,False
BH032,347,3.470000982284546,0.5067367347827231,5009,3,5,SIDE_NORMAL_X_POS,1709,4,20.52719718256817,0.1738805800852055,-54.94514089193601,0.0004407959892791,-2.5199749176746736e-06,2.7769741106295552e-05,-3.453916222387961e-05,1.8654861010746107e-05,-1.819063493785733e-05,1.7989033949561417e-05,2.671133927378833e-07,,0.0041153528727591,0.0006433972157537,0.0041178953833878,3.397051333641426e-05,3.609881326474985e-05,0.6309257745742798,1.0713558844983075,0.1240658736231311,0.01216692851608,0.5393806367042551,,0,0,CONTINUED_PLASTIC_LOADING,,False,False
BH032,348,3.480000257492065,0.505394815716308,5009,3,5,SIDE_NORMAL_X_POS,1709,4,20.52719718256817,0.1434744796286097,-54.81177145526532,0.0004387302717765,-2.638595899373368e-07,2.623776587867973e-05,-3.2881393587530635e-05,1.8654861010746107e-05,-1.819063493785733e-05,1.7989033949561417e-05,2.671133927378833e-07,,0.0041153528727591,0.0006433972157537,0.0041177766397595,3.397051333641426e-05,3.609881326474985e-05,0.6360514760017395,1.0801008781263493,0.1279787619565105,0.0122189006885561,0.5388222175528607,,0,0,CONTINUED_PLASTIC_LOADING,,False,False
BH032,349,3.4900007247924805,0.5041911261507915,5009,3,5,SIDE_NORMAL_X_POS,1709,4,20.52719718256817,0.1855452380715433,-54.72713477282688,0.0004404932541899,-4.882834633356025e-06,2.9737771590850295e-05,-3.6057579829858535e-05,1.8654861010746107e-05,-1.819063493785733e-05,1.7989033949561417e-05,2.671133927378833e-07,,0.0041153528727591,0.0006433972157537,0.0041179549880325,3.397051333641426e-05,3.609881326474985e-05,0.6424827575683594,1.3426090387564285,0.1327923900629692,0.0122724323914683,0.5382280935879946,,0,0,CONTINUED_PLASTIC_LOADING_WITH_COMPONENT_DROP,,False,False
BH032,350,3.5,0.5029018631173556,5009,3,5,SIDE_NORMAL_X_POS,1709,4,20.52719718256817,0.1451903184202976,-54.65605552354237,0.0004428915247134,-2.6053255185423847e-06,3.08832897999656e-05,-3.580310530316186e-05,1.8654861010746107e-05,-1.819063493785733e-05,1.7989033949561417e-05,2.671133927378833e-07,,0.0041153528727591,0.0006433972157537,0.0041176578961312,3.397051333641426e-05,3.609881326474985e-05,0.6478242874145508,0.978208930206489,0.1364885615032986,0.0123260844429637,0.5374982927477517,4494944.267934416,1,1,CONTINUED_PLASTIC_LOADING,,False,False
BH032,351,3.510000467300415,0.5017362620122796,5009,3,5,SIDE_NORMAL_X_POS,1709,4,20.52719718256817,0.1556346756965259,-54.50835808492284,0.0004437128700206,-3.447471817460057e-06,3.208404696774603e-05,-3.721459376000908e-05,1.8654861010746107e-05,-1.819063493785733e-05,1.7989033949561417e-05,2.671133927378833e-07,,0.0041153528727591,0.0006433972157537,0.0041178953833878,3.397051333641426e-05,3.721459376000908e-05,0.6530685424804688,1.2731690916946323,0.140321890677142,0.0123755778324003,0.5366345085259221,,0,0,CONTINUED_PLASTIC_LOADING,,False,False
BH032,352,3.52000093460083,0.5006157864809654,5009,3,5,SIDE_NORMAL_X_POS,1709,4,20.52719718256817,0.1559439790782525,-54.42514428446706,0.0004446838646816,-1.5160338001142006e-06,3.427424941894317e-05,-3.463702051291571e-05,1.8654861010746107e-05,-1.819063493785733e-05,1.7989033949561417e-05,2.671133927378833e-07,,0.0041153528727591,0.0006433972157537,0.0041178953833878,3.427424941894317e-05,3.721459376000908e-05,0.6585288643836975,1.001606981432055,0.145000417410261,0.0124277678833928,0.5362325766502304,,0,0,CONTINUED_PLASTIC_LOADING_WITH_COMPONENT_DROP,,False,False
BH032,353,3.5300002098083496,0.4994588243954704,5009,3,5,SIDE_NORMAL_X_POS,1709,4,20.52719718256817,0.1565724653109011,-54.39610299617194,0.000443043294328,-8.06597761596195e-07,3.263921323332108e-05,-3.4118452163986674e-05,1.8654861010746107e-05,-1.819063493785733e-05,1.7989033949561417e-05,2.671133927378833e-07,,0.0041153528727591,0.0006433972157537,0.0041177766397595,3.427424941894317e-05,3.721459376000908e-05,0.6636629700660706,1.229451210938365,0.1494066179813031,0.0124754839008864,0.5354800524826926,,0,0,CONTINUED_PLASTIC_LOADING_WITH_COMPONENT_DROP,,False,False
BH032,354,3.5400006771087646,0.4982715574840405,5009,3,5,SIDE_NORMAL_X_POS,1709,4,20.52719718256817,0.177395689264394,-54.26981745183857,0.0004452530395371,-3.908255367805194e-06,3.541110661240906e-05,-3.7386963814878965e-05,1.8654861010746107e-05,-1.819063493785733e-05,1.7989033949561417e-05,2.671133927378833e-07,,0.0041153528727591,0.0006433972157537,0.004118014127016,3.541110661240906e-05,3.7386963814878965e-05,0.668462872505188,1.3802816200479986,0.1528434198187703,0.0125259971867997,0.5348442657418315,,0,0,CONTINUED_PLASTIC_LOADING,,False,False
BH032,355,3.549999952316284,0.4969180057737757,5009,3,5,SIDE_NORMAL_X_POS,1709,4,20.52719718256817,0.1259234610423129,-54.191787824611886,0.0004467172099716,-2.93432442289264e-06,3.695537907285191e-05,-3.722810495996893e-05,1.8654861010746107e-05,-1.819063493785733e-05,1.7989033949561417e-05,2.671133927378833e-07,,0.0041153528727591,0.0006433972157537,0.004117420874536,3.695537907285191e-05,3.7386963814878965e-05,0.6731982827186584,1.1615292140096911,0.156980922660362,0.0125781219762714,0.5341726073942489,,0,0,CONTINUED_PLASTIC_LOADING,,False,False
BH032,356,3.560000419616699,0.4962346772338422,5009,3,5,SIDE_NORMAL_X_POS,1709,4,20.52719718256817,0.1265477451477925,-54.16106425493779,0.0004466979069982,-1.1004288120661232e-06,3.604982479952926e-05,-3.648852022664095e-05,1.8654861010746107e-05,-1.819063493785733e-05,1.7989033949561417e-05,2.671133927378833e-07,,0.0041153528727591,0.0006433972157537,0.0041175396181643,3.695537907285191e-05,3.7386963814878965e-05,0.6776279211044312,1.13562304118764,0.1608896591578459,0.0126228780831743,0.5337488458477544,,0,0,CONTINUED_PLASTIC_LOADING,,False,False
BH032,357,3.5700008869171143,0.4951535407727976,5009,3,5,SIDE_NORMAL_X_POS,1709,4,20.52719718256817,0.1055087076915031,-54.07121288169423,0.0004477813140942,-1.92695573806548e-06,3.699637083156475e-05,-3.8218431792890525e-05,1.8654861010746107e-05,-1.819063493785733e-05,1.7989033949561417e-05,2.671133927378833e-07,,0.0041153528727591,0.0006433972157537,0.0041174800135195,3.699637083156475e-05,3.8218431792890525e-05,0.6821686029434204,1.1641188139587602,0.1643596961715732,0.0126676968952445,0.5330312523351368,,0,0,CONTINUED_PLASTIC_LOADING,,False,False
BH032,358,3.580000162124634,0.4939117133404407,5009,3,5,SIDE_NORMAL_X_POS,1709,4,20.52719718256817,0.0705968093227266,-54.03281795634411,0.0004505561231103,-1.5134842725520424e-06,3.955021854608077e-05,-3.853265082518018e-05,1.8654861010746107e-05,-1.819063493785733e-05,1.7989033949561417e-05,2.671133927378833e-07,,0.0041153528727591,0.0006433972157537,0.0041171237826347,3.955021854608077e-05,3.853265082518018e-05,0.6869319677352905,1.0955967543653646,0.1684857549217598,0.0127206807961015,0.5326527691142319,,0,0,CONTINUED_PLASTIC_LOADING,,False,False
BH032,359,3.590000629425049,0.4928218995083119,5009,3,5,SIDE_NORMAL_X_POS,1709,4,20.52719718256817,0.1253602716935458,-53.914825563298486,0.0004474446856735,-1.8174001509766843e-06,3.740059244699385e-05,-3.831182170703322e-05,1.8654861010746107e-05,-1.819063493785733e-05,1.7989033949561417e-05,2.671133927378833e-07,,0.0041153528727591,0.0006433972157537,0.0041175396181643,3.955021854608077e-05,3.853265082518018e-05,0.6916375160217285,1.064447019564147,0.172194234720814,0.0127645208609506,0.5318398344569075,,0,0,CONTINUED_PLASTIC_LOADING_WITH_COMPONENT_DROP,,False,False
BH032,360,3.5999999046325684,0.4919279780710893,5009,3,5,SIDE_NORMAL_X_POS,1709,4,20.52719718256817,0.0650343701426248,-53.91539395315216,0.0004500465086147,-4.186121297237219e-07,3.913489584907084e-05,-3.8193623582193645e-05,1.8654861010746107e-05,-1.819063493785733e-05,1.7989033949561417e-05,2.671133927378833e-07,,0.0041153528727591,0.0006433972157537,0.0041170646436512,3.955021854608077e-05,3.853265082518018e-05,0.6960607171058655,1.3390795422706914,0.1763493861245907,0.0128103598919388,0.5314157066807217,,0,0,CONTINUED_PLASTIC_LOADING,,False,False
BH032,361,3.610000371932984,0.4909072459400522,5009,3,5,SIDE_NORMAL_X_POS,1709,4,20.52719718256817,0.0785922279796186,-53.7892075909409,0.0004517038044798,-7.064381886076349e-07,4.146467384639866e-05,-3.858750555753342e-05,1.8654861010746107e-05,-1.819063493785733e-05,1.7989033949561417e-05,2.671133927378833e-07,,0.0041153528727591,0.0006433972157537,0.0041171833872795,4.146467384639866e-05,3.858750555753342e-05,0.7006353139877319,1.3349069776083848,0.1802896274010503,0.0128573513227438,0.5310052117951315,,0,0,CONTINUED_PLASTIC_LOADING,,False,False
BH032,362,3.6200008392333984,0.489868447356376,5009,3,5,SIDE_NORMAL_X_POS,1709,4,20.52719718256817,0.0780912211722566,-53.6889497242691,0.0004522384606282,-3.06053227106624e-06,4.260990129773023e-05,-4.102751824589445e-05,1.8654861010746107e-05,-1.819063493785733e-05,1.7989033949561417e-05,2.671133927378833e-07,,0.0041153528727591,0.0006433972157537,0.0041171833872795,4.260990129773023e-05,4.102751824589445e-05,0.7051312923431396,1.3802816270679017,0.1837163504659599,0.0129009953884232,0.530220526795767,,0,0,CONTINUED_PLASTIC_LOADING,,False,False
BH032,363,3.630000114440918,0.4887427043172695,5009,3,5,SIDE_NORMAL_X_POS,1709,4,20.52719718256817,0.0507567229393078,-53.72639479006509,0.0004523913924432,2.969210240557404e-07,4.158543975342873e-05,-3.877756959420127e-05,1.8654861010746107e-05,-1.819063493785733e-05,1.7989033949561417e-05,2.671133927378833e-07,,0.0041153528727591,0.0006433972157537,0.0041170050390064,4.260990129773023e-05,4.102751824589445e-05,0.7093528509140015,1.1196303368168177,0.1878448828088201,0.0129491016913031,0.5298856086906474,,0,0,CONTINUED_PLASTIC_LOADING,,False,False
BH032,364,3.640000581741333,0.4879357476884089,5009,3,5,SIDE_NORMAL_X_POS,1709,4,20.52719718256817,0.0601969245590369,-53.65412535531518,0.0004512906332907,-2.464323504988838e-06,4.107117712545921e-05,-4.138662105344286e-05,1.8654861010746107e-05,-1.819063493785733e-05,1.7989033949561417e-05,2.671133927378833e-07,,0.0041153528727591,0.0006433972157537,0.0041170050390064,4.260990129773023e-05,4.138662105344286e-05,0.7137926816940308,1.165498136124996,0.1917470516197326,0.0129898015177742,0.5292976742587647,,0,0,CONTINUED_PLASTIC_LOADING,,False,False
BH032,365,3.650001049041748,0.4871502106656476,5009,3,5,SIDE_NORMAL_X_POS,1709,4,20.52719718256817,0.0824404153415911,-53.57580581111616,0.0004547222030874,8.564957256105513e-07,4.430468701574703e-05,-3.865148421839195e-05,1.8654861010746107e-05,-1.819063493785733e-05,1.7989033949561417e-05,2.671133927378833e-07,,0.0041153528727591,0.0006433972157537,0.0041173612698912,4.430468701574703e-05,4.138662105344286e-05,0.7178340554237366,1.3290877105235164,0.1950021375279509,0.0130312067095676,0.528868883322752,,0,0,CONTINUED_PLASTIC_LOADING,,False,False
BH032,366,3.660000324249268,0.4860427513322125,5009,3,5,SIDE_NORMAL_X_POS,1709,4,20.52719718256817,0.0337110399474036,-53.511318358255394,0.0004511913848955,5.571145938292055e-07,4.122301973877264e-05,-3.928431923885508e-05,1.8654861010746107e-05,-1.819063493785733e-05,1.7989033949561417e-05,2.671133927378833e-07,,0.0041153528727591,0.0006433972157537,0.0041167084127664,4.430468701574703e-05,4.138662105344286e-05,0.7221789956092834,1.1496308553737276,0.198650130721822,0.0130787496917416,0.5284084811097347,,0,0,CONTINUED_PLASTIC_LOADING_WITH_COMPONENT_DROP,,False,False
BH032,367,3.6700007915496826,0.4850355997840617,5009,3,5,SIDE_NORMAL_X_POS,1709,4,20.52719718256817,0.0318134666062366,-53.42817703704271,0.0004504997704536,2.478581108431976e-06,4.0101071846415225e-05,-3.838101263468137e-05,1.8654861010746107e-05,-1.819063493785733e-05,1.7989033949561417e-05,2.671133927378833e-07,,0.0041153528727591,0.0006433972157537,0.0041168271563947,4.430468701574703e-05,4.138662105344286e-05,0.7261161208152771,1.3802817402040557,0.2020970476534258,0.013117806293171,0.5277587048935042,,0,0,CONTINUED_PLASTIC_LOADING,,False,False
BH032,368,3.680000066757202,0.4842411714366268,5009,3,5,SIDE_NORMAL_X_POS,1709,4,20.52719718256817,0.0307188162040022,-53.39892594041235,0.0004460969035199,4.255949970707884e-06,3.618095309326948e-05,-3.6330658820229273e-05,1.8654861010746107e-05,-1.819063493785733e-05,1.7989033949561417e-05,2.671133927378833e-07,,0.0041153528727591,0.0006433972157537,0.0041166488081216,4.430468701574703e-05,4.138662105344286e-05,0.7303088307380676,1.1585653227170285,0.2057394342855896,0.0131577630991222,0.5273019038168201,,0,0,CONTINUED_PLASTIC_LOADING_WITH_COMPONENT_DROP,,False,False
BH032,369,3.690000534057617,0.4834326540968872,5009,3,5,SIDE_NORMAL_X_POS,1709,4,20.52719718256817,0.0213067926781616,-53.334804698464005,0.0004504853094667,2.823671141324695e-06,4.0436133590187554e-05,-3.840445756131232e-05,1.8654861010746107e-05,-1.819063493785733e-05,1.7989033949561417e-05,2.671133927378833e-07,,0.0041153528727591,0.0006433972157537,0.0041166488081216,4.430468701574703e-05,4.138662105344286e-05,0.7343322038650513,1.3761487061581938,0.2100374105205529,0.0131996188733447,0.5269546212615268,,0,0,CONTINUED_PLASTIC_LOADING,,False,False
BH032,370,3.700001001358032,0.482643989404432,5009,3,5,SIDE_NORMAL_X_POS,1709,4,20.52719718256817,0.0089992800154777,-53.32089631318566,0.0004579092259832,3.8129901306607934e-06,4.745161600216622e-05,-3.800478856092631e-05,1.8654861010746107e-05,-1.819063493785733e-05,1.7989033949561417e-05,2.671133927378833e-07,,0.0041153528727591,0.0006433972157537,0.0041166488081216,4.745161600216622e-05,4.138662105344286e-05,0.7382738590240479,1.2583858886773531,0.2125466653968706,0.0132381334626878,0.5263836963398214,,0,0,CONTINUED_PLASTIC_LOADING,,False,False
BH032,371,3.710000276565552,0.4817387732820332,5009,3,5,SIDE_NORMAL_X_POS,1709,4,20.52719718256817,0.0163227569313644,-53.288223433342274,0.0004584152545384,4.495210371784856e-06,4.827462810458224e-05,-3.718081106003223e-05,1.8654861010746107e-05,-1.819063493785733e-05,1.7989033949561417e-05,2.671133927378833e-07,,0.0041153528727591,0.0006433972157537,0.0041165896691381,4.827462810458224e-05,4.138662105344286e-05,0.7425022721290588,1.0999328696185222,0.2161235465266684,0.0132781507927358,0.5258777065362541,,0,0,CONTINUED_PLASTIC_LOADING_WITH_COMPONENT_DROP,,False,False
BH032,372,3.720000743865967,0.48089836759304,5009,3,5,SIDE_NORMAL_X_POS,1709,4,20.52719718256817,-0.0064205602072693,-53.24512880128264,0.0004587486349235,4.698064603387122e-06,4.8289172521719104e-05,-3.77518938277819e-05,1.8654861010746107e-05,-1.819063493785733e-05,1.7989033949561417e-05,2.671133927378833e-07,,0.0041153528727591,0.0006433972157537,0.0041164117865264,4.8289172521719104e-05,4.138662105344286e-05,0.7465734481811523,1.3708783667642102,0.2203456078672055,0.0133165359763493,0.525433514143422,,0,0,CONTINUED_PLASTIC_LOADING,,False,False
BH032,373,3.7300000190734863,0.4802349277810243,5009,3,5,SIDE_NORMAL_X_POS,1709,4,20.52719718256817,0.0034104513463694,-53.22008531544822,0.0004550540435125,8.021520850071172e-06,4.3912563345114e-05,-3.521561069885944e-05,1.8654861010746107e-05,-1.819063493785733e-05,1.7989033949561417e-05,2.671133927378833e-07,,0.0041153528727591,0.0006433972157537,0.0041165300644934,4.8289172521719104e-05,4.138662105344286e-05,0.75045245885849,1.1069977884423547,0.2233462741518762,0.0133527624675468,0.525046668195688,,0,0,CONTINUED_PLASTIC_LOADING,,False,False
BH032,374,3.740000486373901,0.4793430627954326,5009,3,5,SIDE_NORMAL_X_POS,1709,4,20.52719718256817,-0.0076552521784779,-53.15047090981343,0.0004474572954852,1.1517075110584588e-05,3.670367180043848e-05,-3.1889896562851744e-05,1.8654861010746107e-05,-1.819063493785733e-05,1.7989033949561417e-05,2.671133927378833e-07,,0.0041153528727591,0.0006433972157537,0.0041164709255099,4.8289172521719104e-05,4.138662105344286e-05,0.7544372081756592,1.1880848040342111,0.2265810684045334,0.0133893320834393,0.5244629008175521,,0,0,CONTINUED_PLASTIC_LOADING,,False,False
BH032,375,3.750000953674317,0.4783498081024586,5009,3,5,SIDE_NORMAL_X_POS,1709,4,20.52719718256817,-0.0085803478670301,-53.10446947863638,0.0004403968928892,1.039776248998596e-05,3.0349430975456864e-05,-3.2627424326171555e-05,1.8654861010746107e-05,-1.819063493785733e-05,1.7989033949561417e-05,2.671133927378833e-07,,0.0041153528727591,0.0006433972157537,0.0041163521818816,4.8289172521719104e-05,4.138662105344286e-05,0.75871741771698,1.0261681077424705,0.2310756365837206,0.0134298783289483,0.5240718059399412,3997382.260580586,1,1,CONTINUED_PLASTIC_LOADING_WITH_COMPONENT_DROP,,False,False
BH032,376,3.760000228881836,0.47762209623252,5009,3,5,SIDE_NORMAL_X_POS,1709,4,20.52719718256817,-0.0098059440769364,-53.10160845588302,0.0004339266549907,1.1536273143898485e-05,2.4005061605569507e-05,-3.1391293661821393e-05,1.8654861010746107e-05,-1.819063493785733e-05,1.7989033949561417e-05,2.671133927378833e-07,,0.0041153528727591,0.0006433972157537,0.0041162334382534,4.8289172521719104e-05,4.138662105344286e-05,0.7630276679992676,1.0152011554141922,0.2340516572799429,0.0134663688225093,0.5235925352321676,,0,0,CONTINUED_PLASTIC_LOADING_WITH_COMPONENT_DROP,,False,False
BH032,377,3.770000696182251,0.4767758840828368,5009,3,5,SIDE_NORMAL_X_POS,1709,4,20.52719718256817,-0.0038078296651175,-53.03394336041752,0.0004345762611222,8.748173093350462e-06,2.4470313045774376e-05,-3.479001785800049e-05,1.8654861010746107e-05,-1.819063493785733e-05,1.7989033949561417e-05,2.671133927378833e-07,,0.0041153528727591,0.0006433972157537,0.0041162334382534,4.8289172521719104e-05,4.138662105344286e-05,0.7669382691383362,1.1694372046952872,0.2373414461287487,0.0134990850799086,0.523102854558189,,0,0,CONTINUED_PLASTIC_LOADING,,False,False
BH032,378,3.7799999713897705,0.4760426193348729,5009,3,5,SIDE_NORMAL_X_POS,1709,4,20.52719718256817,-0.0776245689896751,-53.02333087335105,0.0004386446458883,1.2528472387583409e-05,2.7365628926164247e-05,-3.2766399613534366e-05,1.8654861010746107e-05,-1.819063493785733e-05,1.7989033949561417e-05,2.671133927378833e-07,,0.0041153528727591,0.0006433972157537,0.0041157584637403,4.8289172521719104e-05,4.138662105344286e-05,0.7707162499427795,1.2815007257079545,0.2408247386562268,0.0135366385888624,0.5228525111570901,,0,0,CONTINUED_PLASTIC_LOADING,,False,False
BH032,379,3.7900004386901855,0.4754950468715179,5009,3,5,SIDE_NORMAL_X_POS,1709,4,20.52719718256817,-0.060076441228452,-52.95549411652035,0.000436149055553,1.3508389590336303e-05,2.477135967621441e-05,-3.223277857697057e-05,1.8654861010746107e-05,-1.819063493785733e-05,1.7989033949561417e-05,2.671133927378833e-07,,0.0041153528727591,0.0006433972157537,0.0041158180683851,4.8289172521719104e-05,4.138662105344286e-05,0.7744576334953308,1.3079894525136722,0.2430671575168572,0.0135681050636983,0.5222718417220138,,0,0,CONTINUED_PLASTIC_LOADING,,False,False
BH032,380,3.8000009059906006,0.4746054039910519,5009,3,5,SIDE_NORMAL_X_POS,1709,4,20.52719718256817,-0.073038461274738,-52.96931476376759,0.0004403231854076,1.135149886503906e-05,2.9133598487545364e-05,-3.419562513452693e-05,1.8654861010746107e-05,-1.819063493785733e-05,1.7989033949561417e-05,2.671133927378833e-07,,0.0041153528727591,0.0006433972157537,0.004115639720112,4.8289172521719104e-05,4.138662105344286e-05,0.7785999774932861,1.3802817122343107,0.2477630748358167,0.0136040944840647,0.5219172021941088,,0,0,CONTINUED_PLASTIC_LOADING_WITH_COMPONENT_DROP,,False,False
BH032,381,3.81000018119812,0.4738222350887527,5009,3,5,SIDE_NORMAL_X_POS,1709,4,20.52719718256817,-0.0414986842774128,-52.91243000203675,0.0004411907410548,1.3703332258667954e-05,3.105535211147555e-05,-3.096478951114252e-05,1.8654861010746107e-05,-1.819063493785733e-05,1.7989033949561417e-05,2.671133927378833e-07,,0.0041153528727591,0.0006433972157537,0.0041158180683851,4.8289172521719104e-05,4.138662105344286e-05,0.7827617526054382,1.2665869189496537,0.2509836282354729,0.0136402408657041,0.5215466875120894,,0,0,CONTINUED_PLASTIC_LOADING_WITH_COMPONENT_DROP,,False,False
BH032,382,3.820000648498535,0.4732479518008002,5009,3,5,SIDE_NORMAL_X_POS,1709,4,20.52719718256817,-0.015687427340906,-52.930217934168645,0.0004361475496592,1.4111795462272468e-05,2.555597918874964e-05,-3.071113095176928e-05,1.8654861010746107e-05,-1.819063493785733e-05,1.7989033949561417e-05,2.671133927378833e-07,,0.0041153528727591,0.0006433972157537,0.0041160555556416,4.8289172521719104e-05,4.138662105344286e-05,0.786784827709198,1.20787939940619,0.2539753500984432,0.0136682201508575,0.5210362396294672,,0,0,CONTINUED_PLASTIC_LOADING,,False,False
BH032,383,3.829999923706055,0.4723257029636822,5009,3,5,SIDE_NORMAL_X_POS,1709,4,20.52719718256817,-0.0146290072469891,-52.83079930083784,0.0004321307862222,1.4419666178134463e-05,2.215415110414556e-05,-3.0468234191460136e-05,1.8654861010746107e-05,-1.819063493785733e-05,1.7989033949561417e-05,2.671133927378833e-07,,0.0041153528727591,0.0006433972157537,0.0041160555556416,4.8289172521719104e-05,4.138662105344286e-05,0.7907073497772217,1.187199043917064,0.25772218641642,0.0137023144051265,0.5206893709715885,,0,0,CONTINUED_PLASTIC_LOADING,,False,False
BH032,384,3.8400003910064697,0.4711130731331066,5009,3,5,SIDE_NORMAL_X_POS,1709,4,20.52719718256817,-0.0345101630904919,-52.73582478951725,0.000438804378289,1.4719690716433111e-05,2.881297988755919e-05,-3.097690611973355e-05,1.8654861010746107e-05,-1.819063493785733e-05,1.7989033949561417e-05,2.671133927378833e-07,,0.0041153528727591,0.0006433972157537,0.0041159368120133,4.8289172521719104e-05,4.138662105344286e-05,0.7944707274436951,1.318005678373842,0.2605808465024192,0.0137424900729605,0.5203091847501633,,0,0,CONTINUED_PLASTIC_LOADING,,False,False
BH032,385,3.8500008583068848,0.4707257553670231,5009,3,5,SIDE_NORMAL_X_POS,1709,4,20.52719718256817,-0.0124574900458652,-52.70288869558056,0.0004394534786093,1.2958225859835588e-05,2.904571568039993e-05,-3.322996652386839e-05,1.8654861010746107e-05,-1.819063493785733e-05,1.7989033949561417e-05,2.671133927378833e-07,,0.0041153528727591,0.0006433972157537,0.0041162930428981,4.8289172521719104e-05,4.138662105344286e-05,0.7981845736503601,1.2818844948155346,0.2633994708949512,0.0137684344165069,0.5197458056285842,,0,0,CONTINUED_PLASTIC_LOADING,,False,False
BH032,386,3.860000133514404,0.4702798898478003,5009,3,5,SIDE_NORMAL_X_POS,1709,4,20.52719718256817,-0.0668894975290369,-52.72412511380451,0.0004411940264076,1.186033786295987e-05,2.9908130470220984e-05,-3.5435450127816424e-05,1.8654861010746107e-05,-1.819063493785733e-05,1.7989033949561417e-05,2.671133927378833e-07,,0.0041153528727591,0.0006433972157537,0.0041157584637403,4.8289172521719104e-05,4.138662105344286e-05,0.8019211888313293,1.2925797231338028,0.2664257490152085,0.013796393818764,0.5193466897138534,,0,0,CONTINUED_PLASTIC_LOADING,,False,False
BH032,387,3.8700006008148193,0.4691735448958631,5009,3,5,SIDE_NORMAL_X_POS,1709,4,20.52719718256817,-0.0914794814547328,-52.7127954637012,0.000445112038162,1.187053369854931e-05,3.352424166571066e-05,-3.597544725216341e-05,1.8654861010746107e-05,-1.819063493785733e-05,1.7989033949561417e-05,2.671133927378833e-07,,0.0041153528727591,0.0006433972157537,0.0041155209764838,4.8289172521719104e-05,4.138662105344286e-05,0.805634081363678,1.0659279517139777,0.2706428189325778,0.0138318030342826,0.5192851052283062,,0,0,CONTINUED_PLASTIC_LOADING,,False,False
BH032,388,3.8800010681152335,0.468384073475211,5009,3,5,SIDE_NORMAL_X_POS,1709,4,20.52719718256817,-0.1063957141520062,-52.63365957434322,0.0004405300527112,1.3756816501038408e-05,2.9348073195795024e-05,-3.4333477344815474e-05,1.8654861010746107e-05,-1.819063493785733e-05,1.7989033949561417e-05,2.671133927378833e-07,,0.0041153528727591,0.0006433972157537,0.0041154618375003,4.8289172521719104e-05,4.138662105344286e-05,0.8093361258506775,1.331442395230426,0.2726272800753206,0.0138572330548019,0.5186151824914603,,0,0,CONTINUED_PLASTIC_LOADING,,False,False
BH032,389,3.890000343322754,0.468250785784578,5009,3,5,SIDE_NORMAL_X_POS,1709,4,20.52719718256817,-0.0920752372890597,-52.649017544483264,0.000443906023804,1.5594982032445664e-05,3.196910999327433e-05,-3.304509555342823e-05,1.8654861010746107e-05,-1.819063493785733e-05,1.7989033949561417e-05,2.671133927378833e-07,,0.0041153528727591,0.0006433972157537,0.0041155805811285,4.8289172521719104e-05,4.138662105344286e-05,0.8130108714103699,1.0786848464886192,0.2758430446144621,0.0138900262515324,0.5183247100093074,,0,0,CONTINUED_PLASTIC_LOADING,,False,False
BH032,390,3.900000810623169,0.4675825893232442,5009,3,5,SIDE_NORMAL_X_POS,1709,4,20.52719718256817,-0.0808574874480731,-52.592346405784674,0.0004385013531486,1.413517796625412e-05,2.6935927351866968e-05,-3.444760553779889e-05,1.8654861010746107e-05,-1.819063493785733e-05,1.7989033949561417e-05,2.671133927378833e-07,,0.0041153528727591,0.0006433972157537,0.004115639720112,4.8289172521719104e-05,4.138662105344286e-05,0.8166912794113159,1.15102092869386,0.2792858185577345,0.013920128721764,0.518057906522613,,0,0,CONTINUED_PLASTIC_LOADING,,False,False
BH032,391,3.910000085830689,0.4670350182791012,5009,3,5,SIDE_NORMAL_X_POS,1709,4,20.52719718256817,-0.1203975744081174,-52.5711710227128,0.0004403647214313,1.4854376303294855e-05,2.9104788922240644e-05,-3.384260610219845e-05,1.8654861010746107e-05,-1.819063493785733e-05,1.7989033949561417e-05,2.671133927378833e-07,,0.0041153528727591,0.0006433972157537,0.004115343093872,4.8289172521719104e-05,4.138662105344286e-05,0.82036292552948,1.3165955913808134,0.2828005679010774,0.0139442725534541,0.5177956859147866,,0,0,CONTINUED_PLASTIC_LOADING,,False,False
BH032,392,3.920000553131104,0.4662340597184427,5009,3,5,SIDE_NORMAL_X_POS,1709,4,20.52719718256817,-0.0919191178339192,-52.56063101488942,0.0004475094677699,1.342140522661052e-05,3.5991334545389195e-05,-3.540977940074915e-05,1.8654861010746107e-05,-1.819063493785733e-05,1.7989033949561417e-05,2.671133927378833e-07,,0.0041153528727591,0.0006433972157537,0.0041154618375003,4.8289172521719104e-05,4.138662105344286e-05,0.823989748954773,1.161471152024032,0.2856422443891872,0.0139754595170996,0.5173508700251123,,0,0,CONTINUED_PLASTIC_LOADING,,False,False
BH032,393,3.930001020431519,0.4657452610737226,5009,3,5,SIDE_NORMAL_X_POS,1709,4,20.52719718256817,-0.0523180702276041,-52.52991125991232,0.0004498065132306,1.385793930613606e-05,3.842643756654445e-05,-3.477379633700121e-05,1.8654861010746107e-05,-1.819063493785733e-05,1.7989033949561417e-05,2.671133927378833e-07,,0.0041153528727591,0.0006433972157537,0.0041158180683851,4.8289172521719104e-05,4.138662105344286e-05,0.827639639377594,1.0782233768414768,0.2885560988400205,0.0140044372725283,0.5170248902748487,,0,0,CONTINUED_PLASTIC_LOADING,,False,False
BH032,394,3.940000295639038,0.4652113931870988,5009,3,5,SIDE_NORMAL_X_POS,1709,4,20.52719718256817,-0.0945381680977991,-52.5280229848951,0.0004459863043473,1.255819301335028e-05,3.456257169441276e-05,-3.642209620536132e-05,1.8654861010746107e-05,-1.819063493785733e-05,1.7989033949561417e-05,2.671133927378833e-07,,0.0041153528727591,0.0006433972157537,0.004115343093872,4.8289172521719104e-05,4.138662105344286e-05,0.8311977982521057,1.3528987700060076,0.2915268040128301,0.0140290628439478,0.516605797743857,,0,0,CONTINUED_PLASTIC_LOADING,,False,False
BH032,395,3.950000762939453,0.4647936845233115,5009,3,5,SIDE_NORMAL_X_POS,1709,4,20.52719718256817,-0.0735833892517122,-52.48932288378463,0.0004480061717589,1.688934225539348e-05,3.688992986467513e-05,-3.1906119722658385e-05,1.8654861010746107e-05,-1.819063493785733e-05,1.7989033949561417e-05,2.671133927378833e-07,,0.0041153528727591,0.0006433972157537,0.004115639720112,4.8289172521719104e-05,4.138662105344286e-05,0.8346433043479919,0.9860225436755072,0.2954261187858104,0.0140568299107749,0.5165750143991028,,0,0,CONTINUED_PLASTIC_LOADING,,False,False
BH032,396,3.9600000381469727,0.4639844016118259,5009,3,5,SIDE_NORMAL_X_POS,1709,4,20.52719718256817,-0.0795905386560396,-52.411957013836734,0.0004519374544728,1.629368906396595e-05,4.0940834977656025e-05,-3.2958461708627526e-05,1.8654861010746107e-05,-1.819063493785733e-05,1.7989033949561417e-05,2.671133927378833e-07,,0.0041153528727591,0.0006433972157537,0.0041155209764838,4.8289172521719104e-05,4.138662105344286e-05,0.8379310369491577,1.3117812581062662,0.2980074962111602,0.0140822998924466,0.516088330233384,,0,0,CONTINUED_PLASTIC_LOADING,,False,False
BH032,397,3.970000505447388,0.4631027323252125,5009,3,5,SIDE_NORMAL_X_POS,1709,4,20.52719718256817,-0.1235277866200177,-52.44445823231492,0.0004587163787186,1.588772515230129e-05,4.664147327340407e-05,-3.452176246546818e-05,1.8654861010746107e-05,-1.819063493785733e-05,1.7989033949561417e-05,2.671133927378833e-07,,0.0041153528727591,0.0006433972157537,0.004115343093872,4.8289172521719104e-05,4.138662105344286e-05,0.8410849571228027,1.3152706178385372,0.2998333475369396,0.014111707341796,0.5156582763481363,,0,0,CONTINUED_PLASTIC_LOADING,,False,False
BH032,398,3.9800009727478014,0.4627113975053484,5009,3,5,SIDE_NORMAL_X_POS,1709,4,20.52719718256817,-0.0843147056199866,-52.42308067030181,0.0004567335069242,1.787282172383258e-05,4.384210905650335e-05,-3.322987131878152e-05,1.8654861010746107e-05,-1.819063493785733e-05,1.7989033949561417e-05,2.671133927378833e-07,,0.0041153528727591,0.0006433972157537,0.004115639720112,4.8289172521719104e-05,4.138662105344286e-05,0.8441638350486755,1.1695686437522403,0.3028470299854676,0.0141400767552984,0.5155735937227909,,0,0,CONTINUED_PLASTIC_LOADING,,False,False
BH032,399,3.990000247955322,0.4623423389785372,5009,3,5,SIDE_NORMAL_X_POS,1709,4,20.52719718256817,-0.1127918210897691,-52.364776841285305,0.000459525504318,1.7802300567013258e-05,4.6298921777015024e-05,-3.4235445428817176e-05,1.8654861010746107e-05,-1.819063493785733e-05,1.7989033949561417e-05,2.671133927378833e-07,,0.0041153528727591,0.0006433972157537,0.0041154618375003,4.8289172521719104e-05,4.138662105344286e-05,0.8472208380699158,1.185681198281108,0.3056252446421162,0.0141613075667504,0.5152479043263076,,0,0,CONTINUED_PLASTIC_LOADING,,False,False
BH032,400,4.000000476837158,0.4618754664297379,5009,3,5,SIDE_NORMAL_X_POS,1709,4,20.52719718256817,-0.1376657689743162,-52.389034499536805,0.0004529141529745,1.7218500063964897e-05,3.915638261719611e-05,-3.535469381478408e-05,1.8654861010746107e-05,-1.819063493785733e-05,1.7989033949561417e-05,2.671133927378833e-07,,0.0041153528727591,0.0006433972157537,0.004115343093872,4.8289172521719104e-05,4.138662105344286e-05,0.8505147695541382,1.2755404828388428,0.3085277243850737,0.0141884849086252,0.5151377806424138,5248875.609081478,1,1,CONTINUED_PLASTIC_LOADING,,False,False
BH032,401,4.010000705718994,0.4606503483767547,5009,3,5,SIDE_NORMAL_X_POS,1709,4,20.52719718256817,-0.0694695142038416,-52.32861732837982,0.0004571274003328,1.3184237382752413e-05,4.484640567363983e-05,-3.785840833038078e-05,1.8654861010746107e-05,-1.819063493785733e-05,1.7989033949561417e-05,2.671133927378833e-07,,0.0041153528727591,0.0006433972157537,0.0041156993247568,4.8289172521719104e-05,4.138662105344286e-05,0.8549129962921143,1.1457663063684886,0.3123352448650281,0.0142218627460411,0.514602962594382,,0,0,CONTINUED_PLASTIC_LOADING_WITH_COMPONENT_DROP,,False,False
BH032,402,4.019999980926514,0.4601142899837988,5009,3,5,SIDE_NORMAL_X_POS,1709,4,20.52719718256817,-0.1065836103312172,-52.26525902583238,0.0004505271816195,1.5623816013431505e-05,3.782253141086732e-05,-3.653699491746134e-05,1.8654861010746107e-05,-1.819063493785733e-05,1.7989033949561417e-05,2.671133927378833e-07,,0.0041153528727591,0.0006433972157537,0.0041154618375003,4.8289172521719104e-05,4.138662105344286e-05,0.858403742313385,1.1497669432087607,0.3153266561319304,0.0142544309488121,0.5143423901153608,,0,0,CONTINUED_PLASTIC_LOADING,,False,False
BH032,403,4.03000020980835,0.4596947270896243,5009,3,5,SIDE_NORMAL_X_POS,1709,4,20.52719718256817,-0.1311677008480643,-52.2794916603561,0.000440374957229,1.724711009836702e-05,2.676755538508815e-05,-3.588800631115817e-05,1.8654861010746107e-05,-1.819063493785733e-05,1.7989033949561417e-05,2.671133927378833e-07,,0.0041153528727591,0.0006433972157537,0.004115343093872,4.8289172521719104e-05,4.138662105344286e-05,0.8624601364135742,1.223239101618412,0.3190512578226914,0.0142796642770309,0.5140535068408218,,0,0,CONTINUED_PLASTIC_LOADING,,False,False
BH032,404,4.0400004386901855,0.4590076153352073,5009,3,5,SIDE_NORMAL_X_POS,1709,4,20.52719718256817,-0.0698862251481008,-52.25794243697778,0.0004330784676865,2.061266225129584e-05,2.0757220939327917e-05,-3.0961652155959366e-05,1.8654861010746107e-05,-1.819063493785733e-05,1.7989033949561417e-05,2.671133927378833e-07,,0.0041153528727591,0.0006433972157537,0.0041156993247568,4.8289172521719104e-05,4.138662105344286e-05,0.8664184212684631,1.0935499182430597,0.3230208081106093,0.0143115150660026,0.513767813767959,,0,0,CONTINUED_PLASTIC_LOADING_WITH_COMPONENT_DROP,,False,False
BH032,405,4.0500006675720215,0.4578362286730307,5009,3,5,SIDE_NORMAL_X_POS,1709,4,20.52719718256817,-0.1159550840749349,-52.183002714324736,0.0004302756430998,2.525851481173817e-05,1.662972952096083e-05,-2.8476931276879983e-05,1.8654861010746107e-05,-1.819063493785733e-05,1.7989033949561417e-05,2.671133927378833e-07,,0.0041153528727591,0.0006433972157537,0.0041155209764838,4.8289172521719104e-05,4.138662105344286e-05,0.8698720932006836,1.2182423871912036,0.3256915684602988,0.014343376508758,0.5134376729551079,,0,0,CONTINUED_PLASTIC_LOADING,,False,False
BH032,406,4.059999942779541,0.4575339454685869,5009,3,5,SIDE_NORMAL_X_POS,1709,4,20.52719718256817,-0.0796443467454271,-52.172165160135,0.0004315238720218,2.502218934265352e-05,1.912388451290255e-05,-2.729124876494357e-05,1.8654861010746107e-05,-1.819063493785733e-05,1.7989033949561417e-05,2.671133927378833e-07,,0.0041153528727591,0.0006433972157537,0.0041155209764838,4.8289172521719104e-05,4.138662105344286e-05,0.874075710773468,1.0207984752310308,0.3296701124718043,0.0143710884779833,0.5131621237686821,,0,0,CONTINUED_PLASTIC_LOADING_WITH_COMPONENT_DROP,,False,False
BH032,407,4.070000171661377,0.4569944693527715,5009,3,5,SIDE_NORMAL_X_POS,1709,4,20.52719718256817,-0.1359108444394926,-52.13818002452207,0.0004332747331762,2.8110396548819416e-05,1.919323543603474e-05,-2.650841100638773e-05,1.8654861010746107e-05,-1.819063493785733e-05,1.7989033949561417e-05,2.671133927378833e-07,,0.0041153528727591,0.0006433972157537,0.004115343093872,4.8289172521719104e-05,4.138662105344286e-05,0.8774847388267517,1.1392673209075883,0.3323551440006851,0.0143973883911704,0.512881598372197,,0,0,CONTINUED_PLASTIC_LOADING,,False,False
BH032,408,4.080000400543213,0.4563960138662833,5009,3,5,SIDE_NORMAL_X_POS,1709,4,20.52719718256817,-0.0920361887988244,-52.146595246113954,0.0004399891166378,2.695771972845021e-05,2.7210982973377667e-05,-2.5996272986695016e-05,1.8654861010746107e-05,-1.819063493785733e-05,1.7989033949561417e-05,2.671133927378833e-07,,0.0041153528727591,0.0006433972157537,0.0041154022328555,4.8289172521719104e-05,4.138662105344286e-05,0.8816262483596802,1.380281614174378,0.336315225008442,0.0144242047418152,0.5125520412013729,,0,0,CONTINUED_PLASTIC_LOADING_WITH_COMPONENT_DROP,,False,False
BH032,409,4.090000629425049,0.4557558156746173,5009,3,5,SIDE_NORMAL_X_POS,1709,4,20.52719718256817,-0.1560954493714188,-52.09701944384371,0.0004429839779628,2.970939597018887e-05,2.859154832615701e-05,-2.564438854325444e-05,1.8654861010746107e-05,-1.819063493785733e-05,1.7989033949561417e-05,2.671133927378833e-07,,0.0041153528727591,0.0006433972157537,0.004115343093872,4.8289172521719104e-05,4.138662105344286e-05,0.8850529789924622,1.1742232006311837,0.3388534053659534,0.014451523042913,0.512271487742957,,0,0,CONTINUED_PLASTIC_LOADING,,False,False
BH032,410,4.099999904632568,0.45510378751137,5009,3,5,SIDE_NORMAL_X_POS,1709,4,20.52719718256817,-0.1179788627921935,-52.10306573859582,0.0004432148333981,2.8623673169750168e-05,2.94958714420678e-05,-2.575137028993616e-05,1.8654861010746107e-05,-1.819063493785733e-05,1.7989033949561417e-05,2.671133927378833e-07,,0.0041153528727591,0.0006433972157537,0.004115343093872,4.8289172521719104e-05,4.138662105344286e-05,0.8889194130897522,1.2885538972203905,0.3428551365148053,0.0144769556345526,0.5118898674464024,,0,0,CONTINUED_PLASTIC_LOADING_WITH_COMPONENT_DROP,,False,False
BH032,411,4.110000133514404,0.454648911952664,5009,3,5,SIDE_NORMAL_X_POS,1709,4,20.52719718256817,-0.1291995705134746,-52.08644128905028,0.0004591271893324,2.5737110012398565e-05,4.477940551019763e-05,-2.9459233359042285e-05,1.8654861010746107e-05,-1.819063493785733e-05,1.7989033949561417e-05,2.671133927378833e-07,,0.0041153528727591,0.0006433972157537,0.004115343093872,4.8289172521719104e-05,4.138662105344286e-05,0.8927180767059326,1.0962010784205516,0.3456485302155013,0.0145027637296927,0.5117734419989213,,0,0,CONTINUED_PLASTIC_LOADING,,False,False
BH032,412,4.12000036239624,0.4537829770481095,5009,3,5,SIDE_NORMAL_X_POS,1709,4,20.52719718256817,-0.1671186571157569,-52.0289995815568,0.0004638925194284,2.681463421339361e-05,4.897718180871231e-05,-2.9608438951521376e-05,1.8654861010746107e-05,-1.819063493785733e-05,1.7989033949561417e-05,2.671133927378833e-07,,0.0041153528727591,0.0006433972157537,0.004115343093872,4.897718180871231e-05,4.138662105344286e-05,0.8960292935371399,1.2199190719839006,0.34837348777462,0.0145267483966797,0.5112845979142813,,0,0,CONTINUED_PLASTIC_LOADING,,False,False
BH032,413,4.130000591278076,0.453399624774938,5009,3,5,SIDE_NORMAL_X_POS,1709,4,20.52719718256817,-0.1256197902991319,-52.08198953764605,0.000464183947259,2.545676891099009e-05,5.012324467790728e-05,-2.945852067003812e-05,1.8654861010746107e-05,-1.819063493785733e-05,1.7989033949561417e-05,2.671133927378833e-07,,0.0041153528727591,0.0006433972157537,0.004115343093872,5.012324467790728e-05,4.138662105344286e-05,0.9003872275352478,1.2214722694670386,0.353358334408287,0.0145538258330896,0.5113024967346689,,0,0,CONTINUED_PLASTIC_LOADING_WITH_COMPONENT_DROP,,False,False
BH032,414,4.139999866485596,0.4529146425013144,5009,3,5,SIDE_NORMAL_X_POS,1709,4,20.52719718256817,-0.1542252643626512,-52.06674982311315,0.000473907592459,3.0181796760281885e-05,5.819812321047229e-05,-2.6685336828630992e-05,1.8654861010746107e-05,-1.819063493785733e-05,1.7989033949561417e-05,2.671133927378833e-07,,0.0041153528727591,0.0006433972157537,0.004115343093872,5.819812321047229e-05,4.138662105344286e-05,0.9038149118423462,1.1105715406357983,0.3549579097464378,0.0145733119561495,0.5107900369175897,,0,0,CONTINUED_PLASTIC_LOADING,,False,False
BH032,415,4.150000095367432,0.4521004502529185,5009,3,5,SIDE_NORMAL_X_POS,1709,4,20.52719718256817,-0.1235823397674139,-51.968963880100254,0.0004687416927186,3.177933376925942e-05,5.369609946863997e-05,-2.488804606809252e-05,1.8654861010746107e-05,-1.819063493785733e-05,1.7989033949561417e-05,2.671133927378833e-07,,0.0041153528727591,0.0006433972157537,0.0041154022328555,5.819812321047229e-05,4.138662105344286e-05,0.9073057770729064,1.1527266559653968,0.3585363899570414,0.0146010792858537,0.5106691876155177,,0,0,CONTINUED_PLASTIC_LOADING,,False,False
BH032,416,4.160000324249268,0.4517796538703995,5009,3,5,SIDE_NORMAL_X_POS,1709,4,20.52719718256817,-0.1346834656783005,-52.0293467189842,0.0004741191416592,2.926374548790629e-05,5.966142599406958e-05,-2.647509976268312e-05,1.8654861010746107e-05,-1.819063493785733e-05,1.7989033949561417e-05,2.671133927378833e-07,,0.0041153528727591,0.0006433972157537,0.004115343093872,5.966142599406958e-05,4.138662105344286e-05,0.9116253852844238,1.0727148738198575,0.3627183024484224,0.0146217854605702,0.5104019265644479,,0,0,CONTINUED_PLASTIC_LOADING_WITH_COMPONENT_DROP,,False,False
BH032,417,4.170000553131104,0.4511656008669111,5009,3,5,SIDE_NORMAL_X_POS,1709,4,20.52719718256817,-0.1450788130387174,-52.0135119117186,0.0004750470295428,2.909108986081776e-05,5.935979585244762e-05,-2.805858784773324e-05,1.8654861010746107e-05,-1.819063493785733e-05,1.7989033949561417e-05,2.671133927378833e-07,,0.0041153528727591,0.0006433972157537,0.004115343093872,5.966142599406958e-05,4.138662105344286e-05,0.9152125716209412,1.3281181397715736,0.365336207275221,0.0146437371527592,0.5101373174928838,,0,0,CONTINUED_PLASTIC_LOADING,,False,False
BH032,418,4.179999828338623,0.4508864908674838,5009,3,5,SIDE_NORMAL_X_POS,1709,4,20.52719718256817,-0.1565722417934985,-52.01963831510779,0.0004814818376207,3.179664776288495e-05,6.463017417686177e-05,-2.655455895290114e-05,1.8654861010746107e-05,-1.819063493785733e-05,1.7989033949561417e-05,2.671133927378833e-07,,0.0041153528727591,0.0006433972157537,0.004115343093872,6.463017417686177e-05,4.138662105344286e-05,0.9186630249023438,1.2212603158252529,0.3683717832540837,0.0146677498270383,0.5101202124830927,,0,0,CONTINUED_PLASTIC_LOADING,,False,False
BH032,419,4.190000057220459,0.4504119732738048,5009,3,5,SIDE_NORMAL_X_POS,1709,4,20.52719718256817,-0.1688608709609523,-51.98292567113666,0.000475969220254,2.842638464164342e-05,5.9510723324486005e-05,-2.9870374037799848e-05,1.8654861010746107e-05,-1.819063493785733e-05,1.7989033949561417e-05,2.671133927378833e-07,,0.0041153528727591,0.0006433972157537,0.004115343093872,6.463017417686177e-05,4.138662105344286e-05,0.9222564101219176,1.1761696166217632,0.3714111641511948,0.0146848468294261,0.5096368778408547,,0,0,CONTINUED_PLASTIC_LOADING,,False,False
BH032,420,4.200000286102295,0.4497682571066939,5009,3,5,SIDE_NORMAL_X_POS,1709,4,20.52719718256817,-0.1144844140715859,-51.99348093774806,0.0004727947262264,2.6049666911377245e-05,5.708445933817914e-05,-3.105002492830001e-05,1.8654861010746107e-05,-1.819063493785733e-05,1.7989033949561417e-05,2.671133927378833e-07,,0.0041153528727591,0.0006433972157537,0.004115343093872,6.463017417686177e-05,4.138662105344286e-05,0.9263607859611512,1.1421027076241652,0.3756445401293036,0.0147121407518863,0.5096564767238276,,0,0,CONTINUED_PLASTIC_LOADING_WITH_COMPONENT_DROP,,False,False
BH032,421,4.210000514984131,0.4492141740150347,5009,3,5,SIDE_NORMAL_X_POS,1709,4,20.52719718256817,-0.10298800508477,-51.95277430601323,0.0004744614822092,3.0263103726188003e-05,5.9004152168652766e-05,-2.678556524796506e-05,1.8654861010746107e-05,-1.819063493785733e-05,1.7989033949561417e-05,2.671133927378833e-07,,0.0041153528727591,0.0006433972157537,0.004115343093872,6.463017417686177e-05,4.138662105344286e-05,0.93014258146286,1.1754423183626483,0.378423704851361,0.0147269631998092,0.5091711187889797,,0,0,CONTINUED_PLASTIC_LOADING,,False,False
BH032,422,4.21999979019165,0.4488913814721228,5009,3,5,SIDE_NORMAL_X_POS,1709,4,20.52719718256817,-0.1595243106355216,-52.00421168042167,0.0004696540752089,3.142536286807767e-05,5.254346281793735e-05,-2.731183452437335e-05,1.8654861010746107e-05,-1.819063493785733e-05,1.7989033949561417e-05,2.671133927378833e-07,,0.0041153528727591,0.0006433972157537,0.004115343093872,6.463017417686177e-05,4.138662105344286e-05,0.933561146259308,1.120968661882849,0.3814402622925785,0.0147510568958581,0.5092476935254063,,0,0,CONTINUED_PLASTIC_LOADING,,False,False
BH032,423,4.230000019073486,0.4482907832994177,5009,3,5,SIDE_NORMAL_X_POS,1709,4,20.52719718256817,-0.1590023527969553,-51.940662643024005,0.0004909852538235,3.121978170699631e-05,7.335689516215589e-05,-2.8470833012587783e-05,1.8654861010746107e-05,-1.819063493785733e-05,1.7989033949561417e-05,2.671133927378833e-07,,0.0041153528727591,0.0006433972157537,0.004115343093872,7.335689516215589e-05,4.138662105344286e-05,0.936908483505249,1.142873561989341,0.3838179278128652,0.0147672669811321,0.5088167481095417,,0,0,CONTINUED_PLASTIC_LOADING,,False,False
BH032,424,4.240000247955322,0.4480172759890667,5009,3,5,SIDE_NORMAL_X_POS,1709,4,20.52719718256817,-0.1593931953271528,-51.92750956775255,0.0004804225265527,3.100705374005537e-05,6.267401151958599e-05,-2.8897338903024084e-05,1.8654861010746107e-05,-1.819063493785733e-05,1.7989033949561417e-05,2.671133927378833e-07,,0.0041153528727591,0.0006433972157537,0.004115343093872,7.335689516215589e-05,4.138662105344286e-05,0.940227508544922,1.2392684533850822,0.3870605279454143,0.0147883903645172,0.5087922252810182,,0,0,CONTINUED_PLASTIC_LOADING,,False,False
BH032,425,4.250000476837158,0.4476398255085347,5009,3,5,SIDE_NORMAL_X_POS,1709,4,20.52719718256817,-0.1585327427340793,-51.9275515294196,0.0004869174469387,2.9677160730724392e-05,6.927671468300191e-05,-3.0113211248327876e-05,1.8654861010746107e-05,-1.819063493785733e-05,1.7989033949561417e-05,2.671133927378833e-07,,0.0041153528727591,0.0006433972157537,0.004115343093872,7.335689516215589e-05,4.138662105344286e-05,0.9437031149864196,1.3802815532607475,0.3899788324881875,0.0148050321964645,0.5085015128751951,3307738.783860854,1,1,CONTINUED_PLASTIC_LOADING,,False,False
BH032,426,4.260000705718994,0.4472340277999057,5009,3,5,SIDE_NORMAL_X_POS,1709,4,20.52719718256817,-0.1605052689109203,-52.00288416586411,0.0004979878054226,2.875040112077388e-05,7.974768885818292e-05,-3.113225763065673e-05,1.8654861010746107e-05,-1.819063493785733e-05,1.7989033949561417e-05,2.671133927378833e-07,,0.0041153528727591,0.0006433972157537,0.004115343093872,7.974768885818292e-05,4.138662105344286e-05,0.9473702907562256,1.372329310212741,0.393756493021192,0.0148233588692935,0.508325486738415,,0,0,CONTINUED_PLASTIC_LOADING_WITH_COMPONENT_DROP,,False,False
BH032,427,4.269999980926514,0.4464220660442977,5009,3,5,SIDE_NORMAL_X_POS,1709,4,20.52719718256817,-0.1535264446539825,-51.94039179953669,0.0004893343894592,2.990212256304332e-05,7.19914804658e-05,-2.9467062779104863e-05,1.8654861010746107e-05,-1.819063493785733e-05,1.7989033949561417e-05,2.671133927378833e-07,,0.0041153528727591,0.0006433972157537,0.004115343093872,7.974768885818292e-05,4.138662105344286e-05,0.9509057998657228,1.1172132902860676,0.3967732842243677,0.0148428313521583,0.5080604851378712,,0,0,CONTINUED_PLASTIC_LOADING,,False,False
BH032,428,4.28000020980835,0.4460738663992855,5009,3,5,SIDE_NORMAL_X_POS,1709,4,20.52719718256817,-0.149319012671961,-51.92685725456479,0.0004896640188356,2.96169257949883e-05,7.211183326692044e-05,-3.002600925372848e-05,1.8654861010746107e-05,-1.819063493785733e-05,1.7989033949561417e-05,2.671133927378833e-07,,0.0041153528727591,0.0006433972157537,0.004115343093872,7.974768885818292e-05,4.138662105344286e-05,0.954101264476776,1.1480720290359414,0.3993434529500851,0.0148602489282041,0.5079547201456462,,0,0,CONTINUED_PLASTIC_LOADING,,False,False
BH032,429,4.2900004386901855,0.4457321548305346,5009,3,5,SIDE_NORMAL_X_POS,1709,4,20.52719718256817,-0.1627149023484461,-51.899780535226974,0.0004902664248288,3.034787967531568e-05,7.214181052844391e-05,-3.0147248683384115e-05,1.8654861010746107e-05,-1.819063493785733e-05,1.7989033949561417e-05,2.671133927378833e-07,,0.0041153528727591,0.0006433972157537,0.004115343093872,7.974768885818292e-05,4.138662105344286e-05,0.9571262001991272,1.192626263893053,0.4022771157000798,0.0148759182107572,0.5076969668891271,,0,0,CONTINUED_PLASTIC_LOADING,,False,False
BH032,430,4.3000006675720215,0.4452718602932137,5009,3,5,SIDE_NORMAL_X_POS,1709,4,20.52719718256817,-0.1609431842061067,-51.945541640492735,0.0004856713183367,3.249786754116568e-05,6.617853517554859e-05,-2.9036861774601195e-05,1.8654861010746107e-05,-1.819063493785733e-05,1.7989033949561417e-05,2.671133927378833e-07,,0.0041153528727591,0.0006433972157537,0.004115343093872,7.974768885818292e-05,4.138662105344286e-05,0.9601916670799256,1.297362224445265,0.4049081330826189,0.0148945908995355,0.5076589430198681,,0,0,CONTINUED_PLASTIC_LOADING,,False,False
BH032,431,4.309999942779541,0.4447156314808386,5009,3,5,SIDE_NORMAL_X_POS,1709,4,20.52719718256817,-0.2023458342314897,-51.95679881135296,0.0004820598370843,3.684726857997663e-05,6.202935957903241e-05,-2.543353396821258e-05,1.8654861010746107e-05,-1.819063493785733e-05,1.7989033949561417e-05,2.671133927378833e-07,,0.0041153528727591,0.0006433972157537,0.004115343093872,7.974768885818292e-05,4.138662105344286e-05,0.9632394909858704,1.1667319573256976,0.4074324250927117,0.0149094405658961,0.5073132691205868,,0,0,CONTINUED_PLASTIC_LOADING,,False,False
BH032,432,4.320000171661377,0.4425089835520111,5009,3,5,SIDE_NORMAL_X_POS,1709,4,20.52719718256817,-0.1932832466370138,-51.930534622477104,0.0004829540859046,3.61334874498468e-05,6.280294443105288e-05,-2.6386884144565277e-05,1.8654861010746107e-05,-1.819063493785733e-05,1.7989033949561417e-05,2.671133927378833e-07,,0.0041153528727591,0.0006433972157537,0.004115343093872,7.974768885818292e-05,4.138662105344286e-05,0.9662503600120544,1.1484322259987956,0.4110097495902475,0.0149293684329845,0.5069325369019968,,0,0,CONTINUED_PLASTIC_LOADING,,False,False
BH032,433,4.330000400543213,0.4408782653837624,5009,3,5,SIDE_NORMAL_X_POS,1709,4,20.52719718256817,-0.1759694843230035,-51.742344175155,0.0004832266639232,3.823541812993884e-05,6.41583273531623e-05,-2.438332380305078e-05,1.8654861010746107e-05,-1.819063493785733e-05,1.7989033949561417e-05,2.671133927378833e-07,,0.0041153528727591,0.0006433972157537,0.004115343093872,7.974768885818292e-05,4.138662105344286e-05,0.96931791305542,1.276644377375258,0.4139728104094187,0.0149637651826862,0.5068765114579176,,0,0,CONTINUED_PLASTIC_LOADING,,False,False
BH032,434,4.340000629425049,0.4409155318345669,5009,3,5,SIDE_NORMAL_X_POS,1709,4,20.52719718256817,-0.1568253230978896,-51.83412578508283,0.0004761443807041,4.052808436840328e-05,5.635532345643824e-05,-2.2044610238788464e-05,1.8654861010746107e-05,-1.819063493785733e-05,1.7989033949561417e-05,2.671133927378833e-07,,0.0041153528727591,0.0006433972157537,0.004115343093872,7.974768885818292e-05,4.138662105344286e-05,0.972477912902832,1.1431288089836742,0.4149415579157056,0.0149663338908316,0.5062182239744202,,0,0,CONTINUED_PLASTIC_LOADING,,False,False
BH032,435,4.349999904632568,0.4408510981853487,5009,3,5,SIDE_NORMAL_X_POS,1709,4,20.52719718256817,-0.1841239505130101,-51.90528514300444,0.0004749719125615,4.199668681431905e-05,5.467371846812439e-05,-2.078195986554413e-05,1.8654861010746107e-05,-1.819063493785733e-05,1.7989033949561417e-05,2.671133927378833e-07,,0.0041153528727591,0.0006433972157537,0.004115343093872,7.974768885818292e-05,4.138662105344286e-05,0.9756954312324524,1.1385524128233793,0.4206942769590615,0.0149862016551109,0.5067121728370363,,0,0,CONTINUED_PLASTIC_LOADING,,False,False
BH032,436,4.360000133514404,0.4405654035880545,5009,3,5,SIDE_NORMAL_X_POS,1709,4,20.52719718256817,-0.1187101074254003,-51.86738994296192,0.0004683598405375,3.97870777199326e-05,4.890707875648663e-05,-2.1955915612535374e-05,1.8654861010746107e-05,-1.819063493785733e-05,1.7989033949561417e-05,2.671133927378833e-07,,0.0041153528727591,0.0006433972157537,0.004115343093872,7.974768885818292e-05,4.138662105344286e-05,0.9789337515830994,1.1459286996768998,0.4225040091871018,0.0149950473258828,0.5062205843581002,,0,0,CONTINUED_PLASTIC_LOADING_WITH_COMPONENT_DROP,,False,False
BH032,437,4.37000036239624,0.4400920205705095,5009,3,5,SIDE_NORMAL_X_POS,1709,4,20.52719718256817,-0.1726239503465923,-51.86588313764514,0.0004663090841034,4.234923510963609e-05,4.702199134697766e-05,-1.961118123686373e-05,1.8654861010746107e-05,-1.819063493785733e-05,1.7989033949561417e-05,2.671133927378833e-07,,0.0041153528727591,0.0006433972157537,0.004115343093872,7.974768885818292e-05,4.138662105344286e-05,0.9821460843086244,1.0057535055695823,0.4252103770826062,0.015010974194536,0.5060589180210946,,0,0,CONTINUED_PLASTIC_LOADING_WITH_COMPONENT_DROP,,False,False
BH032,438,4.380000591278076,0.4395850630068596,5009,3,5,SIDE_NORMAL_X_POS,1709,4,20.52719718256817,-0.1624954529625672,-51.86348369322933,0.0004571286096411,4.615206828849534e-05,3.69484558273441e-05,-1.6647982481915978e-05,1.8654861010746107e-05,-1.819063493785733e-05,1.7989033949561417e-05,2.671133927378833e-07,,0.0041153528727591,0.0006433972157537,0.004115343093872,7.974768885818292e-05,4.138662105344286e-05,0.985076367855072,1.3427051130572276,0.4279195207849492,0.0150298562085929,0.5061477359816411,,0,0,CONTINUED_PLASTIC_LOADING,,False,False
BH032,439,4.389999866485596,0.4396389423678411,5009,3,5,SIDE_NORMAL_X_POS,1709,4,20.52719718256817,-0.2250052536473939,-51.93487574766821,0.0004547303654854,4.784570810256522e-05,3.264045904681061e-05,-1.680269722528489e-05,1.8654861010746107e-05,-1.819063493785733e-05,1.7989033949561417e-05,2.671133927378833e-07,,0.0041153528727591,0.0006433972157537,0.004115343093872,7.974768885818292e-05,4.138662105344286e-05,0.987850308418274,1.238574452408259,0.4305551815088557,0.015031541285723,0.5058188048283284,,0,0,CONTINUED_PLASTIC_LOADING,,False,False
BH032,440,4.400000095367432,0.4385433861683665,5009,3,5,SIDE_NORMAL_X_POS,1709,4,20.52719718256817,-0.1633032597567467,-51.85586955800838,0.0004602950636838,4.728257437563999e-05,3.842022181976449e-05,-1.727038063403124e-05,1.8654861010746107e-05,-1.819063493785733e-05,1.7989033949561417e-05,2.671133927378833e-07,,0.0041153528727591,0.0006433972157537,0.004115343093872,7.974768885818292e-05,4.138662105344286e-05,0.9911976456642152,1.2284121051928552,0.4333892069494463,0.0150553515249125,0.505769513518225,,0,0,CONTINUED_PLASTIC_LOADING,,False,False
BH032,441,4.410000324249268,0.4381652011154812,5009,3,5,SIDE_NORMAL_X_POS,1709,4,20.52719718256817,-0.1530497118365434,-51.92110087678502,0.0004629359821974,4.48814961883791e-05,4.1127200962597055e-05,-1.908361339925265e-05,1.8654861010746107e-05,-1.819063493785733e-05,1.7989033949561417e-05,2.671133927378833e-07,,0.0041153528727591,0.0006433972157537,0.004115343093872,7.974768885818292e-05,4.138662105344286e-05,0.9946436285972596,1.3399620368871548,0.4360320267497389,0.0150655683610118,0.5054829235135543,,0,0,CONTINUED_PLASTIC_LOADING_WITH_COMPONENT_DROP,,False,False
BH032,442,4.420000553131104,0.4379798034570907,5009,3,5,SIDE_NORMAL_X_POS,1709,4,20.52719718256817,-0.1927271949439698,-51.916557572652685,0.0004658429490537,4.6146903590155554e-05,4.4640243210093645e-05,-1.751780425082749e-05,1.8654861010746107e-05,-1.819063493785733e-05,1.7989033949561417e-05,2.671133927378833e-07,,0.0041153528727591,0.0006433972157537,0.004115343093872,7.974768885818292e-05,4.138662105344286e-05,0.997822642326355,1.134458726246299,0.4393405139940659,0.0150740564015275,0.5053677564954839,,0,0,CONTINUED_PLASTIC_LOADING_WITH_COMPONENT_DROP,,False,False
BH032,443,4.429999828338623,0.4376911219038021,5009,3,5,SIDE_NORMAL_X_POS,1709,4,20.52719718256817,-0.1712945582428507,-51.91785456963421,0.0004717309679003,4.754268919072188e-05,4.841961563874605e-05,-1.807354778457439e-05,1.8654861010746107e-05,-1.819063493785733e-05,1.7989033949561417e-05,2.671133927378833e-07,,0.0041153528727591,0.0006433972157537,0.004115343093872,7.974768885818292e-05,4.138662105344286e-05,1.000515699386597,1.3453572306205293,0.4418983648150024,0.0150892477510327,0.505525182098432,,0,0,CONTINUED_PLASTIC_LOADING,,False,False
BH032,444,4.440000057220459,0.4373698591590481,5009,3,5,SIDE_NORMAL_X_POS,1709,4,20.52719718256817,-0.1842561834083921,-51.94766261202723,0.0004692998001633,4.808224507198752e-05,4.630840123406139e-05,-1.7097588682520037e-05,1.8654861010746107e-05,-1.819063493785733e-05,1.7989033949561417e-05,2.671133927378833e-07,,0.0041153528727591,0.0006433972157537,0.004115343093872,7.974768885818292e-05,4.138662105344286e-05,1.0041416883468628,1.3171740730527828,0.4443153195737384,0.0150954008627584,0.5050431508689743,,0,0,CONTINUED_PLASTIC_LOADING_WITH_COMPONENT_DROP,,False,False
BH032,445,4.450000286102295,0.437148562108046,5009,3,5,SIDE_NORMAL_X_POS,1709,4,20.52719718256817,-0.165455642936885,-51.94231059212994,0.0004717568800875,5.055498814019637e-05,4.971079874753877e-05,-1.3586565901167184e-05,1.8654861010746107e-05,-1.819063493785733e-05,1.7989033949561417e-05,2.671133927378833e-07,,0.0041153528727591,0.0006433972157537,0.004115343093872,7.974768885818292e-05,4.138662105344286e-05,1.0074292421340942,1.2734290878019467,0.448133617201742,0.0151111903251471,0.5052238114462986,,0,0,CONTINUED_PLASTIC_LOADING_WITH_COMPONENT_DROP,,False,False
BH032,446,4.460000514984131,0.4369147031287713,5009,3,5,SIDE_NORMAL_X_POS,1709,4,20.52719718256817,-0.1818407053442259,-51.956726332109874,0.0004755768460223,5.342476905903352e-05,5.1203928989533673e-05,-1.305723350296861e-05,1.8654861010746107e-05,-1.819063493785733e-05,1.7989033949561417e-05,2.671133927378833e-07,,0.0041153528727591,0.0006433972157537,0.004115343093872,7.974768885818292e-05,4.138662105344286e-05,1.0101876258850098,1.1817724633535245,0.450039703361562,0.0151155464018973,0.5050463064730684,,0,0,CONTINUED_PLASTIC_LOADING,,False,False
BH032,447,4.46999979019165,0.4365609414134342,5009,3,5,SIDE_NORMAL_X_POS,1709,4,20.52719718256817,-0.1921346503096603,-51.96955897283296,0.0004676087040239,5.109738217316654e-05,4.444742361296548e-05,-1.4155435178740336e-05,1.8654861010746107e-05,-1.819063493785733e-05,1.7989033949561417e-05,2.671133927378833e-07,,0.0041153528727591,0.0006433972157537,0.004115343093872,7.974768885818292e-05,4.138662105344286e-05,1.0138195753097534,1.0291985276074838,0.4533561541121215,0.0151272468679985,0.5049202064832363,,0,0,CONTINUED_PLASTIC_LOADING_WITH_COMPONENT_DROP,,False,False
BH032,448,4.480000019073486,0.4358473447047279,5009,3,5,SIDE_NORMAL_X_POS,1709,4,20.52719718256817,-0.1528798982152033,-51.96224238397836,0.0004720548973039,5.1021230935719385e-05,4.7476461272233535e-05,-1.5427971323369975e-05,1.8654861010746107e-05,-1.819063493785733e-05,1.7989033949561417e-05,2.671133927378833e-07,,0.0041153528727591,0.0006433972157537,0.004115343093872,7.974768885818292e-05,4.138662105344286e-05,1.0164786577224731,1.1530991462422708,0.4550638345770655,0.0151416957986995,0.5048029774489553,,0,0,CONTINUED_PLASTIC_LOADING,,False,False
BH032,449,4.490000247955322,0.4358215315533713,5009,3,5,SIDE_NORMAL_X_POS,1709,4,20.52719718256817,-0.1919929253752477,-51.98774744815032,0.0004748944923113,5.030517012550597e-05,5.020753515558692e-05,-1.6346617517845217e-05,1.8654861010746107e-05,-1.819063493785733e-05,1.7989033949561417e-05,2.671133927378833e-07,,0.0041153528727591,0.0006433972157537,0.004115343093872,7.974768885818292e-05,4.138662105344286e-05,1.0199049711227417,1.199671240913945,0.4584551538811743,0.0151451277640821,0.5046894211718428,,0,0,CONTINUED_PLASTIC_LOADING,,False,False
BH032,450,4.500000476837158,0.4356388879393655,5009,3,5,SIDE_NORMAL_X_POS,1709,4,20.52719718256817,-0.1437763175290894,-51.96847178418668,0.000473736798919,5.371705484374283e-05,4.967059806723005e-05,-1.21139238882463e-05,1.8654861010746107e-05,-1.819063493785733e-05,1.7989033949561417e-05,2.671133927378833e-07,,0.0041153528727591,0.0006433972157537,0.004115343093872,7.974768885818292e-05,4.138662105344286e-05,1.022896409034729,1.080668518935911,0.4616471096251719,0.0151567675819271,0.504745916092197,243772.5668227906,1,1,CONTINUED_PLASTIC_LOADING_WITH_COMPONENT_DROP,,False,False
BH032,451,4.510000705718994,0.4351907426493577,5009,3,5,SIDE_NORMAL_X_POS,1709,4,20.52719718256817,-0.2379439757297481,-51.999534861894176,0.0004861134769979,5.190565032820913e-05,6.055569431226665e-05,-1.5853117015283882e-05,1.8654861010746107e-05,-1.819063493785733e-05,1.7989033949561417e-05,2.671133927378833e-07,,0.0041153528727591,0.0006433972157537,0.004115343093872,7.974768885818292e-05,4.138662105344286e-05,1.0258911848068235,1.2287678206674983,0.463452753114419,0.0151648195855535,0.5045186434873685,,0,0,CONTINUED_PLASTIC_LOADING,,False,False
BH032,452,4.519999980926514,0.4349086548107337,5009,3,5,SIDE_NORMAL_X_POS,1709,4,20.52719718256817,-0.16867286302304,-52.051693214036455,0.000492509716264,4.925818332441158e-05,6.742257188624765e-05,-1.7190571530163734e-05,1.8654861010746107e-05,-1.819063493785733e-05,1.7989033949561417e-05,2.671133927378833e-07,,0.0041153528727591,0.0006433972157537,0.004115343093872,7.974768885818292e-05,4.138662105344286e-05,1.029089093208313,1.0307521898112728,0.4666620109686156,0.015174344776773,0.5044457634520596,,0,0,CONTINUED_PLASTIC_LOADING_WITH_COMPONENT_DROP,,False,False
BH032,453,4.53000020980835,0.43469323904528,5009,3,5,SIDE_NORMAL_X_POS,1709,4,20.52719718256817,-0.2041123667700886,-52.03178049567306,0.0004949889382038,5.661688608509939e-05,6.833124383121973e-05,-1.1785037811204088e-05,1.8654861010746107e-05,-1.819063493785733e-05,1.7989033949561417e-05,2.671133927378833e-07,,0.0041153528727591,0.0006433972157537,0.004115343093872,7.974768885818292e-05,4.138662105344286e-05,1.0317602157592771,1.1675819810568666,0.4692556748666106,0.0151840521904467,0.5045350477075099,,0,0,CONTINUED_PLASTIC_LOADING,,False,False
BH032,454,4.5400004386901855,0.4343876337455403,5009,3,5,SIDE_NORMAL_X_POS,1709,4,20.52719718256817,-0.1940837816650285,-52.04031397287208,0.0004950310333483,5.140345751810955e-05,6.998729212696458e-05,-1.5256204040456573e-05,1.8654861010746107e-05,-1.819063493785733e-05,1.7989033949561417e-05,2.671133927378833e-07,,0.0041153528727591,0.0006433972157537,0.004115343093872,7.974768885818292e-05,4.138662105344286e-05,1.0350123643875122,1.0168127146910364,0.4721357539741089,0.0151885059513624,0.5042956738321345,,0,0,CONTINUED_PLASTIC_LOADING_WITH_COMPONENT_DROP,,False,False
BH032,455,4.5500006675720215,0.4340256884314497,5009,3,5,SIDE_NORMAL_X_POS,1709,4,20.52719718256817,-0.204203815190075,-52.02754236730108,0.0005017346934038,5.511363485811928e-05,7.46861463797889e-05,-1.3709069639652538e-05,1.8654861010746107e-05,-1.819063493785733e-05,1.7989033949561417e-05,2.671133927378833e-07,,0.0041153528727591,0.0006433972157537,0.004115343093872,7.974768885818292e-05,4.138662105344286e-05,1.0374631881713867,1.1895353304026668,0.4737576279679004,0.0152011400945982,0.5043104272327825,,0,0,CONTINUED_PLASTIC_LOADING,,False,False
BH032,456,4.559999942779541,0.433479695787143,5009,3,5,SIDE_NORMAL_X_POS,1709,4,20.52719718256817,-0.1761446921643266,-52.05004145023352,0.0005012475423964,5.179779213004354e-05,7.54481021840384e-05,-1.5426324869807946e-05,1.8654861010746107e-05,-1.819063493785733e-05,1.7989033949561417e-05,2.671133927378833e-07,,0.0041153528727591,0.0006433972157537,0.004115343093872,7.974768885818292e-05,4.138662105344286e-05,1.04075026512146,1.316679782549682,0.4772587562533944,0.0152063067419954,0.504139500044323,,0,0,CONTINUED_PLASTIC_LOADING_WITH_COMPONENT_DROP,,False,False
BH032,457,4.570000171661377,0.4335176500530248,5009,3,5,SIDE_NORMAL_X_POS,1709,4,20.52719718256817,-0.1893199999667596,-52.078254949278666,0.000501514333678,5.626315183425478e-05,7.326573915494633e-05,-1.3306168845624805e-05,1.8654861010746107e-05,-1.819063493785733e-05,1.7989033949561417e-05,2.671133927378833e-07,,0.0041153528727591,0.0006433972157537,0.004115343093872,7.974768885818292e-05,4.138662105344286e-05,1.0431194305419922,1.2877092304840594,0.4790451893525524,0.0152117841694424,0.5041826712652465,,0,0,CONTINUED_PLASTIC_LOADING,,False,False
BH032,458,4.580000400543213,0.4333159814502223,5009,3,5,SIDE_NORMAL_X_POS,1709,4,20.52719718256817,-0.1662791555538877,-52.102890262533606,0.0004980349879914,5.420794875901245e-05,7.124751921784686e-05,-1.3570687477736924e-05,1.8654861010746107e-05,-1.819063493785733e-05,1.7989033949561417e-05,2.671133927378833e-07,,0.0041153528727591,0.0006433972157537,0.004115343093872,7.974768885818292e-05,4.138662105344286e-05,1.0463072061538696,1.3802816736422046,0.4819796125274034,0.0152199326716843,0.5041311311081275,,0,0,CONTINUED_PLASTIC_LOADING_WITH_COMPONENT_DROP,,False,False
BH032,459,4.590000629425049,0.4331116435490959,5009,3,5,SIDE_NORMAL_X_POS,1709,4,20.52719718256817,-0.2146728040840705,-52.10798288303459,0.0005062425938066,5.565731426636746e-05,7.748635887240118e-05,-1.4389403993030504e-05,1.8654861010746107e-05,-1.819063493785733e-05,1.7989033949561417e-05,2.671133927378833e-07,,0.0041153528727591,0.0006433972157537,0.004115343093872,7.974768885818292e-05,4.138662105344286e-05,1.0485970973968506,1.270044801554416,0.4834177822183173,0.0152266785141917,0.5040459800504264,,0,0,CONTINUED_PLASTIC_LOADING,,False,False
BH032,460,4.599999904632568,0.432977067466745,5009,3,5,SIDE_NORMAL_X_POS,1709,4,20.52719718256817,-0.1771443811980636,-52.15238977086376,0.0005134777701017,5.542113358145292e-05,8.561615860332665e-05,-1.3164588126611618e-05,1.8654861010746107e-05,-1.819063493785733e-05,1.7989033949561417e-05,2.671133927378833e-07,,0.0041153528727591,0.0006433972157537,0.004115343093872,8.561615860332665e-05,4.138662105344286e-05,1.051670789718628,1.035446593944102,0.48690280886837,0.0152340081776496,0.5041020763693731,,0,0,CONTINUED_PLASTIC_LOADING_WITH_COMPONENT_DROP,,False,False
BH032,461,4.610000133514404,0.4330235730002393,5009,3,5,SIDE_NORMAL_X_POS,1709,4,20.52719718256817,-0.2042670706150126,-52.158210998492606,0.0005122430404313,5.809311709241319e-05,8.269099285119152e-05,-1.2330285824848882e-05,1.8654861010746107e-05,-1.819063493785733e-05,1.7989033949561417e-05,2.671133927378833e-07,,0.0041153528727591,0.0006433972157537,0.004115343093872,8.561615860332665e-05,4.138662105344286e-05,1.0538324117660522,1.1959413571276765,0.4886142136921625,0.015237209386273,0.504029406092507,,0,0,CONTINUED_PLASTIC_LOADING,,False,False
BH032,462,4.62000036239624,0.4326611196656676,5009,3,5,SIDE_NORMAL_X_POS,1709,4,20.52719718256817,-0.1662693058870129,-52.16828561328144,0.0005070958305793,5.309587517524474e-05,7.890434445846287e-05,-1.5634668728540038e-05,1.8654861010746107e-05,-1.819063493785733e-05,1.7989033949561417e-05,2.671133927378833e-07,,0.0041153528727591,0.0006433972157537,0.004115343093872,8.561615860332665e-05,4.138662105344286e-05,1.0568320751190186,1.069584617745932,0.4914768058219372,0.0152436497862452,0.5039805261880667,,0,0,CONTINUED_PLASTIC_LOADING_WITH_COMPONENT_DROP,,False,False
BH032,463,4.630000591278076,0.4324036101639177,5009,3,5,SIDE_NORMAL_X_POS,1709,4,20.52719718256817,-0.2121985111406986,-52.18297982614271,0.0004942581932595,5.73789515878869e-05,6.38904706697499e-05,-1.3743738870456875e-05,1.8654861010746107e-05,-1.819063493785733e-05,1.7989033949561417e-05,2.671133927378833e-07,,0.0041153528727591,0.0006433972157537,0.004115343093872,8.561615860332665e-05,4.138662105344286e-05,1.0588873624801636,1.2266162872455717,0.4929882044730641,0.0152511205854949,0.5039763304285403,,0,0,CONTINUED_PLASTIC_LOADING,,False,False
BH032,464,4.639999866485596,0.432296013769604,5009,3,5,SIDE_NORMAL_X_POS,1709,4,20.52719718256817,-0.1759435861066215,-52.18936944362522,0.0005035375126601,5.239668623797282e-05,7.446195725887e-05,-1.713905908815841e-05,1.8654861010746107e-05,-1.819063493785733e-05,1.7989033949561417e-05,2.671133927378833e-07,,0.0041153528727591,0.0006433972157537,0.004115343093872,8.561615860332665e-05,4.138662105344286e-05,1.061801791191101,1.2813899674080398,0.49570705535027,0.0152539863047947,0.5039385920733359,,0,0,CONTINUED_PLASTIC_LOADING_WITH_COMPONENT_DROP,,False,False
BH032,465,4.650000095367432,0.4322196945755351,5009,3,5,SIDE_NORMAL_X_POS,1709,4,20.52719718256817,-0.2017266165204692,-52.21950173526361,0.000514244706432,5.575165067025004e-05,8.321927817981202e-05,-1.5703903489191822e-05,1.8654861010746107e-05,-1.819063493785733e-05,1.7989033949561417e-05,2.671133927378833e-07,,0.0041153528727591,0.0006433972157537,0.004115343093872,8.561615860332665e-05,4.138662105344286e-05,1.063789963722229,1.2814908807516503,0.4973913903530353,0.0152581592438085,0.5038932541444461,,0,0,CONTINUED_PLASTIC_LOADING,,False,False
BH032,466,4.660000324249268,0.431970333533436,5009,3,5,SIDE_NORMAL_X_POS,1709,4,20.52719718256817,-0.20164607574973,-52.25758767015636,0.0005163092224748,5.521499354102879e-05,8.638527487367636e-05,-1.487525640281556e-05,1.8654861010746107e-05,-1.819063493785733e-05,1.7989033949561417e-05,2.671133927378833e-07,,0.0041153528727591,0.0006433972157537,0.004115343093872,8.638527487367636e-05,4.138662105344286e-05,1.0667667388916016,1.1064651885973118,0.5004217611702066,0.0152615031604899,0.503837050907649,,0,0,CONTINUED_PLASTIC_LOADING_WITH_COMPONENT_DROP,,False,False
BH032,467,4.670000553131104,0.4317695860913512,5009,3,5,SIDE_NORMAL_X_POS,1709,4,20.52719718256817,-0.1964763417448474,-52.24445748306694,0.000512514756306,5.885159964299624e-05,8.094841672896206e-05,-1.2936068450176369e-05,1.8654861010746107e-05,-1.819063493785733e-05,1.7989033949561417e-05,2.671133927378833e-07,,0.0041153528727591,0.0006433972157537,0.004115343093872,8.638527487367636e-05,4.138662105344286e-05,1.0687639713287354,1.1986772054810395,0.5017352928965486,0.015263825634577,0.5037357297525652,,0,0,CONTINUED_PLASTIC_LOADING,,False,False
BH032,468,4.679999828338623,0.4313671743577626,5009,3,5,SIDE_NORMAL_X_POS,1709,4,20.52719718256817,-0.1520195797325714,-52.234234095094926,0.0005147278004139,5.470064145718856e-05,8.456921599334625e-05,-1.5442635253465125e-05,1.8654861010746107e-05,-1.819063493785733e-05,1.7989033949561417e-05,2.671133927378833e-07,,0.0041153528727591,0.0006433972157537,0.004115343093872,8.638527487367636e-05,4.138662105344286e-05,1.0716832876205444,1.0490787824587544,0.5048782522272341,0.015267134001979,0.5036139723964305,,0,0,CONTINUED_PLASTIC_LOADING_WITH_COMPONENT_DROP,,False,False
BH032,469,4.690000057220459,0.4312097837186979,5009,3,5,SIDE_NORMAL_X_POS,1709,4,20.52719718256817,-0.1988303525232967,-52.25674080742137,0.0005139567249345,6.039156169349957e-05,8.195500226730888e-05,-1.1762853681750089e-05,1.8654861010746107e-05,-1.819063493785733e-05,1.7989033949561417e-05,2.671133927378833e-07,,0.0041153528727591,0.0006433972157537,0.004115343093872,8.638527487367636e-05,4.138662105344286e-05,1.073669195175171,1.2284848161122917,0.5061044231050996,0.0152697632479663,0.5035810532502827,,0,0,CONTINUED_PLASTIC_LOADING,,False,False
BH032,470,4.700000286102295,0.4308033821112772,5009,3,5,SIDE_NORMAL_X_POS,1709,4,20.52719718256817,-0.1664277201208201,-52.24481606458536,0.000519892475932,5.618766477567989e-05,8.942041172516605e-05,-1.4295539907214312e-05,1.8654861010746107e-05,-1.819063493785733e-05,1.7989033949561417e-05,2.671133927378833e-07,,0.0041153528727591,0.0006433972157537,0.004115343093872,8.942041172516605e-05,4.138662105344286e-05,1.0764786005020142,1.12786966669966,0.5089879299452165,0.0152712803268719,0.5034162541982243,,0,0,CONTINUED_PLASTIC_LOADING_WITH_COMPONENT_DROP,,False,False
BH032,471,4.710000514984131,0.4306876423646475,5009,3,5,SIDE_NORMAL_X_POS,1709,4,20.52719718256817,-0.2083245373210454,-52.29043602606196,0.0005402777773801,5.868504340582814e-05,0.0001075936611817,-1.3984477248221066e-05,1.8654861010746107e-05,-1.819063493785733e-05,1.7989033949561417e-05,2.671133927378833e-07,,0.0041153528727591,0.0006433972157537,0.004115343093872,0.0001075936611817,4.138662105344286e-05,1.0785669088363647,1.2391915669194526,0.5107807649555334,0.0152738304001292,0.5034404474695058,,0,0,CONTINUED_PLASTIC_LOADING,,False,False
BH032,472,4.71999979019165,0.4304766462340554,5009,3,5,SIDE_NORMAL_X_POS,1709,4,20.52719718256817,-0.2161152065865699,-52.28911614089841,0.000544193926425,5.5967649446141046e-05,0.0001125230738022,-1.5751583814959096e-05,1.8654861010746107e-05,-1.819063493785733e-05,1.7989033949561417e-05,2.671133927378833e-07,,0.0041153528727591,0.0006433972157537,0.004115343093872,0.0001125230738022,4.138662105344286e-05,1.0810458660125732,1.1361422712327554,0.5131906523731535,0.0152746701231031,0.5032952434614788,,0,0,CONTINUED_PLASTIC_LOADING_WITH_COMPONENT_DROP,,False,False
BH032,473,4.730000019073486,0.4299745822852734,5009,3,5,SIDE_NORMAL_X_POS,1709,4,20.52719718256817,-0.2115844641322583,-52.257881401825706,0.0005483313562286,5.5174613349731096e-05,0.0001161534169552,-1.723629640041453e-05,1.8654861010746107e-05,-1.819063493785733e-05,1.7989033949561417e-05,2.671133927378833e-07,,0.0041153528727591,0.0006433972157537,0.004115343093872,0.0001161534169552,4.138662105344286e-05,1.0834945440292358,1.12432844605877,0.5148917716707841,0.0152766609436803,0.5032431119139706,,0,0,CONTINUED_PLASTIC_LOADING,,False,False
BH032,474,4.740000247955322,0.4298113577355815,5009,3,5,SIDE_NORMAL_X_POS,1709,4,20.52719718256817,-0.2005345684100491,-52.29741310688316,0.0005526054224608,5.8747318281207866e-05,0.0001189523358046,-1.4789096449927331e-05,1.8654861010746107e-05,-1.819063493785733e-05,1.7989033949561417e-05,2.671133927378833e-07,,0.0041153528727591,0.0006433972157537,0.004115343093872,0.0001189523358046,4.138662105344286e-05,1.0854499340057373,1.2652748799517906,0.5165441110875937,0.0152796644268104,0.5031965142729842,,0,0,CONTINUED_PLASTIC_LOADING,,False,False
BH032,475,4.750000476837158,0.42959138245544,5009,3,5,SIDE_NORMAL_X_POS,1709,4,20.52719718256817,-0.1616953649693576,-52.3042528586122,0.0005697438823399,5.3757729560420086e-05,0.0001376594734901,-1.7894254217989394e-05,1.8654861010746107e-05,-1.819063493785733e-05,1.7989033949561417e-05,2.671133927378833e-07,,0.0041153528727591,0.0006433972157537,0.004115343093872,0.0001376594734901,4.138662105344286e-05,1.0883803367614746,1.2292364496701604,0.5197672926794655,0.0152801656885515,0.5031549654183812,2585533.2544024023,1,1,CONTINUED_PLASTIC_LOADING_WITH_COMPONENT_DROP,,False,False
BH032,476,4.760000705718994,0.4293372121905009,5009,3,5,SIDE_NORMAL_X_POS,1709,4,20.52719718256817,-0.1833651089311615,-52.31723427251844,0.0005676699993063,5.661495058662306e-05,0.0001339040472806,-1.6778633948731896e-05,1.8654861010746107e-05,-1.819063493785733e-05,1.7989033949561417e-05,2.671133927378833e-07,,0.0041153528727591,0.0006433972157537,0.004115343093872,0.0001376594734901,4.138662105344286e-05,1.0904278755187988,1.1586009319202255,0.5210958959985166,0.0152834445779837,0.5031046671472222,,0,0,CONTINUED_PLASTIC_LOADING,,False,False
BH032,477,4.769999980926514,0.4289607538675749,5009,3,5,SIDE_NORMAL_X_POS,1709,4,20.52719718256817,-0.2073714740174921,-52.32185387059087,0.0005687836810952,5.547202379020395e-05,0.0001352266496556,-1.7846650069318218e-05,1.8654861010746107e-05,-1.819063493785733e-05,1.7989033949561417e-05,2.671133927378833e-07,,0.0041153528727591,0.0006433972157537,0.004115343093872,0.0001376594734901,4.138662105344286e-05,1.0926384925842283,1.287993796119977,0.5231364432474281,0.015285088707313,0.5030505465116071,,0,0,CONTINUED_PLASTIC_LOADING,,False,False
BH032,478,4.78000020980835,0.4287270194853944,5009,3,5,SIDE_NORMAL_X_POS,1709,4,20.52719718256817,-0.1693221959787716,-52.35286354254031,0.0005719180592586,5.224447700262545e-05,0.000138868964886,-2.0088893776157825e-05,1.8654861010746107e-05,-1.819063493785733e-05,1.7989033949561417e-05,2.671133927378833e-07,,0.0041153528727591,0.0006433972157537,0.004115343093872,0.000138868964886,4.138662105344286e-05,1.0955212116241455,1.3679043175418546,0.5262465036092915,0.0152858514635755,0.5029664224187965,,0,0,CONTINUED_PLASTIC_LOADING_WITH_COMPONENT_DROP,,False,False
BH032,479,4.7900004386901855,0.4283273843241445,5009,3,5,SIDE_NORMAL_X_POS,1709,4,20.52719718256817,-0.2007506948372092,-52.28338265130067,0.0005837682625945,5.568909092606078e-05,0.0001499832392716,-1.807773914928564e-05,1.8654861010746107e-05,-1.819063493785733e-05,1.7989033949561417e-05,2.671133927378833e-07,,0.0041153528727591,0.0006433972157537,0.004115343093872,0.0001499832392716,4.138662105344286e-05,1.0976455211639404,1.1415387532146437,0.5277397684791887,0.0152888077290512,0.5029869699201461,,0,0,CONTINUED_PLASTIC_LOADING,,False,False
BH032,480,4.8000006675720215,0.428152413417701,5009,3,5,SIDE_NORMAL_X_POS,1709,4,20.52719718256817,-0.2234340306151923,-52.35689949197105,0.0005835703093081,6.025930050651421e-05,0.000148483263436,-1.4458168443599309e-05,1.8654861010746107e-05,-1.819063493785733e-05,1.7989033949561417e-05,2.671133927378833e-07,,0.0041153528727591,0.0006433972157537,0.004115343093872,0.0001499832392716,4.138662105344286e-05,1.0997551679611206,1.2683047839039014,0.5292721991872983,0.0152893774845448,0.5028989870499392,,0,0,CONTINUED_PLASTIC_LOADING,,False,False
BH032,481,4.809999942779541,0.4278583928959894,5009,3,5,SIDE_NORMAL_X_POS,1709,4,20.52719718256817,-0.1645256913327611,-52.392379988809736,0.0005738526085369,5.829135426047949e-05,0.0001396210547001,-1.4918165261815133e-05,1.8654861010746107e-05,-1.819063493785733e-05,1.7989033949561417e-05,2.671133927378833e-07,,0.0041153528727591,0.0006433972157537,0.004115343093872,0.0001499832392716,4.138662105344286e-05,1.1024528741836548,1.2229865206068575,0.5321215600177083,0.0152914036790174,0.5029085010285324,,0,0,CONTINUED_PLASTIC_LOADING_WITH_COMPONENT_DROP,,False,False
BH032,482,4.820000171661377,0.4274707558698505,5009,3,5,SIDE_NORMAL_X_POS,1709,4,20.52719718256817,-0.1648313886337258,-52.35515999013701,0.0005839820220011,5.499112448906804e-05,0.000150397553767,-1.783070364226656e-05,1.8654861010746107e-05,-1.819063493785733e-05,1.7989033949561417e-05,2.671133927378833e-07,,0.0041153528727591,0.0006433972157537,0.004115343093872,0.000150397553767,4.138662105344286e-05,1.1051892042160034,1.3167583350812593,0.5346074535993639,0.0152926659532924,0.5028829133446613,,0,0,CONTINUED_PLASTIC_LOADING_WITH_COMPONENT_DROP,,False,False
BH032,483,4.830000400543213,0.4273955086796898,5009,3,5,SIDE_NORMAL_X_POS,1709,4,20.52719718256817,-0.2115487758536422,-52.3783075715602,0.0005895836973672,6.059401657229255e-05,0.0001543026622789,-1.4087303338239376e-05,1.8654861010746107e-05,-1.819063493785733e-05,1.7989033949561417e-05,2.671133927378833e-07,,0.0041153528727591,0.0006433972157537,0.004115343093872,0.0001543026622789,4.138662105344286e-05,1.107484221458435,1.308900416842971,0.5360388386055541,0.0152947771985764,0.5028538754217906,,0,0,CONTINUED_PLASTIC_LOADING,,False,False
BH032,484,4.840000629425049,0.4272535561507747,5009,3,5,SIDE_NORMAL_X_POS,1709,4,20.52719718256817,-0.1980401439992824,-52.40691398439681,0.0005827374649254,6.390474211235187e-05,0.0001465844638814,-1.1357425933466482e-05,1.8654861010746107e-05,-1.819063493785733e-05,1.7989033949561417e-05,2.671133927378833e-07,,0.0041153528727591,0.0006433972157537,0.004115343093872,0.0001543026622789,4.138662105344286e-05,1.109749436378479,1.2209655962388162,0.5378043150848555,0.0152952403306486,0.5028134859457578,,0,0,CONTINUED_PLASTIC_LOADING,,False,False
BH032,485,4.849999904632568,0.4268824303601968,5009,3,5,SIDE_NORMAL_X_POS,1709,4,20.52719718256817,-0.1941311077497404,-52.4061434156019,0.0005766327395676,6.117159987526865e-05,0.0001403658974993,-1.418271471925422e-05,1.8654861010746107e-05,-1.819063493785733e-05,1.7989033949561417e-05,2.671133927378833e-07,,0.0041153528727591,0.0006433972157537,0.004115343093872,0.0001543026622789,4.138662105344286e-05,1.112006664276123,1.2133224682702335,0.5400405341313188,0.0152967032548148,0.5028498879943648,,0,0,CONTINUED_PLASTIC_LOADING,,False,False
BH032,486,4.860000133514404,0.4267129975075864,5009,3,5,SIDE_NORMAL_X_POS,1709,4,20.52719718256817,-0.1827634894903062,-52.391708602136944,0.000563628458286,6.347336262395634e-05,0.0001271731512805,-1.209061871800107e-05,1.8654861010746107e-05,-1.819063493785733e-05,1.7989033949561417e-05,2.671133927378833e-07,,0.0041153528727591,0.0006433972157537,0.004115343093872,0.0001543026622789,4.138662105344286e-05,1.1142327785491943,1.2474686491893956,0.541658783417774,0.0152978703646891,0.5028163008519582,,0,0,CONTINUED_PLASTIC_LOADING,,False,False
