case,frame_start,frame_end,time_end_s,P_end_over_Pu,element,integration_point,section_point,sigma_y_start_MPa,sigma_y_end_MPa,abs_sigma_y_drop_MPa,sigma_VM_start_MPa,sigma_VM_end_MPa,eta_MPa,delta_PEEQ,delta_PE_tensor_norm,classification,d_s_raw,d_s_clipped,unloading_residual,delta_sigma_norm_MPa,original_Cs_increment_residual,current_isotropic_yield_MPa,sigma_VM_over_current_yield,confirmed_prior_yield,spatially_supported_unloading,qualified_scalar_stiffness,drop_audit_class
BH050,214,215,2.15000057220459,0.983765100043012,7318,1,1,-46.8985710144043,-67.40618896484375,0.0,309.46995575883443,311.1908287417881,1.206246502028794,0.0,0.0,AMBIGUOUS,,,,23.435271141864003,3.636281760439781e-05,355.0,0.8765938837796847,False,False,False,AMBIGUOUS
BH050,214,215,2.15000057220459,0.983765100043012,7687,4,5,104.34606170654295,111.7696762084961,0.0,320.5811810680884,328.8972124789594,8.288504582921513,0.0,0.0,ELASTIC_RELOADING,,,,8.389802829302685,4.445687653288394e-05,355.0,0.9264710210674912,True,False,False,ELASTIC_RELOADING
BH050,214,215,2.15000057220459,0.983765100043012,6592,3,5,175.50466918945312,150.91835021972656,0.0,238.41454688632464,227.8912745860661,-11.371284716064954,0.0,0.0,TRUE_ELASTIC_UNLOADING,-2.69900660374578e-05,0.0,2.396318454543589e-05,30.84105042706509,3.609236162195854e-05,355.0,0.6419472523551158,True,True,True,TRUE_ELASTIC_UNLOADING
BH050,214,215,2.15000057220459,0.983765100043012,7690,1,1,-283.63885498046875,-288.9716491699219,0.0,262.69246294380605,268.6223462273478,5.9162117756025,0.0,0.0,ELASTIC_RELOADING,,,,6.857545102889416,0.0001541942520741,355.0,0.7566826654291487,True,False,False,ELASTIC_RELOADING
BH050,214,215,2.15000057220459,0.983765100043012,8803,2,1,-226.9438018798828,-225.99737548828125,0.9464263916015624,348.8720601784996,347.1546413172715,-0.3988915799068028,7.971655577421188e-06,6.906078105056979e-06,CONTINUED_PLASTIC_LOADING,,,,2.507814342802369,0.6481013830769712,355.0,0.9779003980768212,True,False,False,CONTINUED_PLASTIC_LOADING_WITH_COMPONENT_DROP
BH050,215,216,2.160001277923584,0.9774838435660383,5809,3,5,-322.77471923828125,-374.6547546386719,0.0,454.714551479776,400.40301419262425,289.3391281999956,0.0026007294654846,0.002337313643336,CONTINUED_PLASTIC_LOADING,,,,134.14868302316847,2.8617125213623904,487.62056632393296,0.8211364364944179,True,False,False,CONTINUED_PLASTIC_LOADING
BH050,215,216,2.160001277923584,0.9774838435660383,8857,1,1,-384.6087951660156,-386.3663940429688,0.0,353.4923588242161,353.8964699701887,3.59552943135417,1.70036219060421e-05,1.7803375764682674e-05,CONTINUED_PLASTIC_LOADING,,,,7.297761830789701,0.4613252049389386,355.0,0.996891464704757,True,False,False,CONTINUED_PLASTIC_LOADING
BH050,215,216,2.160001277923584,0.9774838435660383,7318,1,1,-67.40618896484375,-100.30744171142578,0.0,311.1908287417881,321.4542262629922,9.089981641082955,0.0,0.0,AMBIGUOUS,,,,35.23380662754076,4.029084752502844e-06,355.0,0.9055048627126542,False,False,False,AMBIGUOUS
BH050,215,216,2.160001277923584,0.9774838435660383,7687,4,5,111.7696762084961,128.96588134765625,0.0,328.8972124789594,332.28156441872994,3.0061290753760592,0.0,0.0,ELASTIC_RELOADING,,,,17.67125589932883,4.076540755307208e-05,355.0,0.9360044068133238,True,False,False,ELASTIC_RELOADING
BH050,215,216,2.160001277923584,0.9774838435660383,6592,3,5,150.91835021972656,161.04322814941406,0.0,227.8912745860661,231.964904524793,3.919250479768762,0.0,0.0,ELASTIC_RELOADING,,,,11.41729224870763,6.529099297952302e-05,355.0,0.6534222662670226,True,False,False,ELASTIC_RELOADING
BH050,215,216,2.160001277923584,0.9774838435660383,7690,1,1,-288.9716491699219,-293.7301025390625,0.0,268.6223462273478,273.4594061527,4.83018677555229,0.0,0.0,ELASTIC_RELOADING,,,,6.452878096764184,5.133658252554329e-05,355.0,0.7703081863456338,True,False,False,ELASTIC_RELOADING
BH050,215,216,2.160001277923584,0.9774838435660383,8803,2,1,-225.99737548828125,-228.2306365966797,0.0,347.1546413172715,351.291491784182,5.578084960385525,8.67387279868126e-06,7.537742331979285e-06,CONTINUED_PLASTIC_LOADING,,,,5.204881162952769,0.3401573540775732,355.0,0.9895534979836114,True,False,False,CONTINUED_PLASTIC_LOADING
BH050,216,217,2.1700005531311035,0.9719808493391028,5809,3,5,-374.6547546386719,-327.4158935546875,47.238861083984375,400.40301419262425,385.2854455112353,459.7937058223368,0.0032315105199813,0.0029525144518954,CONTINUED_PLASTIC_LOADING_WITH_COMPONENT_DROP,,,,150.2406985856272,3.2270108983187096,489.0991044812198,0.7877451460883411,True,False,False,CONTINUED_PLASTIC_LOADING_WITH_COMPONENT_DROP
BH050,216,217,2.1700005531311035,0.9719808493391028,8857,1,1,-386.3663940429688,-384.92132568359375,1.445068359375,353.8964699701887,353.92828126617195,2.5257335986793192,1.3228971511125565e-05,1.3841747015841785e-05,CONTINUED_PLASTIC_LOADING,,,,3.5394574750868744,0.7399602073239681,355.0,0.9969810739892168,True,False,False,CONTINUED_PLASTIC_LOADING_WITH_COMPONENT_DROP
BH050,216,217,2.1700005531311035,0.9719808493391028,7318,1,1,-100.30744171142578,-124.71837615966795,0.0,321.4542262629922,330.6874991488218,8.636041974692148,0.0,0.0,AMBIGUOUS,,,,26.10601462016653,2.256642697439652e-05,355.0,0.9315140821093572,False,False,False,AMBIGUOUS
BH050,216,217,2.1700005531311035,0.9719808493391028,7687,4,5,128.96588134765625,160.8474578857422,0.0,332.28156441872994,339.3008190866717,5.862489486801058,0.0,0.0,ELASTIC_RELOADING,,,,33.99919364204656,3.106854183514243e-05,355.0,0.9557769551737232,True,False,False,ELASTIC_RELOADING
BH050,216,217,2.1700005531311035,0.9719808493391028,6592,3,5,161.04322814941406,154.0159454345703,0.0,231.964904524793,229.1811783166996,-2.8931619491469087,0.0,0.0,TRUE_ELASTIC_UNLOADING,8.86242944851956e-05,8.86242944851956e-05,4.105099998288583e-05,7.855143941782411,9.76772395116124e-05,355.0,0.6455807839907031,True,True,True,TRUE_ELASTIC_UNLOADING
BH050,216,217,2.1700005531311035,0.9719808493391028,7690,1,1,-293.7301025390625,-293.01202392578125,0.71807861328125,273.4594061527,274.30350428551,0.8024812410145978,0.0,0.0,ELASTIC_RELOADING,,,,3.4464600603860163,0.0006117252811982,355.0,0.7726859275648168,True,False,False,ELASTIC_RELOADING
BH050,216,217,2.1700005531311035,0.9719808493391028,8803,2,1,-228.2306365966797,-226.14328002929688,2.0873565673828125,351.291491784182,348.4166491494364,0.8484097840617126,2.247188240289688e-05,1.9473187370710227e-05,CONTINUED_PLASTIC_LOADING,,,,4.381671142821494,1.047248356400913,355.0,0.9814553497167224,True,False,False,CONTINUED_PLASTIC_LOADING_WITH_COMPONENT_DROP
BH050,217,218,2.1800012588500977,0.9649578667919008,5809,3,5,-327.4158935546875,-353.8477783203125,0.0,385.2854455112353,375.2196564293224,322.6750133574426,0.0026697218418121,0.00239250495081,CONTINUED_PLASTIC_LOADING,,,,102.91171430852724,3.884765911865834,490.0,0.7657544008761682,True,False,False,CONTINUED_PLASTIC_LOADING
BH050,217,218,2.1800012588500977,0.9649578667919008,8857,1,1,-384.92132568359375,-382.9035034179688,2.017822265625,353.92828126617195,354.1412239141795,2.390628997879732,1.2266449630260468e-05,1.2913712216892272e-05,CONTINUED_PLASTIC_LOADING,,,,6.736713272620915,0.3590246945298606,355.0,0.9975809124343084,True,False,False,CONTINUED_PLASTIC_LOADING_WITH_COMPONENT_DROP
BH050,217,218,2.1800012588500977,0.9649578667919008,7318,1,1,-124.71837615966795,-177.3780059814453,0.0,330.6874991488218,348.89543207234027,15.53799133779346,0.0,0.0,AMBIGUOUS,,,,58.57464612283452,1.8226434920534934e-05,355.0,0.9828040340065924,False,False,False,AMBIGUOUS
BH050,217,218,2.1800012588500977,0.9649578667919008,7687,4,5,160.8474578857422,187.8002777099609,0.0,339.3008190866717,347.42611638496976,7.387492031992321,0.0,0.0,ELASTIC_RELOADING,,,,29.085982422105857,3.652701216703842e-05,355.0,0.9786651165773796,True,False,False,ELASTIC_RELOADING
BH050,217,218,2.1800012588500977,0.9649578667919008,6592,3,5,154.0159454345703,147.69879150390625,0.0,229.1811783166996,226.355130529968,-3.084007936810702,0.0,0.0,TRUE_ELASTIC_UNLOADING,-3.4810133208385e-05,0.0,5.253727648916946e-05,8.194691232560187,6.30224274652426e-05,355.0,0.6376200859999098,True,True,True,TRUE_ELASTIC_UNLOADING
BH050,217,218,2.1800012588500977,0.9649578667919008,7690,1,1,-293.01202392578125,-295.25762939453125,0.0,274.30350428551,277.4680302465481,3.154145770253759,0.0,0.0,ELASTIC_RELOADING,,,,3.6343217663405696,0.0007790710783337,355.0,0.7816000852015439,True,False,False,ELASTIC_RELOADING
BH050,217,218,2.1800012588500977,0.9649578667919008,8803,2,1,-226.14328002929688,-215.7687225341797,10.374557495117188,348.4166491494364,338.60348181866226,-9.846773031958955,0.0,0.0,TRUE_ELASTIC_UNLOADING,-0.0001251878093897,0.0,0.0001450987351333,15.45083262253233,0.0001916290877582,355.0,0.953812624841302,True,True,True,TRUE_ELASTIC_UNLOADING
BH050,218,219,2.190000534057617,0.9595276240318236,5809,3,5,-353.8477783203125,-357.45135498046875,0.0,375.2196564293224,445.8397046556189,477.5681841542384,0.0028428584337234,0.0026075367609887,CONTINUED_PLASTIC_LOADING,,,,143.11433495846188,3.0053469732101883,490.0,0.9098769482767732,True,False,False,CONTINUED_PLASTIC_LOADING
BH050,218,219,2.190000534057617,0.9595276240318236,8857,1,1,-382.9035034179688,-383.0810546875,0.0,354.1412239141795,352.5229245381212,0.6761066462966416,1.2583564966917038e-05,1.3177322830511514e-05,CONTINUED_PLASTIC_LOADING,,,,8.114209340329595,0.3064554982806921,355.0,0.9930223226425948,True,False,False,CONTINUED_PLASTIC_LOADING
BH050,218,219,2.190000534057617,0.9595276240318236,7318,1,1,-177.3780059814453,-163.13400268554688,14.244003295898438,348.89543207234027,348.43957411437714,-0.7599827883177619,0.0,0.0,ELASTIC_UNLOADING_WITHOUT_CONFIRMED_PRIOR_YIELD,,,,19.085473130565678,2.119291434493886e-06,355.0,0.9815199270827524,False,False,False,ELASTIC_UNLOADING_WITHOUT_CONFIRMED_PRIOR_YIELD
BH050,218,219,2.190000534057617,0.9595276240318236,7687,4,5,187.8002777099609,221.1851806640625,0.0,347.42611638496976,354.9999970010284,13.703226643589256,3.1713760108686984e-05,4.835072659089079e-05,CONTINUED_PLASTIC_LOADING,,,,39.14908045995102,0.1326184995925753,355.0,0.9999999915521928,True,False,False,CONTINUED_PLASTIC_LOADING
BH050,218,219,2.190000534057617,0.9595276240318236,6592,3,5,147.69879150390625,151.464599609375,0.0,226.355130529968,227.9601709907989,1.155709220616871,0.0,0.0,ELASTIC_RELOADING,,,,9.27638591284358,7.840353575896499e-05,355.0,0.6421413267346447,True,False,False,ELASTIC_RELOADING
BH050,218,219,2.190000534057617,0.9595276240318236,7690,1,1,-295.25762939453125,-289.00128173828125,6.25634765625,277.4680302465481,274.43142069891934,-3.1291391172842773,0.0,0.0,TRUE_ELASTIC_UNLOADING,-0.0003821091956404,0.0,0.0001734576711326,6.789692267666599,0.0004195038498358,355.0,0.7730462554899137,True,True,True,TRUE_ELASTIC_UNLOADING
BH050,218,219,2.190000534057617,0.9595276240318236,8803,2,1,-215.7687225341797,-215.4127960205078,0.355926513671875,338.60348181866226,339.800077660256,1.152071011531371,0.0,0.0,ELASTIC_RELOADING,,,,3.2927192288924285,0.0005186459603424,355.0,0.957183317352834,True,False,False,ELASTIC_RELOADING
BH050,219,220,2.200001239776612,0.9556053688856014,5809,3,5,-357.45135498046875,-330.88311767578125,26.5682373046875,445.8397046556189,370.2173481018083,201.0892376308828,0.0031381845474243,0.0027690322617338,CONTINUED_PLASTIC_LOADING_WITH_COMPONENT_DROP,,,,203.22776011477583,2.2978938550456425,490.0,0.7555456083710373,True,False,False,CONTINUED_PLASTIC_LOADING_WITH_COMPONENT_DROP
BH050,219,220,2.200001239776612,0.9556053688856014,8857,1,1,-383.0810546875,-381.8931274414063,1.18792724609375,352.5229245381212,353.2436326439687,5.449008691012753,2.556806430220604e-05,2.6822074692816783e-05,CONTINUED_PLASTIC_LOADING,,,,4.981410148663307,1.0128374894082488,355.0,0.9950524863210384,True,False,False,CONTINUED_PLASTIC_LOADING_WITH_COMPONENT_DROP
BH050,219,220,2.200001239776612,0.9556053688856014,7318,1,1,-163.13400268554688,-164.39488220214844,0.0,348.43957411437714,353.432467340043,4.840367094887415,0.0,0.0,AMBIGUOUS,,,,7.5115523702404925,1.5648731852199614e-05,355.0,0.9955844150423746,False,False,False,AMBIGUOUS
BH050,219,220,2.200001239776612,0.9556053688856014,7687,4,5,221.1851806640625,245.6719970703125,0.0,354.9999970010284,354.9993842784962,13.491325477448989,6.344466237351298e-05,9.48636280013635e-05,CONTINUED_PLASTIC_LOADING,,,,35.16262249161902,0.2999668473966307,355.0,0.9999982655732288,True,False,False,CONTINUED_PLASTIC_LOADING
BH050,219,220,2.200001239776612,0.9556053688856014,6592,3,5,151.464599609375,133.6396026611328,0.0,227.9601709907989,223.2789043960523,-5.225603475801861,0.0,0.0,TRUE_ELASTIC_UNLOADING,1.489332097659446e-05,1.489332097659446e-05,1.6333411760873964e-05,22.958891166373288,2.210425140850152e-05,355.0,0.6289546602705699,True,True,True,TRUE_ELASTIC_UNLOADING
BH050,219,220,2.200001239776612,0.9556053688856014,7690,1,1,-289.00128173828125,-283.3914794921875,5.60980224609375,274.43142069891934,272.44154991976416,-2.089046786284507,0.0,0.0,TRUE_ELASTIC_UNLOADING,-9.760541557590764e-05,0.0,0.0001430384151072,6.468972048078562,0.0001731616176565,355.0,0.7674409856894765,True,True,True,TRUE_ELASTIC_UNLOADING
BH050,219,220,2.200001239776612,0.9556053688856014,8803,2,1,-215.4127960205078,-210.9875030517578,4.42529296875,339.800077660256,328.1400790907013,-11.679883657546837,0.0,0.0,TRUE_ELASTIC_UNLOADING,-8.76760157375589e-05,0.0,0.0001301279454502,14.504690454946756,0.0001569044873096,355.0,0.924338250959722,True,True,True,TRUE_ELASTIC_UNLOADING
BH050,220,221,2.210000514984131,0.952294159903108,5809,3,5,-330.88311767578125,-359.9321594238281,0.0,370.2173481018083,430.42868279499646,413.0517962285468,0.0028334856033325,0.0025485351579231,CONTINUED_PLASTIC_LOADING,,,,182.91549523232692,2.308301072322496,490.0,0.8784258832550949,True,False,False,CONTINUED_PLASTIC_LOADING
BH050,220,221,2.210000514984131,0.952294159903108,8857,1,1,-381.8931274414063,-378.6408996582031,3.252227783203125,353.2436326439687,349.20881216876256,0.3247517851514558,2.3233238607645035e-05,2.443895402978627e-05,CONTINUED_PLASTIC_LOADING,,,,3.849975619237077,1.1891686814502866,355.0,0.9836867948415848,True,False,False,CONTINUED_PLASTIC_LOADING_WITH_COMPONENT_DROP
BH050,220,221,2.210000514984131,0.952294159903108,7318,1,1,-164.39488220214844,-163.21592712402344,1.178955078125,353.432467340043,354.91752896768253,2.017580548129121,2.507565113774035e-06,3.058285768794948e-06,CONTINUED_PLASTIC_LOADING,,,,4.673303290181421,0.1045042090998137,355.0,0.9997676872329084,False,False,False,CONTINUED_PLASTIC_LOADING_WITH_COMPONENT_DROP
BH050,220,221,2.210000514984131,0.952294159903108,7687,4,5,245.6719970703125,257.46856689453125,0.0,354.9993842784962,355.0000213264909,12.332712956493324,5.584147584158927e-05,8.198597359984482e-05,CONTINUED_PLASTIC_LOADING,,,,16.888554798230015,0.5579077557516782,355.0,1.0000000600746224,True,False,False,CONTINUED_PLASTIC_LOADING
BH050,220,221,2.210000514984131,0.952294159903108,6592,3,5,133.6396026611328,140.73764038085938,0.0,223.2789043960523,225.92124942645864,1.7882300282892585,0.0,0.0,ELASTIC_RELOADING,,,,17.508063831474303,1.780684798721546e-05,355.0,0.6363978857083342,True,False,False,ELASTIC_RELOADING
BH050,220,221,2.210000514984131,0.952294159903108,7690,1,1,-283.3914794921875,-282.9161682128906,0.475311279296875,272.44154991976416,273.8677762282137,1.397290782039681,0.0,0.0,ELASTIC_RELOADING,,,,2.701146260709071,0.0006119252877161,355.0,0.7714585245865174,True,False,False,ELASTIC_RELOADING
BH050,220,221,2.210000514984131,0.952294159903108,8803,2,1,-210.9875030517578,-211.7201232910156,0.0,328.1400790907013,329.85975457931335,1.6732538150066016,0.0,0.0,ELASTIC_RELOADING,,,,3.524129743798333,0.0010624346741245,355.0,0.9291824072656714,True,False,False,ELASTIC_RELOADING
BH050,221,222,2.220001220703125,0.9491895016152916,5809,3,5,-359.9321594238281,-333.90557861328125,26.026580810546875,430.42868279499646,383.2671939275866,406.7132429169109,0.0033515244722366,0.0029701303680091,CONTINUED_PLASTIC_LOADING_WITH_COMPONENT_DROP,,,,42.53204798679225,11.723329733430958,490.0,0.7821779467909931,True,False,False,CONTINUED_PLASTIC_LOADING_WITH_COMPONENT_DROP
BH050,221,222,2.220001220703125,0.9491895016152916,8857,1,1,-378.6408996582031,-382.9225463867188,0.0,349.20881216876256,353.3643696735859,6.049083759560553,1.0116957128047945e-05,1.0706508632336452e-05,CONTINUED_PLASTIC_LOADING,,,,5.8659238615129,0.339544878219242,355.0,0.9953925906298194,True,False,False,CONTINUED_PLASTIC_LOADING
BH050,221,222,2.220001220703125,0.9491895016152916,7318,1,1,-163.21592712402344,-156.23910522460938,6.976821899414063,354.91752896768253,354.65629773401133,3.1359370820314987,1.463354692532448e-05,1.782613400059647e-05,CONTINUED_PLASTIC_LOADING,,,,9.17167594535568,0.310443804411852,355.0,0.9990318246028488,True,False,False,CONTINUED_PLASTIC_LOADING_WITH_COMPONENT_DROP
BH050,221,222,2.220001220703125,0.9491895016152916,7687,4,5,257.46856689453125,271.6902770996094,0.0,355.0000213264909,351.8996679769794,10.061820068364778,6.162282079458237e-05,8.854764248344285e-05,CONTINUED_PLASTIC_LOADING,,,,23.55243267520691,0.448154567147094,355.0,0.9912666703576885,True,False,False,CONTINUED_PLASTIC_LOADING
BH050,221,222,2.220001220703125,0.9491895016152916,6592,3,5,140.73764038085938,133.61129760742188,0.0,225.92124942645864,222.7648678054016,-3.506988648408254,0.0,0.0,TRUE_ELASTIC_UNLOADING,-2.2713549367558983e-05,0.0,1.2060149665407088e-05,12.999978548001648,2.5716319447983872e-05,355.0,0.6275066698743706,True,True,True,TRUE_ELASTIC_UNLOADING
BH050,221,222,2.220001220703125,0.9491895016152916,7690,1,1,-282.9161682128906,-278.1453857421875,4.770782470703125,273.8677762282137,272.4815110683713,-1.463672920249361,0.0,0.0,TRUE_ELASTIC_UNLOADING,0.0001342959043292,0.0001342959043292,0.000209564434577,5.528533340181463,0.0002489126082704,355.0,0.7675535523052712,True,True,True,TRUE_ELASTIC_UNLOADING
BH050,221,222,2.220001220703125,0.9491895016152916,8803,2,1,-211.7201232910156,-207.4523468017578,4.2677764892578125,329.85975457931335,330.81130821658417,0.9119040123961945,0.0,0.0,ELASTIC_RELOADING,,,,4.5232097622542495,9.895181963443702e-05,355.0,0.931862840046716,True,False,False,ELASTIC_RELOADING
BH050,222,223,2.2300004959106445,0.9458182360496552,5809,3,5,-333.90557861328125,-379.393310546875,0.0,383.2671939275866,417.6037094895317,440.3873744092396,0.0027742385864257,0.0024735691609553,CONTINUED_PLASTIC_LOADING,,,,46.69675870347403,8.905803779203309,490.0,0.852252468345983,True,False,False,CONTINUED_PLASTIC_LOADING
BH050,222,223,2.2300004959106445,0.9458182360496552,8857,1,1,-382.9225463867188,-382.9907531738281,0.0,353.3643696735859,354.1853116753335,5.638804381862597,2.575758844614029e-05,2.7218425329297223e-05,CONTINUED_PLASTIC_LOADING,,,,2.407524905435035,2.104432692875017,355.0,0.9977051033107984,True,False,False,CONTINUED_PLASTIC_LOADING
BH050,222,223,2.2300004959106445,0.9458182360496552,7318,1,1,-156.23910522460938,-147.4800567626953,8.759048461914062,354.65629773401133,354.9994629114844,4.262692307191185,1.70431740116328e-05,2.0728675161955486e-05,CONTINUED_PLASTIC_LOADING_WITH_COMPONENT_DROP,,,,11.859590995701105,0.279937602728829,355.0,0.999998487074604,True,False,False,CONTINUED_PLASTIC_LOADING_WITH_COMPONENT_DROP
BH050,222,223,2.2300004959106445,0.9458182360496552,7687,4,5,271.6902770996094,277.0611877441406,0.0,351.8996679769794,354.9801314473247,9.37925453093584,2.87565344478935e-05,4.078518098207788e-05,CONTINUED_PLASTIC_LOADING,,,,5.762084084018158,0.8626208730423877,355.0,0.999944032245985,True,False,False,CONTINUED_PLASTIC_LOADING
BH050,222,223,2.2300004959106445,0.9458182360496552,6592,3,5,133.61129760742188,121.49005889892578,0.0,222.7648678054016,218.58393660261308,-4.477250113205741,0.0,0.0,TRUE_ELASTIC_UNLOADING,-4.3112007923173934e-05,0.0,1.8284694561579945e-05,15.925620583067683,4.6827503046945615e-05,355.0,0.6157293988806002,True,True,True,TRUE_ELASTIC_UNLOADING
BH050,222,223,2.2300004959106445,0.9458182360496552,7690,1,1,-278.1453857421875,-282.0268249511719,0.0,272.4815110683713,277.7175207507035,5.220626912226662,0.0,0.0,ELASTIC_RELOADING,,,,6.096016535162407,7.863225788143538e-05,355.0,0.7823028753540944,True,False,False,ELASTIC_RELOADING
BH050,222,223,2.2300004959106445,0.9458182360496552,8803,2,1,-207.4523468017578,-210.58985900878903,0.0,330.81130821658417,331.37821393646993,0.5526568987197478,0.0,0.0,ELASTIC_RELOADING,,,,3.2931940709072447,0.0003312364436659,355.0,0.933459757567521,True,False,False,ELASTIC_RELOADING
BH050,223,224,2.2400012016296387,0.9406577960276442,5809,3,5,-379.393310546875,-337.369140625,42.024169921875,417.6037094895317,412.82218878794487,484.1109870879721,0.0033126175403594,0.0030154175458088,CONTINUED_PLASTIC_LOADING_WITH_COMPONENT_DROP,,,,60.46401001310517,8.2742801483723,490.0,0.8424942628325406,True,False,False,CONTINUED_PLASTIC_LOADING_WITH_COMPONENT_DROP
BH050,223,224,2.2400012016296387,0.9406577960276442,8857,1,1,-382.9907531738281,-381.8730773925781,1.11767578125,354.1853116753335,354.3427957255753,4.658953716222943,2.4129170924425125e-05,2.549467160374285e-05,CONTINUED_PLASTIC_LOADING,,,,2.245991064774615,2.111478933197516,355.0,0.9981487203537333,True,False,False,CONTINUED_PLASTIC_LOADING_WITH_COMPONENT_DROP
BH050,223,224,2.2400012016296387,0.9406577960276442,7318,1,1,-147.4800567626953,-139.18927001953125,8.290786743164062,354.9994629114844,354.9999972195652,3.568704409074522,1.5519410226261243e-05,1.8836240242335767e-05,CONTINUED_PLASTIC_LOADING_WITH_COMPONENT_DROP,,,,10.803546364941994,0.2796639845045367,355.0,0.9999999921677892,True,False,False,CONTINUED_PLASTIC_LOADING_WITH_COMPONENT_DROP
BH050,223,224,2.2400012016296387,0.9406577960276442,7687,4,5,277.0611877441406,277.43731689453125,0.0,354.9801314473247,355.00001553135314,0.6165701270715593,2.7223723009228702e-06,3.8510215444554186e-06,CONTINUED_PLASTIC_LOADING,,,,0.8333143450028774,0.5669649669221185,355.0,1.0000000437502905,True,False,False,CONTINUED_PLASTIC_LOADING
BH050,223,224,2.2400012016296387,0.9406577960276442,6592,3,5,121.49005889892578,136.8354949951172,0.0,218.58393660261308,223.85827097373195,4.404044898537158,0.0,0.0,ELASTIC_RELOADING,,,,23.499071818571384,3.440086503475909e-05,355.0,0.6305866787992449,True,False,False,ELASTIC_RELOADING
BH050,223,224,2.2400012016296387,0.9406577960276442,7690,1,1,-282.0268249511719,-282.1094055175781,0.0,277.7175207507035,279.71711355832383,1.9705513234955137,0.0,0.0,ELASTIC_RELOADING,,,,3.3147285329669898,0.0005597970320986,355.0,0.787935531150208,True,False,False,ELASTIC_RELOADING
BH050,223,224,2.2400012016296387,0.9406577960276442,8803,2,1,-210.58985900878903,-206.13168334960932,4.458175659179688,331.37821393646993,330.52879057929374,-0.9124114394922912,0.0,0.0,TRUE_ELASTIC_UNLOADING,3.679608328033268e-07,3.679608328033268e-07,0.0004980016858658,5.135307104154225,0.0004980018210387,355.0,0.9310670157163204,True,True,True,TRUE_ELASTIC_UNLOADING
BH050,224,225,2.250000476837158,0.9324049185579808,5809,3,5,-337.369140625,-346.2471008300781,0.0,412.82218878794487,469.4655859766697,425.38997879195057,0.0029154121875762,0.0027331932689401,CONTINUED_PLASTIC_LOADING,,,,50.78600454833861,8.79798518678729,490.0,0.9580930326054484,True,False,False,CONTINUED_PLASTIC_LOADING
BH050,224,225,2.250000476837158,0.9324049185579808,8857,1,1,-381.8730773925781,-378.5771484375,3.295928955078125,354.3427957255753,352.0472058757846,1.8336333078450813,2.2077932953834534e-05,2.3318448271942247e-05,CONTINUED_PLASTIC_LOADING,,,,3.499239268860762,1.2405960824803912,355.0,0.9916822700726328,True,False,False,CONTINUED_PLASTIC_LOADING_WITH_COMPONENT_DROP
BH050,224,225,2.250000476837158,0.9324049185579808,7318,1,1,-139.18927001953125,-132.12466430664062,7.064605712890625,354.9999972195652,354.9780729193787,4.51875011759573,1.9554616301320493e-05,2.367271198369799e-05,CONTINUED_PLASTIC_LOADING_WITH_COMPONENT_DROP,,,,9.055852914867105,0.421069310229076,355.0,0.9999382335757148,True,False,False,CONTINUED_PLASTIC_LOADING_WITH_COMPONENT_DROP
BH050,224,225,2.250000476837158,0.9324049185579808,7687,4,5,277.43731689453125,278.7165832519531,0.0,355.00001553135314,354.2350625350051,4.20381068076017,2.2706983145326376e-05,3.2069609263871376e-05,CONTINUED_PLASTIC_LOADING,,,,1.899864494255048,2.0716720310351966,355.0,0.9978452465774792,True,False,False,CONTINUED_PLASTIC_LOADING
BH050,224,225,2.250000476837158,0.9324049185579808,6592,3,5,136.8354949951172,124.68148040771484,0.0,223.85827097373195,218.9969823123945,-5.128900973464492,0.0,0.0,TRUE_ELASTIC_UNLOADING,-2.761447309040932e-06,0.0,2.0403355465410115e-05,15.598021290451772,2.058937658566375e-05,355.0,0.616892907922238,True,True,True,TRUE_ELASTIC_UNLOADING
BH050,224,225,2.250000476837158,0.9324049185579808,7690,1,1,-282.1094055175781,-284.3139038085937,0.0,279.71711355832383,284.0395839366017,4.292037621271102,0.0,0.0,ELASTIC_RELOADING,,,,5.182974644617842,3.7233465448420665e-05,355.0,0.8001115040467652,True,False,False,ELASTIC_RELOADING
BH050,224,225,2.250000476837158,0.9324049185579808,8803,2,1,-206.13168334960932,-202.60794067382807,3.52374267578125,330.52879057929374,329.4628478408964,-1.0786583417882776,0.0,0.0,TRUE_ELASTIC_UNLOADING,-0.0002490392231779,0.0,5.953748025399129e-05,3.676021115872583,0.0002559968106412,355.0,0.9280643601152012,True,True,True,TRUE_ELASTIC_UNLOADING
BH050,225,226,2.2600011825561523,0.921853855047026,5809,3,5,-346.2471008300781,-345.716064453125,0.531036376953125,469.4655859766697,412.660336391105,37.139152782658016,0.0030296742916107,0.0029004099007585,CONTINUED_PLASTIC_LOADING,,,,267.8347556284174,1.743627455250884,490.0,0.8421639518185816,True,False,False,CONTINUED_PLASTIC_LOADING_WITH_COMPONENT_DROP
BH050,225,226,2.2600011825561523,0.921853855047026,8857,1,1,-378.5771484375,-378.4714965820313,0.10565185546875,352.0472058757846,352.6089816038243,3.4905717495422808,1.5840865671634674e-05,1.6728343013194644e-05,CONTINUED_PLASTIC_LOADING,,,,3.801820332312936,0.8179906733165221,355.0,0.9932647369121812,True,False,False,CONTINUED_PLASTIC_LOADING
BH050,225,226,2.2600011825561523,0.921853855047026,7318,1,1,-132.12466430664062,-114.9598617553711,17.16480255126953,354.9780729193787,350.8727177572681,-1.2483685765029693,1.3443328498397022e-05,1.623420133947805e-05,CONTINUED_PLASTIC_LOADING_WITH_COMPONENT_DROP,,,,19.40853220747073,0.1348867063171227,355.0,0.988373852837375,True,False,False,CONTINUED_PLASTIC_LOADING_WITH_COMPONENT_DROP
BH050,225,226,2.2600011825561523,0.921853855047026,7687,4,5,278.7165832519531,280.9150695800781,0.0,354.2350625350051,354.83142002857056,5.594091410101809,2.285884693264961e-05,3.218423017644757e-05,CONTINUED_PLASTIC_LOADING,,,,2.408649939429236,1.6488291069783714,355.0,0.999525126841044,True,False,False,CONTINUED_PLASTIC_LOADING
BH050,225,226,2.2600011825561523,0.921853855047026,6592,3,5,124.68148040771484,122.4760513305664,0.0,218.9969823123945,216.7312664275671,-2.431858960810766,0.0,0.0,TRUE_ELASTIC_UNLOADING,-1.2779628983494716e-05,0.0,2.761692924238235e-05,6.377889013442708,3.04304032424362e-05,355.0,0.6105106096551186,True,True,True,TRUE_ELASTIC_UNLOADING
BH050,225,226,2.2600011825561523,0.921853855047026,7690,1,1,-284.3139038085937,-285.5748596191406,0.0,284.0395839366017,287.3573026629592,3.2813808158767213,0.0,0.0,ELASTIC_RELOADING,,,,4.995604889685992,0.0003197658684399,355.0,0.8094571905998852,True,False,False,ELASTIC_RELOADING
BH050,225,226,2.2600011825561523,0.921853855047026,8803,2,1,-202.60794067382807,-194.6014404296875,8.006500244140625,329.4628478408964,315.6960220422949,-13.799442532535329,0.0,0.0,TRUE_ELASTIC_UNLOADING,-0.0001174068816924,0.0,2.9123110387427764e-05,18.56206709607673,0.00012095162272,355.0,0.8892845691332251,True,True,True,TRUE_ELASTIC_UNLOADING
BH050,226,227,2.270000457763672,0.908979263935024,5809,3,5,-345.716064453125,-381.7742309570313,0.0,412.660336391105,438.2821099155453,485.97707457170543,0.0024459362030029,0.0025310642469911,CONTINUED_PLASTIC_LOADING,,,,37.22344531628087,10.526944524454208,490.0,0.8944532855419292,True,False,False,CONTINUED_PLASTIC_LOADING
BH050,226,227,2.270000457763672,0.908979263935024,8857,1,1,-378.4714965820313,-379.6020202636719,0.0,352.6089816038243,354.68137086644765,4.817041445585121,1.54213048517704e-05,1.6340462403350655e-05,CONTINUED_PLASTIC_LOADING,,,,9.35585177884072,0.3237051801414533,355.0,0.999102453144923,True,False,False,CONTINUED_PLASTIC_LOADING
BH050,226,227,2.270000457763672,0.908979263935024,7318,1,1,-114.9598617553711,-106.51145935058594,8.448402404785156,350.8727177572681,351.472983210604,3.771743444767736,1.3979995856061578e-05,1.6810795757889433e-05,CONTINUED_PLASTIC_LOADING_WITH_COMPONENT_DROP,,,,10.925761699886936,0.2496032396400835,355.0,0.9900647414383212,True,False,False,CONTINUED_PLASTIC_LOADING_WITH_COMPONENT_DROP
BH050,226,227,2.270000457763672,0.908979263935024,7687,4,5,280.9150695800781,283.0584411621094,0.0,354.83142002857056,355.000030885951,4.849771746218882,2.1447165636345744e-05,3.008567628666584e-05,CONTINUED_PLASTIC_LOADING,,,,2.4492188537882504,1.5261318080420492,355.0,1.0000000870026788,True,False,False,CONTINUED_PLASTIC_LOADING
BH050,226,227,2.270000457763672,0.908979263935024,6592,3,5,122.4760513305664,126.31603240966795,0.0,216.7312664275671,216.2515262943297,-0.7092669891410419,0.0,0.0,TRUE_ELASTIC_UNLOADING,-5.053268841925807e-05,0.0,2.1858636195176587e-05,9.971117368020067,5.5055378046916695e-05,355.0,0.6091592289981118,True,True,True,TRUE_ELASTIC_UNLOADING
BH050,226,227,2.270000457763672,0.908979263935024,7690,1,1,-285.5748596191406,-287.9533996582031,0.0,287.3573026629592,292.47557734224165,5.074956682604149,0.0,0.0,ELASTIC_RELOADING,,,,6.186541469558233,0.0001066548352305,355.0,0.8238748657527933,True,False,False,ELASTIC_RELOADING
BH050,226,227,2.270000457763672,0.908979263935024,8803,2,1,-194.6014404296875,-187.35919189453125,7.24224853515625,315.6960220422949,308.06267235506976,-7.64967767668869,0.0,0.0,TRUE_ELASTIC_UNLOADING,0.0003662661752613,0.0003662661752613,0.0003315001138005,11.07531231982612,0.0004941068150791,355.0,0.8677821756480838,True,True,True,TRUE_ELASTIC_UNLOADING
BH050,227,228,2.280001163482666,0.8949375366149795,5809,3,5,-381.7742309570313,-359.41754150390625,22.356689453125,438.2821099155453,448.6167386053942,556.7999465662203,0.0028123408555984,0.003106757173878,CONTINUED_PLASTIC_LOADING_WITH_COMPONENT_DROP,,,,41.20781904412748,11.175314192253648,490.0,0.9155443645008045,True,False,False,CONTINUED_PLASTIC_LOADING_WITH_COMPONENT_DROP
BH050,227,228,2.280001163482666,0.8949375366149795,8857,1,1,-379.6020202636719,-373.5705871582031,6.03143310546875,354.68137086644765,352.0231729158185,0.2399389054352898,1.626601442694664e-05,1.7303440104359477e-05,CONTINUED_PLASTIC_LOADING,,,,7.242234417415902,0.4390016766932478,355.0,0.991614571593855,True,False,False,CONTINUED_PLASTIC_LOADING_WITH_COMPONENT_DROP
BH050,227,228,2.280001163482666,0.8949375366149795,7318,1,1,-106.51145935058594,-93.7920379638672,12.71942138671875,351.472983210604,351.3138810544646,0.8073535166362025,4.951230948790908e-06,5.92883773856907e-06,CONTINUED_PLASTIC_LOADING_WITH_COMPONENT_DROP,,,,15.58411176163688,0.0620645615637338,355.0,0.9896165663506046,True,False,False,CONTINUED_PLASTIC_LOADING_WITH_COMPONENT_DROP
BH050,227,228,2.280001163482666,0.8949375366149795,7687,4,5,283.0584411621094,282.50946044921875,0.0,355.000030885951,353.7781600180271,-0.8548597343345761,1.7004203982651234e-06,2.381037405578422e-06,CONTINUED_PLASTIC_LOADING,,,,1.6173527247817387,0.1825835210410857,355.0,0.9965581972338792,True,False,False,CONTINUED_PLASTIC_LOADING
BH050,227,228,2.280001163482666,0.8949375366149795,6592,3,5,126.31603240966795,112.68699645996094,0.0,216.2515262943297,209.2130584165177,-7.251294483699333,0.0,0.0,TRUE_ELASTIC_UNLOADING,4.289392101730627e-06,4.289392101730627e-06,9.33726461472339e-06,14.750537186183095,1.0275385779585378e-05,355.0,0.5893325589197682,True,True,True,TRUE_ELASTIC_UNLOADING
BH050,227,228,2.280001163482666,0.8949375366149795,7690,1,1,-287.9533996582031,-289.61041259765625,0.0,292.47557734224165,296.82608179018285,4.301488950448817,0.0,0.0,ELASTIC_RELOADING,,,,6.122721678271361,0.0004308841340226,355.0,0.8361298078596701,True,False,False,ELASTIC_RELOADING
BH050,227,228,2.280001163482666,0.8949375366149795,8803,2,1,-187.35919189453125,-181.7258453369141,5.633346557617188,308.06267235506976,303.4193350778104,-4.656767168852402,0.0,0.0,TRUE_ELASTIC_UNLOADING,-0.0001748430913055,0.0,0.0001078092436339,7.736815739152847,0.0002053831822816,355.0,0.8547023523318602,True,True,True,TRUE_ELASTIC_UNLOADING
BH050,228,229,2.290000438690185,0.8802132312727491,5809,3,5,-359.41754150390625,-357.961669921875,1.45587158203125,448.6167386053942,442.4749725857821,267.5730961404892,0.0025305598974227,0.0028144107981687,CONTINUED_PLASTIC_LOADING,,,,260.35436934787583,1.6045387522970878,490.0,0.9030101481342492,True,False,False,CONTINUED_PLASTIC_LOADING_WITH_COMPONENT_DROP
BH050,228,229,2.290000438690185,0.8802132312727491,8857,1,1,-373.5705871582031,-370.9189147949219,2.65167236328125,352.0231729158185,352.45985449586703,1.4638993459072531,6.151385605335236e-06,6.600685321463882e-06,CONTINUED_PLASTIC_LOADING,,,,5.944324937456056,0.2014756230082493,355.0,0.992844660551738,True,False,False,CONTINUED_PLASTIC_LOADING_WITH_COMPONENT_DROP
BH050,228,229,2.290000438690185,0.8802132312727491,7318,1,1,-93.7920379638672,-79.93368530273438,13.858352661132812,351.3138810544646,352.25885915318514,0.7234582287800905,0.0,0.0,ELASTIC_RELOADING,,,,17.405435994812713,7.84351275075717e-05,355.0,0.9922784764878456,True,False,False,ELASTIC_RELOADING
BH050,228,229,2.290000438690185,0.8802132312727491,7687,4,5,282.50946044921875,282.4827575683594,0.0,353.7781600180271,353.7842913144822,4.117925180215877,1.882674405351281e-05,2.629412405812298e-05,CONTINUED_PLASTIC_LOADING,,,,1.110481854278668,2.9642680401669206,355.0,0.9965754684914993,True,False,False,CONTINUED_PLASTIC_LOADING
BH050,228,229,2.290000438690185,0.8802132312727491,6592,3,5,112.68699645996094,115.96591186523438,0.0,209.2130584165177,207.1928616582101,-2.135800935133596,0.0,0.0,TRUE_ELASTIC_UNLOADING,-7.76719704060902e-05,0.0,5.451809435188738e-05,5.6107125233244135,9.48905743955352e-05,355.0,0.583641863825944,True,True,True,TRUE_ELASTIC_UNLOADING
BH050,228,229,2.290000438690185,0.8802132312727491,7690,1,1,-289.61041259765625,-296.50634765625,0.0,296.82608179018285,307.2495779017594,10.378249157087875,0.0,0.0,ELASTIC_RELOADING,,,,10.488513878391023,8.67603898064978e-05,355.0,0.8654917687373503,True,False,False,ELASTIC_RELOADING
BH050,228,229,2.290000438690185,0.8802132312727491,8803,2,1,-181.7258453369141,-175.0845184326172,6.641326904296875,303.4193350778104,295.087984479852,-8.336395861163211,0.0,0.0,TRUE_ELASTIC_UNLOADING,3.297810265101564e-05,3.297810265101564e-05,6.765270867699348e-06,11.513928305686468,3.36659469100584e-05,355.0,0.8312337590981748,True,True,True,TRUE_ELASTIC_UNLOADING
BH050,229,230,2.30000114440918,0.8635946207624227,5809,3,5,-357.961669921875,-397.8049011230469,0.0,442.4749725857821,418.042658468066,182.5258554241705,0.0022615045309066,0.0025644279463715,CONTINUED_PLASTIC_LOADING,,,,113.11455225326588,3.34287928005146,490.0,0.8531482825878898,True,False,False,CONTINUED_PLASTIC_LOADING
BH050,229,230,2.30000114440918,0.8635946207624227,8857,1,1,-370.9189147949219,-365.9388732910156,4.98004150390625,352.45985449586703,350.9668414337611,0.3215257185078393,1.0989606380462646e-05,1.1963039697477468e-05,CONTINUED_PLASTIC_LOADING,,,,9.545244359211347,0.2230704618554269,355.0,0.9886389899542566,True,False,False,CONTINUED_PLASTIC_LOADING_WITH_COMPONENT_DROP
BH050,229,230,2.30000114440918,0.8635946207624227,7318,1,1,-79.93368530273438,-64.45189666748047,15.481788635253906,352.25885915318514,352.6042016519947,0.0786886605744618,0.0,0.0,ELASTIC_RELOADING,,,,18.714134583959225,2.6273791681605357e-05,355.0,0.99325127225914,True,False,False,ELASTIC_RELOADING
BH050,229,230,2.30000114440918,0.8635946207624227,7687,4,5,282.4827575683594,283.081787109375,0.0,353.7842913144822,354.9279121219448,4.028570708457639,1.3195531209930778e-05,1.845514459342926e-05,CONTINUED_PLASTIC_LOADING,,,,1.045729420243679,2.2036228420610624,355.0,0.999796935554774,True,False,False,CONTINUED_PLASTIC_LOADING
BH050,229,230,2.30000114440918,0.8635946207624227,6592,3,5,115.96591186523438,109.61492156982422,0.0,207.1928616582101,203.3276806191965,-3.976568384127369,0.0,0.0,TRUE_ELASTIC_UNLOADING,3.882474456040619e-06,3.882474456040619e-06,2.2125366219926403e-05,6.801794964097714,2.246342820504694e-05,355.0,0.5727540299132297,True,True,True,TRUE_ELASTIC_UNLOADING
BH050,229,230,2.30000114440918,0.8635946207624227,7690,1,1,-296.50634765625,-303.5916442871094,0.0,307.2495779017594,318.9427630557244,11.623498860120804,0.0,0.0,ELASTIC_RELOADING,,,,11.041857150817547,8.596383460370698e-05,355.0,0.8984303184668293,True,False,False,ELASTIC_RELOADING
BH050,229,230,2.30000114440918,0.8635946207624227,8803,2,1,-175.0845184326172,-167.96742248535156,7.117095947265625,295.087984479852,283.49814254156007,-11.620305437539336,0.0,0.0,TRUE_ELASTIC_UNLOADING,-5.946753102570312e-05,0.0,4.574257764370575e-05,14.404725816757615,7.502233022262868e-05,355.0,0.798586317018479,True,True,True,TRUE_ELASTIC_UNLOADING
BH050,230,231,2.310000419616699,0.8486771703715174,5809,3,5,-397.8049011230469,-391.4767150878906,6.32818603515625,418.042658468066,477.50666397833015,398.9450459297281,0.0025267004966735,0.0028511468375838,CONTINUED_PLASTIC_LOADING,,,,162.95712349230658,2.6012214424062794,490.0,0.9745033958741433,True,False,False,CONTINUED_PLASTIC_LOADING_WITH_COMPONENT_DROP
BH050,230,231,2.310000419616699,0.8486771703715174,8857,1,1,-365.9388732910156,-360.1420593261719,5.79681396484375,350.9668414337611,348.2904312593086,0.6894004619697367,1.863902434706688e-05,2.042664940085233e-05,CONTINUED_PLASTIC_LOADING,,,,9.236772833778128,0.3895393632711287,355.0,0.9810998063642496,True,False,False,CONTINUED_PLASTIC_LOADING_WITH_COMPONENT_DROP
BH050,230,231,2.310000419616699,0.8486771703715174,7318,1,1,-64.45189666748047,-45.8532600402832,18.598636627197266,352.6042016519947,354.8223117631041,1.8285670188716303,0.0,0.0,AMBIGUOUS,,,,23.126111218979283,1.2709717909819e-05,355.0,0.9994994697552227,True,False,False,AMBIGUOUS
BH050,230,231,2.310000419616699,0.8486771703715174,7687,4,5,283.081787109375,281.9837341308594,0.0,354.9279121219448,354.20374222057114,0.7842637902687631,6.893969839438796e-06,9.646058419706053e-06,CONTINUED_PLASTIC_LOADING,,,,1.1120697775090225,1.0833882483141046,355.0,0.997757020339637,True,False,False,CONTINUED_PLASTIC_LOADING
BH050,230,231,2.310000419616699,0.8486771703715174,6592,3,5,109.61492156982422,108.23709106445312,0.0,203.3276806191965,200.58034726570108,-2.824570128542891,0.0,0.0,TRUE_ELASTIC_UNLOADING,1.9109306995224173e-05,1.9109306995224173e-05,6.59050259516284e-05,4.9204644214179645,6.861961949938789e-05,355.0,0.5650150627202847,True,True,True,TRUE_ELASTIC_UNLOADING
BH050,230,231,2.310000419616699,0.8486771703715174,7690,1,1,-303.5916442871094,-309.0453186035156,0.0,318.9427630557244,328.1848844063976,9.203105194099924,0.0,0.0,ELASTIC_RELOADING,,,,8.980523077878146,9.481072302172834e-05,355.0,0.924464463116613,True,False,False,ELASTIC_RELOADING
BH050,230,231,2.310000419616699,0.8486771703715174,8803,2,1,-167.96742248535156,-157.3199920654297,10.647430419921877,283.49814254156007,274.49398868139417,-9.079686996167672,0.0,0.0,TRUE_ELASTIC_UNLOADING,-2.2901210022574503e-05,0.0,1.5004305543852164e-05,15.475134592647414,2.7378286978268448e-05,355.0,0.7732225033278709,True,True,True,TRUE_ELASTIC_UNLOADING
BH050,231,232,2.3200011253356934,0.8352970979953322,5809,3,5,-391.4767150878906,-364.595947265625,26.880767822265625,477.50666397833015,400.3056383120541,412.3079803108774,0.0025517046451568,0.0028539739344131,CONTINUED_PLASTIC_LOADING_WITH_COMPONENT_DROP,,,,91.20590753247598,4.70889402730139,490.0,0.8169502822694982,True,False,False,CONTINUED_PLASTIC_LOADING_WITH_COMPONENT_DROP
BH050,231,232,2.3200011253356934,0.8352970979953322,8857,1,1,-360.1420593261719,-359.1015930175781,1.04046630859375,348.2904312593086,349.940959741343,1.5284892892171276,0.0,0.0,ELASTIC_RELOADING,,,,7.52479903496015,0.0001718174894899,355.0,0.9857491823699804,True,False,False,ELASTIC_RELOADING
BH050,231,232,2.3200011253356934,0.8352970979953322,7318,1,1,-45.8532600402832,-30.64951705932617,15.203742980957031,354.8223117631041,354.3473847920921,-0.6668295024764053,2.5086046662181616e-07,2.901724182228144e-07,CONTINUED_PLASTIC_LOADING_WITH_COMPONENT_DROP,,,,17.35548525001708,0.0027123939381557,355.0,0.998161647301668,True,False,False,CONTINUED_PLASTIC_LOADING_WITH_COMPONENT_DROP
BH050,231,232,2.3200011253356934,0.8352970979953322,7687,4,5,281.9837341308594,281.8622436523437,0.0,354.20374222057114,354.62555659011286,3.8109554513763855,1.5489174984395504e-05,2.1671440165418785e-05,CONTINUED_PLASTIC_LOADING,,,,1.2179441422242467,2.222495690397964,355.0,0.9989452298313038,True,False,False,CONTINUED_PLASTIC_LOADING
BH050,231,232,2.3200011253356934,0.8352970979953322,6592,3,5,108.23709106445312,105.15879821777344,0.0,200.58034726570108,195.93737585541945,-4.867297816028598,0.0,0.0,TRUE_ELASTIC_UNLOADING,4.708383900808855e-05,4.708383900808855e-05,7.028222674613943e-05,7.165091076267511,8.45972106506095e-05,355.0,0.551936270015266,True,True,True,TRUE_ELASTIC_UNLOADING
BH050,231,232,2.3200011253356934,0.8352970979953322,7690,1,1,-309.0453186035156,-310.9787292480469,0.0,328.1848844063976,333.9546607494137,5.729488041457412,0.0,0.0,ELASTIC_RELOADING,,,,5.571110067618167,7.025856090089983e-05,355.0,0.9407173542237004,True,False,False,ELASTIC_RELOADING
BH050,231,232,2.3200011253356934,0.8352970979953322,8803,2,1,-157.3199920654297,-149.08509826660156,8.234893798828125,274.49398868139417,264.190896450749,-10.315600487173953,0.0,0.0,TRUE_ELASTIC_UNLOADING,0.0001053504253739,0.0001053504253739,4.755405647355345e-05,14.430437597625264,0.0001155960163905,355.0,0.744199708311969,True,True,True,TRUE_ELASTIC_UNLOADING
BH050,232,233,2.330000400543213,0.820917491985915,5809,3,5,-364.595947265625,-374.1632080078125,0.0,400.3056383120541,422.7394513425154,477.66939060318543,0.0023286640644073,0.0025847912635555,CONTINUED_PLASTIC_LOADING,,,,24.93443769890613,15.672534676018724,490.0,0.8627335741683988,True,False,False,CONTINUED_PLASTIC_LOADING
BH050,232,233,2.330000400543213,0.820917491985915,8857,1,1,-359.1015930175781,-355.55426025390625,3.547332763671875,349.940959741343,349.52600111379974,0.8404810986489084,7.114838808774948e-06,7.992135022804146e-06,CONTINUED_PLASTIC_LOADING,,,,4.822636281714451,0.2826597961941082,355.0,0.9845802848276048,True,False,False,CONTINUED_PLASTIC_LOADING_WITH_COMPONENT_DROP
BH050,232,233,2.330000400543213,0.820917491985915,7318,1,1,-30.64951705932617,-14.549310684204102,16.10020637512207,354.3473847920921,354.2085548130032,1.4131976670372142,8.299568435177207e-06,9.453802824740403e-06,CONTINUED_PLASTIC_LOADING_WITH_COMPONENT_DROP,,,,18.297513347435007,0.0894567346427653,355.0,0.9977705769380372,True,False,False,CONTINUED_PLASTIC_LOADING_WITH_COMPONENT_DROP
BH050,232,233,2.330000400543213,0.820917491985915,7687,4,5,281.8622436523437,281.0807189941406,0.0,354.62555659011286,354.7323995038389,0.1055894644913524,0.0,0.0,AMBIGUOUS,,,,1.42351814678289,0.0002979970485554,355.0,0.9992461957854616,True,False,False,AMBIGUOUS
BH050,232,233,2.330000400543213,0.820917491985915,6592,3,5,105.15879821777344,99.4305191040039,0.0,195.93737585541945,192.42477567924973,-3.548744541313296,0.0,0.0,TRUE_ELASTIC_UNLOADING,2.049238890644567e-05,2.049238890644567e-05,9.69714741046748e-05,5.912431106831282,9.911317709108658e-05,355.0,0.5420416216316893,True,True,True,TRUE_ELASTIC_UNLOADING
BH050,232,233,2.330000400543213,0.820917491985915,7690,1,1,-310.9787292480469,-314.5213623046875,0.0,333.9546607494137,341.0068629608125,7.025311258789893,0.0,0.0,ELASTIC_RELOADING,,,,6.829351053051532,0.0003480510121916,355.0,0.960582712565669,True,False,False,ELASTIC_RELOADING
BH050,232,233,2.330000400543213,0.820917491985915,8803,2,1,-149.08509826660156,-144.08346557617188,5.001632690429688,264.190896450749,261.058692166191,-3.1562680144480337,0.0,0.0,TRUE_ELASTIC_UNLOADING,0.0001554271614961,0.0001554271614961,0.0001222648841235,6.480788134778519,0.0001977721304394,355.0,0.7353765976512423,True,True,True,TRUE_ELASTIC_UNLOADING
BH050,233,234,2.340001106262207,0.8089892047655041,5809,3,5,-374.1632080078125,-378.40032958984375,0.0,422.7394513425154,483.8925558093658,509.8720625990845,0.0023649036884307,0.0025408298265322,CONTINUED_PLASTIC_LOADING,,,,74.22979785922473,5.3039293060334805,490.0,0.9875358281823792,True,False,False,CONTINUED_PLASTIC_LOADING
BH050,233,234,2.340001106262207,0.8089892047655041,8857,1,1,-355.55426025390625,-350.14404296875,5.41021728515625,349.52600111379974,344.2889312848138,-4.715536680488604,2.9136426746845245e-06,3.262747724242154e-06,CONTINUED_PLASTIC_LOADING,,,,8.446443079235989,0.0663268100010535,355.0,0.9698279754501798,True,False,False,CONTINUED_PLASTIC_LOADING_WITH_COMPONENT_DROP
BH050,233,234,2.340001106262207,0.8089892047655041,7318,1,1,-14.549310684204102,-0.2039427012205124,14.34536798298359,354.2085548130032,354.84081017199486,1.6698952377992295,5.792811862193048e-06,6.493896818073758e-06,CONTINUED_PLASTIC_LOADING_WITH_COMPONENT_DROP,,,,16.450218377522056,0.0696874709477787,355.0,0.9995515779492812,True,False,False,CONTINUED_PLASTIC_LOADING_WITH_COMPONENT_DROP
BH050,233,234,2.340001106262207,0.8089892047655041,7687,4,5,281.0807189941406,279.504638671875,0.0,354.7323995038389,352.8061586781392,-0.2551066542920922,7.622584234923124e-06,1.0668430615424148e-05,CONTINUED_PLASTIC_LOADING,,,,1.7566626685946238,0.7585981195942637,355.0,0.993820165290533,True,False,False,CONTINUED_PLASTIC_LOADING
BH050,233,234,2.340001106262207,0.8089892047655041,6592,3,5,99.4305191040039,105.6373519897461,0.0,192.42477567924973,192.621754772117,-0.2012249714753262,0.0,0.0,AMBIGUOUS,,,,13.209005127442897,4.601146976017709e-05,355.0,0.5425964923158225,True,False,False,AMBIGUOUS
BH050,233,234,2.340001106262207,0.8089892047655041,7690,1,1,-314.5213623046875,-318.1670837402344,0.0,341.0068629608125,347.7002555736288,6.673229181555489,0.0,0.0,ELASTIC_RELOADING,,,,5.885123235934566,0.0002850203461211,355.0,0.9794373396440248,True,False,False,ELASTIC_RELOADING
BH050,233,234,2.340001106262207,0.8089892047655041,8803,2,1,-144.08346557617188,-135.53204345703125,8.551422119140625,261.058692166191,245.75990764037724,-15.298301757805042,0.0,0.0,TRUE_ELASTIC_UNLOADING,-0.0002145516706932,0.0,4.222811956609884e-05,19.50099983791968,0.0002186227050014,355.0,0.6922814299728937,True,True,True,TRUE_ELASTIC_UNLOADING
BH050,234,235,2.3500003814697266,0.800167033330016,5809,3,5,-378.40032958984375,-358.02264404296875,20.377685546875,483.8925558093658,461.804942093056,175.4351227575773,0.0024628639221191,0.0025461999232616,CONTINUED_PLASTIC_LOADING_WITH_COMPONENT_DROP,,,,290.0206238823149,1.393910490932745,490.0,0.9424590654960326,True,False,False,CONTINUED_PLASTIC_LOADING_WITH_COMPONENT_DROP
BH050,234,235,2.3500003814697266,0.800167033330016,8857,1,1,-350.14404296875,-349.88250732421875,0.26153564453125,344.2889312848138,347.9111749160753,5.013140479700703,8.491799235343933e-06,9.667075786764833e-06,CONTINUED_PLASTIC_LOADING,,,,9.677498996330517,0.1666669436944985,355.0,0.9800314786368318,True,False,False,CONTINUED_PLASTIC_LOADING
BH050,234,235,2.3500003814697266,0.800167033330016,7318,1,1,-0.2039427012205124,12.837950706481934,0.2039427012205124,354.84081017199486,354.7294298714441,2.840739822683434,1.4584431482944638e-05,1.6239581174910566e-05,CONTINUED_PLASTIC_LOADING,,,,14.466628762352292,0.1996288252171085,355.0,0.9992378306237862,True,False,False,CONTINUED_PLASTIC_LOADING
BH050,234,235,2.3500003814697266,0.800167033330016,7687,4,5,279.504638671875,279.6762390136719,0.0,352.8061586781392,353.675137494212,0.8709535766110056,0.0,0.0,ELASTIC_RELOADING,,,,0.7341308654008769,0.0027983356910526,355.0,0.9962679929414422,True,False,False,ELASTIC_RELOADING
BH050,234,235,2.3500003814697266,0.800167033330016,6592,3,5,105.6373519897461,94.42501831054688,0.0,192.621754772117,187.03941882381,-6.11346953919309,0.0,0.0,TRUE_ELASTIC_UNLOADING,8.729562535836344e-06,8.729562535836344e-06,1.4209252715453933e-05,16.444908320342286,1.6676613982970847e-05,355.0,0.5268716023205915,True,True,True,TRUE_ELASTIC_UNLOADING
BH050,234,235,2.3500003814697266,0.800167033330016,7690,1,1,-318.1670837402344,-319.9022521972656,0.0,347.7002555736288,353.0330115594848,5.303722944745477,0.0,0.0,ELASTIC_RELOADING,,,,4.73062902351637,0.0003550192328669,355.0,0.9944591874915064,True,False,False,ELASTIC_RELOADING
BH050,234,235,2.3500003814697266,0.800167033330016,8803,2,1,-135.53204345703125,-131.44371032714844,4.0883331298828125,245.75990764037724,237.6930511106519,-8.085105023862624,0.0,0.0,TRUE_ELASTIC_UNLOADING,0.0001560782212811,0.0001560782212811,9.421783376071524e-05,9.586890719655337,0.000182332161331,355.0,0.6695578904525405,True,True,True,TRUE_ELASTIC_UNLOADING
BH050,235,236,2.3600010871887207,0.7910859322689288,5809,3,5,-358.02264404296875,-363.23138427734375,0.0,461.804942093056,415.4456443823216,141.18660042243647,0.002422347664833,0.0024738426682562,CONTINUED_PLASTIC_LOADING,,,,201.0922822529241,1.9732546062736505,490.0,0.8478482538414726,True,False,False,CONTINUED_PLASTIC_LOADING
BH050,235,236,2.3600010871887207,0.7910859322689288,8857,1,1,-349.88250732421875,-351.34619140625,0.0,347.9111749160753,352.7066527237208,4.423528227680867,0.0,0.0,ELASTIC_RELOADING,,,,16.525877037238782,0.0001042924534973,355.0,0.9935398668273826,True,False,False,ELASTIC_RELOADING
BH050,235,236,2.3600010871887207,0.7910859322689288,7318,1,1,12.837950706481934,22.872039794921875,0.0,354.7294298714441,354.94679342193217,2.7310788471955254,1.2335498468019068e-05,1.3612588388996548e-05,CONTINUED_PLASTIC_LOADING,,,,11.154767958930837,0.2192024719139862,355.0,0.999850122315302,True,False,False,CONTINUED_PLASTIC_LOADING
BH050,235,236,2.3600010871887207,0.7910859322689288,7687,4,5,279.6762390136719,276.7538757324219,0.0,353.675137494212,351.73989982672543,-1.941600827312328,0.0,0.0,TRUE_ELASTIC_UNLOADING,0.0009604412354675,0.0009604412354675,9.609258720108124e-05,3.0134438137679376,0.0009661550709375,355.0,0.9908166192302124,True,True,True,TRUE_ELASTIC_UNLOADING
BH050,235,236,2.3600010871887207,0.7910859322689288,6592,3,5,94.42501831054688,100.44844818115234,0.0,187.03941882381,187.5017061488188,0.3497061358273018,0.0,0.0,ELASTIC_RELOADING,,,,8.868117942458325,5.902858517222739e-05,355.0,0.5281738201375178,True,False,False,ELASTIC_RELOADING
BH050,235,236,2.3600010871887207,0.7910859322689288,7690,1,1,-319.9022521972656,-320.01080322265625,0.0,353.0330115594848,354.9131717940712,3.8362926010738914,1.0489507985766975e-05,1.2827768641746247e-05,CONTINUED_PLASTIC_LOADING,,,,1.748502403598738,1.1039074449655963,355.0,0.999755413504426,True,False,False,CONTINUED_PLASTIC_LOADING
BH050,235,236,2.3600010871887207,0.7910859322689288,8803,2,1,-131.44371032714844,-125.00617218017578,6.437538146972656,237.6930511106519,229.7366446956557,-7.965027210000493,0.0,0.0,TRUE_ELASTIC_UNLOADING,-0.0001793883005754,0.0,0.0002165006905044,11.3302867207107,0.0002811426102065,355.0,0.6471454780159316,True,True,True,TRUE_ELASTIC_UNLOADING
BH050,236,237,2.37000036239624,0.7822230189841085,5809,3,5,-363.23138427734375,-375.5893249511719,0.0,415.4456443823216,490.0000283105212,355.886101878806,0.002307116985321,0.0023203265331826,CONTINUED_PLASTIC_LOADING,,,,213.1755645378619,1.7579455199068863,490.0,1.000000057776574,True,False,False,CONTINUED_PLASTIC_LOADING
BH050,236,237,2.37000036239624,0.7822230189841085,8857,1,1,-351.34619140625,-347.64276123046875,3.70343017578125,352.7066527237208,351.3145517913176,2.0062710620603896,1.861387863755226e-05,2.1335391745776705e-05,CONTINUED_PLASTIC_LOADING,,,,4.4487092917077184,0.793600319344846,355.0,0.9896184557501904,True,False,False,CONTINUED_PLASTIC_LOADING_WITH_COMPONENT_DROP
BH050,236,237,2.37000036239624,0.7822230189841085,7318,1,1,22.872039794921875,32.827850341796875,0.0,354.94679342193217,355.00002957160456,2.64379963518944,1.2812568456865849e-05,1.3984751627189813e-05,CONTINUED_PLASTIC_LOADING,,,,10.908434195979574,0.2334752637079835,355.0,1.0000000833002944,True,False,False,CONTINUED_PLASTIC_LOADING
BH050,236,237,2.37000036239624,0.7822230189841085,7687,4,5,276.7538757324219,273.5108947753906,0.0,351.73989982672543,349.38891330120504,-2.3580268575613217,0.0,0.0,TRUE_ELASTIC_UNLOADING,0.0002540602656673,0.0002540602656673,0.0003336430789584,3.2798946946159644,0.000419400910055,355.0,0.9841941219752256,True,True,True,TRUE_ELASTIC_UNLOADING
BH050,236,237,2.37000036239624,0.7822230189841085,6592,3,5,100.44844818115234,96.9098663330078,0.0,187.5017061488188,185.23906348274417,-2.408578720742606,0.0,0.0,TRUE_ELASTIC_UNLOADING,-1.3825409709955494e-05,0.0,2.309039638764865e-05,5.438709677879984,2.6912877470384035e-05,355.0,0.5218001788246315,True,True,True,TRUE_ELASTIC_UNLOADING
BH050,236,237,2.37000036239624,0.7822230189841085,7690,1,1,-320.01080322265625,-319.0260009765625,0.98480224609375,354.9131717940712,354.93165585116026,4.68525241061851,2.4892746296245605e-05,3.055529381100304e-05,CONTINUED_PLASTIC_LOADING,,,,1.1950905528214293,3.8288794717463,355.0,0.999807481270874,True,False,False,CONTINUED_PLASTIC_LOADING_WITH_COMPONENT_DROP
BH050,236,237,2.37000036239624,0.7822230189841085,8803,2,1,-125.00617218017578,-124.45296478271484,0.5532073974609375,229.7366446956557,234.90812281574424,5.120124268244288,0.0,0.0,ELASTIC_RELOADING,,,,6.689535225086842,0.0001812259170046,355.0,0.661713022016181,True,False,False,ELASTIC_RELOADING
BH050,237,238,2.3800010681152344,0.7757550233833245,5809,3,5,-375.5893249511719,-353.3922424316406,22.19708251953125,490.0000283105212,396.2162648503111,245.14040927561,0.002712607383728,0.0026057436239233,CONTINUED_PLASTIC_LOADING_WITH_COMPONENT_DROP,,,,134.34771461310928,3.21144362724422,490.0,0.808604622143492,True,False,False,CONTINUED_PLASTIC_LOADING_WITH_COMPONENT_DROP
BH050,237,238,2.3800010681152344,0.7757550233833245,8857,1,1,-347.64276123046875,-342.99981689453125,4.6429443359375,351.3145517913176,345.96973499605576,-3.18254346283171,1.1996831744909286e-05,1.388370432874642e-05,CONTINUED_PLASTIC_LOADING,,,,9.847443024384209,0.229698914298625,355.0,0.9745626337917064,True,False,False,CONTINUED_PLASTIC_LOADING_WITH_COMPONENT_DROP
BH050,237,238,2.3800010681152344,0.7757550233833245,7318,1,1,32.827850341796875,44.35641479492188,0.0,355.00002957160456,354.9724601613124,6.245858226280806,3.088827361352742e-05,3.3335308979338295e-05,CONTINUED_PLASTIC_LOADING,,,,12.57219945396849,0.4888378496850825,355.0,0.9999224229896124,True,False,False,CONTINUED_PLASTIC_LOADING
BH050,237,238,2.3800010681152344,0.7757550233833245,7687,4,5,273.5108947753906,267.2220153808594,0.0,349.38891330120504,344.65535335391445,-4.754126012377982,0.0,0.0,TRUE_ELASTIC_UNLOADING,-0.0001781177789264,0.0,8.960895037606425e-05,6.3014904043596,0.0001993599950283,355.0,0.9708601502927168,True,True,True,TRUE_ELASTIC_UNLOADING
BH050,237,238,2.3800010681152344,0.7757550233833245,6592,3,5,96.9098663330078,88.59905242919922,0.0,185.23906348274417,181.9080581977306,-3.666866101144639,0.0,0.0,TRUE_ELASTIC_UNLOADING,-1.5910391673479296e-05,0.0,1.7814978133137673e-05,12.720829015696864,2.3885265752023492e-05,355.0,0.5124170653457201,True,True,True,TRUE_ELASTIC_UNLOADING
BH050,237,238,2.3800010681152344,0.7757550233833245,7690,1,1,-319.0260009765625,-316.0718688964844,2.954132080078125,354.93165585116026,354.8472270772683,5.941989169938394,3.223534440621734e-05,3.970059994131721e-05,CONTINUED_PLASTIC_LOADING,,,,3.3635238785348123,1.7579600708503798,355.0,0.999569653738784,True,False,False,CONTINUED_PLASTIC_LOADING_WITH_COMPONENT_DROP
BH050,237,238,2.3800010681152344,0.7757550233833245,8803,2,1,-124.45296478271484,-119.80748748779295,4.645477294921875,234.90812281574424,221.04559864983963,-13.910909648313584,0.0,0.0,TRUE_ELASTIC_UNLOADING,9.239448476727752e-05,9.239448476727752e-05,2.565212727813981e-05,17.046489821316968,9.589760240667548e-05,355.0,0.6226636581685624,True,True,True,TRUE_ELASTIC_UNLOADING
BH050,238,239,2.390000343322754,0.7680291224314505,5809,3,5,-353.3922424316406,-376.9969177246094,0.0,396.2162648503111,439.4772134191657,445.398237122124,0.0024165511131286,0.0022959716770016,CONTINUED_PLASTIC_LOADING,,,,101.20272878054064,3.779520689302117,490.0,0.8968922722840117,True,False,False,CONTINUED_PLASTIC_LOADING
BH050,238,239,2.390000343322754,0.7680291224314505,8857,1,1,-342.99981689453125,-330.7693176269531,12.230499267578123,345.96973499605576,331.9585363362647,-3.400350646972714,5.7023949921131134e-05,6.805357188713107e-05,CONTINUED_PLASTIC_LOADING,,,,16.031616597545508,0.663588414386816,355.0,0.9350944685528584,True,False,False,CONTINUED_PLASTIC_LOADING_WITH_COMPONENT_DROP
BH050,238,239,2.390000343322754,0.7680291224314505,7318,1,1,44.35641479492188,54.00675201416016,0.0,354.9724601613124,354.61840538638114,5.194612143102554,2.7460569981485605e-05,2.932823713708141e-05,CONTINUED_PLASTIC_LOADING,,,,10.253933049778665,0.5338414077077152,355.0,0.9989250855954398,True,False,False,CONTINUED_PLASTIC_LOADING
BH050,238,239,2.390000343322754,0.7680291224314505,7687,4,5,267.2220153808594,258.2680053710937,0.0,344.65535335391445,338.2226394131334,-6.463802878962179,0.0,0.0,TRUE_ELASTIC_UNLOADING,-0.0001055833749799,0.0,7.10900059497885e-05,9.46745145992248,0.0001272764079149,355.0,0.95273982933277,True,True,True,TRUE_ELASTIC_UNLOADING
BH050,238,239,2.390000343322754,0.7680291224314505,6592,3,5,88.59905242919922,93.13682556152344,0.0,181.9080581977306,181.43842646309784,-0.5761563344050531,0.0,0.0,TRUE_ELASTIC_UNLOADING,-7.72239732855784e-05,0.0,1.3736981124430916e-05,7.972270389805704,7.843038906651943e-05,355.0,0.5110941590509799,True,True,True,TRUE_ELASTIC_UNLOADING
BH050,238,239,2.390000343322754,0.7680291224314505,7690,1,1,-316.0718688964844,-314.1026916503906,1.96917724609375,354.8472270772683,354.7843125289993,5.280698945815721,2.8457012376748025e-05,3.525335050930846e-05,CONTINUED_PLASTIC_LOADING,,,,2.2351962137659096,2.3279644640915733,355.0,0.999392429659153,True,False,False,CONTINUED_PLASTIC_LOADING_WITH_COMPONENT_DROP
BH050,238,239,2.390000343322754,0.7680291224314505,8803,2,1,-119.80748748779295,-112.72743225097656,7.080055236816406,221.04559864983963,212.25252163584045,-8.910565280649505,0.0,0.0,TRUE_ELASTIC_UNLOADING,-5.871382039290829e-05,0.0,2.9518776328060936e-05,11.888973532035392,6.571351569609151e-05,355.0,0.5978944271432125,True,True,True,TRUE_ELASTIC_UNLOADING
BH050,239,240,2.400001049041748,0.7603297638965457,5809,3,5,-376.9969177246094,-359.9313049316406,17.06561279296875,439.4772134191657,444.978229943254,466.4206848049582,0.0027083307504653,0.0025378979208329,CONTINUED_PLASTIC_LOADING,,,,34.199596850206355,12.354906559545377,490.0,0.9081188366188856,True,False,False,CONTINUED_PLASTIC_LOADING_WITH_COMPONENT_DROP
BH050,239,240,2.400001049041748,0.7603297638965457,8857,1,1,-330.7693176269531,-323.81622314453125,6.953094482421875,331.9585363362647,347.19569703233805,28.116404140102627,7.861806079745293e-05,9.605695889504064e-05,CONTINUED_PLASTIC_LOADING,,,,22.428641757684204,0.647080824605063,355.0,0.978016047978417,True,False,False,CONTINUED_PLASTIC_LOADING_WITH_COMPONENT_DROP
BH050,239,240,2.400001049041748,0.7603297638965457,7318,1,1,54.00675201416016,62.79977035522461,0.0,354.61840538638114,354.97806951579923,3.6021823160046744,1.6332196537405252e-05,1.724414393793272e-05,CONTINUED_PLASTIC_LOADING,,,,9.525996740247455,0.3424815341421553,355.0,0.9999382239881668,True,False,False,CONTINUED_PLASTIC_LOADING
BH050,239,240,2.400001049041748,0.7603297638965457,7687,4,5,258.2680053710937,250.90359497070312,0.0,338.2226394131334,333.44352115308374,-4.806372888855325,0.0,0.0,TRUE_ELASTIC_UNLOADING,1.1852583717941734e-05,1.1852583717941734e-05,4.0728609936461615e-05,7.956062554776002,4.2418236089650873e-05,355.0,0.9392775243748838,True,True,True,TRUE_ELASTIC_UNLOADING
BH050,239,240,2.400001049041748,0.7603297638965457,6592,3,5,93.13682556152344,88.5238265991211,0.0,181.43842646309784,178.9931779480972,-2.482007254906013,0.0,0.0,TRUE_ELASTIC_UNLOADING,-6.373742727916465e-05,0.0,6.646325188363953e-05,4.725177903247594,9.208315017228955e-05,355.0,0.5042061350650626,True,True,True,TRUE_ELASTIC_UNLOADING
BH050,239,240,2.400001049041748,0.7603297638965457,7690,1,1,-314.1026916503906,-311.2040710449219,2.89862060546875,354.7843125289993,354.96499937737497,4.80177016127909,2.46227573370561e-05,3.071884865192604e-05,CONTINUED_PLASTIC_LOADING,,,,3.418095549624119,1.3129487423053054,355.0,0.9999014066968308,True,False,False,CONTINUED_PLASTIC_LOADING_WITH_COMPONENT_DROP
BH050,239,240,2.400001049041748,0.7603297638965457,8803,2,1,-112.72743225097656,-114.33444213867188,0.0,212.25252163584045,213.03707869720472,0.6429485814913842,0.0,0.0,ELASTIC_RELOADING,,,,4.694967091025048,0.0002007486178138,355.0,0.6001044470343795,True,False,False,ELASTIC_RELOADING
BH050,240,241,2.410000324249268,0.7552935689934864,5809,3,5,-359.9313049316406,-355.0948791503906,4.83642578125,444.978229943254,402.1134723350088,334.0523664132769,0.0026332437992095,0.0024852619969854,CONTINUED_PLASTIC_LOADING,,,,135.19208181663555,3.057216118729797,490.0,0.8206397394592017,True,False,False,CONTINUED_PLASTIC_LOADING_WITH_COMPONENT_DROP
BH050,240,241,2.410000324249268,0.7552935689934864,8857,1,1,-323.81622314453125,-320.1927185058594,3.623504638671875,347.19569703233805,329.4940457685882,-0.2965132309625016,9.695068001747131e-05,0.0001194765841926,CONTINUED_PLASTIC_LOADING,,,,21.442991550525097,0.8305912119002085,355.0,0.9281522416016568,True,False,False,CONTINUED_PLASTIC_LOADING_WITH_COMPONENT_DROP
BH050,240,241,2.410000324249268,0.7552935689934864,7318,1,1,62.79977035522461,70.09072875976562,0.0,354.97806951579923,355.00000259771986,5.381273939457802,2.682785270735621e-05,2.8109617366142107e-05,CONTINUED_PLASTIC_LOADING,,,,7.764411320685527,0.6913540136622145,355.0,1.0000000073175208,True,False,False,CONTINUED_PLASTIC_LOADING
BH050,240,241,2.410000324249268,0.7552935689934864,7687,4,5,250.90359497070312,245.4209442138672,0.0,333.44352115308374,330.8287720577927,-2.6369123258652296,0.0,0.0,TRUE_ELASTIC_UNLOADING,-7.890461600612575e-05,0.0,0.0002266724383999,6.112661195692314,0.0002400111458234,355.0,0.9319120339656132,True,True,True,TRUE_ELASTIC_UNLOADING
BH050,240,241,2.410000324249268,0.7552935689934864,6592,3,5,88.5238265991211,83.11322021484375,0.0,178.9931779480972,176.39610097891182,-2.697421402156748,0.0,0.0,TRUE_ELASTIC_UNLOADING,2.0915052620695818e-05,2.0915052620695818e-05,4.836745105177452e-05,7.318253099899331,5.2695997595382505e-05,355.0,0.4968904252927093,True,True,True,TRUE_ELASTIC_UNLOADING
BH050,240,241,2.410000324249268,0.7552935689934864,7690,1,1,-311.2040710449219,-309.18817138671875,2.015899658203125,354.96499937737497,354.8467274664753,3.52257877631038,1.930534199345857e-05,2.4190144333119804e-05,CONTINUED_PLASTIC_LOADING,,,,2.2831393490769005,1.53831095134968,355.0,0.9995682463844374,True,False,False,CONTINUED_PLASTIC_LOADING_WITH_COMPONENT_DROP
BH050,240,241,2.410000324249268,0.7552935689934864,8803,2,1,-114.33444213867188,-114.85400390625,0.0,213.03707869720472,210.9738917644271,-2.8695710506324468,0.0,0.0,TRUE_ELASTIC_UNLOADING,6.564415762089215e-05,6.564415762089215e-05,0.0003756539473115,10.947871397276783,0.0003813470958763,355.0,0.5942926528575411,True,True,True,TRUE_ELASTIC_UNLOADING
BH050,241,242,2.4200010299682617,0.7508831929699871,5809,3,5,-355.0948791503906,-337.4744873046875,17.620391845703125,402.1134723350088,418.6590998975372,490.1583465872663,0.0027395784854888,0.0025592940690698,CONTINUED_PLASTIC_LOADING,,,,67.43335661675935,6.291790653992961,490.0,0.8544063263215045,True,False,False,CONTINUED_PLASTIC_LOADING_WITH_COMPONENT_DROP
BH050,241,242,2.4200010299682617,0.7508831929699871,8857,1,1,-320.1927185058594,-322.42645263671875,0.0,329.4940457685882,332.544547467762,2.959557481363622,0.0,0.0,ELASTIC_RELOADING,,,,6.833814841956137,0.0001801130394296,355.0,0.9367452041345408,True,False,False,ELASTIC_RELOADING
BH050,241,242,2.4200010299682617,0.7508831929699871,7318,1,1,70.09072875976562,76.42841339111328,0.0,355.00000259771986,354.9387479444682,4.395958099027928,2.24756367970258e-05,2.3365558082945942e-05,CONTINUED_PLASTIC_LOADING,,,,6.697943010147554,0.671886428054468,355.0,0.999827458998502,True,False,False,CONTINUED_PLASTIC_LOADING
BH050,241,242,2.4200010299682617,0.7508831929699871,7687,4,5,245.4209442138672,240.8616943359375,0.0,330.8287720577927,328.2994568244737,-2.544367940174641,0.0,0.0,TRUE_ELASTIC_UNLOADING,0.0001491146272637,0.0001491146272637,0.0001580787255892,5.052149571352024,0.0002173262222561,355.0,0.924787202322461,True,True,True,TRUE_ELASTIC_UNLOADING
BH050,241,242,2.4200010299682617,0.7508831929699871,6592,3,5,83.11322021484375,81.18641662597656,0.0,176.39610097891182,173.36224523833,-3.273277618532392,0.0,0.0,TRUE_ELASTIC_UNLOADING,-6.08823341494702e-05,0.0,5.0192192019474285e-05,7.245031004331056,7.890160302270987e-05,355.0,0.4883443527840281,True,True,True,TRUE_ELASTIC_UNLOADING
BH050,241,242,2.4200010299682617,0.7508831929699871,7690,1,1,-309.18817138671875,-306.4791259765625,2.70904541015625,354.8467274664753,354.96060047911334,3.57069382627275,1.836728188209236e-05,2.313772245064441e-05,CONTINUED_PLASTIC_LOADING,,,,3.1296622520327344,1.0641343367371312,355.0,0.999889015434122,True,False,False,CONTINUED_PLASTIC_LOADING_WITH_COMPONENT_DROP
BH050,241,242,2.4200010299682617,0.7508831929699871,8803,2,1,-114.85400390625,-111.04027557373048,3.8137283325195312,210.9738917644271,198.7052921274484,-16.02300391699193,0.0,0.0,TRUE_ELASTIC_UNLOADING,-5.125020178087247e-05,0.0,7.965728390479109e-05,32.25314915209587,9.471851417031156e-05,355.0,0.5597332172604179,True,True,True,TRUE_ELASTIC_UNLOADING
BH050,242,243,2.430000305175781,0.748521385414416,5809,3,5,-337.4744873046875,-335.0457458496094,2.428741455078125,418.6590998975372,387.3627030320699,392.018196978117,0.0027513802051544,0.0025778403126683,CONTINUED_PLASTIC_LOADING,,,,104.21934347522794,4.089288935845825,490.0,0.7905361286368773,True,False,False,CONTINUED_PLASTIC_LOADING_WITH_COMPONENT_DROP
BH050,242,243,2.430000305175781,0.748521385414416,8857,1,1,-322.42645263671875,-314.8448486328125,7.58160400390625,332.544547467762,314.10480536025227,-9.724682177632848,4.904018715023994e-05,6.090853791376328e-05,CONTINUED_PLASTIC_LOADING,,,,17.491229801642753,0.513453908771955,355.0,0.884802268620429,True,False,False,CONTINUED_PLASTIC_LOADING_WITH_COMPONENT_DROP
BH050,242,243,2.430000305175781,0.748521385414416,7318,1,1,76.42841339111328,81.16956329345703,0.0,354.9387479444682,354.9283023140887,4.917955993672155,2.485723234713077e-05,2.568792335927109e-05,CONTINUED_PLASTIC_LOADING,,,,4.98963503058713,0.9996472079659372,355.0,0.9997980346875738,True,False,False,CONTINUED_PLASTIC_LOADING
BH050,242,243,2.430000305175781,0.748521385414416,7687,4,5,240.8616943359375,236.5477752685547,0.0,328.2994568244737,326.2560006954321,-2.0589792170816508,0.0,0.0,TRUE_ELASTIC_UNLOADING,0.0001030009289013,0.0001030009289013,6.500536571202007e-05,4.731919542829033,0.0001218075312103,355.0,0.9190309878744566,True,True,True,TRUE_ELASTIC_UNLOADING
BH050,242,243,2.430000305175781,0.748521385414416,6592,3,5,81.18641662597656,66.37651824951172,0.0,173.36224523833,169.09717182305488,-4.821798528870959,0.0,0.0,TRUE_ELASTIC_UNLOADING,1.7422798350708035e-05,1.7422798350708035e-05,3.098076106844532e-05,18.913991602988837,3.554394520489135e-05,355.0,0.476330061473394,True,True,True,TRUE_ELASTIC_UNLOADING
BH050,242,243,2.430000305175781,0.748521385414416,7690,1,1,-306.4791259765625,-304.3396301269531,2.139495849609375,354.96060047911334,354.8462512727708,2.3836978191112785,1.3212949852459133e-05,1.670505655316722e-05,CONTINUED_PLASTIC_LOADING,,,,2.3474776112071205,1.0195940321462944,355.0,0.9995669049937206,True,False,False,CONTINUED_PLASTIC_LOADING_WITH_COMPONENT_DROP
BH050,242,243,2.430000305175781,0.748521385414416,8803,2,1,-111.04027557373048,-117.40122985839844,0.0,198.7052921274484,211.4539291670834,12.560073203169106,0.0,0.0,ELASTIC_RELOADING,,,,18.34214929457288,0.0001437592632029,355.0,0.5956448708931927,True,False,False,ELASTIC_RELOADING
BH050,243,244,2.4400010108947754,0.743277106223956,5809,3,5,-335.0457458496094,-332.09722900390625,2.948516845703125,387.3627030320699,476.21362438247286,504.5806898679495,0.0027279704809188,0.0025490000315676,CONTINUED_PLASTIC_LOADING,,,,148.99944556662226,2.8234411857532216,490.0,0.9718645395560672,True,False,False,CONTINUED_PLASTIC_LOADING_WITH_COMPONENT_DROP
BH050,243,244,2.4400010108947754,0.743277106223956,8857,1,1,-314.8448486328125,-314.7352600097656,0.109588623046875,314.10480536025227,315.5301031455415,17.869301792782103,9.02344472706318e-05,0.0001134505620174,CONTINUED_PLASTIC_LOADING,,,,9.988121421348833,1.6435963848806086,355.0,0.8888171919592718,True,False,False,CONTINUED_PLASTIC_LOADING
BH050,243,244,2.4400010108947754,0.743277106223956,7318,1,1,81.16956329345703,88.05027770996094,0.0,354.9283023140887,354.96743538339933,3.3462517054831014,1.697038533166051e-05,1.741965546217484e-05,CONTINUED_PLASTIC_LOADING,,,,7.230950884225081,0.4710912381985184,355.0,0.999908268685632,True,False,False,CONTINUED_PLASTIC_LOADING
BH050,243,244,2.4400010108947754,0.743277106223956,7687,4,5,236.5477752685547,230.46987915039065,0.0,326.2560006954321,321.86863056296414,-4.405014028330895,0.0,0.0,TRUE_ELASTIC_UNLOADING,8.466944109741803e-05,8.466944109741803e-05,9.403080205677753e-05,6.4292635232665845,0.0001265382158976,355.0,0.906672198768913,True,True,True,TRUE_ELASTIC_UNLOADING
BH050,243,244,2.4400010108947754,0.743277106223956,6592,3,5,66.37651824951172,56.56578063964844,0.0,169.09717182305488,165.06702405519363,-4.596863149097181,0.0,0.0,TRUE_ELASTIC_UNLOADING,7.423935151629202e-06,7.423935151629202e-06,1.4415744941120244e-05,11.380251614048522,1.621509579778641e-05,355.0,0.4649775325498412,True,True,True,TRUE_ELASTIC_UNLOADING
BH050,243,244,2.4400010108947754,0.743277106223956,7690,1,1,-304.3396301269531,-301.83380126953125,2.505828857421875,354.8462512727708,354.9953275532138,3.107156389874244,1.565254933666438e-05,1.986286358214726e-05,CONTINUED_PLASTIC_LOADING,,,,2.849793730043069,0.9922715829352308,355.0,0.9999868381780672,True,False,False,CONTINUED_PLASTIC_LOADING_WITH_COMPONENT_DROP
BH050,243,244,2.4400010108947754,0.743277106223956,8803,2,1,-117.40122985839844,-115.43304443359376,1.9681854248046875,211.4539291670834,207.13042609493647,-5.448193723399527,0.0,0.0,TRUE_ELASTIC_UNLOADING,0.0001303714891575,0.0001303714891575,0.000162658568657,17.242399094438195,0.0002084681462986,355.0,0.583465988999821,True,True,True,TRUE_ELASTIC_UNLOADING
BH050,244,245,2.450000286102295,0.7389044356560812,5809,3,5,-332.09722900390625,-350.72564697265625,0.0,476.21362438247286,403.327463543938,198.8940087527696,0.0024672299623489,0.0023212960671587,CONTINUED_PLASTIC_LOADING,,,,187.08351543564527,2.046509690833905,490.0,0.823117272538649,True,False,False,CONTINUED_PLASTIC_LOADING
BH050,244,245,2.450000286102295,0.7389044356560812,8857,1,1,-314.7352600097656,-311.49468994140625,3.240570068359375,315.5301031455415,323.7868437860459,19.601392279123324,6.482750177383423e-05,8.182422424213386e-05,CONTINUED_PLASTIC_LOADING,,,,12.483621251636444,0.9430633852784526,355.0,0.9120756162987208,True,False,False,CONTINUED_PLASTIC_LOADING_WITH_COMPONENT_DROP
BH050,244,245,2.450000286102295,0.7389044356560812,7318,1,1,88.05027770996094,95.41299438476562,0.0,354.96743538339933,355.0000088891011,5.174288007001597,2.648713416419924e-05,2.699322766013517e-05,CONTINUED_PLASTIC_LOADING,,,,7.702436887403749,0.6906637183678435,355.0,1.0000000250397214,True,False,False,CONTINUED_PLASTIC_LOADING
BH050,244,245,2.450000286102295,0.7389044356560812,7687,4,5,230.46987915039065,222.69346618652344,0.0,321.86863056296414,316.36280382558044,-5.534751294529862,0.0,0.0,TRUE_ELASTIC_UNLOADING,-0.0001014507638523,0.0,0.0001527416604151,8.40841626547613,0.0001833580756962,355.0,0.8911628276776914,True,True,True,TRUE_ELASTIC_UNLOADING
BH050,244,245,2.450000286102295,0.7389044356560812,6592,3,5,56.56578063964844,54.46231842041016,0.0,165.06702405519363,162.4834541563668,-2.637946602827472,0.0,0.0,TRUE_ELASTIC_UNLOADING,-8.574526163029894e-05,0.0,0.0001637673103807,3.663087034258665,0.0001848532375832,355.0,0.457699870863005,True,True,True,TRUE_ELASTIC_UNLOADING
BH050,244,245,2.450000286102295,0.7389044356560812,7690,1,1,-301.83380126953125,-300.17608642578125,1.65771484375,354.9953275532138,354.9442860365416,3.1480410719871394,1.681811409071088e-05,2.14619150802774e-05,CONTINUED_PLASTIC_LOADING,,,,1.8261140385817152,1.6599160996719078,355.0,0.9998430592578637,True,False,False,CONTINUED_PLASTIC_LOADING_WITH_COMPONENT_DROP
BH050,244,245,2.450000286102295,0.7389044356560812,8803,2,1,-115.43304443359376,-114.99879455566406,0.4342498779296875,207.13042609493647,196.4016654046977,-13.195445363138,0.0,0.0,TRUE_ELASTIC_UNLOADING,6.542743293813658e-07,6.542743293813658e-07,3.217953935043229e-05,19.473904578727385,3.2186190016009295e-05,355.0,0.5532441279005569,True,True,True,TRUE_ELASTIC_UNLOADING
BH050,245,246,2.460000991821289,0.7360564985082421,5809,3,5,-350.72564697265625,-333.4747009277344,17.250946044921875,403.327463543938,397.09275165507376,493.0986864520842,0.0027901530265808,0.0026237039230794,CONTINUED_PLASTIC_LOADING,,,,26.86575382094317,16.10841898838484,490.0,0.8103933707246403,True,False,False,CONTINUED_PLASTIC_LOADING_WITH_COMPONENT_DROP
BH050,245,246,2.460000991821289,0.7360564985082421,8857,1,1,-311.49468994140625,-317.4544982910156,0.0,323.7868437860459,342.65007709867785,18.36838245232828,0.0,0.0,ELASTIC_RELOADING,,,,17.620885201972513,9.969487382557835e-05,355.0,0.965211484785008,True,False,False,ELASTIC_RELOADING
BH050,245,246,2.460000991821289,0.7360564985082421,7318,1,1,95.41299438476562,100.19239807128906,0.0,355.0000088891011,354.9051369500405,5.106379299599111,2.684106584638357e-05,2.711651279562553e-05,CONTINUED_PLASTIC_LOADING,,,,4.950414466326183,1.0902391943399947,355.0,0.9997327801409592,True,False,False,CONTINUED_PLASTIC_LOADING
BH050,245,246,2.460000991821289,0.7360564985082421,7687,4,5,222.69346618652344,215.7306671142578,0.0,316.36280382558044,310.5128496794795,-5.864986607995633,0.0,0.0,TRUE_ELASTIC_UNLOADING,7.235521170068093e-05,7.235521170068093e-05,0.0001098106242664,7.532865645924983,0.0001315082038649,355.0,0.8746840836041675,True,True,True,TRUE_ELASTIC_UNLOADING
BH050,245,246,2.460000991821289,0.7360564985082421,6592,3,5,54.46231842041016,46.07571792602539,0.0,162.4834541563668,160.4700348103342,-2.175264006886973,0.0,0.0,TRUE_ELASTIC_UNLOADING,-4.2963897189940425e-05,0.0,5.014001041376147e-05,9.886418497958832,6.602846736878392e-05,355.0,0.4520282670713639,True,True,True,TRUE_ELASTIC_UNLOADING
BH050,245,246,2.460000991821289,0.7360564985082421,7690,1,1,-300.17608642578125,-299.08966064453125,1.08642578125,354.9442860365416,354.90746204043705,2.5267813423410743,1.345569035038352e-05,1.7214613089693456e-05,CONTINUED_PLASTIC_LOADING,,,,1.2014193668524165,2.014788467358148,355.0,0.999739329691372,True,False,False,CONTINUED_PLASTIC_LOADING_WITH_COMPONENT_DROP
BH050,245,246,2.460000991821289,0.7360564985082421,8803,2,1,-114.99879455566406,-113.8616714477539,1.1371231079101562,196.4016654046977,188.9582248840356,-7.681118505861285,0.0,0.0,TRUE_ELASTIC_UNLOADING,0.0002203902058371,0.0002203902058371,0.0002009629647309,8.711491168810001,0.0002982941025922,355.0,0.5322766898141847,True,True,True,TRUE_ELASTIC_UNLOADING
BH050,246,247,2.4700002670288086,0.733773955204119,5809,3,5,-333.4747009277344,-355.61407470703125,0.0,397.09275165507376,453.6807594256171,408.6252777477037,0.0024899393320083,0.0023424255222346,CONTINUED_PLASTIC_LOADING,,,,158.2865954704505,2.4373368625689604,490.0,0.9258791008686064,True,False,False,CONTINUED_PLASTIC_LOADING
BH050,246,247,2.4700002670288086,0.733773955204119,8857,1,1,-317.4544982910156,-320.50225830078125,0.0,342.65007709867785,336.5625465174041,-6.3590601684584005,0.0,0.0,TRUE_ELASTIC_UNLOADING,0.0002016803716894,0.0002016803716894,0.0002395644133152,9.585834843808511,0.0003131812408282,355.0,0.9480635113166312,True,True,True,TRUE_ELASTIC_UNLOADING
BH050,246,247,2.4700002670288086,0.733773955204119,7318,1,1,100.19239807128906,104.06151580810548,0.0,354.9051369500405,354.98078941276657,4.593018763746713,2.341996878385544e-05,2.3525301707784243e-05,CONTINUED_PLASTIC_LOADING,,,,4.037219014034241,1.1669217607260112,355.0,0.9999458856697648,True,False,False,CONTINUED_PLASTIC_LOADING
BH050,246,247,2.4700002670288086,0.733773955204119,7687,4,5,215.7306671142578,209.4021759033203,0.0,310.5128496794795,304.7097416328275,-5.81500427252474,0.0,0.0,TRUE_ELASTIC_UNLOADING,5.394500143596215e-05,5.394500143596215e-05,3.960323855693925e-05,6.620785002855831,6.692378884513655e-05,355.0,0.858337300374162,True,True,True,TRUE_ELASTIC_UNLOADING
BH050,246,247,2.4700002670288086,0.733773955204119,6592,3,5,46.07571792602539,51.58015441894531,0.0,160.4700348103342,160.72236847647318,-0.0587106016049752,0.0,0.0,AMBIGUOUS,,,,10.703909231802704,5.279265386928615e-05,355.0,0.4527390661309103,True,False,False,AMBIGUOUS
BH050,246,247,2.4700002670288086,0.733773955204119,7690,1,1,-299.08966064453125,-298.0741882324219,1.015472412109375,354.90746204043705,354.8285505742923,2.3313993560185744,1.2627162504941223e-05,1.6189440640959725e-05,CONTINUED_PLASTIC_LOADING,,,,1.2511970533601506,1.8133535743667388,355.0,0.999517043871246,True,False,False,CONTINUED_PLASTIC_LOADING_WITH_COMPONENT_DROP
BH050,246,247,2.4700002670288086,0.733773955204119,8803,2,1,-113.8616714477539,-118.36366271972656,0.0,188.9582248840356,194.3114555980159,5.1438489291167,0.0,0.0,ELASTIC_RELOADING,,,,7.974115034894337,0.0002378948940415,355.0,0.5473562129521574,True,False,False,ELASTIC_RELOADING
BH050,247,248,2.4800009727478027,0.731339319044616,5809,3,5,-355.61407470703125,-321.5035095214844,34.110565185546875,453.6807594256171,435.1299618734648,271.57201298532607,0.0028527975082397,0.0026774022085654,CONTINUED_PLASTIC_LOADING_WITH_COMPONENT_DROP,,,,234.8665416491864,1.8740380367687128,490.0,0.8880203303540098,True,False,False,CONTINUED_PLASTIC_LOADING_WITH_COMPONENT_DROP
BH050,247,248,2.4800009727478027,0.731339319044616,8857,1,1,-320.50225830078125,-322.7167358398437,0.0,336.5625465174041,339.925061404423,3.342759738053192,0.0,0.0,ELASTIC_RELOADING,,,,5.717816703772767,0.0003065319201571,355.0,0.9575353842378111,True,False,False,ELASTIC_RELOADING
BH050,247,248,2.4800009727478027,0.731339319044616,7318,1,1,104.06151580810548,107.48986053466795,0.0,354.98078941276657,354.8945783711833,3.4151099123991244,1.8210383132100105e-05,1.82210042355776e-05,CONTINUED_PLASTIC_LOADING,,,,3.527835031046388,1.0400645498627743,355.0,0.999703037665305,True,False,False,CONTINUED_PLASTIC_LOADING
BH050,247,248,2.4800009727478027,0.731339319044616,7687,4,5,209.4021759033203,203.1859893798828,0.0,304.7097416328275,299.05630952193343,-5.6629245977705445,0.0,0.0,TRUE_ELASTIC_UNLOADING,-0.0001541933925635,0.0,6.266945413809736e-05,6.661452400838447,0.0001664203483102,355.0,0.842412139498404,True,True,True,TRUE_ELASTIC_UNLOADING
BH050,247,248,2.4800009727478027,0.731339319044616,6592,3,5,51.58015441894531,48.99094772338867,0.0,160.72236847647318,159.8366483813615,-1.2431185747563491,0.0,0.0,TRUE_ELASTIC_UNLOADING,-3.243949350539843e-05,0.0,4.042460456563254e-05,8.829362649769818,5.183050450970701e-05,355.0,0.4502440799474971,True,True,True,TRUE_ELASTIC_UNLOADING
BH050,247,248,2.4800009727478027,0.731339319044616,7690,1,1,-298.0741882324219,-297.13232421875,0.941864013671875,354.8285505742923,354.873023820851,2.343774484226196,1.2026808690279722e-05,1.5459117897434178e-05,CONTINUED_PLASTIC_LOADING,,,,1.1207825146857031,1.927888475972804,355.0,0.9996423206221156,True,False,False,CONTINUED_PLASTIC_LOADING_WITH_COMPONENT_DROP
BH050,247,248,2.4800009727478027,0.731339319044616,8803,2,1,-118.36366271972656,-116.99303436279295,1.3706283569335938,194.3114555980159,186.27267189056104,-8.150990418528936,0.0,0.0,TRUE_ELASTIC_UNLOADING,0.0001889963936753,0.0001889963936753,9.786615228618408e-05,8.894801114856847,0.000212863630393,355.0,0.5247117518043973,True,True,True,TRUE_ELASTIC_UNLOADING
BH050,248,249,2.4900002479553223,0.7270814099345905,5809,3,5,-321.5035095214844,-343.8855285644531,0.0,435.1299618734648,431.5889901745397,235.25217050555008,0.0025337785482406,0.0023969516212607,CONTINUED_PLASTIC_LOADING,,,,209.66336292801472,1.872897129132462,490.0,0.8807938574990606,True,False,False,CONTINUED_PLASTIC_LOADING
BH050,248,249,2.4900002479553223,0.7270814099345905,8857,1,1,-322.7167358398437,-323.1835327148437,0.0,339.925061404423,339.73783026638694,-0.1946409271248719,0.0,0.0,TRUE_ELASTIC_UNLOADING,-0.001275466964242,0.0,0.0022194110938182,1.6798432462310693,0.0025589942521341,355.0,0.9570079725813716,True,True,True,TRUE_ELASTIC_UNLOADING
BH050,248,249,2.4900002479553223,0.7270814099345905,7318,1,1,107.48986053466795,113.55606842041016,0.0,354.8945783711833,354.9609932683091,4.154844709967312,2.1527375793084506e-05,2.139233135545737e-05,CONTINUED_PLASTIC_LOADING,,,,6.293427195256744,0.6893802594434444,355.0,0.9998901218825608,True,False,False,CONTINUED_PLASTIC_LOADING
BH050,248,249,2.4900002479553223,0.7270814099345905,7687,4,5,203.1859893798828,195.1116485595703,0.0,299.05630952193343,292.1964562654146,-6.882104848253458,0.0,0.0,TRUE_ELASTIC_UNLOADING,6.3829684841199e-05,6.3829684841199e-05,8.401900405588339e-05,8.692922330398488,0.0001055174951987,355.0,0.823088609198351,True,True,True,TRUE_ELASTIC_UNLOADING
BH050,248,249,2.4900002479553223,0.7270814099345905,6592,3,5,48.99094772338867,48.02374267578125,0.0,159.8366483813615,157.20973912117233,-2.7122723823390595,0.0,0.0,TRUE_ELASTIC_UNLOADING,-3.116639733069526e-05,0.0,3.246186086351965e-05,4.819952102808642,4.5000623608889065e-05,355.0,0.4428443355525981,True,True,True,TRUE_ELASTIC_UNLOADING
BH050,248,249,2.4900002479553223,0.7270814099345905,7690,1,1,-297.13232421875,-296.4097900390625,0.7225341796875,354.873023820851,354.9128023454479,2.3149530890268384,1.188862370327115e-05,1.5310180119686785e-05,CONTINUED_PLASTIC_LOADING,,,,0.8203254189212009,2.597928623019985,355.0,0.9997543728040786,True,False,False,CONTINUED_PLASTIC_LOADING_WITH_COMPONENT_DROP
BH050,248,249,2.4900002479553223,0.7270814099345905,8803,2,1,-116.99303436279295,-119.47187042236328,0.0,186.27267189056104,186.64900796714403,0.3404928238654274,0.0,0.0,ELASTIC_RELOADING,,,,2.8765858168436163,0.0006363360921789,355.0,0.5257718534285747,True,False,False,ELASTIC_RELOADING
BH050,249,250,2.5000009536743164,0.7218048514468176,5809,3,5,-343.8855285644531,-308.8451538085937,35.040374755859375,431.5889901745397,464.3001372267029,317.74534912124943,0.0027917772531509,0.0026713222153529,CONTINUED_PLASTIC_LOADING_WITH_COMPONENT_DROP,,,,249.8254785467266,1.7432241888779991,490.0,0.9475513004626588,True,False,False,CONTINUED_PLASTIC_LOADING_WITH_COMPONENT_DROP
BH050,249,250,2.5000009536743164,0.7218048514468176,8857,1,1,-323.1835327148437,-323.3435363769531,0.0,339.73783026638694,336.74675199754137,-3.0242154544617947,0.0,0.0,TRUE_ELASTIC_UNLOADING,-5.923708846689024e-05,0.0,0.0005729736255263,3.316206523222147,0.0005760272504311,355.0,0.9485823999930744,True,True,True,TRUE_ELASTIC_UNLOADING
BH050,249,250,2.5000009536743164,0.7218048514468176,7318,1,1,113.55606842041016,119.42532348632812,0.0,354.9609932683091,354.9975129985087,4.025484895925143,2.113811206072569e-05,2.0859354483149294e-05,CONTINUED_PLASTIC_LOADING,,,,6.052009040454126,0.7046086632420209,355.0,0.9999929943619964,True,False,False,CONTINUED_PLASTIC_LOADING
BH050,249,250,2.5000009536743164,0.7218048514468176,7687,4,5,195.1116485595703,185.09542846679688,0.0,292.1964562654146,282.3291353995379,-9.891056135197417,0.0,0.0,TRUE_ELASTIC_UNLOADING,-4.338747495036266e-05,0.0,3.337822505269404e-05,11.06788646214606,5.4739524925184095e-05,355.0,0.7952933391536279,True,True,True,TRUE_ELASTIC_UNLOADING
BH050,249,250,2.5000009536743164,0.7218048514468176,6592,3,5,48.02374267578125,49.10312271118164,0.0,157.20973912117233,155.50584982351245,-1.7652199383058396,0.0,0.0,TRUE_ELASTIC_UNLOADING,2.585637624308301e-05,2.585637624308301e-05,4.936958390647188e-05,4.816690891005698,5.573098304322104e-05,355.0,0.4380446473901759,True,True,True,TRUE_ELASTIC_UNLOADING
BH050,249,250,2.5000009536743164,0.7218048514468176,7690,1,1,-296.4097900390625,-295.5341796875,0.8756103515625,354.9128023454479,354.90053805795486,3.021605756297882,1.5843455912545323e-05,2.043604774943209e-05,CONTINUED_PLASTIC_LOADING,,,,0.9900686907930109,2.867286615879914,355.0,0.9997198255153658,True,False,False,CONTINUED_PLASTIC_LOADING_WITH_COMPONENT_DROP
BH050,249,250,2.5000009536743164,0.7218048514468176,8803,2,1,-119.47187042236328,-121.01893615722656,0.0,186.64900796714403,195.6444969666434,5.442917868303994,0.0,0.0,ELASTIC_RELOADING,,,,21.906615954785632,4.852018715967529e-05,355.0,0.5511112590609674,True,False,False,ELASTIC_RELOADING
BH050,250,251,2.510000228881836,0.7162154280664899,5809,3,5,-308.8451538085937,-323.6128845214844,0.0,464.3001372267029,396.7882260194506,246.4703322665184,0.0025934875011444,0.0024913465695176,CONTINUED_PLASTIC_LOADING,,,,111.59475296899788,3.629332897155719,490.0,0.8097718898356134,True,False,False,CONTINUED_PLASTIC_LOADING
BH050,250,251,2.510000228881836,0.7162154280664899,8857,1,1,-323.3435363769531,-322.29412841796875,1.049407958984375,336.74675199754137,339.53235533790183,2.712974026887206,0.0,0.0,ELASTIC_RELOADING,,,,5.244603616933251,0.0007056019512192,355.0,0.9564291699659206,True,False,False,ELASTIC_RELOADING
BH050,250,251,2.510000228881836,0.7162154280664899,7318,1,1,119.42532348632812,125.56201934814452,0.0,354.9975129985087,354.9345478842717,3.371736227599844,1.838177558965981e-05,1.801936304051323e-05,CONTINUED_PLASTIC_LOADING,,,,6.292186750791461,0.5897805959070263,355.0,0.9998156278430188,True,False,False,CONTINUED_PLASTIC_LOADING
BH050,250,251,2.510000228881836,0.7162154280664899,7687,4,5,185.09542846679688,180.9215240478516,0.0,282.3291353995379,276.5775484556952,-5.751667836142672,0.0,0.0,TRUE_ELASTIC_UNLOADING,3.357098213263576e-05,3.357098213263576e-05,0.0001017762866129,4.828179740577627,0.0001071704216993,355.0,0.7790916857906907,True,True,True,TRUE_ELASTIC_UNLOADING
BH050,250,251,2.510000228881836,0.7162154280664899,6592,3,5,49.10312271118164,41.68806457519531,0.0,155.50584982351245,153.01600818987188,-2.741749611943394,0.0,0.0,TRUE_ELASTIC_UNLOADING,1.5845938439285057e-05,1.5845938439285057e-05,5.573244313395228e-05,10.426724355518202,5.7941409228170576e-05,355.0,0.4310310089855546,True,True,True,TRUE_ELASTIC_UNLOADING
BH050,250,251,2.510000228881836,0.7162154280664899,7690,1,1,-295.5341796875,-293.7259521484375,1.8082275390625,354.90053805795486,354.56247279401805,1.542330006477182,9.833747753873467e-06,1.2722119417047835e-05,CONTINUED_PLASTIC_LOADING,,,,1.955569759287442,0.8996109502782597,355.0,0.998767528997234,True,False,False,CONTINUED_PLASTIC_LOADING_WITH_COMPONENT_DROP
BH050,250,251,2.510000228881836,0.7162154280664899,8803,2,1,-121.01893615722656,-118.21728515625,2.8016510009765625,195.6444969666434,181.88691410306592,-13.98928374457405,0.0,0.0,TRUE_ELASTIC_UNLOADING,-0.0001793654460409,0.0,0.0001502249447783,13.844211869017782,0.0002339400733854,355.0,0.5123575045156786,True,True,True,TRUE_ELASTIC_UNLOADING
BH050,251,252,2.52000093460083,0.7120120660946423,5809,3,5,-323.6128845214844,-330.4945068359375,0.0,396.7882260194506,395.0352945954456,441.7738533441252,0.0025471448898315,0.0024309010869859,CONTINUED_PLASTIC_LOADING,,,,40.51847334462609,9.78554595524986,490.0,0.8061944787662154,True,False,False,CONTINUED_PLASTIC_LOADING
BH050,251,252,2.52000093460083,0.7120120660946423,8857,1,1,-322.29412841796875,-323.3882751464844,0.0,339.53235533790183,340.40969687723435,0.848096692207825,0.0,0.0,ELASTIC_RELOADING,,,,5.171046217585502,0.0009268737028603,355.0,0.9589005545837588,True,False,False,ELASTIC_RELOADING
BH050,251,252,2.52000093460083,0.7120120660946423,7318,1,1,125.56201934814452,130.2112274169922,0.0,354.9345478842717,354.9553062367159,4.274879758190519,2.276618033647537e-05,2.212770209286214e-05,CONTINUED_PLASTIC_LOADING,,,,4.764504805883099,0.9664534136695584,355.0,0.999874102075256,True,False,False,CONTINUED_PLASTIC_LOADING
BH050,251,252,2.52000093460083,0.7120120660946423,7687,4,5,180.9215240478516,176.58807373046875,0.0,276.5775484556952,269.17662281572336,-7.401605588112886,0.0,0.0,TRUE_ELASTIC_UNLOADING,-5.631373088288427e-05,0.0,0.0001238180800377,5.568152038944263,0.0001360213081905,355.0,0.7582440079316151,True,True,True,TRUE_ELASTIC_UNLOADING
BH050,251,252,2.52000093460083,0.7120120660946423,6592,3,5,41.68806457519531,46.91202926635742,0.0,153.01600818987188,152.0937805132728,-1.2216999439244671,0.0,0.0,TRUE_ELASTIC_UNLOADING,-4.138513210127925e-06,0.0,1.199526713328512e-05,10.795311337571505,1.268911276265607e-05,355.0,0.4284331845444304,True,True,True,TRUE_ELASTIC_UNLOADING
BH050,251,252,2.52000093460083,0.7120120660946423,7690,1,1,-293.7259521484375,-294.4426574707031,0.0,354.56247279401805,354.90367580889466,2.7158049653005305,1.2393022188916802e-05,1.6026692575515142e-05,CONTINUED_PLASTIC_LOADING,,,,1.230734833168177,1.7995263536760735,355.0,0.9997286642504076,True,False,False,CONTINUED_PLASTIC_LOADING
BH050,251,252,2.52000093460083,0.7120120660946423,8803,2,1,-118.21728515625,-121.83573150634766,0.0,181.88691410306592,192.12087907690184,10.081169568863157,0.0,0.0,ELASTIC_RELOADING,,,,10.526980488309754,0.000156197973486,355.0,0.5411855748645122,True,False,False,ELASTIC_RELOADING
BH050,252,253,2.5300002098083496,0.7082291341916749,5809,3,5,-330.4945068359375,-316.8224792480469,13.672027587890623,395.0352945954456,486.3440024336218,487.82068388781016,0.0026551187038421,0.002545025733205,CONTINUED_PLASTIC_LOADING,,,,163.1828830005271,2.536569258005274,490.0,0.9925387804767792,True,False,False,CONTINUED_PLASTIC_LOADING_WITH_COMPONENT_DROP
BH050,252,253,2.5300002098083496,0.7082291341916749,8857,1,1,-323.3882751464844,-324.3778991699219,0.0,340.40969687723435,343.481070162064,3.056511780930883,0.0,0.0,ELASTIC_RELOADING,,,,2.68267915812611,0.0010701433713302,355.0,0.9675523103156732,True,False,False,ELASTIC_RELOADING
BH050,252,253,2.5300002098083496,0.7082291341916749,7318,1,1,130.2112274169922,134.55128479003906,0.0,354.9553062367159,354.994520259136,2.456395540743657,1.303921453654766e-05,1.259060858687214e-05,CONTINUED_PLASTIC_LOADING,,,,4.451389068667869,0.59366223544031,355.0,0.9999845641102422,True,False,False,CONTINUED_PLASTIC_LOADING
BH050,252,253,2.5300002098083496,0.7082291341916749,7687,4,5,176.58807373046875,171.64410400390625,0.0,269.17662281572336,262.3100615215758,-6.86780024713933,0.0,0.0,TRUE_ELASTIC_UNLOADING,0.0001947621863582,0.0001947621863582,0.0001183267023999,5.7650775048244185,0.0002279216932927,355.0,0.7389015817509177,True,True,True,TRUE_ELASTIC_UNLOADING
BH050,252,253,2.5300002098083496,0.7082291341916749,6592,3,5,46.91202926635742,44.34164047241211,0.0,152.0937805132728,150.42451127467018,-1.7467516793963802,0.0,0.0,TRUE_ELASTIC_UNLOADING,-4.8752171037058645e-05,0.0,6.89763597926058e-05,4.568777842344743,8.446467161036428e-05,355.0,0.4237310176751273,True,True,True,TRUE_ELASTIC_UNLOADING
BH050,252,253,2.5300002098083496,0.7082291341916749,7690,1,1,-294.4426574707031,-294.1849060058594,0.25775146484375,354.90367580889466,354.5284911011197,0.8737424423878741,6.522779585793614e-06,8.423064778581432e-06,CONTINUED_PLASTIC_LOADING,,,,0.4540382323147888,2.5693986581984967,355.0,0.998671805918647,True,False,False,CONTINUED_PLASTIC_LOADING
BH050,252,253,2.5300002098083496,0.7082291341916749,8803,2,1,-121.83573150634766,-119.56706237792967,2.2686691284179688,192.12087907690184,173.18532074065618,-20.66960707321701,0.0,0.0,TRUE_ELASTIC_UNLOADING,-5.058522891676631e-07,0.0,2.9367084837674004e-05,20.87668578673881,2.9371440715492787e-05,355.0,0.4878459739173413,True,True,True,TRUE_ELASTIC_UNLOADING
BH050,253,254,2.540000915527344,0.7041968955216038,5809,3,5,-316.8224792480469,-319.9933776855469,0.0,486.3440024336218,451.4808736328255,61.23334515100919,0.0027511417865753,0.0026307690100322,CONTINUED_PLASTIC_LOADING,,,,303.7271809827994,1.408631721050021,490.0,0.9213895380261744,True,False,False,CONTINUED_PLASTIC_LOADING
BH050,253,254,2.540000915527344,0.7041968955216038,8857,1,1,-324.3778991699219,-323.9522399902344,0.4256591796875,343.481070162064,342.84963683704933,-0.6306372293552067,0.0,0.0,TRUE_ELASTIC_UNLOADING,-0.0006738443362956,0.0,0.0016400397331118,1.1851579965719636,0.0017729027097686,355.0,0.9657736248930968,True,False,False,TRUE_ELASTIC_UNLOADING
BH050,253,254,2.540000915527344,0.7041968955216038,7318,1,1,134.55128479003906,139.15805053710938,0.0,354.994520259136,354.9999970653635,3.196207705379244,1.7288723029196262e-05,1.6600171646550028e-05,CONTINUED_PLASTIC_LOADING,,,,4.693909024151373,0.7466363687535365,355.0,0.9999999917334184,True,False,False,CONTINUED_PLASTIC_LOADING
BH050,253,254,2.540000915527344,0.7041968955216038,7687,4,5,171.64410400390625,165.9921875,0.0,262.3100615215758,253.17313272259707,-9.136691539724694,0.0,0.0,TRUE_ELASTIC_UNLOADING,-3.753967650732548e-05,0.0,3.453836649251092e-05,7.016653488620758,5.101000215418323e-05,355.0,0.7131637541481608,True,True,True,TRUE_ELASTIC_UNLOADING
BH050,253,254,2.540000915527344,0.7041968955216038,6592,3,5,44.34164047241211,40.19584274291992,0.0,150.42451127467018,148.4946030621465,-1.9720062365565485,0.0,0.0,TRUE_ELASTIC_UNLOADING,-6.048349181719814e-05,0.0,8.242321357308464e-05,4.702717752896492,0.0001022320686147,355.0,0.4182946565130887,True,True,True,TRUE_ELASTIC_UNLOADING
BH050,253,254,2.540000915527344,0.7041968955216038,7690,1,1,-294.1849060058594,-296.2838134765625,0.0,354.5284911011197,354.85120519724006,1.176232325947928,4.495814209803939e-06,5.801304248765502e-06,CONTINUED_PLASTIC_LOADING,,,,2.209975622107684,0.364443871784276,355.0,0.9995808597105352,True,False,False,CONTINUED_PLASTIC_LOADING
BH050,253,254,2.540000915527344,0.7041968955216038,8803,2,1,-119.56706237792967,-122.3474578857422,0.0,173.18532074065618,182.0342526542954,8.357786883000614,0.0,0.0,ELASTIC_RELOADING,,,,10.492214543637262,0.0005663692070501,355.0,0.512772542688156,True,False,False,ELASTIC_RELOADING
BH050,254,255,2.550000190734864,0.6991807634093842,5809,3,5,-319.9933776855469,-329.853759765625,0.0,451.4808736328255,409.7667370122612,366.9509717457548,0.0025218427181243,0.0024223078121219,CONTINUED_PLASTIC_LOADING,,,,68.41181703371339,5.746460643130016,490.0,0.8362586469637984,True,False,False,CONTINUED_PLASTIC_LOADING
BH050,254,255,2.550000190734864,0.6991807634093842,8857,1,1,-323.9522399902344,-322.5642395019531,1.38800048828125,342.84963683704933,343.0597685028579,0.2007787054662733,0.0,0.0,ELASTIC_RELOADING,,,,1.8791016105634688,0.0007217663842068,355.0,0.9663655450784728,True,False,False,ELASTIC_RELOADING
BH050,254,255,2.550000190734864,0.6991807634093842,7318,1,1,139.15805053710938,143.76968383789062,0.0,354.9999970653635,354.8713613475757,2.894814287776299,1.6514037270098925e-05,1.576070027241128e-05,CONTINUED_PLASTIC_LOADING,,,,4.671505255851043,0.7160136998212188,355.0,0.9996376375988048,True,False,False,CONTINUED_PLASTIC_LOADING
BH050,254,255,2.550000190734864,0.6991807634093842,7687,4,5,165.9921875,157.44070434570312,0.0,253.17313272259707,239.1492206105988,-14.025449025247,0.0,0.0,TRUE_ELASTIC_UNLOADING,-1.9296181903438736e-05,0.0,5.628640394316681e-05,10.755483762894848,5.9501995577398427e-05,355.0,0.673659776367884,True,True,True,TRUE_ELASTIC_UNLOADING
BH050,254,255,2.550000190734864,0.6991807634093842,6592,3,5,40.19584274291992,44.94948959350586,0.0,148.4946030621465,147.23878523635733,-1.536056967108394,0.0,0.0,TRUE_ELASTIC_UNLOADING,-3.603664616003144e-05,0.0,2.1819140613818423e-05,10.375907553707671,4.212625284870143e-05,355.0,0.4147571415108657,True,True,True,TRUE_ELASTIC_UNLOADING
BH050,254,255,2.550000190734864,0.6991807634093842,7690,1,1,-296.2838134765625,-299.3476867675781,0.0,354.85120519724006,354.3723410222029,-0.0119656551416216,2.593791577965021e-06,3.339191915845308e-06,CONTINUED_PLASTIC_LOADING,,,,3.615973425938876,0.1288667412520935,355.0,0.9982319465414166,True,False,False,CONTINUED_PLASTIC_LOADING
BH050,254,255,2.550000190734864,0.6991807634093842,8803,2,1,-122.3474578857422,-120.69815826416016,1.6492996215820312,182.0342526542954,184.81896664562703,1.7545606961813895,0.0,0.0,ELASTIC_RELOADING,,,,12.53533353361677,0.0002329035558514,355.0,0.5206168074524705,True,False,False,ELASTIC_RELOADING
BH050,255,256,2.5600008964538574,0.6930590188933251,5809,3,5,-329.853759765625,-325.6918334960937,4.16192626953125,409.7667370122612,440.2952387729578,376.237895317286,0.0024910569190979,0.0024161398248082,CONTINUED_PLASTIC_LOADING,,,,176.24441485656212,2.217593341603797,490.0,0.8985617117815465,True,False,False,CONTINUED_PLASTIC_LOADING_WITH_COMPONENT_DROP
BH050,255,256,2.5600008964538574,0.6930590188933251,8857,1,1,-322.5642395019531,-320.4696960449219,2.09454345703125,343.0597685028579,343.5385290102327,0.4602200534479739,0.0,0.0,ELASTIC_RELOADING,,,,3.2955690992550424,0.0014772107153881,355.0,0.9677141662260076,True,False,False,ELASTIC_RELOADING
BH050,255,256,2.5600008964538574,0.6930590188933251,7318,1,1,143.76968383789062,149.89285278320312,0.0,354.8713613475757,354.999979023242,4.453289728811732,2.3804488591849804e-05,2.253718349740588e-05,CONTINUED_PLASTIC_LOADING,,,,6.235628785392194,0.7742316286158127,355.0,0.9999999409105408,True,False,False,CONTINUED_PLASTIC_LOADING
BH050,255,256,2.5600008964538574,0.6930590188933251,7687,4,5,157.44070434570312,148.6730194091797,0.0,239.1492206105988,225.08521589794125,-14.065698262633234,0.0,0.0,TRUE_ELASTIC_UNLOADING,5.912025008281141e-05,5.912025008281141e-05,3.911597485211598e-05,10.778585522344596,7.089200676070811e-05,355.0,0.6340428616843415,True,True,True,TRUE_ELASTIC_UNLOADING
BH050,255,256,2.5600008964538574,0.6930590188933251,6592,3,5,44.94948959350586,38.648624420166016,0.0,147.23878523635733,145.70442964558126,-1.82734684881922,0.0,0.0,TRUE_ELASTIC_UNLOADING,1.404363517687468e-05,1.404363517687468e-05,1.0822811801966636e-05,10.297933758902465,1.7730270344011376e-05,355.0,0.4104350130861444,True,True,True,TRUE_ELASTIC_UNLOADING
BH050,255,256,2.5600008964538574,0.6930590188933251,7690,1,1,-299.3476867675781,-301.18170166015625,0.0,354.3723410222029,354.0120294981024,-0.3727722602367365,0.0,0.0,TRUE_ELASTIC_UNLOADING,-0.0002900355806692,0.0,0.0006820079577769,2.192586878739622,0.0007410848006084,355.0,0.9972169845016968,True,True,True,TRUE_ELASTIC_UNLOADING
BH050,255,256,2.5600008964538574,0.6930590188933251,8803,2,1,-120.69815826416016,-119.97835540771484,0.7198028564453125,184.81896664562703,173.53440111135814,-11.915717652386434,0.0,0.0,TRUE_ELASTIC_UNLOADING,-0.0001636617387972,0.0,0.0002937844941283,11.890006465251115,0.0003362822134474,355.0,0.4888292989052342,True,True,True,TRUE_ELASTIC_UNLOADING
BH050,256,257,2.570000171661377,0.687427124023305,5809,3,5,-325.6918334960937,-332.1392822265625,0.0,440.2952387729578,407.93555262850487,351.7107497887721,0.0025697350502014,0.0024946767838058,CONTINUED_PLASTIC_LOADING,,,,84.01567458226799,4.804103035842566,490.0,0.8325215359765405,True,False,False,CONTINUED_PLASTIC_LOADING
BH050,256,257,2.570000171661377,0.687427124023305,8857,1,1,-320.4696960449219,-319.4579162597656,1.01177978515625,343.5385290102327,343.82437975368754,0.2785992006137036,0.0,0.0,ELASTIC_RELOADING,,,,1.4374140045474229,0.0021412687613481,355.0,0.9685193795878522,True,False,False,ELASTIC_RELOADING
BH050,256,257,2.570000171661377,0.687427124023305,7318,1,1,149.89285278320312,154.59799194335938,0.0,354.999979023242,354.8076001505846,3.331947669798692,1.9501254428178072e-05,1.829615872712156e-05,CONTINUED_PLASTIC_LOADING,,,,4.735138550422213,0.8364594899714671,355.0,0.999458028593196,True,False,False,CONTINUED_PLASTIC_LOADING
BH050,256,257,2.570000171661377,0.687427124023305,7687,4,5,148.6730194091797,145.0747833251953,0.0,225.08521589794125,215.54756926067031,-9.556933032962789,0.0,0.0,TRUE_ELASTIC_UNLOADING,1.8708539277212388e-05,1.8708539277212388e-05,1.4922256111841725e-05,6.447023938830652,2.3931073980099992e-05,355.0,0.607176251438508,True,True,True,TRUE_ELASTIC_UNLOADING
BH050,256,257,2.570000171661377,0.687427124023305,6592,3,5,38.648624420166016,37.49828720092773,0.0,145.70442964558126,142.65575671433112,-3.157555565327646,0.0,0.0,TRUE_ELASTIC_UNLOADING,-2.381076515711733e-05,0.0,2.282741848573562e-05,5.3712652570654855,3.298509491309325e-05,355.0,0.4018472020122003,True,True,True,TRUE_ELASTIC_UNLOADING
BH050,256,257,2.570000171661377,0.687427124023305,7690,1,1,-301.18170166015625,-302.6304931640625,0.0,354.0120294981024,354.06536223808234,0.0417783921452805,0.0,0.0,ELASTIC_RELOADING,,,,2.1634881877496435,0.0006580887951235,355.0,0.9973672175720628,True,False,False,ELASTIC_RELOADING
BH050,256,257,2.570000171661377,0.687427124023305,8803,2,1,-119.97835540771484,-119.31670379638672,0.661651611328125,173.53440111135814,168.7157631067488,-5.156797466059579,0.0,0.0,TRUE_ELASTIC_UNLOADING,-4.383961906273548e-05,0.0,0.0002983143320692,6.9459289159042825,0.0003015181293491,355.0,0.475255670723236,True,True,True,TRUE_ELASTIC_UNLOADING
BH050,257,258,2.580000877380371,0.6828976715993558,5809,3,5,-332.1392822265625,-312.8534545898437,19.28582763671875,407.93555262850487,484.3889038471505,458.6237382107072,0.0028092861175537,0.0027163866368335,CONTINUED_PLASTIC_LOADING_WITH_COMPONENT_DROP,,,,194.8211205440221,2.259100477870523,490.0,0.9885487833615316,True,False,False,CONTINUED_PLASTIC_LOADING_WITH_COMPONENT_DROP
BH050,257,258,2.580000877380371,0.6828976715993558,8857,1,1,-319.4579162597656,-319.88739013671875,0.0,343.82437975368754,344.1452737014795,0.3054167641311591,0.0,0.0,ELASTIC_RELOADING,,,,3.5306171056386977,0.0003569267185908,355.0,0.9694233062013506,True,False,False,ELASTIC_RELOADING
BH050,257,258,2.580000877380371,0.6828976715993558,7318,1,1,154.59799194335938,160.17152404785156,0.0,354.8076001505846,354.99360515467663,2.533145828264005,1.3149518053978682e-05,1.2260285806581551e-05,CONTINUED_PLASTIC_LOADING,,,,5.659076722230047,0.4728566836693497,355.0,0.9999819863512016,True,False,False,CONTINUED_PLASTIC_LOADING
BH050,257,258,2.580000877380371,0.6828976715993558,7687,4,5,145.0747833251953,145.0931854248047,0.0,215.54756926067031,204.3422533013872,-11.369548212620677,0.0,0.0,TRUE_ELASTIC_UNLOADING,4.61676047625037e-05,4.61676047625037e-05,8.788340572436013e-05,8.964695314459522,9.92730455622243e-05,355.0,0.575611981130668,True,True,True,TRUE_ELASTIC_UNLOADING
BH050,257,258,2.580000877380371,0.6828976715993558,6592,3,5,37.49828720092773,39.51329040527344,0.0,142.65575671433112,141.46338347637868,-1.2112789685570395,0.0,0.0,TRUE_ELASTIC_UNLOADING,6.520887487093674e-05,6.520887487093674e-05,6.976768107514585e-05,3.5502619288622723,9.55001609861137e-05,355.0,0.3984884041588132,True,True,True,TRUE_ELASTIC_UNLOADING
BH050,257,258,2.580000877380371,0.6828976715993558,7690,1,1,-302.6304931640625,-303.2923889160156,0.0,354.06536223808234,354.9999722771411,2.072413803867315,6.210932042449713e-06,7.94990414180211e-06,CONTINUED_PLASTIC_LOADING,,,,5.439322248340569,0.2057923918771117,355.0,0.9999999219074398,True,False,False,CONTINUED_PLASTIC_LOADING
BH050,257,258,2.580000877380371,0.6828976715993558,8803,2,1,-119.31670379638672,-117.53791046142578,1.7787933349609375,168.7157631067488,176.09627447546904,4.969153969018947,0.0,0.0,ELASTIC_RELOADING,,,,17.63182349520222,0.0001946659810833,355.0,0.4960458435928706,True,False,False,ELASTIC_RELOADING
BH050,258,259,2.59000015258789,0.6739816428122024,5809,3,5,-312.8534545898437,-319.4693908691406,0.0,484.3889038471505,487.26889280206177,411.2989106312749,0.0025528073310852,0.0024769616821231,CONTINUED_PLASTIC_LOADING,,,,7.394648859277887,54.29199969732018,490.0,0.9944263118409424,True,False,False,CONTINUED_PLASTIC_LOADING
BH050,258,259,2.59000015258789,0.6739816428122024,8857,1,1,-319.88739013671875,-313.064208984375,6.82318115234375,344.1452737014795,343.9797704240332,-0.360862844508262,0.0,0.0,TRUE_ELASTIC_UNLOADING,-0.0001444181390539,0.0,0.0001574971639749,8.96032106789281,0.0002136724874822,355.0,0.968957099786009,True,True,True,TRUE_ELASTIC_UNLOADING
BH050,258,259,2.59000015258789,0.6739816428122024,7318,1,1,160.17152404785156,165.28184509277344,0.0,354.99360515467663,354.9845496234911,2.4555890572878463,1.3986951671540735e-05,1.2937497047022342e-05,CONTINUED_PLASTIC_LOADING,,,,5.514338332864444,0.5157990361288586,355.0,0.999956477812651,True,False,False,CONTINUED_PLASTIC_LOADING
BH050,258,259,2.59000015258789,0.6739816428122024,7687,4,5,145.0931854248047,146.64990234375,0.0,204.3422533013872,190.8881729248397,-13.866195066194289,0.0,0.0,TRUE_ELASTIC_UNLOADING,2.6027484247848065e-06,2.6027484247848065e-06,6.029517110087084e-05,12.539400461666585,6.035132109823319e-05,355.0,0.5377131631685625,True,True,True,TRUE_ELASTIC_UNLOADING
BH050,258,259,2.59000015258789,0.6739816428122024,6592,3,5,39.51329040527344,33.48844909667969,0.0,141.46338347637868,137.92104766520586,-3.756605731522243,0.0,0.0,TRUE_ELASTIC_UNLOADING,-3.369599400571133e-05,0.0,1.4163347839076102e-05,8.419254759088371,3.6550569454416605e-05,355.0,0.3885099934231151,True,True,True,TRUE_ELASTIC_UNLOADING
BH050,258,259,2.59000015258789,0.6739816428122024,7690,1,1,-303.2923889160156,-301.7418518066406,1.550537109375,354.9999722771411,353.7419763370679,-0.8600467736761866,2.4428591132164e-06,3.128476201667125e-06,CONTINUED_PLASTIC_LOADING,,,,7.861226677328871,0.0557272792287504,355.0,0.9964562713720224,True,False,False,CONTINUED_PLASTIC_LOADING_WITH_COMPONENT_DROP
BH050,258,259,2.59000015258789,0.6739816428122024,8803,2,1,-117.53791046142578,-116.07622528076172,1.4616851806640625,176.09627447546904,161.47985866884494,-16.798601968288583,0.0,0.0,TRUE_ELASTIC_UNLOADING,-7.154433632639012e-06,0.0,6.447482604681073e-05,18.393121479946416,6.48705510650338e-05,355.0,0.4548728413206899,True,True,True,TRUE_ELASTIC_UNLOADING
BH050,259,260,2.6000008583068848,0.6621582656186814,5809,3,5,-319.4693908691406,-319.8548278808594,0.0,487.26889280206177,414.7290007215146,163.82364402010313,0.00251105427742,0.0024508805528324,CONTINUED_PLASTIC_LOADING,,,,243.5067760137899,1.6309411325120795,490.0,0.846385715758193,True,False,False,CONTINUED_PLASTIC_LOADING
BH050,259,260,2.6000008583068848,0.6621582656186814,8857,1,1,-313.064208984375,-307.153076171875,5.9111328125,343.9797704240332,340.12889991674024,-3.8731477075439047,0.0,0.0,TRUE_ELASTIC_UNLOADING,-0.0001849634188937,0.0,2.182068117920861e-05,7.717835922056446,0.0001862121287178,355.0,0.958109577230254,True,True,True,TRUE_ELASTIC_UNLOADING
BH050,259,260,2.6000008583068848,0.6621582656186814,7318,1,1,165.28184509277344,173.5166015625,0.0,354.9845496234911,354.94554608939177,7.424395410320761,4.2340660002082586e-05,3.877875275123299e-05,CONTINUED_PLASTIC_LOADING,,,,8.306567133637015,1.0375587601505716,355.0,0.999846608702512,True,False,False,CONTINUED_PLASTIC_LOADING
BH050,259,260,2.6000008583068848,0.6621582656186814,7687,4,5,146.64990234375,145.9794464111328,0.0,190.8881729248397,177.37507508020974,-13.894096251866866,0.0,0.0,TRUE_ELASTIC_UNLOADING,1.7927478392354423e-05,1.7927478392354423e-05,2.896551525476984e-05,11.46232602907067,3.406474911950344e-05,355.0,0.4996480988174922,True,True,True,TRUE_ELASTIC_UNLOADING
BH050,259,260,2.6000008583068848,0.6621582656186814,6592,3,5,33.48844909667969,33.399715423583984,0.0,137.92104766520586,133.27609062778996,-5.064804084046235,0.0,0.0,TRUE_ELASTIC_UNLOADING,1.293887278885908e-05,1.293887278885908e-05,7.162504260604367e-06,10.5365278304987,1.4789192540145228e-05,355.0,0.3754256074022252,True,True,True,TRUE_ELASTIC_UNLOADING
BH050,259,260,2.6000008583068848,0.6621582656186814,7690,1,1,-301.7418518066406,-301.0111083984375,0.730743408203125,353.7419763370679,354.73526877965065,1.338455608426277,2.162327291443944e-06,2.8051135428717543e-06,CONTINUED_PLASTIC_LOADING,,,,7.111338928018557,0.0546048277775859,355.0,0.9992542782525372,True,False,False,CONTINUED_PLASTIC_LOADING_WITH_COMPONENT_DROP
BH050,259,260,2.6000008583068848,0.6621582656186814,8803,2,1,-116.07622528076172,-109.956298828125,6.119926452636719,161.47985866884494,159.95834918581167,-4.3482417029757965,0.0,0.0,TRUE_ELASTIC_UNLOADING,9.674064680731398e-05,9.674064680731398e-05,9.43156793171952e-05,23.024500570845277,0.0001351148075168,355.0,0.4505868991149624,True,True,True,TRUE_ELASTIC_UNLOADING
BH050,260,261,2.6100001335144043,0.6543080017741534,5809,3,5,-319.8548278808594,-330.0765686035156,0.0,414.7290007215146,476.70630218289335,303.09245594100537,0.0024763345718383,0.0024459464810533,CONTINUED_PLASTIC_LOADING,,,,230.4664585805061,1.7239857670936534,490.0,0.9728700044548844,True,False,False,CONTINUED_PLASTIC_LOADING
BH050,260,261,2.6100001335144043,0.6543080017741534,8857,1,1,-307.153076171875,-304.8451538085937,2.30792236328125,340.12889991674024,339.9507284910832,-0.2329800001875962,0.0,0.0,TRUE_ELASTIC_UNLOADING,-7.785359595646746e-05,0.0,0.0001416469651857,5.12756216739152,0.000161629518203,355.0,0.9576076858903751,True,True,True,TRUE_ELASTIC_UNLOADING
BH050,260,261,2.6100001335144043,0.6543080017741534,7318,1,1,173.5166015625,181.2772827148437,0.0,354.94554608939177,354.96878944562746,2.5198507861501125,1.4584686141461134e-05,1.3202640989559962e-05,CONTINUED_PLASTIC_LOADING,,,,7.791901538565486,0.3814793860180945,355.0,0.9999120829454294,True,False,False,CONTINUED_PLASTIC_LOADING
BH050,260,261,2.6100001335144043,0.6543080017741534,7687,4,5,145.9794464111328,145.58889770507812,0.0,177.37507508020974,165.9318825127044,-11.850964444606609,0.0,0.0,TRUE_ELASTIC_UNLOADING,1.0019884799650214e-05,1.0019884799650214e-05,7.29271261814549e-05,10.372283219388306,7.361226720753538e-05,355.0,0.4674137535569138,True,True,True,TRUE_ELASTIC_UNLOADING
BH050,260,261,2.6100001335144043,0.6543080017741534,6592,3,5,33.399715423583984,24.815210342407227,0.0,133.27609062778996,127.8713303937188,-5.621701781206084,0.0,0.0,TRUE_ELASTIC_UNLOADING,-3.268202488637684e-06,0.0,1.38525204151681e-05,9.740907029963171,1.423282764361755e-05,355.0,0.3602009306865318,True,True,True,TRUE_ELASTIC_UNLOADING
BH050,260,261,2.6100001335144043,0.6543080017741534,7690,1,1,-301.0111083984375,-298.83770751953125,2.17340087890625,354.73526877965065,353.7722806580188,0.0605438521862291,5.660665920004249e-06,7.3742074586267826e-06,CONTINUED_PLASTIC_LOADING,,,,8.439238439388163,0.1196066568711785,355.0,0.996541635656391,True,False,False,CONTINUED_PLASTIC_LOADING_WITH_COMPONENT_DROP
BH050,260,261,2.6100001335144043,0.6543080017741534,8803,2,1,-109.956298828125,-107.0134506225586,2.9428482055664062,159.95834918581167,149.0216694473348,-11.744630866629729,0.0,0.0,TRUE_ELASTIC_UNLOADING,-3.1284091016159365e-05,0.0,3.664096748261042e-05,11.898984213847037,4.817876735525693e-05,355.0,0.4197793505558727,True,True,True,TRUE_ELASTIC_UNLOADING
BH050,261,262,2.6200008392333984,0.652137552496088,5809,3,5,-330.0765686035156,-317.2245788574219,12.85198974609375,476.70630218289335,439.2069273311465,392.1308157561748,0.0025995373725891,0.0025609159069389,CONTINUED_PLASTIC_LOADING,,,,40.0609414864434,10.384153028532443,490.0,0.896340668022748,True,False,False,CONTINUED_PLASTIC_LOADING_WITH_COMPONENT_DROP
BH050,261,262,2.6200008392333984,0.652137552496088,8857,1,1,-304.8451538085937,-301.2254943847656,3.619659423828125,339.9507284910832,337.7439829479964,-2.3606069013116606,0.0,0.0,TRUE_ELASTIC_UNLOADING,9.355907858599188e-05,9.355907858599188e-05,0.000181825356905,12.063524386560832,0.0002044881406591,355.0,0.9513915012619616,True,True,True,TRUE_ELASTIC_UNLOADING
BH050,261,262,2.6200008392333984,0.652137552496088,7318,1,1,181.2772827148437,182.9046630859375,0.0,354.96878944562746,355.00000799310754,2.035747546014804,1.1468539014458656e-05,1.0302222705179595e-05,CONTINUED_PLASTIC_LOADING,,,,1.6406844549273818,1.4256685194164187,355.0,1.000000022515796,True,False,False,CONTINUED_PLASTIC_LOADING
BH050,261,262,2.6200008392333984,0.652137552496088,7687,4,5,145.58889770507812,144.1832733154297,0.0,165.9318825127044,162.60178224431365,-3.3425447877321908,0.0,0.0,TRUE_ELASTIC_UNLOADING,-9.821135279852732e-05,0.0,0.0001352610285218,2.5285411721446795,0.0001671499992302,355.0,0.4580331894206018,True,True,True,TRUE_ELASTIC_UNLOADING
BH050,261,262,2.6200008392333984,0.652137552496088,6592,3,5,24.815210342407227,23.44930076599121,0.0,127.8713303937188,126.61219862437544,-1.2626519589368073,0.0,0.0,TRUE_ELASTIC_UNLOADING,-7.128384398091825e-05,0.0,0.0002614770666815,1.4252148349348557,0.0002710182854586,355.0,0.3566540806320435,True,True,True,TRUE_ELASTIC_UNLOADING
BH050,261,262,2.6200008392333984,0.652137552496088,7690,1,1,-298.83770751953125,-297.16259765625,1.67510986328125,353.7722806580188,353.86919326902694,0.0863405134700465,0.0,0.0,ELASTIC_RELOADING,,,,3.0694258938708234,0.0005333784818113,355.0,0.9968146289268364,True,False,False,ELASTIC_RELOADING
BH050,261,262,2.6200008392333984,0.652137552496088,8803,2,1,-107.0134506225586,-108.24369049072266,0.0,149.0216694473348,158.88808982125045,8.955947834220556,0.0,0.0,ELASTIC_RELOADING,,,,11.30052668969484,0.0001187625755433,355.0,0.4475720840035224,True,False,False,ELASTIC_RELOADING
BH050,262,263,2.630000114440918,0.6509938179334348,5809,3,5,-317.2245788574219,-311.7694091796875,5.455169677734375,439.2069273311465,399.4320147132666,322.48899959158985,0.0026609897613525,0.002599918215596,CONTINUED_PLASTIC_LOADING,,,,167.34335655819942,2.525159612386908,490.0,0.8151673769658502,True,False,False,CONTINUED_PLASTIC_LOADING_WITH_COMPONENT_DROP
BH050,262,263,2.630000114440918,0.6509938179334348,8857,1,1,-301.2254943847656,-299.36737060546875,1.858123779296875,337.7439829479964,334.9833845651568,-2.761840189316179,0.0,0.0,TRUE_ELASTIC_UNLOADING,-0.0001694684175856,0.0,0.0005323567620187,3.076381789341676,0.0005586712142399,355.0,0.9436151677891742,True,True,True,TRUE_ELASTIC_UNLOADING
BH050,262,263,2.630000114440918,0.6509938179334348,7318,1,1,182.9046630859375,184.1293487548828,0.0,355.00000799310754,354.9215155825338,2.7867807916411063,1.6418984159827232e-05,1.4717209470727291e-05,CONTINUED_PLASTIC_LOADING,,,,1.2293806868090749,2.7230704969304247,355.0,0.999778917133898,True,False,False,CONTINUED_PLASTIC_LOADING
BH050,262,263,2.630000114440918,0.6509938179334348,7687,4,5,144.1832733154297,140.6575469970703,0.0,162.60178224431365,158.5458143571831,-4.057255326771994,0.0,0.0,TRUE_ELASTIC_UNLOADING,0.0001383053665445,0.0001383053665445,0.0001156754302799,3.774366106345863,0.000180317694932,355.0,0.446607927766713,True,True,True,TRUE_ELASTIC_UNLOADING
BH050,262,263,2.630000114440918,0.6509938179334348,6592,3,5,23.44930076599121,28.141735076904297,0.0,126.61219862437544,127.50682890025796,0.7716797333569851,0.0,0.0,ELASTIC_RELOADING,,,,6.768546103903546,1.6059040796267043e-05,355.0,0.3591741659162196,True,False,False,ELASTIC_RELOADING
BH050,262,263,2.630000114440918,0.6509938179334348,7690,1,1,-297.16259765625,-294.1572265625,3.00537109375,353.86919326902694,352.4866054575705,-1.3905038150425375,0.0,0.0,TRUE_ELASTIC_UNLOADING,0.0002073356730301,0.0002073356730301,0.000154414206904,3.7088854996831295,0.0002585530087144,355.0,0.992920015373438,True,True,True,TRUE_ELASTIC_UNLOADING
BH050,262,263,2.630000114440918,0.6509938179334348,8803,2,1,-108.24369049072266,-107.40806579589844,0.8356246948242188,158.88808982125045,148.44152164765913,-10.742622684491856,0.0,0.0,TRUE_ELASTIC_UNLOADING,0.0001287320515847,0.0001287320515847,0.000267175178489,10.13613974011489,0.0002965784622961,355.0,0.4181451314018567,True,True,True,TRUE_ELASTIC_UNLOADING
BH050,263,264,2.640000820159912,0.6454905791305421,5809,3,5,-311.7694091796875,-344.5966186523437,0.0,399.4320147132666,468.9882681014528,433.28377936460174,0.0026030242443084,0.0025574789318461,CONTINUED_PLASTIC_LOADING,,,,174.18817315094984,2.376843366126991,490.0,0.9571189144927608,True,False,False,CONTINUED_PLASTIC_LOADING
BH050,263,264,2.640000820159912,0.6454905791305421,8857,1,1,-299.36737060546875,-297.8586730957031,1.508697509765625,334.9833845651568,338.2900869225219,3.237443892488349,0.0,0.0,ELASTIC_RELOADING,,,,5.355220915673763,0.00023703916386,355.0,0.952929822316963,True,False,False,ELASTIC_RELOADING
BH050,263,264,2.640000820159912,0.6454905791305421,7318,1,1,184.1293487548828,189.865234375,0.0,354.9215155825338,354.9655501889966,2.5988390628788456,1.4933408237993715e-05,1.3316399148671708e-05,CONTINUED_PLASTIC_LOADING,,,,5.7515518727353365,0.5293428316942485,355.0,0.9999029582788636,True,False,False,CONTINUED_PLASTIC_LOADING
BH050,263,264,2.640000820159912,0.6454905791305421,7687,4,5,140.6575469970703,141.25038146972656,0.0,158.5458143571831,159.0953548712661,0.5490544106986499,0.0,0.0,ELASTIC_RELOADING,,,,0.6881752513118294,0.0009042114114571,355.0,0.448155929214834,True,False,False,ELASTIC_RELOADING
BH050,263,264,2.640000820159912,0.6454905791305421,6592,3,5,28.141735076904297,26.50222969055176,0.0,127.50682890025796,127.04775177055323,-0.666482900489203,0.0,0.0,TRUE_ELASTIC_UNLOADING,3.2604331919317e-05,3.2604331919317e-05,3.879162254177263e-05,6.104735391287045,5.0674469288066255e-05,355.0,0.3578809909029669,True,True,True,TRUE_ELASTIC_UNLOADING
BH050,263,264,2.640000820159912,0.6454905791305421,7690,1,1,-294.1572265625,-288.8500061035156,5.307220458984375,352.4866054575705,350.5086250837293,-2.0082142562018164,0.0,0.0,TRUE_ELASTIC_UNLOADING,-9.543133573375329e-05,0.0,8.759429517929088e-05,5.66417117031031,0.0001295305460746,355.0,0.987348239672477,True,True,True,TRUE_ELASTIC_UNLOADING
BH050,263,264,2.640000820159912,0.6454905791305421,8803,2,1,-107.40806579589844,-105.47956085205078,1.928504943847656,148.44152164765913,144.478676591686,-4.089925971703513,0.0,0.0,TRUE_ELASTIC_UNLOADING,3.736508822793638e-05,3.736508822793638e-05,0.0001831794100594,4.636674644156107,0.000186951735474,355.0,0.406982187582214,True,True,True,TRUE_ELASTIC_UNLOADING
BH050,264,265,2.650000095367432,0.6393337204402523,5809,3,5,-344.5966186523437,-341.5458984375,3.05072021484375,468.9882681014528,453.1806318118116,476.0388762270168,0.0027702748775482,0.002734614027025,CONTINUED_PLASTIC_LOADING,,,,14.691751951083516,30.153033642889092,490.0,0.9248584322690032,True,False,False,CONTINUED_PLASTIC_LOADING_WITH_COMPONENT_DROP
BH050,264,265,2.650000095367432,0.6393337204402523,8857,1,1,-297.8586730957031,-293.8140869140625,4.044586181640625,338.2900869225219,335.93438436242553,-2.3700999540646275,0.0,0.0,TRUE_ELASTIC_UNLOADING,9.225253732669804e-05,9.225253732669804e-05,0.000265096535787,5.229879989484406,0.0002806924880812,355.0,0.9462940404575368,True,True,True,TRUE_ELASTIC_UNLOADING
BH050,264,265,2.650000095367432,0.6393337204402523,7318,1,1,189.865234375,196.9729461669922,0.0,354.9655501889966,354.9399682968036,4.708140329803107,2.780189970508217e-05,2.452539740525456e-05,CONTINUED_PLASTIC_LOADING,,,,7.122778054413873,0.7975931120367661,355.0,0.9998308966107144,True,False,False,CONTINUED_PLASTIC_LOADING
BH050,264,265,2.650000095367432,0.6393337204402523,7687,4,5,141.25038146972656,135.2535400390625,0.0,159.0953548712661,152.63815396132154,-6.4617223424652,0.0,0.0,TRUE_ELASTIC_UNLOADING,4.901971592929932e-05,4.901971592929932e-05,5.880838336939067e-05,6.29687950810113,7.656104756389882e-05,355.0,0.4299666308769621,True,True,True,TRUE_ELASTIC_UNLOADING
BH050,264,265,2.650000095367432,0.6393337204402523,6592,3,5,26.50222969055176,27.05890846252441,0.0,127.04775177055323,124.92935700342709,-2.312248443744118,0.0,0.0,TRUE_ELASTIC_UNLOADING,6.0317040393886856e-05,6.0317040393886856e-05,3.756223403819638e-05,6.641399434740875,7.105987274058032e-05,355.0,0.3519136816997946,True,True,True,TRUE_ELASTIC_UNLOADING
BH050,264,265,2.650000095367432,0.6393337204402523,7690,1,1,-288.8500061035156,-289.4324035644531,0.0,350.5086250837293,350.5697066677242,0.0585904308932584,0.0,0.0,ELASTIC_RELOADING,,,,1.0597853727993063,0.0013131484042065,355.0,0.9875203004724624,True,False,False,ELASTIC_RELOADING
BH050,264,265,2.650000095367432,0.6393337204402523,8803,2,1,-105.47956085205078,-102.7693862915039,2.710174560546875,144.478676591686,142.86411282634705,-1.6638068314710146,0.0,0.0,TRUE_ELASTIC_UNLOADING,0.0009914527080049,0.0009914527080049,0.0004137312300596,4.447298850630442,0.0010752227147924,355.0,0.4024341206375973,True,True,True,TRUE_ELASTIC_UNLOADING
BH050,265,266,2.660000801086426,0.6369253513657258,5809,3,5,-341.5458984375,-324.475830078125,17.070068359375,453.1806318118116,441.534514790977,310.9421154731307,0.0027032196521759,0.0026438870354348,CONTINUED_PLASTIC_LOADING,,,,211.24455992321165,2.03289320241294,490.0,0.901090846512198,True,False,False,CONTINUED_PLASTIC_LOADING_WITH_COMPONENT_DROP
BH050,265,266,2.660000801086426,0.6369253513657258,8857,1,1,-293.8140869140625,-295.84246826171875,0.0,335.93438436242553,339.7520210552068,3.679505920100232,0.0,0.0,ELASTIC_RELOADING,,,,11.288180699971376,0.0001814412970365,355.0,0.9570479466343852,True,False,False,ELASTIC_RELOADING
BH050,265,266,2.660000801086426,0.6369253513657258,7318,1,1,196.9729461669922,198.8673553466797,0.0,354.9399682968036,354.89176163832457,1.882306874719052,1.1299503967165949e-05,9.89914524390835e-06,CONTINUED_PLASTIC_LOADING,,,,1.9380519723279923,1.1912590941243668,355.0,0.999695103206548,True,False,False,CONTINUED_PLASTIC_LOADING
BH050,265,266,2.660000801086426,0.6369253513657258,7687,4,5,135.2535400390625,134.0490264892578,0.0,152.63815396132154,150.71746093662304,-1.926021411965304,0.0,0.0,TRUE_ELASTIC_UNLOADING,-0.0001437019800814,0.0,0.0003649887442699,1.7480878161570874,0.0003922513351839,355.0,0.4245562279904874,True,True,True,TRUE_ELASTIC_UNLOADING
BH050,265,266,2.660000801086426,0.6369253513657258,6592,3,5,27.05890846252441,18.90172576904297,0.0,124.92935700342709,122.81014442148934,-2.309052213241236,0.0,0.0,TRUE_ELASTIC_UNLOADING,3.428861391929772e-06,3.428861391929772e-06,3.7422553466011007e-05,9.070626143052593,3.75793121573131e-05,355.0,0.3459440687929277,True,True,True,TRUE_ELASTIC_UNLOADING
BH050,265,266,2.660000801086426,0.6369253513657258,7690,1,1,-289.4324035644531,-285.97265625,3.459747314453125,350.5697066677242,349.34698123703714,-1.2382092366732975,0.0,0.0,TRUE_ELASTIC_UNLOADING,0.0003491340881018,0.0003491340881018,0.0001481768899591,4.35882624897442,0.0003793891922835,355.0,0.9840760034846116,True,True,True,TRUE_ELASTIC_UNLOADING
BH050,265,266,2.660000801086426,0.6369253513657258,8803,2,1,-102.7693862915039,-103.28463745117188,0.0,142.86411282634705,142.3115971057917,-0.5546425226166469,0.0,0.0,TRUE_ELASTIC_UNLOADING,-0.0022977481313495,0.0,0.0015690458202358,0.9452108854677016,0.0027780135043717,355.0,0.4008777383261738,True,False,False,TRUE_ELASTIC_UNLOADING
BH050,266,267,2.6700000762939453,0.6362875513883439,5809,3,5,-324.475830078125,-318.9997863769531,5.476043701171875,441.534514790977,420.2950817668706,442.4992388515621,0.0027629435062408,0.0026836436790715,CONTINUED_PLASTIC_LOADING,,,,25.80689551639139,16.884784862848576,490.0,0.8577450648303482,True,False,False,CONTINUED_PLASTIC_LOADING_WITH_COMPONENT_DROP
BH050,266,267,2.6700000762939453,0.6362875513883439,8857,1,1,-295.84246826171875,-296.8179931640625,0.0,339.7520210552068,339.0059687211412,-0.7546526244252311,0.0,0.0,TRUE_ELASTIC_UNLOADING,-0.0011781944891895,0.0,0.0015284043321569,1.601138890264861,0.0019289617902233,355.0,0.954946390763778,True,True,True,TRUE_ELASTIC_UNLOADING
BH050,266,267,2.6700000762939453,0.6362875513883439,7318,1,1,198.8673553466797,199.48651123046875,0.0,354.89176163832457,354.87190500225813,2.514102588834368,1.479883212596178e-05,1.294834804906644e-05,CONTINUED_PLASTIC_LOADING,,,,0.6275585568303556,4.825185219784308,355.0,0.9996391690204456,True,False,False,CONTINUED_PLASTIC_LOADING
BH050,266,267,2.6700000762939453,0.6362875513883439,7687,4,5,134.0490264892578,133.4304962158203,0.0,150.71746093662304,149.23046252373317,-1.4913460320761445,0.0,0.0,TRUE_ELASTIC_UNLOADING,0.0007492752722788,0.0007492752722788,0.0009431764387791,1.1489910818175315,0.001204921990059,355.0,0.4203675000668539,True,True,True,TRUE_ELASTIC_UNLOADING
BH050,266,267,2.6700000762939453,0.6362875513883439,6592,3,5,18.90172576904297,22.0857162475586,0.0,122.81014442148934,123.2623738800662,0.376665908994513,0.0,0.0,ELASTIC_RELOADING,,,,3.56573802893833,9.274045240879632e-05,355.0,0.3472179545917357,True,False,False,ELASTIC_RELOADING
BH050,266,267,2.6700000762939453,0.6362875513883439,7690,1,1,-285.97265625,-283.7369079589844,2.235748291015625,349.34698123703714,347.8609536416385,-1.487861030140052,0.0,0.0,TRUE_ELASTIC_UNLOADING,2.477474349138476e-05,2.477474349138476e-05,0.0002302834157066,2.572983690276625,0.0002316123307385,355.0,0.9798900102581366,True,True,True,TRUE_ELASTIC_UNLOADING
BH050,266,267,2.6700000762939453,0.6362875513883439,8803,2,1,-103.28463745117188,-102.03472900390624,1.249908447265625,142.3115971057917,140.3338645976659,-2.229590208639469,0.0,0.0,TRUE_ELASTIC_UNLOADING,0.0002768331927648,0.0002768331927648,0.0001607011432759,7.692384782638705,0.0003201623344777,355.0,0.3953066608384954,True,True,True,TRUE_ELASTIC_UNLOADING
BH050,267,268,2.6800007820129395,0.6319666647576092,5809,3,5,-318.9997863769531,-328.5235290527344,0.0,420.2950817668706,403.71657100447874,419.9845765033909,0.0026026964187622,0.0025429110534524,CONTINUED_PLASTIC_LOADING,,,,72.35808202436726,5.708703589065,490.0,0.8239113693968954,True,False,False,CONTINUED_PLASTIC_LOADING
BH050,267,268,2.6800007820129395,0.6319666647576092,8857,1,1,-296.8179931640625,-295.2886657714844,1.529327392578125,339.0059687211412,339.6997741892843,0.6360490338781513,0.0,0.0,ELASTIC_RELOADING,,,,5.516117753564547,0.0002058479174891,355.0,0.9569007723641813,True,False,False,ELASTIC_RELOADING
BH050,267,268,2.6800007820129395,0.6319666647576092,7318,1,1,199.48651123046875,203.80226135253903,0.0,354.87190500225813,354.9562630967612,3.4221713587613847,1.968973083421588e-05,1.715347799755918e-05,CONTINUED_PLASTIC_LOADING,,,,4.322565759382255,0.9319599320430474,355.0,0.9998767974556652,True,False,False,CONTINUED_PLASTIC_LOADING
BH050,267,268,2.6800007820129395,0.6319666647576092,7687,4,5,133.4304962158203,131.82275390625,0.0,149.23046252373317,147.43234113723696,-1.8021527464485143,0.0,0.0,TRUE_ELASTIC_UNLOADING,0.0005714887573936,0.0005714887573936,0.0001571506575269,1.7358513529789317,0.0005930171510823,355.0,0.4153023694006675,True,True,True,TRUE_ELASTIC_UNLOADING
BH050,267,268,2.6800007820129395,0.6319666647576092,6592,3,5,22.0857162475586,26.061317443847656,0.0,123.2623738800662,122.57387181336472,-0.7724890763430804,0.0,0.0,TRUE_ELASTIC_UNLOADING,1.3174240809377125e-05,1.3174240809377125e-05,4.4467745312735885e-05,6.180509699770843,4.637828769320419e-05,355.0,0.3452785121503231,True,True,True,TRUE_ELASTIC_UNLOADING
BH050,267,268,2.6800007820129395,0.6319666647576092,7690,1,1,-283.7369079589844,-281.1334228515625,2.603485107421875,347.8609536416385,347.37010313180195,-0.5018898645778769,0.0,0.0,TRUE_ELASTIC_UNLOADING,0.0001150555143073,0.0001150555143073,0.0001537105209818,2.969207095026472,0.0001920097409221,355.0,0.9785073327656392,True,True,True,TRUE_ELASTIC_UNLOADING
BH050,267,268,2.6800007820129395,0.6319666647576092,8803,2,1,-102.03472900390624,-101.38357543945312,0.651153564453125,140.3338645976659,136.43343683971685,-4.301167363664607,0.0,0.0,TRUE_ELASTIC_UNLOADING,-0.0001518319481517,0.0,0.0004216171303959,6.630129505038493,0.0004481148767252,355.0,0.3843195403935686,True,True,True,TRUE_ELASTIC_UNLOADING
BH050,268,269,2.690000057220459,0.6258943003296836,5809,3,5,-328.5235290527344,-317.0834350585937,11.440093994140623,403.71657100447874,464.4727512326388,488.16207251684455,0.0025901496410369,0.0025734179788736,CONTINUED_PLASTIC_LOADING,,,,134.61399491530543,3.0909909621882448,490.0,0.9479035739441608,True,False,False,CONTINUED_PLASTIC_LOADING_WITH_COMPONENT_DROP
BH050,268,269,2.690000057220459,0.6258943003296836,8857,1,1,-295.2886657714844,-291.72869873046875,3.559967041015625,339.6997741892843,337.8218743868971,-1.901430933322762,0.0,0.0,TRUE_ELASTIC_UNLOADING,0.0011032734033568,0.0011032734033568,0.0008322541006935,5.680455594503704,0.0013829492161464,355.0,0.9516109137659072,True,True,True,TRUE_ELASTIC_UNLOADING
BH050,268,269,2.690000057220459,0.6258943003296836,7318,1,1,203.80226135253903,209.8785552978516,0.0,354.9562630967612,354.8549972117217,3.8416564402043374,2.3531843908131123e-05,2.0331647177749043e-05,CONTINUED_PLASTIC_LOADING,,,,6.078444924855244,0.7929778803677725,355.0,0.9995915414414696,True,False,False,CONTINUED_PLASTIC_LOADING
BH050,268,269,2.690000057220459,0.6258943003296836,7687,4,5,131.82275390625,130.7176055908203,0.0,147.43234113723696,145.94292729100252,-1.491216312216176,0.0,0.0,TRUE_ELASTIC_UNLOADING,0.0003462273915293,0.0003462273915293,9.627404307946786e-05,1.2765281795993486,0.0003594789923762,355.0,0.4111068374394437,True,True,True,TRUE_ELASTIC_UNLOADING
BH050,268,269,2.690000057220459,0.6258943003296836,6592,3,5,26.061317443847656,21.15464401245117,0.0,122.57387181336472,119.57261702031118,-3.095799001037096,0.0,0.0,TRUE_ELASTIC_UNLOADING,-3.868807555029719e-05,0.0,1.3996599645677252e-05,5.826693455277655,4.1140685328540034e-05,355.0,0.3368242732966512,True,True,True,TRUE_ELASTIC_UNLOADING
BH050,268,269,2.690000057220459,0.6258943003296836,7690,1,1,-281.1334228515625,-278.677978515625,2.4554443359375,347.37010313180195,346.3555457967473,-1.0199561996716655,0.0,0.0,TRUE_ELASTIC_UNLOADING,-0.0006666177485081,0.0,0.0001453729526088,2.6349850940353425,0.0006818508949785,355.0,0.97564942477957,True,True,True,TRUE_ELASTIC_UNLOADING
BH050,268,269,2.690000057220459,0.6258943003296836,8803,2,1,-101.38357543945312,-97.72057342529295,3.663002014160156,136.43343683971685,136.29615779653653,-0.6421579465998111,0.0,0.0,TRUE_ELASTIC_UNLOADING,0.0001594370463313,0.0001594370463313,0.0001524379689342,9.260659851881316,0.0002206028407619,355.0,0.3839328388634832,True,True,True,TRUE_ELASTIC_UNLOADING
BH050,269,270,2.700000762939453,0.6217423439026811,5809,3,5,-317.0834350585937,-323.0359191894531,0.0,464.4727512326388,414.98107739484,180.3854903489037,0.0024447441101074,0.0024492690262302,CONTINUED_PLASTIC_LOADING,,,,209.6556559250313,1.892228951524854,490.0,0.846900157948653,True,False,False,CONTINUED_PLASTIC_LOADING
BH050,269,270,2.700000762939453,0.6217423439026811,8857,1,1,-291.72869873046875,-290.7651672363281,0.963531494140625,337.8218743868971,337.89600164029355,0.0660850558874912,0.0,0.0,ELASTIC_RELOADING,,,,1.9051391963896025,0.0008210941093816,355.0,0.9518197229304044,True,False,False,ELASTIC_RELOADING
BH050,269,270,2.700000762939453,0.6217423439026811,7318,1,1,209.8785552978516,212.94371032714844,0.0,354.8549972117217,354.9300957185222,3.0967024886986,1.7992279026657343e-05,1.5434850090711855e-05,CONTINUED_PLASTIC_LOADING,,,,3.0700313170416247,1.2013668849059882,355.0,0.9998030865310484,True,False,False,CONTINUED_PLASTIC_LOADING
BH050,269,270,2.700000762939453,0.6217423439026811,7687,4,5,130.7176055908203,129.85546875,0.0,145.94292729100252,144.53246456288767,-1.413684433531708,0.0,0.0,TRUE_ELASTIC_UNLOADING,0.0003493172304935,0.0003493172304935,0.0003478416010876,1.230133849107552,0.0004930533368508,355.0,0.4071337029940498,True,True,True,TRUE_ELASTIC_UNLOADING
BH050,269,270,2.700000762939453,0.6217423439026811,6592,3,5,21.15464401245117,17.00624656677246,0.0,119.57261702031118,116.9700652955873,-2.70035529475274,0.0,0.0,TRUE_ELASTIC_UNLOADING,4.494764398432771e-05,4.494764398432771e-05,4.639765385609155e-05,4.592679926711453,6.460042387484512e-05,355.0,0.3294931416777107,True,True,True,TRUE_ELASTIC_UNLOADING
BH050,269,270,2.700000762939453,0.6217423439026811,7690,1,1,-278.677978515625,-276.1012878417969,2.576690673828125,346.3555457967473,345.7052186583056,-0.6615846310595699,0.0,0.0,TRUE_ELASTIC_UNLOADING,0.0008179704669397,0.0008179704669397,0.0004457614468998,3.254322340165292,0.0009321345102125,355.0,0.9738175173473398,True,True,True,TRUE_ELASTIC_UNLOADING
BH050,269,270,2.700000762939453,0.6217423439026811,8803,2,1,-97.72057342529295,-96.70748138427734,1.013092041015625,136.29615779653653,134.80846442605963,-1.4882993983591168,0.0,0.0,TRUE_ELASTIC_UNLOADING,0.0003477673105112,0.0003477673105112,0.0002012313499124,1.957431081727544,0.0004018958957925,355.0,0.379742153312844,True,True,True,TRUE_ELASTIC_UNLOADING
BH050,270,271,2.7100000381469727,0.6198002543617834,5809,3,5,-323.0359191894531,-357.00762939453125,0.0,414.98107739484,475.7813095869337,491.3321969687396,0.0023378431797027,0.0023140115134581,CONTINUED_PLASTIC_LOADING,,,,66.29099904068251,5.668573700137129,490.0,0.97098226446313,True,False,False,CONTINUED_PLASTIC_LOADING
BH050,270,271,2.7100000381469727,0.6198002543617834,8857,1,1,-290.7651672363281,-286.8062744140625,3.958892822265625,337.89600164029355,332.4604303233216,-5.537115536092208,0.0,0.0,TRUE_ELASTIC_UNLOADING,0.0002238871771161,0.0002238871771161,0.0003847541605382,11.715131345389866,0.0004451782532771,355.0,0.9365082544318918,True,True,True,TRUE_ELASTIC_UNLOADING
BH050,270,271,2.7100000381469727,0.6198002543617834,7318,1,1,212.94371032714844,213.2511138916016,0.0,354.9300957185222,354.7751287324209,1.6825702211533604,1.0938209015876056e-05,9.350695661546138e-06,CONTINUED_PLASTIC_LOADING,,,,0.362850270468463,6.1764403837134,355.0,0.9993665598096364,True,False,False,CONTINUED_PLASTIC_LOADING
BH050,270,271,2.7100000381469727,0.6198002543617834,7687,4,5,129.85546875,128.61419677734375,0.0,144.53246456288767,142.55683774840958,-1.97828452913816,0.0,0.0,TRUE_ELASTIC_UNLOADING,-2.5358144404741267e-05,0.0,7.629012033415752e-05,1.592085834455869,8.039394983690688e-05,355.0,0.4015685570377734,True,True,True,TRUE_ELASTIC_UNLOADING
BH050,270,271,2.7100000381469727,0.6198002543617834,6592,3,5,17.00624656677246,19.05658912658692,0.0,116.9700652955873,116.19402020090712,-0.7992985786282704,0.0,0.0,TRUE_ELASTIC_UNLOADING,-0.0001147568351882,0.0,3.819863444335813e-05,3.3749702061285034,0.0001209348848483,355.0,0.3273070991574848,True,True,True,TRUE_ELASTIC_UNLOADING
BH050,270,271,2.7100000381469727,0.6198002543617834,7690,1,1,-276.1012878417969,-273.3675537109375,2.733734130859375,345.7052186583056,344.2042005440864,-1.505818678728558,0.0,0.0,TRUE_ELASTIC_UNLOADING,-0.0004860358576894,0.0,0.0002300273264136,3.112338988764765,0.0005375071651619,355.0,0.9695892973072856,True,True,True,TRUE_ELASTIC_UNLOADING
BH050,270,271,2.7100000381469727,0.6198002543617834,8803,2,1,-96.70748138427734,-96.39993286132812,0.3075485229492187,134.80846442605963,136.0259239634976,1.1892836989184747,0.0,0.0,ELASTIC_RELOADING,,,,2.832350446063996,0.0008297973362895,355.0,0.3831716167985848,True,False,False,ELASTIC_RELOADING
BH050,271,272,2.720000743865967,0.6176054817085858,5809,3,5,-357.00762939453125,-340.92047119140625,16.087158203125,475.7813095869337,426.8927742307667,396.2382032756304,0.0025596618652343,0.0025459488063381,CONTINUED_PLASTIC_LOADING,,,,62.604153601038576,6.614879892104928,490.0,0.8712097433280953,True,False,False,CONTINUED_PLASTIC_LOADING_WITH_COMPONENT_DROP
BH050,271,272,2.720000743865967,0.6176054817085858,8857,1,1,-286.8062744140625,-288.7836608886719,0.0,332.4604303233216,336.2164987145923,3.6838054498440433,0.0,0.0,ELASTIC_RELOADING,,,,8.76358138029891,0.0002551850635878,355.0,0.9470887287734996,True,False,False,ELASTIC_RELOADING
BH050,271,272,2.720000743865967,0.6176054817085858,7318,1,1,213.2511138916016,216.6676177978516,0.0,354.7751287324209,354.84071303071755,2.277534310026536,1.3283686712384224e-05,1.132179175471101e-05,CONTINUED_PLASTIC_LOADING,,,,3.4193004631214565,0.7964474816713839,355.0,0.9995513043118804,True,False,False,CONTINUED_PLASTIC_LOADING
BH050,271,272,2.720000743865967,0.6176054817085858,7687,4,5,128.61419677734375,128.33053588867188,0.0,142.55683774840958,141.95076367860108,-0.6088851652745861,0.0,0.0,TRUE_ELASTIC_UNLOADING,9.064892503296562e-05,9.064892503296562e-05,0.0005620750249276,0.8956617091288667,0.0005693391200162,355.0,0.3998613061369044,True,True,False,TRUE_ELASTIC_UNLOADING
BH050,271,272,2.720000743865967,0.6176054817085858,6592,3,5,19.05658912658692,20.06411933898925,0.0,116.19402020090712,116.78941852648524,0.5065393491324419,0.0,0.0,ELASTIC_RELOADING,,,,3.32541367519116,0.0001857284225496,355.0,0.328984277539395,True,False,False,ELASTIC_RELOADING
BH050,271,272,2.720000743865967,0.6176054817085858,7690,1,1,-273.3675537109375,-271.0055236816406,2.362030029296875,344.2042005440864,343.8967587543193,-0.318119360086299,0.0,0.0,TRUE_ELASTIC_UNLOADING,0.0001789143836828,0.0001789143836828,0.0003234020496886,2.869796707658363,0.0003696088445491,355.0,0.968723264096674,True,True,True,TRUE_ELASTIC_UNLOADING
BH050,271,272,2.720000743865967,0.6176054817085858,8803,2,1,-96.39993286132812,-94.2762451171875,2.123687744140625,136.0259239634976,127.08727689067618,-9.048341287212937,0.0,0.0,TRUE_ELASTIC_UNLOADING,4.549767835659857e-05,4.549767835659857e-05,0.0001045005449646,9.273251664951925,0.0001139762736087,355.0,0.3579923292695103,True,True,True,TRUE_ELASTIC_UNLOADING
BH050,272,273,2.7300000190734863,0.6142183781394642,5809,3,5,-340.92047119140625,-331.4878234863281,9.432647705078123,426.8927742307667,406.97062392412965,419.0008149253349,0.0023243129253387,0.0023424527864094,CONTINUED_PLASTIC_LOADING,,,,45.53050406872737,8.378566295952666,490.0,0.8305522937227136,True,False,False,CONTINUED_PLASTIC_LOADING_WITH_COMPONENT_DROP
BH050,272,273,2.7300000190734863,0.6142183781394642,8857,1,1,-288.7836608886719,-287.7695617675781,1.01409912109375,336.2164987145923,338.7878600090641,2.5286536087550653,0.0,0.0,ELASTIC_RELOADING,,,,4.365525276190078,0.0007089865091478,355.0,0.9543320000255326,True,False,False,ELASTIC_RELOADING
BH050,272,273,2.7300000190734863,0.6142183781394642,7318,1,1,216.6676177978516,219.4100341796875,0.0,354.84071303071755,354.7891542568342,2.388693776899068,1.4661811292171478e-05,1.243589371776356e-05,CONTINUED_PLASTIC_LOADING,,,,2.7562944479977918,1.091740832921046,355.0,0.9994060683291104,True,False,False,CONTINUED_PLASTIC_LOADING
BH050,272,273,2.7300000190734863,0.6142183781394642,7687,4,5,128.33053588867188,127.95409393310548,0.0,141.95076367860108,140.6555713945835,-1.301003198368634,0.0,0.0,TRUE_ELASTIC_UNLOADING,-1.0851502663111743e-05,0.0,0.0001306418790927,1.3048105176406888,0.0001310917802104,355.0,0.3962128771678408,True,True,True,TRUE_ELASTIC_UNLOADING
BH050,272,273,2.7300000190734863,0.6142183781394642,6592,3,5,20.06411933898925,21.88980484008789,0.0,116.78941852648524,115.59471361278386,-1.2438943440972854,0.0,0.0,TRUE_ELASTIC_UNLOADING,5.6302578455458274e-05,5.6302578455458274e-05,2.616158453572547e-05,4.272681177820407,6.208676133710825e-05,355.0,0.3256189115853066,True,True,True,TRUE_ELASTIC_UNLOADING
BH050,272,273,2.7300000190734863,0.6142183781394642,7690,1,1,-271.0055236816406,-269.0945129394531,1.9110107421875,343.8967587543193,342.9159171053928,-0.9830684725079376,0.0,0.0,TRUE_ELASTIC_UNLOADING,-0.0008315831339757,0.0,0.0006797014705517,2.4530007049368217,0.0010734875808826,355.0,0.965960329874346,True,True,True,TRUE_ELASTIC_UNLOADING
BH050,272,273,2.7300000190734863,0.6142183781394642,8803,2,1,-94.2762451171875,-94.38417053222656,0.0,127.08727689067618,129.1429708544265,2.02741309174211,0.0,0.0,ELASTIC_RELOADING,,,,2.102303554847868,0.0006922001595109,355.0,0.3637830164913422,True,False,False,ELASTIC_RELOADING
BH050,273,274,2.7400007247924805,0.6112950910664651,5809,3,5,-331.4878234863281,-352.7240905761719,0.0,406.97062392412965,460.39624079292577,477.3863528526615,0.0023186802864074,0.0023271740105097,CONTINUED_PLASTIC_LOADING,,,,91.2650206825784,4.1540228666709424,490.0,0.939584164883522,True,False,False,CONTINUED_PLASTIC_LOADING
BH050,273,274,2.7400007247924805,0.6112950910664651,8857,1,1,-287.7695617675781,-286.8937072753906,0.8758544921875,338.7878600090641,336.2492676652429,-2.543392109155518,0.0,0.0,TRUE_ELASTIC_UNLOADING,0.0005044423738542,0.0005044423738542,0.0006371130555131,2.3392900672582138,0.0008127926907865,355.0,0.9471810356767404,True,True,True,TRUE_ELASTIC_UNLOADING
BH050,273,274,2.7400007247924805,0.6112950910664651,7318,1,1,219.4100341796875,221.7295379638672,0.0,354.7891542568342,354.9563855519024,2.3773784043559845,1.3317796401679516e-05,1.1255050468689948e-05,CONTINUED_PLASTIC_LOADING,,,,2.3240058512567634,1.1754281477438306,355.0,0.999877142399725,True,False,False,CONTINUED_PLASTIC_LOADING
BH050,273,274,2.7400007247924805,0.6112950910664651,7687,4,5,127.95409393310548,127.0536117553711,0.0,140.6555713945835,138.90959638911684,-1.74973954624727,0.0,0.0,TRUE_ELASTIC_UNLOADING,-0.0001010774567227,0.0,0.0001532042015998,1.3898525517262068,0.0001835377837147,355.0,0.391294637715822,True,True,True,TRUE_ELASTIC_UNLOADING
BH050,273,274,2.7400007247924805,0.6112950910664651,6592,3,5,21.88980484008789,17.077756881713867,0.0,115.59471361278386,114.9647764873267,-0.7037013324425462,0.0,0.0,TRUE_ELASTIC_UNLOADING,-2.4818873619381066e-05,0.0,3.330056646314372e-05,5.328372917396875,4.153159829976654e-05,355.0,0.3238444408093709,True,True,True,TRUE_ELASTIC_UNLOADING
BH050,273,274,2.7400007247924805,0.6112950910664651,7690,1,1,-269.0945129394531,-267.0172119140625,2.077301025390625,342.9159171053928,342.03314543506855,-0.8866291427982715,0.0,0.0,TRUE_ELASTIC_UNLOADING,-0.0002710502897533,0.0,5.725041502956398e-05,2.585308789635146,0.0002769585844664,355.0,0.9634736491128691,True,True,True,TRUE_ELASTIC_UNLOADING
BH050,273,274,2.7400007247924805,0.6112950910664651,8803,2,1,-94.38417053222656,-93.41246795654295,0.9717025756835938,129.1429708544265,127.91114266863124,-1.2445441263465906,0.0,0.0,TRUE_ELASTIC_UNLOADING,0.0003377610148457,0.0003377610148457,0.0002437211422943,1.5172942006973362,0.0004166048442115,355.0,0.3603130779398063,True,True,True,TRUE_ELASTIC_UNLOADING
BH050,274,275,2.75,0.6095153035276923,5809,3,5,-352.7240905761719,-342.0526123046875,10.671478271484377,460.39624079292577,465.7904753683792,465.2398514691874,0.0025470554828643,0.0025485032157517,CONTINUED_PLASTIC_LOADING,,,,21.49058709718456,19.355375109655665,490.0,0.9505928068742432,True,False,False,CONTINUED_PLASTIC_LOADING_WITH_COMPONENT_DROP
BH050,274,275,2.75,0.6095153035276923,8857,1,1,-286.8937072753906,-283.8504638671875,3.043243408203125,336.2492676652429,337.2238145830413,0.8374903160474676,0.0,0.0,ELASTIC_RELOADING,,,,9.778765683493225,0.0001384383673739,355.0,0.9499262382620882,True,False,False,ELASTIC_RELOADING
BH050,274,275,2.75,0.6095153035276923,7318,1,1,221.7295379638672,223.41717529296875,0.0,354.9563855519024,354.814460295872,2.570326627832415,1.63592048920691e-05,1.3766933972866983e-05,CONTINUED_PLASTIC_LOADING,,,,1.720862653737636,1.9517965187488016,355.0,0.9994773529461184,True,False,False,CONTINUED_PLASTIC_LOADING
BH050,274,275,2.75,0.6095153035276923,7687,4,5,127.0536117553711,125.73571014404295,0.0,138.90959638911684,137.1738328083292,-1.7435180718522825,0.0,0.0,TRUE_ELASTIC_UNLOADING,0.0001244125575348,0.0001244125575348,0.0001376958876824,1.7724935709314422,0.000185586889246,355.0,0.3864051628403639,True,True,True,TRUE_ELASTIC_UNLOADING
BH050,274,275,2.75,0.6095153035276923,6592,3,5,17.077756881713867,15.690922737121582,0.0,114.9647764873267,114.24379077522931,-0.7513939058783222,0.0,0.0,TRUE_ELASTIC_UNLOADING,4.606961063002846e-05,4.606961063002846e-05,2.45539407069282e-05,2.5044775170886675,5.220632581565172e-05,355.0,0.321813495141491,True,True,True,TRUE_ELASTIC_UNLOADING
BH050,274,275,2.75,0.6095153035276923,7690,1,1,-267.0172119140625,-265.41656494140625,1.60064697265625,342.03314543506855,341.316027281603,-0.7205027784014116,0.0,0.0,TRUE_ELASTIC_UNLOADING,0.0003766310264329,0.0003766310264329,0.0001556481945638,2.12293511302034,0.0004076569636384,355.0,0.9614535979763464,True,True,True,TRUE_ELASTIC_UNLOADING
BH050,274,275,2.75,0.6095153035276923,8803,2,1,-93.41246795654295,-91.9912338256836,1.421234130859375,127.91114266863124,128.61870541926947,0.6243520338591366,0.0,0.0,ELASTIC_RELOADING,,,,3.3048210482563816,0.0002158970259908,355.0,0.3623062124486464,True,False,False,ELASTIC_RELOADING
BH050,275,276,2.760000705718994,0.6064148985630209,5809,3,5,-342.0526123046875,-343.5492248535156,0.0,465.7904753683792,453.8542462779285,433.17334669851687,0.0025141239166259,0.002518635812497,CONTINUED_PLASTIC_LOADING,,,,20.60107284225578,19.93607140556146,490.0,0.9262331556692418,True,False,False,CONTINUED_PLASTIC_LOADING
BH050,275,276,2.760000705718994,0.6064148985630209,8857,1,1,-283.8504638671875,-282.811767578125,1.0386962890625,337.2238145830413,334.78053905989594,-2.4699206572428376,0.0,0.0,TRUE_ELASTIC_UNLOADING,-4.072979174885028e-05,0.0,0.0020318320144826,3.274071337943948,0.0020322401690529,355.0,0.9430437719997068,True,True,True,TRUE_ELASTIC_UNLOADING
BH050,275,276,2.760000705718994,0.6064148985630209,7318,1,1,223.41717529296875,226.5662841796875,0.0,354.814460295872,354.6155681557339,2.901541925357781,1.8821621779352427e-05,1.5774858289019607e-05,CONTINUED_PLASTIC_LOADING,,,,3.1890648301702527,1.211958948299418,355.0,0.9989170933964336,True,False,False,CONTINUED_PLASTIC_LOADING
BH050,275,276,2.760000705718994,0.6064148985630209,7687,4,5,125.73571014404295,125.50553894042967,0.0,137.1738328083292,135.95788443556364,-1.223428436282033,0.0,0.0,TRUE_ELASTIC_UNLOADING,-5.870118521045242e-05,0.0,0.0005071308570172,1.3095390569691878,0.0005105165321084,355.0,0.3829799561565173,True,True,True,TRUE_ELASTIC_UNLOADING
BH050,275,276,2.760000705718994,0.6064148985630209,6592,3,5,15.690922737121582,18.3287353515625,0.0,114.24379077522931,114.0461872255374,-0.3752488402921976,0.0,0.0,TRUE_ELASTIC_UNLOADING,-1.7600479458090845e-05,0.0,3.1399455053705934e-05,6.41840095962294,3.599572091167558e-05,355.0,0.321256865424049,True,True,True,TRUE_ELASTIC_UNLOADING
BH050,275,276,2.760000705718994,0.6064148985630209,7690,1,1,-265.41656494140625,-263.2467346191406,2.169830322265625,341.316027281603,340.55893564174096,-0.7607061674206945,0.0,0.0,TRUE_ELASTIC_UNLOADING,0.0003500284311327,0.0003500284311327,0.0005179718115219,2.571640891190053,0.0006252203466879,355.0,0.9593209454696928,True,True,True,TRUE_ELASTIC_UNLOADING
BH050,275,276,2.760000705718994,0.6064148985630209,8803,2,1,-91.9912338256836,-89.70065307617188,2.2905807495117188,128.61870541926947,125.4081800386464,-3.323140559817323,0.0,0.0,TRUE_ELASTIC_UNLOADING,-0.0005845602899074,0.0,0.0001365882151326,7.071834934715342,0.0005999732615703,355.0,0.3532624789821025,True,True,True,TRUE_ELASTIC_UNLOADING
BH050,276,277,2.7699999809265137,0.602893613677266,5809,3,5,-343.5492248535156,-347.387451171875,0.0,453.8542462779285,435.4833040618585,332.9931811088283,0.0024804770946502,0.0024885022775743,CONTINUED_PLASTIC_LOADING,,,,178.30460102750465,2.273283593841441,490.0,0.8887414368609358,True,False,False,CONTINUED_PLASTIC_LOADING
BH050,276,277,2.7699999809265137,0.602893613677266,8857,1,1,-282.811767578125,-281.768310546875,1.04345703125,334.78053905989594,337.05912047522577,2.257532696366696,0.0,0.0,ELASTIC_RELOADING,,,,2.662806915485983,9.806051695134496e-05,355.0,0.9494623111978192,True,False,False,ELASTIC_RELOADING
BH050,276,277,2.7699999809265137,0.602893613677266,7318,1,1,226.5662841796875,229.3372039794922,0.0,354.6155681557339,354.6328328568634,2.8465850164864537,1.7233483958989382e-05,1.4374872288738518e-05,CONTINUED_PLASTIC_LOADING,,,,2.7798797551817582,1.272960787205052,355.0,0.9989657263573616,True,False,False,CONTINUED_PLASTIC_LOADING
BH050,276,277,2.7699999809265137,0.602893613677266,7687,4,5,125.50553894042967,124.68123626708984,0.0,135.95788443556364,134.30317591709226,-1.6595928557184234,0.0,0.0,TRUE_ELASTIC_UNLOADING,-0.0002150062599781,0.0,0.0001744913768901,1.4088563637834326,0.0002768664996005,355.0,0.3783188054002599,True,True,True,TRUE_ELASTIC_UNLOADING
BH050,276,277,2.7699999809265137,0.602893613677266,6592,3,5,18.3287353515625,15.351635932922363,0.0,114.0461872255374,112.4432745317905,-1.8817279115190544,0.0,0.0,TRUE_ELASTIC_UNLOADING,-3.0810673777859066e-05,0.0,2.850418955161786e-05,7.004620237214565,4.197294237784374e-05,355.0,0.3167416183994098,True,True,True,TRUE_ELASTIC_UNLOADING
BH050,276,277,2.7699999809265137,0.602893613677266,7690,1,1,-263.2467346191406,-260.9427490234375,2.303985595703125,340.55893564174096,339.6977198042927,-0.8648373194279956,0.0,0.0,TRUE_ELASTIC_UNLOADING,-0.0005011665635941,0.0,0.0004740037154657,2.7464469032107743,0.0006896345600218,355.0,0.9568949853642048,True,True,True,TRUE_ELASTIC_UNLOADING
BH050,276,277,2.7699999809265137,0.602893613677266,8803,2,1,-89.70065307617188,-88.19544982910156,1.5052032470703125,125.4081800386464,122.14755201476784,-3.286616278618164,0.0,0.0,TRUE_ELASTIC_UNLOADING,-0.0005845991323378,0.0,0.0011285132697478,3.151657145022196,0.0012707866409002,355.0,0.3440776113092051,True,True,True,TRUE_ELASTIC_UNLOADING
BH050,277,278,2.780000686645508,0.5996405000220116,5809,3,5,-347.387451171875,-345.1578063964844,2.229644775390625,435.4833040618585,421.9487491508205,424.54088888478736,0.0026827156543731,0.0026851227625697,CONTINUED_PLASTIC_LOADING,,,,115.80886274673666,3.781320075505065,490.0,0.8611198962261642,True,False,False,CONTINUED_PLASTIC_LOADING_WITH_COMPONENT_DROP
BH050,277,278,2.780000686645508,0.5996405000220116,8857,1,1,-281.768310546875,-280.1987609863281,1.569549560546875,337.05912047522577,337.2739291279991,0.19834854072978,0.0,0.0,ELASTIC_RELOADING,,,,2.534565209086088,0.0006045212940649,355.0,0.9500674059943636,True,False,False,ELASTIC_RELOADING
BH050,277,278,2.780000686645508,0.5996405000220116,7318,1,1,229.3372039794922,231.8014373779297,0.0,354.6328328568634,354.75055322035286,3.2846369317576767,1.932610757648945e-05,1.604114612730254e-05,CONTINUED_PLASTIC_LOADING,,,,2.467130061490805,1.6095693551091546,355.0,0.9992973330150784,True,False,False,CONTINUED_PLASTIC_LOADING
BH050,277,278,2.780000686645508,0.5996405000220116,7687,4,5,124.68123626708984,124.99701690673828,0.0,134.30317591709226,133.891363624171,-0.4168855887413945,0.0,0.0,TRUE_ELASTIC_UNLOADING,9.723592197485864e-05,9.723592197485864e-05,0.0005278466351064,1.2856666230645073,0.0005367296595935,355.0,0.3771587707723126,True,True,True,TRUE_ELASTIC_UNLOADING
BH050,277,278,2.780000686645508,0.5996405000220116,6592,3,5,15.351635932922363,16.232669830322266,0.0,112.4432745317905,110.92431269174747,-1.6628282654804822,0.0,0.0,TRUE_ELASTIC_UNLOADING,1.1874916137077918e-06,1.1874916137077918e-06,5.31221422326591e-05,5.508889857968055,5.31354096619593e-05,355.0,0.3124628526528097,True,True,True,TRUE_ELASTIC_UNLOADING
BH050,277,278,2.780000686645508,0.5996405000220116,7690,1,1,-260.9427490234375,-258.5862731933594,2.356475830078125,339.6977198042927,338.80378849126595,-0.9010234493129048,0.0,0.0,TRUE_ELASTIC_UNLOADING,7.519826982771427e-06,7.519826982771427e-06,0.0003294015049282,2.883544611856142,0.0003294873293008,355.0,0.9543768689894816,True,True,True,TRUE_ELASTIC_UNLOADING
BH050,277,278,2.780000686645508,0.5996405000220116,8803,2,1,-88.19544982910156,-87.1488265991211,1.0466232299804688,122.14755201476784,120.10851702097264,-2.0697568007962817,0.0,0.0,TRUE_ELASTIC_UNLOADING,4.2505905902823216e-05,4.2505905902823216e-05,0.0005635552263745,2.192686782098596,0.0005651560866572,355.0,0.3383338507633032,True,True,True,TRUE_ELASTIC_UNLOADING
BH050,278,279,2.789999961853028,0.5966785649209346,5809,3,5,-345.1578063964844,-336.2957763671875,8.862030029296875,421.9487491508205,408.6881097553766,481.1922297140231,0.0026103258132934,0.0026201730745412,CONTINUED_PLASTIC_LOADING,,,,50.57637020285272,8.45460283473305,490.0,0.8340573668477074,True,False,False,CONTINUED_PLASTIC_LOADING_WITH_COMPONENT_DROP
BH050,278,279,2.789999961853028,0.5966785649209346,8857,1,1,-280.1987609863281,-280.1010131835937,0.097747802734375,337.2739291279991,337.11354056139714,-0.1861722451747872,0.0,0.0,TRUE_ELASTIC_UNLOADING,-0.0001603549200133,0.0,0.0007556899830742,3.973368532742094,0.0007725107075268,355.0,0.9496156072152032,True,True,True,TRUE_ELASTIC_UNLOADING
BH050,278,279,2.789999961853028,0.5966785649209346,7318,1,1,231.8014373779297,234.4460601806641,0.0,354.75055322035286,354.80810719804964,2.4223017682931216,1.449231058359146e-05,1.1982954954985512e-05,CONTINUED_PLASTIC_LOADING,,,,2.65215639161668,1.123645651169461,355.0,0.9994594568959144,True,False,False,CONTINUED_PLASTIC_LOADING
BH050,278,279,2.789999961853028,0.5966785649209346,7687,4,5,124.99701690673828,124.7108917236328,0.0,133.891363624171,132.63943385254632,-1.2596647250558926,0.0,0.0,TRUE_ELASTIC_UNLOADING,9.693142266176125e-05,9.693142266176125e-05,0.0001216294805743,1.3040839605002663,0.000155535371943,355.0,0.3736322080353417,True,True,True,TRUE_ELASTIC_UNLOADING
BH050,278,279,2.789999961853028,0.5966785649209346,6592,3,5,16.232669830322266,13.79286003112793,0.0,110.92431269174747,109.67184761435924,-1.2732043502384094,0.0,0.0,TRUE_ELASTIC_UNLOADING,-3.399189242858647e-05,0.0,9.168887985445166e-05,2.6989875250054256,9.77866056603772e-05,355.0,0.3089347820122795,True,True,True,TRUE_ELASTIC_UNLOADING
BH050,278,279,2.789999961853028,0.5966785649209346,7690,1,1,-258.5862731933594,-256.5535888671875,2.032684326171875,338.80378849126595,337.8517738127385,-0.9550405742944572,0.0,0.0,TRUE_ELASTIC_UNLOADING,-0.0006607587707014,0.0,0.0002343485588636,2.269378226330071,0.0007006746544413,355.0,0.9516951375006718,True,True,True,TRUE_ELASTIC_UNLOADING
BH050,278,279,2.789999961853028,0.5966785649209346,8803,2,1,-87.1488265991211,-85.11376190185547,2.035064697265625,120.10851702097264,115.97543308684654,-4.153840235526931,0.0,0.0,TRUE_ELASTIC_UNLOADING,0.0001728381877152,0.0001728381877152,9.918334702031246e-06,5.668802146206409,0.0001731523629963,355.0,0.3266913608080184,True,True,True,TRUE_ELASTIC_UNLOADING
BH050,279,280,2.800000667572021,0.5927013202775346,5809,3,5,-336.2957763671875,-331.0797424316406,5.216033935546875,408.6881097553766,473.4199677181941,489.2765913544267,0.0025123655796051,0.0025395691401468,CONTINUED_PLASTIC_LOADING,,,,136.77106930450483,3.0267742404273803,490.0,0.9661631994248858,True,False,False,CONTINUED_PLASTIC_LOADING_WITH_COMPONENT_DROP
BH050,279,280,2.800000667572021,0.5927013202775346,8857,1,1,-280.1010131835937,-277.2897033691406,2.811309814453125,337.11354056139714,337.8361291510989,0.6853231630629084,0.0,0.0,ELASTIC_RELOADING,,,,4.870317548879826,0.0003876916667226,355.0,0.9516510680312644,True,False,False,ELASTIC_RELOADING
BH050,279,280,2.800000667572021,0.5927013202775346,7318,1,1,234.4460601806641,236.9342193603516,0.0,354.80810719804964,354.76882497558336,2.8148205428720785,1.7533195205032825e-05,1.4437660782451792e-05,CONTINUED_PLASTIC_LOADING,,,,2.5163327639778257,1.433391373893303,355.0,0.999348802748122,True,False,False,CONTINUED_PLASTIC_LOADING
BH050,279,280,2.800000667572021,0.5927013202775346,7687,4,5,124.7108917236328,124.76343536376952,0.0,132.63943385254632,132.35181510228574,-0.292164719539887,0.0,0.0,TRUE_ELASTIC_UNLOADING,5.6274797446298486e-05,5.6274797446298486e-05,0.0001517871056657,1.109401755427174,0.0001618843303411,355.0,0.3728220143726359,True,True,True,TRUE_ELASTIC_UNLOADING
BH050,279,280,2.800000667572021,0.5927013202775346,6592,3,5,13.79286003112793,13.097722053527832,0.0,109.67184761435924,107.90429617422912,-1.8044443633665963,0.0,0.0,TRUE_ELASTIC_UNLOADING,1.1311628929977502e-05,1.1311628929977502e-05,8.95401168453285e-05,2.104226767134897,9.025181514791884e-05,355.0,0.3039557638710679,True,True,True,TRUE_ELASTIC_UNLOADING
BH050,279,280,2.800000667572021,0.5927013202775346,7690,1,1,-256.5535888671875,-254.30520629882807,2.248382568359375,337.8517738127385,336.9636296615738,-0.8933711526753408,0.0,0.0,TRUE_ELASTIC_UNLOADING,-0.0003126771284589,0.0,0.0002045445206662,2.9293201429601563,0.0003735563308094,355.0,0.9491933229903488,True,True,True,TRUE_ELASTIC_UNLOADING
BH050,279,280,2.800000667572021,0.5927013202775346,8803,2,1,-85.11376190185547,-84.91524505615234,0.198516845703125,115.97543308684654,118.51818050007442,2.5098531397680293,0.0,0.0,ELASTIC_RELOADING,,,,2.512693453364452,0.000544523432972,355.0,0.3338540295776744,True,False,False,ELASTIC_RELOADING
BH050,280,281,2.809999942779541,0.5890445695274736,5809,3,5,-331.0797424316406,-357.5296325683594,0.0,473.4199677181941,429.599497107345,263.54727736294217,0.0022172331809997,0.0022665295676041,CONTINUED_PLASTIC_LOADING,,,,126.68712809054104,2.921047319156652,490.0,0.8767336675660101,True,False,False,CONTINUED_PLASTIC_LOADING
BH050,280,281,2.809999942779541,0.5890445695274736,8857,1,1,-277.2897033691406,-275.8167724609375,1.472930908203125,337.8361291510989,336.36394881316204,-1.4796682641718752,0.0,0.0,TRUE_ELASTIC_UNLOADING,0.0017523597167419,0.0017523597167419,0.0012709455601579,1.7847558129735537,0.0021672223532941,355.0,0.9475040811638368,True,True,True,TRUE_ELASTIC_UNLOADING
BH050,280,281,2.809999942779541,0.5890445695274736,7318,1,1,236.9342193603516,239.18487548828125,0.0,354.76882497558336,354.97191352560503,2.310163849136893,1.3002543710172176e-05,1.066779367227418e-05,CONTINUED_PLASTIC_LOADING,,,,2.253346430827097,1.1855574031327154,355.0,0.9999208831707184,True,False,False,CONTINUED_PLASTIC_LOADING
BH050,280,281,2.809999942779541,0.5890445695274736,7687,4,5,124.76343536376952,124.6015625,0.0,132.35181510228574,131.1487646977031,-1.2133013073886336,0.0,0.0,TRUE_ELASTIC_UNLOADING,-9.578919982544676e-05,0.0,0.0002061882956553,1.512532353820213,0.0002273486820498,355.0,0.3694331399935298,True,True,True,TRUE_ELASTIC_UNLOADING
BH050,280,281,2.809999942779541,0.5890445695274736,6592,3,5,13.097722053527832,15.122955322265623,0.0,107.90429617422912,107.93901611227348,-0.1289805262363637,0.0,0.0,AMBIGUOUS,,,,5.590483435833391,5.361992837470171e-05,355.0,0.3040535665134464,True,False,False,AMBIGUOUS
BH050,280,281,2.809999942779541,0.5890445695274736,7690,1,1,-254.30520629882807,-252.0196990966797,2.285507202148437,336.9636296615738,335.4274650873759,-1.5396368585785034,0.0,0.0,TRUE_ELASTIC_UNLOADING,-6.204966392941991e-05,0.0,0.0003559350173855,2.619747180437331,0.0003613023938432,355.0,0.9448660988376786,True,True,True,TRUE_ELASTIC_UNLOADING
BH050,280,281,2.809999942779541,0.5890445695274736,8803,2,1,-84.91524505615234,-81.84252166748047,3.072723388671875,118.51818050007442,113.07947958180802,-5.485326441574918,0.0,0.0,TRUE_ELASTIC_UNLOADING,0.00065769279184,0.00065769279184,9.002502260712362e-05,7.848301701587881,0.0006642543609025,355.0,0.3185337453008676,True,True,True,TRUE_ELASTIC_UNLOADING
BH050,281,282,2.8200011253356934,0.58641055725661,5809,3,5,-357.5296325683594,-342.6116638183594,14.91796875,429.599497107345,458.4068174277441,476.1731576661159,0.0024490058422088,0.0024922603843353,CONTINUED_PLASTIC_LOADING,,,,95.29522708780055,4.275224874586478,490.0,0.9355241171994778,True,False,False,CONTINUED_PLASTIC_LOADING_WITH_COMPONENT_DROP
BH050,281,282,2.8200011253356934,0.58641055725661,8857,1,1,-275.8167724609375,-277.8033447265625,0.0,336.36394881316204,340.2892786484228,3.74956869499272,0.0,0.0,ELASTIC_RELOADING,,,,12.610980993423953,0.0001591867179854,355.0,0.9585613483054164,True,False,False,ELASTIC_RELOADING
BH050,281,282,2.8200011253356934,0.58641055725661,7318,1,1,239.18487548828125,242.0150451660156,0.0,354.97191352560503,354.6797532723264,1.6453047453352256,1.2023723684251308e-05,9.823411697124877e-06,CONTINUED_PLASTIC_LOADING,,,,2.965169468353147,0.8350258734769141,355.0,0.9990978965417646,True,False,False,CONTINUED_PLASTIC_LOADING
BH050,281,282,2.8200011253356934,0.58641055725661,7687,4,5,124.6015625,123.10053253173828,0.0,131.1487646977031,128.72385214715484,-2.4344866149185265,0.0,0.0,TRUE_ELASTIC_UNLOADING,0.0003434536817402,0.0003434536817402,0.0005919990653877,2.0485217696704963,0.0006844737758816,355.0,0.3626024004145207,True,True,True,TRUE_ELASTIC_UNLOADING
BH050,281,282,2.8200011253356934,0.58641055725661,6592,3,5,15.122955322265623,13.100425720214844,0.0,107.93901611227348,107.00795193656604,-1.1816008959126338,0.0,0.0,TRUE_ELASTIC_UNLOADING,7.965469705384365e-06,7.965469705384365e-06,1.424709075219015e-05,6.215040112409851,1.6322662661218213e-05,355.0,0.3014308505255381,True,True,True,TRUE_ELASTIC_UNLOADING
BH050,281,282,2.8200011253356934,0.58641055725661,7690,1,1,-252.0196990966797,-250.4508209228516,1.568878173828125,335.4274650873759,334.374582967136,-1.0535033555900342,0.0,0.0,TRUE_ELASTIC_UNLOADING,-0.0005577374183733,0.0,0.000123768080983,2.0180251872197688,0.0005710016298697,355.0,0.9419002337102422,True,True,True,TRUE_ELASTIC_UNLOADING
BH050,281,282,2.8200011253356934,0.58641055725661,8803,2,1,-81.84252166748047,-80.21990203857422,1.62261962890625,113.07947958180802,113.62660867294656,0.5222795106975122,0.0,0.0,ELASTIC_RELOADING,,,,2.017629576513674,0.0020972193274528,355.0,0.3200749540083001,True,False,False,ELASTIC_RELOADING
BH050,282,283,2.830000400543213,0.5845067216793806,5809,3,5,-342.6116638183594,-343.0428161621094,0.0,458.4068174277441,434.06458791426377,282.4989678823631,0.0024579465389251,0.0025031528473229,CONTINUED_PLASTIC_LOADING,,,,190.01540805506076,2.1518420715896003,490.0,0.8858460977842118,True,False,False,CONTINUED_PLASTIC_LOADING
BH050,282,283,2.830000400543213,0.5845067216793806,8857,1,1,-277.8033447265625,-273.5596008300781,4.243743896484375,340.2892786484228,336.0340975236961,-4.389114159235314,0.0,0.0,TRUE_ELASTIC_UNLOADING,-0.0002337584113463,0.0,0.0004042407132797,12.715602955880511,0.0004669346886346,355.0,0.9465749226019609,True,True,True,TRUE_ELASTIC_UNLOADING
BH050,282,283,2.830000400543213,0.5845067216793806,7318,1,1,242.0150451660156,243.8983764648437,0.0,354.6797532723264,354.71438504214257,1.625114265513334,9.853392839431764e-06,8.019947340586801e-06,CONTINUED_PLASTIC_LOADING,,,,1.8983506100674616,1.069603001017732,355.0,0.9991954508229368,True,False,False,CONTINUED_PLASTIC_LOADING
BH050,282,283,2.830000400543213,0.5845067216793806,7687,4,5,123.10053253173828,123.56987762451172,0.0,128.72385214715484,128.49660457336688,-0.2349805692406919,0.0,0.0,TRUE_ELASTIC_UNLOADING,9.050833449053552e-05,9.050833449053552e-05,0.0003293123655074,1.4374887795640456,0.0003415258028113,355.0,0.3619622664038504,True,True,True,TRUE_ELASTIC_UNLOADING
BH050,282,283,2.830000400543213,0.5845067216793806,6592,3,5,13.100425720214844,12.932713508605955,0.0,107.00795193656604,106.42179893042076,-0.7651923324279304,0.0,0.0,TRUE_ELASTIC_UNLOADING,1.965226943989596e-05,1.965226943989596e-05,1.2776466106203648e-05,4.840788811370645,2.3440667236217164e-05,355.0,0.2997797152969599,True,True,True,TRUE_ELASTIC_UNLOADING
BH050,282,283,2.830000400543213,0.5845067216793806,7690,1,1,-250.4508209228516,-248.60614013671875,1.8446807861328125,334.374582967136,333.310524458485,-1.0673822340390642,0.0,0.0,TRUE_ELASTIC_UNLOADING,0.0007970246263924,0.0007970246263924,0.0001041203374149,2.3350453871540844,0.0008044271959893,355.0,0.9389028857985492,True,True,True,TRUE_ELASTIC_UNLOADING
BH050,282,283,2.830000400543213,0.5845067216793806,8803,2,1,-80.21990203857422,-81.7406005859375,0.0,113.62660867294656,115.94460552668424,2.1994981391704647,0.0,0.0,ELASTIC_RELOADING,,,,6.001040910757215,0.0003297968091105,355.0,0.3266045226103781,True,False,False,ELASTIC_RELOADING
BH050,283,284,2.840000629425049,0.5822648646451619,5809,3,5,-343.0428161621094,-339.0046691894531,4.03814697265625,434.06458791426377,487.0510923882192,322.1710681387468,0.0023640990257263,0.0023975077923233,CONTINUED_PLASTIC_LOADING,,,,227.20161231227328,1.7242796718692075,490.0,0.9939818212004474,True,False,False,CONTINUED_PLASTIC_LOADING_WITH_COMPONENT_DROP
BH050,283,284,2.840000629425049,0.5822648646451619,8857,1,1,-273.5596008300781,-273.2391052246094,0.32049560546875,336.0340975236961,337.50842571249746,1.467762400699788,0.0,0.0,ELASTIC_RELOADING,,,,1.4186217537404353,0.0015515736713492,355.0,0.950727959753514,True,False,False,ELASTIC_RELOADING
BH050,283,284,2.840000629425049,0.5822648646451619,7318,1,1,243.8983764648437,244.5736846923828,0.0,354.71438504214257,354.7292959135698,1.72719779092945,1.0615680366754532e-05,8.61761290018791e-06,CONTINUED_PLASTIC_LOADING,,,,0.7457463919862074,2.9293456407345864,355.0,0.9992374532776612,True,False,False,CONTINUED_PLASTIC_LOADING
BH050,283,284,2.840000629425049,0.5822648646451619,7687,4,5,123.56987762451172,122.67430877685548,0.0,128.49660457336688,126.68136605419438,-1.8233326371792056,0.0,0.0,TRUE_ELASTIC_UNLOADING,-8.386000853533027e-05,0.0,0.0001759969509826,1.5467385457793712,0.000194951915673,355.0,0.3568489184625193,True,True,True,TRUE_ELASTIC_UNLOADING
BH050,283,284,2.840000629425049,0.5822648646451619,6592,3,5,12.932713508605955,8.629548072814941,0.0,106.42179893042076,106.26959067686376,-0.2692421238396207,0.0,0.0,TRUE_ELASTIC_UNLOADING,-2.7182238736545017e-05,0.0,5.624330917260558e-05,6.238065195140064,6.246714305978353e-05,355.0,0.2993509596531373,True,True,True,TRUE_ELASTIC_UNLOADING
BH050,283,284,2.840000629425049,0.5822648646451619,7690,1,1,-248.60614013671875,-247.2128753662109,1.3932647705078125,333.310524458485,332.7412763467127,-0.5702574392042719,0.0,0.0,TRUE_ELASTIC_UNLOADING,0.0004082633268142,0.0004082633268142,0.0005690521727986,1.835875738467133,0.0007004537441906,355.0,0.93729936999074,True,True,True,TRUE_ELASTIC_UNLOADING
BH050,283,284,2.840000629425049,0.5822648646451619,8803,2,1,-81.7406005859375,-79.48751831054688,2.253082275390625,115.94460552668424,113.33214848900936,-2.8046952479994567,0.0,0.0,TRUE_ELASTIC_UNLOADING,-0.0004807799755099,0.0,0.0001374775434862,7.54983840298843,0.0004998273213745,355.0,0.3192454887014348,True,True,True,TRUE_ELASTIC_UNLOADING
BH050,284,285,2.8499999046325684,0.5804335567162473,5809,3,5,-339.0046691894531,-343.88055419921875,0.0,487.0510923882192,478.0917854787342,358.3539054648407,0.0023590624332427,0.0024198178229441,CONTINUED_PLASTIC_LOADING,,,,12.770249111819512,30.88016325238843,490.0,0.975697521385172,True,False,False,CONTINUED_PLASTIC_LOADING
BH050,284,285,2.8499999046325684,0.5804335567162473,8857,1,1,-273.2391052246094,-271.7624816894531,1.47662353515625,337.50842571249746,337.1232414751266,-0.3871080532122133,0.0,0.0,TRUE_ELASTIC_UNLOADING,-0.0007517445126501,0.0,0.0007432152946916,1.995251174067303,0.0010567117823331,355.0,0.9496429337327508,True,True,True,TRUE_ELASTIC_UNLOADING
BH050,284,285,2.8499999046325684,0.5804335567162473,7318,1,1,244.5736846923828,247.238525390625,0.0,354.7292959135698,354.80847478186047,2.778696413852852,1.6819918528199196e-05,1.3603924664474448e-05,CONTINUED_PLASTIC_LOADING,,,,2.684934559126351,1.2901834445177591,355.0,0.999460492343269,True,False,False,CONTINUED_PLASTIC_LOADING
BH050,284,285,2.8499999046325684,0.5804335567162473,7687,4,5,122.67430877685548,122.802001953125,0.0,126.68136605419438,126.18657685175162,-0.5031951851095802,0.0,0.0,TRUE_ELASTIC_UNLOADING,-0.0003174359027346,0.0,0.0004614358792496,1.403633110211311,0.0005600220208854,355.0,0.3554551460612722,True,True,True,TRUE_ELASTIC_UNLOADING
BH050,284,285,2.8499999046325684,0.5804335567162473,6592,3,5,8.629548072814941,4.6355695724487305,0.0,106.26959067686376,105.95502961011998,-0.4164031439628273,0.0,0.0,TRUE_ELASTIC_UNLOADING,1.4165456408421484e-05,1.4165456408421484e-05,2.461528647794432e-05,4.233134140986906,2.8400319892240775e-05,355.0,0.298464872141183,True,True,True,TRUE_ELASTIC_UNLOADING
BH050,284,285,2.8499999046325684,0.5804335567162473,7690,1,1,-247.2128753662109,-245.136947631836,2.075927734375,332.7412763467127,331.8014984839779,-0.9427966481561404,0.0,0.0,TRUE_ELASTIC_UNLOADING,-0.0002287054345937,0.0,0.0001316382918421,2.3474976118864324,0.0002638387709871,355.0,0.9346521084055716,True,True,True,TRUE_ELASTIC_UNLOADING
BH050,284,285,2.8499999046325684,0.5804335567162473,8803,2,1,-79.48751831054688,-78.61143493652344,0.8760833740234375,113.33214848900936,112.11326050311249,-1.2413027125979692,0.0,0.0,TRUE_ELASTIC_UNLOADING,0.0002179090854516,0.0002179090854516,0.0002254485643985,1.6337380562715451,0.0003135795369282,355.0,0.3158120014172182,True,True,True,TRUE_ELASTIC_UNLOADING
BH050,285,286,2.8600006103515625,0.5812842066458672,5809,3,5,-343.88055419921875,-338.348876953125,5.53167724609375,478.0917854787342,412.81017704452216,297.94380853043015,0.0024465322494506,0.0024925796992751,CONTINUED_PLASTIC_LOADING,,,,118.09082494900464,3.4490487493091515,490.0,0.8424697490704534,True,False,False,CONTINUED_PLASTIC_LOADING_WITH_COMPONENT_DROP
BH050,285,286,2.8600006103515625,0.5812842066458672,8857,1,1,-271.7624816894531,-272.995849609375,0.0,337.1232414751266,338.24155262593564,1.113214459712144,0.0,0.0,ELASTIC_RELOADING,,,,1.505806299646008,0.0011368383042861,355.0,0.952793105988551,True,False,False,ELASTIC_RELOADING
BH050,285,286,2.8600006103515625,0.5812842066458672,7318,1,1,247.238525390625,249.0159454345703,0.0,354.80847478186047,354.90399141145485,1.3507314108446191,7.830909453332424e-06,6.317575379062743e-06,CONTINUED_PLASTIC_LOADING,,,,1.8131875731398772,0.8908090850838574,355.0,0.9997295532717038,True,False,False,CONTINUED_PLASTIC_LOADING
BH050,285,286,2.8600006103515625,0.5812842066458672,7687,4,5,122.802001953125,123.0951690673828,0.0,126.18657685175162,126.3388040828898,0.1518413221977599,0.0,0.0,ELASTIC_RELOADING,,,,0.5214571092084131,0.0001906479649224,355.0,0.3558839551630698,True,False,False,ELASTIC_RELOADING
BH050,285,286,2.8600006103515625,0.5812842066458672,6592,3,5,4.6355695724487305,0.5834433436393738,0.0,105.95502961011998,106.50913774417616,0.4897014800006277,0.0,0.0,ELASTIC_RELOADING,,,,4.50800476696318,5.485959517295517e-05,355.0,0.3000257401244399,True,False,False,ELASTIC_RELOADING
