case,frame_start,frame_end,time_end_s,P_end_over_Pu,element,integration_point,section_point,sigma_y_start_MPa,sigma_y_end_MPa,abs_sigma_y_drop_MPa,sigma_VM_start_MPa,sigma_VM_end_MPa,eta_MPa,delta_PEEQ,delta_PE_tensor_norm,classification,d_s_raw,d_s_clipped,unloading_residual,delta_sigma_norm_MPa,original_Cs_increment_residual,current_isotropic_yield_MPa,sigma_VM_over_current_yield,confirmed_prior_yield,spatially_supported_unloading,qualified_scalar_stiffness,drop_audit_class
BH032,142,143,1.430000066757202,0.3956173709141694,3562,1,1,-126.77031707763672,-128.97633361816406,0.0,140.96486410625317,143.440428959365,2.4757161157266747,0.0,0.0,AMBIGUOUS,,,,2.255859124357898,0.0001681350930716,355.0,0.4040575463644084,False,False,False,AMBIGUOUS
BH032,143,144,1.4400001764297483,0.4024329837638222,3023,2,1,-140.67100524902344,-143.3012237548828,0.0,145.5705017073965,148.25128707140684,2.678866177054878,0.0,0.0,AMBIGUOUS,,,,2.646417202383149,0.0001966309211271,355.0,0.4176092593560755,False,False,False,AMBIGUOUS
BH032,143,144,1.4400001764297483,0.4024329837638222,3944,2,5,-152.53028869628906,-155.16847229003906,0.0,144.6490986518793,147.167878571124,2.5182270227856858,0.0,0.0,AMBIGUOUS,,,,2.6507885219574203,0.000279879697209,355.0,0.4145574044257014,False,False,False,AMBIGUOUS
BH032,143,144,1.4400001764297483,0.4024329837638222,3536,1,5,-156.25689697265625,-158.9107208251953,0.0,150.9522940151766,153.50930975057113,2.556239504464794,0.0,0.0,AMBIGUOUS,,,,2.662099396865817,0.0003054618443944,355.0,0.4324205908466793,False,False,False,AMBIGUOUS
BH032,143,144,1.4400001764297483,0.4024329837638222,5009,3,5,-275.6762390136719,-332.6333923339844,0.0,262.4086546779665,337.7737157330434,115.609292756101,0.0003143883659504,0.0003927199112675,CONTINUED_PLASTIC_LOADING,,,,90.06613941882652,0.6513268572015689,355.0,0.9514752555860376,False,False,False,CONTINUED_PLASTIC_LOADING
BH032,143,144,1.4400001764297483,0.4024329837638222,4371,1,1,-140.49546813964844,-143.11907958984375,0.0,143.43123346088188,146.84654846935214,3.28518563846196,0.0,0.0,AMBIGUOUS,,,,4.563987115532148,0.0001173862665083,355.0,0.4136522492094426,False,False,False,AMBIGUOUS
BH032,143,144,1.4400001764297483,0.4024329837638222,3944,1,1,-154.57733154296875,-157.2678985595703,0.0,146.61992663382114,149.17122311457084,2.5517369319232697,0.0,0.0,AMBIGUOUS,,,,2.7080059649722443,0.0001547516394074,355.0,0.4202006284917488,False,False,False,AMBIGUOUS
BH032,143,144,1.4400001764297483,0.4024329837638222,3562,1,1,-128.97633361816406,-131.1449737548828,0.0,143.440428959365,145.88749549177354,2.447488565990772,0.0,0.0,AMBIGUOUS,,,,2.2222849025200366,0.0001684908867006,355.0,0.4109506915261226,False,False,False,AMBIGUOUS
BH032,144,145,1.4500014781951904,0.4092132214823077,3023,2,1,-143.3012237548828,-145.7691650390625,0.0,148.25128707140684,150.6928905480714,2.4388618547055967,0.0,0.0,AMBIGUOUS,,,,2.5052435222268623,0.0001180390714223,355.0,0.4244870156283701,False,False,False,AMBIGUOUS
BH032,144,145,1.4500014781951904,0.4092132214823077,3944,2,5,-155.16847229003906,-157.84912109375,0.0,147.167878571124,149.70966119234302,2.541427466636373,0.0,0.0,AMBIGUOUS,,,,2.698833661247327,0.000114097129568,355.0,0.4217173554713888,False,False,False,AMBIGUOUS
BH032,144,145,1.4500014781951904,0.4092132214823077,3536,1,5,-158.9107208251953,-161.66673278808594,0.0,153.50930975057113,156.11854845758347,2.609582957220613,0.0,0.0,AMBIGUOUS,,,,2.774357903823317,0.0001417433666636,355.0,0.4397705590354464,False,False,False,AMBIGUOUS
BH032,144,145,1.4500014781951904,0.4092132214823077,5009,3,5,-332.6333923339844,-330.0003662109375,2.633026123046875,337.7737157330434,310.7174480101217,67.1374254687774,0.0007200835389085,0.0009034587284892,CONTINUED_PLASTIC_LOADING,,,,112.81358576128602,1.1865600194241177,355.0,0.8752604169299203,True,False,False,CONTINUED_PLASTIC_LOADING_WITH_COMPONENT_DROP
BH032,144,145,1.4500014781951904,0.4092132214823077,4371,1,1,-143.11907958984375,-145.55870056152344,0.0,146.84654846935214,148.56657777052516,1.6098372924962407,0.0,0.0,AMBIGUOUS,,,,3.9864992083817614,5.442312008198295e-05,355.0,0.4184974021704934,False,False,False,AMBIGUOUS
BH032,144,145,1.4500014781951904,0.4092132214823077,3944,1,1,-157.2678985595703,-159.99417114257812,0.0,149.17122311457084,151.75366839252595,2.58265804393632,0.0,0.0,AMBIGUOUS,,,,2.7461671226395503,9.139928751681492e-05,355.0,0.4274751222324675,False,False,False,AMBIGUOUS
BH032,144,145,1.4500014781951904,0.4092132214823077,3562,1,1,-131.1449737548828,-133.285400390625,0.0,145.88749549177354,148.39130857087034,2.502310531006965,0.0,0.0,AMBIGUOUS,,,,2.228426225752598,0.0006082726780582,355.0,0.4180036861151277,False,False,False,AMBIGUOUS
BH032,145,146,1.4600006341934204,0.4161858220828773,3023,2,1,-145.7691650390625,-148.35391235351562,0.0,150.6928905480714,153.2536869510073,2.55840883965662,0.0,0.0,AMBIGUOUS,,,,2.608838910480666,6.377643170743166e-05,355.0,0.4317005266225557,False,False,False,AMBIGUOUS
BH032,145,146,1.4600006341934204,0.4161858220828773,3944,2,5,-157.84912109375,-160.5375213623047,0.0,149.70966119234302,152.20598670030594,2.496180128633805,0.0,0.0,AMBIGUOUS,,,,2.724360205427434,2.132391085382625e-05,355.0,0.4287492583107209,False,False,False,AMBIGUOUS
BH032,145,146,1.4600006341934204,0.4161858220828773,3536,1,5,-161.66673278808594,-164.37017822265625,0.0,156.11854845758347,158.73542026641502,2.617198660161716,0.0,0.0,AMBIGUOUS,,,,2.7095992190829445,0.0001542635328654,355.0,0.4471420289194789,False,False,False,AMBIGUOUS
BH032,145,146,1.4600006341934204,0.4161858220828773,5009,3,5,-330.0003662109375,-336.4305419921875,0.0,310.7174480101217,329.80249581714395,63.26601797425115,0.0005965286400169,0.0006475271134176,CONTINUED_PLASTIC_LOADING,,,,102.2997249714427,1.058893930669084,355.0,0.9290211149778704,True,False,False,CONTINUED_PLASTIC_LOADING
BH032,145,146,1.4600006341934204,0.4161858220828773,4371,1,1,-145.55870056152344,-148.1599578857422,0.0,148.56657777052516,150.33897414698563,1.7492892799033928,0.0,0.0,AMBIGUOUS,,,,3.139742591353421,2.000011973659113e-05,355.0,0.4234900680196778,False,False,False,AMBIGUOUS
BH032,145,146,1.4600006341934204,0.4161858220828773,3944,1,1,-159.99417114257812,-162.63528442382812,0.0,151.75366839252595,154.20143756620027,2.4473967701907053,0.0,0.0,AMBIGUOUS,,,,2.6790873078141746,0.0001223059333551,355.0,0.4343702466653528,False,False,False,AMBIGUOUS
BH032,145,146,1.4600006341934204,0.4161858220828773,3562,1,1,-133.285400390625,-135.4825439453125,0.0,148.39130857087034,150.91844613636664,2.527710757737633,0.0,0.0,AMBIGUOUS,,,,2.2697914718159624,0.0003615983762057,355.0,0.4251223834827229,False,False,False,AMBIGUOUS
BH032,146,147,1.4700005054473877,0.4231990888593681,3023,2,1,-148.35391235351562,-150.58644104003906,0.0,153.2536869510073,155.49155087650385,2.2372574783574697,0.0,0.0,AMBIGUOUS,,,,2.2399976736797216,0.0002027606675198,355.0,0.438004368666208,False,False,False,AMBIGUOUS
BH032,146,147,1.4700005054473877,0.4231990888593681,3944,2,5,-160.5375213623047,-163.23886108398438,0.0,152.20598670030594,154.79119327556785,2.584732018898729,0.0,0.0,AMBIGUOUS,,,,2.7133781005158983,0.0001575355849015,355.0,0.4360315303537122,False,False,False,AMBIGUOUS
BH032,146,147,1.4700005054473877,0.4231990888593681,3536,1,5,-164.37017822265625,-167.21388244628906,0.0,158.73542026641502,161.4483689066284,2.713056322380229,0.0,0.0,AMBIGUOUS,,,,2.857703141231043,9.947568291336036e-05,355.0,0.4547841377651503,False,False,False,AMBIGUOUS
BH032,146,147,1.4700005054473877,0.4231990888593681,5009,3,5,-336.4305419921875,-351.1175537109375,0.0,329.80249581714395,334.2124657357832,29.47417854140535,0.0005167068447917,0.000487345544367,CONTINUED_PLASTIC_LOADING,,,,120.86101958023472,0.7621347305499632,355.0,0.9414435654529104,True,False,False,CONTINUED_PLASTIC_LOADING
BH032,146,147,1.4700005054473877,0.4231990888593681,4371,1,1,-148.1599578857422,-151.54214477539062,0.0,150.33897414698563,154.3481427467971,3.6043736624715534,0.0,0.0,AMBIGUOUS,,,,7.48714131607412,0.0001077031414573,355.0,0.4347835006952031,False,False,False,AMBIGUOUS
BH032,146,147,1.4700005054473877,0.4231990888593681,3944,1,1,-162.63528442382812,-165.4656219482422,0.0,154.20143756620027,156.9370528583881,2.734882983273629,0.0,0.0,AMBIGUOUS,,,,2.8370941902323423,0.0002513338738095,355.0,0.4420762052348961,False,False,False,AMBIGUOUS
BH032,146,147,1.4700005054473877,0.4231990888593681,3562,1,1,-135.4825439453125,-137.74371337890625,0.0,150.91844613636664,153.43120152633287,2.512427363738976,0.0,0.0,AMBIGUOUS,,,,2.30440135999238,0.0001228793067513,355.0,0.4322005676798109,False,False,False,AMBIGUOUS
BH032,147,148,1.4800008535385132,0.4302345037273773,3023,2,1,-150.58644104003906,-153.64202880859375,0.0,155.49155087650385,158.43333144135147,2.941957953985768,0.0,0.0,AMBIGUOUS,,,,3.0622963137552213,0.0001709068605602,355.0,0.4462910744826802,False,False,False,AMBIGUOUS
BH032,147,148,1.4800008535385132,0.4302345037273773,3944,2,5,-163.23886108398438,-166.0172882080078,0.0,154.79119327556785,157.3920316263023,2.600472660811729,0.0,0.0,AMBIGUOUS,,,,2.8075372030187555,0.000123697012796,355.0,0.4433578355670487,False,False,False,AMBIGUOUS
BH032,147,148,1.4800008535385132,0.4302345037273773,3536,1,5,-167.21388244628906,-170.0347442626953,0.0,161.4483689066284,164.1563060632142,2.706877169245304,0.0,0.0,AMBIGUOUS,,,,2.831295665376756,0.0003806419140877,355.0,0.462412129755533,False,False,False,AMBIGUOUS
BH032,147,148,1.4800008535385132,0.4302345037273773,5009,3,5,-351.1175537109375,-352.9186096191406,0.0,334.2124657357832,332.55886308487453,69.56293747848883,0.0004498278722167,0.000445958991427,CONTINUED_PLASTIC_LOADING,,,,6.976286571235023,11.731827308443128,355.0,0.936785529816548,True,False,False,CONTINUED_PLASTIC_LOADING
BH032,147,148,1.4800008535385132,0.4302345037273773,4371,1,1,-151.54214477539062,-154.58096313476562,0.0,154.3481427467971,156.4186408535979,1.9043250218648664,0.0,0.0,AMBIGUOUS,,,,4.978591163538882,8.720304380544422e-05,355.0,0.4406158897284448,False,False,False,AMBIGUOUS
BH032,147,148,1.4800008535385132,0.4302345037273773,3944,1,1,-165.4656219482422,-168.25929260253906,0.0,156.9370528583881,159.55618484474144,2.617809163725969,0.0,0.0,AMBIGUOUS,,,,2.8212024992606803,0.000482686032544,355.0,0.449454041816173,False,False,False,AMBIGUOUS
BH032,147,148,1.4800008535385132,0.4302345037273773,3562,1,1,-137.74371337890625,-139.90185546875,0.0,153.43120152633287,156.01490297608123,2.583798485862582,0.0,0.0,AMBIGUOUS,,,,2.274565030901594,0.0001108245526379,355.0,0.4394785999326231,False,False,False,AMBIGUOUS
BH032,148,149,1.4900004863739014,0.4374565275295166,3023,2,1,-153.64202880859375,-156.5888214111328,0.0,158.43333144135147,161.14679379958068,2.7121309775832136,0.0,0.0,AMBIGUOUS,,,,2.980388287798418,0.0002984272876392,355.0,0.453934630421354,False,False,False,AMBIGUOUS
BH032,148,149,1.4900004863739014,0.4374565275295166,3944,2,5,-166.0172882080078,-168.80670166015625,0.0,157.3920316263023,160.0074125460306,2.6151259298950102,0.0,0.0,AMBIGUOUS,,,,2.816832334445172,0.0001522987757457,355.0,0.4507251057634664,False,False,False,AMBIGUOUS
BH032,148,149,1.4900004863739014,0.4374565275295166,3536,1,5,-170.0347442626953,-172.8415069580078,0.0,164.1563060632142,166.84470538212778,2.6884777105568034,0.0,0.0,AMBIGUOUS,,,,2.818255061037216,2.773805828610783e-05,355.0,0.4699850855834585,False,False,False,AMBIGUOUS
BH032,148,149,1.4900004863739014,0.4374565275295166,5009,3,5,-352.9186096191406,-342.0594787597656,10.859130859375,332.55886308487453,319.9405477630259,43.59903308730839,0.0005393661558628,0.0005306349126019,CONTINUED_PLASTIC_LOADING,,,,84.32339270107936,1.1622896376828975,355.0,0.9012409796141576,True,False,False,CONTINUED_PLASTIC_LOADING_WITH_COMPONENT_DROP
BH032,148,149,1.4900004863739014,0.4374565275295166,4371,1,1,-154.58096313476562,-159.00985717773438,0.0,156.4186408535979,159.62093012713717,2.8496164949081546,0.0,0.0,AMBIGUOUS,,,,7.428578662677239,0.0001247288918886,355.0,0.4496364228933441,False,False,False,AMBIGUOUS
BH032,148,149,1.4900004863739014,0.4374565275295166,3944,1,1,-168.25929260253906,-171.02272033691406,0.0,159.55618484474144,162.1792004828372,2.622648521345367,0.0,0.0,AMBIGUOUS,,,,2.781771821061084,0.0001133913709349,355.0,0.4568428182615132,False,False,False,AMBIGUOUS
BH032,148,149,1.4900004863739014,0.4374565275295166,3562,1,1,-139.90185546875,-142.2139434814453,0.0,156.01490297608123,158.5700622880999,2.554470729346931,0.0,0.0,AMBIGUOUS,,,,2.3523176880007663,0.0002773195748804,355.0,0.4466762317974645,False,False,False,AMBIGUOUS
BH032,149,150,1.5000001192092896,0.4446977318611647,3023,2,1,-156.5888214111328,-159.7223358154297,0.0,161.14679379958068,163.85093509288998,2.7024681095988856,0.0,0.0,AMBIGUOUS,,,,3.263791418084448,0.0002641091122553,355.0,0.4615519298391267,False,False,False,AMBIGUOUS
BH032,149,150,1.5000001192092896,0.4446977318611647,3944,2,5,-168.80670166015625,-171.54449462890625,0.0,160.0074125460306,162.61776343561343,2.6099175690184064,0.0,0.0,AMBIGUOUS,,,,2.751712305340803,0.0001798778345025,355.0,0.4580782068608829,False,False,False,AMBIGUOUS
BH032,149,150,1.5000001192092896,0.4446977318611647,3536,1,5,-172.8415069580078,-175.70602416992188,0.0,166.84470538212778,169.58035874209222,2.734246121063869,0.0,0.0,AMBIGUOUS,,,,2.878092609161536,0.0005005101265718,355.0,0.4776911513861752,False,False,False,AMBIGUOUS
BH032,149,150,1.5000001192092896,0.4446977318611647,5009,3,5,-342.0594787597656,-356.4354858398437,0.0,319.9405477630259,328.71792730590863,84.34772058936858,0.0004845142830163,0.0004600444562228,CONTINUED_PLASTIC_LOADING,,,,50.63853302897108,1.706424346508957,355.0,0.9259659924110102,True,False,False,CONTINUED_PLASTIC_LOADING
BH032,149,150,1.5000001192092896,0.4446977318611647,4371,1,1,-159.00985717773438,-164.19923400878906,0.0,159.62093012713717,164.1331843418198,4.076189554785392,0.0,0.0,AMBIGUOUS,,,,9.106913781352896,8.330780882236287e-05,355.0,0.4623469981459712,False,False,False,AMBIGUOUS
BH032,149,150,1.5000001192092896,0.4446977318611647,3944,1,1,-171.02272033691406,-173.88534545898438,0.0,162.1792004828372,164.90803453918855,2.728690239475438,0.0,0.0,AMBIGUOUS,,,,2.877766413088389,4.9434182879001264e-05,355.0,0.4645296747582776,False,False,False,AMBIGUOUS
BH032,149,150,1.5000001192092896,0.4446977318611647,3562,1,1,-142.2139434814453,-144.41807556152344,0.0,158.5700622880999,161.1705172376899,2.600406656937541,0.0,0.0,AMBIGUOUS,,,,2.304731464301627,4.188697843475842e-05,355.0,0.4540014570075771,False,False,False,AMBIGUOUS
BH032,150,151,1.510001301765442,0.4519582273130414,3023,2,1,-159.7223358154297,-162.737060546875,0.0,163.85093509288998,166.49993658933704,2.6476261949177013,0.0,0.0,AMBIGUOUS,,,,3.092237175935852,6.477283724494997e-05,355.0,0.4690139058854564,False,False,False,AMBIGUOUS
BH032,150,151,1.510001301765442,0.4519582273130414,3944,2,5,-171.54449462890625,-174.416259765625,0.0,162.61776343561343,165.37512182908662,2.75670781899879,0.0,0.0,AMBIGUOUS,,,,2.8835381719171878,0.000180758564628,355.0,0.4658454136030609,False,False,False,AMBIGUOUS
BH032,150,151,1.510001301765442,0.4519582273130414,3536,1,5,-175.70602416992188,-178.68350219726562,0.0,169.58035874209222,172.4414036326361,2.8598502751399124,0.0,0.0,AMBIGUOUS,,,,2.987852391223746,0.0004379898106835,355.0,0.485750432767989,False,False,False,AMBIGUOUS
BH032,150,151,1.510001301765442,0.4519582273130414,5009,3,5,-356.4354858398437,-354.7402038574219,1.695281982421875,328.71792730590863,333.76444261507,103.34651059623408,0.0006075487472116,0.0005711603583268,CONTINUED_PLASTIC_LOADING,,,,45.52420636445548,2.3794830490839884,355.0,0.9401815284931548,True,False,False,CONTINUED_PLASTIC_LOADING_WITH_COMPONENT_DROP
BH032,150,151,1.510001301765442,0.4519582273130414,4371,1,1,-164.19923400878906,-169.59893798828125,0.0,164.1331843418198,168.43180884834592,4.205254710008161,0.0,0.0,AMBIGUOUS,,,,6.253344484854925,1.3208408163042229e-05,355.0,0.4744557995728054,False,False,False,AMBIGUOUS
BH032,150,151,1.510001301765442,0.4519582273130414,3944,1,1,-173.88534545898438,-176.76058959960938,0.0,164.90803453918855,167.5888555469897,2.681187852342936,0.0,0.0,AMBIGUOUS,,,,2.908971475908172,0.0001616724891873,355.0,0.4720812832309569,False,False,False,AMBIGUOUS
BH032,150,151,1.510001301765442,0.4519582273130414,3562,1,1,-144.41807556152344,-146.76658630371094,0.0,161.1705172376899,163.8493481068084,2.679786992110366,0.0,0.0,AMBIGUOUS,,,,2.416835263716545,0.0004539317111825,355.0,0.4615474594557983,False,False,False,AMBIGUOUS
BH032,151,152,1.520000457763672,0.45939692057253,3023,2,1,-162.737060546875,-164.49588012695312,0.0,166.49993658933704,167.7703441001386,1.268939285464431,0.0,0.0,AMBIGUOUS,,,,1.975285854785009,0.0003962372702651,355.0,0.4725925185919397,False,False,False,AMBIGUOUS
BH032,151,152,1.520000457763672,0.45939692057253,3944,2,5,-174.416259765625,-177.19371032714844,0.0,165.37512182908662,168.0261288245242,2.651599628531688,0.0,0.0,AMBIGUOUS,,,,2.7911345823487568,0.0002301341646967,355.0,0.4733130389423217,False,False,False,AMBIGUOUS
BH032,151,152,1.520000457763672,0.45939692057253,3536,1,5,-178.68350219726562,-181.5142517089844,0.0,172.4414036326361,175.12801857185886,2.6866754019780283,0.0,0.0,AMBIGUOUS,,,,2.8479579131307946,3.050134016062893e-05,355.0,0.4933183621742503,False,False,False,AMBIGUOUS
BH032,151,152,1.520000457763672,0.45939692057253,5009,3,5,-354.7402038574219,-356.41046142578125,0.0,333.76444261507,347.08315632863804,89.4756477687037,0.0006555821746587,0.0006175829122638,CONTINUED_PLASTIC_LOADING,,,,95.00978408289372,1.2376760379836498,355.0,0.9776990319116564,True,False,False,CONTINUED_PLASTIC_LOADING
BH032,151,152,1.520000457763672,0.45939692057253,4371,1,1,-169.59893798828125,-178.34754943847656,0.0,168.43180884834592,174.7476743139061,5.725751693500565,0.0,0.0,AMBIGUOUS,,,,12.376716409688182,6.449213178763284e-05,355.0,0.492246969898327,False,False,False,AMBIGUOUS
BH032,151,152,1.520000457763672,0.45939692057253,3944,1,1,-176.76058959960938,-179.68557739257812,0.0,167.5888555469897,170.3523236323403,2.763511703019175,0.0,0.0,AMBIGUOUS,,,,2.9468267609606005,7.87942934908791e-05,355.0,0.4798657003727896,False,False,False,AMBIGUOUS
BH032,151,152,1.520000457763672,0.45939692057253,3562,1,1,-146.76658630371094,-149.0612030029297,0.0,163.8493481068084,166.40189262722788,2.55285774871401,0.0,0.0,AMBIGUOUS,,,,2.3393758327064527,0.000183631475274,355.0,0.4687377257105011,False,False,False,AMBIGUOUS
BH032,152,153,1.530001163482666,0.4667232831391056,3023,2,1,-164.49588012695312,-166.9551544189453,0.0,167.7703441001386,169.8853621298227,2.112902397772545,0.0,0.0,AMBIGUOUS,,,,2.5407947793745307,9.775712583120382e-05,355.0,0.4785503158586555,False,False,False,AMBIGUOUS
BH032,152,153,1.530001163482666,0.4667232831391056,3944,2,5,-177.19371032714844,-180.0977325439453,0.0,168.0261288245242,170.77886593969347,2.752492424408877,0.0,0.0,AMBIGUOUS,,,,2.923067208572049,9.417530558245654e-05,355.0,0.4810672279991365,False,False,False,AMBIGUOUS
BH032,152,153,1.530001163482666,0.4667232831391056,3536,1,5,-181.5142517089844,-184.4690704345703,0.0,175.12801857185886,177.94534274427727,2.816733822400714,0.0,0.0,AMBIGUOUS,,,,2.9704219907266705,0.0001746437654165,355.0,0.501254486603598,False,False,False,AMBIGUOUS
BH032,152,153,1.530001163482666,0.4667232831391056,5009,3,5,-356.41046142578125,-334.06646728515625,22.343994140625,347.08315632863804,343.8238613365278,154.3193443648675,0.00091657275334,0.0008637872496723,CONTINUED_PLASTIC_LOADING_WITH_COMPONENT_DROP,,,,33.14610412543209,4.920266078582766,355.0,0.9685179192578248,True,False,False,CONTINUED_PLASTIC_LOADING_WITH_COMPONENT_DROP
BH032,152,153,1.530001163482666,0.4667232831391056,4371,1,1,-178.34754943847656,-192.5395965576172,0.0,174.7476743139061,186.7656501578128,11.975124216386485,0.0,0.0,AMBIGUOUS,,,,14.991100771709563,3.347766528276913e-05,355.0,0.5261004229797542,False,False,False,AMBIGUOUS
BH032,152,153,1.530001163482666,0.4667232831391056,3944,1,1,-179.68557739257812,-182.58901977539065,0.0,170.3523236323403,173.1153481294598,2.7628658519112403,0.0,0.0,AMBIGUOUS,,,,2.9199391071755905,6.431366849095358e-05,355.0,0.4876488679703092,False,False,False,AMBIGUOUS
BH032,152,153,1.530001163482666,0.4667232831391056,3562,1,1,-149.0612030029297,-151.2207489013672,0.0,166.40189262722788,168.98853674196266,2.5865205658288173,0.0,0.0,AMBIGUOUS,,,,2.2768071527735594,0.0001567760935083,355.0,0.4760240471604582,False,False,False,AMBIGUOUS
BH032,153,154,1.5400011539459229,0.4740037935913492,3023,2,1,-166.9551544189453,-169.3848419189453,0.0,169.8853621298227,171.88047283248548,1.990606313666056,0.0,0.0,AMBIGUOUS,,,,2.57299141827215,0.0003431546359902,355.0,0.4841703460070014,False,False,False,AMBIGUOUS
BH032,153,154,1.5400011539459229,0.4740037935913492,3944,2,5,-180.0977325439453,-183.0438232421875,0.0,170.77886593969347,173.53759545087098,2.7593505066741213,0.0,0.0,AMBIGUOUS,,,,2.9762686764359367,0.0002117857402154,355.0,0.488838297044707,False,False,False,AMBIGUOUS
BH032,153,154,1.5400011539459229,0.4740037935913492,3536,1,5,-184.4690704345703,-187.3050537109375,0.0,177.94534274427727,180.69296549289865,2.7475118297530527,0.0,0.0,AMBIGUOUS,,,,2.842817689294679,3.608530728107653e-05,355.0,0.5089942689940807,False,False,False,AMBIGUOUS
BH032,153,154,1.5400011539459229,0.4740037935913492,5009,3,5,-334.06646728515625,-339.32281494140625,0.0,343.8238613365278,340.1128166879854,49.95298818575621,0.0009197993203997,0.0008581332546914,CONTINUED_PLASTIC_LOADING,,,,151.44073621572377,1.05994078087203,355.0,0.9580642723605224,True,False,False,CONTINUED_PLASTIC_LOADING
BH032,153,154,1.5400011539459229,0.4740037935913492,4371,1,1,-192.5395965576172,-213.3324584960937,0.0,186.7656501578128,202.1453965553157,15.126486166343254,0.0,0.0,AMBIGUOUS,,,,24.3065417272944,6.395391520095504e-05,355.0,0.5694236522684949,False,False,False,AMBIGUOUS
BH032,153,154,1.5400011539459229,0.4740037935913492,3944,1,1,-182.58901977539065,-185.4779815673828,0.0,173.1153481294598,175.83623687601605,2.720560399056752,0.0,0.0,AMBIGUOUS,,,,2.913592143213349,0.0001017789949853,355.0,0.4953133433127212,False,False,False,AMBIGUOUS
BH032,153,154,1.5400011539459229,0.4740037935913492,3562,1,1,-151.2207489013672,-153.46017456054688,0.0,168.98853674196266,171.57622658630365,2.587371044748107,0.0,0.0,AMBIGUOUS,,,,2.31752438980658,0.0001654157914265,355.0,0.4833133143276159,False,False,False,AMBIGUOUS
BH032,154,155,1.5500009059906006,0.4815508658166004,3023,2,1,-169.3848419189453,-171.8733367919922,0.0,171.88047283248548,173.8971535656991,2.011891466122321,0.0,0.0,AMBIGUOUS,,,,2.6695533069752964,0.0001132349390818,355.0,0.4898511368047862,False,False,False,AMBIGUOUS
BH032,154,155,1.5500009059906006,0.4815508658166004,3944,2,5,-183.0438232421875,-185.78225708007807,0.0,173.53759545087098,176.15127489504144,2.613637105898139,0.0,0.0,AMBIGUOUS,,,,2.751717848722185,5.364034504330269e-05,355.0,0.4962007743522294,False,False,False,AMBIGUOUS
BH032,154,155,1.5500009059906006,0.4815508658166004,3536,1,5,-187.3050537109375,-190.3228302001953,0.0,180.69296549289865,183.5630686408257,2.86922587869938,0.0,0.0,AMBIGUOUS,,,,3.0346472188528577,0.0003133380454157,355.0,0.5170790665938751,False,False,False,AMBIGUOUS
BH032,154,155,1.5500009059906006,0.4815508658166004,5009,3,5,-339.32281494140625,-331.349365234375,7.97344970703125,340.1128166879854,313.78997484713614,102.7723933383341,0.0008702306076884,0.0008323648456477,CONTINUED_PLASTIC_LOADING,,,,61.50700557800003,2.511482662894702,355.0,0.8839154221046088,True,False,False,CONTINUED_PLASTIC_LOADING_WITH_COMPONENT_DROP
BH032,154,155,1.5500009059906006,0.4815508658166004,4371,1,1,-213.3324584960937,-236.1317901611328,0.0,202.1453965553157,230.12010266416016,16.446176085495637,0.0,0.0,AMBIGUOUS,,,,48.47634498849615,1.424639968283481e-05,355.0,0.6482256413074934,False,False,False,AMBIGUOUS
BH032,154,155,1.5500009059906006,0.4815508658166004,3944,1,1,-185.4779815673828,-188.41375732421875,0.0,175.83623687601605,178.61571616088895,2.7792534013930186,0.0,0.0,AMBIGUOUS,,,,2.956272357572343,0.000106673343222,355.0,0.5031428624250393,False,False,False,AMBIGUOUS
BH032,154,155,1.5500009059906006,0.4815508658166004,3562,1,1,-153.46017456054688,-155.8214874267578,0.0,171.57622658630365,174.28936500876077,2.71310727202556,0.0,0.0,AMBIGUOUS,,,,2.437525077492471,2.680918812318045e-05,355.0,0.4909559577711571,False,False,False,AMBIGUOUS
BH032,155,156,1.5600000619888306,0.4891437413747821,3023,2,1,-171.8733367919922,-174.58441162109375,0.0,173.8971535656991,175.35485922137008,1.435880601286058,0.0,0.0,AMBIGUOUS,,,,3.678588384100976,0.0002624869502351,355.0,0.4939573499193523,False,False,False,AMBIGUOUS
BH032,155,156,1.5600000619888306,0.4891437413747821,3944,2,5,-185.78225708007807,-188.730697631836,0.0,176.15127489504144,178.9174326970475,2.765786252417103,0.0,0.0,AMBIGUOUS,,,,2.978744616688907,9.47882403813102e-05,355.0,0.5039927681606972,False,False,False,AMBIGUOUS
BH032,155,156,1.5600000619888306,0.4891437413747821,3536,1,5,-190.3228302001953,-193.44859313964844,0.0,183.5630686408257,186.591805184838,3.0295242163317666,0.0,0.0,AMBIGUOUS,,,,3.1330780805774374,0.0002665207666536,355.0,0.5256107188305296,False,False,False,AMBIGUOUS
BH032,155,156,1.5600000619888306,0.4891437413747821,5009,3,5,-331.349365234375,-323.7952880859375,7.5540771484375,313.78997484713614,352.5014186691697,181.85025046258204,0.0010028551332652,0.000947549660712,CONTINUED_PLASTIC_LOADING,,,,91.80858334851963,1.9069857863092552,355.0,0.9929617427300556,True,False,False,CONTINUED_PLASTIC_LOADING_WITH_COMPONENT_DROP
BH032,155,156,1.5600000619888306,0.4891437413747821,4371,1,1,-236.1317901611328,-267.0060119628906,0.0,230.12010266416016,255.85541791922068,25.55764545436626,0.0,0.0,AMBIGUOUS,,,,32.47918755970974,3.3084524652891306e-05,355.0,0.7207194870963963,False,False,False,AMBIGUOUS
BH032,155,156,1.5600000619888306,0.4891437413747821,3944,1,1,-188.41375732421875,-191.41964721679688,0.0,178.61571616088895,181.4370237272105,2.82125826685808,0.0,0.0,AMBIGUOUS,,,,3.036922488480834,3.669486617798649e-05,355.0,0.5110902076822831,False,False,False,AMBIGUOUS
BH032,155,156,1.5600000619888306,0.4891437413747821,3562,1,1,-155.8214874267578,-158.17355346679688,0.0,174.28936500876077,177.01496456552454,2.7254366937197143,0.0,0.0,AMBIGUOUS,,,,2.438927348838506,0.0002519787546996,355.0,0.4986337030014776,False,False,False,AMBIGUOUS
BH032,156,157,1.5700005292892456,0.4966022146071425,3023,2,1,-174.58441162109375,-178.102783203125,0.0,175.35485922137008,178.33965624260355,2.9732554740182606,0.0,0.0,AMBIGUOUS,,,,3.7637230387677993,5.22098823015997e-05,355.0,0.5023652288524044,False,False,False,AMBIGUOUS
BH032,156,157,1.5700005292892456,0.4966022146071425,3944,2,5,-188.730697631836,-191.70420837402344,0.0,178.9174326970475,181.73835747158464,2.820997965038833,0.0,0.0,AMBIGUOUS,,,,2.992336734376793,3.944157078422487e-05,355.0,0.5119390351312243,False,False,False,AMBIGUOUS
BH032,156,157,1.5700005292892456,0.4966022146071425,3536,1,5,-193.44859313964844,-196.40603637695312,0.0,186.591805184838,189.3865497086356,2.7945015441922263,0.0,0.0,AMBIGUOUS,,,,2.9792004306303577,5.2847842637145495e-05,355.0,0.533483238615875,False,False,False,AMBIGUOUS
BH032,156,157,1.5700005292892456,0.4966022146071425,5009,3,5,-323.7952880859375,-336.798095703125,0.0,352.5014186691697,331.4736291947005,9.107295983465562,0.0007617585361003,0.0007317439114759,CONTINUED_PLASTIC_LOADING,,,,146.1481055511816,0.9215838175651134,355.0,0.9337285329428184,True,False,False,CONTINUED_PLASTIC_LOADING
BH032,156,157,1.5700005292892456,0.4966022146071425,4371,1,1,-267.0060119628906,-305.3409118652344,0.0,255.85541791922068,287.78543692357886,31.73663817215392,0.0,0.0,AMBIGUOUS,,,,41.66716195840102,1.5700216707135088e-05,355.0,0.8106632026016306,False,False,False,AMBIGUOUS
BH032,156,157,1.5700005292892456,0.4966022146071425,3944,1,1,-191.41964721679688,-194.2764434814453,0.0,181.4370237272105,184.18341587487905,2.74622183376656,0.0,0.0,AMBIGUOUS,,,,2.866249157455801,0.0001437259149584,355.0,0.5188265235912086,False,False,False,AMBIGUOUS
BH032,156,157,1.5700005292892456,0.4966022146071425,3562,1,1,-158.17355346679688,-160.45965576171875,0.0,177.01496456552454,179.7164850651526,2.701385471148376,0.0,0.0,AMBIGUOUS,,,,2.3918617702493004,5.163318556784151e-05,355.0,0.5062436199018383,False,False,False,AMBIGUOUS
BH032,157,158,1.5800012350082395,0.5041024661806868,3023,2,1,-178.102783203125,-181.4796905517578,0.0,178.33965624260355,180.7285493253694,2.3797518051056,0.0,0.0,AMBIGUOUS,,,,3.910325137563978,5.9810470932550326e-05,355.0,0.5090945051418857,False,False,False,AMBIGUOUS
BH032,157,158,1.5800012350082395,0.5041024661806868,3944,2,5,-191.70420837402344,-194.72369384765625,0.0,181.73835747158464,184.57784342984192,2.839768234305183,0.0,0.0,AMBIGUOUS,,,,3.0461341700653684,0.0001029244622994,355.0,0.5199375871263152,False,False,False,AMBIGUOUS
BH032,157,158,1.5800012350082395,0.5041024661806868,3536,1,5,-196.40603637695312,-199.49932861328125,0.0,189.3865497086356,192.34381101922537,2.9576046837903456,0.0,0.0,AMBIGUOUS,,,,3.10731323227353,0.0001069186250504,355.0,0.541813552166832,False,False,False,AMBIGUOUS
BH032,157,158,1.5800012350082395,0.5041024661806868,5009,3,5,-336.798095703125,-343.20574951171875,0.0,331.4736291947005,328.9674443588734,120.7364218299466,0.0007189391180872,0.0007054718401009,CONTINUED_PLASTIC_LOADING,,,,45.43760709295924,2.8448509714373498,355.0,0.9266688573489392,True,False,False,CONTINUED_PLASTIC_LOADING
BH032,157,158,1.5800012350082395,0.5041024661806868,4371,1,1,-305.3409118652344,-349.010986328125,0.0,287.78543692357886,322.7903254162169,34.56349919665429,0.0,0.0,AMBIGUOUS,,,,47.32175565441771,1.4196531564289445e-05,355.0,0.9092685222992024,False,False,False,AMBIGUOUS
BH032,157,158,1.5800012350082395,0.5041024661806868,3944,1,1,-194.2764434814453,-197.43214416503903,0.0,184.18341587487905,187.1305031863819,2.9464085148797343,0.0,0.0,AMBIGUOUS,,,,3.191147275989328,0.0002504618136598,355.0,0.5271281779898082,False,False,False,AMBIGUOUS
BH032,157,158,1.5800012350082395,0.5041024661806868,3562,1,1,-160.45965576171875,-162.7103271484375,0.0,179.7164850651526,182.363142545282,2.6465593068265,0.0,0.0,AMBIGUOUS,,,,2.3488958947379013,0.0001092058694353,355.0,0.5136989930853014,False,False,False,AMBIGUOUS
BH032,158,159,1.5900005102157593,0.5115769347088406,3023,2,1,-181.4796905517578,-184.58074951171875,0.0,180.7285493253694,183.2078578668892,2.475505812935398,0.0,0.0,AMBIGUOUS,,,,3.346001255025912,0.0001671061629117,355.0,0.5160784728644766,False,False,False,AMBIGUOUS
BH032,158,159,1.5900005102157593,0.5115769347088406,3944,2,5,-194.72369384765625,-197.7727813720703,0.0,184.57784342984192,187.4917987347748,2.9146263983914813,0.0,0.0,AMBIGUOUS,,,,3.063638709024946,0.0002237314441073,355.0,0.5281459119289431,False,False,False,AMBIGUOUS
BH032,158,159,1.5900005102157593,0.5115769347088406,3536,1,5,-199.49932861328125,-202.2821655273437,0.0,192.34381101922537,195.05942208155804,2.7148322311184674,0.0,0.0,AMBIGUOUS,,,,2.7867088556383144,0.0002731884205475,355.0,0.5494631607931212,False,False,False,AMBIGUOUS
BH032,158,159,1.5900005102157593,0.5115769347088406,5009,3,5,-343.20574951171875,-347.6513977050781,0.0,328.9674443588734,337.3242474654689,122.85738247949216,0.0006105042994022,0.0006140198858245,CONTINUED_PLASTIC_LOADING,,,,26.728475726409084,4.18848378335345,355.0,0.9502091477900532,True,False,False,CONTINUED_PLASTIC_LOADING
BH032,158,159,1.5900005102157593,0.5115769347088406,4371,1,1,-349.010986328125,-384.8994140625,0.0,322.7903254162169,351.89830370531,42.01488537849384,6.696191849187016e-05,7.121663983981541e-05,CONTINUED_PLASTIC_LOADING,,,,42.22847803082863,0.3136185120984415,355.0,0.9912628273389016,False,False,False,CONTINUED_PLASTIC_LOADING
BH032,158,159,1.5900005102157593,0.5115769347088406,3944,1,1,-197.43214416503903,-200.4464111328125,0.0,187.1305031863819,190.0291814809065,2.8980850843255883,0.0,0.0,AMBIGUOUS,,,,3.0252749925867453,0.0001761940860524,355.0,0.5352934689603001,False,False,False,AMBIGUOUS
BH032,158,159,1.5900005102157593,0.5115769347088406,3562,1,1,-162.7103271484375,-164.79554748535156,0.0,182.363142545282,184.9466123417117,2.5841067652596856,0.0,0.0,AMBIGUOUS,,,,2.244543476944904,0.0003603894028332,355.0,0.5209763727935541,False,False,False,AMBIGUOUS
BH032,159,160,1.6000012159347534,0.5191981321315351,3023,2,1,-184.58074951171875,-188.0793914794922,0.0,183.2078578668892,185.82325899558865,2.60955898068208,0.0,0.0,AMBIGUOUS,,,,3.942702142746597,0.0001280330873713,355.0,0.5234457999875737,False,False,False,AMBIGUOUS
BH032,159,160,1.6000012159347534,0.5191981321315351,3944,2,5,-197.7727813720703,-200.83465576171875,0.0,187.4917987347748,190.36503051252484,2.874237377548164,0.0,0.0,AMBIGUOUS,,,,3.0908842296603227,0.0003579060287039,355.0,0.5362395225704925,False,False,False,AMBIGUOUS
BH032,159,160,1.6000012159347534,0.5191981321315351,3536,1,5,-202.2821655273437,-205.65011596679688,0.0,195.05942208155804,198.24832098474664,3.1881858788926083,0.0,0.0,AMBIGUOUS,,,,3.390882524746909,0.0001934224621141,355.0,0.5584459746049201,False,False,False,AMBIGUOUS
BH032,159,160,1.6000012159347534,0.5191981321315351,5009,3,5,-347.6513977050781,-344.4764404296875,3.174957275390625,337.3242474654689,354.59415523024734,118.06821270269496,0.0005703419446945,0.0005820206792716,CONTINUED_PLASTIC_LOADING,,,,46.86417678067368,2.2570009347685374,355.0,0.9988567752964712,True,False,False,CONTINUED_PLASTIC_LOADING_WITH_COMPONENT_DROP
BH032,159,160,1.6000012159347534,0.5191981321315351,4371,1,1,-384.8994140625,-390.45062255859375,0.0,351.89830370531,346.8392792512294,28.16548934135224,0.0002177909773308,0.000227472515404,CONTINUED_PLASTIC_LOADING,,,,48.01249987261662,0.9000979264482576,355.0,0.9770120542288152,True,False,False,CONTINUED_PLASTIC_LOADING
BH032,159,160,1.6000012159347534,0.5191981321315351,3944,1,1,-200.4464111328125,-203.5612030029297,0.0,190.0291814809065,192.8996220103324,2.870183943195939,0.0,0.0,AMBIGUOUS,,,,3.1646153123264256,5.206891224848891e-05,355.0,0.5433792169305137,False,False,False,AMBIGUOUS
BH032,159,160,1.6000012159347534,0.5191981321315351,3562,1,1,-164.79554748535156,-166.97341918945312,0.0,184.9466123417117,187.6882438136489,2.741289153304041,0.0,0.0,AMBIGUOUS,,,,2.3692157052970417,2.37786204218267e-06,355.0,0.5286992783483068,False,False,False,AMBIGUOUS
BH032,160,161,1.610000491142273,0.5269240275440087,3023,2,1,-188.0793914794922,-190.97537231445312,0.0,185.82325899558865,188.44207051317272,2.618600980368974,0.0,0.0,AMBIGUOUS,,,,2.9528032307280405,9.86412665028891e-05,355.0,0.5308227338399232,False,False,False,AMBIGUOUS
BH032,160,161,1.610000491142273,0.5269240275440087,3944,2,5,-200.83465576171875,-203.8324737548828,0.0,190.36503051252484,193.2093731507118,2.844327263255187,0.0,0.0,AMBIGUOUS,,,,3.018210705084641,1.4819245243198257e-05,355.0,0.5442517553541177,False,False,False,AMBIGUOUS
BH032,160,161,1.610000491142273,0.5269240275440087,3536,1,5,-205.65011596679688,-208.9050445556641,0.0,198.24832098474664,201.3777955943102,3.129611207234204,0.0,0.0,AMBIGUOUS,,,,3.2676994437420563,0.000141200097142,355.0,0.5672613960403103,False,False,False,AMBIGUOUS
BH032,160,161,1.610000491142273,0.5269240275440087,5009,3,5,-344.4764404296875,-344.3860168457031,0.090423583984375,354.59415523024734,336.9974147803227,70.1512546831998,0.0005286922678351,0.0005438571614959,CONTINUED_PLASTIC_LOADING,,,,45.67737927989807,2.155373810164636,355.0,0.9492884923389372,True,False,False,CONTINUED_PLASTIC_LOADING
BH032,160,161,1.610000491142273,0.5269240275440087,4371,1,1,-390.45062255859375,-390.9835205078125,0.0,346.8392792512294,355.0000240285011,45.93855752550818,0.0002820302324835,0.0002899170775746,CONTINUED_PLASTIC_LOADING,,,,56.79149273798098,0.9877470859171262,355.0,1.0000000676859186,True,False,False,CONTINUED_PLASTIC_LOADING
BH032,160,161,1.610000491142273,0.5269240275440087,3944,1,1,-203.5612030029297,-206.7154235839844,0.0,192.8996220103324,195.8936917665918,2.993398494928538,0.0,0.0,AMBIGUOUS,,,,3.1766427969670934,0.0001860830551104,355.0,0.5518132162439205,False,False,False,AMBIGUOUS
BH032,160,161,1.610000491142273,0.5269240275440087,3562,1,1,-166.97341918945312,-169.03245544433594,0.0,187.6882438136489,190.29798548658923,2.608689578423754,0.0,0.0,AMBIGUOUS,,,,2.2557143162901654,0.0002324350542069,355.0,0.5360506633425048,False,False,False,AMBIGUOUS
BH032,161,162,1.620001196861267,0.5345274211077679,3023,2,1,-190.97537231445312,-194.3534393310547,0.0,188.44207051317272,191.0713378767497,2.6253975987103755,0.0,0.0,AMBIGUOUS,,,,3.7253384349306473,0.0001885560847709,355.0,0.5382291207795766,False,False,False,AMBIGUOUS
BH032,161,162,1.620001196861267,0.5345274211077679,3944,2,5,-203.8324737548828,-206.9459228515625,0.0,193.2093731507118,196.0911328518404,2.8817147098400464,0.0,0.0,AMBIGUOUS,,,,3.1579597362447007,2.9282832217838583e-05,355.0,0.5523693883150433,False,False,False,AMBIGUOUS
BH032,161,162,1.620001196861267,0.5345274211077679,3536,1,5,-208.9050445556641,-212.11509704589844,0.0,201.3777955943102,204.43765271253736,3.0594656454330384,0.0,0.0,AMBIGUOUS,,,,3.227209551421028,9.275663614820692e-05,355.0,0.5758807118663024,False,False,False,AMBIGUOUS
BH032,161,162,1.620001196861267,0.5345274211077679,5009,3,5,-344.3860168457031,-341.4441833496094,2.94183349609375,336.9974147803227,336.1217704084521,92.69676693944122,0.0005425885319709,0.0005599948507798,CONTINUED_PLASTIC_LOADING,,,,53.05905340369733,1.9048239018182695,355.0,0.946821888474513,True,False,False,CONTINUED_PLASTIC_LOADING_WITH_COMPONENT_DROP
BH032,161,162,1.620001196861267,0.5345274211077679,4371,1,1,-390.9835205078125,-395.0733642578125,0.0,355.0000240285011,353.75940865552985,48.79434387097991,0.0002690058900043,0.0002716444876548,CONTINUED_PLASTIC_LOADING,,,,15.934357149606726,3.367339310926155,355.0,0.9965053764944504,True,False,False,CONTINUED_PLASTIC_LOADING
BH032,161,162,1.620001196861267,0.5345274211077679,3944,1,1,-206.7154235839844,-209.8519592285156,0.0,195.8936917665918,198.7996305639551,2.9062946575202053,0.0,0.0,AMBIGUOUS,,,,3.180212341874919,0.0001253770070757,355.0,0.5599989593350848,False,False,False,AMBIGUOUS
BH032,161,162,1.620001196861267,0.5345274211077679,3562,1,1,-169.03245544433594,-170.99737548828125,0.0,190.29798548658923,192.9704683684698,2.6710426016552105,0.0,0.0,AMBIGUOUS,,,,2.276884298372041,0.0002508321756778,355.0,0.5435787841365346,False,False,False,AMBIGUOUS
BH032,162,163,1.6300004720687866,0.5421555642911161,3023,2,1,-194.3534393310547,-197.2594451904297,0.0,191.0713378767497,193.90568837101355,2.83465703835815,0.0,0.0,AMBIGUOUS,,,,2.911981088724447,0.0001053787538543,355.0,0.5462132066789114,False,False,False,AMBIGUOUS
BH032,162,163,1.6300004720687866,0.5421555642911161,3944,2,5,-206.9459228515625,-210.02456665039065,0.0,196.0911328518404,199.0200227893868,2.9296960181976948,0.0,0.0,AMBIGUOUS,,,,3.096116334640319,0.0002627090058656,355.0,0.5606197825053149,False,False,False,AMBIGUOUS
BH032,162,163,1.6300004720687866,0.5421555642911161,3536,1,5,-212.11509704589844,-215.45738220214844,0.0,204.43765271253736,207.62291523715544,3.1849695462702328,0.0,0.0,AMBIGUOUS,,,,3.3599938288881366,7.380532289957266e-05,355.0,0.5848532823581843,False,False,False,AMBIGUOUS
BH032,162,163,1.6300004720687866,0.5421555642911161,5009,3,5,-341.4441833496094,-336.730224609375,4.713958740234375,336.1217704084521,354.65426050449645,84.29639285849116,0.0005742283537983,0.0005931985123794,CONTINUED_PLASTIC_LOADING,,,,103.81754214298292,1.027028557205578,355.0,0.999026085928159,True,False,False,CONTINUED_PLASTIC_LOADING_WITH_COMPONENT_DROP
BH032,162,163,1.6300004720687866,0.5421555642911161,4371,1,1,-395.0733642578125,-396.2863464355469,0.0,353.75940865552985,354.96968247355954,21.81356497231671,0.0003023880999535,0.0002925466621485,CONTINUED_PLASTIC_LOADING,,,,90.83339234501338,0.6628525910665061,355.0,0.9999145985170692,True,False,False,CONTINUED_PLASTIC_LOADING
BH032,162,163,1.6300004720687866,0.5421555642911161,3944,1,1,-209.8519592285156,-212.9477386474609,0.0,198.7996305639551,201.7442362148148,2.9446795025568253,0.0,0.0,AMBIGUOUS,,,,3.1140369844625404,7.307635988310392e-05,355.0,0.5682936231403234,False,False,False,AMBIGUOUS
BH032,162,163,1.6300004720687866,0.5421555642911161,3562,1,1,-170.99737548828125,-172.82342529296875,0.0,192.9704683684698,195.5523021073976,2.57934806009428,0.0,0.0,AMBIGUOUS,,,,2.198952704391013,0.0005706808712458,355.0,0.5508515552321059,False,False,False,AMBIGUOUS
BH032,163,164,1.6400004625320437,0.5497929645476898,3023,2,1,-197.2594451904297,-200.3600006103516,0.0,193.90568837101355,196.47748470340707,2.569266024773659,0.0,0.0,AMBIGUOUS,,,,3.296969471799252,4.076194644665804e-05,355.0,0.5534577033898791,False,False,False,AMBIGUOUS
BH032,163,164,1.6400004625320437,0.5497929645476898,3944,2,5,-210.02456665039065,-213.19667053222656,0.0,199.0200227893868,202.0072636076828,2.988915382196012,0.0,0.0,AMBIGUOUS,,,,3.1988023014553137,0.0005759560869338,355.0,0.5690345453737544,False,False,False,AMBIGUOUS
BH032,163,164,1.6400004625320437,0.5497929645476898,3536,1,5,-215.45738220214844,-218.7179412841797,0.0,207.62291523715544,210.7543481440873,3.1312350432069627,0.0,0.0,AMBIGUOUS,,,,3.2729177826268403,8.467631972729791e-05,355.0,0.5936742201241896,False,False,False,AMBIGUOUS
BH032,163,164,1.6400004625320437,0.5497929645476898,5009,3,5,-336.730224609375,-338.8302307128906,0.0,354.65426050449645,352.52016669195007,17.152182203371098,0.0005837948992848,0.0006026012755399,CONTINUED_PLASTIC_LOADING,,,,142.52973429617694,0.7570564872437325,355.0,0.9930145540618311,True,False,False,CONTINUED_PLASTIC_LOADING
BH032,163,164,1.6400004625320437,0.5497929645476898,4371,1,1,-396.2863464355469,-396.4082336425781,0.0,354.96968247355954,351.79307922622604,12.84498162933624,0.0003083457704633,0.0002900933171054,CONTINUED_PLASTIC_LOADING,,,,88.7942360533441,0.6915587460443895,355.0,0.9909664203555664,True,False,False,CONTINUED_PLASTIC_LOADING
BH032,163,164,1.6400004625320437,0.5497929645476898,3944,1,1,-212.9477386474609,-216.2243194580078,0.0,201.7442362148148,204.8068759818467,3.0631920444444987,0.0,0.0,AMBIGUOUS,,,,3.312146288439764,0.0001693590882139,355.0,0.5769207774136527,False,False,False,AMBIGUOUS
BH032,163,164,1.6400004625320437,0.5497929645476898,3562,1,1,-172.82342529296875,-174.02879333496094,0.0,195.5523021073976,197.8535780310623,2.2964171060996947,0.0,0.0,AMBIGUOUS,,,,2.113744916411667,0.0007226399070361,355.0,0.5573340226227107,False,False,False,AMBIGUOUS
BH032,164,165,1.6500000953674316,0.5573962836072354,3023,2,1,-200.3600006103516,-203.5335998535156,0.0,196.47748470340707,199.3540690360655,2.875642704420451,0.0,0.0,AMBIGUOUS,,,,3.2388923307066806,7.611326874022485e-05,355.0,0.5615607578480719,False,False,False,AMBIGUOUS
BH032,164,165,1.6500000953674316,0.5573962836072354,3944,2,5,-213.19667053222656,-216.2470550537109,0.0,202.0072636076828,204.88477492701256,2.877297605979947,0.0,0.0,AMBIGUOUS,,,,3.074944265581124,8.633051758792789e-05,355.0,0.5771402110620072,False,False,False,AMBIGUOUS
BH032,164,165,1.6500000953674316,0.5573962836072354,3536,1,5,-218.7179412841797,-221.79039001464844,0.0,210.7543481440873,213.73374655842312,2.978422505245143,0.0,0.0,AMBIGUOUS,,,,3.0786775067143783,0.0003232729466807,355.0,0.602066891713868,False,False,False,AMBIGUOUS
BH032,164,165,1.6500000953674316,0.5573962836072354,5009,3,5,-338.8302307128906,-329.9818725585937,8.848358154296875,352.52016669195007,326.2680299090419,74.40741581516455,0.000638716854155,0.0006590215611425,CONTINUED_PLASTIC_LOADING,,,,70.57254057708268,1.668887492737336,355.0,0.9190648729832166,True,False,False,CONTINUED_PLASTIC_LOADING_WITH_COMPONENT_DROP
BH032,164,165,1.6500000953674316,0.5573962836072354,4371,1,1,-396.4082336425781,-398.06439208984375,0.0,351.79307922622604,352.0074821520253,23.18716293843086,0.0002860160311684,0.0002699306132473,CONTINUED_PLASTIC_LOADING,,,,81.24220780797026,0.7050529718632734,355.0,0.9915703722592264,True,False,False,CONTINUED_PLASTIC_LOADING
BH032,164,165,1.6500000953674316,0.5573962836072354,3944,1,1,-216.2243194580078,-219.38758850097656,0.0,204.8068759818467,207.7798783312614,2.973876112079669,0.0,0.0,AMBIGUOUS,,,,3.19302071526584,0.0002640434776094,355.0,0.5852954319190462,False,False,False,AMBIGUOUS
BH032,164,165,1.6500000953674316,0.5573962836072354,3562,1,1,-174.02879333496094,-174.5951690673828,0.0,197.8535780310623,199.9901605065456,2.128022283033186,0.0,0.0,AMBIGUOUS,,,,2.5010286269769773,0.0001507014253607,355.0,0.5633525648071708,False,False,False,AMBIGUOUS
BH032,165,166,1.660001277923584,0.5652384613746348,3023,2,1,-203.5335998535156,-206.5731964111328,0.0,199.3540690360655,201.81321219037687,2.4582564058609537,0.0,0.0,AMBIGUOUS,,,,3.297584861912201,0.0005819107006717,355.0,0.5684879216630334,False,False,False,AMBIGUOUS
BH032,165,166,1.660001277923584,0.5652384613746348,3944,2,5,-216.2470550537109,-219.4084930419922,0.0,204.88477492701256,207.8614939901701,2.9762335043688406,0.0,0.0,AMBIGUOUS,,,,3.1899815313370805,0.0001245630942622,355.0,0.5855253351835777,False,False,False,AMBIGUOUS
BH032,165,166,1.660001277923584,0.5652384613746348,3536,1,5,-221.79039001464844,-224.9802398681641,0.0,213.73374655842312,216.77617532113692,3.0433325031235503,0.0,0.0,AMBIGUOUS,,,,3.2058771801186734,0.0002829211514247,355.0,0.6106371135806674,False,False,False,AMBIGUOUS
BH032,165,166,1.660001277923584,0.5652384613746348,5009,3,5,-329.9818725585937,-334.0549621582031,0.0,326.2680299090419,352.4773442415627,137.1434190789165,0.0006816200911998,0.0006980115795663,CONTINUED_PLASTIC_LOADING,,,,72.39269663599958,1.7162232223838874,355.0,0.9928939274410218,True,False,False,CONTINUED_PLASTIC_LOADING
BH032,165,166,1.660001277923584,0.5652384613746348,4371,1,1,-398.06439208984375,-398.9259338378906,0.0,352.0074821520253,349.61377355492,36.79877893023551,0.0002509029582142,0.0002327483850053,CONTINUED_PLASTIC_LOADING,,,,11.7246291172001,4.302076012164307,355.0,0.9848275311406196,True,False,False,CONTINUED_PLASTIC_LOADING
BH032,165,166,1.660001277923584,0.5652384613746348,3944,1,1,-219.38758850097656,-222.5534820556641,0.0,207.7798783312614,210.7571433435161,2.9775686610562526,0.0,0.0,AMBIGUOUS,,,,3.198513564827296,0.0001401343659304,355.0,0.5936820939253975,False,False,False,AMBIGUOUS
BH032,165,166,1.660001277923584,0.5652384613746348,3562,1,1,-174.5951690673828,-173.6719512939453,0.9232177734375,199.9901605065456,201.5328365570312,1.5193308897373463,0.0,0.0,AMBIGUOUS,,,,3.841228403692309,9.824148039752376e-05,355.0,0.5676981311465668,False,False,False,AMBIGUOUS
BH032,166,167,1.6700005531311035,0.5730489440449287,3023,2,1,-206.5731964111328,-209.97105407714844,0.0,201.81321219037687,204.75628504472257,2.9422136137384194,0.0,0.0,AMBIGUOUS,,,,3.5349746818197527,0.0002304082115576,355.0,0.5767782677316129,False,False,False,AMBIGUOUS
BH032,166,167,1.6700005531311035,0.5730489440449287,3944,2,5,-219.4084930419922,-222.52926635742188,0.0,207.8614939901701,210.8023988580072,2.940605156495041,0.0,0.0,AMBIGUOUS,,,,3.1471382855536545,0.000170818361353,355.0,0.5938095742479076,False,False,False,AMBIGUOUS
BH032,166,167,1.6700005531311035,0.5730489440449287,3536,1,5,-224.9802398681641,-228.3064422607422,0.0,216.77617532113692,219.97752577136183,3.201602882154998,0.0,0.0,AMBIGUOUS,,,,3.336834715080386,0.0001353654083803,355.0,0.6196550021728502,False,False,False,AMBIGUOUS
BH032,166,167,1.6700005531311035,0.5730489440449287,5009,3,5,-334.0549621582031,-334.1505126953125,0.0,352.4773442415627,356.03218338694376,134.78043030256055,0.0007123965770006,0.0007294839694874,CONTINUED_PLASTIC_LOADING,,,,4.864622462298272,26.627187107457384,355.0,1.002907558836461,True,False,False,CONTINUED_PLASTIC_LOADING
BH032,166,167,1.6700005531311035,0.5730489440449287,4371,1,1,-398.9259338378906,-401.0048828125,0.0,349.61377355492,347.84036380695835,24.970508472811247,0.0002093443181365,0.0001885041417782,CONTINUED_PLASTIC_LOADING,,,,41.35959676980786,1.0197313598700717,355.0,0.9798320107238264,True,False,False,CONTINUED_PLASTIC_LOADING
BH032,166,167,1.6700005531311035,0.5730489440449287,3944,1,1,-222.5534820556641,-225.68209838867188,0.0,210.7571433435161,213.70124169384604,2.9441711448744643,0.0,0.0,AMBIGUOUS,,,,3.156101789828989,0.0001296581007536,355.0,0.6019753287150593,False,False,False,AMBIGUOUS
BH032,166,167,1.6700005531311035,0.5730489440449287,3562,1,1,-173.6719512939453,-170.10862731933594,3.563323974609375,201.5328365570312,202.2391410239108,0.6328511858848315,0.0,0.0,AMBIGUOUS,,,,7.158654799989393,0.0001097958671214,355.0,0.5696877211941149,False,False,False,AMBIGUOUS
BH032,167,168,1.6800012588500977,0.5810333524902742,3023,2,1,-209.97105407714844,-213.0978240966797,0.0,204.75628504472257,207.27054506519912,2.511622125794179,0.0,0.0,AMBIGUOUS,,,,3.396920535407958,0.0001787294661134,355.0,0.5838606903245046,False,False,False,AMBIGUOUS
BH032,167,168,1.6800012588500977,0.5810333524902742,3944,2,5,-222.52926635742188,-225.5988922119141,0.0,210.8023988580072,213.69788406133603,2.896164829534866,0.0,0.0,AMBIGUOUS,,,,3.0957408878221875,0.0002665963395004,355.0,0.6019658705953127,False,False,False,AMBIGUOUS
BH032,167,168,1.6800012588500977,0.5810333524902742,3536,1,5,-228.3064422607422,-231.52040100097656,0.0,219.97752577136183,223.0567340257152,3.0811062657325703,0.0,0.0,AMBIGUOUS,,,,3.2275764304415757,0.0006790285003941,355.0,0.6283288282414513,False,False,False,AMBIGUOUS
BH032,167,168,1.6800012588500977,0.5810333524902742,5009,3,5,-334.1505126953125,-332.52276611328125,1.62774658203125,356.03218338694376,341.8518498887208,107.16782963380015,0.0006694635376334,0.0006914919492516,CONTINUED_PLASTIC_LOADING,,,,26.554026588329243,4.614372658502711,356.0648797477849,0.9600830335495828,True,False,False,CONTINUED_PLASTIC_LOADING_WITH_COMPONENT_DROP
BH032,167,168,1.6800012588500977,0.5810333524902742,4371,1,1,-401.0048828125,-401.346923828125,0.0,347.84036380695835,353.45724442637646,38.49943002487119,0.0002119964919984,0.0001883584579096,CONTINUED_PLASTIC_LOADING,,,,26.877620297356632,1.5899805158800746,355.0,0.9956542096517648,True,False,False,CONTINUED_PLASTIC_LOADING
BH032,167,168,1.6800012588500977,0.5810333524902742,3944,1,1,-225.68209838867188,-228.84385681152344,0.0,213.70124169384604,216.69855545891565,2.995773313289498,0.0,0.0,AMBIGUOUS,,,,3.184793011106008,0.0005372638197958,355.0,0.6104184660814526,False,False,False,AMBIGUOUS
BH032,167,168,1.6800012588500977,0.5810333524902742,3562,1,1,-170.10862731933594,-165.5712432861328,4.537384033203125,202.2391410239108,203.25946668348504,0.9024744450047982,0.0,0.0,AMBIGUOUS,,,,9.01116161034942,0.0001254662441322,355.0,0.572561877981648,False,False,False,AMBIGUOUS
BH032,168,169,1.6900005340576172,0.5890393198549596,3023,2,1,-213.0978240966797,-216.1616973876953,0.0,207.27054506519912,210.22877004059373,2.958716891539421,0.0,0.0,AMBIGUOUS,,,,3.076405408653968,0.0001931225054718,355.0,0.5921937184242076,False,False,False,AMBIGUOUS
BH032,168,169,1.6900005340576172,0.5890393198549596,3944,2,5,-225.5988922119141,-228.8182983398437,0.0,213.69788406133603,216.7015247821728,3.0038835646461925,0.0,0.0,AMBIGUOUS,,,,3.257343325443422,0.0001658212861644,355.0,0.6104268303723178,False,False,False,AMBIGUOUS
BH032,168,169,1.6900005340576172,0.5890393198549596,3536,1,5,-231.52040100097656,-234.8565216064453,0.0,223.0567340257152,226.25769394688533,3.201040993990688,0.0,0.0,AMBIGUOUS,,,,3.348738068731331,0.0001106643224028,355.0,0.6373456167517897,False,False,False,AMBIGUOUS
BH032,168,169,1.6900005340576172,0.5890393198549596,5009,3,5,-332.52276611328125,-333.79229736328125,0.0,341.8518498887208,344.7524529589107,84.47268088294749,0.0006422773003578,0.0006665625098348,CONTINUED_PLASTIC_LOADING,,,,97.21017280506597,1.210702118435236,357.5473743987515,0.96421475206927,True,False,False,CONTINUED_PLASTIC_LOADING
BH032,168,169,1.6900005340576172,0.5890393198549596,4371,1,1,-401.346923828125,-400.6886291503906,0.658294677734375,353.45724442637646,352.2458574907058,16.759304259968257,0.0002388537395745,0.0002053933638708,CONTINUED_PLASTIC_LOADING,,,,72.12857776935233,0.6650091842620974,355.0,0.9922418520864952,True,False,False,CONTINUED_PLASTIC_LOADING_WITH_COMPONENT_DROP
BH032,168,169,1.6900005340576172,0.5890393198549596,3944,1,1,-228.84385681152344,-232.086181640625,0.0,216.69855545891565,219.7629938920834,3.063026297569017,0.0,0.0,AMBIGUOUS,,,,3.268669217915026,0.0005379888139625,355.0,0.6190506870199532,False,False,False,AMBIGUOUS
BH032,168,169,1.6900005340576172,0.5890393198549596,3562,1,1,-165.5712432861328,-169.0269317626953,0.0,203.25946668348504,206.31559011736456,3.0492536321781243,0.0,0.0,AMBIGUOUS,,,,3.5342743841818023,7.765019996414235e-05,355.0,0.5811706763869424,False,False,False,AMBIGUOUS
BH032,169,170,1.700001239776611,0.5969297377910032,3023,2,1,-216.1616973876953,-218.98831176757807,0.0,210.22877004059373,212.9550768023601,2.726039564198844,0.0,0.0,AMBIGUOUS,,,,2.834400167620286,7.69929988516187e-05,355.0,0.5998734557812961,False,False,False,AMBIGUOUS
BH032,169,170,1.700001239776611,0.5969297377910032,3944,2,5,-228.8182983398437,-231.86004638671875,0.0,216.7015247821728,219.62260254179785,2.921706814460708,0.0,0.0,AMBIGUOUS,,,,3.052737699517208,0.0002531782776944,355.0,0.6186552184275995,False,False,False,AMBIGUOUS
BH032,169,170,1.700001239776611,0.5969297377910032,3536,1,5,-234.8565216064453,-238.13238525390625,0.0,226.25769394688533,229.3517244670052,3.0949695309160834,0.0,0.0,AMBIGUOUS,,,,3.299895152968141,0.0003872887593164,355.0,0.6460611956817048,False,False,False,AMBIGUOUS
BH032,169,170,1.700001239776611,0.5969297377910032,5009,3,5,-333.79229736328125,-334.6698608398437,0.0,344.7524529589107,360.9222261706964,69.89647363835849,0.0006274860352277,0.0006538251158292,CONTINUED_PLASTIC_LOADING,,,,125.73364730750431,0.9170692818769745,358.9957280775492,1.0053663538100126,True,False,False,CONTINUED_PLASTIC_LOADING
BH032,169,170,1.700001239776611,0.5969297377910032,4371,1,1,-400.6886291503906,-399.5247192382813,1.163909912109375,352.2458574907058,354.7211145865571,44.416181838126406,0.0002648399677127,0.0002234271310183,CONTINUED_PLASTIC_LOADING,,,,10.541349928081996,5.033870058674422,355.0,0.9992144072860764,True,False,False,CONTINUED_PLASTIC_LOADING_WITH_COMPONENT_DROP
BH032,169,170,1.700001239776611,0.5969297377910032,3944,1,1,-232.086181640625,-235.2823944091797,0.0,219.7629938920834,222.77757235059656,3.0145292961307173,0.0,0.0,AMBIGUOUS,,,,3.2223010907254883,6.535847115605671e-05,355.0,0.6275424573256241,False,False,False,AMBIGUOUS
BH032,169,170,1.700001239776611,0.5969297377910032,3562,1,1,-169.0269317626953,-170.32052612304688,0.0,206.31559011736456,207.7103576052838,1.3915916990550972,0.0,0.0,AMBIGUOUS,,,,1.4267977488584245,0.000527510152386,355.0,0.5850995988881234,False,False,False,AMBIGUOUS
BH032,170,171,1.7100005149841309,0.6048225257093817,3023,2,1,-218.98831176757807,-222.1962432861328,0.0,212.9550768023601,216.093343811292,3.137651118471886,0.0,0.0,AMBIGUOUS,,,,3.213017283161633,0.0001814766288321,355.0,0.6087136445388507,False,False,False,AMBIGUOUS
BH032,170,171,1.7100005149841309,0.6048225257093817,3944,2,5,-231.86004638671875,-235.13034057617188,0.0,219.62260254179785,222.68160284235705,3.0593885350687144,0.0,0.0,AMBIGUOUS,,,,3.304743237675627,0.0001682756546309,355.0,0.6272721206826959,False,False,False,AMBIGUOUS
BH032,170,171,1.7100005149841309,0.6048225257093817,3536,1,5,-238.13238525390625,-241.39126586914065,0.0,229.3517244670052,232.51884277684167,3.1679882373637094,0.0,0.0,AMBIGUOUS,,,,3.2654435829408053,0.000285601988883,355.0,0.6549826557094133,False,False,False,AMBIGUOUS
BH032,170,171,1.7100005149841309,0.6048225257093817,5009,3,5,-334.6698608398437,-335.7345275878906,0.0,360.9222261706964,358.1092594455622,20.601326251933685,0.0005836375057697,0.0006114912515478,CONTINUED_PLASTIC_LOADING,,,,143.39329493235246,0.7506882892149385,360.3428712506383,0.993801426410008,True,False,False,CONTINUED_PLASTIC_LOADING
BH032,170,171,1.7100005149841309,0.6048225257093817,4371,1,1,-399.5247192382813,-398.369873046875,1.15484619140625,354.7211145865571,354.801129203156,10.7322462456006,0.0002945226151496,0.0002450043627929,CONTINUED_PLASTIC_LOADING,,,,92.37534499564978,0.6376117575993299,355.0,0.9994398005722704,True,False,False,CONTINUED_PLASTIC_LOADING_WITH_COMPONENT_DROP
BH032,170,171,1.7100005149841309,0.6048225257093817,3944,1,1,-235.2823944091797,-238.4750823974609,0.0,222.77757235059656,225.80882906006204,3.031358735507866,0.0,0.0,AMBIGUOUS,,,,3.2126244071094443,5.480357117489554e-05,355.0,0.636081208619893,False,False,False,AMBIGUOUS
BH032,170,171,1.7100005149841309,0.6048225257093817,3562,1,1,-170.32052612304688,-168.66213989257812,1.65838623046875,207.7103576052838,211.02603243805987,3.2439690139524053,0.0,0.0,AMBIGUOUS,,,,7.101148309346876,0.0001370271367603,355.0,0.5944395279945348,False,False,False,AMBIGUOUS
BH032,171,172,1.720001220703125,0.6128690521648117,3023,2,1,-222.1962432861328,-225.12454223632807,0.0,216.093343811292,218.8741367003215,2.781272970041381,0.0,0.0,AMBIGUOUS,,,,2.9551333661640484,0.0003119339185202,355.0,0.6165468639445676,False,False,False,AMBIGUOUS
BH032,171,172,1.720001220703125,0.6128690521648117,3944,2,5,-235.13034057617188,-238.4052581787109,0.0,222.68160284235705,225.73201746275092,3.0495252433223965,0.0,0.0,AMBIGUOUS,,,,3.3149752052288264,0.0003121656647958,355.0,0.6358648379232421,False,False,False,AMBIGUOUS
BH032,171,172,1.720001220703125,0.6128690521648117,3536,1,5,-241.39126586914065,-244.8822631835937,0.0,232.51884277684167,235.82516894392955,3.306271847880579,0.0,0.0,AMBIGUOUS,,,,3.514183174205121,5.788852070325885e-06,355.0,0.6642962505462804,False,False,False,AMBIGUOUS
BH032,171,172,1.720001220703125,0.6128690521648117,5009,3,5,-335.7345275878906,-339.1905212402344,0.0,358.1092594455622,343.2346308904644,76.20110953705665,0.0005292557179927,0.0005596038338162,CONTINUED_PLASTIC_LOADING,,,,49.03143924591493,2.005824250330196,361.56449121211085,0.949304036300143,True,False,False,CONTINUED_PLASTIC_LOADING
BH032,171,172,1.720001220703125,0.6128690521648117,4371,1,1,-398.369873046875,-399.9507751464844,0.0,354.801129203156,354.9999896818468,8.044154623057615,0.0002662912011146,0.0002209741666022,CONTINUED_PLASTIC_LOADING,,,,91.29859079834898,0.584799471851829,355.0,0.9999999709347795,True,False,False,CONTINUED_PLASTIC_LOADING
BH032,171,172,1.720001220703125,0.6128690521648117,3944,1,1,-238.4750823974609,-241.7088928222656,0.0,225.80882906006204,228.84187430340933,3.032643811312844,0.0,0.0,AMBIGUOUS,,,,3.2657168879119047,0.0001131556422197,355.0,0.6446249980377727,False,False,False,AMBIGUOUS
BH032,171,172,1.720001220703125,0.6128690521648117,3562,1,1,-168.66213989257812,-170.65701293945312,0.0,211.02603243805987,213.4715028870856,2.4441971475698767,0.0,0.0,AMBIGUOUS,,,,2.154596083291456,0.0002555356367438,355.0,0.6013281771467199,False,False,False,AMBIGUOUS
BH032,172,173,1.7300004959106443,0.6209884329393015,3023,2,1,-225.12454223632807,-228.49737548828125,0.0,218.8741367003215,221.5018560244508,2.6234907697384484,0.0,0.0,AMBIGUOUS,,,,3.745935735089283,7.75207389397882e-05,355.0,0.6239488902097206,False,False,False,AMBIGUOUS
BH032,172,173,1.7300004959106443,0.6209884329393015,3944,2,5,-238.4052581787109,-241.2833404541016,0.0,225.73201746275092,228.4945609013532,2.7618895218375923,0.0,0.0,AMBIGUOUS,,,,2.8885048035503407,0.0002334004137292,355.0,0.6436466504263471,False,False,False,AMBIGUOUS
BH032,172,173,1.7300004959106443,0.6209884329393015,3536,1,5,-244.8822631835937,-248.2042388916016,0.0,235.82516894392955,238.98848967600028,3.1630075489784444,0.0,0.0,AMBIGUOUS,,,,3.339937513011865,0.0001088013086121,355.0,0.6732070131718317,False,False,False,AMBIGUOUS
BH032,172,173,1.7300004959106443,0.6209884329393015,5009,3,5,-339.1905212402344,-340.5941772460937,0.0,343.2346308904644,345.76836335153666,98.22752615348972,0.0004991553723812,0.000530207604176,CONTINUED_PLASTIC_LOADING,,,,36.62181835944003,2.5422272796166525,362.716634015763,0.9532740738229012,True,False,False,CONTINUED_PLASTIC_LOADING
BH032,172,173,1.7300004959106443,0.6209884329393015,4371,1,1,-399.9507751464844,-403.415283203125,0.0,354.9999896818468,355.0000028894306,35.17223661813505,0.0002320606727153,0.0001944744119738,CONTINUED_PLASTIC_LOADING,,,,12.670272143772692,3.687638128446612,355.0,1.0000000081392413,True,False,False,CONTINUED_PLASTIC_LOADING
BH032,172,173,1.7300004959106443,0.6209884329393015,3944,1,1,-241.7088928222656,-245.2530059814453,0.0,228.84187430340933,232.1268461173143,3.2860665175195765,0.0,0.0,AMBIGUOUS,,,,3.5933570951557408,0.0003627151196771,355.0,0.6538784397670825,False,False,False,AMBIGUOUS
BH032,172,173,1.7300004959106443,0.6209884329393015,3562,1,1,-170.65701293945312,-174.92169189453125,0.0,213.4715028870856,216.224011120874,2.7278726187852267,0.0,0.0,AMBIGUOUS,,,,4.776226058230405,0.0001546263217742,355.0,0.6090817214672507,False,False,False,AMBIGUOUS
BH032,173,174,1.740001201629639,0.6290992604345317,3023,2,1,-228.49737548828125,-231.38232421875,0.0,221.5018560244508,224.8779462837016,3.372992217752419,0.0,0.0,AMBIGUOUS,,,,3.090495568607166,5.921116988711405e-05,355.0,0.6334590036160608,False,False,False,AMBIGUOUS
BH032,173,174,1.740001201629639,0.6290992604345317,3944,2,5,-241.2833404541016,-244.91131591796875,0.0,228.4945609013532,231.8900737600432,3.395082748090561,0.0,0.0,AMBIGUOUS,,,,3.6654562688750905,0.0001385585934515,355.0,0.6532114753804034,False,False,False,AMBIGUOUS
BH032,173,174,1.740001201629639,0.6290992604345317,3536,1,5,-248.2042388916016,-251.82167053222656,0.0,238.98848967600028,242.4509623198369,3.46321156910928,0.0,0.0,AMBIGUOUS,,,,3.6327781558435968,0.0001909813529672,355.0,0.6829604572389772,False,False,False,AMBIGUOUS
BH032,173,174,1.740001201629639,0.6290992604345317,5009,3,5,-340.5941772460937,-341.9100036621094,0.0,345.76836335153666,351.6286135407155,103.2883522503191,0.0004826448857784,0.0005144944494763,CONTINUED_PLASTIC_LOADING,,,,16.32896958282002,5.523872278345884,363.8306675665117,0.9664622718381332,True,False,False,CONTINUED_PLASTIC_LOADING
BH032,173,174,1.740001201629639,0.6290992604345317,4371,1,1,-403.415283203125,-402.26019287109375,1.15509033203125,355.0000028894306,349.6989721170113,24.57846795911696,0.0002054220531135,0.0001742012621304,CONTINUED_PLASTIC_LOADING,,,,21.84655762678764,1.903764131523032,355.0,0.9850675270901726,True,False,False,CONTINUED_PLASTIC_LOADING_WITH_COMPONENT_DROP
BH032,173,174,1.740001201629639,0.6290992604345317,3944,1,1,-245.2530059814453,-248.30772399902344,0.0,232.1268461173143,235.0561184948652,2.9296498734887946,0.0,0.0,AMBIGUOUS,,,,3.066200994211677,0.0001226090532591,355.0,0.6621299112531414,False,False,False,AMBIGUOUS
BH032,173,174,1.740001201629639,0.6290992604345317,3562,1,1,-174.92169189453125,-174.20570373535156,0.7159881591796875,216.224011120874,219.2474729688246,2.985724164233184,0.0,0.0,AMBIGUOUS,,,,5.234424941348272,9.308363052586264e-05,355.0,0.6175985154051398,False,False,False,AMBIGUOUS
BH032,174,175,1.7500004768371582,0.6371856359537037,3023,2,1,-231.38232421875,-234.47268676757807,0.0,224.8779462837016,227.845675923282,2.966969556670624,0.0,0.0,AMBIGUOUS,,,,3.110881015254492,0.0002547120439085,355.0,0.6418188054176958,False,False,False,AMBIGUOUS
BH032,174,175,1.7500004768371582,0.6371856359537037,3944,2,5,-244.91131591796875,-248.0713653564453,0.0,231.8900737600432,234.90686747462053,3.017739530793597,0.0,0.0,AMBIGUOUS,,,,3.1771715107647958,0.0003493076652357,355.0,0.6617094858440015,False,False,False,AMBIGUOUS
BH032,174,175,1.7500004768371582,0.6371856359537037,3536,1,5,-251.82167053222656,-254.97244262695312,0.0,242.4509623198369,245.5584861832116,3.107468659891797,0.0,0.0,AMBIGUOUS,,,,3.155115594219825,3.018791656302068e-05,355.0,0.6917140455865116,False,False,False,AMBIGUOUS
BH032,174,175,1.7500004768371582,0.6371856359537037,5009,3,5,-341.9100036621094,-344.14190673828125,0.0,351.6286135407155,353.98572964051937,91.96263644352165,0.000440901145339,0.0004725784560471,CONTINUED_PLASTIC_LOADING,,,,2.3251454430106886,35.59420249110221,364.8483488534047,0.9702270292656584,True,False,False,CONTINUED_PLASTIC_LOADING
BH032,174,175,1.7500004768371582,0.6371856359537037,4371,1,1,-402.26019287109375,-402.0630798339844,0.197113037109375,349.6989721170113,350.5431517088793,25.09332601916986,0.000177786219865,0.000151416943651,CONTINUED_PLASTIC_LOADING,,,,31.50003382608377,1.1463380630719056,355.0,0.9874454977714908,True,False,False,CONTINUED_PLASTIC_LOADING
BH032,174,175,1.7500004768371582,0.6371856359537037,3944,1,1,-248.30772399902344,-251.8414459228516,0.0,235.0561184948652,238.33219033672788,3.27608521351656,0.0,0.0,AMBIGUOUS,,,,3.5847015176883743,3.7202062354558014e-05,355.0,0.67135828263867,False,False,False,AMBIGUOUS
BH032,174,175,1.7500004768371582,0.6371856359537037,3562,1,1,-174.20570373535156,-173.10086059570312,1.1048431396484375,219.2474729688246,221.92491170314412,2.6405536477584417,0.0,0.0,AMBIGUOUS,,,,5.244022022235287,8.298849985813672e-05,355.0,0.6251405963468849,False,False,False,AMBIGUOUS
BH032,175,176,1.7600011825561523,0.6453606009699099,3023,2,1,-234.47268676757807,-237.07521057128903,0.0,227.845675923282,230.64912940214543,2.802569873486615,0.0,0.0,AMBIGUOUS,,,,2.6422091616928007,8.096618586542033e-05,355.0,0.6497158574708322,False,False,False,AMBIGUOUS
BH032,175,176,1.7600011825561523,0.6453606009699099,3944,2,5,-248.0713653564453,-251.36383056640625,0.0,234.90686747462053,238.02058089450256,3.1136604323350747,0.0,0.0,AMBIGUOUS,,,,3.3168224558257213,1.7049363110443862e-05,355.0,0.670480509561979,False,False,False,AMBIGUOUS
BH032,175,176,1.7600011825561523,0.6453606009699099,3536,1,5,-254.97244262695312,-258.419921875,0.0,245.5584861832116,248.8346908441349,3.2737628199656554,0.0,0.0,AMBIGUOUS,,,,3.469046504403135,0.0007331257224108,355.0,0.7009427911102392,False,False,False,AMBIGUOUS
BH032,175,176,1.7600011825561523,0.6453606009699099,5009,3,5,-344.14190673828125,-344.80291748046875,0.0,353.98572964051937,360.72817868175633,93.35623050455185,0.0004300903528928,0.0004625397075333,CONTINUED_PLASTIC_LOADING,,,,13.34386197182733,6.061271649297251,365.8410768343573,0.9860242644242052,True,False,False,CONTINUED_PLASTIC_LOADING
BH032,175,176,1.7600011825561523,0.6453606009699099,4371,1,1,-402.0630798339844,-403.23480224609375,0.0,350.5431517088793,350.0535165634907,24.759433015346588,0.0001684934832155,0.0001438389006089,CONTINUED_PLASTIC_LOADING,,,,24.113538733251385,1.41944197861913,355.0,0.9860662438408188,True,False,False,CONTINUED_PLASTIC_LOADING
BH032,175,176,1.7600011825561523,0.6453606009699099,3944,1,1,-251.8414459228516,-255.0143280029297,0.0,238.33219033672788,241.3738363710971,3.0412418663434075,0.0,0.0,AMBIGUOUS,,,,3.1868580141178477,0.0001371157284694,355.0,0.6799262996368932,False,False,False,AMBIGUOUS
BH032,175,176,1.7600011825561523,0.6453606009699099,3562,1,1,-173.10086059570312,-178.16464233398438,0.0,221.92491170314412,224.9148391889734,2.9585775063616624,0.0,0.0,AMBIGUOUS,,,,5.7326598351232985,6.097964673502142e-05,355.0,0.6335629272928828,False,False,False,AMBIGUOUS
BH032,176,177,1.770000457763672,0.6534643315698612,3023,2,1,-237.07521057128903,-240.8640289306641,0.0,230.64912940214543,233.3250669341577,2.6678607611834377,0.0,0.0,AMBIGUOUS,,,,4.517282416756324,9.541458793038258e-05,355.0,0.6572537096736837,False,False,False,AMBIGUOUS
BH032,176,177,1.770000457763672,0.6534643315698612,3944,2,5,-251.36383056640625,-254.6076202392578,0.0,238.02058089450256,241.09440954562453,3.073919315874474,0.0,0.0,AMBIGUOUS,,,,3.2663209768307917,3.1739438276666094e-05,355.0,0.6791391818186606,False,False,False,AMBIGUOUS
BH032,176,177,1.770000457763672,0.6534643315698612,3536,1,5,-258.419921875,-261.86895751953125,0.0,248.8346908441349,252.1815273665615,3.3459317323356697,0.0,0.0,AMBIGUOUS,,,,3.457005083722259,0.0002380540088136,355.0,0.7103704996241169,False,False,False,AMBIGUOUS
BH032,176,177,1.770000457763672,0.6534643315698612,5009,3,5,-344.80291748046875,-343.51641845703125,1.2864990234375,360.72817868175633,352.0279473019751,75.61799213811237,0.0004286523908376,0.0004621267811414,CONTINUED_PLASTIC_LOADING,,,,23.925914098540872,3.374060645380159,366.8304857332658,0.9596474693162386,True,False,False,CONTINUED_PLASTIC_LOADING_WITH_COMPONENT_DROP
BH032,176,177,1.770000457763672,0.6534643315698612,4371,1,1,-403.23480224609375,-401.0723876953125,2.16241455078125,350.0535165634907,348.846197539756,28.95706555022045,0.0001955945044755,0.0001648933067093,CONTINUED_PLASTIC_LOADING,,,,18.28634398179341,2.1685982582358454,355.0,0.9826653451824112,True,False,False,CONTINUED_PLASTIC_LOADING_WITH_COMPONENT_DROP
BH032,176,177,1.770000457763672,0.6534643315698612,3944,1,1,-255.0143280029297,-258.49078369140625,0.0,241.3738363710971,244.61384787212623,3.238061146799142,0.0,0.0,AMBIGUOUS,,,,3.5191403185183487,0.0005486062390353,355.0,0.6890530925975387,False,False,False,AMBIGUOUS
BH032,176,177,1.770000457763672,0.6534643315698612,3562,1,1,-178.16464233398438,-179.82315063476562,0.0,224.9148391889734,227.02995839428195,2.1146209446605644,0.0,0.0,AMBIGUOUS,,,,1.81769680572141,0.0003375799373801,355.0,0.6395210095613576,False,False,False,AMBIGUOUS
BH032,177,178,1.780001163482666,0.6615779922995345,3023,2,1,-240.8640289306641,-243.893295288086,0.0,233.3250669341577,236.459127020238,3.1332645961073333,0.0,0.0,AMBIGUOUS,,,,3.0394401141666485,0.0001821310253589,355.0,0.6660820479443323,False,False,False,AMBIGUOUS
BH032,177,178,1.780001163482666,0.6615779922995345,3944,2,5,-254.6076202392578,-257.87823486328125,0.0,241.09440954562453,244.2098576352247,3.115222819125328,0.0,0.0,AMBIGUOUS,,,,3.28817153990928,0.000101626960133,355.0,0.6879150919302104,False,False,False,AMBIGUOUS
BH032,177,178,1.780001163482666,0.6615779922995345,3536,1,5,-261.86895751953125,-265.14117431640625,0.0,252.1815273665615,255.31602318713792,3.1350171298411995,0.0,0.0,AMBIGUOUS,,,,3.2855694593699933,0.0001504754019838,355.0,0.7192000653158814,False,False,False,AMBIGUOUS
BH032,177,178,1.780001163482666,0.6615779922995345,5009,3,5,-343.51641845703125,-343.9325256347656,0.0,352.0279473019751,358.5693807226152,77.71101126265671,0.0004392508417367,0.0004727174178408,CONTINUED_PLASTIC_LOADING,,,,66.92086937212646,1.2324254477293,367.8443578145999,0.9747855937030316,True,False,False,CONTINUED_PLASTIC_LOADING
BH032,177,178,1.780001163482666,0.6615779922995345,4371,1,1,-401.0723876953125,-401.5136413574219,0.0,348.846197539756,354.9318905442401,32.25001606641038,0.0001768977381289,0.0001474941959572,CONTINUED_PLASTIC_LOADING,,,,25.349021130550494,1.4140622282952156,355.0,0.9998081423781412,True,False,False,CONTINUED_PLASTIC_LOADING
BH032,177,178,1.780001163482666,0.6615779922995345,3944,1,1,-258.49078369140625,-261.8192443847656,0.0,244.61384787212623,247.7621533992124,3.148735837562486,0.0,0.0,AMBIGUOUS,,,,3.353822344635999,0.0001617566885753,355.0,0.6979215588710208,False,False,False,AMBIGUOUS
BH032,177,178,1.780001163482666,0.6615779922995345,3562,1,1,-179.82315063476562,-176.87066650390625,2.952484130859375,227.02995839428195,230.3637900568508,3.236841797562673,0.0,0.0,AMBIGUOUS,,,,8.840091953617964,4.117926701868625e-05,355.0,0.6489120846671853,False,False,False,AMBIGUOUS
BH032,178,179,1.7900004386901855,0.6698274353540854,3023,2,1,-243.893295288086,-247.0333404541016,0.0,236.459127020238,239.39153144907385,2.93218474860602,0.0,0.0,AMBIGUOUS,,,,3.1717986339093227,3.772689646412726e-05,355.0,0.6743423421100672,False,False,False,AMBIGUOUS
BH032,178,179,1.7900004386901855,0.6698274353540854,3944,2,5,-257.87823486328125,-261.4007873535156,0.0,244.2098576352247,247.5069060442948,3.2967529186208138,0.0,0.0,AMBIGUOUS,,,,3.5659279097725696,5.518707959428648e-05,355.0,0.6972025522374501,False,False,False,AMBIGUOUS
BH032,178,179,1.7900004386901855,0.6698274353540854,3536,1,5,-265.14117431640625,-268.5228576660156,0.0,255.31602318713792,258.58377097373545,3.266751754920232,0.0,0.0,AMBIGUOUS,,,,3.390803239431324,0.0002730246710076,355.0,0.7284049886584097,False,False,False,AMBIGUOUS
BH032,178,179,1.7900004386901855,0.6698274353540854,5009,3,5,-343.9325256347656,-345.1018981933594,0.0,358.5693807226152,367.6198802752377,52.02186875689962,0.0004302859306335,0.00046428685996,CONTINUED_PLASTIC_LOADING,,,,103.22860135899428,0.7840531197942947,368.8375372251053,0.996698663159318,True,False,False,CONTINUED_PLASTIC_LOADING
BH032,178,179,1.7900004386901855,0.6698274353540854,4371,1,1,-401.5136413574219,-404.3154602050781,0.0,354.9318905442401,352.1344232530911,10.079769590288484,0.0001547150313854,0.0001273933118416,CONTINUED_PLASTIC_LOADING,,,,53.800466834635536,0.5818304143543465,355.0,0.9919279528256086,True,False,False,CONTINUED_PLASTIC_LOADING
BH032,178,179,1.7900004386901855,0.6698274353540854,3944,1,1,-261.8192443847656,-265.0406799316406,0.0,247.7621533992124,250.82052993033108,3.0584599005787263,0.0,0.0,AMBIGUOUS,,,,3.242058552754901,5.460255658117055e-05,355.0,0.7065367040291016,False,False,False,AMBIGUOUS
BH032,178,179,1.7900004386901855,0.6698274353540854,3562,1,1,-176.87066650390625,-178.0941619873047,0.0,230.3637900568508,232.8665707537702,2.501794974818774,0.0,0.0,AMBIGUOUS,,,,2.1926787145384354,0.0003651253056327,355.0,0.6559621711373809,False,False,False,AMBIGUOUS
BH032,179,180,1.8000011444091797,0.6781166146895724,3023,2,1,-247.0333404541016,-249.23403930664065,0.0,239.39153144907385,242.12396682443708,2.7301463834501343,0.0,0.0,AMBIGUOUS,,,,2.50030981738063,0.0003452586251588,355.0,0.6820393431674284,False,False,False,AMBIGUOUS
BH032,179,180,1.8000011444091797,0.6781166146895724,3944,2,5,-261.4007873535156,-264.8362731933594,0.0,247.5069060442948,250.69147752265843,3.184204503225393,0.0,0.0,AMBIGUOUS,,,,3.4839900171774048,8.849240991131384e-05,355.0,0.7061731761201646,False,False,False,AMBIGUOUS
BH032,179,180,1.8000011444091797,0.6781166146895724,3536,1,5,-268.5228576660156,-272.4524230957031,0.0,258.58377097373545,262.3036981983447,3.719486533410751,0.0,0.0,AMBIGUOUS,,,,3.956145332560196,9.218535300971078e-05,355.0,0.7388836568967456,False,False,False,AMBIGUOUS
BH032,179,180,1.8000011444091797,0.6781166146895724,5009,3,5,-345.1018981933594,-342.9864807128906,2.11541748046875,367.6198802752377,369.7873257756502,19.863711559541933,0.0004114750772714,0.0004455421456651,CONTINUED_PLASTIC_LOADING,,,,125.82575315590272,0.6167760990746284,369.7872977113022,1.000000075893218,True,False,False,CONTINUED_PLASTIC_LOADING_WITH_COMPONENT_DROP
BH032,179,180,1.8000011444091797,0.6781166146895724,4371,1,1,-404.3154602050781,-404.6248779296875,0.0,352.1344232530911,353.7727119420021,20.85329905799112,0.0001591593027114,0.0001306658419123,CONTINUED_PLASTIC_LOADING,,,,38.26521356713903,0.8414084951549993,355.0,0.996542850540851,True,False,False,CONTINUED_PLASTIC_LOADING
BH032,179,180,1.8000011444091797,0.6781166146895724,3944,1,1,-265.0406799316406,-268.6384582519531,0.0,250.82052993033108,254.2209180439717,3.399542805294657,0.0,0.0,AMBIGUOUS,,,,3.6300365880106855,0.0002057939938167,355.0,0.7161152620956949,False,False,False,AMBIGUOUS
BH032,179,180,1.8000011444091797,0.6781166146895724,3562,1,1,-178.0941619873047,-184.6977386474609,0.0,232.8665707537702,235.6741824339735,2.749249951882767,0.0,0.0,AMBIGUOUS,,,,8.095782866422098,0.0001226315180146,355.0,0.6638709364337282,False,False,False,AMBIGUOUS
BH032,180,181,1.8100004196166992,0.6863532948025849,3023,2,1,-249.23403930664065,-253.20448303222656,0.0,242.12396682443708,245.52635332831744,3.4002618271517857,0.0,0.0,AMBIGUOUS,,,,4.168587663190409,8.89736855772189e-05,355.0,0.6916235305023026,False,False,False,AMBIGUOUS
BH032,180,181,1.8100004196166992,0.6863532948025849,3944,2,5,-264.8362731933594,-268.1748046875,0.0,250.69147752265843,253.85968161438305,3.16697705956286,0.0,0.0,AMBIGUOUS,,,,3.3594517835588293,0.0003575206628848,355.0,0.715097694688403,False,False,False,AMBIGUOUS
BH032,180,181,1.8100004196166992,0.6863532948025849,3536,1,5,-272.4524230957031,-275.9844665527344,0.0,262.3036981983447,265.6848470104237,3.381739131121518,0.0,0.0,AMBIGUOUS,,,,3.548926011964086,0.0002011595718172,355.0,0.7484080197476725,False,False,False,AMBIGUOUS
BH032,180,181,1.8100004196166992,0.6863532948025849,5009,3,5,-342.9864807128906,-346.49755859375,0.0,369.7873257756502,355.39015792782243,42.42933976695349,0.0003919601440429,0.0004250636515507,CONTINUED_PLASTIC_LOADING,,,,73.02294481053254,1.0129135268946752,370.69201412680087,0.9587208366626851,True,False,False,CONTINUED_PLASTIC_LOADING
BH032,180,181,1.8100004196166992,0.6863532948025849,4371,1,1,-404.6248779296875,-398.96685791015625,5.65802001953125,353.7727119420021,347.0063377485984,16.522437720042348,0.0001764916814863,0.0001441975755872,CONTINUED_PLASTIC_LOADING,,,,35.712324781768736,1.0008883496614611,355.0,0.9774826415453476,True,False,False,CONTINUED_PLASTIC_LOADING_WITH_COMPONENT_DROP
BH032,180,181,1.8100004196166992,0.6863532948025849,3944,1,1,-268.6384582519531,-272.0182189941406,0.0,254.2209180439717,257.4543760746518,3.234962625867286,0.0,0.0,AMBIGUOUS,,,,3.395003876052798,0.000446212522192,355.0,0.725223594576484,False,False,False,AMBIGUOUS
BH032,180,181,1.8100004196166992,0.6863532948025849,3562,1,1,-184.6977386474609,-183.09295654296875,1.6047821044921875,235.6741824339735,238.9164577958796,3.1910356753831715,0.0,0.0,AMBIGUOUS,,,,6.631287196325972,0.0001142296768567,355.0,0.6730041064672665,False,False,False,AMBIGUOUS
BH032,181,182,1.8200011253356927,0.6944553544628975,3023,2,1,-253.20448303222656,-255.7654571533203,0.0,245.52635332831744,248.0847469726581,2.5573984397129768,0.0,0.0,AMBIGUOUS,,,,2.561706278977008,0.0003687331389863,355.0,0.6988302731624172,False,False,False,AMBIGUOUS
BH032,181,182,1.8200011253356927,0.6944553544628975,3944,2,5,-268.1748046875,-271.6167297363281,0.0,253.85968161438305,257.13422665000684,3.273538290445015,0.0,0.0,AMBIGUOUS,,,,3.464666045038322,0.0002515388487132,355.0,0.7243217652112869,False,False,False,AMBIGUOUS
BH032,181,182,1.8200011253356927,0.6944553544628975,3536,1,5,-275.9844665527344,-279.4654235839844,0.0,265.6848470104237,269.0735516112065,3.3874057269343045,0.0,0.0,AMBIGUOUS,,,,3.4870332892077154,0.0003474534469376,355.0,0.7579536665104408,False,False,False,AMBIGUOUS
BH032,181,182,1.8200011253356927,0.6944553544628975,5009,3,5,-346.49755859375,-347.1299743652344,0.0,355.39015792782243,358.3227548846173,85.56016478773725,0.0004004668444395,0.0004347891861624,CONTINUED_PLASTIC_LOADING,,,,15.00050515125504,5.038721115093737,371.616365578176,0.964227596185448,True,False,False,CONTINUED_PLASTIC_LOADING
BH032,181,182,1.8200011253356927,0.6944553544628975,4371,1,1,-398.96685791015625,-400.4530334472656,0.0,347.0063377485984,354.5942547134149,29.624972295561104,0.0001568747684359,0.0001272826100563,CONTINUED_PLASTIC_LOADING,,,,28.027221284327336,1.128637525262863,355.0,0.9988570555307462,True,False,False,CONTINUED_PLASTIC_LOADING
BH032,181,182,1.8200011253356927,0.6944553544628975,3944,1,1,-272.0182189941406,-275.6941833496094,0.0,257.4543760746518,260.8873274050681,3.432236190831349,0.0,0.0,AMBIGUOUS,,,,3.719441722623891,0.0002067909408809,355.0,0.7348938800142764,False,False,False,AMBIGUOUS
BH032,181,182,1.8200011253356927,0.6944553544628975,3562,1,1,-183.09295654296875,-177.45335388183594,5.6396026611328125,238.9164577958796,240.4980339014519,1.4537039039598234,0.0,0.0,AMBIGUOUS,,,,10.68885558545522,4.8684213925066006e-05,355.0,0.677459250426625,False,False,False,AMBIGUOUS
BH032,182,183,1.830000400543213,0.7026351434454221,3023,2,1,-255.7654571533203,-259.4438781738281,0.0,248.0847469726581,251.33502087500835,3.2496627490032424,0.0,0.0,AMBIGUOUS,,,,3.813698334310464,0.0001467380431051,355.0,0.7079859742957981,False,False,False,AMBIGUOUS
BH032,182,183,1.830000400543213,0.7026351434454221,3944,2,5,-271.6167297363281,-275.236572265625,0.0,257.13422665000684,260.4788068714861,3.3427025650969053,0.0,0.0,AMBIGUOUS,,,,3.673997243610952,0.0004879626154909,355.0,0.7337431179478481,False,False,False,AMBIGUOUS
BH032,182,183,1.830000400543213,0.7026351434454221,3536,1,5,-279.4654235839844,-283.2008361816406,0.0,269.0735516112065,272.678033798442,3.6028854107918784,0.0,0.0,AMBIGUOUS,,,,3.7464460209081647,0.0005632181762825,355.0,0.7681071374604,False,False,False,AMBIGUOUS
BH032,182,183,1.830000400543213,0.7026351434454221,5009,3,5,-347.1299743652344,-346.6046142578125,0.525360107421875,358.3227548846173,358.00318688084803,76.59896510889,0.0004020500928163,0.0004369966589017,CONTINUED_PLASTIC_LOADING,,,,39.381056086595,1.926831699324292,372.5443714592631,0.9609679123014072,True,False,False,CONTINUED_PLASTIC_LOADING_WITH_COMPONENT_DROP
BH032,182,183,1.830000400543213,0.7026351434454221,4371,1,1,-400.4530334472656,-402.2054443359375,0.0,354.5942547134149,349.55199340841904,14.710427323153397,0.000165918841958,0.0001342989921948,CONTINUED_PLASTIC_LOADING,,,,38.30772913074036,0.8725660409753156,355.0,0.9846535025589268,True,False,False,CONTINUED_PLASTIC_LOADING
BH032,182,183,1.830000400543213,0.7026351434454221,3944,1,1,-275.6941833496094,-279.1097106933594,0.0,260.8873274050681,264.1782705198943,3.2928855246375965,0.0,0.0,AMBIGUOUS,,,,3.427125961427184,0.0005788809041368,355.0,0.7441641423095614,False,False,False,AMBIGUOUS
BH032,182,183,1.830000400543213,0.7026351434454221,3562,1,1,-177.45335388183594,-186.6613311767578,0.0,240.4980339014519,245.17577213077408,4.5889603746332455,0.0,0.0,AMBIGUOUS,,,,10.600570032162272,0.0001926306850082,355.0,0.6906359778331664,False,False,False,AMBIGUOUS
BH032,183,184,1.840001106262207,0.7110894380898083,3023,2,1,-259.4438781738281,-262.5884094238281,0.0,251.33502087500835,254.74882600549915,3.4136286194999066,0.0,0.0,AMBIGUOUS,,,,3.215776866584668,0.0004376751639345,355.0,0.717602326776054,False,False,False,AMBIGUOUS
BH032,183,184,1.840001106262207,0.7110894380898083,3944,2,5,-275.236572265625,-278.4891052246094,0.0,260.4788068714861,263.5892432526795,3.109047795860091,0.0,0.0,AMBIGUOUS,,,,3.2676441399750225,0.0004518290607242,355.0,0.7425049105709283,False,False,False,AMBIGUOUS
BH032,183,184,1.840001106262207,0.7110894380898083,3536,1,5,-283.2008361816406,-286.4449462890625,0.0,272.678033798442,275.8033769564868,3.123541063461773,0.0,0.0,AMBIGUOUS,,,,3.253968841245405,0.0005271147190269,355.0,0.7769109210041881,False,False,False,AMBIGUOUS
BH032,183,184,1.840001106262207,0.7110894380898083,5009,3,5,-346.6046142578125,-347.7076721191406,0.0,358.00318688084803,361.7946741703605,78.59348353439813,0.0003998670727014,0.0004348753119631,CONTINUED_PLASTIC_LOADING,,,,45.3788541135408,1.6634541124972464,373.4673385266768,0.9687451534520668,True,False,False,CONTINUED_PLASTIC_LOADING
BH032,183,184,1.840001106262207,0.7110894380898083,4371,1,1,-402.2054443359375,-401.2629089355469,0.942535400390625,349.55199340841904,349.6861244387585,28.73994577844799,0.000182578805834,0.0001470896037108,CONTINUED_PLASTIC_LOADING,,,,11.161175329816002,3.283258388945746,355.0,0.9850313364472072,True,False,False,CONTINUED_PLASTIC_LOADING_WITH_COMPONENT_DROP
BH032,183,184,1.840001106262207,0.7110894380898083,3944,1,1,-279.1097106933594,-282.577392578125,0.0,264.1782705198943,267.39714201462664,3.2191261163368416,0.0,0.0,AMBIGUOUS,,,,3.5138627827237303,0.000106854183526,355.0,0.7532313859566948,False,False,False,AMBIGUOUS
BH032,183,184,1.840001106262207,0.7110894380898083,3562,1,1,-186.6613311767578,-190.06451416015625,0.0,245.17577213077408,247.5352660886712,2.3506056021390607,0.0,0.0,AMBIGUOUS,,,,3.611709276450111,0.0004100600777614,355.0,0.6972824396863977,False,False,False,AMBIGUOUS
BH032,184,185,1.8500003814697263,0.7196348011973916,3023,2,1,-262.5884094238281,-265.5953674316406,0.0,254.74882600549915,257.8890588986425,3.1378790229517763,0.0,0.0,AMBIGUOUS,,,,3.0228301608337964,0.00061466048314,355.0,0.7264480532356126,False,False,False,AMBIGUOUS
BH032,184,185,1.8500003814697263,0.7196348011973916,3944,2,5,-278.4891052246094,-281.7485656738281,0.0,263.5892432526795,266.6798874298313,3.0889632830323164,0.0,0.0,AMBIGUOUS,,,,3.280968830411328,0.0005942129923944,355.0,0.751210950506567,False,False,False,AMBIGUOUS
BH032,184,185,1.8500003814697263,0.7196348011973916,3536,1,5,-286.4449462890625,-290.1405334472656,0.0,275.8033769564868,279.2714389720753,3.4686701394319424,0.0,0.0,AMBIGUOUS,,,,3.7291829133774046,0.0001752536749799,355.0,0.7866801097804939,False,False,False,AMBIGUOUS
BH032,184,185,1.8500003814697263,0.7196348011973916,5009,3,5,-347.7076721191406,-348.37811279296875,0.0,361.7946741703605,371.3744339291039,59.73447793387863,0.0003775339573621,0.0004117346712539,CONTINUED_PLASTIC_LOADING,,,,83.01573177030289,0.860657176698379,374.3387566385048,0.99208117605556,True,False,False,CONTINUED_PLASTIC_LOADING
BH032,184,185,1.8500003814697263,0.7196348011973916,4371,1,1,-401.2629089355469,-400.719970703125,0.542938232421875,349.6861244387585,349.2977431063526,21.839976742303485,0.0001545818522572,0.0001265568480669,CONTINUED_PLASTIC_LOADING,,,,24.31098049110199,1.2811554519079629,355.0,0.9839373045249368,True,False,False,CONTINUED_PLASTIC_LOADING_WITH_COMPONENT_DROP
BH032,184,185,1.8500003814697263,0.7196348011973916,3944,1,1,-282.577392578125,-286.04833984375,0.0,267.39714201462664,270.61270281111393,3.215366702591532,0.0,0.0,AMBIGUOUS,,,,3.522070323765166,0.0001006722524225,355.0,0.7622893036932787,False,False,False,AMBIGUOUS
BH032,184,185,1.8500003814697263,0.7196348011973916,3562,1,1,-190.06451416015625,-182.71517944335932,7.349334716796875,247.5352660886712,249.8868608691785,2.133642252603696,0.0,0.0,AMBIGUOUS,,,,14.243279442595496,2.548098839090108e-05,355.0,0.7039066503357141,False,False,False,AMBIGUOUS
BH032,185,186,1.8600010871887207,0.7280325387239789,3023,2,1,-265.5953674316406,-268.8439636230469,0.0,257.8890588986425,260.5166186048015,2.626644687207082,0.0,0.0,AMBIGUOUS,,,,3.525941053621297,0.0003996936139828,355.0,0.7338496298726803,False,False,False,AMBIGUOUS
BH032,185,186,1.8600010871887207,0.7280325387239789,3944,2,5,-281.7485656738281,-285.1852722167969,0.0,266.6798874298313,269.92114264005664,3.2419028069737204,0.0,0.0,AMBIGUOUS,,,,3.464403842267404,0.0002534744085033,355.0,0.760341246873399,False,False,False,AMBIGUOUS
BH032,185,186,1.8600010871887207,0.7280325387239789,3536,1,5,-290.1405334472656,-293.6224365234375,0.0,279.2714389720753,282.7108780057683,3.4396898768687643,0.0,0.0,AMBIGUOUS,,,,3.4831640104954658,8.425285008351457e-05,355.0,0.7963686704387839,False,False,False,AMBIGUOUS
BH032,185,186,1.8600010871887207,0.7280325387239789,5009,3,5,-348.37811279296875,-349.47442626953125,0.0,371.3744339291039,365.3399971958335,67.75123987343623,0.0003675706684589,0.0004018518501582,CONTINUED_PLASTIC_LOADING,,,,19.71565564530461,3.5326648074546645,375.1871776391208,0.9737539526130636,True,False,False,CONTINUED_PLASTIC_LOADING
BH032,185,186,1.8600010871887207,0.7280325387239789,4371,1,1,-400.719970703125,-398.382080078125,2.337890625,349.2977431063526,350.95606218482175,23.726839799572723,0.0001482171937823,0.0001193285577745,CONTINUED_PLASTIC_LOADING,,,,18.708692470382303,1.5994163852604455,355.0,0.9886086258727372,True,False,False,CONTINUED_PLASTIC_LOADING_WITH_COMPONENT_DROP
BH032,185,186,1.8600010871887207,0.7280325387239789,3944,1,1,-286.04833984375,-289.472412109375,0.0,270.61270281111393,273.84975043070835,3.238032605295593,0.0,0.0,AMBIGUOUS,,,,3.4508486588485714,0.0002744549213842,355.0,0.7714077476921362,False,False,False,AMBIGUOUS
BH032,185,186,1.8600010871887207,0.7280325387239789,3562,1,1,-182.71517944335932,-182.8482360839844,0.0,249.8868608691785,253.5303214792484,3.627675330632598,0.0,0.0,AMBIGUOUS,,,,4.526442738309207,0.0003400515853914,355.0,0.7141699196598547,False,False,False,AMBIGUOUS
BH032,186,187,1.87000036239624,0.7362638436283223,3023,2,1,-268.8439636230469,-272.71588134765625,0.0,260.5166186048015,263.769519395107,3.2519389708149458,0.0,0.0,AMBIGUOUS,,,,4.109306513928062,0.0002362101398116,355.0,0.7430127306904423,False,False,False,AMBIGUOUS
BH032,186,187,1.87000036239624,0.7362638436283223,3944,2,5,-285.1852722167969,-288.4378356933594,0.0,269.92114264005664,273.017377623644,3.0954488905284627,0.0,0.0,AMBIGUOUS,,,,3.270718622105511,0.0002234671602866,355.0,0.7690630355595606,False,False,False,AMBIGUOUS
BH032,186,187,1.87000036239624,0.7362638436283223,3536,1,5,-293.6224365234375,-297.0598449707031,0.0,282.7108780057683,286.01178803821693,3.3014683631013906,0.0,0.0,AMBIGUOUS,,,,3.4498917501058286,0.0001944325349045,355.0,0.8056670085583576,False,False,False,AMBIGUOUS
BH032,186,187,1.87000036239624,0.7362638436283223,5009,3,5,-349.47442626953125,-351.7550964355469,0.0,365.3399971958335,375.6912691801908,50.51441524369498,0.000357499346137,0.0003912584889528,CONTINUED_PLASTIC_LOADING,,,,91.5965994051703,0.740283915157465,376.0123521674389,0.9991460839374096,True,False,False,CONTINUED_PLASTIC_LOADING
BH032,186,187,1.87000036239624,0.7362638436283223,4371,1,1,-398.382080078125,-402.1800231933594,0.0,350.95606218482175,352.0878386355692,5.935861572368349,0.0001081614755094,8.845470134492916e-05,CONTINUED_PLASTIC_LOADING,,,,53.03456839059892,0.4126334748363252,355.0,0.9917967285508992,True,False,False,CONTINUED_PLASTIC_LOADING
BH032,186,187,1.87000036239624,0.7362638436283223,3944,1,1,-289.472412109375,-293.0787353515625,0.0,273.84975043070835,277.24552640338555,3.3969289329555274,0.0,0.0,AMBIGUOUS,,,,3.6363894521715983,0.0003107158911573,355.0,0.7809733138123537,False,False,False,AMBIGUOUS
BH032,186,187,1.87000036239624,0.7362638436283223,3562,1,1,-182.8482360839844,-191.6558532714844,0.0,253.5303214792484,256.6581638604443,3.023887521235053,0.0,0.0,AMBIGUOUS,,,,11.03243769711134,0.0001154595529733,355.0,0.7229807432688572,False,False,False,AMBIGUOUS
BH032,187,188,1.8800010681152344,0.7443970560296269,3023,2,1,-272.71588134765625,-276.0759582519531,0.0,263.769519395107,266.85028764629794,3.078603443096084,0.0,0.0,AMBIGUOUS,,,,3.4397346598532383,0.0004070079055288,355.0,0.7516909511163322,False,False,False,AMBIGUOUS
BH032,187,188,1.8800010681152344,0.7443970560296269,3944,2,5,-288.4378356933594,-291.9657592773437,0.0,273.017377623644,276.3468594231257,3.3294314128778777,0.0,0.0,AMBIGUOUS,,,,3.555205781732686,9.812486811177709e-06,355.0,0.7784418575299316,False,False,False,AMBIGUOUS
BH032,187,188,1.8800010681152344,0.7443970560296269,3536,1,5,-297.0598449707031,-300.8688049316406,0.0,286.01178803821693,289.681933254487,3.671356451460967,0.0,0.0,AMBIGUOUS,,,,3.820423303002037,0.0003205541997348,355.0,0.8160054457872873,False,False,False,AMBIGUOUS
BH032,187,188,1.8800010681152344,0.7443970560296269,5009,3,5,-351.7550964355469,-352.1756286621094,0.0,375.6912691801908,376.21703252895895,19.62263285715587,0.0003485139459371,0.0003822977879108,CONTINUED_PLASTIC_LOADING,,,,113.20180636878855,0.5844406832271762,376.81678673230886,0.998408366547173,True,False,False,CONTINUED_PLASTIC_LOADING
BH032,187,188,1.8800010681152344,0.7443970560296269,4371,1,1,-402.1800231933594,-401.7033081054688,0.476715087890625,352.0878386355692,350.3175371135524,16.536518655434136,0.0001394222490489,0.0001120382555597,CONTINUED_PLASTIC_LOADING,,,,30.23044504031832,0.9310756913354088,355.0,0.9868099637001476,True,False,False,CONTINUED_PLASTIC_LOADING
BH032,187,188,1.8800010681152344,0.7443970560296269,3944,1,1,-293.0787353515625,-296.49951171875,0.0,277.24552640338555,280.4504348971638,3.2041562544591926,0.0,0.0,AMBIGUOUS,,,,3.4552547635543456,0.0002141665761786,355.0,0.7900012250624332,False,False,False,AMBIGUOUS
BH032,187,188,1.8800010681152344,0.7443970560296269,3562,1,1,-191.6558532714844,-192.2357940673828,0.0,256.6581638604443,260.0306022759083,3.36112522727602,0.0,0.0,AMBIGUOUS,,,,3.783006943239635,0.000311147962296,355.0,0.732480569791291,False,False,False,AMBIGUOUS
BH032,188,189,1.890000343322754,0.7526488877481339,3023,2,1,-276.0759582519531,-279.1794128417969,0.0,266.85028764629794,269.7118725163183,2.8632329629061912,0.0,0.0,AMBIGUOUS,,,,3.147791839300681,0.0006092480450436,355.0,0.7597517535670938,False,False,False,AMBIGUOUS
BH032,188,189,1.890000343322754,0.7526488877481339,3944,2,5,-291.9657592773437,-295.2940673828125,0.0,276.3468594231257,279.5042576464002,3.157810778191392,0.0,0.0,AMBIGUOUS,,,,3.3507942923526755,0.0001210678676726,355.0,0.7873359370321132,False,False,False,AMBIGUOUS
BH032,188,189,1.890000343322754,0.7526488877481339,3536,1,5,-300.8688049316406,-304.20166015625,0.0,289.681933254487,292.8890148721476,3.2088071010602754,0.0,0.0,AMBIGUOUS,,,,3.3437544253822216,0.0004878521519786,355.0,0.8250394785130918,False,False,False,AMBIGUOUS
BH032,188,189,1.890000343322754,0.7526488877481339,5009,3,5,-352.1756286621094,-351.3211669921875,0.854461669921875,376.21703252895895,367.121353937782,61.47203503761655,0.000358996912837,0.0003937675143245,CONTINUED_PLASTIC_LOADING,,,,26.56339830847875,2.5660877104095703,377.6454179212017,0.9721324197673288,True,False,False,CONTINUED_PLASTIC_LOADING_WITH_COMPONENT_DROP
BH032,188,189,1.890000343322754,0.7526488877481339,4371,1,1,-401.7033081054688,-400.383544921875,1.31976318359375,350.3175371135524,352.67216460962413,23.136883123771995,0.0001425589434802,0.000114484202453,CONTINUED_PLASTIC_LOADING,,,,20.43676071685313,1.410600760810491,355.0,0.9934427172102088,True,False,False,CONTINUED_PLASTIC_LOADING_WITH_COMPONENT_DROP
BH032,188,189,1.890000343322754,0.7526488877481339,3944,1,1,-296.49951171875,-300.1136169433594,0.0,280.4504348971638,283.84499240273885,3.394226273268292,0.0,0.0,AMBIGUOUS,,,,3.6487467255109296,9.650893740660138e-05,355.0,0.7995633588809545,False,False,False,AMBIGUOUS
BH032,188,189,1.890000343322754,0.7526488877481339,3562,1,1,-192.2357940673828,-184.72494506835932,7.510848999023437,260.0306022759083,262.0840792062833,1.8609022595285152,0.0,0.0,AMBIGUOUS,,,,13.800284945001602,4.068504766951602e-05,355.0,0.7382650118486854,False,False,False,AMBIGUOUS
BH032,189,190,1.900001049041748,0.7612798355125185,3023,2,1,-279.1794128417969,-283.1571655273437,0.0,269.7118725163183,273.50526779266823,3.791977067581672,0.0,0.0,AMBIGUOUS,,,,4.004186581789543,0.0003513001053815,355.0,0.7704373740638542,False,False,False,AMBIGUOUS
BH032,189,190,1.900001049041748,0.7612798355125185,3944,2,5,-295.2940673828125,-298.85302734375,0.0,279.5042576464002,282.83424364821445,3.3290601021753523,0.0,0.0,AMBIGUOUS,,,,3.5977983334751835,0.0002598335045948,355.0,0.7967161792907449,False,False,False,AMBIGUOUS
BH032,189,190,1.900001049041748,0.7612798355125185,3536,1,5,-304.20166015625,-307.96337890625,0.0,292.8890148721476,296.5346168581391,3.647148181387599,0.0,0.0,AMBIGUOUS,,,,3.770087978840901,0.0004134379592636,355.0,0.835308779882082,False,False,False,AMBIGUOUS
BH032,189,190,1.900001049041748,0.7612798355125185,5009,3,5,-351.3211669921875,-351.9757385253906,0.0,367.121353937782,378.226296375212,81.11002936104137,0.0003452878445386,0.0003800875125884,CONTINUED_PLASTIC_LOADING,,,,26.924292329039677,2.436792091450634,378.44240604811705,0.9994289496381714,True,False,False,CONTINUED_PLASTIC_LOADING
BH032,189,190,1.900001049041748,0.7612798355125185,4371,1,1,-400.383544921875,-402.9812316894531,0.0,352.67216460962413,351.78658184694945,5.7342002104406085,8.574221283197403e-05,6.95991740210971e-05,CONTINUED_PLASTIC_LOADING,,,,39.68467476283701,0.4380889870155323,355.0,0.9909481178787308,True,False,False,CONTINUED_PLASTIC_LOADING
BH032,189,190,1.900001049041748,0.7612798355125185,3944,1,1,-300.1136169433594,-303.5963439941406,0.0,283.84499240273885,287.145793847836,3.299397775931115,0.0,0.0,AMBIGUOUS,,,,3.51055576357902,0.0003799543973605,355.0,0.8088613911206648,False,False,False,AMBIGUOUS
BH032,189,190,1.900001049041748,0.7612798355125185,3562,1,1,-184.72494506835932,-188.57313537597656,0.0,262.0840792062833,266.01678040199545,3.930136231503876,0.0,0.0,AMBIGUOUS,,,,3.878044297400587,7.782596263732012e-05,355.0,0.7493430433859026,False,False,False,AMBIGUOUS
BH032,190,191,1.910000324249268,0.7697918754010128,3023,2,1,-283.1571655273437,-286.1357421875,0.0,273.50526779266823,276.120976500465,2.6150639272579776,0.0,0.0,AMBIGUOUS,,,,3.0928191003123,2.0715603533375837e-05,355.0,0.7778055676069437,False,False,False,AMBIGUOUS
BH032,190,191,1.910000324249268,0.7697918754010128,3944,2,5,-298.85302734375,-302.40679931640625,0.0,282.83424364821445,286.2088043633639,3.374346830604801,0.0,0.0,AMBIGUOUS,,,,3.577041738700788,6.039639153566384e-05,355.0,0.8062219841221518,False,False,False,AMBIGUOUS
BH032,190,191,1.910000324249268,0.7697918754010128,3536,1,5,-307.96337890625,-311.3943786621094,0.0,296.5346168581391,299.8931997930007,3.357367349535255,0.0,0.0,AMBIGUOUS,,,,3.435534361947488,0.0003538088500109,355.0,0.8447695768816921,False,False,False,AMBIGUOUS
BH032,190,191,1.910000324249268,0.7697918754010128,5009,3,5,-351.9757385253906,-354.0033874511719,0.0,378.226296375212,366.2511443892844,45.63649435643533,0.0003409460186958,0.000375645415053,CONTINUED_PLASTIC_LOADING,,,,57.727855535378126,1.1231150065373237,379.2293724389631,0.9657773659086296,True,False,False,CONTINUED_PLASTIC_LOADING
BH032,190,191,1.910000324249268,0.7697918754010128,4371,1,1,-402.9812316894531,-401.6699523925781,1.311279296875,351.78658184694945,352.4203496560835,16.74423671263616,0.0001293527893722,0.0001032583636577,CONTINUED_PLASTIC_LOADING,,,,32.15990278003566,0.8153745056722672,355.0,0.9927333793129112,True,False,False,CONTINUED_PLASTIC_LOADING_WITH_COMPONENT_DROP
BH032,190,191,1.910000324249268,0.7697918754010128,3944,1,1,-303.5963439941406,-307.1239929199219,0.0,287.145793847836,290.4952191739917,3.3473783585942125,0.0,0.0,AMBIGUOUS,,,,3.5520900560047943,0.000563840608231,355.0,0.8182963920394133,False,False,False,AMBIGUOUS
BH032,190,191,1.910000324249268,0.7697918754010128,3562,1,1,-188.57313537597656,-194.8508758544922,0.0,266.01678040199545,269.8139705957776,3.766654376719387,0.0,0.0,AMBIGUOUS,,,,6.789190656849118,0.0002140397814662,355.0,0.7600393537909229,False,False,False,AMBIGUOUS
BH032,191,192,1.9200010299682613,0.7781825446856446,3023,2,1,-286.1357421875,-289.7591247558594,0.0,276.120976500465,279.3174053056324,3.19504082637645,0.0,0.0,AMBIGUOUS,,,,3.744259324602573,0.0001649454507819,355.0,0.7868095924102322,False,False,False,AMBIGUOUS
BH032,191,192,1.9200010299682613,0.7781825446856446,3944,2,5,-302.40679931640625,-305.7647399902344,0.0,286.2088043633639,289.37829116728074,3.168225670750329,0.0,0.0,AMBIGUOUS,,,,3.3843649471942614,0.0003768813056248,355.0,0.8151501159641711,False,False,False,AMBIGUOUS
BH032,191,192,1.9200010299682613,0.7781825446856446,3536,1,5,-311.3943786621094,-315.16998291015625,0.0,299.8931997930007,303.48247198237976,3.5890808576575925,0.0,0.0,AMBIGUOUS,,,,3.7972215670601193,4.430266965613531e-05,355.0,0.854880202767267,False,False,False,AMBIGUOUS
BH032,191,192,1.9200010299682613,0.7781825446856446,5009,3,5,-354.0033874511719,-354.9708251953125,0.0,366.2511443892844,376.8488035816208,68.90002600059644,0.0003224592655897,0.0003563397110265,CONTINUED_PLASTIC_LOADING,,,,49.91589416590751,1.2308943710710705,379.97366798875936,0.9917761027397536,True,False,False,CONTINUED_PLASTIC_LOADING
BH032,191,192,1.9200010299682613,0.7781825446856446,4371,1,1,-401.6699523925781,-403.0827941894531,0.0,352.4203496560835,353.0869636399928,15.30595016368487,9.405845776200294e-05,7.498327240598904e-05,CONTINUED_PLASTIC_LOADING,,,,6.9891293284876825,2.728709926880648,355.0,0.9946111651830783,True,False,False,CONTINUED_PLASTIC_LOADING
BH032,191,192,1.9200010299682613,0.7781825446856446,3944,1,1,-307.1239929199219,-310.6372985839844,0.0,290.4952191739917,293.8240044699032,3.3308179556140565,0.0,0.0,AMBIGUOUS,,,,3.5377258199372497,0.0006177099182895,355.0,0.8276732520278962,False,False,False,AMBIGUOUS
BH032,191,192,1.9200010299682613,0.7781825446856446,3562,1,1,-194.8508758544922,-189.0909576416016,5.759918212890625,269.8139705957776,271.24949041092134,1.3322774149852397,0.0,0.0,AMBIGUOUS,,,,10.349759036240927,8.627654723765528e-05,355.0,0.7640830715800601,False,False,False,AMBIGUOUS
BH032,192,193,1.9300003051757808,0.7864520295210026,3023,2,1,-289.7591247558594,-293.0570983886719,0.0,279.3174053056324,282.15890557076733,2.8409089124984206,0.0,0.0,AMBIGUOUS,,,,3.458357729813305,0.0002733252618574,355.0,0.7948138185092037,False,False,False,AMBIGUOUS
BH032,192,193,1.9300003051757808,0.7864520295210026,3944,2,5,-305.7647399902344,-309.3968811035156,0.0,289.37829116728074,292.82136240165846,3.4454967106174608,0.0,0.0,AMBIGUOUS,,,,3.658155014860927,0.0006710589978599,355.0,0.8248489081736858,False,False,False,AMBIGUOUS
BH032,192,193,1.9300003051757808,0.7864520295210026,3536,1,5,-315.16998291015625,-318.91632080078125,0.0,303.48247198237976,307.0338565418777,3.5500901346694613,0.0,0.0,AMBIGUOUS,,,,3.7704573777658656,0.000314527822691,355.0,0.8648841029348667,False,False,False,AMBIGUOUS
BH032,192,193,1.9300003051757808,0.7864520295210026,5009,3,5,-354.9708251953125,-354.7315979003906,0.239227294921875,376.8488035816208,378.9082252006113,68.78576383186243,0.0003197956830263,0.0003533903047414,CONTINUED_PLASTIC_LOADING,,,,3.770864550250301,16.171352480989224,380.711815497981,0.9952625838654088,True,False,False,CONTINUED_PLASTIC_LOADING
BH032,192,193,1.9300003051757808,0.7864520295210026,4371,1,1,-403.0827941894531,-401.2521057128906,1.8306884765625,353.0869636399928,351.19317774116706,19.5144623314628,0.0001370105892419,0.0001095850767862,CONTINUED_PLASTIC_LOADING,,,,3.7205498339745824,7.4656839519133085,355.0,0.989276557017372,True,False,False,CONTINUED_PLASTIC_LOADING_WITH_COMPONENT_DROP
BH032,192,193,1.9300003051757808,0.7864520295210026,3944,1,1,-310.6372985839844,-314.2474365234375,0.0,293.8240044699032,297.1805043752345,3.3565425774541726,0.0,0.0,AMBIGUOUS,,,,3.6584862701084586,5.576066451934108e-05,355.0,0.8371281813386887,False,False,False,AMBIGUOUS
BH032,192,193,1.9300003051757808,0.7864520295210026,3562,1,1,-189.0909576416016,-187.2436065673828,1.84735107421875,271.24949041092134,275.6262653921152,4.324879051201831,0.0,0.0,AMBIGUOUS,,,,7.781861317114988,0.000139727807643,355.0,0.7764120151890569,False,False,False,AMBIGUOUS
BH032,193,194,1.940001010894776,0.7947089427775541,3023,2,1,-293.0570983886719,-296.043212890625,0.0,282.15890557076733,284.8943543774754,2.7336521364428465,0.0,0.0,AMBIGUOUS,,,,3.0462550006533524,0.0004938023875242,355.0,0.8025193081055645,False,False,False,AMBIGUOUS
BH032,193,194,1.940001010894776,0.7947089427775541,3944,2,5,-309.3968811035156,-312.7487487792969,0.0,292.82136240165846,296.0638616427267,3.242265413533193,0.0,0.0,AMBIGUOUS,,,,3.359472862095376,6.538797959471507e-05,355.0,0.8339827088527513,False,False,False,AMBIGUOUS
BH032,193,194,1.940001010894776,0.7947089427775541,3536,1,5,-318.91632080078125,-322.7838134765625,0.0,307.0338565418777,310.7364858327349,3.7033110376560265,0.0,0.0,AMBIGUOUS,,,,3.883753994241908,0.0002828093378182,355.0,0.8753140445992532,False,False,False,AMBIGUOUS
BH032,193,194,1.940001010894776,0.7947089427775541,5009,3,5,-354.7315979003906,-356.4834289550781,0.0,378.9082252006113,370.2318144105976,47.47255252428364,0.000303853303194,0.0003365420650789,CONTINUED_PLASTIC_LOADING,,,,43.699692178973685,1.3271305935989222,381.4131650496664,0.9706844134821282,True,False,False,CONTINUED_PLASTIC_LOADING
BH032,193,194,1.940001010894776,0.7947089427775541,4371,1,1,-401.2521057128906,-404.45263671875,0.0,351.19317774116706,354.3716779673869,12.036144265709208,8.088629692792892e-05,6.430664606456445e-05,CONTINUED_PLASTIC_LOADING,,,,30.34456551771372,0.5408256285407385,355.0,0.9982300787813716,True,False,False,CONTINUED_PLASTIC_LOADING
BH032,193,194,1.940001010894776,0.7947089427775541,3944,1,1,-314.2474365234375,-317.9096984863281,0.0,297.1805043752345,300.6046439178634,3.4260643051300663,0.0,0.0,AMBIGUOUS,,,,3.702861041612567,0.0005274777025465,355.0,0.8467736448390519,False,False,False,AMBIGUOUS
BH032,193,194,1.940001010894776,0.7947089427775541,3562,1,1,-187.2436065673828,-191.8341064453125,0.0,275.6262653921152,278.45263083548195,2.8118930310084704,0.0,0.0,AMBIGUOUS,,,,4.905056571915841,0.0002194719401976,355.0,0.7843736079872731,False,False,False,AMBIGUOUS
BH032,194,195,1.950000286102295,0.8033602013703433,3023,2,1,-296.043212890625,-299.4723205566406,0.0,284.8943543774754,288.42605942330204,3.531857304790888,0.0,0.0,AMBIGUOUS,,,,3.4387841399781944,0.0001620626627183,355.0,0.812467773023386,False,False,False,AMBIGUOUS
BH032,194,195,1.950000286102295,0.8033602013703433,3944,2,5,-312.7487487792969,-316.3202819824219,0.0,296.0638616427267,299.43186981306786,3.3689284537102897,0.0,0.0,AMBIGUOUS,,,,3.6035385078577056,0.0002843925480172,355.0,0.8434700558114587,False,False,False,AMBIGUOUS
BH032,194,195,1.950000286102295,0.8033602013703433,3536,1,5,-322.7838134765625,-326.7948913574219,0.0,310.7364858327349,314.6124768209172,3.877720319637345,0.0,0.0,AMBIGUOUS,,,,4.022536184765635,0.0004625232989869,355.0,0.8862323290730062,False,False,False,AMBIGUOUS
BH032,194,195,1.950000286102295,0.8033602013703433,5009,3,5,-356.4834289550781,-356.3912048339844,0.09222412109375,370.2318144105976,378.1345987124041,66.16510792543453,0.0002974290400743,0.0003291445252103,CONTINUED_PLASTIC_LOADING,,,,35.76879661675068,1.5884098956217505,382.0996862153791,0.989622897777676,True,False,False,CONTINUED_PLASTIC_LOADING
BH032,194,195,1.950000286102295,0.8033602013703433,4371,1,1,-404.45263671875,-404.1971130371094,0.255523681640625,354.3716779673869,353.421571402341,10.296351622848196,8.486537262797356e-05,6.777751860190256e-05,CONTINUED_PLASTIC_LOADING,,,,23.13467503176632,0.7494241178880313,355.0,0.9955537222601154,True,False,False,CONTINUED_PLASTIC_LOADING
BH032,194,195,1.950000286102295,0.8033602013703433,3944,1,1,-317.9096984863281,-321.3862609863281,0.0,300.6046439178634,303.9161307896808,3.312259600016501,0.0,0.0,AMBIGUOUS,,,,3.498262199834707,0.0002276994345467,355.0,0.8561017768723402,False,False,False,AMBIGUOUS
BH032,194,195,1.950000286102295,0.8033602013703433,3562,1,1,-191.8341064453125,-194.17022705078125,0.0,278.45263083548195,282.364545779606,3.9096913278056897,0.0,0.0,AMBIGUOUS,,,,3.225231661470724,0.0008107157082269,355.0,0.7953930867031154,False,False,False,AMBIGUOUS
BH032,195,196,1.960000991821289,0.8118409782438618,3023,2,1,-299.4723205566406,-302.54058837890625,0.0,288.42605942330204,291.259006947925,2.8314768209358454,0.0,0.0,AMBIGUOUS,,,,3.112454798579929,0.0004950827644327,355.0,0.8204479068955634,False,False,False,AMBIGUOUS
BH032,195,196,1.960000991821289,0.8118409782438618,3944,2,5,-316.3202819824219,-319.8641052246094,0.0,299.43186981306786,302.74454449427003,3.3134607840680914,0.0,0.0,AMBIGUOUS,,,,3.585587303597916,0.0002284490054601,355.0,0.8528015337866761,False,False,False,AMBIGUOUS
BH032,195,196,1.960000991821289,0.8118409782438618,3536,1,5,-326.7948913574219,-330.875,0.0,314.6124768209172,318.500855606052,3.888096015483096,0.0,0.0,AMBIGUOUS,,,,4.102691411698563,4.3860140153309175e-05,355.0,0.8971855087494424,False,False,False,AMBIGUOUS
BH032,195,196,1.960000991821289,0.8118409782438618,5009,3,5,-356.3912048339844,-356.9136962890625,0.0,378.1345987124041,382.425990925604,64.67562888942726,0.0002879351377487,0.0003196061068824,CONTINUED_PLASTIC_LOADING,,,,10.13368121616705,5.435618674556749,382.7642937008063,0.9991161590023684,True,False,False,CONTINUED_PLASTIC_LOADING
BH032,195,196,1.960000991821289,0.8118409782438618,4371,1,1,-404.1971130371094,-404.5066223144531,0.0,353.421571402341,353.87642707462544,8.834475614707737,5.954736843705177e-05,4.749295511345602e-05,CONTINUED_PLASTIC_LOADING,,,,15.898517766962565,0.7667542312484268,355.0,0.9968350058440152,True,False,False,CONTINUED_PLASTIC_LOADING
BH032,195,196,1.960000991821289,0.8118409782438618,3944,1,1,-321.3862609863281,-324.88507080078125,0.0,303.9161307896808,307.26351112788103,3.3467219002106865,0.0,0.0,AMBIGUOUS,,,,3.517464575979389,0.0001991466644847,355.0,0.8655310172616367,False,False,False,AMBIGUOUS
BH032,195,196,1.960000991821289,0.8118409782438618,3562,1,1,-194.17022705078125,-187.45932006835932,6.710906982421875,282.364545779606,285.9823766426332,3.449583966683524,0.0,0.0,AMBIGUOUS,,,,13.721647558618812,1.974538849604425e-05,355.0,0.8055841595567133,False,False,False,AMBIGUOUS
BH032,196,197,1.9700002670288088,0.819900008170235,3023,2,1,-302.54058837890625,-306.4791259765625,0.0,291.259006947925,294.3346130630291,3.071908672102699,0.0,0.0,AMBIGUOUS,,,,4.422090276496187,0.0001289889983587,355.0,0.8291115860930397,False,False,False,AMBIGUOUS
BH032,196,197,1.9700002670288088,0.819900008170235,3944,2,5,-319.8641052246094,-323.3280334472656,0.0,302.74454449427003,306.0717098170347,3.3280610942671887,0.0,0.0,AMBIGUOUS,,,,3.479523382780636,0.0003089560603096,355.0,0.8621738304705202,False,False,False,AMBIGUOUS
BH032,196,197,1.9700002670288088,0.819900008170235,3536,1,5,-330.875,-334.5948486328125,0.0,318.500855606052,322.0861038624957,3.584595655328671,0.0,0.0,AMBIGUOUS,,,,3.731678123219215,0.0002157526251795,355.0,0.907284799612664,False,False,False,AMBIGUOUS
BH032,196,197,1.9700002670288088,0.819900008170235,5009,3,5,-356.9136962890625,-358.7431030273437,0.0,382.425990925604,382.5122338285454,18.885993125005665,0.0002928972244262,0.00032593606904,CONTINUED_PLASTIC_LOADING,,,,104.48517303433177,0.5360956242493115,383.44035459888426,0.99757949115369,True,False,False,CONTINUED_PLASTIC_LOADING
BH032,196,197,1.9700002670288088,0.819900008170235,4371,1,1,-404.5066223144531,-404.2135925292969,0.29302978515625,353.87642707462544,353.503033048109,6.980199854826635,5.3783413022756577e-05,4.290683594661754e-05,CONTINUED_PLASTIC_LOADING,,,,16.892646282626064,0.6529502078251443,355.0,0.995783191684814,True,False,False,CONTINUED_PLASTIC_LOADING
BH032,196,197,1.9700002670288088,0.819900008170235,3944,1,1,-324.88507080078125,-328.424072265625,0.0,307.26351112788103,310.623710654002,3.360742719804092,0.0,0.0,AMBIGUOUS,,,,3.562526424390042,0.0001460223553049,355.0,0.8749963680394424,False,False,False,AMBIGUOUS
BH032,196,197,1.9700002670288088,0.819900008170235,3562,1,1,-187.45932006835932,-185.7350311279297,1.7242889404296875,285.9823766426332,288.4409104409484,2.4357804954404902,0.0,0.0,AMBIGUOUS,,,,5.199679601918896,2.3379475015252943e-05,355.0,0.812509606875911,False,False,False,AMBIGUOUS
BH032,197,198,1.9800009727478027,0.8280343196168332,3023,2,1,-306.4791259765625,-310.6965637207031,0.0,294.3346130630291,298.10506163549434,3.7701041947541616,0.0,0.0,AMBIGUOUS,,,,4.3399734065895945,0.0002083872197414,355.0,0.839732567987308,False,False,False,AMBIGUOUS
BH032,197,198,1.9800009727478027,0.8280343196168332,3944,2,5,-323.3280334472656,-326.749267578125,0.0,306.0717098170347,309.40460781276965,3.332709528525941,0.0,0.0,AMBIGUOUS,,,,3.4297796915219454,9.112113135882187e-05,355.0,0.8715622755289286,False,False,False,AMBIGUOUS
BH032,197,198,1.9800009727478027,0.8280343196168332,3536,1,5,-334.5948486328125,-337.6851501464844,0.0,322.0861038624957,325.1405956958317,3.0558960966898754,0.0,0.0,AMBIGUOUS,,,,3.091080133977874,0.0004575342135913,355.0,0.9158890019600892,False,False,False,AMBIGUOUS
BH032,197,198,1.9800009727478027,0.8280343196168332,5009,3,5,-358.7431030273437,-357.73046875,1.01263427734375,382.5122338285454,380.8053283903265,21.215741318318905,0.0002928003668785,0.0003278631773817,CONTINUED_PLASTIC_LOADING,,,,96.27627610561083,0.58224038416551,384.1161919318503,0.9913805676223324,True,False,False,CONTINUED_PLASTIC_LOADING_WITH_COMPONENT_DROP
BH032,197,198,1.9800009727478027,0.8280343196168332,4371,1,1,-404.2135925292969,-404.04736328125,0.166229248046875,353.503033048109,354.1564354710917,4.4903353371842085,4.075467586517334e-05,3.251842772495809e-05,CONTINUED_PLASTIC_LOADING,,,,25.08559062964083,0.3336100632064359,355.0,0.9976237618903993,True,False,False,CONTINUED_PLASTIC_LOADING
BH032,197,198,1.9800009727478027,0.8280343196168332,3944,1,1,-328.424072265625,-331.8577880859375,0.0,310.623710654002,313.9344956167454,3.310021296376941,0.0,0.0,AMBIGUOUS,,,,3.445212417609336,0.0002252049777279,355.0,0.8843225228640715,False,False,False,AMBIGUOUS
BH032,197,198,1.9800009727478027,0.8280343196168332,3562,1,1,-185.7350311279297,-193.1933135986328,0.0,288.4409104409484,292.24386702631966,3.755420946354886,0.0,0.0,AMBIGUOUS,,,,8.256050779665243,8.512037927122764e-05,355.0,0.8232221606375202,False,False,False,AMBIGUOUS
BH032,198,199,1.9900002479553225,0.8359044359423154,3023,2,1,-310.6965637207031,-313.7362060546875,0.0,298.10506163549434,302.63086346444635,4.506850837414796,0.0,0.0,AMBIGUOUS,,,,4.577545507432385,0.0001421103224389,355.0,0.8524813055336516,False,False,False,AMBIGUOUS
BH032,198,199,1.9900002479553225,0.8359044359423154,3944,2,5,-326.749267578125,-329.9761047363281,0.0,309.40460781276965,312.5367514872461,3.1301085657663936,0.0,0.0,AMBIGUOUS,,,,3.232247188682972,0.0006891779976983,355.0,0.8803852154570312,False,False,False,AMBIGUOUS
BH032,198,199,1.9900002479553225,0.8359044359423154,3536,1,5,-337.6851501464844,-340.1056823730469,0.0,325.1405956958317,327.49282831074464,2.351574778888666,0.0,0.0,AMBIGUOUS,,,,2.425025426702609,0.0002616486956211,355.0,0.9225150093260412,False,False,False,AMBIGUOUS
BH032,198,199,1.9900002479553225,0.8359044359423154,5009,3,5,-357.73046875,-358.1913452148437,0.0,380.8053283903265,384.8176697574373,68.78716967587063,0.0003039017319679,0.0003422115887685,CONTINUED_PLASTIC_LOADING,,,,9.835402179351965,5.915989563262582,384.8176532660916,1.0000000428549614,True,False,False,CONTINUED_PLASTIC_LOADING
BH032,198,199,1.9900002479553225,0.8359044359423154,4371,1,1,-404.04736328125,-405.14453125,0.0,354.1564354710917,354.36764966607825,6.945491530084901,4.2819418013095856e-05,3.4367290411405656e-05,CONTINUED_PLASTIC_LOADING,,,,4.049393893818459,2.166749805140604,355.0,0.9982187314537416,True,False,False,CONTINUED_PLASTIC_LOADING
BH032,198,199,1.9900002479553225,0.8359044359423154,3944,1,1,-331.8577880859375,-335.4149169921875,0.0,313.9344956167454,317.3693360920001,3.434801422903634,0.0,0.0,AMBIGUOUS,,,,3.566438533369051,4.262080182524319e-06,355.0,0.89399812983662,False,False,False,AMBIGUOUS
BH032,198,199,1.9900002479553225,0.8359044359423154,3562,1,1,-193.1933135986328,-191.91000366210932,1.2833099365234375,292.24386702631966,295.0470171691367,2.7843295899491665,0.0,0.0,AMBIGUOUS,,,,4.982276077223276,0.0001333362316463,355.0,0.8311183582229204,False,False,False,AMBIGUOUS
BH032,199,200,2.0000009536743164,0.8436127000684883,3023,2,1,-313.7362060546875,-320.0050354003906,0.0,302.63086346444635,308.4146086770551,5.783045988451545,0.0,0.0,AMBIGUOUS,,,,6.361934901338201,0.0001611710545258,355.0,0.8687735455691694,False,False,False,AMBIGUOUS
BH032,199,200,2.0000009536743164,0.8436127000684883,3944,2,5,-329.9761047363281,-333.66925048828125,0.0,312.5367514872461,316.0314399828754,3.492912088688343,0.0,0.0,AMBIGUOUS,,,,3.7188425054206,0.0005444175071907,355.0,0.8902294084024659,False,False,False,AMBIGUOUS
BH032,199,200,2.0000009536743164,0.8436127000684883,3536,1,5,-340.1056823730469,-342.2898254394531,0.0,327.49282831074464,329.6884117956391,2.1956760842148526,0.0,0.0,AMBIGUOUS,,,,2.1969905675684145,0.0001619220831571,355.0,0.9286997515370116,False,False,False,AMBIGUOUS
BH032,199,200,2.0000009536743164,0.8436127000684883,5009,3,5,-358.1913452148437,-358.31005859375,0.0,384.8176697574373,373.0171019404136,41.05163879738127,0.000314075499773,0.0003510601152185,CONTINUED_PLASTIC_LOADING,,,,59.48867924399786,1.0086106894865918,385.5425975357299,0.9675120319379094,True,False,False,CONTINUED_PLASTIC_LOADING
BH032,199,200,2.0000009536743164,0.8436127000684883,4371,1,1,-405.14453125,-405.2755737304688,0.0,354.36764966607825,353.1058221763658,3.670673651712908,3.997236490249634e-05,3.27075224199935e-05,CONTINUED_PLASTIC_LOADING,,,,18.35831428256563,0.4470466920591618,355.0,0.9946642878207488,True,False,False,CONTINUED_PLASTIC_LOADING
BH032,199,200,2.0000009536743164,0.8436127000684883,3944,1,1,-335.4149169921875,-338.9683532714844,0.0,317.3693360920001,320.7336085186949,3.3637900373914587,0.0,0.0,AMBIGUOUS,,,,3.5792536475437045,0.0001255467191551,355.0,0.9034749535737884,False,False,False,AMBIGUOUS
BH032,199,200,2.0000009536743164,0.8436127000684883,3562,1,1,-191.91000366210932,-185.71859741210932,6.19140625,295.0470171691367,299.4581460471352,4.263686192635035,0.0,0.0,AMBIGUOUS,,,,13.414521222187872,5.2781315545758666e-05,355.0,0.8435440733722118,False,False,False,AMBIGUOUS
BH032,200,201,2.010000228881836,0.8510478017763553,3023,2,1,-320.0050354003906,-328.95001220703125,0.0,308.4146086770551,312.9416896136769,4.408356648585251,0.0,0.0,AMBIGUOUS,,,,13.666247457501258,0.0001099536953073,355.0,0.8815258862357095,False,False,False,AMBIGUOUS
BH032,200,201,2.010000228881836,0.8510478017763553,3944,2,5,-333.66925048828125,-336.7376403808594,0.0,316.0314399828754,319.00432819873987,2.970622547432441,0.0,0.0,AMBIGUOUS,,,,3.07482805200368,0.0007265512961278,355.0,0.8986037414049011,False,False,False,AMBIGUOUS
BH032,200,201,2.010000228881836,0.8510478017763553,3536,1,5,-342.2898254394531,-346.448486328125,0.0,329.6884117956391,333.66567125434267,3.976270377331402,0.0,0.0,AMBIGUOUS,,,,4.179245375806092,0.0002020799527282,355.0,0.9399032993080076,False,False,False,AMBIGUOUS
BH032,200,201,2.010000228881836,0.8510478017763553,5009,3,5,-358.31005859375,-360.7911682128906,0.0,373.0171019404136,385.5515500993722,67.35292928312622,0.0002990495413541,0.0003323630215767,CONTINUED_PLASTIC_LOADING,,,,47.59393750049662,1.2004586334811256,386.232859117736,0.9982360148747568,True,False,False,CONTINUED_PLASTIC_LOADING
BH032,200,201,2.010000228881836,0.8510478017763553,4371,1,1,-405.2755737304688,-406.49169921875,0.0,353.1058221763658,353.90379223147204,4.914320800427584,2.949964255094528e-05,2.4380900464463705e-05,CONTINUED_PLASTIC_LOADING,,,,13.188975639078366,0.4593942838839021,355.0,0.996912090792879,True,False,False,CONTINUED_PLASTIC_LOADING
BH032,200,201,2.010000228881836,0.8510478017763553,3944,1,1,-338.9683532714844,-342.3924560546875,0.0,320.7336085186949,324.1103663424517,3.377945237174464,0.0,0.0,AMBIGUOUS,,,,3.425036919388188,0.0003800756874547,355.0,0.912986947443526,False,False,False,AMBIGUOUS
BH032,200,201,2.010000228881836,0.8510478017763553,3562,1,1,-185.71859741210932,-184.96534729003903,0.7532501220703125,299.4581460471352,302.97078666329827,3.497351061041836,0.0,0.0,AMBIGUOUS,,,,5.023570089224277,0.0002223493935409,355.0,0.8534388356712628,False,False,False,AMBIGUOUS
BH032,201,202,2.02000093460083,0.85671263587787,3023,2,1,-328.95001220703125,-329.8290405273437,0.0,312.9416896136769,314.7333216423924,1.7653960238191433,0.0,0.0,AMBIGUOUS,,,,2.8667064457933047,0.0015073315540367,355.0,0.8865727370208237,False,False,False,AMBIGUOUS
BH032,201,202,2.02000093460083,0.85671263587787,3944,2,5,-336.7376403808594,-339.3274841308594,0.0,319.00432819873987,321.4957965576027,2.492910075379541,0.0,0.0,AMBIGUOUS,,,,2.6050603662585456,0.0006100040435207,355.0,0.9056219621340922,False,False,False,AMBIGUOUS
BH032,201,202,2.02000093460083,0.85671263587787,3536,1,5,-346.448486328125,-351.751708984375,0.0,333.66567125434267,338.9273986473526,5.258981201594714,0.0,0.0,AMBIGUOUS,,,,5.354459406413053,0.0001101867205807,355.0,0.9547250666122608,False,False,False,AMBIGUOUS
BH032,201,202,2.02000093460083,0.85671263587787,5009,3,5,-360.7911682128906,-361.2222595214844,0.0,385.5515500993722,382.1946526952113,22.893255139358644,0.00028957426548,0.0003217524954279,CONTINUED_PLASTIC_LOADING,,,,92.4876611501029,0.5987353891481966,386.9012500127475,0.987835145744861,True,False,False,CONTINUED_PLASTIC_LOADING
BH032,201,202,2.02000093460083,0.85671263587787,4371,1,1,-406.49169921875,-407.0804443359375,0.0,353.90379223147204,354.1115501469763,4.3249419044816335,3.4469179809093475e-05,2.860948077374836e-05,CONTINUED_PLASTIC_LOADING,,,,18.665870557327363,0.379299053813087,355.0,0.9974973243576796,True,False,False,CONTINUED_PLASTIC_LOADING
BH032,201,202,2.02000093460083,0.85671263587787,3944,1,1,-342.3924560546875,-344.542236328125,0.0,324.1103663424517,326.3577982535989,2.2460538071352816,0.0,0.0,AMBIGUOUS,,,,2.167582210055338,0.0005226897607724,355.0,0.9193177415594336,False,False,False,AMBIGUOUS
BH032,201,202,2.02000093460083,0.85671263587787,3562,1,1,-184.96534729003903,-191.08642578125,0.0,302.97078666329827,306.395914378778,3.397884386131031,0.0,0.0,AMBIGUOUS,,,,6.563417182174922,0.0001345187030115,355.0,0.8630870827571211,False,False,False,AMBIGUOUS
BH032,202,203,2.0300002098083496,0.8624170881551202,3023,2,1,-329.8290405273437,-332.8401794433594,0.0,314.7333216423924,318.58578807647257,3.845058672632536,0.0,0.0,AMBIGUOUS,,,,3.668954077360053,0.0003057105981218,355.0,0.8974247551449932,False,False,False,AMBIGUOUS
BH032,202,203,2.0300002098083496,0.8624170881551202,3944,2,5,-339.3274841308594,-342.2787780761719,0.0,321.4957965576027,324.1789500442288,2.683184190905,0.0,0.0,AMBIGUOUS,,,,3.0154566638794083,5.353596625378948e-05,355.0,0.9131801409696588,False,False,False,AMBIGUOUS
BH032,202,203,2.0300002098083496,0.8624170881551202,3536,1,5,-351.751708984375,-357.0132141113281,0.0,338.9273986473526,343.6201539063684,4.692169538269737,0.0,0.0,ELASTIC_RESPONSE_WITHOUT_CONFIRMED_PRIOR_YIELD,,,,5.413019270277782,5.292296976248622e-05,355.0,0.9679440955108968,False,False,False,ELASTIC_RESPONSE_WITHOUT_CONFIRMED_PRIOR_YIELD
BH032,202,203,2.0300002098083496,0.8624170881551202,5009,3,5,-361.2222595214844,-361.6026916503906,0.0,382.1946526952113,381.0746641642946,55.01418888555408,0.000266732648015,0.0002967113185468,CONTINUED_PLASTIC_LOADING,,,,9.217904453102127,5.542406775079225,387.5169182353365,0.9833755540264448,True,False,False,CONTINUED_PLASTIC_LOADING
BH032,202,203,2.0300002098083496,0.8624170881551202,4371,1,1,-407.0804443359375,-407.5123901367188,0.0,354.1115501469763,353.82700511655634,1.7374777730306517,1.45668163895607e-05,1.2138313475612868e-05,CONTINUED_PLASTIC_LOADING,,,,9.78341556218994,0.3058097909993256,355.0,0.996695789060722,True,False,False,CONTINUED_PLASTIC_LOADING
BH032,202,203,2.0300002098083496,0.8624170881551202,3944,1,1,-344.542236328125,-346.86846923828125,0.0,326.3577982535989,328.40471935406043,2.046567664493271,0.0,0.0,AMBIGUOUS,,,,2.4217476726067773,9.7515993658808e-05,355.0,0.9250837164903112,False,False,False,AMBIGUOUS
BH032,202,203,2.0300002098083496,0.8624170881551202,3562,1,1,-191.08642578125,-189.628646850586,1.4577789306640625,306.395914378778,311.3685661966214,4.895476085733623,0.0,0.0,AMBIGUOUS,,,,7.949933272455608,2.334482955888917e-05,355.0,0.8770945526665391,False,False,False,AMBIGUOUS
BH032,203,204,2.040000915527344,0.8699040784037846,3023,2,1,-332.8401794433594,-337.6603088378906,0.0,318.58578807647257,321.95365605238675,3.356524362675696,0.0,0.0,AMBIGUOUS,,,,5.886979802846903,6.720015782453371e-05,355.0,0.9069117071898218,False,False,False,AMBIGUOUS
BH032,203,204,2.040000915527344,0.8699040784037846,3944,2,5,-342.2787780761719,-345.77557373046875,0.0,324.1789500442288,327.37434567045995,3.193208863928348,0.0,0.0,AMBIGUOUS,,,,3.590748934158275,0.0004160228738279,355.0,0.9221812554097464,False,False,False,AMBIGUOUS
BH032,203,204,2.040000915527344,0.8699040784037846,3536,1,5,-357.0132141113281,-360.4176330566406,0.0,343.6201539063684,346.6758243974925,3.054893579615461,0.0,0.0,ELASTIC_RESPONSE_WITHOUT_CONFIRMED_PRIOR_YIELD,,,,3.5260137822153697,0.0001718782266082,355.0,0.9765516180211056,False,False,False,ELASTIC_RESPONSE_WITHOUT_CONFIRMED_PRIOR_YIELD
BH032,203,204,2.040000915527344,0.8699040784037846,5009,3,5,-361.6026916503906,-363.5645446777344,0.0,381.0746641642946,383.90315258946936,56.29706384118265,0.0002509132027626,0.0002798753903222,CONTINUED_PLASTIC_LOADING,,,,5.574073655967486,8.64341392947411,388.096072256108,0.9891961811356038,True,False,False,CONTINUED_PLASTIC_LOADING
BH032,203,204,2.040000915527344,0.8699040784037846,4371,1,1,-407.5123901367188,-408.0414733886719,0.0,353.82700511655634,354.0290284549385,3.669973611407932,2.4524983018636703e-05,2.073537168182792e-05,CONTINUED_PLASTIC_LOADING,,,,14.682523850999177,0.342690940554516,355.0,0.9972648688871508,True,False,False,CONTINUED_PLASTIC_LOADING
BH032,203,204,2.040000915527344,0.8699040784037846,3944,1,1,-346.86846923828125,-351.4561767578125,0.0,328.40471935406043,332.7165597651448,4.3121749100196896,0.0,0.0,AMBIGUOUS,,,,4.632553367202644,0.0001014499736755,355.0,0.9372297458173092,False,False,False,AMBIGUOUS
BH032,203,204,2.040000915527344,0.8699040784037846,3562,1,1,-189.628646850586,-194.6365966796875,0.0,311.3685661966214,314.4060068472985,2.995297053398677,0.0,0.0,AMBIGUOUS,,,,5.839431855084333,4.252240654691177e-05,355.0,0.8856507235135169,False,False,False,AMBIGUOUS
BH032,204,205,2.050000190734864,0.874477111768332,3023,2,1,-337.6603088378906,-342.7728271484375,0.0,321.95365605238675,326.86023469715377,4.902175384670457,0.0,0.0,AMBIGUOUS,,,,5.211722012569175,0.0001286946313884,355.0,0.9207330554849402,False,False,False,AMBIGUOUS
BH032,204,205,2.050000190734864,0.874477111768332,3944,2,5,-345.77557373046875,-345.0191650390625,0.75640869140625,327.37434567045995,326.97397693563533,-0.4005117467058139,0.0,0.0,AMBIGUOUS,,,,1.1977025694653367,0.0007858404156743,355.0,0.9210534561567192,False,False,False,AMBIGUOUS
BH032,204,205,2.050000190734864,0.874477111768332,3536,1,5,-360.4176330566406,-363.7144775390625,0.0,346.6758243974925,350.7336646270859,4.048567111520965,0.0,0.0,ELASTIC_RESPONSE_WITHOUT_CONFIRMED_PRIOR_YIELD,,,,3.8917035029934417,0.0001677478987609,355.0,0.9879821538791153,False,False,False,ELASTIC_RESPONSE_WITHOUT_CONFIRMED_PRIOR_YIELD
BH032,204,205,2.050000190734864,0.874477111768332,5009,3,5,-363.5645446777344,-364.6828002929688,0.0,383.90315258946936,388.6041241462448,51.02173869382734,0.0002201050519943,0.0002456289384307,CONTINUED_PLASTIC_LOADING,,,,10.541430391636386,4.016267014426965,388.60411537401126,1.0000000225737022,True,False,False,CONTINUED_PLASTIC_LOADING
BH032,204,205,2.050000190734864,0.874477111768332,4371,1,1,-408.0414733886719,-407.5259399414063,0.515533447265625,354.0290284549385,352.93919767692114,0.9615817895921248,1.5481840819120407e-05,1.3365028668264907e-05,CONTINUED_PLASTIC_LOADING,,,,14.569120695021743,0.2173722616293337,355.0,0.9941949230335808,True,False,False,CONTINUED_PLASTIC_LOADING_WITH_COMPONENT_DROP
BH032,204,205,2.050000190734864,0.874477111768332,3944,1,1,-351.4561767578125,-351.0315246582031,0.424652099609375,332.7165597651448,332.6248685449804,-0.0932224835837364,0.0,0.0,AMBIGUOUS,,,,0.977595880107775,0.0007208298243823,355.0,0.9369714606900856,False,False,False,AMBIGUOUS
BH032,204,205,2.050000190734864,0.874477111768332,3562,1,1,-194.6365966796875,-199.25662231445312,0.0,314.4060068472985,313.5958636403126,-0.8558119002453255,0.0,0.0,AMBIGUOUS,,,,7.513232328270332,0.0001721357953983,355.0,0.8833686299727115,False,False,False,AMBIGUOUS
BH032,205,206,2.0600008964538574,0.8796618221153213,3023,2,1,-342.7728271484375,-343.0498962402344,0.0,326.86023469715377,326.3751181857638,-0.4912641283407277,0.0,0.0,AMBIGUOUS,,,,2.101415350272449,0.0006535230331065,355.0,0.9193665301007432,False,False,False,AMBIGUOUS
BH032,205,206,2.0600008964538574,0.8796618221153213,3944,2,5,-345.0191650390625,-348.2179260253906,0.0,326.97397693563533,329.587704131335,2.6094430424619146,0.0,0.0,AMBIGUOUS,,,,3.577964078416834,0.0003100237734841,355.0,0.9284160679755916,False,False,False,AMBIGUOUS
BH032,205,206,2.0600008964538574,0.8796618221153213,3536,1,5,-363.7144775390625,-367.4842529296875,0.0,350.7336646270859,354.8398533946882,4.103862373013272,0.0,0.0,AMBIGUOUS,,,,3.852591461001097,0.0002558803174633,355.0,0.9995488828019384,False,False,False,AMBIGUOUS
BH032,205,206,2.0600008964538574,0.8796618221153213,5009,3,5,-364.6828002929688,-365.80712890625,0.0,388.6041241462448,380.59407140973417,30.187963874147176,0.0002147816121578,0.0002483948366944,CONTINUED_PLASTIC_LOADING,,,,47.96821169891258,0.8682155142600744,389.0998710094237,0.9781398035994632,True,False,False,CONTINUED_PLASTIC_LOADING
BH032,205,206,2.0600008964538574,0.8796618221153213,4371,1,1,-407.5259399414063,-408.0970458984375,0.0,352.93919767692114,353.4493485578639,6.154075606912,3.366637974977493e-05,2.9141146845115248e-05,CONTINUED_PLASTIC_LOADING,,,,2.6545091366877727,2.589016507409853,355.0,0.9956319677686308,True,False,False,CONTINUED_PLASTIC_LOADING
BH032,205,206,2.0600008964538574,0.8796618221153213,3944,1,1,-351.0315246582031,-354.1958923339844,0.0,332.6248685449804,334.9209516892107,2.2837869647354467,0.0,0.0,AMBIGUOUS,,,,4.057340588172016,0.0004720932558403,355.0,0.943439300532988,False,False,False,AMBIGUOUS
BH032,205,206,2.0600008964538574,0.8796618221153213,3562,1,1,-199.25662231445312,-204.48275756835932,0.0,313.5958636403126,317.9606966874059,4.334973799980364,0.0,0.0,AMBIGUOUS,,,,5.698617423906584,0.0001707363300641,355.0,0.8956639343307209,False,False,False,AMBIGUOUS
BH032,206,207,2.070000171661377,0.8871720676332661,3023,2,1,-343.0498962402344,-350.5124206542969,0.0,326.3751181857638,332.73700210404274,6.355590909526072,0.0,0.0,AMBIGUOUS,,,,7.891185002709846,0.0001495417698794,355.0,0.937287329870543,False,False,False,AMBIGUOUS
BH032,206,207,2.070000171661377,0.8871720676332661,3944,2,5,-348.2179260253906,-351.699462890625,0.0,329.587704131335,333.12581360297287,3.534882853740811,0.0,0.0,AMBIGUOUS,,,,3.5032089738408683,0.000611229501039,355.0,0.938382573529501,False,False,False,AMBIGUOUS
BH032,206,207,2.070000171661377,0.8871720676332661,3536,1,5,-367.4842529296875,-368.4186706542969,0.0,354.8398533946882,354.90652406196074,1.6120268170539576,7.411189926642692e-06,8.074152780173659e-06,CONTINUED_PLASTIC_LOADING,,,,2.475483286893005,0.5953513977844265,355.0,0.999736687498481,True,False,False,CONTINUED_PLASTIC_LOADING
BH032,206,207,2.070000171661377,0.8871720676332661,5009,3,5,-365.80712890625,-365.7772216796875,0.0299072265625,380.59407140973417,383.0684663407057,44.12599618833399,0.0001997631043195,0.0002342556503485,CONTINUED_PLASTIC_LOADING,,,,18.367867097503243,2.1151850621136976,389.5609611545205,0.9833338155995578,True,False,False,CONTINUED_PLASTIC_LOADING
BH032,206,207,2.070000171661377,0.8871720676332661,4371,1,1,-408.0970458984375,-407.553466796875,0.5435791015625,353.4493485578639,352.97579151423673,4.09692228257141,2.72803008556366e-05,2.3493374645423395e-05,CONTINUED_PLASTIC_LOADING,,,,2.2785121620195974,2.448795433580326,355.0,0.9942980042654556,True,False,False,CONTINUED_PLASTIC_LOADING_WITH_COMPONENT_DROP
BH032,206,207,2.070000171661377,0.8871720676332661,3944,1,1,-354.1958923339844,-357.4797058105469,0.0,334.9209516892107,338.5167056681995,3.5924101105654263,0.0,0.0,AMBIGUOUS,,,,3.478195451316196,0.0003770231247878,355.0,0.9535681849808436,False,False,False,AMBIGUOUS
BH032,206,207,2.070000171661377,0.8871720676332661,3562,1,1,-204.48275756835932,-200.7042236328125,3.778533935546875,317.9606966874059,320.70116967087097,2.688918904923416,0.0,0.0,AMBIGUOUS,,,,8.202475668188567,0.0001186491491305,355.0,0.9033835765376648,False,False,False,AMBIGUOUS
BH032,207,208,2.080000877380371,0.8930996750714061,3023,2,1,-350.5124206542969,-351.1228332519531,0.0,332.73700210404274,333.93375857699425,1.1956817865458147,0.0,0.0,AMBIGUOUS,,,,1.5557441865107284,0.0011086233744511,355.0,0.9406584748647724,False,False,False,AMBIGUOUS
BH032,207,208,2.080000877380371,0.8930996750714061,3944,2,5,-351.699462890625,-352.2373352050781,0.0,333.12581360297287,334.24056050481096,1.112159108494607,0.0,0.0,AMBIGUOUS,,,,1.6561199773535278,0.0010298831837411,355.0,0.9415227056473549,False,False,False,AMBIGUOUS
BH032,207,208,2.080000877380371,0.8930996750714061,3536,1,5,-368.4186706542969,-369.9637756347656,0.0,354.90652406196074,354.90945609429974,6.862617910123243,3.2861180898180464e-05,3.5712011209218605e-05,CONTINUED_PLASTIC_LOADING,,,,3.9491379499627737,1.654045646419236,355.0,0.9997449467445064,True,False,False,CONTINUED_PLASTIC_LOADING
BH032,207,208,2.080000877380371,0.8930996750714061,5009,3,5,-365.7772216796875,-367.2703247070313,0.0,383.0684663407057,386.8657324438783,36.791804666924925,0.0001922454684972,0.0002223907356849,CONTINUED_PLASTIC_LOADING,,,,47.86408986171114,0.7798798592198563,390.0046992074783,0.9919514642516394,True,False,False,CONTINUED_PLASTIC_LOADING
BH032,207,208,2.080000877380371,0.8930996750714061,4371,1,1,-407.553466796875,-409.1736145019531,0.0,352.97579151423673,354.5138495840046,5.9916275189583,2.7467962354421616e-05,2.3883267238641465e-05,CONTINUED_PLASTIC_LOADING,,,,7.493091454021028,0.7495043990783155,355.0,0.9986305622084636,True,False,False,CONTINUED_PLASTIC_LOADING
BH032,207,208,2.080000877380371,0.8930996750714061,3944,1,1,-357.4797058105469,-358.8252258300781,0.0,338.5167056681995,340.4484485666804,1.9284288671308945,0.0,0.0,ELASTIC_RESPONSE_WITHOUT_CONFIRMED_PRIOR_YIELD,,,,2.123982547784053,0.00096100447,355.0,0.959009714272339,False,False,False,ELASTIC_RESPONSE_WITHOUT_CONFIRMED_PRIOR_YIELD
BH032,207,208,2.080000877380371,0.8930996750714061,3562,1,1,-200.7042236328125,-201.01060485839844,0.0,320.70116967087097,326.17564646771507,5.4587077436445695,0.0,0.0,AMBIGUOUS,,,,6.159202376622067,6.765593643874943e-06,355.0,0.9188046379372256,False,False,False,AMBIGUOUS
BH032,208,209,2.09000015258789,0.8993259142347114,3023,2,1,-351.1228332519531,-357.4247436523437,0.0,333.93375857699425,339.01503890457354,5.077090641694436,0.0,0.0,AMBIGUOUS,,,,6.928121721590176,0.0003045898853329,355.0,0.9549719405762636,False,False,False,AMBIGUOUS
BH032,208,209,2.09000015258789,0.8993259142347114,3944,2,5,-352.2373352050781,-358.3667297363281,0.0,334.24056050481096,339.71944913331384,5.47649766668161,0.0,0.0,AMBIGUOUS,,,,6.370621112668608,0.0001425195317492,355.0,0.9569561947417292,False,False,False,AMBIGUOUS
BH032,208,209,2.09000015258789,0.8993259142347114,3536,1,5,-369.9637756347656,-370.861572265625,0.0,354.90945609429974,354.99998080921137,5.536975320513223,2.608973227324896e-05,2.8345552782469776e-05,CONTINUED_PLASTIC_LOADING,,,,2.0852567514527345,2.4878455634035856,355.0,0.9999999459414404,True,False,False,CONTINUED_PLASTIC_LOADING
BH032,208,209,2.09000015258789,0.8993259142347114,5009,3,5,-367.2703247070313,-367.4806823730469,0.0,386.8657324438783,387.2109531242875,40.57830844997718,0.0001919195055961,0.0002206934489799,CONTINUED_PLASTIC_LOADING,,,,1.7124256183611253,21.760876762807857,390.44768487784825,0.9917102037509242,True,False,False,CONTINUED_PLASTIC_LOADING
BH032,208,209,2.09000015258789,0.8993259142347114,4371,1,1,-409.1736145019531,-406.4135437011719,2.76007080078125,354.5138495840046,352.3953666998328,3.1926902697883857,3.171851858496666e-05,2.766471182865373e-05,CONTINUED_PLASTIC_LOADING,,,,6.994957971970898,0.9268081466187528,355.0,0.9926630047882612,True,False,False,CONTINUED_PLASTIC_LOADING_WITH_COMPONENT_DROP
BH032,208,209,2.09000015258789,0.8993259142347114,3944,1,1,-358.8252258300781,-361.09674072265625,0.0,340.4484485666804,342.29573784994653,1.843775794782169,0.0,0.0,ELASTIC_RESPONSE_WITHOUT_CONFIRMED_PRIOR_YIELD,,,,2.7234107562708143,0.0006402616513505,355.0,0.9642133460561876,False,False,False,ELASTIC_RESPONSE_WITHOUT_CONFIRMED_PRIOR_YIELD
BH032,208,209,2.09000015258789,0.8993259142347114,3562,1,1,-201.01060485839844,-207.522216796875,0.0,326.17564646771507,328.76967989747646,2.5234043787705667,0.0,0.0,AMBIGUOUS,,,,8.182320933294825,8.376036098326887e-05,355.0,0.9261117743590886,False,False,False,AMBIGUOUS
BH032,209,210,2.1000008583068848,0.9056874419522328,3023,2,1,-357.4247436523437,-357.3283386230469,0.096405029296875,339.01503890457354,340.49890354168423,1.4670851146044277,0.0,0.0,ELASTIC_RESPONSE_WITHOUT_CONFIRMED_PRIOR_YIELD,,,,3.906410933918225,0.0006431452133505,355.0,0.9591518409624908,False,False,False,ELASTIC_RESPONSE_WITHOUT_CONFIRMED_PRIOR_YIELD
BH032,209,210,2.1000008583068848,0.9056874419522328,3944,2,5,-358.3667297363281,-358.5109558105469,0.0,339.71944913331384,340.33837287017127,0.6175264229212037,0.0,0.0,ELASTIC_RESPONSE_WITHOUT_CONFIRMED_PRIOR_YIELD,,,,1.238072488785276,0.0010906735636211,355.0,0.9586996418878064,False,False,False,ELASTIC_RESPONSE_WITHOUT_CONFIRMED_PRIOR_YIELD
BH032,209,210,2.1000008583068848,0.9056874419522328,3536,1,5,-370.861572265625,-370.96783447265625,0.0,354.99998080921137,354.9792547898409,6.693301353461245,3.2194868254009634e-05,3.4933777991529603e-05,CONTINUED_PLASTIC_LOADING,,,,0.3753103744984394,17.060164955230643,355.0,0.9999415627882844,True,False,False,CONTINUED_PLASTIC_LOADING
BH032,209,210,2.1000008583068848,0.9056874419522328,5009,3,5,-367.4806823730469,-367.1482543945313,0.332427978515625,387.2109531242875,388.690208128748,18.78073363458064,0.0001726876944303,0.0002018623761786,CONTINUED_PLASTIC_LOADING,,,,69.24071818472969,0.486128122716412,390.8462799755392,0.9944835809952542,True,False,False,CONTINUED_PLASTIC_LOADING
BH032,209,210,2.1000008583068848,0.9056874419522328,4371,1,1,-406.4135437011719,-407.419189453125,0.0,352.3953666998328,353.22222922275694,4.758151108402666,2.494174987077713e-05,2.2046254272069338e-05,CONTINUED_PLASTIC_LOADING,,,,12.074561620215064,0.4218276094492565,355.0,0.9949921949936816,True,False,False,CONTINUED_PLASTIC_LOADING
BH032,209,210,2.1000008583068848,0.9056874419522328,3944,1,1,-361.09674072265625,-362.9264526367188,0.0,342.29573784994653,344.312097953855,2.0171289984019105,0.0,0.0,ELASTIC_RESPONSE_WITHOUT_CONFIRMED_PRIOR_YIELD,,,,1.892970965036328,0.0007254034158612,355.0,0.969893233672831,False,False,False,ELASTIC_RESPONSE_WITHOUT_CONFIRMED_PRIOR_YIELD
BH032,209,210,2.1000008583068848,0.9056874419522328,3562,1,1,-207.522216796875,-217.79869079589844,0.0,328.76967989747646,337.2554477445336,8.389891334665124,0.0,0.0,AMBIGUOUS,,,,11.066364683961872,4.044935006731523e-05,355.0,0.9500153457592496,False,False,False,AMBIGUOUS
BH032,210,211,2.1100001335144043,0.9118333169011316,3023,2,1,-357.3283386230469,-365.0455017089844,0.0,340.49890354168423,345.48787046738346,4.946718969503465,0.0,0.0,ELASTIC_RESPONSE_WITHOUT_CONFIRMED_PRIOR_YIELD,,,,10.214986051362784,8.606369379548916e-05,355.0,0.9732052689222068,False,False,False,ELASTIC_RESPONSE_WITHOUT_CONFIRMED_PRIOR_YIELD
BH032,210,211,2.1100001335144043,0.9118333169011316,3944,2,5,-358.5109558105469,-359.9159240722656,0.0,340.33837287017127,342.1763571672006,1.8322581474784103,0.0,0.0,ELASTIC_RESPONSE_WITHOUT_CONFIRMED_PRIOR_YIELD,,,,1.940173735229352,0.0006538847084412,355.0,0.9638770624428186,False,False,False,ELASTIC_RESPONSE_WITHOUT_CONFIRMED_PRIOR_YIELD
BH032,210,211,2.1100001335144043,0.9118333169011316,3536,1,5,-370.96783447265625,-372.4654541015625,0.0,354.9792547898409,354.99999898893145,6.245322492045105,2.9967479349579665e-05,3.2458273162807817e-05,CONTINUED_PLASTIC_LOADING,,,,3.988913251554244,1.4944701558393394,355.0,0.9999999971519196,True,False,False,CONTINUED_PLASTIC_LOADING
BH032,210,211,2.1100001335144043,0.9118333169011316,5009,3,5,-367.1482543945313,-368.2281494140625,0.0,388.690208128748,384.8069551524175,25.25779784439622,0.0001654103398323,0.0001937086077539,CONTINUED_PLASTIC_LOADING,,,,43.78477865641132,0.7365059721385372,391.2280775945417,0.983587265817923,True,False,False,CONTINUED_PLASTIC_LOADING
BH032,210,211,2.1100001335144043,0.9118333169011316,4371,1,1,-407.419189453125,-406.4365539550781,0.982635498046875,353.22222922275694,352.4067092438134,6.321468077373261,4.217308014631272e-05,3.740971601590108e-05,CONTINUED_PLASTIC_LOADING,,,,5.7122781108606375,1.5038463180651562,355.0,0.9926949556163758,True,False,False,CONTINUED_PLASTIC_LOADING_WITH_COMPONENT_DROP
BH032,210,211,2.1100001335144043,0.9118333169011316,3944,1,1,-362.9264526367188,-367.5799560546875,0.0,344.312097953855,348.71457168167814,4.400501592610064,0.0,0.0,ELASTIC_RESPONSE_WITHOUT_CONFIRMED_PRIOR_YIELD,,,,4.733674648225285,0.0001574103644362,355.0,0.9822945681174032,False,False,False,ELASTIC_RESPONSE_WITHOUT_CONFIRMED_PRIOR_YIELD
BH032,210,211,2.1100001335144043,0.9118333169011316,3562,1,1,-217.79869079589844,-221.9940490722656,0.0,337.2554477445336,339.27431363053944,1.8666835651298448,0.0,0.0,ELASTIC_RESPONSE_WITHOUT_CONFIRMED_PRIOR_YIELD,,,,7.786334698204577,0.0001727416628686,355.0,0.9557022919170124,False,False,False,ELASTIC_RESPONSE_WITHOUT_CONFIRMED_PRIOR_YIELD
BH032,211,212,2.1200008392333984,0.9171650677777926,3023,2,1,-365.0455017089844,-367.2425842285156,0.0,345.48787046738346,348.0138858640516,2.523563348769509,0.0,0.0,ELASTIC_RESPONSE_WITHOUT_CONFIRMED_PRIOR_YIELD,,,,2.381049086562155,0.0001944828306577,355.0,0.9803208052508496,False,False,False,ELASTIC_RESPONSE_WITHOUT_CONFIRMED_PRIOR_YIELD
BH032,211,212,2.1200008392333984,0.9171650677777926,3944,2,5,-359.9159240722656,-364.5522766113281,0.0,342.1763571672006,345.8247573053547,3.638337948638784,0.0,0.0,ELASTIC_RESPONSE_WITHOUT_CONFIRMED_PRIOR_YIELD,,,,5.402753120586084,0.000249074657523,355.0,0.9741542459305766,False,False,False,ELASTIC_RESPONSE_WITHOUT_CONFIRMED_PRIOR_YIELD
BH032,211,212,2.1200008392333984,0.9171650677777926,3536,1,5,-372.4654541015625,-372.7188720703125,0.0,354.99999898893145,354.99997656129216,3.090167590338517,1.4878241927362978e-05,1.6070162589818843e-05,CONTINUED_PLASTIC_LOADING,,,,0.6982915093785422,4.241995123751453,355.0,0.9999999339754708,True,False,False,CONTINUED_PLASTIC_LOADING
BH032,211,212,2.1200008392333984,0.9171650677777926,5009,3,5,-368.2281494140625,-368.8451843261719,0.0,384.8069551524175,391.5986011151757,32.206471972726014,0.0001605339348316,0.0001879078887458,CONTINUED_PLASTIC_LOADING,,,,48.49261744303912,0.6452484772038607,391.59861957003096,0.9999999528730328,True,False,False,CONTINUED_PLASTIC_LOADING
BH032,211,212,2.1200008392333984,0.9171650677777926,4371,1,1,-406.4365539550781,-404.6180114746094,1.81854248046875,352.4067092438134,354.3884205079664,9.70080383955752,5.596643313765526e-05,5.0589706283342215e-05,CONTINUED_PLASTIC_LOADING,,,,23.589171719522025,0.4819644344803378,355.0,0.9982772408675108,True,False,False,CONTINUED_PLASTIC_LOADING_WITH_COMPONENT_DROP
BH032,211,212,2.1200008392333984,0.9171650677777926,3944,1,1,-367.5799560546875,-365.8315124511719,1.748443603515625,348.71457168167814,347.3974868941955,-1.3211273334986915,0.0,0.0,ELASTIC_UNLOADING_WITHOUT_CONFIRMED_PRIOR_YIELD,,,,2.037922632758677,0.0017339577010254,355.0,0.9785844701244945,False,False,False,ELASTIC_UNLOADING_WITHOUT_CONFIRMED_PRIOR_YIELD
BH032,211,212,2.1200008392333984,0.9171650677777926,3562,1,1,-221.9940490722656,-257.1009521484375,0.0,339.27431363053944,349.9246581311136,8.944732217707644,0.0,0.0,ELASTIC_RESPONSE_WITHOUT_CONFIRMED_PRIOR_YIELD,,,,46.86463952401042,1.5540082129373184e-05,355.0,0.985703262341165,False,False,False,ELASTIC_RESPONSE_WITHOUT_CONFIRMED_PRIOR_YIELD
BH032,212,213,2.130000114440918,0.923224726446359,3023,2,1,-367.2425842285156,-370.2956237792969,0.0,348.0138858640516,351.9802085936968,3.95717473231495,0.0,0.0,AMBIGUOUS,,,,3.837196905341466,7.993916296745613e-05,355.0,0.9914935453343572,False,False,False,AMBIGUOUS
BH032,212,213,2.130000114440918,0.923224726446359,3944,2,5,-364.5522766113281,-364.5794372558594,0.0,345.8247573053547,346.4549147894771,0.6278730292852625,0.0,0.0,ELASTIC_RESPONSE_WITHOUT_CONFIRMED_PRIOR_YIELD,,,,1.533435024431839,0.0005542431623884,355.0,0.9759293374351466,False,False,False,ELASTIC_RESPONSE_WITHOUT_CONFIRMED_PRIOR_YIELD
BH032,212,213,2.130000114440918,0.923224726446359,3536,1,5,-372.7188720703125,-373.6319580078125,0.0,354.99997656129216,355.00000075362806,10.080212683826252,4.862746573053301e-05,5.246460759639253e-05,CONTINUED_PLASTIC_LOADING,,,,2.680995127857118,3.611021141206221,355.0,1.000000002122896,True,False,False,CONTINUED_PLASTIC_LOADING
BH032,212,213,2.130000114440918,0.923224726446359,5009,3,5,-368.8451843261719,-368.74896240234375,0.096221923828125,391.5986011151757,389.9403029711254,11.025138201973595,0.0001599490642547,0.0001872201559327,CONTINUED_PLASTIC_LOADING,,,,76.90309680753793,0.4055705660452104,391.9678115561914,0.9948273594787888,True,False,False,CONTINUED_PLASTIC_LOADING
BH032,212,213,2.130000114440918,0.923224726446359,4371,1,1,-404.6180114746094,-404.8655090332031,0.0,354.3884205079664,351.47135898579205,0.1567603556467709,5.713803693652153e-05,5.196333582084941e-05,CONTINUED_PLASTIC_LOADING,,,,41.55630333499686,0.2793901894287991,355.0,0.9900601661571607,True,False,False,CONTINUED_PLASTIC_LOADING
BH032,212,213,2.130000114440918,0.923224726446359,3944,1,1,-365.8315124511719,-367.9454345703125,0.0,347.3974868941955,349.59009170330165,2.191564919702276,0.0,0.0,ELASTIC_RESPONSE_WITHOUT_CONFIRMED_PRIOR_YIELD,,,,2.1252415557820754,0.0005653336510474,355.0,0.9847608216994412,False,False,False,ELASTIC_RESPONSE_WITHOUT_CONFIRMED_PRIOR_YIELD
BH032,212,213,2.130000114440918,0.923224726446359,3562,1,1,-257.1009521484375,-247.97218322753903,9.128768920898438,349.9246581311136,348.70216858120455,8.29110198930219,4.10864595323801e-05,5.039050207713374e-05,CONTINUED_PLASTIC_LOADING,,,,12.744452485890664,0.6234874607912634,355.0,0.98225962980621,False,False,False,CONTINUED_PLASTIC_LOADING_WITH_COMPONENT_DROP
BH032,213,214,2.140000820159912,0.9282381115892268,3023,2,1,-370.2956237792969,-374.0563659667969,0.0,351.9802085936968,354.570800674174,4.234993485989536,7.984795956872404e-06,8.607898606861941e-06,CONTINUED_PLASTIC_LOADING,,,,4.699210585433948,0.3376762081682174,355.0,0.9987909878145746,False,False,False,CONTINUED_PLASTIC_LOADING
BH032,213,214,2.140000820159912,0.9282381115892268,3944,2,5,-364.5794372558594,-366.57818603515625,0.0,346.4549147894771,347.8803792636725,1.4230528808040797,0.0,0.0,ELASTIC_RESPONSE_WITHOUT_CONFIRMED_PRIOR_YIELD,,,,2.4225246275911254,0.0003161450831457,355.0,0.9799447303202042,False,False,False,ELASTIC_RESPONSE_WITHOUT_CONFIRMED_PRIOR_YIELD
BH032,213,214,2.140000820159912,0.9282381115892268,3536,1,5,-373.6319580078125,-372.2424011230469,1.389556884765625,355.00000075362806,354.3729829427738,1.476437341813745,1.0192787158302964e-05,1.0965575088173936e-05,CONTINUED_PLASTIC_LOADING,,,,2.5691633369252025,0.7909821603011116,355.0,0.9982337547683768,True,False,False,CONTINUED_PLASTIC_LOADING_WITH_COMPONENT_DROP
BH032,213,214,2.140000820159912,0.9282381115892268,5009,3,5,-368.74896240234375,-368.806640625,0.0,389.9403029711254,385.05587903803854,25.93491371117726,0.0001637712121009,0.0001918803003219,CONTINUED_PLASTIC_LOADING,,,,28.13650446989812,1.1340840564708556,392.3458257656095,0.9814195889217234,True,False,False,CONTINUED_PLASTIC_LOADING
BH032,213,214,2.140000820159912,0.9282381115892268,4371,1,1,-404.8655090332031,-404.0758056640625,0.789703369140625,351.47135898579205,355.0000071051857,3.901733917130291,5.099643021821976e-05,4.66233805883088e-05,CONTINUED_PLASTIC_LOADING,,,,45.94861250305196,0.2252966079769116,355.0,1.0000000200146075,True,False,False,CONTINUED_PLASTIC_LOADING_WITH_COMPONENT_DROP
BH032,213,214,2.140000820159912,0.9282381115892268,3944,1,1,-367.9454345703125,-369.5459289550781,0.0,349.59009170330165,351.56401673494736,1.9723339972466785,0.0,0.0,AMBIGUOUS,,,,1.8516703931433285,9.006439673187577e-05,355.0,0.9903211739012602,False,False,False,AMBIGUOUS
BH032,213,214,2.140000820159912,0.9282381115892268,3562,1,1,-247.97218322753903,-250.65419006347656,0.0,348.70216858120455,353.9342462961577,5.230036921735181,0.0,0.0,ELASTIC_RELOADING,,,,4.297962604999538,0.0004970139161649,355.0,0.996997876890585,True,False,False,ELASTIC_RELOADING
BH032,214,215,2.150000095367432,0.9326515320021344,3023,2,1,-374.0563659667969,-374.4294128417969,0.0,354.570800674174,353.6035973030175,1.7142482970326278,1.3051312635070644e-05,1.4037363926618477e-05,CONTINUED_PLASTIC_LOADING,,,,3.332478793159115,0.7793031840417934,355.0,0.9960664712761056,True,False,False,CONTINUED_PLASTIC_LOADING
BH032,214,215,2.150000095367432,0.9326515320021344,3944,2,5,-366.57818603515625,-369.1773071289063,0.0,347.8803792636725,351.1849716948845,3.2975754872356338,0.0,0.0,ELASTIC_RESPONSE_WITHOUT_CONFIRMED_PRIOR_YIELD,,,,3.2802302567827923,0.0004718690331503,355.0,0.9892534413940408,False,False,False,ELASTIC_RESPONSE_WITHOUT_CONFIRMED_PRIOR_YIELD
