case,frame_start,frame_end,time_end_s,P_end_over_Pu,element,integration_point,section_point,sigma_y_start_MPa,sigma_y_end_MPa,abs_sigma_y_drop_MPa,sigma_VM_start_MPa,sigma_VM_end_MPa,eta_MPa,delta_PEEQ,delta_PE_tensor_norm,classification,d_s_raw,d_s_clipped,unloading_residual,delta_sigma_norm_MPa,original_Cs_increment_residual,current_isotropic_yield_MPa,sigma_VM_over_current_yield,confirmed_prior_yield,spatially_supported_unloading,qualified_scalar_stiffness,drop_audit_class
BH050,0,1,0.0100009096786379,7.624085734172226e-07,5809,3,5,0.0,-0.0054071615450084,0.0,0.0,0.0979955823675919,,0.0,0.0,AMBIGUOUS,,,,0.0604708211711358,9.907427207901372e-06,355.0,0.0002760438939932,False,False,False,AMBIGUOUS
BH050,0,1,0.0100009096786379,7.624085734172226e-07,8857,1,1,0.0,0.0122582679614424,0.0,0.0,0.0433992295725004,,0.0,0.0,AMBIGUOUS,,,,0.0272904670804617,1.718218998333468e-05,355.0,0.0001222513509084,False,False,False,AMBIGUOUS
BH050,0,1,0.0100009096786379,7.624085734172226e-07,7318,1,1,0.0,0.0019589124713093,0.0,0.0,0.0090541509782789,,0.0,0.0,AMBIGUOUS,,,,0.0100652150625079,1.3373811639404252e-06,355.0,2.5504650643039156e-05,False,False,False,AMBIGUOUS
BH050,0,1,0.0100009096786379,7.624085734172226e-07,7687,4,5,0.0,-0.0045701954513788,0.0,0.0,0.0096778949613931,,0.0,0.0,AMBIGUOUS,,,,0.0117617204054403,2.643542280737824e-06,355.0,2.7261675947586195e-05,False,False,False,AMBIGUOUS
BH050,0,1,0.0100009096786379,7.624085734172226e-07,6592,3,5,0.0,-0.0035885581746697,0.0,0.0,0.0114358242411513,,0.0,0.0,AMBIGUOUS,,,,0.0132563874259423,9.848971619806025e-07,355.0,3.22135894116938e-05,False,False,False,AMBIGUOUS
BH050,0,1,0.0100009096786379,7.624085734172226e-07,7690,1,1,0.0,0.0035432872828096,0.0,0.0,0.0106052573979804,,0.0,0.0,AMBIGUOUS,,,,0.0123983302982084,3.027698694953177e-06,355.0,2.987396450135324e-05,False,False,False,AMBIGUOUS
BH050,0,1,0.0100009096786379,7.624085734172226e-07,8803,2,1,0.0,0.0196196921169757,0.0,0.0,0.1339530953635573,,0.0,0.0,AMBIGUOUS,,,,0.1332190988519943,4.685991092749697e-07,355.0,0.0003773326629959,False,False,False,AMBIGUOUS
BH050,1,2,0.020000921562314,3.819749710393071e-06,5809,3,5,-0.0054071615450084,0.0124559327960014,0.0054071615450084,0.0979955823675919,0.0934343128447777,-0.0666625306423474,0.0,0.0,AMBIGUOUS,,,,0.1130009399325639,3.088289891110432e-06,355.0,0.00026319524745,False,False,False,AMBIGUOUS
BH050,1,2,0.020000921562314,3.819749710393071e-06,8857,1,1,0.0122582679614424,0.0276819821447134,0.0,0.0433992295725004,0.0547114041081408,-0.0691298620542255,0.0,0.0,AMBIGUOUS,,,,0.077732020714664,4.334599479327527e-06,355.0,0.0001541166312905,False,False,False,AMBIGUOUS
BH050,1,2,0.020000921562314,3.819749710393071e-06,7318,1,1,0.0019589124713093,-0.0009971129475161,0.0,0.0090541509782789,0.0063133309862462,-0.0045452365864474,0.0,0.0,AMBIGUOUS,,,,0.0067989214193028,5.299640892463556e-07,355.0,1.7784030947172394e-05,False,False,False,AMBIGUOUS
BH050,1,2,0.020000921562314,3.819749710393071e-06,7687,4,5,-0.0045701954513788,-0.0015361112309619,0.0030340842204168,0.0096778949613931,0.0074962628357156,-0.0048959224392798,0.0,0.0,AMBIGUOUS,,,,0.0062502476679818,4.0810986958938415e-06,355.0,2.1116233340043945e-05,False,False,False,AMBIGUOUS
BH050,1,2,0.020000921562314,3.819749710393071e-06,6592,3,5,-0.0035885581746697,0.0065404097549617,0.0035885581746697,0.0114358242411513,0.0061467718569711,-0.0127518459917199,0.0,0.0,AMBIGUOUS,,,,0.0186639467431158,8.47121744928261e-07,355.0,1.731485030132704e-05,False,False,False,AMBIGUOUS
BH050,1,2,0.020000921562314,3.819749710393071e-06,7690,1,1,0.0035432872828096,0.003408060176298,0.0,0.0106052573979804,0.0055373578721369,-0.0052684356458659,0.0,0.0,AMBIGUOUS,,,,0.005507170939813,3.3794065764536297e-06,355.0,1.5598191189118027e-05,False,False,False,AMBIGUOUS
BH050,1,2,0.020000921562314,3.819749710393071e-06,8803,2,1,0.0196196921169757,0.0085016936063766,0.0,0.1339530953635573,0.0247732493875313,-0.10993706897784,0.0,0.0,AMBIGUOUS,,,,0.1081938829303306,1.4765621055123715e-06,355.0,6.978380109163746e-05,False,False,False,AMBIGUOUS
BH050,2,3,0.0300006885081529,9.64373164085494e-06,5809,3,5,0.0124559327960014,-0.0657598301768302,0.0,0.0934343128447777,0.0972980317076866,-0.120304369453947,0.0,0.0,AMBIGUOUS,,,,0.1922131389906562,7.468817116541555e-07,355.0,0.0002740789625568,False,False,False,AMBIGUOUS
BH050,2,3,0.0300006885081529,9.64373164085494e-06,8857,1,1,0.0276819821447134,-0.0366243235766887,0.0,0.0547114041081408,0.1507985106215953,-0.1988970283503233,0.0,0.0,AMBIGUOUS,,,,0.2210581523101873,7.912883217849984e-07,355.0,0.0004247845369622,False,False,False,AMBIGUOUS
BH050,2,3,0.0300006885081529,9.64373164085494e-06,7318,1,1,-0.0009971129475161,-0.005120734218508,0.0,0.0063133309862462,0.0089789194391097,0.0004817866400791,0.0,0.0,AMBIGUOUS,,,,0.0047103539063808,1.0468150744370364e-05,355.0,2.529273081439352e-05,False,False,False,AMBIGUOUS
BH050,2,3,0.0300006885081529,9.64373164085494e-06,7687,4,5,-0.0015361112309619,-0.0020447710994631,0.0,0.0074962628357156,0.0056420645897778,-0.0024273032296743,0.0,0.0,AMBIGUOUS,,,,0.0020723961605902,9.098808602635783e-06,355.0,1.5893139689514928e-05,False,False,False,AMBIGUOUS
BH050,2,3,0.0300006885081529,9.64373164085494e-06,6592,3,5,0.0065404097549617,-0.0098647624254226,0.0,0.0061467718569711,0.0101879047096364,-0.0139240428789439,0.0,0.0,AMBIGUOUS,,,,0.0211511991268935,3.0792860654006937e-06,355.0,2.8698323125736338e-05,False,False,False,AMBIGUOUS
BH050,2,3,0.0300006885081529,9.64373164085494e-06,7690,1,1,0.003408060176298,0.0010435247095301,0.0,0.0055373578721369,0.0031752303384879,-0.0038863973790343,0.0,0.0,AMBIGUOUS,,,,0.0051667492386309,6.036741416288019e-06,355.0,8.944310812641972e-06,False,False,False,AMBIGUOUS
BH050,2,3,0.0300006885081529,9.64373164085494e-06,8803,2,1,0.0085016936063766,-0.0209053196012973,0.0,0.0247732493875313,0.0185509615368731,-0.0263694788843969,0.0,0.0,AMBIGUOUS,,,,0.0429392126750387,4.271817720515716e-06,355.0,5.225622968133267e-05,False,False,False,AMBIGUOUS
BH050,3,4,0.0400000140070915,1.9390805432161832e-05,5809,3,5,-0.0657598301768302,-0.0222562253475189,0.0435036048293113,0.0972980317076866,0.0314688986682356,-0.0808048514677463,0.0,0.0,AMBIGUOUS,,,,0.102946638726731,4.421292455535794e-06,355.0,8.864478498094536e-05,False,False,False,AMBIGUOUS
BH050,3,4,0.0400000140070915,1.9390805432161832e-05,8857,1,1,-0.0366243235766887,0.0036171760875731,0.0366243235766887,0.1507985106215953,0.0484007840529703,-0.1948683991314643,0.0,0.0,AMBIGUOUS,,,,0.2040601128286427,8.135756091022453e-07,355.0,0.0001363402367689,False,False,False,AMBIGUOUS
BH050,3,4,0.0400000140070915,1.9390805432161832e-05,7318,1,1,-0.005120734218508,0.0010352896060794,0.005120734218508,0.0089789194391097,0.0075341984834002,-0.0035009277296667,0.0,0.0,AMBIGUOUS,,,,0.0066579699446312,5.643716643457872e-06,355.0,2.1223094319437185e-05,False,False,False,AMBIGUOUS
BH050,3,4,0.0400000140070915,1.9390805432161832e-05,7687,4,5,-0.0020447710994631,-0.0060256472788751,0.0,0.0056420645897778,0.0076394073413484,0.0011633489541706,0.0,0.0,AMBIGUOUS,,,,0.0046283289140888,1.1586350562523204e-06,355.0,2.151945729957296e-05,False,False,False,AMBIGUOUS
BH050,3,4,0.0400000140070915,1.9390805432161832e-05,6592,3,5,-0.0098647624254226,-0.0061892047524452,0.0036755576729774,0.0101879047096364,0.0082667181485661,-0.0044128670272472,0.0,0.0,AMBIGUOUS,,,,0.0075805121765867,4.683079910909586e-06,355.0,2.328652999596085e-05,False,False,False,AMBIGUOUS
BH050,3,4,0.0400000140070915,1.9390805432161832e-05,7690,1,1,0.0010435247095301,-0.0010089572751894,0.0,0.0031752303384879,0.0073221857934522,-0.0027940545880311,0.0,0.0,AMBIGUOUS,,,,0.0055422163392933,8.391665535978944e-07,355.0,2.062587547451324e-05,False,False,False,AMBIGUOUS
BH050,3,4,0.0400000140070915,1.9390805432161832e-05,8803,2,1,-0.0209053196012973,-0.0214066226035356,0.0,0.0185509615368731,0.0539034832502687,0.0072709323544034,0.0,0.0,AMBIGUOUS,,,,0.0284370740750586,4.469691683413069e-06,355.0,0.000151840797888,False,False,False,AMBIGUOUS
BH050,4,5,0.0500000156462192,4.107065206292181e-05,5809,3,5,-0.0222562253475189,0.0566210821270942,0.0222562253475189,0.0314688986682356,0.2190286933595499,0.0151674452746294,0.0,0.0,AMBIGUOUS,,,,0.2544305882408365,3.7099845243481647e-06,355.0,0.0006169822348156,False,False,False,AMBIGUOUS
BH050,4,5,0.0500000156462192,4.107065206292181e-05,8857,1,1,0.0036171760875731,-0.0223441049456596,0.0,0.0484007840529703,0.049794899177486,-0.0934410735840722,0.0,0.0,AMBIGUOUS,,,,0.1067467899890395,3.383232722703465e-06,355.0,0.0001402673216267,False,False,False,AMBIGUOUS
BH050,4,5,0.0500000156462192,4.107065206292181e-05,7318,1,1,0.0010352896060794,-0.0138385975733399,0.0,0.0075341984834002,0.0171439435407453,0.002424085776182,0.0,0.0,AMBIGUOUS,,,,0.0150280342139295,2.689700096938298e-06,355.0,4.829279870632479e-05,False,False,False,AMBIGUOUS
BH050,4,5,0.0500000156462192,4.107065206292181e-05,7687,4,5,-0.0060256472788751,-0.0077113523148,0.0,0.0076394073413484,0.0072705919270587,-0.0011419708624191,0.0,0.0,AMBIGUOUS,,,,0.0027881506185923,1.2355983710484174e-05,355.0,2.048054063960197e-05,False,False,False,AMBIGUOUS
BH050,4,5,0.0500000156462192,4.107065206292181e-05,6592,3,5,-0.0061892047524452,-0.0144660733640193,0.0,0.0082667181485661,0.0132311957030441,0.0030896480845281,0.0,0.0,AMBIGUOUS,,,,0.009242597372529,2.0233860253466304e-06,355.0,3.727097381139183e-05,False,False,False,AMBIGUOUS
BH050,4,5,0.0500000156462192,4.107065206292181e-05,7690,1,1,-0.0010089572751894,-0.0125149236992001,0.0,0.0073221857934522,0.0120731678311939,-0.0013384321984816,0.0,0.0,AMBIGUOUS,,,,0.0135793560521529,2.1349725935789672e-06,355.0,3.400892346815183e-05,False,False,False,AMBIGUOUS
BH050,4,5,0.0500000156462192,4.107065206292181e-05,8803,2,1,-0.0214066226035356,-0.0280613340437412,0.0,0.0539034832502687,0.0887577829621261,-0.0455191551772366,0.0,0.0,AMBIGUOUS,,,,0.0902970264221917,6.507657762572231e-07,355.0,0.0002500219238369,False,False,False,AMBIGUOUS
BH050,5,6,0.060000229626894,6.635050429447059e-05,5809,3,5,0.0566210821270942,0.0106720412150025,0.0,0.2190286933595499,0.2522748045765312,0.019608660169169,0.0,0.0,AMBIGUOUS,,,,0.0607955215183031,1.340776175547267e-05,355.0,0.0007106332523282,False,False,False,AMBIGUOUS
BH050,5,6,0.060000229626894,6.635050429447059e-05,8857,1,1,-0.0223441049456596,-0.0034642219543457,0.0188798829913139,0.049794899177486,0.0349493227387275,-0.0190788101045433,0.0,0.0,AMBIGUOUS,,,,0.0270278828635394,1.5333769767366623e-05,355.0,9.844879644711973e-05,False,False,False,AMBIGUOUS
BH050,5,6,0.060000229626894,6.635050429447059e-05,7318,1,1,-0.0138385975733399,-0.0237730834633111,0.0,0.0171439435407453,0.0258389565883585,0.0082860093473183,0.0,0.0,AMBIGUOUS,,,,0.0101038713310432,2.185544834739244e-06,355.0,7.278579320664367e-05,False,False,False,AMBIGUOUS
BH050,5,6,0.060000229626894,6.635050429447059e-05,7687,4,5,-0.0077113523148,-0.0185350216925144,0.0,0.0072705919270587,0.0172457152618713,0.0063153626665002,0.0,0.0,AMBIGUOUS,,,,0.0111462973881248,5.814301170146756e-06,355.0,4.857947961090507e-05,False,False,False,AMBIGUOUS
BH050,5,6,0.060000229626894,6.635050429447059e-05,6592,3,5,-0.0144660733640193,-0.0176590736955404,0.0,0.0132311957030441,0.0161205261362533,0.0020029364514095,0.0,0.0,AMBIGUOUS,,,,0.0045956291498994,1.8692604941407087e-05,355.0,4.540993277817831e-05,False,False,False,AMBIGUOUS
BH050,5,6,0.060000229626894,6.635050429447059e-05,7690,1,1,-0.0125149236992001,-0.0149722257629036,0.0,0.0120731678311939,0.0138287803531833,0.0016826793183891,0.0,0.0,AMBIGUOUS,,,,0.003014573664686,3.128894932754001e-05,355.0,3.895431085403746e-05,False,False,False,AMBIGUOUS
BH050,5,6,0.060000229626894,6.635050429447059e-05,8803,2,1,-0.0280613340437412,-0.0297571457922458,0.0,0.0887577829621261,0.192211156869329,-0.2481708109901102,0.0,0.0,AMBIGUOUS,,,,0.2570492826003572,2.7633309471494395e-06,355.0,0.0005414398785051,False,False,False,AMBIGUOUS
BH050,6,7,0.0700002908706665,0.0001050161906838,5809,3,5,0.0106720412150025,-0.0094674425199627,0.0,0.2522748045765312,0.1827645588898572,-0.0720802269746349,0.0,0.0,AMBIGUOUS,,,,0.0789548187293707,1.128147304820204e-05,355.0,0.0005148297433517,False,False,False,AMBIGUOUS
BH050,6,7,0.0700002908706665,0.0001050161906838,8857,1,1,-0.0034642219543457,-0.0153341507539153,0.0,0.0349493227387275,0.0244498837212416,-0.0164877739643388,0.0,0.0,AMBIGUOUS,,,,0.0175682038885991,2.591611228629697e-05,355.0,6.887291189082141e-05,False,False,False,AMBIGUOUS
BH050,6,7,0.0700002908706665,0.0001050161906838,7318,1,1,-0.0237730834633111,-0.0283783245831727,0.0,0.0258389565883585,0.0267405689331521,0.000110036360725,0.0,0.0,AMBIGUOUS,,,,0.0087005363741717,1.0688180926255262e-05,355.0,7.53255462905693e-05,False,False,False,AMBIGUOUS
BH050,6,7,0.0700002908706665,0.0001050161906838,7687,4,5,-0.0185350216925144,-0.0292096063494682,0.0,0.0172457152618713,0.0265251073686402,0.0088074189600474,0.0,0.0,AMBIGUOUS,,,,0.0111058547888165,1.8353616543213584e-06,355.0,7.471861230602874e-05,False,False,False,AMBIGUOUS
BH050,6,7,0.0700002908706665,0.0001050161906838,6592,3,5,-0.0176590736955404,-0.0247471034526824,0.0,0.0161205261362533,0.0224784881286778,0.006334318892591,0.0,0.0,AMBIGUOUS,,,,0.0073001264766382,7.503648875867842e-06,355.0,6.331968486951492e-05,False,False,False,AMBIGUOUS
BH050,6,7,0.0700002908706665,0.0001050161906838,7690,1,1,-0.0149722257629036,-0.0293777771294116,0.0,0.0138287803531833,0.0278769464989309,0.0139546473639057,0.0,0.0,AMBIGUOUS,,,,0.014440500275188,3.475798303584297e-06,355.0,7.852660985614338e-05,False,False,False,AMBIGUOUS
BH050,6,7,0.0700002908706665,0.0001050161906838,8803,2,1,-0.0297571457922458,-0.0374386310577392,0.0,0.192211156869329,0.0535009891726565,-0.2155435459267369,0.0,0.0,AMBIGUOUS,,,,0.1860944522301412,2.198035191842648e-06,355.0,0.0001507070117539,False,False,False,AMBIGUOUS
BH050,7,8,0.0800003483891487,0.0001292178470652,5809,3,5,-0.0094674425199627,-0.0146405501291155,0.0,0.1827645588898572,0.8092816297925598,0.5190204239407363,0.0,0.0,AMBIGUOUS,,,,0.5348996567668092,3.210697016502297e-06,355.0,0.0022796665627959,False,False,False,AMBIGUOUS
BH050,7,8,0.0800003483891487,0.0001292178470652,8857,1,1,-0.0153341507539153,-0.3199751079082489,0.0,0.0244498837212416,0.6253331384640457,0.0497576360860857,0.0,0.0,AMBIGUOUS,,,,0.5473580830578951,5.599398326933038e-06,355.0,0.0017615017984902,False,False,False,AMBIGUOUS
BH050,7,8,0.0800003483891487,0.0001292178470652,7318,1,1,-0.0283783245831727,-0.0520083419978618,0.0,0.0267405689331521,0.0518846024654657,0.024611258522071,0.0,0.0,AMBIGUOUS,,,,0.0239963137231645,5.372346323610112e-06,355.0,0.0001461538097618,False,False,False,AMBIGUOUS
BH050,7,8,0.0800003483891487,0.0001292178470652,7687,4,5,-0.0292096063494682,-0.0539449416100978,0.0,0.0265251073686402,0.058210956961339,0.027963539784947,0.0,0.0,AMBIGUOUS,,,,0.0283443145017176,4.858668059028648e-06,355.0,0.0001639745266516,False,False,False,AMBIGUOUS
BH050,7,8,0.0800003483891487,0.0001292178470652,6592,3,5,-0.0247471034526824,-0.0599419139325618,0.0,0.0224784881286778,0.084970512351343,0.0417941068323052,0.0,0.0,AMBIGUOUS,,,,0.05140797049562,2.255753617177862e-06,355.0,0.0002393535559192,False,False,False,AMBIGUOUS
BH050,7,8,0.0800003483891487,0.0001292178470652,7690,1,1,-0.0293777771294116,-0.0394120253622531,0.0,0.0278769464989309,0.0502339325909719,-0.0002804654864633,0.0,0.0,AMBIGUOUS,,,,0.0320867625054873,1.4940938341460144e-06,355.0,0.0001415040354675,False,False,False,AMBIGUOUS
BH050,7,8,0.0800003483891487,0.0001292178470652,8803,2,1,-0.0374386310577392,-0.0406703203916549,0.0,0.0535009891726565,0.6857104768861154,0.3196851359723115,0.0,0.0,AMBIGUOUS,,,,0.5254281000500659,3.9338566591589705e-06,355.0,0.0019315788081299,False,False,False,AMBIGUOUS
BH050,8,9,0.0900005400180816,0.0002237381286938,5809,3,5,-0.0146405501291155,0.5152478218078613,0.0146405501291155,0.8092816297925598,2.441898436199585,-0.6782169838437314,0.0,0.0,AMBIGUOUS,,,,1.8544852541987336,1.5073091287875785e-06,355.0,0.0068785871442241,False,False,False,AMBIGUOUS
BH050,8,9,0.0900005400180816,0.0002237381286938,8857,1,1,-0.3199751079082489,0.5100215077400208,0.3199751079082489,0.6253331384640457,1.959485673251398,-1.5254846778091968,0.0,0.0,AMBIGUOUS,,,,2.6788678066593574,2.804445788421922e-06,355.0,0.0055196779528208,False,False,False,AMBIGUOUS
BH050,8,9,0.0900005400180816,0.0002237381286938,7318,1,1,-0.0520083419978618,-0.0682635232806205,0.0,0.0518846024654657,0.1214437468474646,0.0385892495757412,0.0,0.0,AMBIGUOUS,,,,0.0568097873402996,2.085711188046028e-06,355.0,0.0003420950615421,False,False,False,AMBIGUOUS
BH050,8,9,0.0900005400180816,0.0002237381286938,7687,4,5,-0.0539449416100978,-0.0619098730385303,0.0,0.058210956961339,0.0702952071094305,0.004733517578836,0.0,0.0,AMBIGUOUS,,,,0.0248310151246931,6.4918894934762734e-06,355.0,0.0001980146679138,False,False,False,AMBIGUOUS
BH050,8,9,0.0900005400180816,0.0002237381286938,6592,3,5,-0.0599419139325618,-0.0895818620920181,0.0,0.084970512351343,0.0821271766062517,-0.0549925437410562,0.0,0.0,AMBIGUOUS,,,,0.0737133088948743,2.3954330935254163e-06,355.0,0.0002313441594542,False,False,False,AMBIGUOUS
BH050,8,9,0.0900005400180816,0.0002237381286938,7690,1,1,-0.0394120253622531,-0.0801213383674621,0.0,0.0502339325909719,0.085976046893209,-0.0385617181227616,0.0,0.0,AMBIGUOUS,,,,0.0629196083261978,5.836246956844033e-06,355.0,0.0002421860475865,False,False,False,AMBIGUOUS
BH050,8,9,0.0900005400180816,0.0002237381286938,8803,2,1,-0.0406703203916549,0.3446938991546631,0.0406703203916549,0.6857104768861154,0.9847012719865482,-0.9076297907448596,0.0,0.0,AMBIGUOUS,,,,1.5169606503323951,1.3422822343982342e-06,355.0,0.0027738063999621,False,False,False,AMBIGUOUS
BH050,9,10,0.1000012457370758,0.0003053233887216,5809,3,5,0.5152478218078613,1.0325111150741575,0.0,2.441898436199585,3.425919397707954,-1.8408319127542845,0.0,0.0,AMBIGUOUS,,,,2.6179283270719043,2.9623533082514564e-06,355.0,0.0096504771766421,False,False,False,AMBIGUOUS
BH050,9,10,0.1000012457370758,0.0003053233887216,8857,1,1,0.5100215077400208,0.2626259922981262,0.0,1.959485673251398,1.6995154169706497,-0.4141207660122131,0.0,0.0,AMBIGUOUS,,,,0.7098490135317213,2.3198271738169568e-05,355.0,0.0047873673717483,False,False,False,AMBIGUOUS
BH050,9,10,0.1000012457370758,0.0003053233887216,7318,1,1,-0.0682635232806205,-0.0652758479118347,0.0029876753687858,0.1214437468474646,0.1141705259492295,-0.1085584942391977,0.0,0.0,AMBIGUOUS,,,,0.0911587159260654,2.815116268734289e-06,355.0,0.0003216071153499,False,False,False,AMBIGUOUS
BH050,9,10,0.1000012457370758,0.0003053233887216,7687,4,5,-0.0619098730385303,-0.0709641873836517,0.0,0.0702952071094305,0.0799000373770357,0.0041779539727848,0.0,0.0,AMBIGUOUS,,,,0.0232654239751307,1.7456013333010315e-05,355.0,0.0002250705278226,False,False,False,AMBIGUOUS
BH050,9,10,0.1000012457370758,0.0003053233887216,6592,3,5,-0.0895818620920181,-0.0692523792386055,0.0203294828534126,0.0821271766062517,0.1063463551699066,-0.0424720476332209,0.0,0.0,AMBIGUOUS,,,,0.0665826841973475,4.533654235232151e-06,355.0,0.0002995671976617,False,False,False,AMBIGUOUS
BH050,9,10,0.1000012457370758,0.0003053233887216,7690,1,1,-0.0801213383674621,-0.0590909644961357,0.0210303738713264,0.085976046893209,0.0571614156037955,-0.0431938169808731,0.0,0.0,AMBIGUOUS,,,,0.0398660309294018,9.1234775903042e-06,355.0,0.0001610180721233,False,False,False,AMBIGUOUS
BH050,9,10,0.1000012457370758,0.0003053233887216,8803,2,1,0.3446938991546631,-0.3179502189159393,0.0,0.9847012719865482,1.4714452305633332,-1.5586591883219498,0.0,0.0,AMBIGUOUS,,,,2.353808210452677,1.347676836725109e-06,355.0,0.0041449161424319,False,False,False,AMBIGUOUS
BH050,10,11,0.1100006327033042,0.0004039792084634,5809,3,5,1.0325111150741575,-0.3358771204948425,0.0,3.425919397707954,0.7618915331097625,-4.149796237619875,0.0,0.0,AMBIGUOUS,,,,4.367078808673773,2.1506125370595077e-06,355.0,0.0021461733327035,False,False,False,AMBIGUOUS
BH050,10,11,0.1100006327033042,0.0004039792084634,8857,1,1,0.2626259922981262,-0.3106579482555389,0.0,1.6995154169706497,1.2550419747864838,-2.138607540132752,0.0,0.0,AMBIGUOUS,,,,2.7365173172992305,9.359831632867692e-07,355.0,0.0035353295064407,False,False,False,AMBIGUOUS
BH050,10,11,0.1100006327033042,0.0004039792084634,7318,1,1,-0.0652758479118347,-0.0919331610202789,0.0,0.1141705259492295,0.103340105883435,-0.034893209253243,0.0,0.0,AMBIGUOUS,,,,0.0520671244502093,3.956285767726673e-06,355.0,0.0002910988898124,False,False,False,AMBIGUOUS
BH050,10,11,0.1100006327033042,0.0004039792084634,7687,4,5,-0.0709641873836517,-0.0815001651644706,0.0,0.0799000373770357,0.1111204321479848,0.0234159990012047,0.0,0.0,AMBIGUOUS,,,,0.0289664849036365,2.890050409690337e-05,355.0,0.0003130153018253,False,False,False,AMBIGUOUS
BH050,10,11,0.1100006327033042,0.0004039792084634,6592,3,5,-0.0692523792386055,-0.1366838663816452,0.0,0.1063463551699066,0.1455821962490412,-0.0620032923714148,0.0,0.0,AMBIGUOUS,,,,0.1090362866690337,4.858407444476547e-06,355.0,0.0004100906936592,False,False,False,AMBIGUOUS
BH050,10,11,0.1100006327033042,0.0004039792084634,7690,1,1,-0.0590909644961357,-0.1271965205669403,0.0,0.0571614156037955,0.1422923368329842,0.0815417583016728,0.0,0.0,AMBIGUOUS,,,,0.0743821113456039,5.792035293868596e-06,355.0,0.0004008234840365,False,False,False,AMBIGUOUS
BH050,10,11,0.1100006327033042,0.0004039792084634,8803,2,1,-0.3179502189159393,-0.2733054757118225,0.0446447432041168,1.4714452305633332,1.09315159486731,-1.045291761772862,0.0,0.0,AMBIGUOUS,,,,0.846448214762802,2.32967562058953e-06,355.0,0.0030793002672318,False,False,False,AMBIGUOUS
BH050,11,12,0.1200010031461715,0.000470417542528,5809,3,5,-0.3358771204948425,0.8007692694664001,0.3358771204948425,0.7618915331097625,3.713388915800792,-2.409708946171362,0.0,0.0,AMBIGUOUS,,,,4.679637952541333,9.802778814319104e-07,355.0,0.0104602504670444,False,False,False,AMBIGUOUS
BH050,11,12,0.1200010031461715,0.000470417542528,8857,1,1,-0.3106579482555389,-0.2477299869060516,0.0629279613494873,1.2550419747864838,0.3941712428682083,-1.0451434851003012,0.0,0.0,AMBIGUOUS,,,,0.8178032234423639,2.94524881289488e-06,355.0,0.0011103415292062,False,False,False,AMBIGUOUS
BH050,11,12,0.1200010031461715,0.000470417542528,7318,1,1,-0.0919331610202789,-0.1407328248023986,0.0,0.103340105883435,0.1257484427475963,0.0039748532061672,0.0,0.0,AMBIGUOUS,,,,0.0854686492305826,2.407569268159863e-06,355.0,0.0003542209654861,False,False,False,AMBIGUOUS
BH050,11,12,0.1200010031461715,0.000470417542528,7687,4,5,-0.0815001651644706,-0.1594951599836349,0.0,0.1111204321479848,0.1492275795280191,0.0109407056506149,0.0,0.0,AMBIGUOUS,,,,0.0893224959356031,4.470221839299298e-06,355.0,0.0004203593789521,False,False,False,AMBIGUOUS
BH050,11,12,0.1200010031461715,0.000470417542528,6592,3,5,-0.1366838663816452,-0.1348560154438018,0.0018278509378433,0.1455821962490412,0.1381593517445165,-0.0150823190853721,0.0,0.0,AMBIGUOUS,,,,0.0300042511366383,1.2593823903431853e-05,355.0,0.0003891812725197,False,False,False,AMBIGUOUS
BH050,11,12,0.1200010031461715,0.000470417542528,7690,1,1,-0.1271965205669403,-0.0970894247293472,0.030107095837593,0.1422923368329842,0.1149476009937549,-0.0301879271427082,0.0,0.0,AMBIGUOUS,,,,0.0351117879588975,9.943113163229192e-06,355.0,0.0003237960591373,False,False,False,AMBIGUOUS
BH050,11,12,0.1200010031461715,0.000470417542528,8803,2,1,-0.2733054757118225,-0.0021010667551308,0.2712044089566916,1.09315159486731,1.5442803133289165,-2.377038672130514,0.0,0.0,AMBIGUOUS,,,,2.6515462187024768,1.181465463112505e-06,355.0,0.0043500853896589,False,False,False,AMBIGUOUS
BH050,12,13,0.1300012022256851,0.0006884779365466,5809,3,5,0.8007692694664001,-0.5020242929458618,0.0,3.713388915800792,0.6407415855633727,-3.5060943905745727,0.0,0.0,AMBIGUOUS,,,,4.200185716914803,1.9524907752434094e-06,355.0,0.0018049058748264,False,False,False,AMBIGUOUS
BH050,12,13,0.1300012022256851,0.0006884779365466,8857,1,1,-0.2477299869060516,-0.6016700267791748,0.0,0.3941712428682083,1.296866363145167,0.8525169138543434,0.0,0.0,AMBIGUOUS,,,,1.1059021977763193,1.864128890405957e-06,355.0,0.0036531446849159,False,False,False,AMBIGUOUS
BH050,12,13,0.1300012022256851,0.0006884779365466,7318,1,1,-0.1407328248023986,-0.1492563337087631,0.0,0.1257484427475963,0.1676937954592582,0.0098940424145594,0.0,0.0,AMBIGUOUS,,,,0.0824201751572944,3.239570995433883e-06,355.0,0.0004723768886176,False,False,False,AMBIGUOUS
BH050,12,13,0.1300012022256851,0.0006884779365466,7687,4,5,-0.1594951599836349,-0.1612308174371719,0.0,0.1492275795280191,0.1861786134790837,0.0234223865580025,0.0,0.0,AMBIGUOUS,,,,0.0522960085112948,1.0024953874625363e-05,355.0,0.0005244467985326,False,False,False,AMBIGUOUS
BH050,12,13,0.1300012022256851,0.0006884779365466,6592,3,5,-0.1348560154438018,-0.255168467760086,0.0,0.1381593517445165,0.2338418455060342,0.0894514162495736,0.0,0.0,AMBIGUOUS,,,,0.1341599905748018,3.62349342857114e-06,355.0,0.0006587094239606,False,False,False,AMBIGUOUS
BH050,12,13,0.1300012022256851,0.0006884779365466,7690,1,1,-0.0970894247293472,-0.1755967885255813,0.0,0.1149476009937549,0.1771051411783552,0.052718691332624,0.0,0.0,AMBIGUOUS,,,,0.0881724850638281,2.423895646531236e-06,355.0,0.0004988877216291,False,False,False,AMBIGUOUS
BH050,12,13,0.1300012022256851,0.0006884779365466,8803,2,1,-0.0021010667551308,-0.2411781549453735,0.0,1.5442803133289165,0.5373460379222772,-1.559124898427551,0.0,0.0,AMBIGUOUS,,,,1.6834272316058636,4.311217693015498e-06,355.0,0.0015136508110486,False,False,False,AMBIGUOUS
BH050,13,14,0.1400003731250763,0.0007954384060448,5809,3,5,-0.5020242929458618,-0.6808338761329651,0.0,0.6407415855633727,2.1511843099968275,-1.3034767655646369,0.0,0.0,AMBIGUOUS,,,,2.309771319518057,2.366761925443551e-06,355.0,0.0060596741126671,False,False,False,AMBIGUOUS
BH050,13,14,0.1400003731250763,0.0007954384060448,8857,1,1,-0.6016700267791748,0.060894139111042,0.6016700267791748,1.296866363145167,0.5525026519437751,-1.333378569378346,0.0,0.0,AMBIGUOUS,,,,1.6896147265081565,3.436938284709645e-06,355.0,0.0015563454984331,False,False,False,AMBIGUOUS
BH050,13,14,0.1400003731250763,0.0007954384060448,7318,1,1,-0.1492563337087631,-0.221389815211296,0.0,0.1676937954592582,0.22967041355549,0.0606470317137871,0.0,0.0,AMBIGUOUS,,,,0.0743449614659089,6.842093289034876e-06,355.0,0.0006469589114239,False,False,False,AMBIGUOUS
BH050,13,14,0.1400003731250763,0.0007954384060448,7687,4,5,-0.1612308174371719,-0.2029709815979004,0.0,0.1861786134790837,0.2194531711363273,-0.0356765305928084,0.0,0.0,AMBIGUOUS,,,,0.1009359376391884,7.320828901362725e-06,355.0,0.0006181779468628,False,False,False,AMBIGUOUS
BH050,13,14,0.1400003731250763,0.0007954384060448,6592,3,5,-0.255168467760086,-0.2211448550224304,0.0340236127376556,0.2338418455060342,0.2334423323751832,-0.0458386076239284,0.0,0.0,AMBIGUOUS,,,,0.0928394314523851,2.7122079853017992e-06,355.0,0.0006575840348596,False,False,False,AMBIGUOUS
BH050,13,14,0.1400003731250763,0.0007954384060448,7690,1,1,-0.1755967885255813,-0.2014219909906387,0.0,0.1771051411783552,0.1832658940115891,-0.0094362868513486,0.0,0.0,AMBIGUOUS,,,,0.0648264682883355,7.971588121916858e-06,355.0,0.0005162419549622,False,False,False,AMBIGUOUS
BH050,13,14,0.1400003731250763,0.0007954384060448,8803,2,1,-0.2411781549453735,-0.5233056545257568,0.0,0.5373460379222772,1.2308343403257036,-0.4142708294252928,0.0,0.0,AMBIGUOUS,,,,1.3751600300711864,5.5412638518897616e-06,355.0,0.0034671389868329,False,False,False,AMBIGUOUS
BH050,14,15,0.1500011980533599,0.0009837382757673,5809,3,5,-0.6808338761329651,-1.6209858655929563,0.0,2.1511843099968275,3.08302926239251,0.8702073631614657,0.0,0.0,AMBIGUOUS,,,,1.4235214169084691,5.594957825754991e-06,355.0,0.0086845894715281,False,False,False,AMBIGUOUS
BH050,14,15,0.1500011980533599,0.0009837382757673,8857,1,1,0.060894139111042,-0.4451899528503418,0.0,0.5525026519437751,0.8499822724259535,-1.0260874759714735,0.0,0.0,AMBIGUOUS,,,,0.846038530094813,5.957374766372722e-06,355.0,0.0023943162603547,False,False,False,AMBIGUOUS
BH050,14,15,0.1500011980533599,0.0009837382757673,7318,1,1,-0.221389815211296,-0.2596336603164673,0.0,0.22967041355549,0.2604967174474266,0.0253179351445693,0.0,0.0,AMBIGUOUS,,,,0.0473054585321875,1.605003165684835e-05,355.0,0.0007337935702744,False,False,False,AMBIGUOUS
BH050,14,15,0.1500011980533599,0.0009837382757673,7687,4,5,-0.2029709815979004,-0.269553929567337,0.0,0.2194531711363273,0.2536302694065378,0.0188116317018364,0.0,0.0,AMBIGUOUS,,,,0.0874741083288291,1.1869675592807696e-05,355.0,0.000714451463117,False,False,False,AMBIGUOUS
BH050,14,15,0.1500011980533599,0.0009837382757673,6592,3,5,-0.2211448550224304,-0.3009722530841827,0.0,0.2334423323751832,0.2777721474382612,-0.0127070858174512,0.0,0.0,AMBIGUOUS,,,,0.1241382647284433,8.074675496120247e-06,355.0,0.0007824567533472,False,False,False,AMBIGUOUS
BH050,14,15,0.1500011980533599,0.0009837382757673,7690,1,1,-0.2014219909906387,-0.2616600096225738,0.0,0.1832658940115891,0.258178593447232,0.0703368312247405,0.0,0.0,AMBIGUOUS,,,,0.069221836484649,1.6475118384233667e-05,355.0,0.0007272636435133,False,False,False,AMBIGUOUS
BH050,14,15,0.1500011980533599,0.0009837382757673,8803,2,1,-0.5233056545257568,0.150497704744339,0.5233056545257568,1.2308343403257036,1.6288840892064405,-1.461945644482849,0.0,0.0,AMBIGUOUS,,,,2.019655671959117,3.873171173179333e-07,355.0,0.0045884058850885,False,False,False,AMBIGUOUS
BH050,15,16,0.1600012928247451,0.001241041651035,5809,3,5,-1.6209858655929563,0.6908923983573914,1.6209858655929563,3.08302926239251,1.070529415231574,-4.095538100991457,0.0,0.0,AMBIGUOUS,,,,4.975703856229173,7.147912143157942e-07,355.0,0.0030155758175537,False,False,False,AMBIGUOUS
BH050,15,16,0.1600012928247451,0.001241041651035,8857,1,1,-0.4451899528503418,-1.2113696336746216,0.0,0.8499822724259535,1.073103617561591,-0.1824924547604766,0.0,0.0,AMBIGUOUS,,,,1.165738992475495,1.991245350456504e-06,355.0,0.0030228270917227,False,False,False,AMBIGUOUS
BH050,15,16,0.1600012928247451,0.001241041651035,7318,1,1,-0.2596336603164673,-0.2360430508852005,0.0235906094312667,0.2604967174474266,0.2820715086611978,0.0004742464359763,0.0,0.0,AMBIGUOUS,,,,0.0789741968210331,3.52143831823016e-05,355.0,0.0007945676300315,False,False,False,AMBIGUOUS
BH050,15,16,0.1600012928247451,0.001241041651035,7687,4,5,-0.269553929567337,-0.3563861846923828,0.0,0.2536302694065378,0.3160685666324181,0.0541180192216914,0.0,0.0,AMBIGUOUS,,,,0.1190497480129128,1.646124653098026e-05,355.0,0.0008903339905138,False,False,False,AMBIGUOUS
BH050,15,16,0.1600012928247451,0.001241041651035,6592,3,5,-0.3009722530841827,-0.3339663445949554,0.0,0.2777721474382612,0.3090402240569391,0.0285152461075732,0.0,0.0,AMBIGUOUS,,,,0.0389447109223788,4.9171292247625525e-06,355.0,0.0008705358424139,False,False,False,AMBIGUOUS
BH050,15,16,0.1600012928247451,0.001241041651035,7690,1,1,-0.2616600096225738,-0.323844164609909,0.0,0.258178593447232,0.3195776268433175,0.0399086580254769,0.0,0.0,AMBIGUOUS,,,,0.0859363541197004,1.8035225453829308e-05,355.0,0.0009002186671642,False,False,False,AMBIGUOUS
BH050,15,16,0.1600012928247451,0.001241041651035,8803,2,1,0.150497704744339,-0.4726586043834686,0.0,1.6288840892064405,1.2034240303888162,-2.5002573276071534,0.0,0.0,AMBIGUOUS,,,,1.5988805246816444,1.4416857840435485e-06,355.0,0.0033899268461656,False,False,False,AMBIGUOUS
BH050,16,17,0.1700002253055572,0.0014254938625554,5809,3,5,0.6908923983573914,-0.7671189904212952,0.0,1.070529415231574,1.4814392613055003,-1.4658559167761331,0.0,0.0,AMBIGUOUS,,,,2.738835987903021,6.199318062690037e-07,355.0,0.0041730683417056,False,False,False,AMBIGUOUS
BH050,16,17,0.1700002253055572,0.0014254938625554,8857,1,1,-1.2113696336746216,-0.6937139630317688,0.5176556706428528,1.073103617561591,1.0729176896004131,-0.6659841578490207,0.0,0.0,AMBIGUOUS,,,,0.883655777799144,3.380735916019489e-06,355.0,0.003022303350987,False,False,False,AMBIGUOUS
BH050,16,17,0.1700002253055572,0.0014254938625554,7318,1,1,-0.2360430508852005,-0.3809081017971039,0.0,0.2820715086611978,0.4103183499151033,0.1236021581052109,0.0,0.0,AMBIGUOUS,,,,0.1456732908605776,9.825323134926557e-06,355.0,0.001155826337789,False,False,False,AMBIGUOUS
BH050,16,17,0.1700002253055572,0.0014254938625554,7687,4,5,-0.3563861846923828,-0.402840256690979,0.0,0.3160685666324181,0.3893864548671499,0.0582059271542136,0.0,0.0,AMBIGUOUS,,,,0.1001429744301031,1.3294833990530308e-06,355.0,0.0010968632531469,False,False,False,AMBIGUOUS
BH050,16,17,0.1700002253055572,0.0014254938625554,6592,3,5,-0.3339663445949554,-0.4548221230506897,0.0,0.3090402240569391,0.4049451753384806,0.092114885850246,0.0,0.0,AMBIGUOUS,,,,0.142628968824806,1.5919208237834235e-06,355.0,0.0011406906347562,False,False,False,AMBIGUOUS
BH050,16,17,0.1700002253055572,0.0014254938625554,7690,1,1,-0.323844164609909,-0.3921097815036773,0.0,0.3195776268433175,0.3898172635155903,0.0696300430907905,0.0,0.0,AMBIGUOUS,,,,0.0704964063412801,2.6528138981690984e-05,355.0,0.0010980767986354,False,False,False,AMBIGUOUS
BH050,16,17,0.1700002253055572,0.0014254938625554,8803,2,1,-0.4726586043834686,-0.5740808248519897,0.0,1.2034240303888162,0.7495124170105397,-1.4383170335219964,0.0,0.0,AMBIGUOUS,,,,1.4004800915493054,5.942495678038466e-06,355.0,0.0021113025831282,False,False,False,AMBIGUOUS
BH050,17,18,0.1800001710653305,0.001685337581373,5809,3,5,-0.7671189904212952,0.0169321689754724,0.7671189904212952,1.4814392613055003,1.1174148107971458,-2.110019232853908,0.0,0.0,AMBIGUOUS,,,,2.6137584652508727,3.80757718262671e-06,355.0,0.0031476473543581,False,False,False,AMBIGUOUS
BH050,17,18,0.1800001710653305,0.001685337581373,8857,1,1,-0.6937139630317688,-0.6575032472610474,0.0362107157707214,1.0729176896004131,0.8874286340776368,-0.8785117470709156,0.0,0.0,AMBIGUOUS,,,,1.248743290827271,2.32730278608426e-06,355.0,0.0024997989692327,False,False,False,AMBIGUOUS
BH050,17,18,0.1800001710653305,0.001685337581373,7318,1,1,-0.3809081017971039,-0.3915696740150451,0.0,0.4103183499151033,0.4385519970219661,0.0176715554260709,0.0,0.0,AMBIGUOUS,,,,0.0667876855700583,1.7005796430672325e-05,355.0,0.00123535773809,False,False,False,AMBIGUOUS
BH050,17,18,0.1800001710653305,0.001685337581373,7687,4,5,-0.402840256690979,-0.5165600180625916,0.0,0.3893864548671499,0.4862204576660501,0.0954984976386147,0.0,0.0,AMBIGUOUS,,,,0.1218881180313631,2.256971366953496e-05,355.0,0.001369635092017,False,False,False,AMBIGUOUS
BH050,17,18,0.1800001710653305,0.001685337581373,6592,3,5,-0.4548221230506897,-0.4821750521659851,0.0,0.4049451753384806,0.451334398148714,0.0407727672097888,0.0,0.0,AMBIGUOUS,,,,0.0697588087736667,1.3027837555053452e-05,355.0,0.0012713645018273,False,False,False,AMBIGUOUS
BH050,17,18,0.1800001710653305,0.001685337581373,7690,1,1,-0.3921097815036773,-0.4230732023715973,0.0,0.3898172635155903,0.3789781609204713,-0.0251818868226406,0.0,0.0,AMBIGUOUS,,,,0.1086877757485032,1.4259312993230224e-05,355.0,0.0010675441152689,False,False,False,AMBIGUOUS
BH050,17,18,0.1800001710653305,0.001685337581373,8803,2,1,-0.5740808248519897,-0.3507344126701355,0.2233464121818542,0.7495124170105397,0.4615777493587272,-0.4881009566691571,0.0,0.0,AMBIGUOUS,,,,0.7078190552037098,3.0269091566667678e-06,355.0,0.0013002190122781,False,False,False,AMBIGUOUS
BH050,18,19,0.1900012195110321,0.0019951506420119,5809,3,5,0.0169321689754724,-1.4560667276382446,0.0,1.1174148107971458,1.4782524973513924,-1.676899917940876,0.0,0.0,AMBIGUOUS,,,,2.868600631891988,2.8719485984927693e-06,355.0,0.0041640915418349,False,False,False,AMBIGUOUS
BH050,18,19,0.1900012195110321,0.0019951506420119,8857,1,1,-0.6575032472610474,-0.3501851558685303,0.3073180913925171,0.8874286340776368,1.2565678270036893,0.2379865157997344,0.0,0.0,AMBIGUOUS,,,,0.7238541022992248,7.232890534504858e-06,355.0,0.0035396276817005,False,False,False,AMBIGUOUS
BH050,18,19,0.1900012195110321,0.0019951506420119,7318,1,1,-0.3915696740150451,-0.4175227880477905,0.0,0.4385519970219661,0.4271440832161675,-0.0165085793252446,0.0,0.0,AMBIGUOUS,,,,0.0735454596454002,2.929083002983533e-05,355.0,0.001203222769623,False,False,False,AMBIGUOUS
BH050,18,19,0.1900012195110321,0.0019951506420119,7687,4,5,-0.5165600180625916,-0.5299291014671326,0.0,0.4862204576660501,0.5174128986216049,0.0258492912919225,0.0,0.0,AMBIGUOUS,,,,0.0484210831363877,3.326643846156643e-05,355.0,0.0014575011228777,False,False,False,AMBIGUOUS
BH050,18,19,0.1900012195110321,0.0019951506420119,6592,3,5,-0.4821750521659851,-0.5369117259979248,0.0,0.451334398148714,0.4964240860828927,0.0447048743756355,0.0,0.0,AMBIGUOUS,,,,0.0606903974424198,9.170040597916422e-05,355.0,0.0013983777072757,False,False,False,AMBIGUOUS
BH050,18,19,0.1900012195110321,0.0019951506420119,7690,1,1,-0.4230732023715973,-0.5762677788734436,0.0,0.3789781609204713,0.536435976444133,0.1516507684534893,0.0,0.0,AMBIGUOUS,,,,0.1570594972602236,1.0534565771890185e-05,355.0,0.0015110872575891,False,False,False,AMBIGUOUS
BH050,18,19,0.1900012195110321,0.0019951506420119,8803,2,1,-0.3507344126701355,-1.008475422859192,0.0,0.4615777493587272,1.5161911291062296,1.0341084419663222,0.0,0.0,AMBIGUOUS,,,,0.977917072456684,3.577316828878892e-06,355.0,0.0042709609270598,False,False,False,AMBIGUOUS
BH050,19,20,0.2000010162591934,0.0023703481274894,5809,3,5,-1.4560667276382446,-1.6300864219665527,0.0,1.4782524973513924,4.531386528786553,1.7514947568007293,0.0,0.0,AMBIGUOUS,,,,3.699928228210832,3.975962207743569e-07,355.0,0.0127644690951733,False,False,False,AMBIGUOUS
BH050,19,20,0.2000010162591934,0.0023703481274894,8857,1,1,-0.3501851558685303,-1.3145557641983032,0.0,1.2565678270036893,2.029000758725051,-1.0987485273759598,0.0,0.0,AMBIGUOUS,,,,2.73393352437198,6.423785788447078e-07,355.0,0.0057154950950001,False,False,False,AMBIGUOUS
BH050,19,20,0.2000010162591934,0.0023703481274894,7318,1,1,-0.4175227880477905,-0.5183971524238586,0.0,0.4271440832161675,0.5700737465861904,0.1372064274668567,0.0,0.0,AMBIGUOUS,,,,0.1282890529626708,5.51135048809875e-06,355.0,0.0016058415396794,False,False,False,AMBIGUOUS
BH050,19,20,0.2000010162591934,0.0023703481274894,7687,4,5,-0.5299291014671326,-0.6866350769996643,0.0,0.5174128986216049,0.6360253279641135,0.0964231456981144,0.0,0.0,AMBIGUOUS,,,,0.1881778604019282,1.5295534307565577e-05,355.0,0.0017916206421524,False,False,False,AMBIGUOUS
BH050,19,20,0.2000010162591934,0.0023703481274894,6592,3,5,-0.5369117259979248,-0.6417540907859802,0.0,0.4964240860828927,0.6389037121438677,0.1341828480025031,0.0,0.0,AMBIGUOUS,,,,0.1367271393946287,1.519903700687761e-05,355.0,0.0017997287666024,False,False,False,AMBIGUOUS
BH050,19,20,0.2000010162591934,0.0023703481274894,7690,1,1,-0.5762677788734436,-0.6758335828781128,0.0,0.536435976444133,0.6582312092728847,0.0898780046508648,0.0,0.0,AMBIGUOUS,,,,0.1501984406454244,1.2048676107708548e-05,355.0,0.0018541724204869,False,False,False,AMBIGUOUS
BH050,19,20,0.2000010162591934,0.0023703481274894,8803,2,1,-1.008475422859192,-1.2573572397232056,0.0,1.5161911291062296,2.3216330767599658,-1.455897304244726,0.0,0.0,AMBIGUOUS,,,,2.174160589054999,1.4603531400011294e-06,355.0,0.0065398114838308,False,False,False,AMBIGUOUS
BH050,20,21,0.2100002318620681,0.002697963764375,5809,3,5,-1.6300864219665527,-1.2623313665390017,0.3677550554275512,4.531386528786553,2.9585840723454697,-2.052848184832595,0.0,0.0,AMBIGUOUS,,,,2.2158820133578283,2.9514735667317595e-06,355.0,0.0083340396404097,False,False,False,AMBIGUOUS
BH050,20,21,0.2100002318620681,0.002697963764375,8857,1,1,-1.3145557641983032,-0.3015342354774475,1.0130215287208555,2.029000758725051,0.6363294674798219,-2.1110434007631427,0.0,0.0,AMBIGUOUS,,,,1.976517311766151,1.8801678228184492e-06,355.0,0.0017924773731825,False,False,False,AMBIGUOUS
BH050,20,21,0.2100002318620681,0.002697963764375,7318,1,1,-0.5183971524238586,-0.6411399841308594,0.0,0.5700737465861904,0.7023158242509727,0.1319661167146661,0.0,0.0,AMBIGUOUS,,,,0.1244782629939791,3.93389163570818e-05,355.0,0.0019783544345097,False,False,False,AMBIGUOUS
BH050,20,21,0.2100002318620681,0.002697963764375,7687,4,5,-0.6866350769996643,-0.772748589515686,0.0,0.6360253279641135,0.7295026924966107,0.0926754078700178,0.0,0.0,AMBIGUOUS,,,,0.0888066369801038,2.1644528746368315e-05,355.0,0.0020549371619622,False,False,False,AMBIGUOUS
BH050,20,21,0.2100002318620681,0.002697963764375,6592,3,5,-0.6417540907859802,-0.8004193902015686,0.0,0.6389037121438677,0.7745385106945211,0.1340265827257949,0.0,0.0,AMBIGUOUS,,,,0.1688111771058982,1.9249016450201344e-05,355.0,0.0021817986216747,False,False,False,AMBIGUOUS
BH050,20,21,0.2100002318620681,0.002697963764375,7690,1,1,-0.6758335828781128,-0.7821764349937439,0.0,0.6582312092728847,0.7246463961938657,0.0520939113885723,0.0,0.0,AMBIGUOUS,,,,0.1409254648955431,2.421980213631621e-05,355.0,0.0020412574540672,False,False,False,AMBIGUOUS
BH050,20,21,0.2100002318620681,0.002697963764375,8803,2,1,-1.2573572397232056,-0.953704595565796,0.3036526441574096,2.3216330767599658,0.9852606578602102,-2.076028959222444,0.0,0.0,AMBIGUOUS,,,,2.07108463447612,9.698565970977423e-07,355.0,0.0027753821348174,False,False,False,AMBIGUOUS
BH050,21,22,0.220000147819519,0.0030780091798749,5809,3,5,-1.2623313665390017,-0.2529697120189667,1.0093616545200348,2.9585840723454697,2.099819530103574,-4.638251628836044,0.0,0.0,AMBIGUOUS,,,,5.253177997949959,1.5520001907792531e-06,355.0,0.005914984591841,False,False,False,AMBIGUOUS
BH050,21,22,0.220000147819519,0.0030780091798749,8857,1,1,-0.3015342354774475,-0.5656130909919739,0.0,0.6363294674798219,0.6858582573604937,-0.7379205659113776,0.0,0.0,AMBIGUOUS,,,,0.7298526763637432,6.947480064449221e-06,355.0,0.0019319950911563,False,False,False,AMBIGUOUS
BH050,21,22,0.220000147819519,0.0030780091798749,7318,1,1,-0.6411399841308594,-0.6774206161499023,0.0,0.7023158242509727,0.742170820413364,0.0393675410079768,0.0,0.0,AMBIGUOUS,,,,0.0397737767480218,5.1472307904299765e-05,355.0,0.0020906220293334,False,False,False,AMBIGUOUS
BH050,21,22,0.220000147819519,0.0030780091798749,7687,4,5,-0.772748589515686,-0.8900861144065857,0.0,0.7295026924966107,0.8354885209773213,0.0969881782899785,0.0,0.0,AMBIGUOUS,,,,0.1498783453657758,8.626924210661935e-06,355.0,0.0023534887914854,False,False,False,AMBIGUOUS
BH050,21,22,0.220000147819519,0.0030780091798749,6592,3,5,-0.8004193902015686,-0.844672441482544,0.0,0.7745385106945211,0.8339963253216114,0.0586165192362429,0.0,0.0,AMBIGUOUS,,,,0.056869667082199,9.168972625113612e-05,355.0,0.0023492854234411,False,False,False,AMBIGUOUS
BH050,21,22,0.220000147819519,0.0030780091798749,7690,1,1,-0.7821764349937439,-0.878834068775177,0.0,0.7246463961938657,0.8016446707356426,0.075777719746371,0.0,0.0,AMBIGUOUS,,,,0.1134348169010117,3.505049732911954e-05,355.0,0.0022581540020722,False,False,False,AMBIGUOUS
BH050,21,22,0.220000147819519,0.0030780091798749,8803,2,1,-0.953704595565796,-0.4047698080539703,0.5489347875118256,0.9852606578602102,2.98773043578537,-0.4243867168456481,0.0,0.0,AMBIGUOUS,,,,3.2180925709073964,1.985920680410153e-06,355.0,0.0084161420726348,False,False,False,AMBIGUOUS
BH050,22,23,0.2300004959106445,0.003512430542027,5809,3,5,-0.2529697120189667,-0.2082478106021881,0.0447219014167785,2.099819530103574,2.0287493775661143,-0.1974887279663804,0.0,0.0,AMBIGUOUS,,,,0.4499076549849083,1.591996810153243e-05,355.0,0.0057147869790594,False,False,False,AMBIGUOUS
BH050,22,23,0.2300004959106445,0.003512430542027,8857,1,1,-0.5656130909919739,-0.954166054725647,0.0,0.6858582573604937,1.5781112566740734,-0.4583850121908401,0.0,0.0,AMBIGUOUS,,,,1.6778099113972855,2.298073795439352e-06,355.0,0.0044453838216171,False,False,False,AMBIGUOUS
BH050,22,23,0.2300004959106445,0.003512430542027,7318,1,1,-0.6774206161499023,-0.8023370504379272,0.0,0.742170820413364,0.8649696404918237,0.1220668056534709,0.0,0.0,AMBIGUOUS,,,,0.1259946498813408,3.085536608413983e-05,355.0,0.0024365341985685,False,False,False,AMBIGUOUS
BH050,22,23,0.2300004959106445,0.003512430542027,7687,4,5,-0.8900861144065857,-1.0093358755111694,0.0,0.8354885209773213,0.9314549281689612,0.0665837624928043,0.0,0.0,AMBIGUOUS,,,,0.1746848003820373,1.1418677123631802e-05,355.0,0.0026238166990674,False,False,False,AMBIGUOUS
BH050,22,23,0.2300004959106445,0.003512430542027,6592,3,5,-0.844672441482544,-0.9329554438591005,0.0,0.8339963253216114,0.8876231897597894,0.0504313731373647,0.0,0.0,AMBIGUOUS,,,,0.1159419933488507,3.910694641032536e-05,355.0,0.0025003470134078,False,False,False,AMBIGUOUS
BH050,22,23,0.2300004959106445,0.003512430542027,7690,1,1,-0.878834068775177,-0.9172222018241882,0.0,0.8016446707356426,0.8740378981476312,0.0659902633789367,0.0,0.0,AMBIGUOUS,,,,0.106240005380553,5.5159770019590745e-05,355.0,0.0024620785863313,False,False,False,AMBIGUOUS
BH050,22,23,0.2300004959106445,0.003512430542027,8803,2,1,-0.4047698080539703,-0.5659695267677307,0.0,2.98773043578537,1.893739556587004,-1.1413945607336669,0.0,0.0,AMBIGUOUS,,,,1.2959669032331564,1.2304385981825906e-06,355.0,0.0053344776241887,False,False,False,AMBIGUOUS
BH050,23,24,0.2400009930133819,0.0039820452631837,5809,3,5,-0.2082478106021881,-2.473583698272705,0.0,2.0287493775661143,2.9703099981170995,-3.725714235966057,0.0,0.0,AMBIGUOUS,,,,5.560579360272814,1.2182098467881455e-06,355.0,0.0083670704172312,False,False,False,AMBIGUOUS
BH050,23,24,0.2400009930133819,0.0039820452631837,8857,1,1,-0.954166054725647,-1.3466657400131226,0.0,1.5781112566740734,2.6185698071503585,0.7369036890319829,0.0,0.0,AMBIGUOUS,,,,1.5996785711415948,2.545501015997594e-06,355.0,0.0073762529778883,False,False,False,AMBIGUOUS
BH050,23,24,0.2400009930133819,0.0039820452631837,7318,1,1,-0.8023370504379272,-0.9162404537200928,0.0,0.8649696404918237,1.037207320300642,0.1667491353846636,0.0,0.0,AMBIGUOUS,,,,0.1546171001823332,6.234821211522122e-06,355.0,0.0029217107614102,False,False,False,AMBIGUOUS
BH050,23,24,0.2400009930133819,0.0039820452631837,7687,4,5,-1.0093358755111694,-1.1358904838562012,0.0,0.9314549281689612,1.0654618889770524,0.1298251355062992,0.0,0.0,AMBIGUOUS,,,,0.1363574585313096,6.515020433575074e-06,355.0,0.00300130109571,False,False,False,AMBIGUOUS
BH050,23,24,0.2400009930133819,0.0039820452631837,6592,3,5,-0.9329554438591005,-1.0881106853485107,0.0,0.8876231897597894,1.0408835240438945,0.1488444407352683,0.0,0.0,AMBIGUOUS,,,,0.1675896534267979,1.6933883178708096e-05,355.0,0.0029320662649123,False,False,False,AMBIGUOUS
BH050,23,24,0.2400009930133819,0.0039820452631837,7690,1,1,-0.9172222018241882,-1.1392794847488403,0.0,0.8740378981476312,1.0764467794111074,0.2012218027937335,0.0,0.0,AMBIGUOUS,,,,0.2278020208412335,1.6297300481909018e-05,355.0,0.0030322444490453,False,False,False,AMBIGUOUS
BH050,23,24,0.2400009930133819,0.0039820452631837,8803,2,1,-0.5659695267677307,-1.7920575141906738,0.0,1.893739556587004,2.5547771160137067,-2.770105883368737,0.0,0.0,AMBIGUOUS,,,,4.292474779284351,3.0335616931102468e-06,355.0,0.0071965552563766,False,False,False,AMBIGUOUS
BH050,24,25,0.2500006258487701,0.0044781711596529,5809,3,5,-2.473583698272705,-1.3076424598693848,1.1659412384033203,2.9703099981170995,1.3513399490479383,-2.043070912736445,0.0,0.0,AMBIGUOUS,,,,2.77819904727411,1.5340990608436135e-06,355.0,0.0038065914057688,False,False,False,AMBIGUOUS
BH050,24,25,0.2500006258487701,0.0044781711596529,8857,1,1,-1.3466657400131226,-0.9795794486999512,0.3670862913131714,2.6185698071503585,2.399820811769726,-3.802280031434775,0.0,0.0,AMBIGUOUS,,,,4.02319724522566,1.5077960136936614e-06,355.0,0.0067600586247034,False,False,False,AMBIGUOUS
BH050,24,25,0.2500006258487701,0.0044781711596529,7318,1,1,-0.9162404537200928,-1.030396580696106,0.0,1.037207320300642,1.1366814445661415,0.0980310867631057,0.0,0.0,AMBIGUOUS,,,,0.1178523607800838,3.863627842853359e-05,355.0,0.0032019195621581,False,False,False,AMBIGUOUS
BH050,24,25,0.2500006258487701,0.0044781711596529,7687,4,5,-1.1358904838562012,-1.2769458293914795,0.0,1.0654618889770524,1.2100608850662111,0.1442586291110248,0.0,0.0,AMBIGUOUS,,,,0.1415191087512946,1.2946845506455328e-05,355.0,0.0034086222114541,False,False,False,AMBIGUOUS
BH050,24,25,0.2500006258487701,0.0044781711596529,6592,3,5,-1.0881106853485107,-1.2574862241744995,0.0,1.0408835240438945,1.191243713536309,0.1479086856620046,0.0,0.0,AMBIGUOUS,,,,0.1747476029420151,5.418508812554034e-05,355.0,0.0033556160944684,False,False,False,AMBIGUOUS
BH050,24,25,0.2500006258487701,0.0044781711596529,7690,1,1,-1.1392794847488403,-1.2658244371414185,0.0,1.0764467794111074,1.2102147889144246,0.1313990577867261,0.0,0.0,AMBIGUOUS,,,,0.1334794052698688,2.973238728796968e-05,355.0,0.0034090557434209,False,False,False,AMBIGUOUS
BH050,24,25,0.2500006258487701,0.0044781711596529,8803,2,1,-1.7920575141906738,-2.103426933288574,0.0,2.5547771160137067,1.954551530181016,-0.9405743915821322,0.0,0.0,AMBIGUOUS,,,,1.1847181212199211,2.1148252420202275e-06,355.0,0.0055057789582563,False,False,False,AMBIGUOUS
BH050,25,26,0.260001391172409,0.0050092411053299,5809,3,5,-1.3076424598693848,0.0942468643188476,1.3076424598693848,1.3513399490479383,4.564478739877861,-2.1057155573208868,0.0,0.0,AMBIGUOUS,,,,5.615662873076134,2.323270494111913e-06,355.0,0.0128576865912052,False,False,False,AMBIGUOUS
BH050,25,26,0.260001391172409,0.0050092411053299,8857,1,1,-0.9795794486999512,-1.105757713317871,0.0,2.399820811769726,1.8311002759251749,-0.7715469229376251,0.0,0.0,AMBIGUOUS,,,,0.6650398962410379,1.0237434675271236e-05,355.0,0.005158028946268,False,False,False,AMBIGUOUS
BH050,25,26,0.260001391172409,0.0050092411053299,7318,1,1,-1.030396580696106,-1.1540403366088867,0.0,1.1366814445661415,1.2930552559619497,0.1557346854631876,0.0,0.0,AMBIGUOUS,,,,0.1363047154716773,1.0785110000507015e-05,355.0,0.0036424091717238,False,False,False,AMBIGUOUS
BH050,25,26,0.260001391172409,0.0050092411053299,7687,4,5,-1.2769458293914795,-1.4631056785583496,0.0,1.2100608850662111,1.3759288505435268,0.1647328636581689,0.0,0.0,AMBIGUOUS,,,,0.1952514361458268,9.247058802238486e-06,355.0,0.003875855917024,False,False,False,AMBIGUOUS
BH050,25,26,0.260001391172409,0.0050092411053299,6592,3,5,-1.2574862241744995,-1.3421525955200195,0.0,1.191243713536309,1.2621711149378525,0.0694005119977629,0.0,0.0,AMBIGUOUS,,,,0.102043471724965,8.96902349840607e-05,355.0,0.0035554115913742,False,False,False,AMBIGUOUS
BH050,25,26,0.260001391172409,0.0050092411053299,7690,1,1,-1.2658244371414185,-1.3519768714904783,0.0,1.2102147889144246,1.2893458775366808,0.0755979772866284,0.0,0.0,AMBIGUOUS,,,,0.1076050091849482,3.760096711685639e-05,355.0,0.0036319602184131,False,False,False,AMBIGUOUS
BH050,25,26,0.260001391172409,0.0050092411053299,8803,2,1,-2.103426933288574,-1.6112706661224363,0.4921562671661377,1.954551530181016,1.7799323914131668,-0.7639367210309296,0.0,0.0,AMBIGUOUS,,,,1.5566927344810138,1.5103968554998031e-06,355.0,0.0050138940603187,False,False,False,AMBIGUOUS
BH050,26,27,0.2700001299381256,0.0056197680519232,5809,3,5,0.0942468643188476,-0.988843560218811,0.0,4.564478739877861,1.953834561443247,-2.97832597604838,0.0,0.0,AMBIGUOUS,,,,3.721020531853657,1.838572766427248e-06,355.0,0.0055037593280091,False,False,False,AMBIGUOUS
BH050,26,27,0.2700001299381256,0.0056197680519232,8857,1,1,-1.105757713317871,-1.1113789081573486,0.0,1.8311002759251749,2.478034756098925,0.3745473154740827,0.0,0.0,AMBIGUOUS,,,,0.994500807468414,8.631822455605058e-06,355.0,0.0069803795946448,False,False,False,AMBIGUOUS
BH050,26,27,0.2700001299381256,0.0056197680519232,7318,1,1,-1.1540403366088867,-1.2887556552886963,0.0,1.2930552559619497,1.4247398653016283,0.1314275284291744,0.0,0.0,AMBIGUOUS,,,,0.1349431641588845,1.4872208628482651e-05,355.0,0.004013351733244,False,False,False,AMBIGUOUS
BH050,26,27,0.2700001299381256,0.0056197680519232,7687,4,5,-1.4631056785583496,-1.573800563812256,0.0,1.3759288505435268,1.4586430419737366,0.0760478655840189,0.0,0.0,AMBIGUOUS,,,,0.1642448214567302,1.759780642457644e-05,355.0,0.0041088536393626,False,False,False,AMBIGUOUS
BH050,26,27,0.2700001299381256,0.0056197680519232,6592,3,5,-1.3421525955200195,-1.506980538368225,0.0,1.2621711149378525,1.429870502874967,0.1672846134076709,0.0,0.0,AMBIGUOUS,,,,0.1668248877551831,3.5402936628348825e-05,355.0,0.0040278042334506,False,False,False,AMBIGUOUS
BH050,26,27,0.2700001299381256,0.0056197680519232,7690,1,1,-1.3519768714904783,-1.5445998907089231,0.0,1.2893458775366808,1.4170450956747491,0.1043966879036638,0.0,0.0,AMBIGUOUS,,,,0.275490515793109,2.474011742119181e-05,355.0,0.0039916763258443,False,False,False,AMBIGUOUS
BH050,26,27,0.2700001299381256,0.0056197680519232,8803,2,1,-1.6112706661224363,-1.4069277048110962,0.2043429613113403,1.7799323914131668,1.4198105467530646,-0.3953934264075491,0.0,0.0,AMBIGUOUS,,,,0.373915279728723,1.2287686282805755e-05,355.0,0.0039994663288818,False,False,False,AMBIGUOUS
BH050,27,28,0.2800013124942779,0.006292746646105,5809,3,5,-0.988843560218811,0.9215535521507264,0.988843560218811,1.953834561443247,5.889264487927125,2.589260612954823,0.0,0.0,AMBIGUOUS,,,,5.538244030741144,2.651497404696876e-06,355.0,0.0165894774307806,False,False,False,AMBIGUOUS
BH050,27,28,0.2800013124942779,0.006292746646105,8857,1,1,-1.1113789081573486,-2.4595248699188232,0.0,2.478034756098925,4.274233645740286,-5.061454319816495,0.0,0.0,AMBIGUOUS,,,,6.785560243003256,2.799046127832656e-06,355.0,0.0120400947767332,False,False,False,AMBIGUOUS
BH050,27,28,0.2800013124942779,0.006292746646105,7318,1,1,-1.2887556552886963,-1.449966311454773,0.0,1.4247398653016283,1.585490902783852,0.1605857189032801,0.0,0.0,AMBIGUOUS,,,,0.1612299194250526,2.377315567899819e-05,355.0,0.0044661715571376,False,False,False,AMBIGUOUS
BH050,27,28,0.2800013124942779,0.006292746646105,7687,4,5,-1.573800563812256,-1.7624868154525757,0.0,1.4586430419737366,1.656013553399999,0.191951696531855,0.0,0.0,AMBIGUOUS,,,,0.2013069485746796,2.9216939022848432e-06,355.0,0.0046648269109859,False,False,False,AMBIGUOUS
BH050,27,28,0.2800013124942779,0.006292746646105,6592,3,5,-1.506980538368225,-1.7862015962600708,0.0,1.429870502874967,1.6793204788258456,0.2490344499023062,0.0,0.0,AMBIGUOUS,,,,0.2903825428146269,6.673011488329815e-06,355.0,0.0047304802220446,False,False,False,AMBIGUOUS
BH050,27,28,0.2800013124942779,0.006292746646105,7690,1,1,-1.5445998907089231,-1.863113522529602,0.0,1.4170450956747491,1.7319338409633638,0.310158172069721,0.0,0.0,AMBIGUOUS,,,,0.32316832494893,6.733303829805196e-06,355.0,0.0048786868759531,False,False,False,AMBIGUOUS
BH050,27,28,0.2800013124942779,0.006292746646105,8803,2,1,-1.4069277048110962,-1.5068615674972534,0.0,1.4198105467530646,2.105886458661031,0.291054158338776,0.0,0.0,AMBIGUOUS,,,,1.1574853334802055,7.26596550280778e-06,355.0,0.0059320745314395,False,False,False,AMBIGUOUS
BH050,28,29,0.2900008261203766,0.0068937189772055,5809,3,5,0.9215535521507264,-1.2848703861236572,0.0,5.889264487927125,3.40788250224825,-4.23490908330205,0.0,0.0,AMBIGUOUS,,,,5.979424211535357,3.266927734442658e-06,355.0,0.0095996690204176,False,False,False,AMBIGUOUS
BH050,28,29,0.2900008261203766,0.0068937189772055,8857,1,1,-2.4595248699188232,-2.412891864776612,0.0466330051422119,4.274233645740286,2.1034796616702582,-3.2683992253480976,0.0,0.0,AMBIGUOUS,,,,3.7767462706130734,4.4991343806556616e-06,355.0,0.0059252948216063,False,False,False,AMBIGUOUS
BH050,28,29,0.2900008261203766,0.0068937189772055,7318,1,1,-1.449966311454773,-1.5859005451202393,0.0,1.585490902783852,1.7645468248705043,0.1785852008768982,0.0,0.0,AMBIGUOUS,,,,0.1539268247363134,3.615603177865933e-06,355.0,0.0049705544362549,False,False,False,AMBIGUOUS
BH050,28,29,0.2900008261203766,0.0068937189772055,7687,4,5,-1.7624868154525757,-1.921755313873291,0.0,1.656013553399999,1.8004294504537517,0.1398942429993011,0.0,0.0,AMBIGUOUS,,,,0.1756815531136588,4.2374622988186285e-06,355.0,0.0050716322547993,False,False,False,AMBIGUOUS
BH050,28,29,0.2900008261203766,0.0068937189772055,6592,3,5,-1.7862015962600708,-1.890464305877685,0.0,1.6793204788258456,1.7908218132219518,0.1066861234024871,0.0,0.0,AMBIGUOUS,,,,0.1290596523848809,2.1072882200857123e-05,355.0,0.0050445684879491,False,False,False,AMBIGUOUS
BH050,28,29,0.2900008261203766,0.0068937189772055,7690,1,1,-1.863113522529602,-1.9137330055236816,0.0,1.7319338409633638,1.777095875705751,0.0433901869697103,0.0,0.0,AMBIGUOUS,,,,0.0696170146589547,7.206158691316177e-05,355.0,0.0050059038752274,False,False,False,AMBIGUOUS
BH050,28,29,0.2900008261203766,0.0068937189772055,8803,2,1,-1.5068615674972534,-2.6291985511779785,0.0,2.105886458661031,2.4781775597415407,-0.2356805383783938,0.0,0.0,AMBIGUOUS,,,,2.0554375422034576,4.75906029200926e-06,355.0,0.0069807818584268,False,False,False,AMBIGUOUS
BH050,29,30,0.3000001013278961,0.0076880291785759,5809,3,5,-1.2848703861236572,-1.813305139541626,0.0,3.40788250224825,1.929803495657041,-3.94840515284348,0.0,0.0,AMBIGUOUS,,,,3.151012331549931,4.918218343374253e-06,355.0,0.0054360661849494,False,False,False,AMBIGUOUS
BH050,29,30,0.3000001013278961,0.0076880291785759,8857,1,1,-2.412891864776612,-2.38907241821289,0.0238194465637207,2.1034796616702582,2.166091958304176,-0.1148473777688243,0.0,0.0,AMBIGUOUS,,,,0.623373702679445,2.008965878822988e-05,355.0,0.0061016674881807,False,False,False,AMBIGUOUS
BH050,29,30,0.3000001013278961,0.0076880291785759,7318,1,1,-1.5859005451202393,-1.74690043926239,0.0,1.7645468248705043,1.9230618931968613,0.1573144475301459,0.0,0.0,AMBIGUOUS,,,,0.1650054053535774,2.548058504007005e-06,355.0,0.0054170757554841,False,False,False,AMBIGUOUS
BH050,29,30,0.3000001013278961,0.0076880291785759,7687,4,5,-1.921755313873291,-2.066638708114624,0.0,1.8004294504537517,1.9488914839170903,0.1456424840473545,0.0,0.0,AMBIGUOUS,,,,0.1560572977972295,6.525315997387977e-05,355.0,0.0054898351659636,False,False,False,AMBIGUOUS
BH050,29,30,0.3000001013278961,0.0076880291785759,6592,3,5,-1.890464305877685,-2.0534942150115967,0.0,1.7908218132219518,1.9184519474114088,0.1246868135458402,0.0,0.0,AMBIGUOUS,,,,0.1994983689823999,5.324803239018758e-06,355.0,0.0054040899927081,False,False,False,AMBIGUOUS
BH050,29,30,0.3000001013278961,0.0076880291785759,7690,1,1,-1.9137330055236816,-2.143387079238892,0.0,1.777095875705751,2.001878620356248,0.2221581351417971,0.0,0.0,AMBIGUOUS,,,,0.2356749969173421,1.8235195752272228e-05,355.0,0.0056390947052288,False,False,False,AMBIGUOUS
BH050,29,30,0.3000001013278961,0.0076880291785759,8803,2,1,-2.6291985511779785,-2.581164598464966,0.0480339527130126,2.4781775597415407,2.383119021138681,-0.196824819595486,0.0,0.0,AMBIGUOUS,,,,0.4851728366338987,2.802541639314868e-05,355.0,0.0067130113271512,False,False,False,AMBIGUOUS
BH050,30,31,0.310000330209732,0.0084165566062347,5809,3,5,-1.813305139541626,-1.1586005687713623,0.6547045707702637,1.929803495657041,1.3467472339474067,-1.3561592489577592,0.0,0.0,AMBIGUOUS,,,,1.8662624369764036,6.041898748669521e-06,355.0,0.0037936541801335,False,False,False,AMBIGUOUS
BH050,30,31,0.310000330209732,0.0084165566062347,8857,1,1,-2.38907241821289,-2.1589114665985107,0.2301609516143798,2.166091958304176,2.228287586075389,-0.2610271563031017,0.0,0.0,AMBIGUOUS,,,,1.2114139546094878,1.0569489331581384e-05,355.0,0.0062768664396489,False,False,False,AMBIGUOUS
BH050,30,31,0.310000330209732,0.0084165566062347,7318,1,1,-1.74690043926239,-1.9835529327392576,0.0,1.9230618931968613,2.1718021753883514,0.2482363002324325,0.0,0.0,AMBIGUOUS,,,,0.2388656231562513,1.7910148243958422e-05,355.0,0.0061177526067277,False,False,False,AMBIGUOUS
BH050,30,31,0.310000330209732,0.0084165566062347,7687,4,5,-2.066638708114624,-2.3766446113586426,0.0,1.9488914839170903,2.229281828718336,0.2792912448130621,0.0,0.0,AMBIGUOUS,,,,0.3185758752671839,1.7283817203506613e-05,355.0,0.0062796671231502,False,False,False,AMBIGUOUS
BH050,30,31,0.310000330209732,0.0084165566062347,6592,3,5,-2.0534942150115967,-2.3767290115356445,0.0,1.9184519474114088,2.2296571061510617,0.3109876100043822,0.0,0.0,AMBIGUOUS,,,,0.3242510165128743,1.4815539079640315e-05,355.0,0.006280724242679,False,False,False,AMBIGUOUS
BH050,30,31,0.310000330209732,0.0084165566062347,7690,1,1,-2.143387079238892,-2.3085813522338867,0.0,2.001878620356248,2.148272581999981,0.1453171060517848,0.0,0.0,AMBIGUOUS,,,,0.1774628971083469,0.0001225124155706,355.0,0.0060514720619717,False,False,False,AMBIGUOUS
BH050,30,31,0.310000330209732,0.0084165566062347,8803,2,1,-2.581164598464966,-2.4106099605560303,0.1705546379089355,2.383119021138681,3.6563852829843535,0.61539528570551,0.0,0.0,AMBIGUOUS,,,,2.2327300384223583,1.2084032166926762e-05,355.0,0.010299676853477,False,False,False,AMBIGUOUS
BH050,31,32,0.3200002014636993,0.0092435000085081,5809,3,5,-1.1586005687713623,-3.0223867893218994,0.0,1.3467472339474067,2.7164770296083827,0.1311659917070778,0.0,0.0,AMBIGUOUS,,,,3.129727346074313,3.507003028392725e-06,355.0,0.0076520479707278,False,False,False,AMBIGUOUS
BH050,31,32,0.3200002014636993,0.0092435000085081,8857,1,1,-2.1589114665985107,-1.306626558303833,0.8522849082946777,2.228287586075389,4.827398752989038,0.0552931870064595,0.0,0.0,AMBIGUOUS,,,,4.612938805426155,2.2556541657669573e-06,355.0,0.0135983063464479,False,False,False,AMBIGUOUS
BH050,31,32,0.3200002014636993,0.0092435000085081,7318,1,1,-1.9835529327392576,-2.091665506362915,0.0,2.1718021753883514,2.2989224691409795,0.1270281826028518,0.0,0.0,AMBIGUOUS,,,,0.1133040321958922,2.944029772372212e-05,355.0,0.0064758379412421,False,False,False,AMBIGUOUS
BH050,31,32,0.3200002014636993,0.0092435000085081,7687,4,5,-2.3766446113586426,-2.5406265258789062,0.0,2.229281828718336,2.396030864393828,0.1663004756642279,0.0,0.0,AMBIGUOUS,,,,0.1656472293740953,1.0474025530583278e-05,355.0,0.0067493827166023,False,False,False,AMBIGUOUS
BH050,31,32,0.3200002014636993,0.0092435000085081,6592,3,5,-2.3767290115356445,-2.542200088500977,0.0,2.2296571061510617,2.392868797389421,0.1629395226019902,0.0,0.0,AMBIGUOUS,,,,0.1656041362628593,4.3183347849626886e-05,355.0,0.006740475485604,False,False,False,AMBIGUOUS
BH050,31,32,0.3200002014636993,0.0092435000085081,7690,1,1,-2.3085813522338867,-2.6758737564086914,0.0,2.148272581999981,2.470744010729238,0.3215532648719473,0.0,0.0,AMBIGUOUS,,,,0.3835415338559126,3.368105432965555e-05,355.0,0.0069598422837443,False,False,False,AMBIGUOUS
BH050,31,32,0.3200002014636993,0.0092435000085081,8803,2,1,-2.4106099605560303,-2.782358169555664,0.0,3.6563852829843535,3.043395802715077,-1.2787571568122011,0.0,0.0,AMBIGUOUS,,,,1.9565090776437235,6.086462053645595e-06,355.0,0.008572945923141,False,False,False,AMBIGUOUS
BH050,32,33,0.3300007283687591,0.0100607525388713,5809,3,5,-3.0223867893218994,-1.7066941261291504,1.315692663192749,2.7164770296083827,3.995930870199267,-2.246040210801039,0.0,0.0,AMBIGUOUS,,,,5.220774659349908,2.888980450453353e-06,355.0,0.0112561432963359,False,False,False,AMBIGUOUS
BH050,32,33,0.3300007283687591,0.0100607525388713,8857,1,1,-1.306626558303833,-2.6990177631378174,0.0,4.827398752989038,2.4111181571805265,-3.756940001796917,0.0,0.0,AMBIGUOUS,,,,5.05126815494609,2.419221750551767e-06,355.0,0.0067918821329028,False,False,False,AMBIGUOUS
BH050,32,33,0.3300007283687591,0.0100607525388713,7318,1,1,-2.091665506362915,-2.3777079582214355,0.0,2.2989224691409795,2.6457997517604745,0.344859213484413,0.0,0.0,AMBIGUOUS,,,,0.3081995452910173,2.676024450906389e-05,355.0,0.0074529570472126,False,False,False,AMBIGUOUS
BH050,32,33,0.3300007283687591,0.0100607525388713,7687,4,5,-2.5406265258789062,-2.8322396278381348,0.0,2.396030864393828,2.66027511043498,0.2639131146621979,0.0,0.0,AMBIGUOUS,,,,0.2987794746474247,1.5611137749004823e-05,355.0,0.0074937327054506,False,False,False,AMBIGUOUS
BH050,32,33,0.3300007283687591,0.0100607525388713,6592,3,5,-2.542200088500977,-2.7344110012054443,0.0,2.392868797389421,2.5741085816833538,0.1794311365486068,0.0,0.0,AMBIGUOUS,,,,0.1979125344618055,4.073834796008496e-05,355.0,0.0072510100892488,False,False,False,AMBIGUOUS
BH050,32,33,0.3300007283687591,0.0100607525388713,7690,1,1,-2.6758737564086914,-2.812471628189087,0.0,2.470744010729238,2.60511128108936,0.1341184716907869,0.0,0.0,AMBIGUOUS,,,,0.1380526964852494,2.75586669950804e-05,355.0,0.0073383416368714,False,False,False,AMBIGUOUS
BH050,32,33,0.3300007283687591,0.0100607525388713,8803,2,1,-2.782358169555664,-2.7923026084899902,0.0,3.043395802715077,3.1850521154076823,0.0978583857736675,0.0,0.0,AMBIGUOUS,,,,0.4621763323285761,1.9920932967504155e-05,355.0,0.0089719777898807,False,False,False,AMBIGUOUS
BH050,33,34,0.3400008380413055,0.0109792708052708,5809,3,5,-1.7066941261291504,-4.127707958221436,0.0,3.995930870199267,4.642784548309381,-4.940701289150399,0.0,0.0,AMBIGUOUS,,,,7.723043585186378,2.66298641573734e-06,355.0,0.0130782663332658,False,False,False,AMBIGUOUS
BH050,33,34,0.3400008380413055,0.0109792708052708,8857,1,1,-2.6990177631378174,-2.8750007152557373,0.0,2.4111181571805265,4.129833728041305,0.6279032569512379,0.0,0.0,AMBIGUOUS,,,,2.6510952558195338,1.2521245390680748e-06,355.0,0.0116333344451867,False,False,False,AMBIGUOUS
BH050,33,34,0.3400008380413055,0.0109792708052708,7318,1,1,-2.3777079582214355,-2.5413167476654053,0.0,2.6457997517604745,2.804004502072707,0.157964674451819,0.0,0.0,AMBIGUOUS,,,,0.1640699930374216,5.49618107394074e-05,355.0,0.0078986042311907,False,False,False,AMBIGUOUS
BH050,33,34,0.3400008380413055,0.0109792708052708,7687,4,5,-2.8322396278381348,-3.049041509628296,0.0,2.66027511043498,2.8758483529389505,0.2152208232618029,0.0,0.0,AMBIGUOUS,,,,0.2176747062705037,0.0001036806850992,355.0,0.0081009812758843,False,False,False,AMBIGUOUS
BH050,33,34,0.3400008380413055,0.0109792708052708,6592,3,5,-2.7344110012054443,-3.012403011322021,0.0,2.5741085816833538,2.8554668074454006,0.2804461873558997,0.0,0.0,AMBIGUOUS,,,,0.2813989632937204,3.118230027923107e-05,355.0,0.0080435684716771,False,False,False,AMBIGUOUS
BH050,33,34,0.3400008380413055,0.0109792708052708,7690,1,1,-2.812471628189087,-3.1265907287597656,0.0,2.60511128108936,2.891453319215809,0.285985576801067,0.0,0.0,AMBIGUOUS,,,,0.3210418721949913,1.4073689628532867e-05,355.0,0.0081449389273684,False,False,False,AMBIGUOUS
BH050,33,34,0.3400008380413055,0.0109792708052708,8803,2,1,-2.7923026084899902,-3.3071746826171875,0.0,3.1850521154076823,4.197239667935028,0.8250784242231781,0.0,0.0,AMBIGUOUS,,,,1.1391964244884922,7.182430465402855e-06,355.0,0.0118232103322113,False,False,False,AMBIGUOUS
BH050,34,35,0.3500014245510101,0.0119763789296797,5809,3,5,-4.127707958221436,-3.584176540374756,0.5435314178466797,4.642784548309381,3.2162418371080137,-1.7447516164106591,0.0,0.0,AMBIGUOUS,,,,2.08249917649415,4.495910432691903e-06,355.0,0.0090598361608676,False,False,False,AMBIGUOUS
BH050,34,35,0.3500014245510101,0.0119763789296797,8857,1,1,-2.8750007152557373,-3.731725692749024,0.0,4.129833728041305,3.3151215153550817,-2.36539799523945,0.0,0.0,AMBIGUOUS,,,,4.110477038104957,4.387307931098664e-06,355.0,0.0093383704657889,False,False,False,AMBIGUOUS
BH050,34,35,0.3500014245510101,0.0119763789296797,7318,1,1,-2.5413167476654053,-2.780491828918457,0.0,2.804004502072707,3.0420265975228835,0.2376754102766461,0.0,0.0,AMBIGUOUS,,,,0.2397878344451313,2.5589061149367184e-05,355.0,0.0085690890071067,False,False,False,AMBIGUOUS
BH050,34,35,0.3500014245510101,0.0119763789296797,7687,4,5,-3.049041509628296,-3.28615951538086,0.0,2.8758483529389505,3.101443026012893,0.2251867415013133,0.0,0.0,AMBIGUOUS,,,,0.2402598963042346,4.210018345438449e-05,355.0,0.0087364592282053,False,False,False,AMBIGUOUS
BH050,34,35,0.3500014245510101,0.0119763789296797,6592,3,5,-3.012403011322021,-3.327788829803467,0.0,2.8554668074454006,3.127608162938582,0.2714345657784083,0.0,0.0,AMBIGUOUS,,,,0.3341092918271296,1.4934965259918483e-05,355.0,0.0088101638392636,False,False,False,AMBIGUOUS
BH050,34,35,0.3500014245510101,0.0119763789296797,7690,1,1,-3.1265907287597656,-3.3803083896636963,0.0,2.891453319215809,3.150756499913492,0.2585482365430666,0.0,0.0,AMBIGUOUS,,,,0.255087814387312,5.389082235819981e-05,355.0,0.0088753704222915,False,False,False,AMBIGUOUS
BH050,34,35,0.3500014245510101,0.0119763789296797,8803,2,1,-3.3071746826171875,-3.4190666675567627,0.0,4.197239667935028,4.309061576802959,0.0871079678236285,0.0,0.0,AMBIGUOUS,,,,0.2878251679232225,1.1617411651823932e-05,355.0,0.012138201624797,False,False,False,AMBIGUOUS
BH050,35,36,0.3600013554096222,0.0129764145702524,5809,3,5,-3.584176540374756,-2.1471965312957764,1.4369800090789795,3.2162418371080137,2.770995563292129,-1.949508165528457,0.0,0.0,AMBIGUOUS,,,,3.662521692858234,3.489040624972641e-06,355.0,0.0078056213050482,False,False,False,AMBIGUOUS
BH050,35,36,0.3600013554096222,0.0129764145702524,8857,1,1,-3.731725692749024,-3.3037476539611816,0.4279780387878418,3.3151215153550817,4.608633784655109,-0.8816189174320703,0.0,0.0,AMBIGUOUS,,,,4.224955214761904,3.1892922987689813e-06,355.0,0.0129820669990284,False,False,False,AMBIGUOUS
BH050,35,36,0.3600013554096222,0.0129764145702524,7318,1,1,-2.780491828918457,-2.9477293491363525,0.0,3.0420265975228835,3.2624356529977927,0.2182519136945583,0.0,0.0,AMBIGUOUS,,,,0.1984806821882969,0.0001030463547607,355.0,0.0091899595859092,False,False,False,AMBIGUOUS
BH050,35,36,0.3600013554096222,0.0129764145702524,7687,4,5,-3.28615951538086,-3.687518358230591,0.0,3.101443026012893,3.475505740500408,0.3740182604290044,0.0,0.0,AMBIGUOUS,,,,0.4063947279709133,3.3666441468585936e-06,355.0,0.0097901570154941,False,False,False,AMBIGUOUS
BH050,35,36,0.3600013554096222,0.0129764145702524,6592,3,5,-3.327788829803467,-3.574763536453247,0.0,3.127608162938582,3.3914092525778985,0.262558337808576,0.0,0.0,AMBIGUOUS,,,,0.2539638047686751,5.7361983995925616e-05,355.0,0.0095532655002194,False,False,False,AMBIGUOUS
BH050,35,36,0.3600013554096222,0.0129764145702524,7690,1,1,-3.3803083896636963,-3.578840970993042,0.0,3.150756499913492,3.331626924029011,0.1807072406705522,0.0,0.0,AMBIGUOUS,,,,0.2034202395192244,1.72908882397601e-05,355.0,0.0093848645747296,False,False,False,AMBIGUOUS
BH050,35,36,0.3600013554096222,0.0129764145702524,8803,2,1,-3.4190666675567627,-4.611893653869629,0.0,4.309061576802959,4.090704200919658,-0.9311077127260308,0.0,0.0,AMBIGUOUS,,,,3.067639043519168,3.872625830826158e-06,355.0,0.0115231104251257,False,False,False,AMBIGUOUS
BH050,36,37,0.3700000941753387,0.0140395618360539,5809,3,5,-2.1471965312957764,-4.075625896453857,0.0,2.770995563292129,5.053455887958926,-3.032640146631872,0.0,0.0,AMBIGUOUS,,,,6.096064065115217,1.6683477378162874e-06,355.0,0.014235087008335,False,False,False,AMBIGUOUS
BH050,36,37,0.3700000941753387,0.0140395618360539,8857,1,1,-3.3037476539611816,-3.431124210357666,0.0,4.608633784655109,3.5258369370854106,-1.5547157803655605,0.0,0.0,AMBIGUOUS,,,,2.1511473190609345,3.3393162442882805e-06,355.0,0.0099319350340434,False,False,False,AMBIGUOUS
BH050,36,37,0.3700000941753387,0.0140395618360539,7318,1,1,-2.9477293491363525,-3.248317003250122,0.0,3.2624356529977927,3.5182980167963573,0.2538318170055339,0.0,0.0,AMBIGUOUS,,,,0.3099599979000885,2.2303133170383825e-05,355.0,0.0099106986388629,False,False,False,AMBIGUOUS
BH050,36,37,0.3700000941753387,0.0140395618360539,7687,4,5,-3.687518358230591,-3.961136102676392,0.0,3.475505740500408,3.709271132339045,0.2332933429256016,0.0,0.0,AMBIGUOUS,,,,0.2908602645122981,7.229240702031218e-06,355.0,0.0104486510770113,False,False,False,AMBIGUOUS
BH050,36,37,0.3700000941753387,0.0140395618360539,6592,3,5,-3.574763536453247,-3.8829879760742174,0.0,3.3914092525778985,3.656267133564896,0.2642793159826018,0.0,0.0,AMBIGUOUS,,,,0.3243103753564573,2.5279646336203047e-05,355.0,0.0102993440382109,False,False,False,AMBIGUOUS
BH050,36,37,0.3700000941753387,0.0140395618360539,7690,1,1,-3.578840970993042,-3.958282947540283,0.0,3.331626924029011,3.669529825966838,0.3328928486600868,0.0,0.0,AMBIGUOUS,,,,0.4121146588471918,6.459981815009083e-05,355.0,0.0103367037351178,False,False,False,AMBIGUOUS
BH050,36,37,0.3700000941753387,0.0140395618360539,8803,2,1,-4.611893653869629,-4.540506839752197,0.0713868141174316,4.090704200919658,4.129141758656949,-0.1604905958454042,0.0,0.0,AMBIGUOUS,,,,0.8237595735613932,5.074369279603283e-05,355.0,0.0116313852356533,False,False,False,AMBIGUOUS
BH050,37,38,0.3800002634525299,0.0151792609206472,5809,3,5,-4.075625896453857,-4.100283145904541,0.0,5.053455887958926,4.819631351151384,-4.847075340289152,0.0,0.0,AMBIGUOUS,,,,5.99437103315468,5.375347267090393e-06,355.0,0.0135764263412715,False,False,False,AMBIGUOUS
BH050,37,38,0.3800002634525299,0.0151792609206472,8857,1,1,-3.431124210357666,-4.548875331878662,0.0,3.5258369370854106,4.520035106472935,0.5628564624648169,0.0,0.0,AMBIGUOUS,,,,1.4947577793908238,1.0174940294199897e-05,355.0,0.0127324932576702,False,False,False,AMBIGUOUS
BH050,37,38,0.3800002634525299,0.0151792609206472,7318,1,1,-3.248317003250122,-3.518083333969116,0.0,3.5182980167963573,3.885742112407092,0.3642765631478092,0.0,0.0,AMBIGUOUS,,,,0.3225093608143928,2.454423498534364e-05,355.0,0.0109457524293157,False,False,False,AMBIGUOUS
BH050,37,38,0.3800002634525299,0.0151792609206472,7687,4,5,-3.961136102676392,-4.245182037353516,0.0,3.709271132339045,3.972933844921805,0.2635907443668377,0.0,0.0,AMBIGUOUS,,,,0.2878886042223511,3.0283766619168392e-05,355.0,0.0111913629434417,False,False,False,AMBIGUOUS
BH050,37,38,0.3800002634525299,0.0151792609206472,6592,3,5,-3.8829879760742174,-4.2100677490234375,0.0,3.656267133564896,3.981569952501802,0.3249087996195204,0.0,0.0,AMBIGUOUS,,,,0.327126826428329,8.592504695628617e-06,355.0,0.0112156900070473,False,False,False,AMBIGUOUS
BH050,37,38,0.3800002634525299,0.0151792609206472,7690,1,1,-3.958282947540283,-4.235804557800293,0.0,3.669529825966838,3.9385415785728943,0.2680952939097045,0.0,0.0,AMBIGUOUS,,,,0.2796900161417529,4.12629656436759e-05,355.0,0.0110944833199236,False,False,False,AMBIGUOUS
BH050,37,38,0.3800002634525299,0.0151792609206472,8803,2,1,-4.540506839752197,-4.1375813484191895,0.4029254913330078,4.129141758656949,5.737071603812633,-0.2470341701762898,0.0,0.0,AMBIGUOUS,,,,4.352288487309854,6.299135153164288e-06,355.0,0.0161607650811623,False,False,False,AMBIGUOUS
BH050,38,39,0.3900011479854584,0.0163498827453724,5809,3,5,-4.100283145904541,-6.242997646331787,0.0,4.819631351151384,5.778599229195308,-0.4934708344028317,0.0,0.0,AMBIGUOUS,,,,4.931542925433553,3.4692806856530464e-06,355.0,0.0162777443075924,False,False,False,AMBIGUOUS
BH050,38,39,0.3900011479854584,0.0163498827453724,8857,1,1,-4.548875331878662,-3.896049022674561,0.6528263092041016,4.520035106472935,5.017002506236115,0.1974936273405555,0.0,0.0,AMBIGUOUS,,,,2.0401719015443875,1.126920053809842e-05,355.0,0.0141324014260172,False,False,False,AMBIGUOUS
BH050,38,39,0.3900011479854584,0.0163498827453724,7318,1,1,-3.518083333969116,-3.779233932495117,0.0,3.885742112407092,4.114214648294506,0.2255955203498006,0.0,0.0,AMBIGUOUS,,,,0.2759195565588038,2.819875788623133e-05,355.0,0.0115893370374493,False,False,False,AMBIGUOUS
BH050,38,39,0.3900011479854584,0.0163498827453724,7687,4,5,-4.245182037353516,-4.71594762802124,0.0,3.972933844921805,4.437460303392411,0.4641426313225112,0.0,0.0,AMBIGUOUS,,,,0.4708999810194963,1.625022166776093e-05,355.0,0.0124998881785701,False,False,False,AMBIGUOUS
BH050,38,39,0.3900011479854584,0.0163498827453724,6592,3,5,-4.2100677490234375,-4.466522693634033,0.0,3.981569952501802,4.181434289397989,0.1981950944990337,0.0,0.0,AMBIGUOUS,,,,0.2893902877009088,2.4582720133400903e-06,355.0,0.0117786881391492,False,False,False,AMBIGUOUS
BH050,38,39,0.3900011479854584,0.0163498827453724,7690,1,1,-4.235804557800293,-4.552632808685303,0.0,3.9385415785728943,4.238642365666546,0.3000596413667694,0.0,0.0,AMBIGUOUS,,,,0.3195381719976065,2.377985780474076e-05,355.0,0.0119398376497649,False,False,False,AMBIGUOUS
BH050,38,39,0.3900011479854584,0.0163498827453724,8803,2,1,-4.1375813484191895,-4.951083660125732,0.0,5.737071603812633,6.149400183960937,0.2236174565214455,0.0,0.0,AMBIGUOUS,,,,1.286456787569326,3.486982126485535e-06,355.0,0.0173222540393265,False,False,False,AMBIGUOUS
BH050,39,40,0.4000008404254913,0.0175709556007853,5809,3,5,-6.242997646331787,-4.118271827697754,2.124725818634033,5.778599229195308,3.62494655719266,-2.6003277256975825,0.0,0.0,AMBIGUOUS,,,,3.2936663335196976,7.731497448537343e-06,355.0,0.0102111170625145,False,False,False,AMBIGUOUS
BH050,39,40,0.4000008404254913,0.0175709556007853,8857,1,1,-3.896049022674561,-5.474430561065674,0.0,5.017002506236115,4.8667646091284125,-1.1181880510255486,0.0,0.0,AMBIGUOUS,,,,3.826453606730271,6.773917526773457e-06,355.0,0.0137091960820518,False,False,False,AMBIGUOUS
BH050,39,40,0.4000008404254913,0.0175709556007853,7318,1,1,-3.779233932495117,-4.1037678718566895,0.0,4.114214648294506,4.496805940007013,0.382425436345971,0.0,0.0,AMBIGUOUS,,,,0.3395618642812007,1.3965377324024696e-05,355.0,0.0126670589859352,False,False,False,AMBIGUOUS
BH050,39,40,0.4000008404254913,0.0175709556007853,7687,4,5,-4.71594762802124,-4.898003101348877,0.0,4.437460303392411,4.606407727360654,0.1680671703130421,0.0,0.0,AMBIGUOUS,,,,0.1935802495898287,0.0001968927896279,355.0,0.0129757964151004,False,False,False,AMBIGUOUS
BH050,39,40,0.4000008404254913,0.0175709556007853,6592,3,5,-4.466522693634033,-4.847900867462158,0.0,4.181434289397989,4.569716226667024,0.3859389904521541,0.0,0.0,AMBIGUOUS,,,,0.3871940813955756,6.346548865297327e-05,355.0,0.0128724400751183,False,False,False,AMBIGUOUS
BH050,39,40,0.4000008404254913,0.0175709556007853,7690,1,1,-4.552632808685303,-4.945916652679443,0.0,4.238642365666546,4.598962619901463,0.3599336743247721,0.0,0.0,AMBIGUOUS,,,,0.4007900978930447,7.339742486387641e-05,355.0,0.0129548242814125,False,False,False,AMBIGUOUS
BH050,39,40,0.4000008404254913,0.0175709556007853,8803,2,1,-4.951083660125732,-5.330354690551758,0.0,6.149400183960937,5.845602193145454,-0.6140674938478689,0.0,0.0,AMBIGUOUS,,,,1.4404121489117354,1.4472254332574044e-05,355.0,0.0164664850511139,False,False,False,AMBIGUOUS
BH050,40,41,0.4100005328655243,0.0188761257117535,5809,3,5,-4.118271827697754,-4.038730621337891,0.0795412063598632,3.62494655719266,4.441140059484859,0.2413974398527312,0.0,0.0,AMBIGUOUS,,,,2.2213491382459813,6.250848761228988e-06,355.0,0.0125102536886897,False,False,False,AMBIGUOUS
BH050,40,41,0.4100005328655243,0.0188761257117535,8857,1,1,-5.474430561065674,-4.7446699142456055,0.7297606468200684,4.8667646091284125,5.471945286871723,-0.1510957542639275,0.0,0.0,AMBIGUOUS,,,,3.05689461227235,2.9117921064671507e-06,355.0,0.0154139303855541,False,False,False,AMBIGUOUS
BH050,40,41,0.4100005328655243,0.0188761257117535,7318,1,1,-4.1037678718566895,-4.4057698249816895,0.0,4.496805940007013,4.844678549109377,0.3471479845513781,0.0,0.0,AMBIGUOUS,,,,0.3152644028445859,0.0001369501600109,355.0,0.0136469818284771,False,False,False,AMBIGUOUS
BH050,40,41,0.4100005328655243,0.0188761257117535,7687,4,5,-4.898003101348877,-5.300706386566162,0.0,4.606407727360654,4.997385892542311,0.3905823526052633,0.0,0.0,AMBIGUOUS,,,,0.4037323360838475,1.7384221175478268e-06,355.0,0.0140771433592741,False,False,False,AMBIGUOUS
BH050,40,41,0.4100005328655243,0.0188761257117535,6592,3,5,-4.847900867462158,-5.238006591796875,0.0,4.569716226667024,4.955453571555802,0.3826706431403778,0.0,0.0,AMBIGUOUS,,,,0.4054642829507438,2.183109484140439e-05,355.0,0.0139590241452276,False,False,False,AMBIGUOUS
BH050,40,41,0.4100005328655243,0.0188761257117535,7690,1,1,-4.945916652679443,-5.258191108703613,0.0,4.598962619901463,4.86645235880843,0.2669408172230482,0.0,0.0,AMBIGUOUS,,,,0.3351361669932413,4.7608026535228695e-05,355.0,0.0137083165036857,False,False,False,AMBIGUOUS
BH050,40,41,0.4100005328655243,0.0188761257117535,8803,2,1,-5.330354690551758,-6.02004861831665,0.0,5.845602193145454,5.9774921269827,-0.1184400434033171,0.0,0.0,AMBIGUOUS,,,,1.511554694924183,1.3215267805508045e-05,355.0,0.0168380059915005,False,False,False,AMBIGUOUS
BH050,41,42,0.4200010001659393,0.0202508412388208,5809,3,5,-4.038730621337891,-5.999842643737793,0.0,4.441140059484859,5.9252911613217725,-0.8341787995075985,0.0,0.0,AMBIGUOUS,,,,5.172382104991411,4.012603820229814e-06,355.0,0.0166909610178078,False,False,False,AMBIGUOUS
BH050,41,42,0.4200010001659393,0.0202508412388208,8857,1,1,-4.7446699142456055,-5.172458171844482,0.0,5.471945286871723,6.122139616862816,0.5683554528597901,0.0,0.0,AMBIGUOUS,,,,0.7708114318451093,2.1185059225325458e-05,355.0,0.0172454637094727,False,False,False,AMBIGUOUS
BH050,41,42,0.4200010001659393,0.0202508412388208,7318,1,1,-4.4057698249816895,-4.719220161437988,0.0,4.844678549109377,5.152080958611253,0.3071717698255851,0.0,0.0,AMBIGUOUS,,,,0.3134965278323096,2.1582409933942444e-05,355.0,0.014512904108764,False,False,False,AMBIGUOUS
BH050,41,42,0.4200010001659393,0.0202508412388208,7687,4,5,-5.300706386566162,-5.75092077255249,0.0,4.997385892542311,5.417783594926543,0.4202977331834274,0.0,0.0,AMBIGUOUS,,,,0.4564892537284615,3.303909320132368e-05,355.0,0.0152613622392296,False,False,False,AMBIGUOUS
BH050,41,42,0.4200010001659393,0.0202508412388208,6592,3,5,-5.238006591796875,-5.519637107849121,0.0,4.955453571555802,5.191884393688067,0.2350441846434842,0.0,0.0,AMBIGUOUS,,,,0.3148202437412866,1.952349667218412e-05,355.0,0.0146250264610931,False,False,False,AMBIGUOUS
BH050,41,42,0.4200010001659393,0.0202508412388208,7690,1,1,-5.258191108703613,-5.599946975708008,0.0,4.86645235880843,5.206392438967498,0.3395769941933229,0.0,0.0,AMBIGUOUS,,,,0.3419579429856053,1.1715189898382572e-05,355.0,0.0146658941942746,False,False,False,AMBIGUOUS
BH050,41,42,0.4200010001659393,0.0202508412388208,8803,2,1,-6.02004861831665,-5.421807765960693,0.598240852355957,5.9774921269827,6.798954364192826,0.5132954006001671,0.0,0.0,AMBIGUOUS,,,,2.3956602327482006,1.2141364888774738e-05,355.0,0.0191519841244868,False,False,False,AMBIGUOUS
BH050,42,43,0.4300011098384857,0.0216562342471123,5809,3,5,-5.999842643737793,-5.555927753448486,0.4439148902893066,5.9252911613217725,5.856064351524394,-0.5289306207604454,0.0,0.0,AMBIGUOUS,,,,2.5539662815162187,1.1186320806555382e-05,355.0,0.016495955919787,False,False,False,AMBIGUOUS
BH050,42,43,0.4300011098384857,0.0216562342471123,8857,1,1,-5.172458171844482,-5.111215591430664,0.0612425804138183,6.122139616862816,6.381373922457187,-0.0858359428458494,0.0,0.0,AMBIGUOUS,,,,1.2083201676298183,4.9052405861219445e-06,355.0,0.0179757011900202,False,False,False,AMBIGUOUS
BH050,42,43,0.4300011098384857,0.0216562342471123,7318,1,1,-4.719220161437988,-4.9766058921813965,0.0,5.152080958611253,5.522322645369393,0.3688977486973243,0.0,0.0,AMBIGUOUS,,,,0.318964903932325,2.6770631554196207e-05,355.0,0.0155558384376602,False,False,False,AMBIGUOUS
BH050,42,43,0.4300011098384857,0.0216562342471123,7687,4,5,-5.75092077255249,-6.0686140060424805,0.0,5.417783594926543,5.707210869611652,0.2884509506726668,0.0,0.0,AMBIGUOUS,,,,0.3278568655476531,2.2440963626725325e-05,355.0,0.0160766503369342,False,False,False,AMBIGUOUS
BH050,42,43,0.4300011098384857,0.0216562342471123,6592,3,5,-5.519637107849121,-5.940087795257568,0.0,5.191884393688067,5.609622943855666,0.4175118201647141,0.0,0.0,AMBIGUOUS,,,,0.4209374592285996,6.01946849207792e-05,355.0,0.0158017547714244,False,False,False,AMBIGUOUS
BH050,42,43,0.4300011098384857,0.0216562342471123,7690,1,1,-5.599946975708008,-6.185490131378174,0.0,5.206392438967498,5.720754853794405,0.5133087913926289,0.0,0.0,AMBIGUOUS,,,,0.6115539946891652,9.984805782214418e-06,355.0,0.0161148024050546,False,False,False,AMBIGUOUS
BH050,42,43,0.4300011098384857,0.0216562342471123,8803,2,1,-5.421807765960693,-7.46278715133667,0.0,6.798954364192826,6.553867317662103,-1.6182907467681047,0.0,0.0,AMBIGUOUS,,,,5.367371349929975,4.116587935660269e-06,355.0,0.0184615980779214,False,False,False,AMBIGUOUS
BH050,43,44,0.44000044465065,0.0230988881574848,5809,3,5,-5.555927753448486,-7.225965976715088,0.0,5.856064351524394,6.967887597205389,-1.4069797329275278,0.0,0.0,AMBIGUOUS,,,,5.863984833094508,2.826559776197713e-06,355.0,0.019627852386494,False,False,False,AMBIGUOUS
BH050,43,44,0.44000044465065,0.0230988881574848,8857,1,1,-5.111215591430664,-6.435973644256592,0.0,6.381373922457187,6.199779752352022,-1.565535010295072,0.0,0.0,AMBIGUOUS,,,,3.734650283955421,1.2268205192449414e-06,355.0,0.0174641683164845,False,False,False,AMBIGUOUS
BH050,43,44,0.44000044465065,0.0230988881574848,7318,1,1,-4.9766058921813965,-5.311220645904541,0.0,5.522322645369393,5.844436935184498,0.3217251350532748,0.0,0.0,AMBIGUOUS,,,,0.3355105022136637,8.472742435506787e-05,355.0,0.0164632026343225,False,False,False,AMBIGUOUS
BH050,43,44,0.44000044465065,0.0230988881574848,7687,4,5,-6.0686140060424805,-6.577457904815674,0.0,5.707210869611652,6.19079028035774,0.4835318015289264,0.0,0.0,AMBIGUOUS,,,,0.5122876265054631,2.080833508878721e-05,355.0,0.0174388458601626,False,False,False,AMBIGUOUS
BH050,43,44,0.44000044465065,0.0230988881574848,6592,3,5,-5.940087795257568,-6.305586338043213,0.0,5.609622943855666,5.970655677915899,0.3609264188898626,0.0,0.0,AMBIGUOUS,,,,0.365886189157832,3.768785616336132e-05,355.0,0.0168187483884954,False,False,False,AMBIGUOUS
BH050,43,44,0.44000044465065,0.0230988881574848,7690,1,1,-6.185490131378174,-6.569616317749023,0.0,5.720754853794405,6.120376513430475,0.3976592646379962,0.0,0.0,AMBIGUOUS,,,,0.3932466666197759,5.384725650207455e-06,355.0,0.0172404972209309,False,False,False,AMBIGUOUS
BH050,43,44,0.44000044465065,0.0230988881574848,8803,2,1,-7.46278715133667,-7.326289653778076,0.1364974975585937,6.553867317662103,6.876571011123926,0.126532589430063,0.0,0.0,AMBIGUOUS,,,,1.6928930032600948,2.038543466005797e-05,355.0,0.0193706225665462,False,False,False,AMBIGUOUS
BH050,44,45,0.4500000774860382,0.0246243535936954,5809,3,5,-7.225965976715088,-4.912450313568115,2.3135156631469727,6.967887597205389,6.388634338516995,-5.080339541917675,0.0,0.0,AMBIGUOUS,,,,9.04463014092553,2.879673817634385e-06,355.0,0.017996153066245,False,False,False,AMBIGUOUS
BH050,44,45,0.4500000774860382,0.0246243535936954,8857,1,1,-6.435973644256592,-6.32620906829834,0.1097645759582519,6.199779752352022,6.465295879409341,-0.1026968330156578,0.0,0.0,AMBIGUOUS,,,,1.7165513070047334,7.343949942509341e-06,355.0,0.0182121010687587,False,False,False,AMBIGUOUS
BH050,44,45,0.4500000774860382,0.0246243535936954,7318,1,1,-5.311220645904541,-5.647484302520752,0.0,5.844436935184498,6.241462460319634,0.3965801429905222,0.0,0.0,AMBIGUOUS,,,,0.3539111859118028,2.010500517322866e-05,355.0,0.0175815843952665,False,False,False,AMBIGUOUS
BH050,44,45,0.4500000774860382,0.0246243535936954,7687,4,5,-6.577457904815674,-6.982877731323242,0.0,6.19079028035774,6.569681654705564,0.3786769350898271,0.0,0.0,AMBIGUOUS,,,,0.4119574905292814,5.366040490824082e-05,355.0,0.0185061455062128,False,False,False,AMBIGUOUS
BH050,44,45,0.4500000774860382,0.0246243535936954,6592,3,5,-6.305586338043213,-6.703702449798584,0.0,5.970655677915899,6.333798803849709,0.3630358142019581,0.0,0.0,AMBIGUOUS,,,,0.408707421032018,3.2011087136260103e-05,355.0,0.0178416867714076,False,False,False,AMBIGUOUS
BH050,44,45,0.4500000774860382,0.0246243535936954,7690,1,1,-6.569616317749023,-6.986583232879639,0.0,6.120376513430475,6.493153025748375,0.3726465426553383,0.0,0.0,AMBIGUOUS,,,,0.4314666800412933,3.241558200093498e-05,355.0,0.0182905719035165,False,False,False,AMBIGUOUS
BH050,44,45,0.4500000774860382,0.0246243535936954,8803,2,1,-7.326289653778076,-7.955622673034668,0.0,6.876571011123926,7.141738592467237,0.1480157608114694,0.0,0.0,AMBIGUOUS,,,,1.5729941594463774,1.037299647204793e-05,355.0,0.0201175734999077,False,False,False,AMBIGUOUS
BH050,45,46,0.4600010812282562,0.0262545503591582,5809,3,5,-4.912450313568115,-6.994697093963623,0.0,6.388634338516995,7.27729583454708,-0.8230429245739324,0.0,0.0,AMBIGUOUS,,,,4.005788491147254,9.569550212263155e-06,355.0,0.0204994248860481,False,False,False,AMBIGUOUS
BH050,45,46,0.4600010812282562,0.0262545503591582,8857,1,1,-6.32620906829834,-6.978822231292725,0.0,6.465295879409341,7.240720792495269,0.621274686167294,0.0,0.0,AMBIGUOUS,,,,1.0848940893839034,1.7819729604576713e-05,355.0,0.0203963965985782,False,False,False,AMBIGUOUS
BH050,45,46,0.4600010812282562,0.0262545503591582,7318,1,1,-5.647484302520752,-6.062058925628662,0.0,6.241462460319634,6.677610775693267,0.4360906511436972,0.0,0.0,AMBIGUOUS,,,,0.4166872675044547,7.736417500203861e-06,355.0,0.0188101711991359,False,False,False,AMBIGUOUS
BH050,45,46,0.4600010812282562,0.0262545503591582,7687,4,5,-6.982877731323242,-7.387838363647461,0.0,6.569681654705564,6.947928152716906,0.377186038692693,0.0,0.0,AMBIGUOUS,,,,0.4135188792480994,6.291549333529155e-05,355.0,0.0195716285992025,False,False,False,AMBIGUOUS
BH050,45,46,0.4600010812282562,0.0262545503591582,6592,3,5,-6.703702449798584,-7.2415289878845215,0.0,6.333798803849709,6.829038164352339,0.4942174783360628,0.0,0.0,AMBIGUOUS,,,,0.5455371666289381,0.000111504891532,355.0,0.0192367272235277,False,False,False,AMBIGUOUS
BH050,45,46,0.4600010812282562,0.0262545503591582,7690,1,1,-6.986583232879639,-7.381523132324219,0.0,6.493153025748375,6.8593743438786445,0.366030605968859,0.0,0.0,AMBIGUOUS,,,,0.4002258077750256,6.0111245334192016e-05,355.0,0.0193221812503623,False,False,False,AMBIGUOUS
BH050,45,46,0.4600010812282562,0.0262545503591582,8803,2,1,-7.955622673034668,-8.726947784423828,0.0,7.141738592467237,8.380317027535986,0.7010354393613101,0.0,0.0,AMBIGUOUS,,,,2.248568897815665,1.176395601509565e-05,355.0,0.0236065268381295,False,False,False,AMBIGUOUS
BH050,46,47,0.4700011312961578,0.027938485107259,5809,3,5,-6.994697093963623,-7.490044116973877,0.0,7.27729583454708,6.778097003916603,-1.3941837775692965,0.0,0.0,AMBIGUOUS,,,,2.5406514413537837,2.677034495053319e-05,355.0,0.0190932309969481,False,False,False,AMBIGUOUS
BH050,46,47,0.4700011312961578,0.027938485107259,8857,1,1,-6.978822231292725,-7.527777194976807,0.0,7.240720792495269,7.45375097566988,0.1821629540045841,0.0,0.0,AMBIGUOUS,,,,0.7880783072425496,9.801396944975157e-06,355.0,0.0209964816216052,False,False,False,AMBIGUOUS
BH050,46,47,0.4700011312961578,0.027938485107259,7318,1,1,-6.062058925628662,-6.442112445831299,0.0,6.677610775693267,7.113934164994768,0.4361583332802755,0.0,0.0,AMBIGUOUS,,,,0.3931491160557651,8.274347211794252e-05,355.0,0.0200392511689993,False,False,False,AMBIGUOUS
BH050,46,47,0.4700011312961578,0.027938485107259,7687,4,5,-7.387838363647461,-7.942379951477051,0.0,6.947928152716906,7.454554235065109,0.5065114309172603,0.0,0.0,AMBIGUOUS,,,,0.5657821010598462,1.4739764924040918e-05,355.0,0.020998744324127,False,False,False,AMBIGUOUS
BH050,46,47,0.4700011312961578,0.027938485107259,6592,3,5,-7.2415289878845215,-7.693256855010986,0.0,6.829038164352339,7.254376429246744,0.4250417177713965,0.0,0.0,AMBIGUOUS,,,,0.4606807908839405,3.201742313300093e-05,355.0,0.0204348631809767,False,False,False,AMBIGUOUS
BH050,46,47,0.4700011312961578,0.027938485107259,7690,1,1,-7.381523132324219,-7.780392169952393,0.0,6.8593743438786445,7.240779288455021,0.3806997392494641,0.0,0.0,AMBIGUOUS,,,,0.4027480219548764,0.0001164520403947,355.0,0.0203965613759296,False,False,False,AMBIGUOUS
BH050,46,47,0.4700011312961578,0.027938485107259,8803,2,1,-8.726947784423828,-8.936287879943848,0.0,8.380317027535986,7.9896389978839135,-0.6657173258200436,0.0,0.0,AMBIGUOUS,,,,1.9457998186241188,1.9075524154787827e-05,355.0,0.0225060253461518,False,False,False,AMBIGUOUS
BH050,47,48,0.4800010621547699,0.0296530532178139,5809,3,5,-7.490044116973877,-9.038708686828612,0.0,6.778097003916603,7.85001219240724,0.7549584941477129,0.0,0.0,AMBIGUOUS,,,,3.0906367007205806,4.1106519492074345e-06,355.0,0.0221127104011471,False,False,False,AMBIGUOUS
BH050,47,48,0.4800010621547699,0.0296530532178139,8857,1,1,-7.527777194976807,-7.278003215789795,0.2497739791870117,7.45375097566988,8.428516019985784,0.7718047904596838,0.0,0.0,AMBIGUOUS,,,,2.060184811307793,1.6889544229685904e-05,355.0,0.0237422986478472,False,False,False,AMBIGUOUS
BH050,47,48,0.4800010621547699,0.0296530532178139,7318,1,1,-6.442112445831299,-6.812300205230713,0.0,7.113934164994768,7.52994919842699,0.4154099621356864,0.0,0.0,AMBIGUOUS,,,,0.3825368701103397,3.5969109266596355e-05,355.0,0.0212111245026112,False,False,False,AMBIGUOUS
BH050,47,48,0.4800010621547699,0.0296530532178139,7687,4,5,-7.942379951477051,-8.294770240783691,0.0,7.454554235065109,7.785556309191621,0.3306210582933538,0.0,0.0,AMBIGUOUS,,,,0.3591388492071811,4.60681199441811e-05,355.0,0.0219311445329341,False,False,False,AMBIGUOUS
BH050,47,48,0.4800010621547699,0.0296530532178139,6592,3,5,-7.693256855010986,-8.154324531555176,0.0,7.254376429246744,7.696426924197211,0.4419940679163379,0.0,0.0,AMBIGUOUS,,,,0.4631110113055426,5.759950193556942e-05,355.0,0.021680075842809,False,False,False,AMBIGUOUS
BH050,47,48,0.4800010621547699,0.0296530532178139,7690,1,1,-7.780392169952393,-8.287464141845703,0.0,7.240779288455021,7.686859867771546,0.4457877105152805,0.0,0.0,AMBIGUOUS,,,,0.529170610573391,2.998412918858873e-05,355.0,0.0216531263880888,False,False,False,AMBIGUOUS
BH050,47,48,0.4800010621547699,0.0296530532178139,8803,2,1,-8.936287879943848,-8.923733711242676,0.0125541687011718,7.9896389978839135,9.398169079808056,0.8128662756153833,0.0,0.0,AMBIGUOUS,,,,3.3851877453379404,7.528843280897016e-06,355.0,0.0264737157177691,False,False,False,AMBIGUOUS
BH050,48,49,0.4900011718273163,0.0314878457929085,5809,3,5,-9.038708686828612,-7.971706867218018,1.0670018196105957,7.85001219240724,7.405246370502313,-0.8048138082734888,0.0,0.0,AMBIGUOUS,,,,2.381461807911331,5.5744504460127264e-06,355.0,0.0208598489309924,False,False,False,AMBIGUOUS
BH050,48,49,0.4900011718273163,0.0314878457929085,8857,1,1,-7.278003215789795,-8.505846977233887,0.0,8.428516019985784,7.749001793764341,-1.3284843234707606,0.0,0.0,AMBIGUOUS,,,,3.943226575465292,3.277164586771414e-06,355.0,0.0218281740669418,False,False,False,AMBIGUOUS
BH050,48,49,0.4900011718273163,0.0314878457929085,7318,1,1,-6.812300205230713,-7.220423221588135,0.0,7.52994919842699,7.970129898602924,0.4395895393647654,0.0,0.0,AMBIGUOUS,,,,0.4156016900948069,4.12611609723941e-05,355.0,0.0224510701369096,False,False,False,AMBIGUOUS
BH050,48,49,0.4900011718273163,0.0314878457929085,7687,4,5,-8.294770240783691,-8.899083137512207,0.0,7.785556309191621,8.36160349475866,0.5759708826425329,0.0,0.0,AMBIGUOUS,,,,0.6073015041983945,6.278103558932749e-05,355.0,0.0235538126612919,False,False,False,AMBIGUOUS
BH050,48,49,0.4900011718273163,0.0314878457929085,6592,3,5,-8.154324531555176,-8.618207931518555,0.0,7.696426924197211,8.114357917102124,0.4173034157138654,0.0,0.0,AMBIGUOUS,,,,0.4748847438835931,6.635660968428602e-05,355.0,0.022857346245358,False,False,False,AMBIGUOUS
BH050,48,49,0.4900011718273163,0.0314878457929085,7690,1,1,-8.287464141845703,-8.72339916229248,0.0,7.686859867771546,8.1042934655396,0.4171875702876569,0.0,0.0,AMBIGUOUS,,,,0.4396354592381518,6.539245921522986e-05,355.0,0.0228289956775763,False,False,False,AMBIGUOUS
BH050,48,49,0.4900011718273163,0.0314878457929085,8803,2,1,-8.923733711242676,-9.387791633605955,0.0,9.398169079808056,9.739544210429669,0.3367895598830521,0.0,0.0,AMBIGUOUS,,,,0.5441541996235988,8.691486329128099e-05,355.0,0.0274353358040272,False,False,False,AMBIGUOUS
BH050,49,50,0.5000013709068298,0.0333051762191135,5809,3,5,-7.971706867218018,-7.667699337005615,0.3040075302124023,7.405246370502313,10.171227347627225,1.0965168260377065,0.0,0.0,AMBIGUOUS,,,,5.737622196187318,2.678668480026073e-06,355.0,0.0286513446412034,False,False,False,AMBIGUOUS
BH050,49,50,0.5000013709068298,0.0333051762191135,8857,1,1,-8.505846977233887,-8.473556518554688,0.0322904586791992,7.749001793764341,9.097176129867703,0.8880588176576385,0.0,0.0,AMBIGUOUS,,,,2.958675623229827,2.2415828286807568e-05,355.0,0.0256258482531484,False,False,False,AMBIGUOUS
BH050,49,50,0.5000013709068298,0.0333051762191135,7318,1,1,-7.220423221588135,-7.644665241241455,0.0,7.970129898602924,8.470604187992151,0.4995603972605302,0.0,0.0,AMBIGUOUS,,,,0.4485784472785135,2.408910559143842e-05,355.0,0.0238608568675835,False,False,False,AMBIGUOUS
BH050,49,50,0.5000013709068298,0.0333051762191135,7687,4,5,-8.899083137512207,-9.532193183898926,0.0,8.36160349475866,8.936784389850395,0.5748298423009145,0.0,0.0,AMBIGUOUS,,,,0.6498838599991057,2.3596813271443275e-05,355.0,0.0251740405347898,False,False,False,AMBIGUOUS
BH050,49,50,0.5000013709068298,0.0333051762191135,6592,3,5,-8.618207931518555,-9.120853424072266,0.0,8.114357917102124,8.599269749831873,0.48473838161729,0.0,0.0,AMBIGUOUS,,,,0.5069228462133263,2.6779170196132506e-05,355.0,0.0242232950699489,False,False,False,AMBIGUOUS
BH050,49,50,0.5000013709068298,0.0333051762191135,7690,1,1,-8.72339916229248,-9.349656105041504,0.0,8.1042934655396,8.679949297378544,0.5756455732923333,0.0,0.0,AMBIGUOUS,,,,0.6375058339600493,2.5242484829788312e-05,355.0,0.0244505614010663,False,False,False,AMBIGUOUS
BH050,49,50,0.5000013709068298,0.0333051762191135,8803,2,1,-9.387791633605955,-10.570513725280762,0.0,9.739544210429669,10.303504691398334,0.4381496418175419,0.0,0.0,AMBIGUOUS,,,,1.7559319509892444,5.495743554141589e-06,355.0,0.0290239568771784,False,False,False,AMBIGUOUS
BH050,50,51,0.5100000500679016,0.0352201359704428,5809,3,5,-7.667699337005615,-10.402202606201172,0.0,10.171227347627225,9.0098656341642,-4.238348661389871,0.0,0.0,AMBIGUOUS,,,,8.81461369092653,1.7874925446415943e-06,355.0,0.0253799031948287,False,False,False,AMBIGUOUS
BH050,50,51,0.5100000500679016,0.0352201359704428,8857,1,1,-8.473556518554688,-8.808459281921387,0.0,9.097176129867703,9.604794074504646,0.502091464547493,0.0,0.0,AMBIGUOUS,,,,0.4844804171462827,0.0001252331656948,355.0,0.0270557579563511,False,False,False,AMBIGUOUS
BH050,50,51,0.5100000500679016,0.0352201359704428,7318,1,1,-7.644665241241455,-8.125941276550293,0.0,8.470604187992151,8.954223754171887,0.4822370737540518,0.0,0.0,AMBIGUOUS,,,,0.4884264584418443,0.0001027482926875,355.0,0.0252231655047095,False,False,False,AMBIGUOUS
BH050,50,51,0.5100000500679016,0.0352201359704428,7687,4,5,-9.532193183898926,-9.916946411132812,0.0,8.936784389850395,9.307527465747285,0.3705547380320199,0.0,0.0,AMBIGUOUS,,,,0.3864809581904861,2.326933060956628e-05,355.0,0.0262183872274571,False,False,False,AMBIGUOUS
BH050,50,51,0.5100000500679016,0.0352201359704428,6592,3,5,-9.120853424072266,-9.692341804504396,0.0,8.599269749831873,9.13099297553494,0.5316493402776701,0.0,0.0,AMBIGUOUS,,,,0.582575232091867,0.0001249446668397,355.0,0.0257211069733378,False,False,False,AMBIGUOUS
BH050,50,51,0.5100000500679016,0.0352201359704428,7690,1,1,-9.349656105041504,-9.888383865356444,0.0,8.679949297378544,9.190230285031102,0.509675143783404,0.0,0.0,AMBIGUOUS,,,,0.5473901926538232,4.734391062320352e-05,355.0,0.0258879726338904,False,False,False,AMBIGUOUS
BH050,50,51,0.5100000500679016,0.0352201359704428,8803,2,1,-10.570513725280762,-10.307873725891112,0.2626399993896484,10.303504691398334,11.448632925589877,0.897476242392105,0.0,0.0,AMBIGUOUS,,,,2.5843491247084893,7.459253735498471e-06,355.0,0.0322496702129292,False,False,False,AMBIGUOUS
BH050,51,52,0.5200002193450928,0.0372398721307716,5809,3,5,-10.402202606201172,-10.188631057739258,0.213571548461914,9.0098656341642,9.05929679653658,-0.185913539066428,0.0,0.0,AMBIGUOUS,,,,2.169003651931821,2.1943395792111718e-05,355.0,0.0255191459057368,False,False,False,AMBIGUOUS
BH050,51,52,0.5200002193450928,0.0372398721307716,8857,1,1,-8.808459281921387,-10.738438606262209,0.0,9.604794074504646,9.592340051293885,-0.7993380959945198,0.0,0.0,AMBIGUOUS,,,,4.746665876102864,7.85402405771843e-06,355.0,0.0270206762008278,False,False,False,AMBIGUOUS
BH050,51,52,0.5200002193450928,0.0372398721307716,7318,1,1,-8.125941276550293,-8.593294143676758,0.0,8.954223754171887,9.466368122803734,0.5107880855721898,0.0,0.0,AMBIGUOUS,,,,0.4823991906634419,8.163829742689791e-05,355.0,0.0266658256980386,False,False,False,AMBIGUOUS
BH050,51,52,0.5200002193450928,0.0372398721307716,7687,4,5,-9.916946411132812,-10.54494857788086,0.0,9.307527465747285,9.900104061302883,0.592575841656981,0.0,0.0,AMBIGUOUS,,,,0.6329202745735188,1.4929285011392094e-05,355.0,0.0278876170740926,False,False,False,AMBIGUOUS
BH050,51,52,0.5200002193450928,0.0372398721307716,6592,3,5,-9.692341804504396,-10.168513298034668,0.0,9.13099297553494,9.580348177048576,0.4491349024455037,0.0,0.0,AMBIGUOUS,,,,0.4792076154908719,3.742505894108513e-05,355.0,0.0269868962733762,False,False,False,AMBIGUOUS
BH050,51,52,0.5200002193450928,0.0372398721307716,7690,1,1,-9.888383865356444,-10.44742202758789,0.0,9.190230285031102,9.663993038405962,0.4726986589030599,0.0,0.0,AMBIGUOUS,,,,0.5994366402265175,2.264575491018774e-05,355.0,0.0272225156011435,False,False,False,AMBIGUOUS
BH050,51,52,0.5200002193450928,0.0372398721307716,8803,2,1,-10.307873725891112,-11.037043571472168,0.0,11.448632925589877,11.133933712900577,-0.4206564451388084,0.0,0.0,AMBIGUOUS,,,,1.9573548730676051,5.921057392376666e-06,355.0,0.0313631935574664,False,False,False,AMBIGUOUS
BH050,52,53,0.5300003886222839,0.0392889604891671,5809,3,5,-10.188631057739258,-10.461939811706545,0.0,9.05929679653658,9.104251646851822,-0.0327180450455014,0.0,0.0,AMBIGUOUS,,,,1.327722635634249,2.3383541075594183e-05,355.0,0.0256457792869065,False,False,False,AMBIGUOUS
BH050,52,53,0.5300003886222839,0.0392889604891671,8857,1,1,-10.738438606262209,-9.266647338867188,1.4717912673950195,9.592340051293885,11.25371331479982,0.080743259340475,0.0,0.0,AMBIGUOUS,,,,6.468822911202046,1.7035600077603785e-06,355.0,0.03170060088676,False,False,False,AMBIGUOUS
BH050,52,53,0.5300003886222839,0.0392889604891671,7318,1,1,-8.593294143676758,-8.97956371307373,0.0,9.466368122803734,9.907581982359517,0.4410674841147927,0.0,0.0,AMBIGUOUS,,,,0.3987289509470667,2.968436719231365e-05,355.0,0.0279086816404493,False,False,False,AMBIGUOUS
BH050,52,53,0.5300003886222839,0.0392889604891671,7687,4,5,-10.54494857788086,-11.043298721313477,0.0,9.900104061302883,10.391438530430776,0.4893157157111508,0.0,0.0,AMBIGUOUS,,,,0.5131319792376954,2.1408837525196496e-05,355.0,0.0292716578321993,False,False,False,AMBIGUOUS
BH050,52,53,0.5300003886222839,0.0392889604891671,6592,3,5,-10.168513298034668,-10.818682670593262,0.0,9.580348177048576,10.19740677263326,0.6170566159351241,0.0,0.0,AMBIGUOUS,,,,0.655908083597878,3.290731056843714e-05,355.0,0.0287250895003753,False,False,False,AMBIGUOUS
BH050,52,53,0.5300003886222839,0.0392889604891671,7690,1,1,-10.44742202758789,-10.96374225616455,0.0,9.663993038405962,10.199645741017155,0.534536554686723,0.0,0.0,AMBIGUOUS,,,,0.5213435946375571,5.54729698283284e-05,355.0,0.0287313964535694,False,False,False,AMBIGUOUS
BH050,52,53,0.5300003886222839,0.0392889604891671,8803,2,1,-11.037043571472168,-12.376965522766112,0.0,11.133933712900577,11.44713833479778,0.0585533025475417,0.0,0.0,AMBIGUOUS,,,,2.9617124368511223,1.7495116892776096e-05,355.0,0.0322454600980219,False,False,False,AMBIGUOUS
BH050,53,54,0.5400005578994751,0.0414526745412959,5809,3,5,-10.461939811706545,-10.423433303833008,0.0385065078735351,9.104251646851822,10.180721136775649,0.3378477968240052,0.0,0.0,AMBIGUOUS,,,,3.727482715061858,6.190181154271438e-06,355.0,0.0286780877092271,False,False,False,AMBIGUOUS
BH050,53,54,0.5400005578994751,0.0414526745412959,8857,1,1,-9.266647338867188,-10.45459270477295,0.0,11.25371331479982,11.24278079847686,-0.185305564773632,0.0,0.0,AMBIGUOUS,,,,2.282367450013802,1.3140034243632132e-05,355.0,0.031669805066132,False,False,False,AMBIGUOUS
BH050,53,54,0.5400005578994751,0.0414526745412959,7318,1,1,-8.97956371307373,-9.593179702758787,0.0,9.907581982359517,10.567679145470189,0.6600341041116106,0.0,0.0,AMBIGUOUS,,,,0.6196546984501433,3.3568830690263105e-05,355.0,0.0297681102689301,False,False,False,AMBIGUOUS
BH050,53,54,0.5400005578994751,0.0414526745412959,7687,4,5,-11.043298721313477,-11.666614532470703,0.0,10.391438530430776,10.951933996393125,0.5592473756193342,0.0,0.0,AMBIGUOUS,,,,0.643317633808027,1.139881592580964e-05,355.0,0.0308505182996989,False,False,False,AMBIGUOUS
BH050,53,54,0.5400005578994751,0.0414526745412959,6592,3,5,-10.818682670593262,-11.417221069335938,0.0,10.19740677263326,10.763816983354166,0.5663326672650433,0.0,0.0,AMBIGUOUS,,,,0.6064587789419805,6.340577060754836e-05,355.0,0.0303206112207159,False,False,False,AMBIGUOUS
BH050,53,54,0.5400005578994751,0.0414526745412959,7690,1,1,-10.96374225616455,-11.545736312866213,0.0,10.199645741017155,10.715042113404763,0.5151755662943025,0.0,0.0,AMBIGUOUS,,,,0.6054556770136023,1.7520589471254843e-05,355.0,0.0301832172208584,False,False,False,AMBIGUOUS
BH050,53,54,0.5400005578994751,0.0414526745412959,8803,2,1,-12.376965522766112,-11.49785327911377,0.8791122436523438,11.44713833479778,13.387104280967945,0.8745418832323393,0.0,0.0,AMBIGUOUS,,,,5.707752792629252,1.4380620087387172e-05,355.0,0.037710152904135,False,False,False,AMBIGUOUS
BH050,54,55,0.5500007271766663,0.0436793272831435,5809,3,5,-10.423433303833008,-12.099437713623049,0.0,10.180721136775649,10.55409618373123,-0.3071846375221364,0.0,0.0,AMBIGUOUS,,,,4.526721550371703,2.22419551952331e-06,355.0,0.0297298484048767,False,False,False,AMBIGUOUS
BH050,54,55,0.5500007271766663,0.0436793272831435,8857,1,1,-10.45459270477295,-11.96371078491211,0.0,11.24278079847686,11.73878827452918,0.2583122156941896,0.0,0.0,AMBIGUOUS,,,,2.7935711220493773,1.3480093743061438e-05,355.0,0.0330670092240258,False,False,False,AMBIGUOUS
BH050,54,55,0.5500007271766663,0.0436793272831435,7318,1,1,-9.593179702758787,-9.995189666748049,0.0,10.567679145470189,11.038391062683774,0.4706494880929107,0.0,0.0,AMBIGUOUS,,,,0.4191747074952849,7.759460966645286e-05,355.0,0.0310940593315035,False,False,False,AMBIGUOUS
BH050,54,55,0.5500007271766663,0.0436793272831435,7687,4,5,-11.666614532470703,-12.29644775390625,0.0,10.951933996393125,11.579259892120374,0.6269491922722373,0.0,0.0,AMBIGUOUS,,,,0.6300633689501071,4.943591002215002e-05,355.0,0.0326176334989306,False,False,False,AMBIGUOUS
BH050,54,55,0.5500007271766663,0.0436793272831435,6592,3,5,-11.417221069335938,-11.997715950012209,0.0,10.763816983354166,11.296757149453365,0.5319424924858074,0.0,0.0,AMBIGUOUS,,,,0.5904992926650727,5.3440921081049055e-05,355.0,0.0318218511252207,False,False,False,AMBIGUOUS
BH050,54,55,0.5500007271766663,0.0436793272831435,7690,1,1,-11.545736312866213,-12.25342082977295,0.0,10.715042113404763,11.368066328853264,0.6529338833180669,0.0,0.0,AMBIGUOUS,,,,0.7200191940685479,9.148242807692978e-05,355.0,0.0320227220531077,False,False,False,AMBIGUOUS
BH050,54,55,0.5500007271766663,0.0436793272831435,8803,2,1,-11.49785327911377,-13.668218612670898,0.0,13.387104280967945,12.648947819127097,-1.675977655875404,0.0,0.0,AMBIGUOUS,,,,6.146608323606496,9.93194156042982e-06,355.0,0.0356308389271185,False,False,False,AMBIGUOUS
BH050,55,56,0.5600008964538574,0.0459718876828624,5809,3,5,-12.099437713623049,-12.343564987182615,0.0,10.55409618373123,10.83791681077994,0.1726540136685289,0.0,0.0,AMBIGUOUS,,,,0.9200934922467872,5.766821863074592e-05,355.0,0.0305293431289575,False,False,False,AMBIGUOUS
BH050,55,56,0.5600008964538574,0.0459718876828624,8857,1,1,-11.96371078491211,-11.28337574005127,0.6803350448608398,11.73878827452918,13.492497047261017,1.1187258398396864,0.0,0.0,AMBIGUOUS,,,,4.51423659433421,5.140428469237569e-06,355.0,0.0380070339359465,False,False,False,AMBIGUOUS
BH050,55,56,0.5600008964538574,0.0459718876828624,7318,1,1,-9.995189666748049,-10.55309772491455,0.0,11.038391062683774,11.590220113723344,0.5515244631530773,0.0,0.0,AMBIGUOUS,,,,0.5579260634726619,4.540064516469708e-05,355.0,0.0326485073626009,False,False,False,AMBIGUOUS
BH050,55,56,0.5600008964538574,0.0459718876828624,7687,4,5,-12.29644775390625,-12.969979286193848,0.0,11.579259892120374,12.196937426338348,0.6175683764014518,0.0,0.0,AMBIGUOUS,,,,0.6858940960507897,2.0959639342435097e-05,355.0,0.0343575702150376,False,False,False,AMBIGUOUS
BH050,55,56,0.5600008964538574,0.0459718876828624,6592,3,5,-11.997715950012209,-12.680268287658691,0.0,11.296757149453365,11.937226106689035,0.6399388895578931,0.0,0.0,AMBIGUOUS,,,,0.6979683118394339,2.345181983036952e-05,355.0,0.0336259890329268,False,False,False,AMBIGUOUS
BH050,55,56,0.5600008964538574,0.0459718876828624,7690,1,1,-12.25342082977295,-12.905255317687988,0.0,11.368066328853264,11.980955174399122,0.612862749289403,0.0,0.0,AMBIGUOUS,,,,0.6592703361159216,0.000119406635824,355.0,0.0337491695053496,False,False,False,AMBIGUOUS
BH050,55,56,0.5600008964538574,0.0459718876828624,8803,2,1,-13.668218612670898,-13.534533500671388,0.1336851119995117,12.648947819127097,14.652497324659665,1.367746252920872,0.0,0.0,AMBIGUOUS,,,,4.540885729967377,3.6146911551719592e-06,355.0,0.0412746403511539,False,False,False,AMBIGUOUS
BH050,56,57,0.5700010657310486,0.0482661411856974,5809,3,5,-12.343564987182615,-13.83612823486328,0.0,10.83791681077994,12.052532089424435,0.8539060947010297,0.0,0.0,AMBIGUOUS,,,,2.905399308088863,9.850536409950863e-06,355.0,0.033950794618097,False,False,False,AMBIGUOUS
BH050,56,57,0.5700010657310486,0.0482661411856974,8857,1,1,-11.28337574005127,-11.760150909423828,0.0,13.492497047261017,13.819255847712968,0.3209451581061607,0.0,0.0,AMBIGUOUS,,,,0.5615148058161407,3.443315704529038e-05,355.0,0.0389274812611632,False,False,False,AMBIGUOUS
BH050,56,57,0.5700010657310486,0.0482661411856974,7318,1,1,-10.55309772491455,-11.075933456420898,0.0,11.590220113723344,12.233820180329952,0.6431555594932814,0.0,0.0,AMBIGUOUS,,,,0.5621149053666507,2.221939570449625e-05,355.0,0.034461465296704,False,False,False,AMBIGUOUS
BH050,56,57,0.5700010657310486,0.0482661411856974,7687,4,5,-12.969979286193848,-13.645142555236816,0.0,12.196937426338348,12.826935817964538,0.6298560123870521,0.0,0.0,AMBIGUOUS,,,,0.6840325920011103,8.348110717276061e-05,355.0,0.036132213571731,False,False,False,AMBIGUOUS
BH050,56,57,0.5700010657310486,0.0482661411856974,6592,3,5,-12.680268287658691,-13.23834991455078,0.0,11.937226106689035,12.470526769103008,0.5331312285191514,0.0,0.0,AMBIGUOUS,,,,0.5655178025326193,2.4450806797247064e-05,355.0,0.0351282444200084,False,False,False,AMBIGUOUS
BH050,56,57,0.5700010657310486,0.0482661411856974,7690,1,1,-12.905255317687988,-13.587772369384766,0.0,11.980955174399122,12.594695960041571,0.6133498597139676,0.0,0.0,AMBIGUOUS,,,,0.7074256586820735,3.5750057121857295e-05,355.0,0.0354780167888494,False,False,False,AMBIGUOUS
BH050,56,57,0.5700010657310486,0.0482661411856974,8803,2,1,-13.534533500671388,-15.718757629394531,0.0,14.652497324659665,14.729207948168,-0.5110163637329951,0.0,0.0,AMBIGUOUS,,,,5.136877534374948,8.367972427459363e-06,355.0,0.0414907266145577,False,False,False,AMBIGUOUS
BH050,57,58,0.5800012350082397,0.0506869782417198,5809,3,5,-13.83612823486328,-13.897930145263672,0.0,12.052532089424435,12.948268697306228,0.4092516671270771,0.0,0.0,AMBIGUOUS,,,,2.3352238876944216,1.5578201887764033e-05,355.0,0.03647399633044,False,False,False,AMBIGUOUS
BH050,57,58,0.5800012350082397,0.0506869782417198,8857,1,1,-11.760150909423828,-14.04513931274414,0.0,13.819255847712968,12.768667181765236,-2.230801702889238,0.0,0.0,AMBIGUOUS,,,,6.961566064915084,2.8373542985072924e-06,355.0,0.0359680765683527,False,False,False,AMBIGUOUS
BH050,57,58,0.5800012350082397,0.0506869782417198,7318,1,1,-11.075933456420898,-11.720257759094238,0.0,12.233820180329952,12.92033059924076,0.686413012379498,0.0,0.0,AMBIGUOUS,,,,0.649697970254805,4.544895986076055e-05,355.0,0.03639529746265,False,False,False,AMBIGUOUS
BH050,57,58,0.5800012350082397,0.0506869782417198,7687,4,5,-13.645142555236816,-14.278185844421388,0.0,12.826935817964538,13.42273610008822,0.5954932485828661,0.0,0.0,AMBIGUOUS,,,,0.6395937591473199,3.004518562664341e-05,355.0,0.0378105242256006,False,False,False,AMBIGUOUS
BH050,57,58,0.5800012350082397,0.0506869782417198,6592,3,5,-13.23834991455078,-13.9031982421875,0.0,12.470526769103008,13.113123051101008,0.6420259246353052,0.0,0.0,AMBIGUOUS,,,,0.6663146154126419,1.812983543607583e-05,355.0,0.0369383747918338,False,False,False,AMBIGUOUS
BH050,57,58,0.5800012350082397,0.0506869782417198,7690,1,1,-13.587772369384766,-14.279561042785645,0.0,12.594695960041571,13.255887590545395,0.66003299005402,0.0,0.0,AMBIGUOUS,,,,0.6979977909101365,6.066453040578025e-05,355.0,0.0373405284240715,False,False,False,AMBIGUOUS
BH050,57,58,0.5800012350082397,0.0506869782417198,8803,2,1,-15.718757629394531,-15.646451950073242,0.072305679321289,14.729207948168,15.76548060943871,0.7993900745419105,0.0,0.0,AMBIGUOUS,,,,2.7978816930062744,9.272370555988563e-06,355.0,0.0444098045336301,False,False,False,AMBIGUOUS
BH050,58,59,0.5900014042854309,0.0532087897852682,5809,3,5,-13.897930145263672,-13.136396408081056,0.7615337371826172,12.948268697306228,12.210730697161871,-2.3176412181461505,0.0,0.0,AMBIGUOUS,,,,4.646696067252631,3.579031335738662e-06,355.0,0.0343964244990475,False,False,False,AMBIGUOUS
BH050,58,59,0.5900014042854309,0.0532087897852682,8857,1,1,-14.04513931274414,-11.768426895141602,2.276712417602539,12.768667181765236,16.338143666949456,0.8227464118033376,0.0,0.0,AMBIGUOUS,,,,10.234499780646678,4.6550881768559005e-06,355.0,0.0460229399068998,False,False,False,AMBIGUOUS
BH050,58,59,0.5900014042854309,0.0532087897852682,7318,1,1,-11.720257759094238,-12.216845512390137,0.0,12.92033059924076,13.495169123719492,0.5747758816395229,0.0,0.0,AMBIGUOUS,,,,0.5145941044301952,2.0230038738101944e-05,355.0,0.0380145609118858,False,False,False,AMBIGUOUS
BH050,58,59,0.5900014042854309,0.0532087897852682,7687,4,5,-14.278185844421388,-14.94250774383545,0.0,13.42273610008822,14.062136192668786,0.6385064426483313,0.0,0.0,AMBIGUOUS,,,,0.6737146381307972,3.724172279892488e-05,355.0,0.0396116512469543,False,False,False,AMBIGUOUS
BH050,58,59,0.5900014042854309,0.0532087897852682,6592,3,5,-13.9031982421875,-14.695467948913574,0.0,13.113123051101008,13.843737370904805,0.7302771845152536,0.0,0.0,AMBIGUOUS,,,,0.811581479039054,4.838240359905494e-05,355.0,0.0389964432983233,False,False,False,AMBIGUOUS
BH050,58,59,0.5900014042854309,0.0532087897852682,7690,1,1,-14.279561042785645,-14.976880073547363,0.0,13.255887590545395,13.900014695475823,0.6440250771015564,0.0,0.0,AMBIGUOUS,,,,0.7102747697673305,1.3346147178814963e-05,355.0,0.0391549709731713,False,False,False,AMBIGUOUS
BH050,58,59,0.5900014042854309,0.0532087897852682,8803,2,1,-15.646451950073242,-15.50402545928955,0.1424264907836914,15.76548060943871,16.618129211638315,0.7578730918663219,0.0,0.0,AMBIGUOUS,,,,1.74053579839214,1.749251123837929e-05,355.0,0.0468116315820797,False,False,False,AMBIGUOUS
BH050,59,60,0.6000000834465027,0.0557525976047262,5809,3,5,-13.136396408081056,-13.388853073120115,0.0,12.210730697161871,13.821609367014377,1.2605861292964586,0.0,0.0,AMBIGUOUS,,,,3.161285597700754,5.359815383064692e-06,355.0,0.0389341108929982,False,False,False,AMBIGUOUS
BH050,59,60,0.6000000834465027,0.0557525976047262,8857,1,1,-11.768426895141602,-14.49404525756836,0.0,16.338143666949456,14.928869700094138,-2.230070301891645,0.0,0.0,AMBIGUOUS,,,,6.587923122564524,9.636522808962293e-06,355.0,0.0420531540847722,False,False,False,AMBIGUOUS
BH050,59,60,0.6000000834465027,0.0557525976047262,7318,1,1,-12.216845512390137,-12.827314376831056,0.0,13.495169123719492,14.159772217830543,0.664368751949615,0.0,0.0,AMBIGUOUS,,,,0.6191956121528622,0.000184650298584,355.0,0.039886682303748,False,False,False,AMBIGUOUS
BH050,59,60,0.6000000834465027,0.0557525976047262,7687,4,5,-14.94250774383545,-15.784991264343262,0.0,14.062136192668786,14.839443541549349,0.7771894484049767,0.0,0.0,AMBIGUOUS,,,,0.8556636093625515,2.4361338877603224e-05,355.0,0.041801249412815,False,False,False,AMBIGUOUS
BH050,59,60,0.6000000834465027,0.0557525976047262,6592,3,5,-14.695467948913574,-15.258103370666504,0.0,13.843737370904805,14.402226554084496,0.5583491131007496,0.0,0.0,AMBIGUOUS,,,,0.5636199376296874,3.452030310958456e-05,355.0,0.0405696522650267,False,False,False,AMBIGUOUS
BH050,59,60,0.6000000834465027,0.0557525976047262,7690,1,1,-14.976880073547363,-15.608139991760254,0.0,13.900014695475823,14.490934207160278,0.5908297576580395,0.0,0.0,AMBIGUOUS,,,,0.6397054206728683,1.5430967268619587e-05,355.0,0.0408195329779162,False,False,False,AMBIGUOUS
BH050,59,60,0.6000000834465027,0.0557525976047262,8803,2,1,-15.50402545928955,-16.729637145996094,0.0,16.618129211638315,16.48063265457477,-0.3006907341773003,0.0,0.0,AMBIGUOUS,,,,2.951757605957975,1.0533548632976867e-05,355.0,0.0464243173368303,False,False,False,AMBIGUOUS
BH050,60,61,0.6100002527236938,0.0584031677636529,5809,3,5,-13.388853073120115,-15.473714828491213,0.0,13.821609367014377,13.722332609387506,-1.879171236375896,0.0,0.0,AMBIGUOUS,,,,7.596234198295812,1.1919179283500405e-05,355.0,0.0386544580546126,False,False,False,AMBIGUOUS
BH050,60,61,0.6100002527236938,0.0584031677636529,8857,1,1,-14.49404525756836,-15.098299026489258,0.0,14.928869700094138,15.170582007834346,0.1241218503527698,0.0,0.0,AMBIGUOUS,,,,1.4838687038706055,1.504567152320536e-05,355.0,0.0427340338248854,False,False,False,AMBIGUOUS
BH050,60,61,0.6100002527236938,0.0584031677636529,7318,1,1,-12.827314376831056,-13.416101455688477,0.0,14.159772217830543,14.800806407353264,0.6409468034532195,0.0,0.0,AMBIGUOUS,,,,0.5963042567456831,0.000160683129506,355.0,0.0416924124150796,False,False,False,AMBIGUOUS
BH050,60,61,0.6100002527236938,0.0584031677636529,7687,4,5,-15.784991264343262,-16.4941463470459,0.0,14.839443541549349,15.50391417326071,0.6642561385945944,0.0,0.0,AMBIGUOUS,,,,0.7164378351016336,0.0001352597701581,355.0,0.0436729976711569,False,False,False,AMBIGUOUS
BH050,60,61,0.6100002527236938,0.0584031677636529,6592,3,5,-15.258103370666504,-16.053861618041992,0.0,14.402226554084496,15.134062846686255,0.7318168842689105,0.0,0.0,AMBIGUOUS,,,,0.8098347964000993,6.351272773148058e-05,355.0,0.0426311629484119,False,False,False,AMBIGUOUS
BH050,60,61,0.6100002527236938,0.0584031677636529,7690,1,1,-15.608139991760254,-16.46114158630371,0.0,14.490934207160278,15.245792413697542,0.7545315034100926,0.0,0.0,AMBIGUOUS,,,,0.8878262167864324,2.5737124368930967e-05,355.0,0.0429458941230916,False,False,False,AMBIGUOUS
BH050,60,61,0.6100002527236938,0.0584031677636529,8803,2,1,-16.729637145996094,-17.401124954223633,0.0,16.48063265457477,17.974228585889858,1.3204790722026705,0.0,0.0,AMBIGUOUS,,,,2.263463957239256,4.153862652948821e-05,355.0,0.050631629819408,False,False,False,AMBIGUOUS
BH050,61,62,0.620000422000885,0.0611097155517319,5809,3,5,-15.473714828491213,-13.657387733459473,1.8163270950317385,13.722332609387506,16.313420936615,-0.8053061608736495,0.0,0.0,AMBIGUOUS,,,,10.838332654650102,3.752155691971997e-06,355.0,0.045953298413,False,False,False,AMBIGUOUS
BH050,61,62,0.620000422000885,0.0611097155517319,8857,1,1,-15.098299026489258,-15.124883651733398,0.0,15.170582007834346,16.98522046027684,1.593135213894047,0.0,0.0,AMBIGUOUS,,,,3.148517830165712,3.971315068203996e-05,355.0,0.0478456914373995,False,False,False,AMBIGUOUS
BH050,61,62,0.620000422000885,0.0611097155517319,7318,1,1,-13.416101455688477,-14.044742584228516,0.0,14.800806407353264,15.486599339331049,0.6856717603417318,0.0,0.0,AMBIGUOUS,,,,0.6376494613670304,9.270938615248424e-05,355.0,0.0436242234910733,False,False,False,AMBIGUOUS
BH050,61,62,0.620000422000885,0.0611097155517319,7687,4,5,-16.4941463470459,-17.240795135498047,0.0,15.50391417326071,16.22842213532067,0.7244481070371674,0.0,0.0,AMBIGUOUS,,,,0.7479401273882771,3.785703630402999e-05,355.0,0.0457138651699173,False,False,False,AMBIGUOUS
BH050,61,62,0.620000422000885,0.0611097155517319,6592,3,5,-16.053861618041992,-16.85022735595703,0.0,15.134062846686255,15.868132878858672,0.7340093528234797,0.0,0.0,AMBIGUOUS,,,,0.8082093211861777,0.0001279398221411,355.0,0.0446989658559399,False,False,False,AMBIGUOUS
BH050,61,62,0.620000422000885,0.0611097155517319,7690,1,1,-16.46114158630371,-17.23841667175293,0.0,15.245792413697542,15.972075758968073,0.7255629496851621,0.0,0.0,AMBIGUOUS,,,,0.7872576636480464,6.264951441961939e-05,355.0,0.0449917627013185,False,False,False,AMBIGUOUS
BH050,61,62,0.620000422000885,0.0611097155517319,8803,2,1,-17.401124954223633,-18.164905548095703,0.0,17.974228585889858,18.12806158061026,0.1036667423494073,0.0,0.0,AMBIGUOUS,,,,1.56563467737276,2.43040295002934e-05,355.0,0.0510649621989021,False,False,False,AMBIGUOUS
BH050,62,63,0.6300005912780762,0.0638930286719754,5809,3,5,-13.657387733459473,-17.134532928466797,0.0,16.313420936615,16.564028674170533,-0.4950198789465989,0.0,0.0,AMBIGUOUS,,,,6.587110494062436,1.347849929924882e-05,355.0,0.0466592357018888,False,False,False,AMBIGUOUS
BH050,62,63,0.6300005912780762,0.0638930286719754,8857,1,1,-15.124883651733398,-15.99937343597412,0.0,16.98522046027684,16.882177868291123,-0.2023831331751542,0.0,0.0,AMBIGUOUS,,,,1.8481976377539189,1.808216393149495e-05,355.0,0.0475554306149045,False,False,False,AMBIGUOUS
BH050,62,63,0.6300005912780762,0.0638930286719754,7318,1,1,-14.044742584228516,-14.644042015075684,0.0,15.486599339331049,16.110246021330312,0.6234920424774384,0.0,0.0,AMBIGUOUS,,,,0.6020237607213469,2.6072412257086044e-05,355.0,0.0453809747079727,False,False,False,AMBIGUOUS
BH050,62,63,0.6300005912780762,0.0638930286719754,7687,4,5,-17.240795135498047,-18.07007598876953,0.0,16.22842213532067,16.97372451401364,0.7448385368607138,0.0,0.0,AMBIGUOUS,,,,0.8539211882891725,0.0001016890844728,355.0,0.0478133084901792,False,False,False,AMBIGUOUS
BH050,62,63,0.6300005912780762,0.0638930286719754,6592,3,5,-16.85022735595703,-17.573850631713867,0.0,15.868132878858672,16.554480319906784,0.6863722364989931,0.0,0.0,AMBIGUOUS,,,,0.7291502528306966,5.1245479196112886e-05,355.0,0.0466323389293148,False,False,False,AMBIGUOUS
BH050,62,63,0.6300005912780762,0.0638930286719754,7690,1,1,-17.23841667175293,-18.021299362182617,0.0,15.972075758968073,16.6972798159234,0.7246278334957957,0.0,0.0,AMBIGUOUS,,,,0.7993053644388207,0.000291117350447,355.0,0.0470345910307701,False,False,False,AMBIGUOUS
BH050,62,63,0.6300005912780762,0.0638930286719754,8803,2,1,-18.164905548095703,-19.673545837402344,0.0,18.12806158061026,18.93283951555499,0.7592163002653334,0.0,0.0,AMBIGUOUS,,,,2.107420418068084,2.9440350781929253e-05,355.0,0.0533319422973379,False,False,False,AMBIGUOUS
BH050,63,64,0.6400007605552673,0.0667981719684228,5809,3,5,-17.134532928466797,-18.86092185974121,0.0,16.564028674170533,16.775498694027,-1.2503922446635434,0.0,0.0,AMBIGUOUS,,,,7.2510352317523346,7.25724421753061e-06,355.0,0.0472549258986676,False,False,False,AMBIGUOUS
BH050,63,64,0.6400007605552673,0.0667981719684228,8857,1,1,-15.99937343597412,-17.240463256835938,0.0,16.882177868291123,18.160141947921726,1.260789996188496,0.0,0.0,AMBIGUOUS,,,,1.3313044293266791,5.457162063717166e-05,355.0,0.0511553294307654,False,False,False,AMBIGUOUS
BH050,63,64,0.6400007605552673,0.0667981719684228,7318,1,1,-14.644042015075684,-15.358882904052734,0.0,16.110246021330312,16.945040837446623,0.8342561751001323,0.0,0.0,AMBIGUOUS,,,,0.7469517933229141,1.1715023469853274e-05,355.0,0.047732509401258,False,False,False,AMBIGUOUS
BH050,63,64,0.6400007605552673,0.0667981719684228,7687,4,5,-18.07007598876953,-18.86710929870605,0.0,16.97372451401364,17.748621139073776,0.7738425140275073,0.0,0.0,AMBIGUOUS,,,,0.8057043000931607,0.0001020428223862,355.0,0.0499961158847148,False,False,False,AMBIGUOUS
BH050,63,64,0.6400007605552673,0.0667981719684228,6592,3,5,-17.573850631713867,-18.415246963500977,0.0,16.554480319906784,17.34318694581205,0.788681756190415,0.0,0.0,AMBIGUOUS,,,,0.8515581780235582,2.0103551111732863e-05,355.0,0.0488540477346818,False,False,False,AMBIGUOUS
BH050,63,64,0.6400007605552673,0.0667981719684228,7690,1,1,-18.021299362182617,-18.740800857543945,0.0,16.6972798159234,17.381496263660228,0.6841128957417036,0.0,0.0,AMBIGUOUS,,,,0.7234049891778813,7.195645491378798e-05,355.0,0.0489619613060851,False,False,False,AMBIGUOUS
BH050,63,64,0.6400007605552673,0.0667981719684228,8803,2,1,-19.673545837402344,-20.49357986450196,0.0,18.93283951555499,20.65202781366904,1.6208720562074077,0.0,0.0,AMBIGUOUS,,,,2.1884725774668885,1.0841738879592598e-05,355.0,0.0581747262356874,False,False,False,AMBIGUOUS
BH050,64,65,0.6500009298324585,0.0697637843711488,5809,3,5,-18.86092185974121,-18.89533233642578,0.0,16.775498694027,16.615193983751052,-0.4060502526244564,0.0,0.0,AMBIGUOUS,,,,1.9440002026868064,1.779457049702791e-05,355.0,0.04680336333451,False,False,False,AMBIGUOUS
BH050,64,65,0.6500009298324585,0.0697637843711488,8857,1,1,-17.240463256835938,-18.481739044189453,0.0,18.160141947921726,18.41517188719008,0.1797514361204242,0.0,0.0,AMBIGUOUS,,,,2.2672495149672844,3.6637126221663365e-05,355.0,0.0518737236258875,False,False,False,AMBIGUOUS
BH050,64,65,0.6500009298324585,0.0697637843711488,7318,1,1,-15.358882904052734,-16.026378631591797,0.0,16.945040837446623,17.661351212660758,0.7153582238614175,0.0,0.0,AMBIGUOUS,,,,0.6821461126973167,0.0001468964987529,355.0,0.0497502851060866,False,False,False,AMBIGUOUS
BH050,64,65,0.6500009298324585,0.0697637843711488,7687,4,5,-18.86710929870605,-19.64580726623535,0.0,17.748621139073776,18.49183081283629,0.7430676862022477,0.0,0.0,AMBIGUOUS,,,,0.7827267607354593,2.0416932023240567e-05,355.0,0.0520896642615106,False,False,False,AMBIGUOUS
BH050,64,65,0.6500009298324585,0.0697637843711488,6592,3,5,-18.415246963500977,-19.21001434326172,0.0,17.34318694581205,18.101703925855936,0.7585158885615794,0.0,0.0,AMBIGUOUS,,,,0.7985937926096779,6.65423026056254e-05,355.0,0.0509907152841012,False,False,False,AMBIGUOUS
BH050,64,65,0.6500009298324585,0.0697637843711488,7690,1,1,-18.740800857543945,-19.57695960998535,0.0,17.381496263660228,18.170643249149126,0.7890791495782166,0.0,0.0,AMBIGUOUS,,,,0.8442893106517614,4.21786733533478e-05,355.0,0.0511849105609834,False,False,False,AMBIGUOUS
BH050,64,65,0.6500009298324585,0.0697637843711488,8803,2,1,-20.49357986450196,-20.77297782897949,0.0,20.65202781366904,21.969788419985097,1.2202276827792329,0.0,0.0,AMBIGUOUS,,,,1.9432554004874216,5.615807583018672e-05,355.0,0.0618867279436199,False,False,False,AMBIGUOUS
BH050,65,66,0.6600010991096497,0.0727784547191266,5809,3,5,-18.89533233642578,-20.199525833129883,0.0,16.615193983751052,18.011597740733134,1.3564876206064354,0.0,0.0,AMBIGUOUS,,,,1.4887818860551312,0.0001209865279956,355.0,0.0507368950443186,False,False,False,AMBIGUOUS
BH050,65,66,0.6600010991096497,0.0727784547191266,8857,1,1,-18.481739044189453,-19.47171401977539,0.0,18.41517188719008,19.61160691585053,1.1611191440364983,0.0,0.0,AMBIGUOUS,,,,1.238713757040901,4.9915249104205104e-05,355.0,0.0552439631432409,False,False,False,AMBIGUOUS
BH050,65,66,0.6600010991096497,0.0727784547191266,7318,1,1,-16.026378631591797,-16.684587478637695,0.0,17.661351212660758,18.42532649384518,0.763602938401654,0.0,0.0,AMBIGUOUS,,,,0.6853722929028313,8.489840218494604e-05,355.0,0.0519023281516765,False,False,False,AMBIGUOUS
BH050,65,66,0.6600010991096497,0.0727784547191266,7687,4,5,-19.64580726623535,-20.50201416015625,0.0,18.49183081283629,19.312771017249084,0.8208580893800823,0.0,0.0,AMBIGUOUS,,,,0.8612914382608997,0.0001249287975964,355.0,0.0544021718795748,False,False,False,AMBIGUOUS
BH050,65,66,0.6600010991096497,0.0727784547191266,6592,3,5,-19.21001434326172,-20.035160064697266,0.0,18.101703925855936,18.87324298651485,0.771569288420767,0.0,0.0,AMBIGUOUS,,,,0.8364783863204324,7.920533962978118e-05,355.0,0.053164064750746,False,False,False,AMBIGUOUS
BH050,65,66,0.6600010991096497,0.0727784547191266,7690,1,1,-19.57695960998535,-20.523218154907227,0.0,18.170643249149126,19.040234827573705,0.8695145627684129,0.0,0.0,AMBIGUOUS,,,,0.9629039835033094,2.548809714140128e-05,355.0,0.0536344643030245,False,False,False,AMBIGUOUS
BH050,65,66,0.6600010991096497,0.0727784547191266,8803,2,1,-20.77297782897949,-22.61107063293457,0.0,21.969788419985097,21.68427222960598,-0.6122904920685972,0.0,0.0,AMBIGUOUS,,,,4.736089042200232,1.144819593046368e-05,355.0,0.0610824569848055,False,False,False,AMBIGUOUS
BH050,66,67,0.6700012683868408,0.0759118025690703,5809,3,5,-20.199525833129883,-18.77545738220215,1.4240684509277344,18.011597740733134,19.23165200293603,0.0773969165521716,0.0,0.0,AMBIGUOUS,,,,7.170428271421357,1.1153783195472465e-05,355.0,0.0541736676139043,False,False,False,AMBIGUOUS
BH050,66,67,0.6700012683868408,0.0759118025690703,8857,1,1,-19.47171401977539,-19.874401092529297,0.0,19.61160691585053,20.0900836820799,0.4476621329309331,0.0,0.0,AMBIGUOUS,,,,0.8023458104563589,2.426073208189942e-05,355.0,0.0565917850199433,False,False,False,AMBIGUOUS
BH050,66,67,0.6700012683868408,0.0759118025690703,7318,1,1,-16.684587478637695,-17.342304229736328,0.0,18.42532649384518,19.16851677340068,0.7430749480810228,0.0,0.0,AMBIGUOUS,,,,0.6756828926833167,5.985700011958014e-05,355.0,0.0539958218969033,False,False,False,AMBIGUOUS
BH050,66,67,0.6700012683868408,0.0759118025690703,7687,4,5,-20.50201416015625,-21.506010055541992,0.0,19.312771017249084,20.190340719944366,0.8769344925899185,0.0,0.0,AMBIGUOUS,,,,1.0492359429410614,6.214963954725644e-06,355.0,0.0568741992111108,False,False,False,AMBIGUOUS
BH050,66,67,0.6700012683868408,0.0759118025690703,6592,3,5,-20.035160064697266,-20.941898345947266,0.0,18.87324298651485,19.729735406684828,0.8563250458269069,0.0,0.0,AMBIGUOUS,,,,0.9168510325740802,0.0001658826106053,355.0,0.0555767194554502,False,False,False,AMBIGUOUS
BH050,66,67,0.6700012683868408,0.0759118025690703,7690,1,1,-20.523218154907227,-21.32125473022461,0.0,19.040234827573705,19.78278428845229,0.7426018472248511,0.0,0.0,AMBIGUOUS,,,,0.8090622059613143,8.391461961252943e-05,355.0,0.0557261529252177,False,False,False,AMBIGUOUS
BH050,66,67,0.6700012683868408,0.0759118025690703,8803,2,1,-22.61107063293457,-22.17161750793457,0.439453125,21.68427222960598,23.900742989305467,1.7036861647343202,0.0,0.0,AMBIGUOUS,,,,5.408106773449569,1.2144329971288528e-05,355.0,0.0673260365895928,False,False,False,AMBIGUOUS
BH050,67,68,0.680001437664032,0.0790502520615079,5809,3,5,-18.77545738220215,-20.55143547058105,0.0,19.23165200293603,19.523560316657186,-0.0873909932396757,0.0,0.0,AMBIGUOUS,,,,4.108320013732825,8.70996104648506e-06,355.0,0.0549959445539639,False,False,False,AMBIGUOUS
BH050,67,68,0.680001437664032,0.0790502520615079,8857,1,1,-19.874401092529297,-19.9295597076416,0.0,20.0900836820799,21.689286977587493,1.4711756798607216,0.0,0.0,AMBIGUOUS,,,,2.720826819682518,3.386888461374257e-05,355.0,0.0610965830354577,False,False,False,AMBIGUOUS
BH050,67,68,0.680001437664032,0.0790502520615079,7318,1,1,-17.342304229736328,-18.175331115722656,0.0,19.16851677340068,20.085652414740863,0.9169462957223466,0.0,0.0,AMBIGUOUS,,,,0.8474424300377321,5.057338365765394e-05,355.0,0.0565793025767348,False,False,False,AMBIGUOUS
BH050,67,68,0.680001437664032,0.0790502520615079,7687,4,5,-21.506010055541992,-22.289325714111328,0.0,20.190340719944366,20.95726203856884,0.766893513689561,0.0,0.0,AMBIGUOUS,,,,0.784005089792274,0.0001617311202233,355.0,0.059034540953715,False,False,False,AMBIGUOUS
BH050,67,68,0.680001437664032,0.0790502520615079,6592,3,5,-20.941898345947266,-21.77409172058105,0.0,19.729735406684828,20.50273562102492,0.7730249169061171,0.0,0.0,AMBIGUOUS,,,,0.8437755246766782,7.076467950757751e-05,355.0,0.0577541848479575,False,False,False,AMBIGUOUS
BH050,67,68,0.680001437664032,0.0790502520615079,7690,1,1,-21.32125473022461,-22.26790237426757,0.0,19.78278428845229,20.647687196507928,0.8647142917441073,0.0,0.0,AMBIGUOUS,,,,0.9660473159393378,1.720404592715689e-05,355.0,0.0581624991450927,False,False,False,AMBIGUOUS
BH050,67,68,0.680001437664032,0.0790502520615079,8803,2,1,-22.17161750793457,-22.841459274291992,0.0,23.900742989305467,25.828801225583312,1.8344620848805944,0.0,0.0,AMBIGUOUS,,,,2.38285882251351,1.99295034193651e-05,355.0,0.0727571865509389,False,False,False,AMBIGUOUS
BH050,68,69,0.6900001168251038,0.0823741192725606,5809,3,5,-20.55143547058105,-21.45382499694824,0.0,19.523560316657186,19.97931040479813,0.1615489753614383,0.0,0.0,AMBIGUOUS,,,,2.2958829281121806,2.103599783254954e-05,355.0,0.0562797476191496,False,False,False,AMBIGUOUS
BH050,68,69,0.6900001168251038,0.0823741192725606,8857,1,1,-19.9295597076416,-22.688426971435547,0.0,21.689286977587493,21.381319802438195,-0.9590969318077464,0.0,0.0,AMBIGUOUS,,,,6.574385835732617,6.888897130404178e-06,355.0,0.060229069866023,False,False,False,AMBIGUOUS
BH050,68,69,0.6900001168251038,0.0823741192725606,7318,1,1,-18.175331115722656,-18.94169044494629,0.0,20.085652414740863,20.93052506594496,0.8447284571622938,0.0,0.0,AMBIGUOUS,,,,0.7792123927039011,0.0001563554142162,355.0,0.0589592255378731,False,False,False,AMBIGUOUS
BH050,68,69,0.6900001168251038,0.0823741192725606,7687,4,5,-22.289325714111328,-23.27510070800781,0.0,20.95726203856884,21.87887245336306,0.9216386751288472,0.0,0.0,AMBIGUOUS,,,,0.9966256238222432,3.0420264489693893e-05,355.0,0.0616306266291917,False,False,False,AMBIGUOUS
BH050,68,69,0.6900001168251038,0.0823741192725606,6592,3,5,-21.77409172058105,-22.665950775146484,0.0,20.50273562102492,21.339435170693285,0.8365840939616307,0.0,0.0,AMBIGUOUS,,,,0.9016641117351806,0.0001477818360701,355.0,0.0601110849878684,False,False,False,AMBIGUOUS
BH050,68,69,0.6900001168251038,0.0823741192725606,7690,1,1,-22.26790237426757,-23.09410095214844,0.0,20.647687196507928,21.426906390899195,0.7791036184539448,0.0,0.0,AMBIGUOUS,,,,0.8324253924048076,9.875336245072692e-05,355.0,0.0603574827912653,False,False,False,AMBIGUOUS
BH050,68,69,0.6900001168251038,0.0823741192725606,8803,2,1,-22.841459274291992,-24.167953491210938,0.0,25.828801225583312,26.394805194846835,0.5129495452771603,0.0,0.0,AMBIGUOUS,,,,1.9663785916236904,1.1988440310966042e-05,355.0,0.074351563929146,False,False,False,AMBIGUOUS
BH050,69,70,0.7000002861022949,0.0856852698326842,5809,3,5,-21.45382499694824,-23.92026138305664,0.0,19.97931040479813,21.487882952911328,1.3321880685061351,0.0,0.0,AMBIGUOUS,,,,4.0662165911868025,2.6499880239754924e-05,355.0,0.0605292477546798,False,False,False,AMBIGUOUS
BH050,69,70,0.7000002861022949,0.0856852698326842,8857,1,1,-22.688426971435547,-21.408382415771484,1.2800445556640625,21.381319802438195,23.48784251731186,1.342561488458346,0.0,0.0,AMBIGUOUS,,,,6.709596684648497,1.2580559460239852e-05,355.0,0.0661629366684841,False,False,False,AMBIGUOUS
BH050,69,70,0.7000002861022949,0.0856852698326842,7318,1,1,-18.94169044494629,-19.651865005493164,0.0,20.93052506594496,21.73016705672206,0.7996573817332725,0.0,0.0,AMBIGUOUS,,,,0.727182133170675,4.321350026035218e-05,355.0,0.0612117381879494,False,False,False,AMBIGUOUS
BH050,69,70,0.7000002861022949,0.0856852698326842,7687,4,5,-23.27510070800781,-24.152368545532227,0.0,21.87887245336306,22.70320299767901,0.8243370510897589,0.0,0.0,AMBIGUOUS,,,,0.8858897860910332,5.180496040299746e-05,355.0,0.0639526845005042,False,False,False,AMBIGUOUS
BH050,69,70,0.7000002861022949,0.0856852698326842,6592,3,5,-22.665950775146484,-23.63833808898925,0.0,21.339435170693285,22.23605852625686,0.8963023889814743,0.0,0.0,AMBIGUOUS,,,,0.986053084325032,7.299572309136299e-05,355.0,0.0626367845810052,False,False,False,AMBIGUOUS
BH050,69,70,0.7000002861022949,0.0856852698326842,7690,1,1,-23.09410095214844,-24.045499801635746,0.0,21.426906390899195,22.310829413151744,0.883954233423735,0.0,0.0,AMBIGUOUS,,,,0.9653963799903802,9.260140725927627e-05,355.0,0.0628474067976105,False,False,False,AMBIGUOUS
BH050,69,70,0.7000002861022949,0.0856852698326842,8803,2,1,-24.167953491210938,-26.54280471801757,0.0,26.394805194846835,25.84096114826669,-0.99769431408576,0.0,0.0,AMBIGUOUS,,,,6.072705557938892,6.564579697938132e-06,355.0,0.0727914398542723,False,False,False,AMBIGUOUS
BH050,70,71,0.7100004553794861,0.0891246909216921,5809,3,5,-23.92026138305664,-22.847412109375,1.0728492736816406,21.487882952911328,21.72536646060004,-0.2920880093005485,0.0,0.0,AMBIGUOUS,,,,4.621189635586189,7.074277943568856e-06,355.0,0.0611982153819719,False,False,False,AMBIGUOUS
BH050,70,71,0.7100004553794861,0.0891246909216921,8857,1,1,-21.408382415771484,-23.04897117614746,0.0,23.48784251731186,23.509829861801872,-0.1303521316666712,0.0,0.0,AMBIGUOUS,,,,3.420435680836203,4.9870941190911085e-05,355.0,0.0662248728501461,False,False,False,AMBIGUOUS
BH050,70,71,0.7100004553794861,0.0891246909216921,7318,1,1,-19.651865005493164,-20.463626861572266,0.0,21.73016705672206,22.626441002289777,0.8962355693447964,0.0,0.0,AMBIGUOUS,,,,0.8266307643223182,0.0001201802314051,355.0,0.0637364535275768,False,False,False,AMBIGUOUS
BH050,70,71,0.7100004553794861,0.0891246909216921,7687,4,5,-24.152368545532227,-25.21816635131836,0.0,22.70320299767901,23.693047193589493,0.9896207342433702,0.0,0.0,AMBIGUOUS,,,,1.079981612139003,4.241837083715504e-05,355.0,0.0667409780101112,False,False,False,AMBIGUOUS
BH050,70,71,0.7100004553794861,0.0891246909216921,6592,3,5,-23.63833808898925,-24.605148315429688,0.0,22.23605852625686,23.17263537974466,0.936079071830404,0.0,0.0,AMBIGUOUS,,,,0.9803253224704762,0.0001551922285381,355.0,0.0652750292387173,False,False,False,AMBIGUOUS
BH050,70,71,0.7100004553794861,0.0891246909216921,7690,1,1,-24.045499801635746,-25.06138038635254,0.0,22.310829413151744,23.242318190225543,0.9314158468645192,0.0,0.0,AMBIGUOUS,,,,1.035381235857866,5.43610067998939e-05,355.0,0.0654713188457057,False,False,False,AMBIGUOUS
BH050,70,71,0.7100004553794861,0.0891246909216921,8803,2,1,-26.54280471801757,-26.676464080810547,0.0,25.84096114826669,27.2824260477935,1.3393764458247712,0.0,0.0,AMBIGUOUS,,,,2.596216855408723,4.041760974026424e-05,355.0,0.0768519043599817,False,False,False,AMBIGUOUS
BH050,71,72,0.7200006246566772,0.0926130192050682,5809,3,5,-22.847412109375,-24.30697250366211,0.0,21.72536646060004,22.21768023648292,0.3785482920559305,0.0,0.0,AMBIGUOUS,,,,3.000354746470709,5.464954507744864e-06,355.0,0.0625850147506561,False,False,False,AMBIGUOUS
BH050,71,72,0.7200006246566772,0.0926130192050682,8857,1,1,-23.04897117614746,-23.520544052124023,0.0,23.509829861801872,24.53735383579146,1.0116126356034525,0.0,0.0,AMBIGUOUS,,,,1.1428572812914195,0.0001257745848217,355.0,0.0691193065796942,False,False,False,AMBIGUOUS
BH050,71,72,0.7200006246566772,0.0926130192050682,7318,1,1,-20.463626861572266,-21.206010818481445,0.0,22.626441002289777,23.472519469122883,0.8460016856438191,0.0,0.0,AMBIGUOUS,,,,0.764349230352626,6.284147690901864e-05,355.0,0.0661197731524588,False,False,False,AMBIGUOUS
