case,frame_start,frame_end,time_end_s,P_end_over_Pu,element,integration_point,section_point,sigma_y_start_MPa,sigma_y_end_MPa,abs_sigma_y_drop_MPa,sigma_VM_start_MPa,sigma_VM_end_MPa,eta_MPa,delta_PEEQ,delta_PE_tensor_norm,classification,d_s_raw,d_s_clipped,unloading_residual,delta_sigma_norm_MPa,original_Cs_increment_residual,current_isotropic_yield_MPa,sigma_VM_over_current_yield,confirmed_prior_yield,spatially_supported_unloading,qualified_scalar_stiffness,drop_audit_class
BH032,357,358,3.580000162124634,0.4939117133404407,3944,2,5,-3.3012733459472656,-3.0458180904388428,0.2554552555084228,171.89743080775293,171.06805014553638,-0.8311058002299478,0.0,0.0,TRUE_ELASTIC_UNLOADING,0.0003434148342257,0.0003434148342257,0.0004253087959555,0.6809663518199378,0.0005467196261159,355.0,0.4818818313958771,True,True,False,TRUE_ELASTIC_UNLOADING
BH032,357,358,3.580000162124634,0.4939117133404407,3536,1,5,-281.6933898925781,-282.6147766113281,0.0,247.920650860492,248.76885705060488,0.8478050767640848,0.0,0.0,ELASTIC_RELOADING,,,,1.192843707861784,0.0003555157259642,355.0,0.7007573438045208,True,False,False,ELASTIC_RELOADING
BH032,357,358,3.580000162124634,0.4939117133404407,5009,3,5,-339.0732421875,-329.22491455078125,9.84832763671875,413.26217895535984,388.9368477997044,634.8487492302007,0.0047633647918701,0.0041724605585404,CONTINUED_PLASTIC_LOADING,,,,154.27752164932227,4.489841394750174,490.0,0.7937486689789887,True,False,False,CONTINUED_PLASTIC_LOADING_WITH_COMPONENT_DROP
BH032,357,358,3.580000162124634,0.4939117133404407,4371,1,1,-223.24069213867188,-222.65977478027344,0.5809173583984375,352.02603008890816,350.97980625815416,-1.053637806835745,0.0,0.0,TRUE_ELASTIC_UNLOADING,-0.0011120134979512,0.0,0.0019343914602142,1.8639776363471985,0.002230626391559,355.0,0.9886755105863496,True,True,True,TRUE_ELASTIC_UNLOADING
BH032,357,358,3.580000162124634,0.4939117133404407,3944,1,1,-107.11976623535156,-106.83768463134766,0.2820816040039062,140.17057424124755,139.98835984653104,-0.1823632097012969,0.0,0.0,TRUE_ELASTIC_UNLOADING,0.0015424459020719,0.0015424459020719,0.0023820170480932,0.3097974519777365,0.002839099728558,355.0,0.3943334080183973,True,True,False,TRUE_ELASTIC_UNLOADING
BH032,357,358,3.580000162124634,0.4939117133404407,3562,1,1,76.07052612304688,77.07811737060547,0.0,354.9999971907444,354.99155071872764,4.015046659801932,2.01142393052578e-05,2.101200843149912e-05,CONTINUED_PLASTIC_LOADING,,,,1.0824803492918869,3.724144553390732,355.0,0.9999761992076834,True,False,False,CONTINUED_PLASTIC_LOADING
BH032,358,359,3.590000629425049,0.4928218995083119,3023,2,1,-146.39022827148438,-145.87669372558594,0.5135345458984375,152.9466405171676,152.57478675402777,-0.3739967235925049,0.0,0.0,TRUE_ELASTIC_UNLOADING,0.0019527374416374,0.0019527374416374,0.0011651207894397,0.567165611080315,0.002277195811953,355.0,0.4297881317014866,True,True,False,TRUE_ELASTIC_UNLOADING
BH032,358,359,3.590000629425049,0.4928218995083119,3944,2,5,-3.0458180904388428,-5.147436141967773,0.0,171.06805014553638,170.46435039718764,-0.6160041977567624,0.0,0.0,TRUE_ELASTIC_UNLOADING,6.405032731082727e-06,6.405032731082727e-06,3.6174885551648513e-05,2.854067763803052,3.673754560746469e-05,355.0,0.4801812687244722,True,True,True,TRUE_ELASTIC_UNLOADING
BH032,358,359,3.590000629425049,0.4928218995083119,3536,1,5,-282.6147766113281,-281.2724914550781,1.34228515625,248.76885705060488,247.7744909518252,-1.0000433037867116,0.0,0.0,TRUE_ELASTIC_UNLOADING,0.0026238315250707,0.0026238315250707,0.0011278797115571,1.418100103595228,0.0028623182737986,355.0,0.6979563125403526,True,True,True,TRUE_ELASTIC_UNLOADING
BH032,358,359,3.590000629425049,0.4928218995083119,5009,3,5,-329.22491455078125,-308.2107849121094,21.014129638671875,388.9368477997044,377.8786919452721,683.2504931618957,0.0047055482864379,0.0041473042548437,CONTINUED_PLASTIC_LOADING_WITH_COMPONENT_DROP,,,,140.0392506461107,4.914031319004195,490.0,0.7711810039699432,True,False,False,CONTINUED_PLASTIC_LOADING_WITH_COMPONENT_DROP
BH032,358,359,3.590000629425049,0.4928218995083119,4371,1,1,-222.65977478027344,-222.29217529296875,0.3675994873046875,350.97980625815416,352.876325533816,2.7009808172230567,4.981644451618195e-06,4.259878855850908e-06,CONTINUED_PLASTIC_LOADING,,,,3.0505282312568007,0.3362600239179436,355.0,0.9940178184051156,True,False,False,CONTINUED_PLASTIC_LOADING
BH032,358,359,3.590000629425049,0.4928218995083119,3944,1,1,-106.83768463134766,-104.41935729980467,2.4183273315429688,139.98835984653104,138.75370783082522,-1.2453664139750389,0.0,0.0,TRUE_ELASTIC_UNLOADING,0.0001119370938594,0.0001119370938594,0.0002139491049644,2.8583733307353296,0.0002414682961942,355.0,0.3908555150164091,True,True,True,TRUE_ELASTIC_UNLOADING
BH032,358,359,3.590000629425049,0.4928218995083119,3562,1,1,77.07811737060547,78.73757934570312,0.0,354.99155071872764,354.9999705769704,3.334810755901564,1.66427344083786e-05,1.7336958831636557e-05,CONTINUED_PLASTIC_LOADING,,,,1.753894772402169,1.90426044779286,355.0,0.9999999171182264,True,False,False,CONTINUED_PLASTIC_LOADING
BH032,359,360,3.5999999046325684,0.4919279780710893,3023,2,1,-145.87669372558594,-145.1032257080078,0.773468017578125,152.57478675402777,151.80562739558627,-0.7688476850047584,0.0,0.0,TRUE_ELASTIC_UNLOADING,-0.0003912699069232,0.0,4.117141195805019e-05,0.7921324473725011,0.0003932778723064,355.0,0.4276214856213697,True,True,False,TRUE_ELASTIC_UNLOADING
BH032,359,360,3.5999999046325684,0.4919279780710893,3944,2,5,-5.147436141967773,-4.009133338928223,1.1383028030395508,170.46435039718764,170.53496949686118,0.0614939869364415,0.0,0.0,ELASTIC_RELOADING,,,,2.306434119680322,6.01686973105388e-05,355.0,0.4803801957658061,True,False,False,ELASTIC_RELOADING
BH032,359,360,3.5999999046325684,0.4919279780710893,3536,1,5,-281.2724914550781,-280.744873046875,0.527618408203125,247.7744909518252,247.27579302055508,-0.4977566407959558,0.0,0.0,TRUE_ELASTIC_UNLOADING,-0.0026991134217617,0.0,0.0022744618944414,0.7134997501665526,0.0035240862944302,355.0,0.6965515296353665,True,False,False,TRUE_ELASTIC_UNLOADING
BH032,359,360,3.5999999046325684,0.4919279780710893,5009,3,5,-308.2107849121094,-327.1545104980469,0.0,377.8786919452721,475.37323750609545,784.2898129421083,0.0044232010841369,0.0039072090030744,CONTINUED_PLASTIC_LOADING,,,,96.64160013456669,6.707087065385164,490.0,0.970149464298154,True,False,False,CONTINUED_PLASTIC_LOADING
BH032,359,360,3.5999999046325684,0.4919279780710893,4371,1,1,-222.29217529296875,-221.77330017089844,0.5188751220703125,352.876325533816,352.0632711854098,-0.8100684506753797,0.0,0.0,TRUE_ELASTIC_UNLOADING,-0.0067234139878034,0.0,0.0062016518428416,1.0587069946991394,0.009113796520264,355.0,0.9917275244659433,True,True,True,TRUE_ELASTIC_UNLOADING
BH032,359,360,3.5999999046325684,0.4919279780710893,3944,1,1,-104.41935729980467,-105.48963165283205,0.0,138.75370783082522,138.57345847894027,-0.1960911667184124,0.0,0.0,TRUE_ELASTIC_UNLOADING,-0.000148244556025,0.0,7.182477892977804e-05,2.6137735102161197,0.0001647080161411,355.0,0.390347770363212,True,True,True,TRUE_ELASTIC_UNLOADING
BH032,359,360,3.5999999046325684,0.4919279780710893,3562,1,1,78.73757934570312,79.91828918457031,0.0,354.9999705769704,355.0000133471278,2.8607058437625343,1.437729224562645e-05,1.4936643005614588e-05,CONTINUED_PLASTIC_LOADING,,,,1.2563009113701102,2.289123127510578,355.0,1.000000037597543,True,False,False,CONTINUED_PLASTIC_LOADING
BH032,360,361,3.610000371932984,0.4909072459400522,3023,2,1,-145.1032257080078,-144.55552673339844,0.547698974609375,151.80562739558627,151.58152052452388,-0.2248268903667668,0.0,0.0,TRUE_ELASTIC_UNLOADING,-0.0002728253375714,0.0,0.0006794500507957,0.6761800462585753,0.000732151226609,355.0,0.4269901986606306,True,True,False,TRUE_ELASTIC_UNLOADING
BH032,360,361,3.610000371932984,0.4909072459400522,3944,2,5,-4.009133338928223,-3.273865461349488,0.7352678775787354,170.53496949686118,170.5696966006204,0.0269709084667832,0.0,0.0,ELASTIC_RELOADING,,,,1.3499431502809685,0.0001324698600751,355.0,0.4804780185932969,True,False,False,ELASTIC_RELOADING
BH032,360,361,3.610000371932984,0.4909072459400522,3536,1,5,-280.744873046875,-281.50885009765625,0.0,247.27579302055508,247.9008842419749,0.6213942052937012,0.0,0.0,ELASTIC_RELOADING,,,,0.9802793792400234,0.0036535655614488,355.0,0.6983123499773941,True,False,False,ELASTIC_RELOADING
BH032,360,361,3.610000371932984,0.4909072459400522,5009,3,5,-327.1545104980469,-329.548095703125,0.0,475.37323750609545,473.8919770509766,246.7006673438907,0.0045745968818664,0.0040339724691285,CONTINUED_PLASTIC_LOADING,,,,338.389995572043,1.9779960082525276,490.0,0.9671264837775032,True,False,False,CONTINUED_PLASTIC_LOADING
BH032,360,361,3.610000371932984,0.4909072459400522,4371,1,1,-221.77330017089844,-221.41346740722656,0.359832763671875,352.0632711854098,352.60065562869323,0.5346446937877037,0.0,0.0,ELASTIC_RELOADING,,,,0.8475553923248969,0.0015904512851959,355.0,0.9932412834611076,True,False,False,ELASTIC_RELOADING
BH032,360,361,3.610000371932984,0.4909072459400522,3944,1,1,-105.48963165283205,-104.81472778320312,0.6749038696289062,138.57345847894027,138.97733197837334,0.3850222225697216,0.0,0.0,ELASTIC_RELOADING,,,,2.605346967927876,4.30132167369692e-05,355.0,0.3914854421926009,True,False,False,ELASTIC_RELOADING
BH032,360,361,3.610000371932984,0.4909072459400522,3562,1,1,79.91828918457031,81.47077178955078,0.0,355.0000133471278,354.9554921853521,3.3429759200033207,1.6999896615743637e-05,1.7665463561762213e-05,CONTINUED_PLASTIC_LOADING,,,,1.6221914387722514,2.1035018199448863,355.0,0.9998746258742311,True,False,False,CONTINUED_PLASTIC_LOADING
BH032,361,362,3.6200008392333984,0.489868447356376,3023,2,1,-144.55552673339844,-143.98626708984375,0.5692596435546875,151.58152052452388,151.14579443652931,-0.437933461479171,0.0,0.0,TRUE_ELASTIC_UNLOADING,0.0004235838737522,0.0004235838737522,0.0006028207737729,0.6760790137716134,0.0007368637694719,355.0,0.42576280122966,True,True,False,TRUE_ELASTIC_UNLOADING
BH032,361,362,3.6200008392333984,0.489868447356376,3944,2,5,-3.273865461349488,-2.839972972869873,0.4338924884796142,170.5696966006204,170.6728805800105,0.0970124249441288,0.0,0.0,ELASTIC_RELOADING,,,,1.7277088487907026,0.0001814319315995,355.0,0.4807686776901704,True,False,False,ELASTIC_RELOADING
BH032,361,362,3.6200008392333984,0.489868447356376,3536,1,5,-281.50885009765625,-281.2879638671875,0.22088623046875,247.9008842419749,247.8847696419701,-0.0259860214916028,0.0,0.0,AMBIGUOUS,,,,0.9892146093581166,0.0053760590438551,355.0,0.6982669567379439,True,False,False,AMBIGUOUS
BH032,361,362,3.6200008392333984,0.489868447356376,5009,3,5,-329.548095703125,-316.64111328125,12.906982421875,473.8919770509766,489.9999776091051,623.8523684505624,0.0044959783554077,0.0039947000365025,CONTINUED_PLASTIC_LOADING,,,,25.74915535481317,25.74899351667908,490.0,0.999999954304296,True,False,False,CONTINUED_PLASTIC_LOADING_WITH_COMPONENT_DROP
BH032,361,362,3.6200008392333984,0.489868447356376,4371,1,1,-221.41346740722656,-220.3126373291016,1.100830078125,352.60065562869323,351.9411995405713,-0.1555523795296539,3.032386302947998e-06,2.593965381332983e-06,CONTINUED_PLASTIC_LOADING,,,,1.3401023850464366,0.4642315129670182,355.0,0.9913836606776656,True,False,False,CONTINUED_PLASTIC_LOADING_WITH_COMPONENT_DROP
BH032,361,362,3.6200008392333984,0.489868447356376,3944,1,1,-104.81472778320312,-104.96844482421876,0.0,138.97733197837334,137.87419160089047,-1.1116042123137322,0.0,0.0,TRUE_ELASTIC_UNLOADING,0.0001673761657424,0.0001673761657424,0.0008888209972011,2.0878840110249675,0.0009044484054019,355.0,0.3883780045095506,True,True,True,TRUE_ELASTIC_UNLOADING
BH032,361,362,3.6200008392333984,0.489868447356376,3562,1,1,81.47077178955078,82.84541320800781,0.0,354.9554921853521,354.9409254534985,2.730614521429422,1.3828277587890623e-05,1.434321729370573e-05,CONTINUED_PLASTIC_LOADING,,,,1.437996820588058,1.926770128192942,355.0,0.9998335928267564,True,False,False,CONTINUED_PLASTIC_LOADING
BH032,362,363,3.630000114440918,0.4887427043172695,3023,2,1,-143.98626708984375,-143.72335815429688,0.262908935546875,151.14579443652931,151.11562015493627,-0.0299167291777699,0.0,0.0,AMBIGUOUS,,,,0.3910040690011082,0.0027900695338433,355.0,0.4256778032533416,True,False,False,AMBIGUOUS
BH032,362,363,3.630000114440918,0.4887427043172695,3944,2,5,-2.839972972869873,-4.387709617614746,0.0,170.6728805800105,169.35277422784824,-1.3309989427874225,0.0,0.0,TRUE_ELASTIC_UNLOADING,-2.88559185075421e-05,0.0,2.032327470901352e-05,2.670756151395774,3.529378802179912e-05,355.0,0.4770500682474598,True,True,True,TRUE_ELASTIC_UNLOADING
BH032,362,363,3.630000114440918,0.4887427043172695,3536,1,5,-281.2879638671875,-279.7668151855469,1.521148681640625,247.8847696419701,246.73818049398923,-1.14903159569695,0.0,0.0,TRUE_ELASTIC_UNLOADING,-0.0001368844467235,0.0,0.0002143818974589,1.5340679824915695,0.0002543458732128,355.0,0.6950371281520823,True,True,True,TRUE_ELASTIC_UNLOADING
BH032,362,363,3.630000114440918,0.4887427043172695,5009,3,5,-316.64111328125,-335.2596740722656,0.0,489.9999776091051,397.46876956997016,254.3318118498803,0.0042215585708618,0.0037601894923628,CONTINUED_PLASTIC_LOADING,,,,255.4712270809416,2.443239404496265,490.0,0.8111607542244289,True,False,False,CONTINUED_PLASTIC_LOADING
BH032,362,363,3.630000114440918,0.4887427043172695,4371,1,1,-220.3126373291016,-220.08827209472656,0.224365234375,351.9411995405713,352.46662827804954,0.5213922779305317,0.0,0.0,ELASTIC_RELOADING,,,,0.8781152721261749,0.0030289672312588,355.0,0.9928637416283086,True,False,False,ELASTIC_RELOADING
BH032,362,363,3.630000114440918,0.4887427043172695,3944,1,1,-104.96844482421876,-103.64244079589844,1.3260040283203125,137.87419160089047,137.44802249016752,-0.4306796032474709,0.0,0.0,TRUE_ELASTIC_UNLOADING,-0.0006406946698429,0.0,0.000126941077946,1.595246967512471,0.0006527466428193,355.0,0.3871775281413169,True,True,True,TRUE_ELASTIC_UNLOADING
BH032,362,363,3.630000114440918,0.4887427043172695,3562,1,1,82.84541320800781,84.27490234375,0.0,354.9409254534985,354.9862282258948,2.1914972698818787,1.0860618203878404e-05,1.1252443322592129e-05,CONTINUED_PLASTIC_LOADING,,,,1.5152908982673494,1.4323807325403266,355.0,0.9999612062701264,True,False,False,CONTINUED_PLASTIC_LOADING
BH032,363,364,3.640000581741333,0.4879357476884089,3023,2,1,-143.72335815429688,-142.93310546875,0.790252685546875,151.11562015493627,150.43511111579284,-0.6817903745364431,0.0,0.0,TRUE_ELASTIC_UNLOADING,0.0012418586012015,0.0012418586012015,0.0001660747451428,0.7944389564019112,0.001254444545346,355.0,0.423760876382515,True,True,False,TRUE_ELASTIC_UNLOADING
BH032,363,364,3.640000581741333,0.4879357476884089,3944,2,5,-4.387709617614746,-4.486953258514404,0.0,169.35277422784824,169.6393088901343,0.2859448091887893,0.0,0.0,ELASTIC_RELOADING,,,,0.2385528048683884,0.0011416015908642,355.0,0.4778572081412233,True,False,False,ELASTIC_RELOADING
BH032,363,364,3.640000581741333,0.4879357476884089,3536,1,5,-279.7668151855469,-278.9247436523437,0.842071533203125,246.73818049398923,246.06621569265323,-0.6725973496299452,0.0,0.0,TRUE_ELASTIC_UNLOADING,-0.0006097506427036,0.0,0.0018622873690224,1.1562159757092796,0.0019594529324358,355.0,0.6931442695567697,True,True,True,TRUE_ELASTIC_UNLOADING
BH032,363,364,3.640000581741333,0.4879357476884089,5009,3,5,-335.2596740722656,-318.7742004394531,16.4854736328125,397.46876956997016,413.7518383243736,628.7854326733196,0.0044398307800292,0.0039592818759735,CONTINUED_PLASTIC_LOADING,,,,179.3001138161591,3.665501732918808,490.0,0.8443915067844359,True,False,False,CONTINUED_PLASTIC_LOADING_WITH_COMPONENT_DROP
BH032,363,364,3.640000581741333,0.4879357476884089,4371,1,1,-220.08827209472656,-219.78717041015625,0.3011016845703125,352.46662827804954,352.5424173783339,0.4603504861272142,2.3012980818748474e-06,1.972053730841681e-06,CONTINUED_PLASTIC_LOADING,,,,0.6112690070004656,0.7774137072706633,355.0,0.9930772320516448,True,False,False,CONTINUED_PLASTIC_LOADING
BH032,363,364,3.640000581741333,0.4879357476884089,3944,1,1,-103.64244079589844,-102.47577667236328,1.1666641235351562,137.44802249016752,136.82514677233084,-0.6267213813183723,0.0,0.0,TRUE_ELASTIC_UNLOADING,0.0007408329508602,0.0007408329508602,0.0002287871991206,1.5079938727715598,0.0007758808480995,355.0,0.3854229486544531,True,True,True,TRUE_ELASTIC_UNLOADING
BH032,363,364,3.640000581741333,0.4879357476884089,3562,1,1,84.27490234375,84.38924407958984,0.0,354.9862282258948,354.80483408318054,2.2175890122533786,1.2055039405822754e-05,1.2477523581777189e-05,CONTINUED_PLASTIC_LOADING,,,,0.2705292664231685,8.977390231247997,355.0,0.9994502368540296,True,False,False,CONTINUED_PLASTIC_LOADING
BH032,364,365,3.650001049041748,0.4871502106656476,3023,2,1,-142.93310546875,-142.75234985351562,0.180755615234375,150.43511111579284,150.26457094580013,-0.1706285505713036,0.0,0.0,TRUE_ELASTIC_UNLOADING,-1.1654970595520451e-05,0.0,0.0015562243062602,0.2558446084971246,0.0015562679488252,355.0,0.4232804815374651,True,True,False,TRUE_ELASTIC_UNLOADING
BH032,364,365,3.650001049041748,0.4871502106656476,3944,2,5,-4.486953258514404,-1.963613748550415,2.5233395099639893,169.6393088901343,170.18638392687384,0.5307753554174246,0.0,0.0,ELASTIC_RELOADING,,,,3.3606663887854005,0.000126080631805,355.0,0.4793982645827432,True,False,False,ELASTIC_RELOADING
BH032,364,365,3.650001049041748,0.4871502106656476,3536,1,5,-278.9247436523437,-278.1820983886719,0.742645263671875,246.06621569265323,245.6017112406722,-0.467829669475383,0.0,0.0,TRUE_ELASTIC_UNLOADING,0.0010906299126199,0.0010906299126199,0.0015962106001525,0.8734233116541792,0.0019338970044946,355.0,0.6918358063117527,True,True,False,TRUE_ELASTIC_UNLOADING
BH032,364,365,3.650001049041748,0.4871502106656476,5009,3,5,-318.7742004394531,-340.43505859375,0.0,413.7518383243736,471.8261372358483,409.9268155254503,0.0040413737297058,0.0036198775509316,CONTINUED_PLASTIC_LOADING,,,,271.17928892148325,2.2173461775046213,490.0,0.9629104841547924,True,False,False,CONTINUED_PLASTIC_LOADING
BH032,364,365,3.650001049041748,0.4871502106656476,4371,1,1,-219.78717041015625,-219.2523651123047,0.5348052978515625,352.5424173783339,352.42239551916043,0.1341278418714858,1.5264376997947693e-06,1.3088895724457288e-06,CONTINUED_PLASTIC_LOADING,,,,0.7410254980351684,0.4228012258352621,355.0,0.9927391423074942,True,False,False,CONTINUED_PLASTIC_LOADING_WITH_COMPONENT_DROP
BH032,364,365,3.650001049041748,0.4871502106656476,3944,1,1,-102.47577667236328,-104.67764282226562,0.0,136.82514677233084,137.49085626516336,0.6493112994993504,0.0,0.0,ELASTIC_RELOADING,,,,3.1524785310027594,0.0002241963065599,355.0,0.387298186662432,True,False,False,ELASTIC_RELOADING
BH032,364,365,3.650001049041748,0.4871502106656476,3562,1,1,84.38924407958984,85.41598510742188,0.0,354.80483408318054,354.99997445334446,1.3801140689458165,5.990266799926758e-06,6.193461605995015e-06,CONTINUED_PLASTIC_LOADING,,,,1.1531256311110116,1.0413334882885437,355.0,0.99999992803759,True,False,False,CONTINUED_PLASTIC_LOADING
BH032,365,366,3.660000324249268,0.4860427513322125,3023,2,1,-142.75234985351562,-142.04588317871094,0.7064666748046875,150.26457094580013,149.8153613896684,-0.4502967423829748,0.0,0.0,TRUE_ELASTIC_UNLOADING,-0.0012913558136167,0.0,0.0009215275460046,0.7707196072812343,0.0015850908074279,355.0,0.4220151025061082,True,True,False,TRUE_ELASTIC_UNLOADING
BH032,365,366,3.660000324249268,0.4860427513322125,3944,2,5,-1.963613748550415,-3.5460054874420166,0.0,170.18638392687384,168.89446224053597,-1.305142466590105,0.0,0.0,TRUE_ELASTIC_UNLOADING,-8.806923690740653e-05,0.0,0.0002133724149179,2.9866759220354133,0.0002308302659196,355.0,0.47575904856489,True,True,True,TRUE_ELASTIC_UNLOADING
BH032,365,366,3.660000324249268,0.4860427513322125,3536,1,5,-278.1820983886719,-278.19384765625,0.0,245.6017112406722,245.677446187144,0.0743720459577486,0.0,0.0,ELASTIC_RELOADING,,,,0.3112825406612255,0.005110903512583,355.0,0.692049144189138,True,False,False,ELASTIC_RELOADING
BH032,365,366,3.660000324249268,0.4860427513322125,5009,3,5,-340.43505859375,-317.5030822753906,22.93197631835937,471.8261372358483,408.1189536576733,334.8840015075904,0.0043449401855468,0.003895204235429,CONTINUED_PLASTIC_LOADING_WITH_COMPONENT_DROP,,,,263.1896592694658,2.4571860989638328,490.0,0.83289582379117,True,False,False,CONTINUED_PLASTIC_LOADING_WITH_COMPONENT_DROP
BH032,365,366,3.660000324249268,0.4860427513322125,4371,1,1,-219.2523651123047,-217.58950805664065,1.6628570556640625,352.42239551916043,350.44569333738804,-1.3981547478407903,3.4710392355918884e-06,2.9738840719170025e-06,CONTINUED_PLASTIC_LOADING,,,,2.982276536901587,0.2388252173868516,355.0,0.987170967147572,True,False,False,CONTINUED_PLASTIC_LOADING_WITH_COMPONENT_DROP
BH032,365,366,3.660000324249268,0.4860427513322125,3944,1,1,-104.67764282226562,-102.32957458496094,2.3480682373046875,137.49085626516336,136.68529108059363,-0.8246998831926222,0.0,0.0,TRUE_ELASTIC_UNLOADING,-0.0002327711747065,0.0,0.000207397597559,3.4836358394628157,0.0003117225788447,355.0,0.3850289889594186,True,True,True,TRUE_ELASTIC_UNLOADING
BH032,365,366,3.660000324249268,0.4860427513322125,3562,1,1,85.41598510742188,86.1140365600586,0.0,354.99997445334446,354.9925116000448,3.492805652182148,1.766066998243332e-05,1.8241237368939737e-05,CONTINUED_PLASTIC_LOADING,,,,0.7286374620165478,4.870408104544287,355.0,0.9999789059156192,True,False,False,CONTINUED_PLASTIC_LOADING
BH032,366,367,3.6700007915496826,0.4850355997840617,3023,2,1,-142.04588317871094,-141.65599060058594,0.389892578125,149.8153613896684,149.44855415341777,-0.3681142220789509,0.0,0.0,TRUE_ELASTIC_UNLOADING,0.0039705729176513,0.0039705729176513,0.0017722092268989,0.3901613905920137,0.0043625761091734,355.0,0.4209818426856839,True,True,False,TRUE_ELASTIC_UNLOADING
BH032,366,367,3.6700007915496826,0.4850355997840617,3944,2,5,-3.5460054874420166,-3.0847842693328857,0.4612212181091308,168.89446224053597,169.56406140116957,0.661987998617906,0.0,0.0,ELASTIC_RELOADING,,,,1.8306721123759069,2.998721497432085e-05,355.0,0.4776452433835762,True,False,False,ELASTIC_RELOADING
BH032,366,367,3.6700007915496826,0.4850355997840617,3536,1,5,-278.19384765625,-277.41162109375,0.7822265625,245.677446187144,245.12863076900777,-0.5511147283503756,0.0,0.0,TRUE_ELASTIC_UNLOADING,0.000513118275458,0.000513118275458,0.0006469870399433,0.911600766033386,0.0008259254781378,355.0,0.6905031852648106,True,False,False,TRUE_ELASTIC_UNLOADING
BH032,366,367,3.6700007915496826,0.4850355997840617,5009,3,5,-317.5030822753906,-341.4945068359375,0.0,408.1189536576733,490.0000177724398,415.0476317034379,0.0039371252059936,0.0035473481861774,CONTINUED_PLASTIC_LOADING,,,,280.2672925677016,2.102881332027393,490.0,1.0000000362702852,True,False,False,CONTINUED_PLASTIC_LOADING
BH032,366,367,3.6700007915496826,0.4850355997840617,4371,1,1,-217.58950805664065,-217.4483337402344,0.14117431640625,350.44569333738804,351.7706707659767,1.321638776495286,0.0,0.0,ELASTIC_RELOADING,,,,1.6107051972464752,0.0017357892129803,355.0,0.9909032979323288,True,False,False,ELASTIC_RELOADING
BH032,366,367,3.6700007915496826,0.4850355997840617,3944,1,1,-102.32957458496094,-102.65924072265624,0.0,136.68529108059363,135.93262973880894,-0.7664135778582414,0.0,0.0,TRUE_ELASTIC_UNLOADING,9.96452678241333e-05,9.96452678241333e-05,6.622607015212856e-05,2.2396332598910718,0.000119653874897,355.0,0.3829088161656589,True,True,True,TRUE_ELASTIC_UNLOADING
BH032,366,367,3.6700007915496826,0.4850355997840617,3562,1,1,86.1140365600586,86.64624786376953,0.0,354.9925116000448,354.9702628525024,2.108762106561467,1.0799616575241087e-05,1.112521365765597e-05,CONTINUED_PLASTIC_LOADING,,,,0.5542155837381992,3.9017747451052753,355.0,0.9999162333873308,True,False,False,CONTINUED_PLASTIC_LOADING
BH032,367,368,3.680000066757202,0.4842411714366268,3023,2,1,-141.65599060058594,-141.31117248535156,0.344818115234375,149.44855415341777,149.18104800018915,-0.267616771147906,0.0,0.0,TRUE_ELASTIC_UNLOADING,0.0002297363476729,0.0002297363476729,0.0001852951029244,0.353176651704125,0.000295190336793,355.0,0.4202283042258849,True,True,False,TRUE_ELASTIC_UNLOADING
BH032,367,368,3.680000066757202,0.4842411714366268,3944,2,5,-3.0847842693328857,-3.331804037094116,0.0,169.56406140116957,168.4128562799048,-1.1558663216825975,0.0,0.0,TRUE_ELASTIC_UNLOADING,-1.758050182676385e-05,0.0,1.9602907201588326e-05,1.4674750361333797,2.63312959413698e-05,355.0,0.4744024120560698,True,True,True,TRUE_ELASTIC_UNLOADING
BH032,367,368,3.680000066757202,0.4842411714366268,3536,1,5,-277.41162109375,-275.9321594238281,1.479461669921875,245.12863076900777,244.1303479576508,-0.9995141101488176,0.0,0.0,TRUE_ELASTIC_UNLOADING,-0.0027008079123238,0.0,0.0018279710066681,1.6169699598775902,0.0032552380607212,355.0,0.687691121007467,True,True,True,TRUE_ELASTIC_UNLOADING
BH032,367,368,3.680000066757202,0.4842411714366268,5009,3,5,-341.4945068359375,-321.90283203125,19.5916748046875,490.0000177724398,411.2906895645451,264.6669415450743,0.0041927099227905,0.00378548103597,CONTINUED_PLASTIC_LOADING_WITH_COMPONENT_DROP,,,,279.9313482248994,2.245619241007846,490.0,0.8393687542133574,True,False,False,CONTINUED_PLASTIC_LOADING_WITH_COMPONENT_DROP
BH032,367,368,3.680000066757202,0.4842411714366268,4371,1,1,-217.4483337402344,-217.48605346679688,0.0,351.7706707659767,352.6215054627868,0.8526708639819351,0.0,0.0,ELASTIC_RELOADING,,,,1.0490551772645202,0.0055982876984134,355.0,0.9933000153881318,True,False,False,ELASTIC_RELOADING
BH032,367,368,3.680000066757202,0.4842411714366268,3944,1,1,-102.65924072265624,-102.0796890258789,0.5795516967773438,135.93262973880894,136.04901829525534,0.1125977416172542,0.0,0.0,ELASTIC_RELOADING,,,,1.361608489270168,0.0008418898299638,355.0,0.3832366712542404,True,False,False,ELASTIC_RELOADING
BH032,367,368,3.680000066757202,0.4842411714366268,3562,1,1,86.64624786376953,88.47006225585938,0.0,354.9702628525024,354.6719739481395,2.10660369967154,1.2176577001810074e-05,1.2556457487226692e-05,CONTINUED_PLASTIC_LOADING,,,,1.8419060858736165,1.3281174016450588,355.0,0.9990759829525055,True,False,False,CONTINUED_PLASTIC_LOADING
BH032,368,369,3.690000534057617,0.4834326540968872,3023,2,1,-141.31117248535156,-140.87100219726562,0.4401702880859375,149.18104800018915,148.87429481628646,-0.3067749018319564,0.0,0.0,TRUE_ELASTIC_UNLOADING,-0.0010236606281948,0.0,0.0006412119842614,0.465843121773985,0.0012070175691622,355.0,0.4193642107501027,True,True,False,TRUE_ELASTIC_UNLOADING
BH032,368,369,3.690000534057617,0.4834326540968872,3944,2,5,-3.331804037094116,-3.050250768661499,0.2815532684326172,168.4128562799048,169.43048161012666,1.0155027227128337,0.0,0.0,ELASTIC_RELOADING,,,,1.0773967717840958,8.882901393230678e-05,355.0,0.4772689622820469,True,False,False,ELASTIC_RELOADING
BH032,368,369,3.690000534057617,0.4834326540968872,3536,1,5,-275.9321594238281,-274.77740478515625,1.154754638671875,244.1303479576508,243.3454238303149,-0.7900655788027049,0.0,0.0,TRUE_ELASTIC_UNLOADING,0.0006412411461569,0.0006412411461569,0.00050840552871,1.3774842689875368,0.0008186538437691,355.0,0.6854800671276476,True,True,True,TRUE_ELASTIC_UNLOADING
BH032,368,369,3.690000534057617,0.4834326540968872,5009,3,5,-321.90283203125,-329.6031799316406,0.0,411.2906895645451,488.5327906861588,413.4941514324733,0.0040233731269836,0.0036198960275705,CONTINUED_PLASTIC_LOADING,,,,285.89679424557784,2.101558174004582,490.0,0.9970056952778752,True,False,False,CONTINUED_PLASTIC_LOADING
BH032,368,369,3.690000534057617,0.4834326540968872,4371,1,1,-217.48605346679688,-217.55177307128903,0.0,352.6215054627868,353.26413733719704,0.6443960996103936,0.0,0.0,ELASTIC_RELOADING,,,,0.7888065933031567,0.0030906891137984,355.0,0.9951102460202732,True,False,False,ELASTIC_RELOADING
BH032,368,369,3.690000534057617,0.4834326540968872,3944,1,1,-102.0796890258789,-101.55227661132812,0.5274124145507812,136.04901829525534,135.5429789141451,-0.5067034588135737,0.0,0.0,TRUE_ELASTIC_UNLOADING,0.0013306131130421,0.0013306131130421,0.0010865654556379,0.5562287784455161,0.0017192657782845,355.0,0.3818112082088594,True,True,False,TRUE_ELASTIC_UNLOADING
BH032,368,369,3.690000534057617,0.4834326540968872,3562,1,1,88.47006225585938,89.89751434326172,0.0,354.6719739481395,354.5684749396506,1.933812011502522,1.0279472917318344e-05,1.0606254658074692e-05,CONTINUED_PLASTIC_LOADING,,,,1.4692167227130708,1.4137026551682008,355.0,0.99878443644972,True,False,False,CONTINUED_PLASTIC_LOADING
BH032,369,370,3.700001001358032,0.482643989404432,3023,2,1,-140.87100219726562,-140.32052612304688,0.55047607421875,148.87429481628646,148.46973065883378,-0.4056087960465044,0.0,0.0,TRUE_ELASTIC_UNLOADING,0.0015023542943808,0.0015023542943808,0.0003226526566991,0.5674423578861812,0.0015388209993142,355.0,0.4182245934051656,True,True,False,TRUE_ELASTIC_UNLOADING
BH032,369,370,3.700001001358032,0.482643989404432,3944,2,5,-3.050250768661499,-1.9581577777862549,1.092092990875244,169.43048161012666,168.87855806055956,-0.5553087789682327,0.0,0.0,TRUE_ELASTIC_UNLOADING,8.630487795491248e-05,8.630487795491248e-05,0.0003383084760737,1.3004132430322075,0.0003491453012704,355.0,0.4757142480579142,True,True,True,TRUE_ELASTIC_UNLOADING
BH032,369,370,3.700001001358032,0.482643989404432,3536,1,5,-274.77740478515625,-275.3515930175781,0.0,243.3454238303149,243.83775846073684,0.4917808756024823,0.0,0.0,ELASTIC_RELOADING,,,,0.8699201852314576,0.0006957759076168,355.0,0.6868669252415122,True,False,False,ELASTIC_RELOADING
BH032,369,370,3.700001001358032,0.482643989404432,5009,3,5,-329.6031799316406,-340.3373107910156,0.0,488.5327906861588,446.7269904804605,481.46815149935486,0.0039416551589965,0.0035589591697029,CONTINUED_PLASTIC_LOADING,,,,51.76177221482428,11.409833404661958,490.0,0.9116877356744092,True,False,False,CONTINUED_PLASTIC_LOADING
BH032,369,370,3.700001001358032,0.482643989404432,4371,1,1,-217.55177307128903,-216.050033569336,1.501739501953125,353.26413733719704,352.5464306035651,-0.3826466391392412,2.0153820514678955e-06,1.7371823712762386e-06,CONTINUED_PLASTIC_LOADING,,,,1.68945229639613,0.2428948317444023,355.0,0.993088536911451,True,False,False,CONTINUED_PLASTIC_LOADING_WITH_COMPONENT_DROP
BH032,369,370,3.700001001358032,0.482643989404432,3944,1,1,-101.55227661132812,-102.4647216796875,0.0,135.5429789141451,135.5960961487548,0.0479952561248551,0.0,0.0,ELASTIC_RELOADING,,,,1.6055689144387555,0.0002099897117607,355.0,0.3819608342218445,True,False,False,ELASTIC_RELOADING
BH032,369,370,3.700001001358032,0.482643989404432,3562,1,1,89.89751434326172,90.82978057861328,0.0,354.5684749396506,354.96116416633805,2.1433063991141883,8.876901119947433e-06,9.113787169914176e-06,CONTINUED_PLASTIC_LOADING,,,,1.1587829604928963,1.540196540366442,355.0,0.9998906032854592,True,False,False,CONTINUED_PLASTIC_LOADING
BH032,370,371,3.710000276565552,0.4817387732820332,3023,2,1,-140.32052612304688,-140.06011962890625,0.260406494140625,148.46973065883378,148.21945862021772,-0.2520279576945578,0.0,0.0,TRUE_ELASTIC_UNLOADING,0.0044043018594573,0.0044043018594573,0.0035684235730144,0.3145038450931091,0.0056835971451703,355.0,0.4175196017470922,True,True,False,TRUE_ELASTIC_UNLOADING
BH032,370,371,3.710000276565552,0.4817387732820332,3944,2,5,-1.9581577777862549,-4.101587772369385,0.0,168.87855806055956,167.92960815488487,-0.9629456572258416,0.0,0.0,TRUE_ELASTIC_UNLOADING,3.784361515601909e-06,3.784361515601909e-06,6.806677966566048e-05,3.088755881793316,6.817189975227828e-05,355.0,0.47304114973207,True,True,True,TRUE_ELASTIC_UNLOADING
BH032,370,371,3.710000276565552,0.4817387732820332,3536,1,5,-275.3515930175781,-273.8919982910156,1.4595947265625,243.83775846073684,242.79745031569567,-1.0432250812587245,0.0,0.0,TRUE_ELASTIC_UNLOADING,-0.0007992580762947,0.0,0.0002713211352952,1.6096738092954248,0.0008434504324326,355.0,0.683936479762523,True,True,True,TRUE_ELASTIC_UNLOADING
BH032,370,371,3.710000276565552,0.4817387732820332,5009,3,5,-340.3373107910156,-316.9486694335937,23.388641357421875,446.7269904804605,390.47616871457535,435.0887827627655,0.0042284131050109,0.0038080473471193,CONTINUED_PLASTIC_LOADING_WITH_COMPONENT_DROP,,,,211.7808409447212,2.982324304986164,490.0,0.7968901402338272,True,False,False,CONTINUED_PLASTIC_LOADING_WITH_COMPONENT_DROP
BH032,370,371,3.710000276565552,0.4817387732820332,4371,1,1,-216.050033569336,-216.13543701171875,0.0,352.5464306035651,353.48338888011403,0.9566951238233102,1.126900315284729e-07,9.747058356199685e-08,ELASTIC_RELOADING,,,,1.1224163165372436,0.0243931348580938,355.0,0.9957278560003212,True,False,False,ELASTIC_RELOADING
BH032,370,371,3.710000276565552,0.4817387732820332,3944,1,1,-102.4647216796875,-100.12538146972656,2.339340209960937,135.5960961487548,134.53233403791978,-1.0769487484274531,0.0,0.0,TRUE_ELASTIC_UNLOADING,-4.330882224690136e-05,0.0,4.531365741796207e-05,3.0250262871621176,6.268029086639698e-05,355.0,0.3789643212335769,True,True,True,TRUE_ELASTIC_UNLOADING
BH032,370,371,3.710000276565552,0.4817387732820332,3562,1,1,90.82978057861328,91.31129455566406,0.0,354.96116416633805,354.97641551327206,2.4015651162155622,1.208251342177391e-05,1.2424792173253523e-05,CONTINUED_PLASTIC_LOADING,,,,0.5087533673896,4.7859447490032485,355.0,0.9999335648261184,True,False,False,CONTINUED_PLASTIC_LOADING
BH032,371,372,3.720000743865967,0.48089836759304,3023,2,1,-140.06011962890625,-139.60914611816406,0.4509735107421875,148.21945862021772,147.94538945644737,-0.2751530341461583,0.0,0.0,TRUE_ELASTIC_UNLOADING,0.0020931282977431,0.0020931282977431,0.0005130467266025,0.5009643586715986,0.0021593518411156,355.0,0.4167475759336546,True,True,False,TRUE_ELASTIC_UNLOADING
BH032,371,372,3.720000743865967,0.48089836759304,3944,2,5,-4.101587772369385,-1.9491337537765503,2.1524540185928345,167.92960815488487,168.81297613737812,0.8662298893715553,0.0,0.0,ELASTIC_RELOADING,,,,3.3096564078121613,6.789049091202195e-05,355.0,0.4755295102461355,True,False,False,ELASTIC_RELOADING
BH032,371,372,3.720000743865967,0.48089836759304,3536,1,5,-273.8919982910156,-274.97772216796875,0.0,242.79745031569567,243.69725657953987,0.9041392282874776,0.0,0.0,ELASTIC_RELOADING,,,,1.4669412562499289,0.0053394360911494,355.0,0.6864711452944785,True,False,False,ELASTIC_RELOADING
BH032,371,372,3.720000743865967,0.48089836759304,5009,3,5,-316.9486694335937,-322.2383728027344,0.0,390.47616871457535,486.6618202012946,727.2488550861833,0.0040711760520935,0.0036534667763081,CONTINUED_PLASTIC_LOADING,,,,102.2191610732732,5.931088278823363,490.0,0.9931873881659072,True,False,False,CONTINUED_PLASTIC_LOADING
BH032,371,372,3.720000743865967,0.48089836759304,4371,1,1,-216.13543701171875,-215.6205139160156,0.514923095703125,353.48338888011403,353.5458497429232,0.0628418863689584,0.0,0.0,ELASTIC_RELOADING,,,,0.5339908366821509,0.0073886276279695,355.0,0.9959038020927414,True,False,False,ELASTIC_RELOADING
BH032,371,372,3.720000743865967,0.48089836759304,3944,1,1,-100.12538146972656,-101.445068359375,0.0,134.53233403791978,134.65018791675368,0.1041857509600944,0.0,0.0,ELASTIC_RELOADING,,,,2.502861106103379,0.0002003823441541,355.0,0.3792963039908554,True,False,False,ELASTIC_RELOADING
BH032,371,372,3.720000743865967,0.48089836759304,3562,1,1,91.31129455566406,91.87347412109376,0.0,354.97641551327206,355.000043347992,2.779635753414356,1.4003366231918337e-05,1.4378528023638436e-05,CONTINUED_PLASTIC_LOADING,,,,0.6210455481330484,4.53206158115334,355.0,1.0000001221070198,True,False,False,CONTINUED_PLASTIC_LOADING
BH032,372,373,3.7300000190734863,0.4802349277810243,3023,2,1,-139.60914611816406,-139.348876953125,0.2602691650390625,147.94538945644737,147.6949653933202,-0.2512387498323616,0.0,0.0,TRUE_ELASTIC_UNLOADING,0.0007923981437267,0.0007923981437267,0.001204737745111,0.3443636478360357,0.0014423186583867,355.0,0.4160421560375216,True,True,False,TRUE_ELASTIC_UNLOADING
BH032,372,373,3.7300000190734863,0.4802349277810243,3944,2,5,-1.9491337537765503,-2.187296152114868,0.0,168.81297613737812,168.04385857841916,-0.7734690547283761,0.0,0.0,TRUE_ELASTIC_UNLOADING,7.139911882814154e-05,7.139911882814154e-05,9.736899167961532e-05,1.321934745660979,0.0001207446973814,355.0,0.4733629819110398,True,True,True,TRUE_ELASTIC_UNLOADING
BH032,372,373,3.7300000190734863,0.4802349277810243,3536,1,5,-274.97772216796875,-274.1430969238281,0.834625244140625,243.69725657953987,243.00505946069583,-0.6943497631677982,0.0,0.0,TRUE_ELASTIC_UNLOADING,0.0022830898994993,0.0022830898994993,0.000838265611945,0.98856493796889,0.002437020310614,355.0,0.6845212942554812,True,True,False,TRUE_ELASTIC_UNLOADING
BH032,372,373,3.7300000190734863,0.4802349277810243,5009,3,5,-322.2383728027344,-346.96240234375,0.0,486.6618202012946,392.984214897036,304.4325653766316,0.0038790106773376,0.0034813389216263,CONTINUED_PLASTIC_LOADING,,,,201.7695134662416,2.861719452235008,490.0,0.8020086018306857,True,False,False,CONTINUED_PLASTIC_LOADING
BH032,372,373,3.7300000190734863,0.4802349277810243,4371,1,1,-215.6205139160156,-214.9786529541016,0.6418609619140625,353.5458497429232,352.7168821915001,-0.1520314028808513,4.035420715808868e-06,3.4848830426291888e-06,CONTINUED_PLASTIC_LOADING,,,,1.1501210438607885,0.7167521103651436,355.0,0.9935686822295776,True,False,False,CONTINUED_PLASTIC_LOADING_WITH_COMPONENT_DROP
BH032,372,373,3.7300000190734863,0.4802349277810243,3944,1,1,-101.445068359375,-101.16957092285156,0.2754974365234375,134.65018791675368,135.04453138811226,0.3864870875500559,0.0,0.0,ELASTIC_RELOADING,,,,1.5740572555643,0.0004390532174559,355.0,0.3804071306707388,True,False,False,ELASTIC_RELOADING
BH032,372,373,3.7300000190734863,0.4802349277810243,3562,1,1,91.87347412109376,92.9657974243164,0.0,355.000043347992,354.9970125488343,2.565078690615602,1.3004057109355928e-05,1.3323863148291212e-05,CONTINUED_PLASTIC_LOADING,,,,1.1383081675251248,2.307819210318199,355.0,0.9999915846446036,True,False,False,CONTINUED_PLASTIC_LOADING
BH032,373,374,3.740000486373901,0.4793430627954326,3023,2,1,-139.348876953125,-139.041259765625,0.3076171875,147.6949653933202,147.46711987984037,-0.2278017235982359,0.0,0.0,TRUE_ELASTIC_UNLOADING,-0.0013858448203509,0.0,0.0012340882705234,0.3160309067177294,0.001854245044904,355.0,0.4154003376896912,True,True,False,TRUE_ELASTIC_UNLOADING
BH032,373,374,3.740000486373901,0.4793430627954326,3944,2,5,-2.187296152114868,-2.972723960876465,0.0,168.04385857841916,168.31891863535432,0.2705161359181657,0.0,0.0,ELASTIC_RELOADING,,,,1.0495311228002666,0.0001926361907146,355.0,0.4741377989728291,True,False,False,ELASTIC_RELOADING
BH032,373,374,3.740000486373901,0.4793430627954326,3536,1,5,-274.1430969238281,-273.9766845703125,0.166412353515625,243.00505946069583,242.9523748906554,-0.0462812547933487,0.0,0.0,TRUE_ELASTIC_UNLOADING,-0.0077761772916349,0.0,0.0257169721158282,0.3274736845233371,0.0268488851625148,355.0,0.6843728870159307,True,False,False,TRUE_ELASTIC_UNLOADING
BH032,373,374,3.740000486373901,0.4793430627954326,5009,3,5,-346.96240234375,-350.412353515625,0.0,392.984214897036,421.7701054321449,677.3476523628696,0.0039847493171691,0.003576525521674,CONTINUED_PLASTIC_LOADING,,,,102.98375058449923,5.761516185081338,490.0,0.8607553172084589,True,False,False,CONTINUED_PLASTIC_LOADING
BH032,373,374,3.740000486373901,0.4793430627954326,4371,1,1,-214.9786529541016,-214.13755798339844,0.841094970703125,352.7168821915001,351.79006444636684,-0.9296815877407498,0.0,0.0,TRUE_ELASTIC_UNLOADING,0.0050717325457336,0.0050717325457336,0.0035008653080247,1.3918253498052808,0.0061839408009833,355.0,0.9909579280179348,True,True,True,TRUE_ELASTIC_UNLOADING
BH032,373,374,3.740000486373901,0.4793430627954326,3944,1,1,-101.16957092285156,-99.96277618408205,1.2067947387695312,135.04453138811226,133.69639750056277,-1.351542294219825,0.0,0.0,TRUE_ELASTIC_UNLOADING,-0.0007017279999612,0.0,0.0008475498274965,1.4255905089011145,0.0011000327990306,355.0,0.3766095704241204,True,True,True,TRUE_ELASTIC_UNLOADING
BH032,373,374,3.740000486373901,0.4793430627954326,3562,1,1,92.9657974243164,93.7068862915039,0.0,354.9970125488343,354.9899995895616,1.852178956168798,9.454786777496338e-06,9.67366906854234e-06,CONTINUED_PLASTIC_LOADING,,,,0.7701106926154777,2.471519974227097,355.0,0.999971829829751,True,False,False,CONTINUED_PLASTIC_LOADING
BH032,374,375,3.750000953674317,0.4783498081024586,3023,2,1,-139.041259765625,-138.44528198242188,0.595977783203125,147.46711987984037,146.9765916319745,-0.4910679968354409,0.0,0.0,TRUE_ELASTIC_UNLOADING,-0.0013314218086344,0.0,0.0011432836094891,0.6518125847625265,0.0017535872106186,355.0,0.4140185679773929,True,True,False,TRUE_ELASTIC_UNLOADING
BH032,374,375,3.750000953674317,0.4783498081024586,3944,2,5,-2.972723960876465,-2.7066469192504883,0.2660770416259765,168.31891863535432,167.16290153931877,-1.159403012177317,0.0,0.0,TRUE_ELASTIC_UNLOADING,3.704426171557973e-05,3.704426171557973e-05,8.5595277422516e-05,1.1133906037709138,9.326805701447524e-05,355.0,0.4708814127868134,True,True,True,TRUE_ELASTIC_UNLOADING
BH032,374,375,3.750000953674317,0.4783498081024586,3536,1,5,-273.9766845703125,-272.103271484375,1.8734130859375,242.9523748906554,241.59539908392537,-1.356231090493708,0.0,0.0,TRUE_ELASTIC_UNLOADING,-0.0031107367931133,0.0,0.0006025006787403,1.8994676294502044,0.003159076370193,355.0,0.6805504199547193,True,True,True,TRUE_ELASTIC_UNLOADING
BH032,374,375,3.750000953674317,0.4783498081024586,5009,3,5,-350.412353515625,-312.9986267089844,37.41372680664063,421.7701054321449,364.28967824857705,619.1477865797289,0.0042802095413208,0.0038150753018925,CONTINUED_PLASTIC_LOADING_WITH_COMPONENT_DROP,,,,71.04884933796215,8.905807682927204,490.0,0.7434483229562797,True,False,False,CONTINUED_PLASTIC_LOADING_WITH_COMPONENT_DROP
BH032,374,375,3.750000953674317,0.4783498081024586,4371,1,1,-214.13755798339844,-213.09030151367188,1.0472564697265625,351.79006444636684,351.86955182396457,0.7713013314079218,4.1211023926734924e-06,3.564561718471801e-06,CONTINUED_PLASTIC_LOADING,,,,1.0559071051465787,0.7995451491234684,355.0,0.9911818361238438,True,False,False,CONTINUED_PLASTIC_LOADING_WITH_COMPONENT_DROP
BH032,374,375,3.750000953674317,0.4783498081024586,3944,1,1,-99.96277618408205,-99.8955078125,0.0672683715820312,133.69639750056277,133.75546160882175,0.058184550964961,0.0,0.0,ELASTIC_RELOADING,,,,0.1558259689284868,0.0052195035690893,355.0,0.376775948193864,True,False,False,ELASTIC_RELOADING
BH032,374,375,3.750000953674317,0.4783498081024586,3562,1,1,93.7068862915039,94.30168914794922,0.0,354.9899995895616,354.81486205235666,1.171616999687276,6.852205842733383e-06,7.0238178153401205e-06,CONTINUED_PLASTIC_LOADING,,,,0.6221117480707996,2.216128841053478,355.0,0.9994784846545258,True,False,False,CONTINUED_PLASTIC_LOADING
BH032,375,376,3.760000228881836,0.47762209623252,3023,2,1,-138.44528198242188,-138.31475830078125,0.130523681640625,146.9765916319745,146.9313048399959,-0.0452468382718472,0.0,0.0,AMBIGUOUS,,,,0.1940787332808636,0.0020448205396174,355.0,0.4138909995492842,True,False,False,AMBIGUOUS
BH032,375,376,3.760000228881836,0.47762209623252,3944,2,5,-2.7066469192504883,-2.239049196243286,0.4675977230072021,167.16290153931877,167.58409945260945,0.4207059333874712,0.0,0.0,ELASTIC_RELOADING,,,,0.7443936587843144,0.0002827606891916,355.0,0.4720678857819984,True,False,False,ELASTIC_RELOADING
BH032,375,376,3.760000228881836,0.47762209623252,3536,1,5,-272.103271484375,-272.65985107421875,0.0,241.59539908392537,242.0777443827759,0.4864463705559014,0.0,0.0,ELASTIC_RELOADING,,,,0.6639923121968102,0.0098864000320577,355.0,0.681909139106411,True,False,False,ELASTIC_RELOADING
BH032,375,376,3.760000228881836,0.47762209623252,5009,3,5,-312.9986267089844,-287.6264953613281,25.37213134765625,364.28967824857705,360.3964101720382,710.6254141054687,0.0043102502822875,0.0037777930289201,CONTINUED_PLASTIC_LOADING_WITH_COMPONENT_DROP,,,,54.96156109248247,11.391953477820437,490.0,0.7355028779021188,True,False,False,CONTINUED_PLASTIC_LOADING_WITH_COMPONENT_DROP
BH032,375,376,3.760000228881836,0.47762209623252,4371,1,1,-213.09030151367188,-212.22003173828125,0.870269775390625,351.86955182396457,351.62566244699786,0.6559745371491412,5.343928933143616e-06,4.62853555814765e-06,CONTINUED_PLASTIC_LOADING,,,,0.9166809085701448,1.1942344060336982,355.0,0.9904948237943602,True,False,False,CONTINUED_PLASTIC_LOADING_WITH_COMPONENT_DROP
BH032,375,376,3.760000228881836,0.47762209623252,3944,1,1,-99.8955078125,-99.68458557128906,0.2109222412109375,133.75546160882175,133.5064844560713,-0.2494941340215461,0.0,0.0,TRUE_ELASTIC_UNLOADING,-0.0010743150356196,0.0,0.0010187922798336,0.3573122384694405,0.001479734298549,355.0,0.3760746041016092,True,True,False,TRUE_ELASTIC_UNLOADING
BH032,375,376,3.760000228881836,0.47762209623252,3562,1,1,94.30168914794922,94.60388946533205,0.0,354.81486205235666,354.9921689739718,2.110906843172897,9.869690984487534e-06,1.0102117530913744e-05,CONTINUED_PLASTIC_LOADING,,,,0.4375348487735037,4.527557463155237,355.0,0.9999779407717516,True,False,False,CONTINUED_PLASTIC_LOADING
BH032,376,377,3.770000696182251,0.4767758840828368,3023,2,1,-138.31475830078125,-137.9873046875,0.32745361328125,146.9313048399959,146.6746402849848,-0.2577887784443178,0.0,0.0,TRUE_ELASTIC_UNLOADING,0.0028950216316517,0.0028950216316517,0.0008426124212739,0.332529956135066,0.0030232232701929,355.0,0.4131680008027741,True,True,False,TRUE_ELASTIC_UNLOADING
BH032,376,377,3.770000696182251,0.4767758840828368,3944,2,5,-2.239049196243286,-1.449775218963623,0.7892739772796631,167.58409945260945,168.01374999581893,0.4285311903429004,0.0,0.0,ELASTIC_RELOADING,,,,1.2416430849292983,0.0005805376693994,355.0,0.4732781690023068,True,False,False,ELASTIC_RELOADING
BH032,376,377,3.770000696182251,0.4767758840828368,3536,1,5,-272.65985107421875,-271.70623779296875,0.95361328125,242.0777443827759,241.4762585294069,-0.5997538911256931,0.0,0.0,TRUE_ELASTIC_UNLOADING,-0.0046717687377284,0.0,0.0025701576958121,1.0553182111100663,0.0053130484961726,355.0,0.6802148127588926,True,True,True,TRUE_ELASTIC_UNLOADING
BH032,376,377,3.770000696182251,0.4767758840828368,5009,3,5,-287.6264953613281,-316.9330444335937,0.0,360.3964101720382,415.1502076668269,667.3798466235804,0.0039106011390686,0.0034045085484314,CONTINUED_PLASTIC_LOADING,,,,50.41499616066267,11.19628381011652,490.0,0.8472453217690344,True,False,False,CONTINUED_PLASTIC_LOADING
BH032,376,377,3.770000696182251,0.4767758840828368,4371,1,1,-212.22003173828125,-211.76583862304688,0.454193115234375,351.62566244699786,351.69619222426303,1.1314767174084353,6.320886313915253e-06,5.481368232959776e-06,CONTINUED_PLASTIC_LOADING,,,,0.7969419874820021,1.6190713904552827,355.0,0.990693499223276,True,False,False,CONTINUED_PLASTIC_LOADING
BH032,376,377,3.770000696182251,0.4767758840828368,3944,1,1,-99.68458557128906,-100.21023559570312,0.0,133.5064844560713,133.55139174056836,0.0432210381979912,0.0,0.0,ELASTIC_RELOADING,,,,0.918088063526174,0.0004624987534979,355.0,0.3762011034945587,True,False,False,ELASTIC_RELOADING
BH032,376,377,3.770000696182251,0.4767758840828368,3562,1,1,94.60388946533205,95.22127532958984,0.0,354.9921689739718,354.6967887283515,1.834448718086452,1.0889489203691484e-05,1.112970285670633e-05,CONTINUED_PLASTIC_LOADING,,,,0.6337653056575127,3.4481319556277903,355.0,0.9991458837418352,True,False,False,CONTINUED_PLASTIC_LOADING
BH032,377,378,3.7799999713897705,0.4760426193348729,3023,2,1,-137.9873046875,-137.9089813232422,0.0783233642578125,146.6746402849848,146.6846819331535,0.0106418422441745,0.0,0.0,ELASTIC_RELOADING,,,,0.2845244051778622,0.0054247570035533,355.0,0.4131962871356437,True,False,False,ELASTIC_RELOADING
BH032,377,378,3.7799999713897705,0.4760426193348729,3944,2,5,-1.449775218963623,-2.97035813331604,0.0,168.01374999581893,166.64299346529563,-1.3812575916901009,0.0,0.0,TRUE_ELASTIC_UNLOADING,2.5818577512826124e-05,2.5818577512826124e-05,0.0001256389526688,2.56443783068048,0.0001282644895626,355.0,0.4694168830008328,True,True,True,TRUE_ELASTIC_UNLOADING
BH032,377,378,3.7799999713897705,0.4760426193348729,3536,1,5,-271.70623779296875,-271.3369140625,0.36932373046875,241.4762585294069,241.2532029094008,-0.222639541457925,0.0,0.0,TRUE_ELASTIC_UNLOADING,-0.0025976425296487,0.0,0.002340931660612,0.5121843643785563,0.0034918119811473,355.0,0.6795864870687347,True,False,False,TRUE_ELASTIC_UNLOADING
BH032,377,378,3.7799999713897705,0.4760426193348729,5009,3,5,-316.9330444335937,-346.6400451660156,0.0,415.1502076668269,454.9327576263239,592.9039831884066,0.0037779808044433,0.0032796694671861,CONTINUED_PLASTIC_LOADING,,,,34.69355493069896,15.688467684694198,490.0,0.9284341992373956,True,False,False,CONTINUED_PLASTIC_LOADING
BH032,377,378,3.7799999713897705,0.4760426193348729,4371,1,1,-211.76583862304688,-211.80270385742188,0.0,351.69619222426303,352.1678449950242,0.4721290454271054,0.0,0.0,ELASTIC_RELOADING,,,,0.8089274173723182,0.0074265904310368,355.0,0.992022098577533,True,False,False,ELASTIC_RELOADING
BH032,377,378,3.7799999713897705,0.4760426193348729,3944,1,1,-100.21023559570312,-98.70768737792967,1.5025482177734375,133.55139174056836,132.99686203649503,-0.5603957048636428,0.0,0.0,TRUE_ELASTIC_UNLOADING,5.7354749373961234e-05,5.7354749373961234e-05,5.049218005051054e-05,1.920373621149839,7.641600907023527e-05,355.0,0.3746390479901268,True,True,True,TRUE_ELASTIC_UNLOADING
BH032,377,378,3.7799999713897705,0.4760426193348729,3562,1,1,95.22127532958984,96.2941436767578,0.0,354.6967887283515,354.9785523244076,1.3407408153600142,5.400273948907852e-06,5.5013392899695925e-06,CONTINUED_PLASTIC_LOADING,,,,1.228043300747339,0.8853198384496098,355.0,0.9999395840124158,True,False,False,CONTINUED_PLASTIC_LOADING
BH032,378,379,3.7900004386901855,0.4754950468715179,3023,2,1,-137.9089813232422,-137.41903686523438,0.4899444580078125,146.6846819331535,146.23548135356913,-0.4500079624461548,0.0,0.0,TRUE_ELASTIC_UNLOADING,0.0016757071717041,0.0016757071717041,0.0003947294731558,0.4899577078621513,0.0017243085075388,355.0,0.4119309333903356,True,True,False,TRUE_ELASTIC_UNLOADING
BH032,378,379,3.7900004386901855,0.4754950468715179,3944,2,5,-2.97035813331604,-2.52512526512146,0.4452328681945801,166.64299346529563,167.3791014904509,0.7292071334682728,0.0,0.0,ELASTIC_RELOADING,,,,1.7126615924491944,0.0001166201224375,355.0,0.4714904267336645,True,False,False,ELASTIC_RELOADING
BH032,378,379,3.7900004386901855,0.4754950468715179,3536,1,5,-271.3369140625,-270.9810485839844,0.355865478515625,241.2532029094008,240.8814393691964,-0.3699105190977929,0.0,0.0,TRUE_ELASTIC_UNLOADING,-0.0044356648751044,0.0,0.0035529511198591,0.5300845876093603,0.0056678874370317,355.0,0.6785392658287223,True,True,False,TRUE_ELASTIC_UNLOADING
BH032,378,379,3.7900004386901855,0.4754950468715179,5009,3,5,-346.6400451660156,-366.9271240234375,0.0,454.9327576263239,464.3362556423536,327.2486365148316,0.0037413835525512,0.003242649311329,CONTINUED_PLASTIC_LOADING,,,,260.1530185984784,2.067483159829258,490.0,0.9476250115150072,True,False,False,CONTINUED_PLASTIC_LOADING
BH032,378,379,3.7900004386901855,0.4754950468715179,4371,1,1,-211.80270385742188,-211.6750946044922,0.1276092529296875,352.1678449950242,352.1610469638396,-0.003377492536025,0.0,0.0,AMBIGUOUS,,,,0.216436579667012,0.0239249245447402,355.0,0.9920029491939144,True,False,False,AMBIGUOUS
BH032,378,379,3.7900004386901855,0.4754950468715179,3944,1,1,-98.70768737792967,-98.6437759399414,0.0639114379882812,132.99686203649503,132.1835088615115,-0.8191172242630144,0.0,0.0,TRUE_ELASTIC_UNLOADING,-0.0005456856881902,0.0,0.0007621240548615,1.3842671783047624,0.0009371664825281,355.0,0.3723479122859479,True,True,True,TRUE_ELASTIC_UNLOADING
BH032,378,379,3.7900004386901855,0.4754950468715179,3562,1,1,96.2941436767578,97.32503509521484,0.0,354.9785523244076,354.99350023520776,2.671462485058948,1.3595912605524065e-05,1.3870561331494862e-05,CONTINUED_PLASTIC_LOADING,,,,1.0761181543122025,2.538587460633874,355.0,0.9999816908034022,True,False,False,CONTINUED_PLASTIC_LOADING
BH032,379,380,3.8000009059906006,0.4746054039910519,3023,2,1,-137.41903686523438,-137.0061798095703,0.4128570556640625,146.23548135356913,145.98397984364885,-0.2512254047687214,0.0,0.0,TRUE_ELASTIC_UNLOADING,-0.0016662300273047,0.0,0.0006746454027423,0.4429002547713264,0.001795059550268,355.0,0.4112224784328137,True,True,False,TRUE_ELASTIC_UNLOADING
BH032,379,380,3.8000009059906006,0.4746054039910519,3944,2,5,-2.52512526512146,-1.8264672756195068,0.6986579895019531,167.3791014904509,166.95273327167934,-0.433241275314618,0.0,0.0,TRUE_ELASTIC_UNLOADING,0.0001188180459322,0.0001188180459322,0.0004086487999312,1.1744701563477635,0.0004255759925788,355.0,0.4702893894976883,True,True,True,TRUE_ELASTIC_UNLOADING
BH032,379,380,3.8000009059906006,0.4746054039910519,3536,1,5,-270.9810485839844,-271.2276306152344,0.0,240.8814393691964,241.0808923104428,0.208501831776927,0.0,0.0,ELASTIC_RELOADING,,,,0.2595993255700272,0.0452863941633993,355.0,0.6791011050998389,True,False,False,ELASTIC_RELOADING
BH032,379,380,3.8000009059906006,0.4746054039910519,5009,3,5,-366.9271240234375,-325.82861328125,41.0985107421875,464.3362556423536,490.0000078431803,631.186585365248,0.0041423439979553,0.0036396441774781,CONTINUED_PLASTIC_LOADING_WITH_COMPONENT_DROP,,,,71.49594612233639,8.45029569268272,490.0,1.0000000160064904,True,False,False,CONTINUED_PLASTIC_LOADING_WITH_COMPONENT_DROP
BH032,379,380,3.8000009059906006,0.4746054039910519,4371,1,1,-211.6750946044922,-210.7625732421875,0.9125213623046876,352.1610469638396,351.77799818712407,-0.3847948904518107,0.0,0.0,TRUE_ELASTIC_UNLOADING,0.0019678791491022,0.0019678791491022,0.0003613127701888,1.062288268163035,0.0020045900593781,355.0,0.990923938555279,True,True,True,TRUE_ELASTIC_UNLOADING
BH032,379,380,3.8000009059906006,0.4746054039910519,3944,1,1,-98.6437759399414,-98.53722381591795,0.1065521240234375,132.1835088615115,132.89972581299986,0.708060815842646,0.0,0.0,ELASTIC_RELOADING,,,,1.6698629192763768,0.0001585006540386,355.0,0.3743654248253517,True,False,False,ELASTIC_RELOADING
BH032,379,380,3.8000009059906006,0.4746054039910519,3562,1,1,97.32503509521484,97.38941192626952,0.0,354.99350023520776,354.9035748190364,2.2160876524650903,1.1795200407505035e-05,1.2024770234236243e-05,CONTINUED_PLASTIC_LOADING,,,,0.1572030807855049,15.10442602297024,355.0,0.9997283797719336,True,False,False,CONTINUED_PLASTIC_LOADING
BH032,380,381,3.81000018119812,0.4738222350887527,3023,2,1,-137.0061798095703,-136.5812530517578,0.4249267578125,145.98397984364885,145.7148922940099,-0.2708539411933912,0.0,0.0,TRUE_ELASTIC_UNLOADING,0.0030945960592894,0.0030945960592894,0.0011678542572697,0.4517922497734054,0.0033166161477228,355.0,0.4104644853352391,True,True,False,TRUE_ELASTIC_UNLOADING
BH032,380,381,3.81000018119812,0.4738222350887527,3944,2,5,-1.8264672756195068,-1.1321203708648682,0.6943469047546387,166.95273327167934,166.7546847468245,-0.2018403576711465,0.0,0.0,TRUE_ELASTIC_UNLOADING,-4.654113433799623e-05,0.0,0.0002069534776035,1.5701167304699206,0.0002121217072301,355.0,0.469731506329083,True,True,True,TRUE_ELASTIC_UNLOADING
BH032,380,381,3.81000018119812,0.4738222350887527,3536,1,5,-271.2276306152344,-270.9185485839844,0.30908203125,241.0808923104428,240.8600527867788,-0.2260432971120817,0.0,0.0,TRUE_ELASTIC_UNLOADING,0.0074586445951077,0.0074586445951077,0.0076947492458704,0.5389533813385058,0.0107552986612485,355.0,0.6784790219345881,True,True,False,TRUE_ELASTIC_UNLOADING
BH032,380,381,3.81000018119812,0.4738222350887527,5009,3,5,-325.82861328125,-297.1849365234375,28.6436767578125,490.0000078431803,449.6383562271271,107.3508175403308,0.0041617751121521,0.0036397347540183,CONTINUED_PLASTIC_LOADING_WITH_COMPONENT_DROP,,,,353.0936151763284,1.7084217139559956,490.0,0.9176292984227084,True,False,False,CONTINUED_PLASTIC_LOADING_WITH_COMPONENT_DROP
BH032,380,381,3.81000018119812,0.4738222350887527,4371,1,1,-210.7625732421875,-210.823974609375,0.0,351.77799818712407,353.4854767403743,2.342414292256329,3.78582626581192e-06,3.294629809493405e-06,CONTINUED_PLASTIC_LOADING,,,,1.9676188783461963,0.3916753926070507,355.0,0.995733737296829,True,False,False,CONTINUED_PLASTIC_LOADING
BH032,380,381,3.81000018119812,0.4738222350887527,3944,1,1,-98.53722381591795,-99.48773956298828,0.0,132.89972581299986,132.63079487743548,-0.2803864119933513,0.0,0.0,TRUE_ELASTIC_UNLOADING,0.0003648407828138,0.0003648407828138,0.000158531376285,2.2627633509186604,0.0003979172916638,355.0,0.3736078728941844,True,True,True,TRUE_ELASTIC_UNLOADING
BH032,380,381,3.81000018119812,0.4738222350887527,3562,1,1,97.38941192626952,98.70365142822266,0.0,354.9035748190364,354.9963766488493,1.8842524993699976,9.173061698675156e-06,9.319885471198815e-06,CONTINUED_PLASTIC_LOADING,,,,1.3971136815963126,1.321120157055535,355.0,0.9999897933770404,True,False,False,CONTINUED_PLASTIC_LOADING
BH032,381,382,3.820000648498535,0.4732479518008002,3023,2,1,-136.5812530517578,-136.4444580078125,0.1367950439453125,145.7148922940099,145.5167650231628,-0.1981963313618034,0.0,0.0,TRUE_ELASTIC_UNLOADING,-0.000211491774585,0.0,0.0011148664574277,0.247568273735395,0.0011347409611078,355.0,0.4099063803469375,True,True,False,TRUE_ELASTIC_UNLOADING
BH032,381,382,3.820000648498535,0.4732479518008002,3944,2,5,-1.1321203708648682,-2.653489112854004,0.0,166.7546847468245,166.6311946586087,-0.1310687605287049,0.0,0.0,TRUE_ELASTIC_UNLOADING,-2.804187022187321e-05,0.0,3.031068876480268e-05,2.222127766608422,4.129213254211209e-05,355.0,0.4693836469256583,True,True,True,TRUE_ELASTIC_UNLOADING
BH032,381,382,3.820000648498535,0.4732479518008002,3536,1,5,-270.9185485839844,-270.5904235839844,0.328125,240.8600527867788,240.66518040892345,-0.1963339143326317,0.0,0.0,TRUE_ELASTIC_UNLOADING,0.0039804988022209,0.0039804988022209,0.0012598927677291,0.39080493928962,0.0041902946528003,355.0,0.6779300856589393,True,False,False,TRUE_ELASTIC_UNLOADING
BH032,381,382,3.820000648498535,0.4732479518008002,5009,3,5,-297.1849365234375,-284.5368347167969,12.648101806640623,449.6383562271271,428.7971867891975,146.45981929193812,0.0040230751037597,0.0035087809003797,CONTINUED_PLASTIC_LOADING,,,,321.9070828310117,1.8023428519974507,490.0,0.8750962995697908,True,False,False,CONTINUED_PLASTIC_LOADING_WITH_COMPONENT_DROP
BH032,381,382,3.820000648498535,0.4732479518008002,4371,1,1,-210.823974609375,-209.4662628173828,1.3577117919921875,353.4854767403743,351.51931336043464,-1.896106367178844,4.228204488754273e-07,3.681945594015412e-07,CONTINUED_PLASTIC_LOADING,,,,2.670553535041956,0.0313803296887673,355.0,0.9901952489026328,True,False,False,CONTINUED_PLASTIC_LOADING_WITH_COMPONENT_DROP
BH032,381,382,3.820000648498535,0.4732479518008002,3944,1,1,-99.48773956298828,-97.6506576538086,1.8370819091796875,132.63079487743548,131.92781620748602,-0.7126980903332661,0.0,0.0,TRUE_ELASTIC_UNLOADING,0.0002492312130054,0.0002492312130054,0.000115597315814,2.4047424935959403,0.0002747906685393,355.0,0.371627651288693,True,True,True,TRUE_ELASTIC_UNLOADING
BH032,381,382,3.820000648498535,0.4732479518008002,3562,1,1,98.70365142822266,99.0980987548828,0.0,354.9963766488493,354.99999960194674,1.7233685115231947,8.799601346254349e-06,8.952867319301367e-06,CONTINUED_PLASTIC_LOADING,,,,0.425657593148881,4.164165087353039,355.0,0.9999999988787232,True,False,False,CONTINUED_PLASTIC_LOADING
BH032,382,383,3.829999923706055,0.4723257029636822,3023,2,1,-136.4444580078125,-136.2306671142578,0.2137908935546875,145.5167650231628,145.5119423087955,-0.0066374167889421,0.0,0.0,AMBIGUOUS,,,,0.3393187038370434,0.0051896054823131,355.0,0.4098927952360437,True,False,False,AMBIGUOUS
BH032,382,383,3.829999923706055,0.4723257029636822,3944,2,5,-2.653489112854004,-2.2517101764678955,0.4017789363861084,166.6311946586087,166.01104742348008,-0.6211457559217428,0.0,0.0,TRUE_ELASTIC_UNLOADING,0.0002242112126624,0.0002242112126624,0.0002594986674717,0.7511883093337101,0.0003429763471858,355.0,0.4676367533055777,True,True,False,TRUE_ELASTIC_UNLOADING
BH032,382,383,3.829999923706055,0.4723257029636822,3536,1,5,-270.5904235839844,-268.89862060546875,1.691802978515625,240.66518040892345,239.4440732620996,-1.224224864085717,0.0,0.0,TRUE_ELASTIC_UNLOADING,-0.0002160902114318,0.0,0.0002020138774681,1.7762741772435495,0.0002957776355101,355.0,0.674490347217182,True,True,True,TRUE_ELASTIC_UNLOADING
BH032,382,383,3.829999923706055,0.4723257029636822,5009,3,5,-284.5368347167969,-291.1643981933594,0.0,428.7971867891975,421.4556605905577,197.7081533892604,0.0039225220680236,0.0034168754281921,CONTINUED_PLASTIC_LOADING,,,,299.16891068140586,1.89037085470978,490.0,0.8601135930419546,True,False,False,CONTINUED_PLASTIC_LOADING
BH032,382,383,3.829999923706055,0.4723257029636822,4371,1,1,-209.4662628173828,-207.90853881835932,1.5577239990234375,351.51931336043464,350.1739994815257,0.3133853826254777,9.81707125902176e-06,8.554866406769176e-06,CONTINUED_PLASTIC_LOADING,,,,2.1740211370095857,0.9232367374252876,355.0,0.986405632342326,True,False,False,CONTINUED_PLASTIC_LOADING_WITH_COMPONENT_DROP
BH032,382,383,3.829999923706055,0.4723257029636822,3944,1,1,-97.6506576538086,-97.75348663330078,0.0,131.92781620748602,131.6436726861804,-0.2856189929097232,0.0,0.0,TRUE_ELASTIC_UNLOADING,0.0005600968588479,0.0005600968588479,0.0013006811884218,0.4978078692382385,0.0014162737070988,355.0,0.370827247003325,True,True,False,TRUE_ELASTIC_UNLOADING
BH032,382,383,3.829999923706055,0.4723257029636822,3562,1,1,99.0980987548828,99.11871337890624,0.0,354.99999960194674,354.6426808645805,0.1550066709278757,2.5993213057518005e-06,2.6515877040427155e-06,CONTINUED_PLASTIC_LOADING,,,,0.4053717063383917,1.3066256740508322,355.0,0.9989934672241704,True,False,False,CONTINUED_PLASTIC_LOADING
BH032,383,384,3.8400003910064697,0.4711130731331066,3023,2,1,-136.2306671142578,-135.80270385742188,0.4279632568359375,145.5119423087955,145.09578979680495,-0.4175022867711971,0.0,0.0,TRUE_ELASTIC_UNLOADING,8.138367103449617e-06,8.138367103449617e-06,0.0008034971998941,0.5710678913828034,0.0008035384052512,355.0,0.4087205346388872,True,True,False,TRUE_ELASTIC_UNLOADING
BH032,383,384,3.8400003910064697,0.4711130731331066,3944,2,5,-2.2517101764678955,-0.8719651103019714,1.379745066165924,166.01104742348008,166.73763791867222,0.7205890780787287,0.0,0.0,ELASTIC_RELOADING,,,,1.919681751322285,0.0001365938751289,355.0,0.4696834870948513,True,False,False,ELASTIC_RELOADING
BH032,383,384,3.8400003910064697,0.4711130731331066,3536,1,5,-268.89862060546875,-269.2020568847656,0.0,239.4440732620996,239.7683999993353,0.3246142670373132,0.0,0.0,ELASTIC_RELOADING,,,,0.6520235484088879,0.0046968531004699,355.0,0.6754039436600994,True,False,False,ELASTIC_RELOADING
BH032,383,384,3.8400003910064697,0.4711130731331066,5009,3,5,-291.1643981933594,-306.0098876953125,0.0,421.4556605905577,467.8920158227139,189.6646601776497,0.0037633776664733,0.0032851442418795,CONTINUED_PLASTIC_LOADING,,,,322.05123088978723,1.6885706607274826,490.0,0.954881664944314,True,False,False,CONTINUED_PLASTIC_LOADING
BH032,383,384,3.8400003910064697,0.4711130731331066,4371,1,1,-207.90853881835932,-207.75718688964844,0.1513519287109375,350.1739994815257,350.73180154701254,0.5578300836177968,0.0,0.0,ELASTIC_RELOADING,,,,0.7735854398665326,0.0063830318582694,355.0,0.9879769057662324,True,False,False,ELASTIC_RELOADING
BH032,383,384,3.8400003910064697,0.4711130731331066,3944,1,1,-97.75348663330078,-98.13655090332033,0.0,131.6436726861804,131.62640436907012,-0.0183871331055921,0.0,0.0,AMBIGUOUS,,,,0.7386195496191627,0.000349402959928,355.0,0.3707786038565355,True,False,False,AMBIGUOUS
BH032,383,384,3.8400003910064697,0.4711130731331066,3562,1,1,99.11871337890624,100.4107666015625,0.0,354.6426808645805,353.9657465291339,3.261372455635569,2.027256414294243e-05,2.061493991192604e-05,CONTINUED_PLASTIC_LOADING,,,,1.3435553734710255,3.02495032737259,355.0,0.9970866099412224,True,False,False,CONTINUED_PLASTIC_LOADING
BH032,384,385,3.8500008583068848,0.4707257553670231,3023,2,1,-135.80270385742188,-135.46237182617188,0.34033203125,145.09578979680495,144.87713446187388,-0.2196641160365538,0.0,0.0,TRUE_ELASTIC_UNLOADING,0.0041053984388016,0.0041053984388016,0.0001137936071757,0.3798412762159183,0.0041238925286342,355.0,0.4081046041179546,True,True,False,TRUE_ELASTIC_UNLOADING
BH032,384,385,3.8500008583068848,0.4707257553670231,3944,2,5,-0.8719651103019714,-2.023031949996948,0.0,166.73763791867222,165.89318113863428,-0.8523854189358309,0.0,0.0,TRUE_ELASTIC_UNLOADING,2.004970582181187e-05,2.004970582181187e-05,1.4387907517562802e-05,2.180614276610484,2.467830450271316e-05,355.0,0.4673047356017867,True,True,True,TRUE_ELASTIC_UNLOADING
BH032,384,385,3.8500008583068848,0.4707257553670231,3536,1,5,-269.2020568847656,-268.86407470703125,0.337982177734375,239.7683999993353,239.6225370245288,-0.1472573455953264,0.0,0.0,TRUE_ELASTIC_UNLOADING,-0.0006390801786302,0.0,0.0025896982143089,1.0452018201112407,0.0026672900312536,355.0,0.6749930620409262,True,True,True,TRUE_ELASTIC_UNLOADING
BH032,384,385,3.8500008583068848,0.4707257553670231,5009,3,5,-306.0098876953125,-318.1038818359375,0.0,467.8920158227139,455.0689956595148,463.3400809652205,0.003713846206665,0.0032536193109839,CONTINUED_PLASTIC_LOADING,,,,23.734937976444883,22.69867304709077,490.0,0.9287122360398262,True,False,False,CONTINUED_PLASTIC_LOADING
BH032,384,385,3.8500008583068848,0.4707257553670231,4371,1,1,-207.75718688964844,-207.6470184326172,0.11016845703125,350.73180154701254,351.0443573273985,0.8628414622489636,3.259629011154175e-06,2.844465399503998e-06,CONTINUED_PLASTIC_LOADING,,,,1.059597309051617,0.6306665839178106,355.0,0.988857344584221,True,False,False,CONTINUED_PLASTIC_LOADING
BH032,384,385,3.8500008583068848,0.4707257553670231,3944,1,1,-98.13655090332033,-96.71675872802734,1.4197921752929688,131.62640436907012,131.0972654098784,-0.5373386269389362,0.0,0.0,TRUE_ELASTIC_UNLOADING,0.0001227663868315,0.0001227663868315,7.384381322189327e-05,2.1433284594726176,0.0001432766409107,355.0,0.3692880715771222,True,True,True,TRUE_ELASTIC_UNLOADING
BH032,384,385,3.8500008583068848,0.4707257553670231,3562,1,1,100.4107666015625,100.7710952758789,0.0,353.9657465291339,354.9996130181637,1.4102886493382136,1.948326826095581e-06,1.9798387530422173e-06,CONTINUED_PLASTIC_LOADING,,,,1.2116831732268964,0.3213933157918273,355.0,0.9999989099103204,True,False,False,CONTINUED_PLASTIC_LOADING
BH032,385,386,3.860000133514404,0.4702798898478003,3023,2,1,-135.46237182617188,-135.4827117919922,0.0,144.87713446187388,144.82119125521513,-0.0559789512519115,0.0,0.0,TRUE_ELASTIC_UNLOADING,0.0001350147104912,0.0001350147104912,0.0004101621798347,0.1866461991321493,0.0004318182076762,355.0,0.4079470176203243,True,True,False,TRUE_ELASTIC_UNLOADING
BH032,385,386,3.860000133514404,0.4702798898478003,3944,2,5,-2.023031949996948,-1.3568304777145386,0.6662014722824097,165.89318113863428,165.88410301879185,-0.0145256679977897,0.0,0.0,AMBIGUOUS,,,,1.6426969244532217,0.0001236229948256,355.0,0.4672791634332164,True,False,False,AMBIGUOUS
BH032,385,386,3.860000133514404,0.4702798898478003,3536,1,5,-268.86407470703125,-269.1907653808594,0.0,239.6225370245288,239.78321095254,0.1638176632408468,0.0,0.0,ELASTIC_RELOADING,,,,0.4929356444970448,0.0102117451259437,355.0,0.6754456646550423,True,False,False,ELASTIC_RELOADING
BH032,385,386,3.860000133514404,0.4702798898478003,5009,3,5,-318.1038818359375,-330.3149108886719,0.0,455.0689956595148,458.8658017125,194.13813044306755,0.0037366151809692,0.0032644004607204,CONTINUED_PLASTIC_LOADING,,,,308.8869534575384,1.7511447432255691,490.0,0.9364608198214286,True,False,False,CONTINUED_PLASTIC_LOADING
BH032,385,386,3.860000133514404,0.4702798898478003,4371,1,1,-207.6470184326172,-207.48817443847656,0.158843994140625,351.0443573273985,351.6138760247045,0.5692082336477995,0.0,0.0,ELASTIC_RELOADING,,,,0.7886534313397191,0.0013363887964711,355.0,0.9904616226048014,True,False,False,ELASTIC_RELOADING
BH032,385,386,3.860000133514404,0.4702798898478003,3944,1,1,-96.71675872802734,-97.71065521240234,0.0,131.0972654098784,130.8521976789409,-0.2616309261134872,0.0,0.0,TRUE_ELASTIC_UNLOADING,-0.0002189956018947,0.0,0.0003315790537822,2.5336430348479158,0.0003973446070218,355.0,0.3685977399406786,True,True,True,TRUE_ELASTIC_UNLOADING
BH032,385,386,3.860000133514404,0.4702798898478003,3562,1,1,100.7710952758789,101.49716186523438,0.0,354.9996130181637,354.6863634092037,1.7033707150600128,1.036468893289566e-05,1.0527889278465506e-05,CONTINUED_PLASTIC_LOADING,,,,0.7791030025093192,2.676309347293887,355.0,0.9991165166456442,True,False,False,CONTINUED_PLASTIC_LOADING
BH032,386,387,3.8700006008148193,0.4691735448958631,3023,2,1,-135.4827117919922,-134.82240295410156,0.660308837890625,144.82119125521513,144.36604866960096,-0.4564752706874395,0.0,0.0,TRUE_ELASTIC_UNLOADING,0.0005772545929723,0.0005772545929723,0.0002741444025194,0.6852657623392907,0.0006393457909606,355.0,0.4066649258298618,True,True,False,TRUE_ELASTIC_UNLOADING
BH032,386,387,3.8700006008148193,0.4691735448958631,3944,2,5,-1.3568304777145386,-2.039538860321045,0.0,165.88410301879185,166.26717498946235,0.3762365829330047,0.0,0.0,ELASTIC_RELOADING,,,,1.7716541594307644,0.0003436389346133,355.0,0.4683582394069362,True,False,False,ELASTIC_RELOADING
BH032,386,387,3.8700006008148193,0.4691735448958631,3536,1,5,-269.1907653808594,-267.3385925292969,1.8521728515625,239.78321095254,238.4997395656808,-1.2838656256951615,0.0,0.0,TRUE_ELASTIC_UNLOADING,-0.003063792427892,0.0,0.0012262076646825,1.96041960684814,0.0032913735624623,355.0,0.6718302522976924,True,True,True,TRUE_ELASTIC_UNLOADING
BH032,386,387,3.8700006008148193,0.4691735448958631,5009,3,5,-330.3149108886719,-333.7471618652344,0.0,458.8658017125,378.40442285846206,356.4987904283994,0.0037128925323486,0.0032466457229533,CONTINUED_PLASTIC_LOADING,,,,156.97207973116417,3.422709842647377,490.0,0.772253924200943,True,False,False,CONTINUED_PLASTIC_LOADING
BH032,386,387,3.8700006008148193,0.4691735448958631,4371,1,1,-207.48817443847656,-207.1739196777344,0.3142547607421875,351.6138760247045,352.0920008914805,0.9335445345920752,2.7138739824295044e-06,2.370288682982164e-06,CONTINUED_PLASTIC_LOADING,,,,0.6569025122488905,0.835437403933191,355.0,0.991808453215438,True,False,False,CONTINUED_PLASTIC_LOADING
BH032,386,387,3.8700006008148193,0.4691735448958631,3944,1,1,-97.71065521240234,-96.07414245605467,1.6365127563476562,130.8521976789409,130.84492192396988,-0.0279441102607247,0.0,0.0,AMBIGUOUS,,,,3.026853218395591,0.0006724088232138,355.0,0.3685772448562531,True,False,False,AMBIGUOUS
BH032,386,387,3.8700006008148193,0.4691735448958631,3562,1,1,101.49716186523438,101.89179229736328,0.0,354.6863634092037,354.9500182788305,2.432902908350564,1.119496300816536e-05,1.1366589170296606e-05,CONTINUED_PLASTIC_LOADING,,,,0.5506842799546516,4.077124028908074,355.0,0.9998592064192408,True,False,False,CONTINUED_PLASTIC_LOADING
BH032,387,388,3.8800010681152335,0.468384073475211,3023,2,1,-134.82240295410156,-134.5266571044922,0.295745849609375,144.36604866960096,144.18154209468346,-0.1848922547673758,0.0,0.0,TRUE_ELASTIC_UNLOADING,0.0002615439710524,0.0002615439710524,0.0016588136205895,0.3280212387620317,0.001679316357928,355.0,0.4061451889991083,True,True,False,TRUE_ELASTIC_UNLOADING
BH032,387,388,3.8800010681152335,0.468384073475211,3944,2,5,-2.039538860321045,-0.4184076189994812,1.6211312413215635,166.26717498946235,165.75378739245548,-0.5236460875998377,0.0,0.0,TRUE_ELASTIC_UNLOADING,-1.610307527544208e-06,0.0,2.15371698422973e-05,2.6188467893759437,2.159728638086158e-05,355.0,0.4669120771618464,True,True,True,TRUE_ELASTIC_UNLOADING
BH032,387,388,3.8800010681152335,0.468384073475211,3536,1,5,-267.3385925292969,-267.588623046875,0.0,238.4997395656808,238.70662383939896,0.2066092237153969,0.0,0.0,ELASTIC_RELOADING,,,,0.2989605114414256,0.0010684713221638,355.0,0.6724130248997153,True,False,False,ELASTIC_RELOADING
BH032,387,388,3.8800010681152335,0.468384073475211,5009,3,5,-333.7471618652344,-338.8022155761719,0.0,378.40442285846206,472.6620503068012,622.2190894100632,0.0037020444869995,0.0032398577413021,CONTINUED_PLASTIC_LOADING,,,,165.2069701544448,3.2462190633678363,490.0,0.9646164291975534,True,False,False,CONTINUED_PLASTIC_LOADING
BH032,387,388,3.8800010681152335,0.468384073475211,4371,1,1,-207.1739196777344,-207.09085083007807,0.08306884765625,352.0920008914805,352.7034398754772,0.7951501287557314,1.0961666703224182e-06,9.57074866002975e-07,CONTINUED_PLASTIC_LOADING,,,,0.7332920814136151,0.3016431037480526,355.0,0.99353081655064,True,False,False,CONTINUED_PLASTIC_LOADING
BH032,387,388,3.8800010681152335,0.468384073475211,3944,1,1,-96.07414245605467,-97.71473693847656,0.0,130.84492192396988,130.81932071481322,-0.0425981465739077,0.0,0.0,AMBIGUOUS,,,,2.797526784817704,0.0006600732911502,355.0,0.3685051287741217,True,False,False,AMBIGUOUS
BH032,387,388,3.8800010681152335,0.468384073475211,3562,1,1,101.89179229736328,102.68907928466795,0.0,354.9500182788305,354.9734637569931,1.2716198448630642,6.435904651880264e-06,6.520316550785648e-06,CONTINUED_PLASTIC_LOADING,,,,0.8336315110690788,1.55131141158166,355.0,0.9999252500196988,True,False,False,CONTINUED_PLASTIC_LOADING
BH032,388,389,3.890000343322754,0.468250785784578,3023,2,1,-134.5266571044922,-134.14141845703125,0.3852386474609375,144.18154209468346,143.91463068314883,-0.268249818592188,0.0,0.0,TRUE_ELASTIC_UNLOADING,0.0023093710510379,0.0023093710510379,0.0010309592241082,0.4058825177071605,0.0025339266229382,355.0,0.4053933258680248,True,True,False,TRUE_ELASTIC_UNLOADING
BH032,388,389,3.890000343322754,0.468250785784578,3944,2,5,-0.4184076189994812,-1.681427240371704,0.0,165.75378739245548,165.81826844131032,0.0572271327135439,0.0,0.0,ELASTIC_RELOADING,,,,2.0119800896168227,0.0002955939177916,355.0,0.467093713919184,True,False,False,ELASTIC_RELOADING
BH032,388,389,3.890000343322754,0.468250785784578,3536,1,5,-267.588623046875,-267.4424133300781,0.146209716796875,238.70662383939896,238.63599901160424,-0.0719783186650751,0.0,0.0,TRUE_ELASTIC_UNLOADING,0.0010280029685125,0.0010280029685125,0.0073558612773432,0.2281761941508892,0.0074274897134045,355.0,0.6722140817228288,True,False,False,TRUE_ELASTIC_UNLOADING
BH032,388,389,3.890000343322754,0.468250785784578,5009,3,5,-338.8022155761719,-337.8785095214844,0.9237060546875,472.6620503068012,382.9331205034598,354.75834380495223,0.0036747455596923,0.003227748284043,CONTINUED_PLASTIC_LOADING,,,,145.4605564347621,3.674014481732573,490.0,0.7814961642927751,True,False,False,CONTINUED_PLASTIC_LOADING_WITH_COMPONENT_DROP
BH032,388,389,3.890000343322754,0.468250785784578,4371,1,1,-207.09085083007807,-205.8837432861328,1.2071075439453125,352.7034398754772,350.98388953159133,-1.4998502078574014,1.3029202818870544e-06,1.1398749928963345e-06,CONTINUED_PLASTIC_LOADING,,,,2.312767540983861,0.1141269740953731,355.0,0.988687012765046,True,False,False,CONTINUED_PLASTIC_LOADING_WITH_COMPONENT_DROP
BH032,388,389,3.890000343322754,0.468250785784578,3944,1,1,-97.71473693847656,-95.91815185546876,1.7965850830078125,130.81932071481322,130.30603577941372,-0.5230519068295225,0.0,0.0,TRUE_ELASTIC_UNLOADING,1.6385577062627554e-05,1.6385577062627554e-05,0.0002276642021116,2.399678089903544,0.0002282531161843,355.0,0.3670592557166584,True,True,True,TRUE_ELASTIC_UNLOADING
BH032,388,389,3.890000343322754,0.468250785784578,3562,1,1,102.68907928466795,104.19390869140624,0.0,354.9734637569931,354.9854777059948,1.5498218067707454,7.920898497104645e-06,8.028521072323417e-06,CONTINUED_PLASTIC_LOADING,,,,1.5637614439754317,1.0218516761691778,355.0,0.9999590921295628,True,False,False,CONTINUED_PLASTIC_LOADING
BH032,389,390,3.900000810623169,0.4675825893232442,3023,2,1,-134.14141845703125,-134.16677856445312,0.0,143.91463068314883,144.01557886061389,0.1016836116736127,0.0,0.0,ELASTIC_RELOADING,,,,0.1372653317020383,0.0055209578812176,355.0,0.4056776869313067,True,False,False,ELASTIC_RELOADING
BH032,389,390,3.900000810623169,0.4675825893232442,3944,2,5,-1.681427240371704,-1.5739117860794067,0.1075154542922973,165.81826844131032,165.18964784296085,-0.6291245336822604,0.0,0.0,TRUE_ELASTIC_UNLOADING,0.0001427370865572,0.0001427370865572,0.0001063925125036,0.5725275203664385,0.0001780423042923,355.0,0.4653229516703122,True,True,False,TRUE_ELASTIC_UNLOADING
BH032,389,390,3.900000810623169,0.4675825893232442,3536,1,5,-267.4424133300781,-267.7955627441406,0.0,238.63599901160424,238.9684563796029,0.331019059998447,0.0,0.0,ELASTIC_RELOADING,,,,0.8166127135262338,0.0005763632497108,355.0,0.6731505813509941,True,False,False,ELASTIC_RELOADING
BH032,389,390,3.900000810623169,0.4675825893232442,5009,3,5,-337.8785095214844,-335.8934936523437,1.985015869140625,382.9331205034598,408.6124296863203,627.8437765814701,0.003680408000946,0.00323427228277,CONTINUED_PLASTIC_LOADING,,,,71.48616336158419,7.48644817406422,490.0,0.8339029177271843,True,False,False,CONTINUED_PLASTIC_LOADING_WITH_COMPONENT_DROP
BH032,389,390,3.900000810623169,0.4675825893232442,4371,1,1,-205.8837432861328,-205.8769378662109,0.006805419921875,350.98388953159133,352.5058735431839,1.5940588081574394,4.209578037261963e-07,3.688740958025741e-07,CONTINUED_PLASTIC_LOADING,,,,1.839589696167384,0.0485235829754627,355.0,0.9929742916709404,True,False,False,CONTINUED_PLASTIC_LOADING
BH032,389,390,3.900000810623169,0.4675825893232442,3944,1,1,-95.91815185546876,-95.983154296875,0.0,130.30603577941372,129.84207100334098,-0.4640460600948267,0.0,0.0,TRUE_ELASTIC_UNLOADING,2.4193718478282555e-05,2.4193718478282555e-05,0.0012511806509277,0.7058339986786994,0.0012514145576293,355.0,0.3657523126854675,True,True,False,TRUE_ELASTIC_UNLOADING
BH032,389,390,3.900000810623169,0.4675825893232442,3562,1,1,104.19390869140624,104.7739486694336,0.0,354.9854777059948,355.0000091857821,1.4595556040912514,7.43987038731575e-06,7.530001120201784e-06,CONTINUED_PLASTIC_LOADING,,,,0.6073346849349716,2.472478055887128,355.0,1.000000025875443,True,False,False,CONTINUED_PLASTIC_LOADING
BH032,390,391,3.910000085830689,0.4670350182791012,3023,2,1,-134.16677856445312,-134.06344604492188,0.10333251953125,144.01557886061389,143.83232069747393,-0.1851290036274271,0.0,0.0,TRUE_ELASTIC_UNLOADING,0.0004366546468836,0.0004366546468836,0.0030859436292733,0.390175366038416,0.0031167098087491,355.0,0.4051614667534477,True,True,False,TRUE_ELASTIC_UNLOADING
BH032,390,391,3.910000085830689,0.4670350182791012,3944,2,5,-1.5739117860794067,-0.5072748064994812,1.0666369795799255,165.18964784296085,165.96491072701295,0.7725397904167732,0.0,0.0,ELASTIC_RELOADING,,,,1.3199421807915486,4.070937034139811e-05,355.0,0.4675067907803181,True,False,False,ELASTIC_RELOADING
BH032,390,391,3.910000085830689,0.4670350182791012,3536,1,5,-267.7955627441406,-265.8489990234375,1.946563720703125,238.9684563796029,237.4559902809464,-1.5217723365318303,0.0,0.0,TRUE_ELASTIC_UNLOADING,0.001689014498841,0.001689014498841,0.0007521114360494,2.4561758823496693,0.0018515132238266,355.0,0.6688901134674545,True,True,True,TRUE_ELASTIC_UNLOADING
BH032,390,391,3.910000085830689,0.4670350182791012,5009,3,5,-335.8934936523437,-328.3745422363281,7.518951416015625,408.6124296863203,467.39143494018873,416.44892784498194,0.003671646118164,0.0032303430683982,CONTINUED_PLASTIC_LOADING,,,,248.89846634212788,2.1500196190118364,490.0,0.9538600713065076,True,False,False,CONTINUED_PLASTIC_LOADING_WITH_COMPONENT_DROP
BH032,390,391,3.910000085830689,0.4670350182791012,4371,1,1,-205.8769378662109,-205.6678924560547,0.20904541015625,352.5058735431839,351.7279232720746,-0.6710116575093549,6.528571248054504e-07,5.707973053754047e-07,CONTINUED_PLASTIC_LOADING,,,,0.9525076587799486,0.1327006536573032,355.0,0.990782882456548,True,False,False,CONTINUED_PLASTIC_LOADING
BH032,390,391,3.910000085830689,0.4670350182791012,3944,1,1,-95.983154296875,-96.4532470703125,0.0,129.84207100334098,130.25445062005147,0.4109535838189515,0.0,0.0,ELASTIC_RELOADING,,,,0.5933283914082991,0.0016403224368668,355.0,0.3669139454085957,True,False,False,ELASTIC_RELOADING
BH032,390,391,3.910000085830689,0.4670350182791012,3562,1,1,104.7739486694336,104.7650909423828,0.0,355.0000091857821,354.9841285242343,0.8707807481806973,4.571862518787384e-06,4.606699494115415e-06,CONTINUED_PLASTIC_LOADING,,,,0.197690633671046,4.663734400844189,355.0,0.9999552916175614,True,False,False,CONTINUED_PLASTIC_LOADING
BH032,391,392,3.920000553131104,0.4662340597184427,3023,2,1,-134.06344604492188,-133.49862670898438,0.5648193359375,143.83232069747393,143.36591364292627,-0.4669367693542137,0.0,0.0,TRUE_ELASTIC_UNLOADING,0.0005960436155594,0.0005960436155594,0.0003613819755773,0.5816792806958309,0.0006973440988032,355.0,0.403847644064581,True,True,False,TRUE_ELASTIC_UNLOADING
BH032,391,392,3.920000553131104,0.4662340597184427,3944,2,5,-0.5072748064994812,-1.6917510032653809,0.0,165.96491072701295,164.91586723005764,-1.052957058146876,0.0,0.0,TRUE_ELASTIC_UNLOADING,3.67355711016204e-05,3.67355711016204e-05,6.116499987638134e-05,1.666220590515837,7.134955191080884e-05,355.0,0.4645517386762187,True,True,True,TRUE_ELASTIC_UNLOADING
BH032,391,392,3.920000553131104,0.4662340597184427,3536,1,5,-265.8489990234375,-266.0217590332031,0.0,237.4559902809464,237.65095272401817,0.1979454698881878,0.0,0.0,ELASTIC_RELOADING,,,,0.4078715014914694,0.0102617401027239,355.0,0.6694393034479384,True,False,False,ELASTIC_RELOADING
BH032,391,392,3.920000553131104,0.4662340597184427,5009,3,5,-328.3745422363281,-320.06011962890625,8.314422607421875,467.39143494018873,412.32225896853134,431.5676300577926,0.0036268234252929,0.0031928419005586,CONTINUED_PLASTIC_LOADING,,,,54.00270869171348,9.798861208514584,490.0,0.8414739978949619,True,False,False,CONTINUED_PLASTIC_LOADING_WITH_COMPONENT_DROP
BH032,391,392,3.920000553131104,0.4662340597184427,4371,1,1,-205.6678924560547,-205.3191680908203,0.348724365234375,351.7279232720746,352.7887415794865,1.39245444059017,1.966021955013275e-06,1.7213905509521643e-06,CONTINUED_PLASTIC_LOADING,,,,1.344837425102965,0.2990832264560069,355.0,0.9937711030408072,True,False,False,CONTINUED_PLASTIC_LOADING
BH032,391,392,3.920000553131104,0.4662340597184427,3944,1,1,-96.4532470703125,-95.20340728759766,1.2498397827148438,130.25445062005147,129.56843603341147,-0.6887634820525707,0.0,0.0,TRUE_ELASTIC_UNLOADING,-0.0003113263656102,0.0,0.0002441533110714,1.5795782982892648,0.000395568720266,355.0,0.3649815099532718,True,True,True,TRUE_ELASTIC_UNLOADING
BH032,391,392,3.920000553131104,0.4662340597184427,3562,1,1,104.7650909423828,105.48171997070312,0.0,354.9841285242343,354.44503573939005,0.8439798061837899,7.141381502151489e-06,7.201974639125949e-06,CONTINUED_PLASTIC_LOADING,,,,0.8145294691918349,1.7666236572157763,355.0,0.998436720392648,True,False,False,CONTINUED_PLASTIC_LOADING
BH032,392,393,3.930001020431519,0.4657452610737226,3023,2,1,-133.49862670898438,-133.32009887695312,0.17852783203125,143.36591364292627,143.4060132711914,0.0400879702439263,0.0,0.0,ELASTIC_RELOADING,,,,0.3131853533261791,0.0033933243897476,355.0,0.4039606007639194,True,False,False,ELASTIC_RELOADING
BH032,392,393,3.930001020431519,0.4657452610737226,3944,2,5,-1.6917510032653809,-0.9139837026596068,0.7777673006057739,164.91586723005764,164.9166238012971,-0.0013297109311373,0.0,0.0,AMBIGUOUS,,,,1.086074798331614,0.0001782650507169,355.0,0.4645538698628088,True,False,False,AMBIGUOUS
BH032,392,393,3.930001020431519,0.4657452610737226,3536,1,5,-266.0217590332031,-265.6646728515625,0.357086181640625,237.65095272401817,237.4506277367577,-0.1995137102928872,0.0,0.0,TRUE_ELASTIC_UNLOADING,-0.0020031466160714,0.0,0.0037028997501076,0.6256033099435316,0.0042080851699995,355.0,0.6688750077091766,True,True,False,TRUE_ELASTIC_UNLOADING
BH032,392,393,3.930001020431519,0.4657452610737226,5009,3,5,-320.06011962890625,-307.1612854003906,12.898834228515623,412.32225896853134,382.7692987787243,521.521218507158,0.003649890422821,0.0032124284231564,CONTINUED_PLASTIC_LOADING,,,,30.238258902327992,17.58385736431226,490.0,0.7811618342422945,True,False,False,CONTINUED_PLASTIC_LOADING_WITH_COMPONENT_DROP
BH032,392,393,3.930001020431519,0.4657452610737226,4371,1,1,-205.3191680908203,-204.50274658203125,0.8164215087890625,352.7887415794865,351.2256598796724,-0.8513293034484128,4.1835010051727295e-06,3.668599712574712e-06,CONTINUED_PLASTIC_LOADING,,,,2.002181908609443,0.427720276900726,355.0,0.9893680559990772,True,False,False,CONTINUED_PLASTIC_LOADING_WITH_COMPONENT_DROP
BH032,392,393,3.930001020431519,0.4657452610737226,3944,1,1,-95.20340728759766,-95.87139129638672,0.0,129.56843603341147,129.5651369980304,-0.0094181201630023,0.0,0.0,AMBIGUOUS,,,,1.5413284493236166,0.0003581632832807,355.0,0.3649722168958603,True,False,False,AMBIGUOUS
BH032,392,393,3.930001020431519,0.4657452610737226,3562,1,1,105.48171997070312,106.3797378540039,0.0,354.44503573939005,354.9832109508152,1.8898174650830184,7.017515599727631e-06,7.086507229658521e-06,CONTINUED_PLASTIC_LOADING,,,,1.1950180873112404,1.1766162413044257,355.0,0.9999527069037047,True,False,False,CONTINUED_PLASTIC_LOADING
BH032,393,394,3.940000295639038,0.4652113931870988,3023,2,1,-133.32009887695312,-133.21755981445312,0.1025390625,143.4060132711914,143.2029418794466,-0.202394888240301,0.0,0.0,TRUE_ELASTIC_UNLOADING,-0.0013228468367529,0.0,0.0039317851984248,0.216351564315119,0.0041477958355426,355.0,0.4033885686744974,True,True,False,TRUE_ELASTIC_UNLOADING
BH032,393,394,3.940000295639038,0.4652113931870988,3944,2,5,-0.9139837026596068,-1.2086261510849,0.0,164.9166238012971,164.81053103131123,-0.1063906035991847,0.0,0.0,TRUE_ELASTIC_UNLOADING,6.388605316010043e-05,6.388605316010043e-05,0.0002546161567869,0.5394732927035508,0.0002625096948486,355.0,0.4642550169896091,True,True,False,TRUE_ELASTIC_UNLOADING
BH032,393,394,3.940000295639038,0.4652113931870988,3536,1,5,-265.6646728515625,-265.5492248535156,0.115447998046875,237.4506277367577,237.2267830718762,-0.2211310848434349,0.0,0.0,TRUE_ELASTIC_UNLOADING,-0.0029970306025044,0.0,0.0059127264533503,0.6850668110724457,0.0066248483210009,355.0,0.6682444593573977,True,False,False,TRUE_ELASTIC_UNLOADING
BH032,393,394,3.940000295639038,0.4652113931870988,5009,3,5,-307.1612854003906,-294.30078125,12.860504150390623,382.7692987787243,480.2790633521327,624.5343528448313,0.0035581588745117,0.0031398429591422,CONTINUED_PLASTIC_LOADING,,,,111.5948094863154,4.657385772803717,490.0,0.9801613537798628,True,False,False,CONTINUED_PLASTIC_LOADING_WITH_COMPONENT_DROP
BH032,393,394,3.940000295639038,0.4652113931870988,4371,1,1,-204.50274658203125,-204.3975067138672,0.1052398681640625,351.2256598796724,352.07127927035185,0.8455112745587158,0.0,0.0,ELASTIC_RELOADING,,,,0.984412253388086,0.0014796446587955,355.0,0.9917500824516954,True,False,False,ELASTIC_RELOADING
BH032,393,394,3.940000295639038,0.4652113931870988,3944,1,1,-95.87139129638672,-94.98480224609376,0.8865890502929688,129.5651369980304,129.41845670775984,-0.1539518169882883,0.0,0.0,TRUE_ELASTIC_UNLOADING,0.0002284150417292,0.0002284150417292,0.0001992786149692,1.8097510459109856,0.000303165366034,355.0,0.3645590329796052,True,True,True,TRUE_ELASTIC_UNLOADING
BH032,393,394,3.940000295639038,0.4652113931870988,3562,1,1,106.3797378540039,106.48381042480467,0.0,354.9832109508152,354.97716850560494,1.0441924110770673,5.4263509809970856e-06,5.478466657175269e-06,CONTINUED_PLASTIC_LOADING,,,,0.1118223528264364,9.778444401651432,355.0,0.9999356859312816,True,False,False,CONTINUED_PLASTIC_LOADING
BH032,394,395,3.950000762939453,0.4647936845233115,3023,2,1,-133.21755981445312,-132.5783233642578,0.6392364501953125,143.2029418794466,142.78222536452176,-0.4202152941394326,0.0,0.0,TRUE_ELASTIC_UNLOADING,-0.001175109661222,0.0,0.0007438329564471,0.7255533991199438,0.0013895789938583,355.0,0.4022034517310472,True,True,False,TRUE_ELASTIC_UNLOADING
BH032,394,395,3.950000762939453,0.4647936845233115,3944,2,5,-1.2086261510849,-0.5195659399032593,0.6890602111816406,164.81053103131123,165.20574053050615,0.3937749996923763,0.0,0.0,ELASTIC_RELOADING,,,,1.168960754666559,0.0003775056542323,355.0,0.4653682831845243,True,False,False,ELASTIC_RELOADING
BH032,394,395,3.950000762939453,0.4647936845233115,3536,1,5,-265.5492248535156,-264.5700378417969,0.97918701171875,237.2267830718762,236.59116865868933,-0.6397701914044043,0.0,0.0,TRUE_ELASTIC_UNLOADING,0.0024557734337156,0.0024557734337156,0.0012176316924637,1.0356261764274843,0.0027464834229345,355.0,0.6664539962216601,True,True,True,TRUE_ELASTIC_UNLOADING
BH032,394,395,3.950000762939453,0.4647936845233115,5009,3,5,-294.30078125,-292.30181884765625,1.99896240234375,480.2790633521327,350.03800300480503,200.4150607140984,0.0034455060958862,0.0030843504928531,CONTINUED_PLASTIC_LOADING,,,,148.6027503688287,3.407458455290265,490.0,0.7143632714383776,True,False,False,CONTINUED_PLASTIC_LOADING_WITH_COMPONENT_DROP
BH032,394,395,3.950000762939453,0.4647936845233115,4371,1,1,-204.3975067138672,-204.8194122314453,0.0,352.07127927035185,353.5135621839864,2.0967219912800505,3.837980329990387e-06,3.366944480258396e-06,CONTINUED_PLASTIC_LOADING,,,,1.7012390937510773,0.4642159372446315,355.0,0.9958128512224969,True,False,False,CONTINUED_PLASTIC_LOADING
BH032,394,395,3.950000762939453,0.4647936845233115,3944,1,1,-94.98480224609376,-95.69874572753906,0.0,129.41845670775984,129.46160146997454,0.0370322873476805,0.0,0.0,ELASTIC_RELOADING,,,,1.7398228422433284,0.0016925127286705,355.0,0.364680567521055,True,False,False,ELASTIC_RELOADING
BH032,394,395,3.950000762939453,0.4647936845233115,3562,1,1,106.48381042480467,106.3165054321289,0.0,354.97716850560494,354.98395249930843,1.4394266417378097,7.421709597110748e-06,7.4904851576682225e-06,CONTINUED_PLASTIC_LOADING,,,,0.1723068878986385,8.655931384675895,355.0,0.9999547957727,True,False,False,CONTINUED_PLASTIC_LOADING
BH032,395,396,3.9600000381469727,0.4639844016118259,3023,2,1,-132.5783233642578,-131.78868103027344,0.789642333984375,142.78222536452176,142.06102185492236,-0.7205187421314642,0.0,0.0,TRUE_ELASTIC_UNLOADING,-0.0013034790702448,0.0,0.0002087523878424,0.8304077159678154,0.0013184136000435,355.0,0.4001718925490771,True,True,False,TRUE_ELASTIC_UNLOADING
BH032,395,396,3.9600000381469727,0.4639844016118259,3944,2,5,-0.5195659399032593,-1.4838862419128418,0.0,165.20574053050615,164.22404834538483,-0.9883024053815814,0.0,0.0,TRUE_ELASTIC_UNLOADING,6.636998929299143e-05,6.636998929299143e-05,5.4960730616786725e-05,1.9462910541799163,8.617564945504155e-05,355.0,0.4626029530855911,True,True,True,TRUE_ELASTIC_UNLOADING
BH032,395,396,3.9600000381469727,0.4639844016118259,3536,1,5,-264.5700378417969,-264.2841491699219,0.285888671875,236.59116865868933,236.51669457139204,-0.0756043054757744,0.0,0.0,TRUE_ELASTIC_UNLOADING,-0.0016882060266822,0.0,0.0021871800459968,0.5422441701314559,0.0027611924938757,355.0,0.6662442100602592,True,True,False,TRUE_ELASTIC_UNLOADING
BH032,395,396,3.9600000381469727,0.4639844016118259,5009,3,5,-292.30181884765625,-296.27374267578125,0.0,350.03800300480503,465.6823466277245,621.7855946620721,0.0032877326011657,0.0029602873066177,CONTINUED_PLASTIC_LOADING,,,,135.9572196468326,3.589150242110752,490.0,0.950372135974948,True,False,False,CONTINUED_PLASTIC_LOADING
BH032,395,396,3.9600000381469727,0.4639844016118259,4371,1,1,-204.8194122314453,-204.00672912597656,0.81268310546875,353.5135621839864,353.5405606800816,0.9485778283026868,5.427747964859009e-06,4.764295291447821e-06,CONTINUED_PLASTIC_LOADING,,,,1.1675603165996136,0.9495814546611694,355.0,0.9958889033241736,True,False,False,CONTINUED_PLASTIC_LOADING_WITH_COMPONENT_DROP
BH032,395,396,3.9600000381469727,0.4639844016118259,3944,1,1,-95.69874572753906,-94.22498321533205,1.4737625122070312,129.46160146997454,128.9159939553477,-0.5523685576843467,0.0,0.0,TRUE_ELASTIC_UNLOADING,-8.193766136965763e-05,0.0,0.0002833228653638,1.947854234563721,0.0002949313985351,355.0,0.3631436449446413,True,True,True,TRUE_ELASTIC_UNLOADING
BH032,395,396,3.9600000381469727,0.4639844016118259,3562,1,1,106.3165054321289,107.42794799804688,0.0,354.98395249930843,354.9076754950784,0.971850291425688,5.4151751101017e-06,5.459092126719044e-06,CONTINUED_PLASTIC_LOADING,,,,1.133802063144742,0.9658335810822564,355.0,0.999739930972052,True,False,False,CONTINUED_PLASTIC_LOADING
BH032,396,397,3.970000505447388,0.4631027323252125,3023,2,1,-131.78868103027344,-130.40879821777344,1.3798828125,142.06102185492236,140.62639747889446,-1.435306550569089,0.0,0.0,TRUE_ELASTIC_UNLOADING,-0.000641131377489,0.0,0.0003780987755257,1.6098908342901077,0.0007439633837529,355.0,0.3961306971236463,True,True,True,TRUE_ELASTIC_UNLOADING
BH032,396,397,3.970000505447388,0.4631027323252125,3944,2,5,-1.4838862419128418,-0.5599913597106934,0.9238948822021484,164.22404834538483,164.48015906743308,0.2501493178356941,0.0,0.0,ELASTIC_RELOADING,,,,1.831506632229016,2.5604499441781414e-05,355.0,0.4633243917392481,True,False,False,ELASTIC_RELOADING
BH032,396,397,3.970000505447388,0.4631027323252125,3536,1,5,-264.2841491699219,-263.86297607421875,0.421173095703125,236.51669457139204,236.18217414150493,-0.3339346691230958,0.0,0.0,TRUE_ELASTIC_UNLOADING,-0.0028700146952602,0.0,0.00193111745863,0.4366422339647071,0.0034524036050615,355.0,0.6653018989901547,True,True,False,TRUE_ELASTIC_UNLOADING
BH032,396,397,3.970000505447388,0.4631027323252125,5009,3,5,-296.27374267578125,-316.09552001953125,0.0,465.6823466277245,466.9210693326807,414.54433440801466,0.003153920173645,0.0028226473692372,CONTINUED_PLASTIC_LOADING,,,,22.91312674296784,20.42946071096146,490.0,0.9529001414952668,True,False,False,CONTINUED_PLASTIC_LOADING
BH032,396,397,3.970000505447388,0.4631027323252125,4371,1,1,-204.00672912597656,-203.21192932128903,0.7947998046875,353.5405606800816,352.15230649056707,-1.3916861745092033,0.0,0.0,TRUE_ELASTIC_UNLOADING,0.0005850591394251,0.0005850591394251,0.0005290997403158,2.0081573344010355,0.0007890763664609,355.0,0.9919783281424424,True,True,True,TRUE_ELASTIC_UNLOADING
BH032,396,397,3.970000505447388,0.4631027323252125,3944,1,1,-94.22498321533205,-94.99305725097656,0.0,128.9159939553477,128.61160029578662,-0.3082804798472425,0.0,0.0,TRUE_ELASTIC_UNLOADING,0.0004094720858273,0.0004094720858273,0.0007426492050009,1.4027032054912745,0.0008481347406542,355.0,0.3622861980163003,True,True,True,TRUE_ELASTIC_UNLOADING
BH032,396,397,3.970000505447388,0.4631027323252125,3562,1,1,107.42794799804688,108.8810806274414,0.0,354.9076754950784,354.91394076389963,1.3926023774993848,7.195398211479187e-06,7.250922473522408e-06,CONTINUED_PLASTIC_LOADING,,,,1.5098275277665634,0.9589999833907228,355.0,0.9997575796166188,True,False,False,CONTINUED_PLASTIC_LOADING
BH032,397,398,3.9800009727478014,0.4627113975053484,3023,2,1,-130.40879821777344,-128.8881072998047,1.52069091796875,140.62639747889446,138.96035321595937,-1.6746497007612882,0.0,0.0,TRUE_ELASTIC_UNLOADING,-0.0001166616423295,0.0,0.0001110179381509,2.162547673733393,0.0001610333686756,355.0,0.3914376146928433,True,True,True,TRUE_ELASTIC_UNLOADING
BH032,397,398,3.9800009727478014,0.4627113975053484,3944,2,5,-0.5599913597106934,-0.3458321690559387,0.2141591906547546,164.48015906743308,164.8707962890553,0.3890074232703265,0.0,0.0,ELASTIC_RELOADING,,,,0.7260619636188281,0.0002297503253114,355.0,0.464424778279029,True,False,False,ELASTIC_RELOADING
BH032,397,398,3.9800009727478014,0.4627113975053484,3536,1,5,-263.86297607421875,-263.4068298339844,0.456146240234375,236.18217414150493,235.9072028078951,-0.2740504974931557,0.0,0.0,TRUE_ELASTIC_UNLOADING,-0.0028013618993598,0.0,0.0036541663316751,0.6831765941185097,0.0045996382117837,355.0,0.6645273318532257,True,True,False,TRUE_ELASTIC_UNLOADING
BH032,397,398,3.9800009727478014,0.4627113975053484,5009,3,5,-316.09552001953125,-347.5587158203125,0.0,466.9210693326807,415.1968685320453,172.4626027965607,0.0030788779258728,0.0027432149236925,CONTINUED_PLASTIC_LOADING,,,,247.7264160706416,1.8340582820194156,490.0,0.8473405480245823,True,False,False,CONTINUED_PLASTIC_LOADING
BH032,397,398,3.9800009727478014,0.4627113975053484,4371,1,1,-203.21192932128903,-203.5405120849609,0.0,352.15230649056707,353.391936586732,1.2354525105046894,0.0,0.0,ELASTIC_RELOADING,,,,1.4874316070447853,0.0043636772085844,355.0,0.9954702439062874,True,False,False,ELASTIC_RELOADING
BH032,397,398,3.9800009727478014,0.4627113975053484,3944,1,1,-94.99305725097656,-94.59681701660156,0.396240234375,128.61160029578662,129.14808827646306,0.5317583927602407,0.0,0.0,ELASTIC_RELOADING,,,,1.3617443780464766,0.0004949877148761,355.0,0.3637974317646846,True,False,False,ELASTIC_RELOADING
BH032,397,398,3.9800009727478014,0.4627113975053484,3562,1,1,108.8810806274414,109.83364868164062,0.0,354.91394076389963,354.96208111450323,1.4748675942156686,7.409136742353439e-06,7.467987760589043e-06,CONTINUED_PLASTIC_LOADING,,,,0.9992078346185174,1.493726852411104,355.0,0.9998931862380372,True,False,False,CONTINUED_PLASTIC_LOADING
BH032,398,399,3.990000247955322,0.4623423389785372,3023,2,1,-128.8881072998047,-128.6824493408203,0.205657958984375,138.96035321595937,138.50256131682758,-0.4625180063528746,0.0,0.0,TRUE_ELASTIC_UNLOADING,0.000527991541286,0.000527991541286,0.0009892551861974,0.7699561641466408,0.0011214701246727,355.0,0.3901480600474016,True,True,False,TRUE_ELASTIC_UNLOADING
BH032,398,399,3.990000247955322,0.4623423389785372,3944,2,5,-0.3458321690559387,-1.226001262664795,0.0,164.8707962890553,163.83777809100758,-1.0353053403009185,0.0,0.0,TRUE_ELASTIC_UNLOADING,-5.48807805917928e-05,0.0,0.0001590066852779,1.060795342147132,0.0001682102731162,355.0,0.4615148678619932,True,True,True,TRUE_ELASTIC_UNLOADING
BH032,398,399,3.990000247955322,0.4623423389785372,3536,1,5,-263.4068298339844,-262.9305419921875,0.476287841796875,235.9072028078951,235.51808181325777,-0.3914299999591061,0.0,0.0,TRUE_ELASTIC_UNLOADING,0.0006417228457956,0.0006417228457956,0.0020572728847396,0.8414060914770359,0.0021551582813382,355.0,0.6634312163753739,True,True,False,TRUE_ELASTIC_UNLOADING
BH032,398,399,3.990000247955322,0.4623423389785372,5009,3,5,-347.5587158203125,-376.7844543457031,0.0,415.1968685320453,420.9168253897933,473.61111608106125,0.0030570030212402,0.0027163616239457,CONTINUED_PLASTIC_LOADING,,,,89.5917312581837,5.023428191866949,490.0,0.8590139293669251,True,False,False,CONTINUED_PLASTIC_LOADING
BH032,398,399,3.990000247955322,0.4623423389785372,4371,1,1,-203.5405120849609,-203.328842163086,0.211669921875,353.391936586732,352.4963014609049,-0.9002484032900202,0.0,0.0,TRUE_ELASTIC_UNLOADING,0.0049700473311671,0.0049700473311671,0.0062042290400291,1.064636150433192,0.007964938454921,355.0,0.992947328058887,True,True,True,TRUE_ELASTIC_UNLOADING
BH032,398,399,3.990000247955322,0.4623423389785372,3944,1,1,-94.59681701660156,-93.8844223022461,0.7123947143554688,129.14808827646306,128.04762999654977,-1.104941999056371,0.0,0.0,TRUE_ELASTIC_UNLOADING,-0.0002294026731632,0.0,0.0007427415498664,1.2317136320287203,0.0007773457638594,355.0,0.3606975492860557,True,True,True,TRUE_ELASTIC_UNLOADING
BH032,398,399,3.990000247955322,0.4623423389785372,3562,1,1,109.83364868164062,109.26641082763672,0.0,354.96208111450323,354.71874192737886,-0.0352431190531829,1.0826624929904938e-06,1.0903594275157917e-06,CONTINUED_PLASTIC_LOADING,,,,0.6963438448402445,0.3120928023767406,355.0,0.9992077237390954,True,False,False,CONTINUED_PLASTIC_LOADING
BH032,399,400,4.000000476837158,0.4618754664297379,3023,2,1,-128.6824493408203,-128.32608032226562,0.3563690185546875,138.50256131682758,138.08743009428872,-0.4172664759612645,0.0,0.0,TRUE_ELASTIC_UNLOADING,-0.0004028465917658,0.0,0.0005386390195135,0.7813688898254671,0.000672522618261,355.0,0.38897867632194,True,True,False,TRUE_ELASTIC_UNLOADING
BH032,399,400,4.000000476837158,0.4618754664297379,3944,2,5,-1.226001262664795,-1.0369019508361816,0.1890993118286132,163.83777809100758,164.1778201912867,0.3387031035807967,0.0,0.0,ELASTIC_RELOADING,,,,0.601967420036516,0.0001852908423912,355.0,0.462472732933202,True,False,False,ELASTIC_RELOADING
BH032,399,400,4.000000476837158,0.4618754664297379,3536,1,5,-262.9305419921875,-262.7218322753906,0.208709716796875,235.51808181325777,235.387694623254,-0.1293524148594002,0.0,0.0,TRUE_ELASTIC_UNLOADING,-0.0025768661974137,0.0,0.0057088519041851,0.2611794152308816,0.0062607446497312,355.0,0.6630639285162084,True,False,False,TRUE_ELASTIC_UNLOADING
BH032,399,400,4.000000476837158,0.4618754664297379,5009,3,5,-376.7844543457031,-367.859130859375,8.925323486328125,420.9168253897933,452.8168714077892,550.7166619149084,0.0032939314842224,0.002951890556049,CONTINUED_PLASTIC_LOADING,,,,119.19842269531868,4.110329136951406,490.0,0.924116064097529,True,False,False,CONTINUED_PLASTIC_LOADING_WITH_COMPONENT_DROP
BH032,399,400,4.000000476837158,0.4618754664297379,4371,1,1,-203.328842163086,-203.13104248046875,0.1977996826171875,352.4963014609049,352.6046798184164,0.5393059667686646,2.52947211265564e-06,2.224070795594409e-06,CONTINUED_PLASTIC_LOADING,,,,0.2829440885044979,1.8175438965680533,355.0,0.9932526192068069,True,False,False,CONTINUED_PLASTIC_LOADING
BH032,399,400,4.000000476837158,0.4618754664297379,3944,1,1,-93.8844223022461,-93.86143493652344,0.0229873657226562,128.04762999654977,128.4080839687499,0.3598000357978791,0.0,0.0,ELASTIC_RELOADING,,,,0.4489491492048705,0.0015629856133292,355.0,0.3617129125880279,True,False,False,ELASTIC_RELOADING
BH032,399,400,4.000000476837158,0.4618754664297379,3562,1,1,109.26641082763672,110.2179718017578,0.0,354.71874192737886,355.0000375217853,0.3163730174956728,1.8905848264694214e-07,1.92327166752945e-07,AMBIGUOUS,,,,1.1006446709421207,0.0337107020323575,355.0,1.00000010569517,True,False,False,AMBIGUOUS
BH032,400,401,4.010000705718994,0.4606503483767547,3023,2,1,-128.32608032226562,-128.22422790527344,0.1018524169921875,138.08743009428872,137.72100943551996,-0.3714058448947892,0.0,0.0,TRUE_ELASTIC_UNLOADING,0.0004025091005708,0.0004025091005708,0.0011588105512209,0.739472647342221,0.0012267786328644,355.0,0.3879465054521689,True,True,False,TRUE_ELASTIC_UNLOADING
BH032,400,401,4.010000705718994,0.4606503483767547,3944,2,5,-1.0369019508361816,-0.8553962707519531,0.1815056800842285,164.1778201912867,163.5296273142757,-0.6486504034049799,0.0,0.0,TRUE_ELASTIC_UNLOADING,0.0003158038733317,0.0003158038733317,0.000346069674415,0.4271300896003449,0.0004685715628061,355.0,0.4606468375050019,True,True,False,TRUE_ELASTIC_UNLOADING
BH032,400,401,4.010000705718994,0.4606503483767547,3536,1,5,-262.7218322753906,-261.604736328125,1.117095947265625,235.387694623254,234.7154824832783,-0.6774137533450489,0.0,0.0,TRUE_ELASTIC_UNLOADING,0.0020525342015699,0.0020525342015699,0.0009441167839317,1.197774051915943,0.0022630945563064,355.0,0.6611703731923332,True,True,True,TRUE_ELASTIC_UNLOADING
BH032,400,401,4.010000705718994,0.4606503483767547,5009,3,5,-367.859130859375,-313.3397216796875,54.5194091796875,452.8168714077892,406.7470387608135,637.905864503258,0.004398226737976,0.0039375055998198,CONTINUED_PLASTIC_LOADING_WITH_COMPONENT_DROP,,,,55.41329749262879,11.777737396854612,490.0,0.8300959974710479,True,False,False,CONTINUED_PLASTIC_LOADING_WITH_COMPONENT_DROP
BH032,400,401,4.010000705718994,0.4606503483767547,4371,1,1,-203.13104248046875,-201.9480743408203,1.1829681396484375,352.6046798184164,351.42127107604364,-0.841352407682425,2.02283263206482e-06,1.7792659423962627e-06,CONTINUED_PLASTIC_LOADING,,,,1.8144192180302336,0.2249759708658203,355.0,0.989919073453644,True,False,False,CONTINUED_PLASTIC_LOADING_WITH_COMPONENT_DROP
BH032,400,401,4.010000705718994,0.4606503483767547,3944,1,1,-93.86143493652344,-93.56124877929688,0.3001861572265625,128.4080839687499,128.14031163308044,-0.2698069918165924,0.0,0.0,TRUE_ELASTIC_UNLOADING,0.0004405523451973,0.0004405523451973,0.000709255667877,0.6783359575250711,0.0008350454801373,355.0,0.3609586243185365,True,True,False,TRUE_ELASTIC_UNLOADING
BH032,400,401,4.010000705718994,0.4606503483767547,3562,1,1,110.2179718017578,110.93555450439452,0.0,355.0000375217853,354.4637187900452,0.4007756608602492,4.865694791078568e-06,4.873544695187844e-06,CONTINUED_PLASTIC_LOADING,,,,0.8510442186957198,1.153596752844817,355.0,0.9984893487043528,True,False,False,CONTINUED_PLASTIC_LOADING
BH032,401,402,4.019999980926514,0.4601142899837988,3023,2,1,-128.22422790527344,-127.9965591430664,0.2276687622070312,137.72100943551996,137.57211039825245,-0.151261547405824,0.0,0.0,TRUE_ELASTIC_UNLOADING,-0.0001470147766833,0.0,0.0001984437562984,0.7423354163021738,0.0002469552938425,355.0,0.3875270715443731,True,True,False,TRUE_ELASTIC_UNLOADING
BH032,401,402,4.019999980926514,0.4601142899837988,3944,2,5,-0.8553962707519531,0.2666991353034973,0.8553962707519531,163.5296273142757,164.06282851089574,0.5261407967237774,0.0,0.0,ELASTIC_RELOADING,,,,1.9573839166405584,0.0002310673661398,355.0,0.4621488127067485,True,False,False,ELASTIC_RELOADING
BH032,401,402,4.019999980926514,0.4601142899837988,3536,1,5,-261.604736328125,-261.67840576171875,0.0,234.7154824832783,234.8072518808936,0.0889720781412754,0.0,0.0,ELASTIC_RELOADING,,,,0.3704211717020366,0.0079628839611021,355.0,0.6614288785377284,True,False,False,ELASTIC_RELOADING
BH032,401,402,4.019999980926514,0.4601142899837988,5009,3,5,-313.3397216796875,-348.0531005859375,0.0,406.7470387608135,408.1672648391101,530.7553881288577,0.0034907460212707,0.0031418030734729,CONTINUED_PLASTIC_LOADING,,,,57.46588011111516,9.059466114739488,490.0,0.8329944180390002,True,False,False,CONTINUED_PLASTIC_LOADING
BH032,401,402,4.019999980926514,0.4601142899837988,4371,1,1,-201.9480743408203,-201.9712677001953,0.0,351.42127107604364,352.68029442429594,1.8244009068183007,3.32854688167572e-06,2.931679798881915e-06,CONTINUED_PLASTIC_LOADING,,,,1.4482337587348753,0.4692772254155158,355.0,0.9934656180966084,True,False,False,CONTINUED_PLASTIC_LOADING
BH032,401,402,4.019999980926514,0.4601142899837988,3944,1,1,-93.56124877929688,-93.99456787109376,0.0,128.14031163308044,127.835398783517,-0.3076858666841093,0.0,0.0,TRUE_ELASTIC_UNLOADING,0.0001676665821819,0.0001676665821819,0.000926524662385,1.2264944932265036,0.0009415781609945,355.0,0.3600997148831464,True,True,True,TRUE_ELASTIC_UNLOADING
BH032,401,402,4.019999980926514,0.4601142899837988,3562,1,1,110.93555450439452,111.98892211914062,0.0,354.4637187900452,354.84100322685003,1.1726643209198448,4.135072231292725e-06,4.14743618312027e-06,CONTINUED_PLASTIC_LOADING,,,,1.2674278566537835,0.6592210276740057,355.0,0.9995521217657748,True,False,False,CONTINUED_PLASTIC_LOADING
BH032,402,403,4.03000020980835,0.4596947270896243,3023,2,1,-127.9965591430664,-128.34674072265625,0.0,137.57211039825245,137.77409524869483,0.19818482717691,0.0,0.0,ELASTIC_RELOADING,,,,0.7757945614424904,0.0014958734784642,355.0,0.3880960429540699,True,False,False,ELASTIC_RELOADING
BH032,402,403,4.03000020980835,0.4596947270896243,3944,2,5,0.2666991353034973,1.0324573516845703,0.0,164.06282851089574,164.0697922131598,0.0046419604771385,0.0,0.0,ELASTIC_RELOADING,,,,0.7659875286876265,0.0004225569256508,355.0,0.4621684287694642,True,False,False,ELASTIC_RELOADING
BH032,402,403,4.03000020980835,0.4596947270896243,3536,1,5,-261.67840576171875,-260.43463134765625,1.2437744140625,234.8072518808936,233.8409717005087,-0.9670896320052108,0.0,0.0,TRUE_ELASTIC_UNLOADING,1.2295377004534204e-05,1.2295377004534204e-05,0.0006249717751221,1.2701761632980986,0.0006250927126639,355.0,0.6587069625366442,True,True,True,TRUE_ELASTIC_UNLOADING
BH032,402,403,4.03000020980835,0.4596947270896243,5009,3,5,-348.0531005859375,-346.9374084472656,1.115692138671875,408.1672648391101,434.2498810745363,592.0159785152335,0.0040563941001892,0.0036136545587929,CONTINUED_PLASTIC_LOADING,,,,170.99074199723694,3.494582941464184,490.0,0.8862242470908904,True,False,False,CONTINUED_PLASTIC_LOADING_WITH_COMPONENT_DROP
BH032,402,403,4.03000020980835,0.4596947270896243,4371,1,1,-201.9712677001953,-202.0345916748047,0.0,352.68029442429594,353.1252104925103,0.4822791631480573,2.1886080503463745e-07,1.9257797010349013e-07,CONTINUED_PLASTIC_LOADING,,,,0.5101844231261426,0.0876233267866259,355.0,0.9947189027958036,True,False,False,CONTINUED_PLASTIC_LOADING
BH032,402,403,4.03000020980835,0.4596947270896243,3944,1,1,-93.99456787109376,-94.45185089111328,0.0,127.835398783517,128.2688041632776,0.4334233388483943,0.0,0.0,ELASTIC_RELOADING,,,,0.5478265668388614,0.002330765683904,355.0,0.3613205751078242,True,False,False,ELASTIC_RELOADING
BH032,402,403,4.03000020980835,0.4596947270896243,3562,1,1,111.98892211914062,112.2868881225586,0.0,354.84100322685003,355.00003977785144,0.7358866934194644,3.012828528881073e-06,3.021324550735614e-06,CONTINUED_PLASTIC_LOADING,,,,0.3816859916486683,1.5873652564413183,355.0,1.0000001120502855,True,False,False,CONTINUED_PLASTIC_LOADING
BH032,403,404,4.0400004386901855,0.4590076153352073,3023,2,1,-128.34674072265625,-128.04486083984375,0.3018798828125,137.77409524869483,137.5276153218683,-0.2475786028359914,0.0,0.0,TRUE_ELASTIC_UNLOADING,0.0003598579224567,0.0003598579224567,0.0005812754708688,0.654207134317208,0.0006837193434929,355.0,0.3874017333010374,True,True,False,TRUE_ELASTIC_UNLOADING
BH032,403,404,4.0400004386901855,0.4590076153352073,3944,2,5,1.0324573516845703,-0.2978312969207763,0.0,164.0697922131598,163.4393504226492,-0.6377674650279841,0.0,0.0,TRUE_ELASTIC_UNLOADING,4.199673486637856e-05,4.199673486637856e-05,7.512145661348915e-05,2.1147065684820503,8.606455047043748e-05,355.0,0.4603925364018287,True,True,True,TRUE_ELASTIC_UNLOADING
BH032,403,404,4.0400004386901855,0.4590076153352073,3536,1,5,-260.43463134765625,-260.7601623535156,0.0,233.8409717005087,234.1330215853712,0.2903185266178382,0.0,0.0,ELASTIC_RELOADING,,,,0.8438701927597898,0.0002386720367833,355.0,0.6595296382686513,True,False,False,ELASTIC_RELOADING
BH032,403,404,4.0400004386901855,0.4590076153352073,5009,3,5,-346.9374084472656,-302.6996459960937,44.23776245117188,434.2498810745363,388.2102209762861,573.7264984731262,0.0039582848548889,0.0035727530683198,CONTINUED_PLASTIC_LOADING_WITH_COMPONENT_DROP,,,,47.53006557193702,12.470259905138867,490.0,0.7922657570944615,True,False,False,CONTINUED_PLASTIC_LOADING_WITH_COMPONENT_DROP
BH032,403,404,4.0400004386901855,0.4590076153352073,4371,1,1,-202.0345916748047,-201.1802978515625,0.8542938232421875,353.1252104925103,352.9799898936037,0.3986206493491761,3.176741302013397e-06,2.7992270662903887e-06,CONTINUED_PLASTIC_LOADING,,,,0.9330396012049552,0.7001801782034821,355.0,0.9943098306862076,True,False,False,CONTINUED_PLASTIC_LOADING_WITH_COMPONENT_DROP
BH032,403,404,4.0400004386901855,0.4590076153352073,3944,1,1,-94.45185089111328,-93.0189208984375,1.4329299926757812,128.2688041632776,127.82390297241824,-0.4517635251020873,0.0,0.0,TRUE_ELASTIC_UNLOADING,-0.0005263058257838,0.0,0.0001656624157767,2.056609183313965,0.0005514984274407,355.0,0.3600673323166711,True,True,True,TRUE_ELASTIC_UNLOADING
BH032,403,404,4.0400004386901855,0.4590076153352073,3562,1,1,112.2868881225586,113.08743286132812,0.0,355.00003977785144,354.97420448554254,0.8797774659438728,4.704110324382782e-06,4.711899421165012e-06,CONTINUED_PLASTIC_LOADING,,,,0.8250766827325612,1.1530591157018268,355.0,0.9999273365789932,True,False,False,CONTINUED_PLASTIC_LOADING
BH032,404,405,4.0500006675720215,0.4578362286730307,3023,2,1,-128.04486083984375,-127.4288330078125,0.61602783203125,137.5276153218683,136.86967125350213,-0.6616971733640147,0.0,0.0,TRUE_ELASTIC_UNLOADING,0.0005708110127414,0.0005708110127414,0.0005997738706057,1.004164237838763,0.0008282065299959,355.0,0.385548369728175,True,True,True,TRUE_ELASTIC_UNLOADING
BH032,404,405,4.0500006675720215,0.4578362286730307,3944,2,5,-0.2978312969207763,-0.1087316870689392,0.1890996098518371,163.4393504226492,162.8788382765693,-0.5631737178653626,0.0,0.0,TRUE_ELASTIC_UNLOADING,0.0001302315693216,0.0001302315693216,0.0001704290289927,1.0527861604425608,0.000214501127476,355.0,0.4588136289480825,True,True,True,TRUE_ELASTIC_UNLOADING
BH032,404,405,4.0500006675720215,0.4578362286730307,3536,1,5,-260.7601623535156,-260.608154296875,0.152008056640625,234.1330215853712,234.19066515388664,0.0589956439396448,0.0,0.0,ELASTIC_RELOADING,,,,0.5517922967841291,0.0058539920287775,355.0,0.6596920145179905,True,False,False,ELASTIC_RELOADING
BH032,404,405,4.0500006675720215,0.4578362286730307,5009,3,5,-302.6996459960937,-362.6329040527344,0.0,388.2102209762861,432.47604745287725,587.2120386577374,0.0034536719322204,0.0030948238850534,CONTINUED_PLASTIC_LOADING,,,,61.03792924449756,8.402900036241947,490.0,0.8826041784752597,True,False,False,CONTINUED_PLASTIC_LOADING
BH032,404,405,4.0500006675720215,0.4578362286730307,4371,1,1,-201.1802978515625,-200.8412170410156,0.339080810546875,352.9799898936037,353.2559593978232,1.6970676148834578,8.33161175251007e-06,7.34728604801502e-06,CONTINUED_PLASTIC_LOADING,,,,0.8725479947844522,1.9474192219718995,355.0,0.9950872095713328,True,False,False,CONTINUED_PLASTIC_LOADING
BH032,404,405,4.0500006675720215,0.4578362286730307,3944,1,1,-93.0189208984375,-92.98077392578124,0.03814697265625,127.82390297241824,127.05008383733934,-0.7792789777228418,0.0,0.0,TRUE_ELASTIC_UNLOADING,-0.0006368900616948,0.0,0.001254828915222,1.32137906699253,0.0014070208797083,355.0,0.3578875601051812,True,True,True,TRUE_ELASTIC_UNLOADING
BH032,404,405,4.0500006675720215,0.4578362286730307,3562,1,1,113.08743286132812,114.01292419433594,0.0,354.97420448554254,354.36755051982624,0.6218236328908684,6.387475878000259e-06,6.3978944707487736e-06,CONTINUED_PLASTIC_LOADING,,,,1.0329345004961423,1.2522922678724364,355.0,0.9982184521685246,True,False,False,CONTINUED_PLASTIC_LOADING
BH032,405,406,4.059999942779541,0.4575339454685869,3023,2,1,-127.4288330078125,-126.92926788330078,0.4995651245117187,136.86967125350213,136.61540360782206,-0.2553973338687507,0.0,0.0,TRUE_ELASTIC_UNLOADING,-0.0003491214246984,0.0,0.000753824684623,0.6914781230870791,0.0008306938850326,355.0,0.3848321228389353,True,True,False,TRUE_ELASTIC_UNLOADING
BH032,405,406,4.059999942779541,0.4575339454685869,3944,2,5,-0.1087316870689392,-0.226097747683525,0.0,162.8788382765693,163.18440869876815,0.3053559013731701,0.0,0.0,ELASTIC_RELOADING,,,,0.25333634777554,0.0006537759035882,355.0,0.4596743907007553,True,False,False,ELASTIC_RELOADING
BH032,405,406,4.059999942779541,0.4575339454685869,3536,1,5,-260.608154296875,-260.3517150878906,0.256439208984375,234.19066515388664,234.04230050415907,-0.1532883634267356,0.0,0.0,TRUE_ELASTIC_UNLOADING,0.0033040288926009,0.0033040288926009,0.0050542596126458,0.6763453620337796,0.0060443662248113,355.0,0.6592740859272087,True,False,False,TRUE_ELASTIC_UNLOADING
BH032,405,406,4.059999942779541,0.4575339454685869,5009,3,5,-362.6329040527344,-298.17694091796875,64.45596313476562,432.47604745287725,362.383458707016,539.7582402380762,0.0042036175727844,0.0037855264585416,CONTINUED_PLASTIC_LOADING_WITH_COMPONENT_DROP,,,,160.67405351422536,3.90639610039921,490.0,0.7395580789939102,True,False,False,CONTINUED_PLASTIC_LOADING_WITH_COMPONENT_DROP
BH032,405,406,4.059999942779541,0.4575339454685869,4371,1,1,-200.8412170410156,-199.89292907714844,0.9482879638671876,353.2559593978232,351.8142149676519,-1.4436211020041414,0.0,0.0,TRUE_ELASTIC_UNLOADING,0.0006394677865019,0.0006394677865019,0.0007754139682157,1.962975889624692,0.0010053402986795,355.0,0.9910259576553574,True,True,True,TRUE_ELASTIC_UNLOADING
BH032,405,406,4.059999942779541,0.4575339454685869,3944,1,1,-92.98077392578124,-92.22745513916016,0.7533187866210938,127.05008383733934,126.6425197928128,-0.4085168237992436,0.0,0.0,TRUE_ELASTIC_UNLOADING,-0.001133082073228,0.0,0.0001475289526948,0.7813243571789863,0.0011413742707887,355.0,0.3567394923741205,True,True,False,TRUE_ELASTIC_UNLOADING
BH032,405,406,4.059999942779541,0.4575339454685869,3562,1,1,114.01292419433594,114.18541717529295,0.0,354.36755051982624,354.60653431951715,0.2411668565996674,0.0,0.0,AMBIGUOUS,,,,0.3736653102016568,0.0145264121878712,355.0,0.9988916459704708,True,False,False,AMBIGUOUS
BH032,406,407,4.070000171661377,0.4569944693527715,3023,2,1,-126.92926788330078,-126.85033416748048,0.0789337158203125,136.61540360782206,136.54824361157813,-0.0682881052002683,0.0,0.0,TRUE_ELASTIC_UNLOADING,-4.054685165399975e-08,0.0,0.0008839546892026,0.5171222639197491,0.0008839546876035,355.0,0.3846429397509243,True,True,False,TRUE_ELASTIC_UNLOADING
BH032,406,407,4.070000171661377,0.4569944693527715,3944,2,5,-0.226097747683525,-0.1109403520822525,0.1151573956012725,163.18440869876815,162.96629293508482,-0.2203317317973477,0.0,0.0,TRUE_ELASTIC_UNLOADING,-0.0001359558607125,0.0,0.0001422862477323,0.8209615725278878,0.0001967850255498,355.0,0.4590599800988305,True,True,False,TRUE_ELASTIC_UNLOADING
BH032,406,407,4.070000171661377,0.4569944693527715,3536,1,5,-260.3517150878906,-259.6553955078125,0.696319580078125,234.04230050415907,233.64529234026352,-0.4001073176405574,0.0,0.0,TRUE_ELASTIC_UNLOADING,0.0018682406251758,0.0018682406251758,0.0012522471842256,0.8188652363770648,0.0022520032840872,355.0,0.6581557530711648,True,True,False,TRUE_ELASTIC_UNLOADING
BH032,406,407,4.070000171661377,0.4569944693527715,5009,3,5,-298.17694091796875,-360.3040466308594,0.0,362.383458707016,404.4398989221939,580.2717194019327,0.0034090280532836,0.003049788757347,CONTINUED_PLASTIC_LOADING,,,,101.13974082079363,4.9984247576765375,490.0,0.8253875488208039,True,False,False,CONTINUED_PLASTIC_LOADING
BH032,406,407,4.070000171661377,0.4569944693527715,4371,1,1,-199.89292907714844,-200.55421447753903,0.0,351.8142149676519,353.23286131859925,1.921144953604737,2.952292561531067e-06,2.604232658525627e-06,CONTINUED_PLASTIC_LOADING,,,,1.8413473752761893,0.3261447535606038,355.0,0.9950221445594344,True,False,False,CONTINUED_PLASTIC_LOADING
BH032,406,407,4.070000171661377,0.4569944693527715,3944,1,1,-92.22745513916016,-92.00587463378906,0.2215805053710937,126.6425197928128,126.91678620349148,0.2725373454902784,0.0,0.0,ELASTIC_RELOADING,,,,0.8970861645747692,0.0003343172783373,355.0,0.357512073812652,True,False,False,ELASTIC_RELOADING
BH032,406,407,4.070000171661377,0.4569944693527715,3562,1,1,114.18541717529295,114.7882843017578,0.0,354.60653431951715,354.98004717067226,0.5960116287885913,1.1613592505455015e-06,1.1613994864192411e-06,CONTINUED_PLASTIC_LOADING,,,,0.8029817208430085,0.290435090775815,355.0,0.9999437948469642,True,False,False,CONTINUED_PLASTIC_LOADING
BH032,407,408,4.080000400543213,0.4563960138662833,3023,2,1,-126.85033416748048,-126.14435577392578,0.7059783935546875,136.54824361157813,135.82875160053442,-0.7190113506312665,0.0,0.0,TRUE_ELASTIC_UNLOADING,-0.0010921200686087,0.0,0.0005563209323044,0.7269876620697034,0.0012245888641828,355.0,0.3826162016916462,True,True,False,TRUE_ELASTIC_UNLOADING
BH032,407,408,4.080000400543213,0.4563960138662833,3944,2,5,-0.1109403520822525,-0.2931287586688995,0.0,162.96629293508482,162.80893232806267,-0.1604088638244705,0.0,0.0,TRUE_ELASTIC_UNLOADING,7.387382339085757e-05,7.387382339085757e-05,0.0009157575491785,0.7191356756963045,0.0009187328431493,355.0,0.4586167107832751,True,True,False,TRUE_ELASTIC_UNLOADING
BH032,407,408,4.080000400543213,0.4563960138662833,3536,1,5,-259.6553955078125,-258.9095764160156,0.745819091796875,233.64529234026352,233.25013279307865,-0.4018006274961525,0.0,0.0,TRUE_ELASTIC_UNLOADING,0.0041080172195639,0.0041080172195639,0.0035454000775792,0.926138874468379,0.0054392062463637,355.0,0.6570426275861371,True,True,False,TRUE_ELASTIC_UNLOADING
BH032,407,408,4.080000400543213,0.4563960138662833,5009,3,5,-360.3040466308594,-299.3861083984375,60.91793823242188,404.4398989221939,489.9999730319041,629.3483824810447,0.0041415095329284,0.0037318077433532,CONTINUED_PLASTIC_LOADING_WITH_COMPONENT_DROP,,,,226.93251955036925,2.726313170437187,490.0,0.9999999449630697,True,False,False,CONTINUED_PLASTIC_LOADING_WITH_COMPONENT_DROP
BH032,407,408,4.080000400543213,0.4563960138662833,4371,1,1,-200.55421447753903,-199.2476348876953,1.30657958984375,353.23286131859925,351.9051114733466,-0.6869674887663865,3.751367330551148e-06,3.3081653131114693e-06,CONTINUED_PLASTIC_LOADING,,,,2.104580318279506,0.3640420077084391,355.0,0.991282004150272,True,False,False,CONTINUED_PLASTIC_LOADING_WITH_COMPONENT_DROP
BH032,407,408,4.080000400543213,0.4563960138662833,3944,1,1,-92.00587463378906,-91.7638168334961,0.2420578002929687,126.91678620349148,126.27406006732534,-0.6428806857357361,0.0,0.0,TRUE_ELASTIC_UNLOADING,0.0004487874553023,0.0004487874553023,0.0022170185353769,0.6301783210120308,0.0022620259636353,355.0,0.3557015776544375,True,True,False,TRUE_ELASTIC_UNLOADING
BH032,407,408,4.080000400543213,0.4563960138662833,3562,1,1,114.7882843017578,116.00291442871094,0.0,354.98004717067226,354.62239035749786,0.8742989490376918,6.4033083617687225e-06,6.399589915938698e-06,CONTINUED_PLASTIC_LOADING,,,,1.2173924379360697,1.067531829697486,355.0,0.9989363108661912,True,False,False,CONTINUED_PLASTIC_LOADING
BH032,408,409,4.090000629425049,0.4557558156746173,3023,2,1,-126.14435577392578,-125.68689727783205,0.45745849609375,135.82875160053442,135.5909707201426,-0.2399934017128668,0.0,0.0,TRUE_ELASTIC_UNLOADING,-0.0009087444356334,0.0,0.0003411091577636,0.9677845563925228,0.0009698829520004,355.0,0.3819463963947678,True,True,False,TRUE_ELASTIC_UNLOADING
BH032,408,409,4.090000629425049,0.4557558156746173,3944,2,5,-0.2931287586688995,0.5139063596725464,0.2931287586688995,162.80893232806267,162.9553460695683,0.1440705392321937,0.0,0.0,ELASTIC_RELOADING,,,,1.113222256979677,0.0002197420356284,355.0,0.4590291438579388,True,False,False,ELASTIC_RELOADING
BH032,408,409,4.090000629425049,0.4557558156746173,3536,1,5,-258.9095764160156,-259.5135498046875,0.0,233.25013279307865,233.7321524007145,0.4842250697971937,0.0,0.0,ELASTIC_RELOADING,,,,0.6360945124311312,0.0071560021049172,355.0,0.6584004292977873,True,False,False,ELASTIC_RELOADING
BH032,408,409,4.090000629425049,0.4557558156746173,5009,3,5,-299.3861083984375,-357.0864562988281,0.0,489.9999730319041,416.8492362240702,294.9298194272878,0.0034267306327819,0.0030726886670827,CONTINUED_PLASTIC_LOADING,,,,145.81156118660235,3.494768881028681,490.0,0.8507127269878983,True,False,False,CONTINUED_PLASTIC_LOADING
BH032,408,409,4.090000629425049,0.4557558156746173,4371,1,1,-199.2476348876953,-199.5684967041016,0.0,351.9051114733466,351.81189448084217,0.8207624552276372,5.362555384635925e-06,4.736326796084884e-06,CONTINUED_PLASTIC_LOADING,,,,0.7438786098188389,1.466229957269359,355.0,0.9910194210727948,True,False,False,CONTINUED_PLASTIC_LOADING
BH032,408,409,4.090000629425049,0.4557558156746173,3944,1,1,-91.7638168334961,-92.28917694091795,0.0,126.27406006732534,126.42335542887396,0.1481956386148521,0.0,0.0,ELASTIC_RELOADING,,,,0.7890397418203402,0.0016344641966096,355.0,0.356122127968659,True,False,False,ELASTIC_RELOADING
BH032,408,409,4.090000629425049,0.4557558156746173,3562,1,1,116.00291442871094,117.13211059570312,0.0,354.62239035749786,353.9751965574699,-0.6523146422827949,0.0,0.0,TRUE_ELASTIC_UNLOADING,-0.0047824134498044,0.0,0.0059128052601308,1.272435772340529,0.0075904380558033,355.0,0.997113229739352,True,False,False,TRUE_ELASTIC_UNLOADING
BH032,409,410,4.099999904632568,0.45510378751137,3023,2,1,-125.68689727783205,-125.85369110107422,0.0,135.5909707201426,135.70421611746153,0.1093736813940006,0.0,0.0,ELASTIC_RELOADING,,,,0.87746224699014,0.0006429576266559,355.0,0.3822653975139761,True,False,False,ELASTIC_RELOADING
BH032,409,410,4.099999904632568,0.45510378751137,3944,2,5,0.5139063596725464,0.412980169057846,0.0,162.9553460695683,162.87426812100605,-0.0836530789754129,0.0,0.0,TRUE_ELASTIC_UNLOADING,3.7285976967393886e-05,3.7285976967393886e-05,0.0004186163882065,0.8447830074707839,0.0004202737484254,355.0,0.4588007552704395,True,True,False,TRUE_ELASTIC_UNLOADING
BH032,409,410,4.099999904632568,0.45510378751137,3536,1,5,-259.5135498046875,-258.30987548828125,1.20367431640625,233.7321524007145,232.8174486394228,-0.9188328420895244,0.0,0.0,TRUE_ELASTIC_UNLOADING,0.0025178846723304,0.0025178846723304,0.0008670443179777,1.2288739860334073,0.0026689980907872,355.0,0.6558237989842896,True,True,True,TRUE_ELASTIC_UNLOADING
BH032,409,410,4.099999904632568,0.45510378751137,5009,3,5,-357.0864562988281,-316.9950256347656,40.0914306640625,416.8492362240702,457.4366335132386,660.1201701373751,0.00386643409729,0.0035034430965646,CONTINUED_PLASTIC_LOADING_WITH_COMPONENT_DROP,,,,102.09717996549084,5.689968265036905,490.0,0.9335441500270176,True,False,False,CONTINUED_PLASTIC_LOADING_WITH_COMPONENT_DROP
BH032,409,410,4.099999904632568,0.45510378751137,4371,1,1,-199.5684967041016,-199.1381225585937,0.4303741455078125,351.81189448084217,352.96337519323663,1.3928117933309314,1.4118850231170654e-06,1.2480507956156471e-06,CONTINUED_PLASTIC_LOADING,,,,1.4061325378928484,0.2075773518073527,355.0,0.9942630287133426,True,False,False,CONTINUED_PLASTIC_LOADING
BH032,409,410,4.099999904632568,0.45510378751137,3944,1,1,-92.28917694091795,-91.2969207763672,0.9922561645507812,126.42335542887396,126.26924073028692,-0.1603014306603902,0.0,0.0,TRUE_ELASTIC_UNLOADING,0.0002513117237229,0.0002513117237229,0.0005590342614691,1.5860543449599116,0.0006129507510211,355.0,0.3556880020571463,True,True,True,TRUE_ELASTIC_UNLOADING
BH032,409,410,4.099999904632568,0.45510378751137,3562,1,1,117.13211059570312,117.90715026855467,0.0,353.9751965574699,354.88387051271746,0.909196496032628,0.0,0.0,AMBIGUOUS,,,,1.389897434100794,0.0019243080296422,355.0,0.9996728746837112,True,False,False,AMBIGUOUS
BH032,410,411,4.110000133514404,0.454648911952664,3023,2,1,-125.85369110107422,-125.43065643310548,0.42303466796875,135.70421611746153,135.62519511561464,-0.085365355577796,0.0,0.0,TRUE_ELASTIC_UNLOADING,-0.0004646021769714,0.0,0.0005233361941183,1.413437232485472,0.0006996681045268,355.0,0.3820428031425764,True,True,True,TRUE_ELASTIC_UNLOADING
BH032,410,411,4.110000133514404,0.454648911952664,3944,2,5,0.412980169057846,0.6194033026695251,0.0,162.87426812100605,162.4695101459723,-0.405681197537552,0.0,0.0,TRUE_ELASTIC_UNLOADING,0.0003133211167051,0.0003133211167051,0.0007192704657349,0.4838766300488567,0.000784590096467,355.0,0.4576605919604853,True,True,False,TRUE_ELASTIC_UNLOADING
BH032,410,411,4.110000133514404,0.454648911952664,3536,1,5,-258.30987548828125,-258.1896667480469,0.120208740234375,232.8174486394228,232.8417646791889,0.0184888671249224,0.0,0.0,ELASTIC_RELOADING,,,,0.3769733557993501,0.0192552589416278,355.0,0.6558922948709547,True,False,False,ELASTIC_RELOADING
BH032,410,411,4.110000133514404,0.454648911952664,5009,3,5,-316.9950256347656,-336.40313720703125,0.0,457.4366335132386,389.1513828392958,329.6277710609997,0.0037986636161804,0.0033897879375803,CONTINUED_PLASTIC_LOADING,,,,201.0020534995365,2.794985863459847,490.0,0.7941864955903997,True,False,False,CONTINUED_PLASTIC_LOADING
BH032,410,411,4.110000133514404,0.454648911952664,4371,1,1,-199.1381225585937,-198.6417236328125,0.49639892578125,352.96337519323663,351.8938258640358,-0.8796103123111861,1.1175870895385742e-06,9.878178938468035e-07,CONTINUED_PLASTIC_LOADING,,,,1.314653566471493,0.1712068431714571,355.0,0.9912502137015092,True,False,False,CONTINUED_PLASTIC_LOADING
BH032,410,411,4.110000133514404,0.454648911952664,3944,1,1,-91.2969207763672,-91.8051300048828,0.0,126.26924073028692,126.01232878680396,-0.2599502145322808,0.0,0.0,TRUE_ELASTIC_UNLOADING,0.0002261382012774,0.0002261382012774,0.0005092107360129,1.143015613047928,0.000557186845384,355.0,0.3549643064417013,True,True,True,TRUE_ELASTIC_UNLOADING
BH032,410,411,4.110000133514404,0.454648911952664,3562,1,1,117.90715026855467,119.2798843383789,0.0,354.88387051271746,354.8885573414402,1.2063245064909258,6.325077265501022e-06,6.281675735338944e-06,CONTINUED_PLASTIC_LOADING,,,,1.4103487465533613,0.9027467376208128,355.0,0.9996860770181416,True,False,False,CONTINUED_PLASTIC_LOADING
BH032,411,412,4.12000036239624,0.4537829770481095,3023,2,1,-125.43065643310548,-124.56985473632812,0.8608016967773438,135.62519511561464,134.6216802337593,-1.0044801316508616,0.0,0.0,TRUE_ELASTIC_UNLOADING,0.0003486737576555,0.0003486737576555,0.000296791490667,0.9394387404629152,0.0004579774985803,355.0,0.3792160006584769,True,True,False,TRUE_ELASTIC_UNLOADING
BH032,411,412,4.12000036239624,0.4537829770481095,3944,2,5,0.6194033026695251,-0.431178480386734,0.0,162.4695101459723,161.76355126342648,-0.709054453658537,0.0,0.0,TRUE_ELASTIC_UNLOADING,1.7390691720242657e-05,1.7390691720242657e-05,0.0001039711001461,1.125876573496261,0.0001054155398829,355.0,0.4556719753899337,True,True,True,TRUE_ELASTIC_UNLOADING
BH032,411,412,4.12000036239624,0.4537829770481095,3536,1,5,-258.1896667480469,-256.8619079589844,1.3277587890625,232.8417646791889,231.91046664179868,-0.9344409338084174,0.0,0.0,TRUE_ELASTIC_UNLOADING,0.0008927418325581,0.0008927418325581,0.0005073413695364,1.4160933858180456,0.0010275251595712,355.0,0.6532689201177427,True,True,True,TRUE_ELASTIC_UNLOADING
BH032,411,412,4.12000036239624,0.4537829770481095,5009,3,5,-336.40313720703125,-376.8049011230469,0.0,389.1513828392958,433.0712705542847,570.6871227054494,0.0033112168312072,0.0029747318151404,CONTINUED_PLASTIC_LOADING,,,,106.97807297125595,4.60421835559816,490.0,0.8838189194985402,True,False,False,CONTINUED_PLASTIC_LOADING
BH032,411,412,4.12000036239624,0.4537829770481095,4371,1,1,-198.6417236328125,-198.41262817382807,0.229095458984375,351.8938258640358,352.1838054116759,0.616429181234859,1.9315630197525024e-06,1.707023362111447e-06,CONTINUED_PLASTIC_LOADING,,,,0.403071816777302,0.9607904364727082,355.0,0.9920670574976788,True,False,False,CONTINUED_PLASTIC_LOADING
BH032,411,412,4.12000036239624,0.4537829770481095,3944,1,1,-91.8051300048828,-90.55020141601562,1.2549285888671875,126.01232878680396,124.99596548082432,-1.0190421581106386,0.0,0.0,TRUE_ELASTIC_UNLOADING,-0.0002025006072705,0.0,0.0006230323608799,1.2552405962410136,0.0006551024265149,355.0,0.3521013112135896,True,True,True,TRUE_ELASTIC_UNLOADING
BH032,411,412,4.12000036239624,0.4537829770481095,3562,1,1,119.2798843383789,119.85121154785156,0.0,354.8885573414402,354.9379637194478,0.046021981830457,0.0,0.0,AMBIGUOUS,,,,0.6019748682600171,0.0054096559587383,355.0,0.9998252499139374,True,False,False,AMBIGUOUS
BH032,412,413,4.130000591278076,0.453399624774938,3023,2,1,-124.56985473632812,-124.75201416015624,0.0,134.6216802337593,134.9774814346546,0.3558823651619389,0.0,0.0,ELASTIC_RELOADING,,,,0.3077391677858221,0.001656637094652,355.0,0.3802182575624073,True,False,False,ELASTIC_RELOADING
BH032,412,413,4.130000591278076,0.453399624774938,3944,2,5,-0.431178480386734,0.0142193138599395,0.431178480386734,161.76355126342648,162.3476709155034,0.5810773268448336,0.0,0.0,ELASTIC_RELOADING,,,,0.9325870731401564,9.673636524400616e-05,355.0,0.4573173828605729,True,False,False,ELASTIC_RELOADING
BH032,412,413,4.130000591278076,0.453399624774938,3536,1,5,-256.8619079589844,-258.2289733886719,0.0,231.91046664179868,232.9151702187415,1.0066505783981337,0.0,0.0,ELASTIC_RELOADING,,,,1.5526037078172332,0.0037772076779335,355.0,0.6560990710387085,True,False,False,ELASTIC_RELOADING
BH032,412,413,4.130000591278076,0.453399624774938,5009,3,5,-376.8049011230469,-295.7161560058594,81.0887451171875,433.0712705542847,433.6226556607987,575.2350658577226,0.0043579339981079,0.0039137088684997,CONTINUED_PLASTIC_LOADING_WITH_COMPONENT_DROP,,,,224.58763309359531,2.8886252524304945,490.0,0.8849441952261199,True,False,False,CONTINUED_PLASTIC_LOADING_WITH_COMPONENT_DROP
BH032,412,413,4.130000591278076,0.453399624774938,4371,1,1,-198.41262817382807,-198.29200744628903,0.1206207275390625,352.1838054116759,353.0799477594648,1.38762862417622,2.893619239330292e-06,2.559223942530342e-06,CONTINUED_PLASTIC_LOADING,,,,1.024610081833536,0.5701555194371927,355.0,0.9945914021393376,True,False,False,CONTINUED_PLASTIC_LOADING
BH032,412,413,4.130000591278076,0.453399624774938,3944,1,1,-90.55020141601562,-90.39298248291016,0.1572189331054687,124.99596548082432,125.68297040541692,0.6844747135781266,0.0,0.0,ELASTIC_RELOADING,,,,0.9465292321224816,0.0004135958310507,355.0,0.3540365363532871,True,False,False,ELASTIC_RELOADING
BH032,412,413,4.130000591278076,0.453399624774938,3562,1,1,119.85121154785156,119.84899139404295,0.0,354.9379637194478,355.0000070306261,0.7601672183484639,3.667082637548447e-06,3.637113535322328e-06,CONTINUED_PLASTIC_LOADING,,,,0.0709629790914337,10.426827124464792,355.0,1.0000000198045804,True,False,False,CONTINUED_PLASTIC_LOADING
BH032,413,414,4.139999866485596,0.4529146425013144,3023,2,1,-124.75201416015624,-123.82496643066406,0.9270477294921876,134.9774814346546,134.11905529175178,-0.8662516839232057,0.0,0.0,TRUE_ELASTIC_UNLOADING,0.000885814917705,0.000885814917705,0.0007398744659131,1.5178003932954636,0.001154761402328,355.0,0.3778001557514134,True,True,True,TRUE_ELASTIC_UNLOADING
BH032,413,414,4.139999866485596,0.4529146425013144,3944,2,5,0.0142193138599395,0.1777320355176925,0.0,162.3476709155034,161.6854177866348,-0.6645365824373107,0.0,0.0,TRUE_ELASTIC_UNLOADING,5.70590881791011e-05,5.70590881791011e-05,0.0001256120311424,1.0159058795355913,0.0001379655518983,355.0,0.455451881089112,True,True,True,TRUE_ELASTIC_UNLOADING
BH032,413,414,4.139999866485596,0.4529146425013144,3536,1,5,-258.2289733886719,-256.806640625,1.422332763671875,232.9151702187415,231.8600035893998,-1.0559965756755871,0.0,0.0,TRUE_ELASTIC_UNLOADING,-0.0005509704673378,0.0,0.0001821259876042,1.5300290489657378,0.000580003526888,355.0,0.6531267706743656,True,True,True,TRUE_ELASTIC_UNLOADING
BH032,413,414,4.139999866485596,0.4529146425013144,5009,3,5,-295.7161560058594,-350.1601867675781,0.0,433.6226556607987,394.2528969257084,349.6747860925125,0.0034276843070983,0.0030694602337853,CONTINUED_PLASTIC_LOADING,,,,164.3598351288767,3.0936619660594604,490.0,0.8045977488279763,True,False,False,CONTINUED_PLASTIC_LOADING
BH032,413,414,4.139999866485596,0.4529146425013144,4371,1,1,-198.29200744628903,-198.3422241210937,0.0,353.0799477594648,352.8683569673971,0.2453351778876743,2.673827111721039e-06,2.3659852032359966e-06,CONTINUED_PLASTIC_LOADING,,,,0.4312882889503235,1.2606251927022254,355.0,0.9939953717391468,True,False,False,CONTINUED_PLASTIC_LOADING
BH032,413,414,4.139999866485596,0.4529146425013144,3944,1,1,-90.39298248291016,-90.77066802978516,0.0,125.68297040541692,125.06165169909758,-0.6241453645632873,0.0,0.0,TRUE_ELASTIC_UNLOADING,0.0005607129235353,0.0005607129235353,0.0008449828456648,1.1128134258244544,0.0010142719767304,355.0,0.3522863428143594,True,True,True,TRUE_ELASTIC_UNLOADING
BH032,413,414,4.139999866485596,0.4529146425013144,3562,1,1,119.84899139404295,120.5758056640625,0.0,355.0000070306261,354.9750681758894,1.119391314802264,5.987007170915604e-06,5.941090735926506e-06,CONTINUED_PLASTIC_LOADING,,,,0.7412662320981829,1.6362875354043154,355.0,0.9999297695095476,True,False,False,CONTINUED_PLASTIC_LOADING
BH032,414,415,4.150000095367432,0.4521004502529185,3023,2,1,-123.82496643066406,-123.17810821533205,0.6468582153320312,134.11905529175178,133.7254311040659,-0.394721876887123,0.0,0.0,TRUE_ELASTIC_UNLOADING,0.0003964829061251,0.0003964829061251,7.786836951876987e-05,0.7064738782105486,0.0004042114503921,355.0,0.3766913552227208,True,True,False,TRUE_ELASTIC_UNLOADING
BH032,414,415,4.150000095367432,0.4521004502529185,3944,2,5,0.1777320355176925,0.804370641708374,0.0,161.6854177866348,161.9049303270927,0.2190503999771445,0.0,0.0,ELASTIC_RELOADING,,,,0.7306796497433343,0.0003805657038824,355.0,0.4560702262735006,True,False,False,ELASTIC_RELOADING
BH032,414,415,4.150000095367432,0.4521004502529185,3536,1,5,-256.806640625,-257.01422119140625,0.0,231.8600035893998,232.1634549237647,0.3040917211651387,0.0,0.0,ELASTIC_RELOADING,,,,0.6612027313131619,0.0061434114453675,355.0,0.6539815631655344,True,False,False,ELASTIC_RELOADING
BH032,414,415,4.150000095367432,0.4521004502529185,5009,3,5,-350.1601867675781,-362.1297607421875,0.0,394.2528969257084,409.2179628677159,616.1893055443488,0.0034908652305603,0.0031312965220249,CONTINUED_PLASTIC_LOADING,,,,26.469236611729013,19.60498679656564,490.0,0.8351386997300325,True,False,False,CONTINUED_PLASTIC_LOADING
BH032,414,415,4.150000095367432,0.4521004502529185,4371,1,1,-198.3422241210937,-197.7724609375,0.56976318359375,352.8683569673971,353.2422944584077,1.5923697650254114,7.105059921741486e-06,6.2944755607506015e-06,CONTINUED_PLASTIC_LOADING,,,,0.705357322727032,2.0582520666554807,355.0,0.995048716784247,True,False,False,CONTINUED_PLASTIC_LOADING_WITH_COMPONENT_DROP
BH032,414,415,4.150000095367432,0.4521004502529185,3944,1,1,-90.77066802978516,-90.9231185913086,0.0,125.06165169909758,125.1671133521595,0.1032998979820825,0.0,0.0,ELASTIC_RELOADING,,,,0.3677511818838034,0.0061360757474954,355.0,0.3525834178934071,True,False,False,ELASTIC_RELOADING
BH032,414,415,4.150000095367432,0.4521004502529185,3562,1,1,120.5758056640625,121.1141128540039,0.0,354.9750681758894,355.0000087100005,1.2444742923117749,6.431713700294495e-06,6.391376810947836e-06,CONTINUED_PLASTIC_LOADING,,,,0.5684218041083418,2.27291870519628,355.0,1.0000000245352123,True,False,False,CONTINUED_PLASTIC_LOADING
BH032,415,416,4.160000324249268,0.4517796538703995,3023,2,1,-123.17810821533205,-123.49152374267578,0.0,133.7254311040659,134.008163474579,0.2825247376898392,0.0,0.0,ELASTIC_RELOADING,,,,0.3516389058563497,0.0005683668844308,355.0,0.3774877844354338,True,False,False,ELASTIC_RELOADING
BH032,415,416,4.160000324249268,0.4517796538703995,3944,2,5,0.804370641708374,0.4874956011772156,0.0,161.9049303270927,162.33205502529057,0.4256175004861773,0.0,0.0,ELASTIC_RELOADING,,,,1.0548239734589882,0.0003620170420641,355.0,0.4572733944374382,True,False,False,ELASTIC_RELOADING
BH032,415,416,4.160000324249268,0.4517796538703995,3536,1,5,-257.01422119140625,-256.5267944335937,0.4874267578125,232.1634549237647,231.8783877390476,-0.2864754889503789,0.0,0.0,TRUE_ELASTIC_UNLOADING,0.0011362259005447,0.0011362259005447,0.0017524330414406,0.5296328302317127,0.0020892500247392,355.0,0.6531785570114017,True,True,False,TRUE_ELASTIC_UNLOADING
BH032,415,416,4.160000324249268,0.4517796538703995,5009,3,5,-362.1297607421875,-291.466064453125,70.6636962890625,409.2179628677159,380.81378020604944,685.2408850659516,0.0043196082115173,0.0038525292008716,CONTINUED_PLASTIC_LOADING_WITH_COMPONENT_DROP,,,,103.912066648727,6.138397608487272,490.0,0.7771709800123459,True,False,False,CONTINUED_PLASTIC_LOADING_WITH_COMPONENT_DROP
BH032,415,416,4.160000324249268,0.4517796538703995,4371,1,1,-197.7724609375,-197.5361328125,0.236328125,353.2422944584077,353.9007211733631,0.8576805445370573,1.1548399925231934e-06,1.0227392896002053e-06,CONTINUED_PLASTIC_LOADING,,,,0.7767462744913742,0.3078311135034951,355.0,0.9969034399249664,True,False,False,CONTINUED_PLASTIC_LOADING
BH032,415,416,4.160000324249268,0.4517796538703995,3944,1,1,-90.9231185913086,-89.9106674194336,1.012451171875,125.1671133521595,125.17811326654731,0.004158009246296,0.0,0.0,ELASTIC_RELOADING,,,,1.8557724485352645,0.0008165626485309,355.0,0.3526144035677389,True,False,False,ELASTIC_RELOADING
BH032,415,416,4.160000324249268,0.4517796538703995,3562,1,1,121.1141128540039,122.5481948852539,0.0,355.0000087100005,354.98498906658403,1.5449855658866396,8.249189704656601e-06,8.174736038393933e-06,CONTINUED_PLASTIC_LOADING,,,,1.4675311646380589,1.1310367621359725,355.0,0.9999577156805184,True,False,False,CONTINUED_PLASTIC_LOADING
BH032,416,417,4.170000553131104,0.4511656008669111,3023,2,1,-123.49152374267578,-122.63309478759766,0.858428955078125,134.008163474579,133.13788030360791,-0.8717753131362038,0.0,0.0,TRUE_ELASTIC_UNLOADING,-0.0004943919701856,0.0,0.0003903598115349,1.1103866275428402,0.0006297322149089,355.0,0.3750362825453744,True,True,True,TRUE_ELASTIC_UNLOADING
BH032,416,417,4.170000553131104,0.4511656008669111,3944,2,5,0.4874956011772156,1.4561623334884644,0.0,162.33205502529057,161.31249364462556,-1.0241744192917783,0.0,0.0,TRUE_ELASTIC_UNLOADING,5.433061778392645e-05,5.433061778392645e-05,4.934661397068513e-05,1.8105982503271525,7.339771950847467e-05,355.0,0.454401390548241,True,True,True,TRUE_ELASTIC_UNLOADING
BH032,416,417,4.170000553131104,0.4511656008669111,3536,1,5,-256.5267944335937,-257.5162353515625,0.0,231.8783877390476,232.57141086115732,0.6875668178707275,0.0,0.0,ELASTIC_RELOADING,,,,1.0345365936165878,0.0059006040396906,355.0,0.6551307348201615,True,False,False,ELASTIC_RELOADING
BH032,416,417,4.170000553131104,0.4511656008669111,5009,3,5,-291.466064453125,-332.6102600097656,0.0,380.81378020604944,471.4819396189086,638.9208679409526,0.0035871863365173,0.0031892587464582,CONTINUED_PLASTIC_LOADING,,,,77.4386860219043,6.818309139029144,490.0,0.962208040038589,True,False,False,CONTINUED_PLASTIC_LOADING
BH032,416,417,4.170000553131104,0.4511656008669111,4371,1,1,-197.5361328125,-197.2949981689453,0.2411346435546875,353.9007211733631,352.52965771422583,-1.2064753425509986,9.55536961555481e-07,8.469263249164768e-07,CONTINUED_PLASTIC_LOADING,,,,1.6142432786775995,0.1225695604368119,355.0,0.9930412893358476,True,False,False,CONTINUED_PLASTIC_LOADING
BH032,416,417,4.170000553131104,0.4511656008669111,3944,1,1,-89.9106674194336,-91.10523986816406,0.0,125.17811326654731,125.04112715167535,-0.1463322642347914,0.0,0.0,TRUE_ELASTIC_UNLOADING,0.0003845344725834,0.0003845344725834,0.0002649722204466,2.1287944237501844,0.0004671089841047,355.0,0.3522285271878179,True,True,True,TRUE_ELASTIC_UNLOADING
BH032,416,417,4.170000553131104,0.4511656008669111,3562,1,1,122.5481948852539,123.13058471679688,0.0,354.98498906658403,354.72415154554653,1.2812757828756178,8.138827979564667e-06,8.049568122956515e-06,CONTINUED_PLASTIC_LOADING,,,,0.605504804452114,2.709651240147254,355.0,0.9992229621001312,True,False,False,CONTINUED_PLASTIC_LOADING
BH032,417,418,4.179999828338623,0.4508864908674838,3023,2,1,-122.63309478759766,-121.9665069580078,0.6665878295898438,133.13788030360791,132.8290307559869,-0.3124383815825819,0.0,0.0,TRUE_ELASTIC_UNLOADING,0.0002405878516954,0.0002405878516954,0.0003766906563215,1.2050935391217366,0.0004469968784278,355.0,0.3741662838196814,True,True,True,TRUE_ELASTIC_UNLOADING
BH032,417,418,4.179999828338623,0.4508864908674838,3944,2,5,1.4561623334884644,0.527837336063385,0.0,161.31249364462556,161.8166351837694,0.5032900758524557,0.0,0.0,ELASTIC_RELOADING,,,,1.1999265229122638,0.0006194469499266,355.0,0.4558215075599138,True,False,False,ELASTIC_RELOADING
BH032,417,418,4.179999828338623,0.4508864908674838,3536,1,5,-257.5162353515625,-256.4772033691406,1.039031982421875,232.57141086115732,231.7826626773704,-0.7896406944208407,0.0,0.0,TRUE_ELASTIC_UNLOADING,0.0002665096430907,0.0002665096430907,0.0006588470477806,1.0865987042170293,0.0007107353062548,355.0,0.6529089089503392,True,True,True,TRUE_ELASTIC_UNLOADING
BH032,417,418,4.179999828338623,0.4508864908674838,5009,3,5,-332.6102600097656,-360.9192504882813,0.0,471.4819396189086,433.5474121179648,234.9612928110372,0.0034504532814025,0.0030757790689973,CONTINUED_PLASTIC_LOADING,,,,253.968608698201,2.005710871107159,490.0,0.8847906369754385,True,False,False,CONTINUED_PLASTIC_LOADING
BH032,417,418,4.179999828338623,0.4508864908674838,4371,1,1,-197.2949981689453,-196.9725646972656,0.3224334716796875,352.52965771422583,352.5119498286241,0.5081263159761521,3.0891969799995422e-06,2.7388184392878616e-06,CONTINUED_PLASTIC_LOADING,,,,0.4239076258866553,1.4712834368293035,355.0,0.9929914079679552,True,False,False,CONTINUED_PLASTIC_LOADING
BH032,417,418,4.179999828338623,0.4508864908674838,3944,1,1,-91.10523986816406,-89.98365783691406,1.12158203125,125.04112715167535,124.61006239017178,-0.4350414572434926,0.0,0.0,TRUE_ELASTIC_UNLOADING,0.0006574803354719,0.0006574803354719,0.0002082508211759,1.2753833576453284,0.0006900853116033,355.0,0.351014260254005,True,True,True,TRUE_ELASTIC_UNLOADING
BH032,417,418,4.179999828338623,0.4508864908674838,3562,1,1,123.13058471679688,122.93138122558594,0.0,354.72415154554653,352.99609998690914,-0.2799090436052986,7.579568773508072e-06,7.519188657925138e-06,CONTINUED_PLASTIC_LOADING,,,,1.9370511396957204,0.795880637667847,355.0,0.99435521123073,True,False,False,CONTINUED_PLASTIC_LOADING
BH032,418,419,4.190000057220459,0.4504119732738048,3023,2,1,-121.9665069580078,-121.79842376708984,0.1680831909179687,132.8290307559869,132.9335738806855,0.101747934280528,0.0,0.0,ELASTIC_RELOADING,,,,0.7524085192658069,0.002197792881023,355.0,0.3744607714948887,True,False,False,ELASTIC_RELOADING
BH032,418,419,4.190000057220459,0.4504119732738048,3944,2,5,0.527837336063385,0.1611628979444503,0.0,161.8166351837694,161.0479642286144,-0.7711812859313721,0.0,0.0,TRUE_ELASTIC_UNLOADING,-8.21818226108828e-05,0.0,3.631776429119839e-05,1.1448727974417128,8.984275992465516e-05,355.0,0.4536562372637025,True,True,True,TRUE_ELASTIC_UNLOADING
BH032,418,419,4.190000057220459,0.4504119732738048,3536,1,5,-256.4772033691406,-256.45391845703125,0.023284912109375,231.7826626773704,231.75091465997784,-0.037129795874487,0.0,0.0,AMBIGUOUS,,,,0.5958649651081385,0.0084481424195238,355.0,0.6528194779154305,True,False,False,AMBIGUOUS
BH032,418,419,4.190000057220459,0.4504119732738048,5009,3,5,-360.9192504882813,-357.4742431640625,3.44500732421875,433.5474121179648,417.540213900726,477.39979717625147,0.0035933852195739,0.0032212705901804,CONTINUED_PLASTIC_LOADING,,,,154.46552917366813,3.453919329964213,490.0,0.8521228855116857,True,False,False,CONTINUED_PLASTIC_LOADING_WITH_COMPONENT_DROP
BH032,418,419,4.190000057220459,0.4504119732738048,4371,1,1,-196.9725646972656,-196.6595458984375,0.313018798828125,352.5119498286241,351.8063612088025,-0.7017571599863216,0.0,0.0,TRUE_ELASTIC_UNLOADING,-0.0076827391214482,0.0,0.0059388564474335,0.8826382977348813,0.0096641529830148,355.0,0.991003834390993,True,True,False,TRUE_ELASTIC_UNLOADING
BH032,418,419,4.190000057220459,0.4504119732738048,3944,1,1,-89.98365783691406,-89.14892578125,0.8347320556640625,124.61006239017178,124.37753394915104,-0.2356601887407069,0.0,0.0,TRUE_ELASTIC_UNLOADING,0.0006221763767428,0.0006221763767428,0.0003378791179653,1.1731264663162246,0.0007083416284558,355.0,0.3503592505609889,True,True,True,TRUE_ELASTIC_UNLOADING
BH032,418,419,4.190000057220459,0.4504119732738048,3562,1,1,122.93138122558594,123.55330657958984,0.0,352.99609998690914,352.76376361661426,-0.2281724089967594,0.0,0.0,TRUE_ELASTIC_UNLOADING,-0.0039882391743255,0.0,0.0065511228049675,0.6738302842071787,0.0076613618308067,355.0,0.993700742582012,True,True,False,TRUE_ELASTIC_UNLOADING
BH032,419,420,4.200000286102295,0.4497682571066939,3023,2,1,-121.79842376708984,-121.13390350341795,0.664520263671875,132.9335738806855,132.4479102156265,-0.4861609819829685,0.0,0.0,TRUE_ELASTIC_UNLOADING,-0.0011025062916489,0.0,0.0006628249306194,0.9268053851979976,0.0012853718061844,355.0,0.3730927048327507,True,True,False,TRUE_ELASTIC_UNLOADING
BH032,419,420,4.200000286102295,0.4497682571066939,3944,2,5,0.1611628979444503,0.5441407561302185,0.0,161.0479642286144,160.92422024734142,-0.1255139714412449,0.0,0.0,TRUE_ELASTIC_UNLOADING,4.433887129773328e-05,4.433887129773328e-05,0.0001527920577957,1.0133960477666557,0.0001590959605703,355.0,0.4533076626685673,True,True,True,TRUE_ELASTIC_UNLOADING
BH032,419,420,4.200000286102295,0.4497682571066939,3536,1,5,-256.45391845703125,-256.35809326171875,0.0958251953125,231.75091465997784,231.82009874941937,0.0682556318533268,0.0,0.0,ELASTIC_RELOADING,,,,0.3996949811032828,0.0010905726179992,355.0,0.6530143626744208,True,False,False,ELASTIC_RELOADING
BH032,419,420,4.200000286102295,0.4497682571066939,5009,3,5,-357.4742431640625,-301.1427001953125,56.33154296875,417.540213900726,405.44646120657865,655.599101004022,0.0041043758392333,0.0036646555529529,CONTINUED_PLASTIC_LOADING_WITH_COMPONENT_DROP,,,,78.26098974692769,7.748196399582177,490.0,0.8274417575644463,True,False,False,CONTINUED_PLASTIC_LOADING_WITH_COMPONENT_DROP
BH032,419,420,4.200000286102295,0.4497682571066939,4371,1,1,-196.6595458984375,-196.61111450195312,0.048431396484375,351.8063612088025,353.2072021097599,1.8265846157559589,2.48011201620102e-06,2.199841004000411e-06,CONTINUED_PLASTIC_LOADING,,,,1.684445967025184,0.3026640683622378,355.0,0.9949498650979152,True,False,False,CONTINUED_PLASTIC_LOADING
BH032,419,420,4.200000286102295,0.4497682571066939,3944,1,1,-89.14892578125,-89.73883819580078,0.0,124.37753394915104,124.15397510694156,-0.2291433628460215,0.0,0.0,TRUE_ELASTIC_UNLOADING,-0.0006025574595882,0.0,0.0006891468779013,1.3717357038985845,0.0009151839101111,355.0,0.3497295073434973,True,True,True,TRUE_ELASTIC_UNLOADING
BH032,419,420,4.200000286102295,0.4497682571066939,3562,1,1,123.55330657958984,124.2345733642578,0.0,352.76376361661426,353.6271785800265,0.8611765104126141,0.0,0.0,ELASTIC_RELOADING,,,,1.2515658875102504,0.0024295397988671,355.0,0.9961328974085254,True,False,False,ELASTIC_RELOADING
BH032,420,421,4.210000514984131,0.4492141740150347,3023,2,1,-121.13390350341795,-121.13878631591795,0.0,132.4479102156265,132.49044489109937,0.0412208885966139,0.0,0.0,ELASTIC_RELOADING,,,,0.2416788057223614,0.0055218449356677,355.0,0.3732125208199982,True,False,False,ELASTIC_RELOADING
BH032,420,421,4.210000514984131,0.4492141740150347,3944,2,5,0.5441407561302185,1.243060827255249,0.0,160.92422024734142,161.1509124310849,0.2253067330346565,0.0,0.0,ELASTIC_RELOADING,,,,0.7846140034809488,0.0001867859055904,355.0,0.4539462322002391,True,False,False,ELASTIC_RELOADING
BH032,420,421,4.210000514984131,0.4492141740150347,3536,1,5,-256.35809326171875,-255.4920654296875,0.86602783203125,231.82009874941937,231.27828098037148,-0.5424213260001483,0.0,0.0,TRUE_ELASTIC_UNLOADING,-0.0024064955635398,0.0,0.001978616399131,1.1538997016177612,0.0031110043870863,355.0,0.6514881154376662,True,True,True,TRUE_ELASTIC_UNLOADING
BH032,420,421,4.210000514984131,0.4492141740150347,5009,3,5,-301.1427001953125,-302.7505187988281,0.0,405.44646120657865,417.2820230187402,343.949645240814,0.0037817955017089,0.0033494716274313,CONTINUED_PLASTIC_LOADING,,,,246.8891608402217,2.2457240430250214,490.0,0.8515959653443677,True,False,False,CONTINUED_PLASTIC_LOADING
BH032,420,421,4.210000514984131,0.4492141740150347,4371,1,1,-196.61111450195312,-195.9598388671875,0.651275634765625,353.2072021097599,352.28508873681136,-0.8577682906997433,3.669410943984986e-07,3.254573497306321e-07,CONTINUED_PLASTIC_LOADING,,,,1.4496098440958367,0.0557845558898304,355.0,0.9923523626389052,True,False,False,CONTINUED_PLASTIC_LOADING_WITH_COMPONENT_DROP
BH032,420,421,4.210000514984131,0.4492141740150347,3944,1,1,-89.73883819580078,-89.79936218261719,0.0,124.15397510694156,124.16612270377712,0.011674620369882,0.0,0.0,ELASTIC_RELOADING,,,,0.1139153753931814,0.0073528120064123,355.0,0.3497637259261327,True,False,False,ELASTIC_RELOADING
BH032,420,421,4.210000514984131,0.4492141740150347,3562,1,1,124.2345733642578,124.47552490234376,0.0,353.6271785800265,352.28787909881777,-1.3392041040775555,0.0,0.0,TRUE_ELASTIC_UNLOADING,-0.0010555797744458,0.0,0.0008478254454641,1.5204523736966038,0.0013530362827425,355.0,0.9923602228135712,True,False,False,TRUE_ELASTIC_UNLOADING
BH032,421,422,4.21999979019165,0.4488913814721228,3023,2,1,-121.13878631591795,-120.72162628173828,0.4171600341796875,132.49044489109937,131.92989367952532,-0.559841980858911,0.0,0.0,TRUE_ELASTIC_UNLOADING,-0.0015424472301452,0.0,0.0009654366390884,0.4792912591331015,0.0018176596681164,355.0,0.3716335033226065,True,True,False,TRUE_ELASTIC_UNLOADING
BH032,421,422,4.21999979019165,0.4488913814721228,3944,2,5,1.243060827255249,1.0539867877960205,0.0,161.1509124310849,161.3219011083425,0.1699481830842038,0.0,0.0,ELASTIC_RELOADING,,,,0.7556777564602583,0.0001842387725434,355.0,0.4544278904460352,True,False,False,ELASTIC_RELOADING
BH032,421,422,4.21999979019165,0.4488913814721228,3536,1,5,-255.4920654296875,-255.62608337402344,0.0,231.27828098037148,231.25756146685148,-0.0231763125350709,0.0,0.0,AMBIGUOUS,,,,0.6126844411186543,0.0014260089597485,355.0,0.6514297506108493,True,False,False,AMBIGUOUS
BH032,421,422,4.21999979019165,0.4488913814721228,5009,3,5,-302.7505187988281,-336.6798400878906,0.0,417.2820230187402,397.94387496841136,459.5349673202024,0.0034185647964477,0.0030491826417865,CONTINUED_PLASTIC_LOADING,,,,74.89593197325556,6.73593754950543,490.0,0.8121303570783905,True,False,False,CONTINUED_PLASTIC_LOADING
BH032,421,422,4.21999979019165,0.4488913814721228,4371,1,1,-195.9598388671875,-195.94775390625,0.0120849609375,352.28508873681136,351.59351471831167,0.37320863537995,6.195157766342163e-06,5.49502984643487e-06,CONTINUED_PLASTIC_LOADING,,,,0.7829808694468651,1.6114704064394276,355.0,0.9904042668121456,True,False,False,CONTINUED_PLASTIC_LOADING
BH032,421,422,4.21999979019165,0.4488913814721228,3944,1,1,-89.79936218261719,-89.62664794921875,0.1727142333984375,124.16612270377712,124.61356991159109,0.4445024350221762,0.0,0.0,ELASTIC_RELOADING,,,,1.0379785359320284,0.0002403492099653,355.0,0.3510241405960312,True,False,False,ELASTIC_RELOADING
BH032,421,422,4.21999979019165,0.4488913814721228,3562,1,1,124.47552490234376,124.75816345214844,0.0,352.28787909881777,351.4685623243443,-0.8214613694366105,0.0,0.0,TRUE_ELASTIC_UNLOADING,0.0018461102982061,0.0018461102982061,0.0007694938547861,0.8664092813531814,0.0020032125249369,355.0,0.9900522882375896,True,True,False,TRUE_ELASTIC_UNLOADING
BH032,422,423,4.230000019073486,0.4482907832994177,3023,2,1,-120.72162628173828,-120.00741577148438,0.7142105102539062,131.92989367952532,131.18094037362397,-0.7494676115481979,0.0,0.0,TRUE_ELASTIC_UNLOADING,-0.0007943821877292,0.0,0.0004391369847251,0.8725005468604101,0.0009071289191615,355.0,0.3695237757003492,True,True,False,TRUE_ELASTIC_UNLOADING
BH032,422,423,4.230000019073486,0.4482907832994177,3944,2,5,1.0539867877960205,1.2469104528427124,0.0,161.3219011083425,160.94041433114347,-0.3840069138405176,0.0,0.0,TRUE_ELASTIC_UNLOADING,-7.596764314721227e-06,0.0,0.000208582071844,1.113994276892844,0.0002087203670476,355.0,0.4533532798060379,True,True,True,TRUE_ELASTIC_UNLOADING
BH032,422,423,4.230000019073486,0.4482907832994177,3536,1,5,-255.62608337402344,-253.7781982421875,1.8478851318359373,231.25756146685148,229.87165517074973,-1.3909293649193086,0.0,0.0,TRUE_ELASTIC_UNLOADING,0.0021781768761648,0.0021781768761648,0.0003638364108019,1.902060388919297,0.0022130447529383,355.0,0.6475257892133796,True,True,True,TRUE_ELASTIC_UNLOADING
BH032,422,423,4.230000019073486,0.4482907832994177,5009,3,5,-336.6798400878906,-354.64910888671875,0.0,397.94387496841136,405.7201145062161,526.3682636979162,0.0033473372459411,0.002996104403515,CONTINUED_PLASTIC_LOADING,,,,103.41549713116196,4.800241013924957,490.0,0.8280002336861553,True,False,False,CONTINUED_PLASTIC_LOADING
BH032,422,423,4.230000019073486,0.4482907832994177,4371,1,1,-195.94775390625,-195.7970123291016,0.1507415771484375,351.59351471831167,351.41717567911667,-0.1762790021483432,0.0,0.0,TRUE_ELASTIC_UNLOADING,0.0024915727353301,0.0024915727353301,0.0132111785818075,0.4371259357762316,0.0134451900549962,355.0,0.9899075371242724,True,True,False,TRUE_ELASTIC_UNLOADING
BH032,422,423,4.230000019073486,0.4482907832994177,3944,1,1,-89.62664794921875,-89.4337158203125,0.19293212890625,124.61356991159109,123.68866360416894,-0.9281742868791454,0.0,0.0,TRUE_ELASTIC_UNLOADING,8.730304974435832e-05,8.730304974435832e-05,0.0001289678674657,1.185776811774246,0.0001557429502098,355.0,0.3484187707159688,True,True,True,TRUE_ELASTIC_UNLOADING
BH032,422,423,4.230000019073486,0.4482907832994177,3562,1,1,124.75816345214844,125.67131042480467,0.0,351.4685623243443,350.17763745073734,-1.2918240636046057,0.0,0.0,TRUE_ELASTIC_UNLOADING,6.404465573728313e-05,6.404465573728313e-05,0.0037509949990283,1.5984377710729207,0.003751541768497,355.0,0.986415880142922,True,True,True,TRUE_ELASTIC_UNLOADING
BH032,423,424,4.240000247955322,0.4480172759890667,3023,2,1,-120.00741577148438,-119.8766098022461,0.1308059692382812,131.18094037362397,131.25882106588284,0.0762728579914005,0.0,0.0,ELASTIC_RELOADING,,,,0.4671201488150552,0.0022629358972811,355.0,0.3697431579320643,True,False,False,ELASTIC_RELOADING
BH032,423,424,4.240000247955322,0.4480172759890667,3944,2,5,1.2469104528427124,1.3549593687057495,0.0,160.94041433114347,160.97104399965465,0.029522992765943,0.0,0.0,ELASTIC_RELOADING,,,,0.5518281157638346,9.385699652099642e-05,355.0,0.4534395605624075,True,False,False,ELASTIC_RELOADING
BH032,423,424,4.240000247955322,0.4480172759890667,3536,1,5,-253.7781982421875,-254.18934631347656,0.0,229.87165517074973,230.28343144457435,0.4147439265340281,0.0,0.0,ELASTIC_RELOADING,,,,0.5426709128309605,0.0080576417609913,355.0,0.6486857223790826,True,False,False,ELASTIC_RELOADING
BH032,423,424,4.240000247955322,0.4480172759890667,5009,3,5,-354.64910888671875,-367.3714599609375,0.0,405.7201145062161,439.94030095170416,590.6063386150012,0.0033190250396728,0.0029778580705668,CONTINUED_PLASTIC_LOADING,,,,53.396804201456256,9.236438737277531,490.0,0.897837348881029,True,False,False,CONTINUED_PLASTIC_LOADING
BH032,423,424,4.240000247955322,0.4480172759890667,4371,1,1,-195.7970123291016,-195.63461303710932,0.1623992919921875,351.41717567911667,352.19653991411286,0.7773346779198897,0.0,0.0,ELASTIC_RELOADING,,,,0.9633112846900164,0.0041455545032092,355.0,0.9921029293355292,True,False,False,ELASTIC_RELOADING
BH032,423,424,4.240000247955322,0.4480172759890667,3944,1,1,-89.4337158203125,-89.27559661865234,0.1581192016601562,123.68866360416894,123.9019617214621,0.2131397922211199,0.0,0.0,ELASTIC_RELOADING,,,,0.392530238907708,0.0019578916308702,355.0,0.3490196104829918,True,False,False,ELASTIC_RELOADING
BH032,423,424,4.240000247955322,0.4480172759890667,3562,1,1,125.67131042480467,126.23761749267578,0.0,350.17763745073734,350.976496697172,0.7988520666683498,0.0,0.0,ELASTIC_RELOADING,,,,1.1113488213695404,0.0035892540461713,355.0,0.9886661878793578,True,False,False,ELASTIC_RELOADING
BH032,424,425,4.250000476837158,0.4476398255085347,3023,2,1,-119.8766098022461,-119.75822448730467,0.1183853149414062,131.25882106588284,131.43877103814995,0.1769026488019579,0.0,0.0,ELASTIC_RELOADING,,,,0.7508020658216009,0.0024824316937185,355.0,0.3702500592623942,True,False,False,ELASTIC_RELOADING
BH032,424,425,4.250000476837158,0.4476398255085347,3944,2,5,1.3549593687057495,0.4938389658927917,0.0,160.97104399965465,160.36098756816693,-0.613936250832544,0.0,0.0,TRUE_ELASTIC_UNLOADING,0.0001918404253213,0.0001918404253213,0.0005342664643806,1.3056772820151887,0.0005676773036844,355.0,0.4517210917413153,True,True,True,TRUE_ELASTIC_UNLOADING
BH032,424,425,4.250000476837158,0.4476398255085347,3536,1,5,-254.18934631347656,-252.8281707763672,1.361175537109375,230.28343144457435,229.3953727848008,-0.8896632234319969,0.0,0.0,TRUE_ELASTIC_UNLOADING,-0.0010262444594759,0.0,0.0004343639904712,1.3972123707726678,0.0011134142440763,355.0,0.6461841486895796,True,True,True,TRUE_ELASTIC_UNLOADING
BH032,424,425,4.250000476837158,0.4476398255085347,5009,3,5,-367.3714599609375,-354.9981689453125,12.373291015625,439.94030095170416,489.9999514075654,394.8140902284807,0.0034756064414978,0.0031361452238967,CONTINUED_PLASTIC_LOADING,,,,253.9707255275748,2.042438836015651,490.0,0.9999999008317662,True,False,False,CONTINUED_PLASTIC_LOADING_WITH_COMPONENT_DROP
BH032,424,425,4.250000476837158,0.4476398255085347,4371,1,1,-195.63461303710932,-195.64401245117188,0.0,352.19653991411286,352.2280909038179,0.0395589932275746,0.0,0.0,ELASTIC_RELOADING,,,,0.3137508417342315,0.0608403344297159,355.0,0.9921918053628672,True,False,False,ELASTIC_RELOADING
BH032,424,425,4.250000476837158,0.4476398255085347,3944,1,1,-89.27559661865234,-88.35582733154297,0.919769287109375,123.9019617214621,123.54978814507872,-0.3549466142031264,0.0,0.0,TRUE_ELASTIC_UNLOADING,0.0001698727592213,0.0001698727592213,1.4244620517532906e-05,1.2508124725745902,0.000170497729436,355.0,0.3480275722396583,True,True,True,TRUE_ELASTIC_UNLOADING
BH032,424,425,4.250000476837158,0.4476398255085347,3562,1,1,126.23761749267578,127.27214050292967,0.0,350.976496697172,351.0916197244368,0.1212156142609853,0.0,0.0,ELASTIC_RELOADING,,,,1.0895223974043968,0.007740310139313,355.0,0.988990478097005,True,False,False,ELASTIC_RELOADING
BH032,425,426,4.260000705718994,0.4472340277999057,3023,2,1,-119.75822448730467,-119.03894805908205,0.7192764282226562,131.43877103814995,130.38070590879065,-1.058804945955616,0.0,0.0,TRUE_ELASTIC_UNLOADING,0.0002528781425497,0.0002528781425497,0.0004520311797324,0.8720779042831706,0.0005179883063243,355.0,0.3672695941092694,True,True,False,TRUE_ELASTIC_UNLOADING
BH032,425,426,4.260000705718994,0.4472340277999057,3944,2,5,0.4938389658927917,1.0407277345657349,0.0,160.36098756816693,160.66573116220624,0.3010113610717547,0.0,0.0,ELASTIC_RELOADING,,,,1.3208181434622577,0.0001211139356647,355.0,0.4525795244005809,True,False,False,ELASTIC_RELOADING
BH032,425,426,4.260000705718994,0.4472340277999057,3536,1,5,-252.8281707763672,-253.3137969970703,0.0,229.3953727848008,229.8330329746384,0.4335785893739189,0.0,0.0,ELASTIC_RELOADING,,,,0.6232575860833607,0.0067519390061345,355.0,0.6474169942947561,True,False,False,ELASTIC_RELOADING
BH032,425,426,4.260000705718994,0.4472340277999057,5009,3,5,-354.9981689453125,-314.5196838378906,40.47848510742188,489.9999514075654,487.17690512552304,132.81959237053331,0.0036671757698059,0.0033079663177748,CONTINUED_PLASTIC_LOADING_WITH_COMPONENT_DROP,,,,351.59687901000854,1.5573663090000631,490.0,0.9942385818888224,True,False,False,CONTINUED_PLASTIC_LOADING_WITH_COMPONENT_DROP
BH032,425,426,4.260000705718994,0.4472340277999057,4371,1,1,-195.64401245117188,-195.01138305664065,0.63262939453125,352.2280909038179,350.8877576814814,-1.039488047087526,1.7657876014709473e-06,1.5687271356214357e-06,CONTINUED_PLASTIC_LOADING,,,,1.852532718227452,0.1932681141336364,355.0,0.9884162188210744,True,False,False,CONTINUED_PLASTIC_LOADING_WITH_COMPONENT_DROP
BH032,425,426,4.260000705718994,0.4472340277999057,3944,1,1,-88.35582733154297,-88.58930206298828,0.0,123.54978814507872,123.08905589401364,-0.466033585062198,0.0,0.0,TRUE_ELASTIC_UNLOADING,-6.00502479826126e-05,0.0,0.0003340020719158,1.3123188057332045,0.0003393567113457,355.0,0.3467297349127144,True,True,True,TRUE_ELASTIC_UNLOADING
BH032,425,426,4.260000705718994,0.4472340277999057,3562,1,1,127.27214050292967,127.2162628173828,0.0,351.0916197244368,348.7363813809844,-2.354812786045169,0.0,0.0,TRUE_ELASTIC_UNLOADING,-0.0008932760719966,0.0,0.0004843699387325,2.6240007568537567,0.0010154469650547,355.0,0.982356003890097,True,True,True,TRUE_ELASTIC_UNLOADING
BH032,426,427,4.269999980926514,0.4464220660442977,3023,2,1,-119.03894805908205,-119.19026947021484,0.0,130.38070590879065,130.7787140351847,0.3975676549731681,0.0,0.0,ELASTIC_RELOADING,,,,0.396183658144321,0.0006518980080813,355.0,0.3683907437610836,True,False,False,ELASTIC_RELOADING
BH032,426,427,4.269999980926514,0.4464220660442977,3944,2,5,1.0407277345657349,1.6027348041534424,0.0,160.66573116220624,160.44837989497643,-0.219305092780256,0.0,0.0,TRUE_ELASTIC_UNLOADING,4.194100450627403e-05,4.194100450627403e-05,4.640076534242949e-05,0.6642674742734876,6.2547793213901e-05,355.0,0.4519672673097927,True,True,False,TRUE_ELASTIC_UNLOADING
BH032,426,427,4.269999980926514,0.4464220660442977,3536,1,5,-253.3137969970703,-251.51988220214844,1.793914794921875,229.8330329746384,228.55062533733303,-1.284431138000561,0.0,0.0,TRUE_ELASTIC_UNLOADING,-0.0003963504390573,0.0,0.0001903131509116,1.8561740860985227,0.0004395319141318,355.0,0.6438045784150226,True,True,True,TRUE_ELASTIC_UNLOADING
BH032,426,427,4.269999980926514,0.4464220660442977,5009,3,5,-314.5196838378906,-299.2828369140625,15.236846923828123,487.17690512552304,396.610718051554,92.39744801099717,0.003535509109497,0.0031790904428939,CONTINUED_PLASTIC_LOADING,,,,294.7909635830133,1.7842493919275406,490.0,0.8094096286766408,True,False,False,CONTINUED_PLASTIC_LOADING_WITH_COMPONENT_DROP
BH032,426,427,4.269999980926514,0.4464220660442977,4371,1,1,-195.01138305664065,-194.9344787597656,0.076904296875,350.8877576814814,352.04277746321566,1.155803586332543,0.0,0.0,ELASTIC_RELOADING,,,,1.3876732523195003,0.0020676756583851,355.0,0.99166979567103,True,False,False,ELASTIC_RELOADING
BH032,426,427,4.269999980926514,0.4464220660442977,3944,1,1,-88.58930206298828,-88.79821014404297,0.0,123.08905589401364,123.46499697010078,0.3754538727013292,0.0,0.0,ELASTIC_RELOADING,,,,0.6096495136625133,0.0017503316184223,355.0,0.3477887238594388,True,False,False,ELASTIC_RELOADING
BH032,426,427,4.269999980926514,0.4464220660442977,3562,1,1,127.2162628173828,128.60614013671875,0.0,348.7363813809844,348.4147176453483,-0.3260470066802299,0.0,0.0,TRUE_ELASTIC_UNLOADING,8.371826027642193e-05,8.371826027642193e-05,0.0010249929267296,1.4168613427642849,0.0010284067299787,355.0,0.981449908860136,True,True,True,TRUE_ELASTIC_UNLOADING
BH032,427,428,4.28000020980835,0.4460738663992855,3023,2,1,-119.19026947021484,-118.16465759277344,1.0256118774414062,130.7787140351847,129.8206614503248,-0.9603167114576788,0.0,0.0,TRUE_ELASTIC_UNLOADING,0.0004617651582355,0.0004617651582355,0.000395421991722,1.204882848431765,0.0006080975578461,355.0,0.3656920040854219,True,True,True,TRUE_ELASTIC_UNLOADING
BH032,427,428,4.28000020980835,0.4460738663992855,3944,2,5,1.6027348041534424,1.8068536520004272,0.0,160.44837989497643,160.63602414631066,0.1876886022643866,0.0,0.0,ELASTIC_RELOADING,,,,0.2354747234635797,0.0003531748317301,355.0,0.4524958426656638,True,False,False,ELASTIC_RELOADING
BH032,427,428,4.28000020980835,0.4460738663992855,3536,1,5,-251.51988220214844,-251.5606231689453,0.0,228.55062533733303,228.49478882730847,-0.0568240735227183,0.0,0.0,TRUE_ELASTIC_UNLOADING,0.0007664108127795,0.0007664108127795,0.0032332634675253,0.6995509457127336,0.003322991634549,355.0,0.6436472924712915,True,True,False,TRUE_ELASTIC_UNLOADING
BH032,427,428,4.28000020980835,0.4460738663992855,5009,3,5,-299.2828369140625,-317.1148681640625,0.0,396.610718051554,407.5655703077592,538.0648065884633,0.0031954646110534,0.0029431783743694,CONTINUED_PLASTIC_LOADING,,,,18.4319181640864,26.182332998254225,490.0,0.831766470015835,True,False,False,CONTINUED_PLASTIC_LOADING
BH032,427,428,4.28000020980835,0.4460738663992855,4371,1,1,-194.9344787597656,-194.7201538085937,0.214324951171875,352.04277746321566,352.30601286009096,0.2936024669509302,1.825392246246338e-07,1.6233068116108812e-07,ELASTIC_RELOADING,,,,0.4898168342474452,0.0739550409315547,355.0,0.992411303831242,True,False,False,ELASTIC_RELOADING
BH032,427,428,4.28000020980835,0.4460738663992855,3944,1,1,-88.79821014404297,-88.72991180419922,0.06829833984375,123.46499697010078,123.47519866050207,0.0092543332770968,0.0,0.0,ELASTIC_RELOADING,,,,0.1921727871754943,0.0081026699226368,355.0,0.3478174610154988,True,False,False,ELASTIC_RELOADING
BH032,427,428,4.28000020980835,0.4460738663992855,3562,1,1,128.60614013671875,128.62867736816406,0.0,348.4147176453483,347.9858760270436,-0.4225228512478747,0.0,0.0,TRUE_ELASTIC_UNLOADING,-0.0162067872346829,0.0,0.0071465099074563,0.4462652252918184,0.0174759378354443,355.0,0.9802419043015314,True,True,False,TRUE_ELASTIC_UNLOADING
BH032,428,429,4.2900004386901855,0.4457321548305346,3023,2,1,-118.16465759277344,-118.38386535644533,0.0,129.8206614503248,129.90273441100237,0.0816676718189047,0.0,0.0,ELASTIC_RELOADING,,,,0.3236989302447574,0.0023646848190842,355.0,0.3659231955239503,True,False,False,ELASTIC_RELOADING
BH032,428,429,4.2900004386901855,0.4457321548305346,3944,2,5,1.8068536520004272,1.3793452978134155,0.0,160.63602414631066,160.29354378378412,-0.344220167226296,0.0,0.0,TRUE_ELASTIC_UNLOADING,-7.288766506574618e-05,0.0,0.0002234536576734,0.7011386032051725,0.0002350390888827,355.0,0.4515311092500961,True,True,False,TRUE_ELASTIC_UNLOADING
BH032,428,429,4.2900004386901855,0.4457321548305346,3536,1,5,-251.5606231689453,-250.8828125,0.6778106689453125,228.49478882730847,227.99438167945408,-0.5050296208019412,0.0,0.0,TRUE_ELASTIC_UNLOADING,0.004149293523054,0.004149293523054,0.0019365025466814,0.9638690356064402,0.0045946035488238,355.0,0.6422376948717017,True,True,False,TRUE_ELASTIC_UNLOADING
BH032,428,429,4.2900004386901855,0.4457321548305346,5009,3,5,-317.1148681640625,-339.55255126953125,0.0,407.5655703077592,423.38232368203376,323.99859322564424,0.003024935722351,0.0027890584870972,CONTINUED_PLASTIC_LOADING,,,,205.6239927161764,2.2401977354500637,490.0,0.8640455585347627,True,False,False,CONTINUED_PLASTIC_LOADING
