case,frame_start,frame_end,time_end_s,P_end_over_Pu,element,integration_point,section_point,sigma_y_start_MPa,sigma_y_end_MPa,abs_sigma_y_drop_MPa,sigma_VM_start_MPa,sigma_VM_end_MPa,eta_MPa,delta_PEEQ,delta_PE_tensor_norm,classification,d_s_raw,d_s_clipped,unloading_residual,delta_sigma_norm_MPa,original_Cs_increment_residual,current_isotropic_yield_MPa,sigma_VM_over_current_yield,confirmed_prior_yield,spatially_supported_unloading,qualified_scalar_stiffness,drop_audit_class
BH050,71,72,0.7200006246566772,0.0926130192050682,7687,4,5,-25.21816635131836,-26.159772872924805,0.0,23.693047193589493,24.59556625268967,0.9026290293915262,0.0,0.0,AMBIGUOUS,,,,0.9452193796124484,0.0001655045304389,355.0,0.0692832852188441,False,False,False,AMBIGUOUS
BH050,71,72,0.7200006246566772,0.0926130192050682,6592,3,5,-24.605148315429688,-25.46459007263184,0.0,23.17263537974466,23.979395668390747,0.8066560281925437,0.0,0.0,AMBIGUOUS,,,,0.8667654172769239,2.3544321216356323e-05,355.0,0.0675475934320866,False,False,False,AMBIGUOUS
BH050,71,72,0.7200006246566772,0.0926130192050682,7690,1,1,-25.06138038635254,-26.05335807800293,0.0,23.242318190225543,24.17185990829453,0.9295869502864014,0.0,0.0,AMBIGUOUS,,,,1.0019575872300448,5.708673815979448e-05,355.0,0.0680897462205479,False,False,False,AMBIGUOUS
BH050,71,72,0.7200006246566772,0.0926130192050682,8803,2,1,-26.676464080810547,-28.43410301208496,0.0,27.2824260477935,27.92583326174371,0.5747992287098482,0.0,0.0,AMBIGUOUS,,,,2.837682924838405,8.3735837174373e-05,355.0,0.0786643190471653,False,False,False,AMBIGUOUS
BH050,72,73,0.7300007939338684,0.0962419607997778,5809,3,5,-24.30697250366211,-25.27595329284668,0.0,22.21768023648292,23.05204820732968,0.3043479113197183,0.0,0.0,AMBIGUOUS,,,,3.221839764605422,2.586565420578284e-05,355.0,0.0649353470629005,False,False,False,AMBIGUOUS
BH050,72,73,0.7300007939338684,0.0962419607997778,8857,1,1,-23.520544052124023,-23.873804092407227,0.0,24.53735383579146,26.61508797455901,1.969318407647052,0.0,0.0,AMBIGUOUS,,,,2.924989103325317,4.766863574670558e-05,355.0,0.0749720788015746,False,False,False,AMBIGUOUS
BH050,72,73,0.7300007939338684,0.0962419607997778,7318,1,1,-21.206010818481445,-22.026012420654297,0.0,23.472519469122883,24.358140263336235,0.8856989127172326,0.0,0.0,AMBIGUOUS,,,,0.8287510974259957,0.0001269182268295,355.0,0.0686144796150316,False,False,False,AMBIGUOUS
BH050,72,73,0.7300007939338684,0.0962419607997778,7687,4,5,-26.159772872924805,-27.17357063293457,0.0,24.59556625268967,25.521947533719185,0.9263709414768312,0.0,0.0,AMBIGUOUS,,,,1.036052320043217,0.0001557764771256,355.0,0.0718928099541385,False,False,False,AMBIGUOUS
BH050,72,73,0.7300007939338684,0.0962419607997778,6592,3,5,-25.46459007263184,-26.51221466064453,0.0,23.979395668390747,24.94416652865889,0.9648594222600984,0.0,0.0,AMBIGUOUS,,,,1.0665736916161646,0.0001472773449553,355.0,0.0702652578272081,False,False,False,AMBIGUOUS
BH050,72,73,0.7300007939338684,0.0962419607997778,7690,1,1,-26.05335807800293,-27.019641876220703,0.0,24.17185990829453,25.051388905925407,0.8795422587334091,0.0,0.0,AMBIGUOUS,,,,0.9889813352698904,6.215431259644747e-05,355.0,0.0705672926927476,False,False,False,AMBIGUOUS
BH050,72,73,0.7300007939338684,0.0962419607997778,8803,2,1,-28.43410301208496,-28.8857479095459,0.0,27.92583326174371,29.97741739758065,1.9215888096028024,0.0,0.0,AMBIGUOUS,,,,3.057199859373362,4.38784740430605e-05,355.0,0.0844434292889595,False,False,False,AMBIGUOUS
BH050,73,74,0.7400009632110596,0.099894359302905,5809,3,5,-25.27595329284668,-27.32827377319336,0.0,23.05204820732968,24.69414712565183,1.5988159991484132,0.0,0.0,AMBIGUOUS,,,,2.253615427884206,6.142387135745735e-05,355.0,0.0695609778187375,False,False,False,AMBIGUOUS
BH050,73,74,0.7400009632110596,0.099894359302905,8857,1,1,-23.873804092407227,-26.10969352722168,0.0,26.61508797455901,26.43219925912379,-0.4533183112428032,0.0,0.0,AMBIGUOUS,,,,4.903693928733691,2.8368327297102462e-05,355.0,0.0744568993214754,False,False,False,AMBIGUOUS
BH050,73,74,0.7400009632110596,0.099894359302905,7318,1,1,-22.026012420654297,-22.86648750305176,0.0,24.358140263336235,25.30790266076016,0.9497706754331438,0.0,0.0,AMBIGUOUS,,,,0.8618689540856498,5.085512658419736e-05,355.0,0.0712898666500286,False,False,False,AMBIGUOUS
BH050,73,74,0.7400009632110596,0.099894359302905,7687,4,5,-27.17357063293457,-28.239717483520508,0.0,25.521947533719185,26.555017025378955,1.0330340463730672,0.0,0.0,AMBIGUOUS,,,,1.0685730011226802,8.495980355191217e-05,355.0,0.0748028648602224,False,False,False,AMBIGUOUS
BH050,73,74,0.7400009632110596,0.099894359302905,6592,3,5,-26.51221466064453,-27.547651290893555,0.0,24.94416652865889,25.938365289179416,0.9941440753782802,0.0,0.0,AMBIGUOUS,,,,1.0391195124874688,2.565859710255354e-05,355.0,0.0730658177159983,False,False,False,AMBIGUOUS
BH050,73,74,0.7400009632110596,0.099894359302905,7690,1,1,-27.019641876220703,-28.156986236572266,0.0,25.051388905925407,26.132276882910386,1.0809838861181065,0.0,0.0,AMBIGUOUS,,,,1.143482321358099,0.0001763347360048,355.0,0.073612047557494,False,False,False,AMBIGUOUS
BH050,73,74,0.7400009632110596,0.099894359302905,8803,2,1,-28.8857479095459,-30.55677795410156,0.0,29.97741739758065,30.94891257049621,0.9484162414135532,0.0,0.0,AMBIGUOUS,,,,2.121889125650621,9.288161539535203e-05,355.0,0.0871800354098484,False,False,False,AMBIGUOUS
BH050,74,75,0.7500011324882507,0.1036891283011704,5809,3,5,-27.32827377319336,-27.516979217529297,0.0,24.69414712565183,25.18765907172783,0.4221431570506669,0.0,0.0,AMBIGUOUS,,,,1.5778896503899893,0.0001010480795915,355.0,0.0709511523147262,False,False,False,AMBIGUOUS
BH050,74,75,0.7500011324882507,0.1036891283011704,8857,1,1,-26.10969352722168,-26.757680892944336,0.0,26.43219925912379,27.499685736588027,1.0549113194281057,0.0,0.0,AMBIGUOUS,,,,1.0030071662552646,5.801207922577507e-05,355.0,0.0774639034833465,False,False,False,AMBIGUOUS
BH050,74,75,0.7500011324882507,0.1036891283011704,7318,1,1,-22.86648750305176,-23.70665168762207,0.0,25.30790266076016,26.246630049053348,0.9387362371122444,0.0,0.0,AMBIGUOUS,,,,0.8579377838744326,6.0975037266474654e-05,355.0,0.0739341691522629,False,False,False,AMBIGUOUS
BH050,74,75,0.7500011324882507,0.1036891283011704,7687,4,5,-28.239717483520508,-29.37216567993164,0.0,26.555017025378955,27.580558475298325,1.025315728220175,0.0,0.0,AMBIGUOUS,,,,1.1603376667250018,0.0001441057894097,355.0,0.0776917140149248,False,False,False,AMBIGUOUS
BH050,74,75,0.7500011324882507,0.1036891283011704,6592,3,5,-27.547651290893555,-28.57291984558105,0.0,25.938365289179416,26.884468767458905,0.9460326851598312,0.0,0.0,AMBIGUOUS,,,,1.0430742670826514,3.240560145886918e-05,355.0,0.0757308979365039,False,False,False,AMBIGUOUS
BH050,74,75,0.7500011324882507,0.1036891283011704,7690,1,1,-28.156986236572266,-29.08677101135254,0.0,26.132276882910386,26.979422461757213,0.8469530593145194,0.0,0.0,AMBIGUOUS,,,,0.9510631800663252,0.0001879950685807,355.0,0.0759983731317104,False,False,False,AMBIGUOUS
BH050,74,75,0.7500011324882507,0.1036891283011704,8803,2,1,-30.55677795410156,-31.34154891967773,0.0,30.94891257049621,31.792239134598,0.8268606666343435,0.0,0.0,AMBIGUOUS,,,,0.9845923486900048,7.51449604232204e-05,355.0,0.0895556031960507,False,False,False,AMBIGUOUS
BH050,75,76,0.7600013017654419,0.1074747486190703,5809,3,5,-27.516979217529297,-27.60272216796875,0.0,25.18765907172783,26.56101435761278,1.1645372425741995,0.0,0.0,AMBIGUOUS,,,,3.247541305243577,5.382354658028153e-05,355.0,0.0748197587538388,False,False,False,AMBIGUOUS
BH050,75,76,0.7600013017654419,0.1074747486190703,8857,1,1,-26.757680892944336,-27.67197227478028,0.0,27.499685736588027,29.57257342136994,1.937663373355752,0.0,0.0,AMBIGUOUS,,,,2.7903757837649525,3.0387913116049107e-05,355.0,0.0833030237221688,False,False,False,AMBIGUOUS
BH050,75,76,0.7600013017654419,0.1074747486190703,7318,1,1,-23.70665168762207,-24.600011825561523,0.0,26.246630049053348,27.2363923299013,0.9894600116670752,0.0,0.0,AMBIGUOUS,,,,0.9120952538042,9.556233375677342e-05,355.0,0.0767222319152149,False,False,False,AMBIGUOUS
BH050,75,76,0.7600013017654419,0.1074747486190703,7687,4,5,-29.37216567993164,-30.419841766357425,0.0,27.580558475298325,28.57969422373667,0.9989661621549196,0.0,0.0,AMBIGUOUS,,,,1.055375490094735,3.517981268509363e-05,355.0,0.0805061809119342,False,False,False,AMBIGUOUS
BH050,75,76,0.7600013017654419,0.1074747486190703,6592,3,5,-28.57291984558105,-29.683643341064453,0.0,26.884468767458905,27.94515897526213,1.060631271838426,0.0,0.0,AMBIGUOUS,,,,1.1203392221310138,3.283909983913669e-05,355.0,0.0787187576767947,False,False,False,AMBIGUOUS
BH050,75,76,0.7600013017654419,0.1074747486190703,7690,1,1,-29.08677101135254,-30.28146171569824,0.0,26.979422461757213,28.07459440737897,1.0952940502482833,0.0,0.0,AMBIGUOUS,,,,1.2188846515888994,0.0001433781012471,355.0,0.079083364527828,False,False,False,AMBIGUOUS
BH050,75,76,0.7600013017654419,0.1074747486190703,8803,2,1,-31.34154891967773,-33.72315216064453,0.0,31.792239134598,32.44896349205505,0.502459626862697,0.0,0.0,AMBIGUOUS,,,,4.347769414272793,1.218806099832363e-05,355.0,0.0914055309635353,False,False,False,AMBIGUOUS
BH050,76,77,0.7699999809265137,0.1114355239284306,5809,3,5,-27.60272216796875,-31.42246437072754,0.0,26.56101435761278,27.973032615275105,0.6851593441702366,0.0,0.0,AMBIGUOUS,,,,8.288667709297563,1.8593301550773728e-06,355.0,0.0787972749726059,False,False,False,AMBIGUOUS
BH050,76,77,0.7699999809265137,0.1114355239284306,8857,1,1,-27.67197227478028,-29.067855834960938,0.0,29.57257342136994,29.416230389774,-0.2844358363948938,0.0,0.0,AMBIGUOUS,,,,3.359034769455427,4.893710032894316e-05,355.0,0.0828626208162647,False,False,False,AMBIGUOUS
BH050,76,77,0.7699999809265137,0.1114355239284306,7318,1,1,-24.600011825561523,-25.527925491333008,0.0,27.2363923299013,28.241516954202663,1.004755312256819,0.0,0.0,AMBIGUOUS,,,,0.9410351423302192,0.0001348121317401,355.0,0.0795535688850779,False,False,False,AMBIGUOUS
BH050,76,77,0.7699999809265137,0.1114355239284306,7687,4,5,-30.419841766357425,-31.55286026000977,0.0,28.57969422373667,29.65110805246166,1.071443457254335,0.0,0.0,AMBIGUOUS,,,,1.1425666684635432,8.538652299706765e-05,355.0,0.0835242480351032,False,False,False,AMBIGUOUS
BH050,76,77,0.7699999809265137,0.1114355239284306,6592,3,5,-29.683643341064453,-30.64829063415528,0.0,27.94515897526213,28.86102259880743,0.9157343253604252,0.0,0.0,AMBIGUOUS,,,,0.9702743681897512,8.539799435325443e-05,355.0,0.0812986552079082,False,False,False,AMBIGUOUS
BH050,76,77,0.7699999809265137,0.1114355239284306,7690,1,1,-30.28146171569824,-31.4396915435791,0.0,28.07459440737897,29.13652960652833,1.061992071154611,0.0,0.0,AMBIGUOUS,,,,1.1810972300535023,6.768287670329009e-05,355.0,0.0820747312859953,False,False,False,AMBIGUOUS
BH050,76,77,0.7699999809265137,0.1114355239284306,8803,2,1,-33.72315216064453,-33.28263854980469,0.4405136108398437,32.44896349205505,34.94562707292155,2.0861304179058897,0.0,0.0,AMBIGUOUS,,,,5.9563792254595285,2.3534988333970605e-05,355.0,0.0984383861209057,False,False,False,AMBIGUOUS
BH050,77,78,0.7800001502037048,0.1154441501885497,5809,3,5,-31.42246437072754,-31.69409370422364,0.0,27.973032615275105,27.8225052848275,-0.2327112929130572,0.0,0.0,AMBIGUOUS,,,,1.8281129425659093,6.238069017812266e-05,355.0,0.0783732543234577,False,False,False,AMBIGUOUS
BH050,77,78,0.7800001502037048,0.1154441501885497,8857,1,1,-29.067855834960938,-30.65360450744629,0.0,29.416230389774,29.704879842925905,0.1933306786379922,0.0,0.0,AMBIGUOUS,,,,3.1691406935062743,1.5199558418557878e-05,355.0,0.0836757178673969,False,False,False,AMBIGUOUS
BH050,77,78,0.7800001502037048,0.1154441501885497,7318,1,1,-25.527925491333008,-26.355932235717773,0.0,28.241516954202663,29.23880339966973,0.9970794861906443,0.0,0.0,AMBIGUOUS,,,,0.8767041305799316,2.939628660521901e-05,355.0,0.0823628264779429,False,False,False,AMBIGUOUS
BH050,77,78,0.7800001502037048,0.1154441501885497,7687,4,5,-31.55286026000977,-32.690452575683594,0.0,29.65110805246166,30.714500528218057,1.063043535303959,0.0,0.0,AMBIGUOUS,,,,1.1504382511987774,0.0001037761679226,355.0,0.0865197197977973,False,False,False,AMBIGUOUS
BH050,77,78,0.7800001502037048,0.1154441501885497,6592,3,5,-30.64829063415528,-31.810924530029297,0.0,28.86102259880743,29.945570744151983,1.0845164676479466,0.0,0.0,AMBIGUOUS,,,,1.1764488926460608,1.400480920721707e-05,355.0,0.0843537204060619,False,False,False,AMBIGUOUS
BH050,77,78,0.7800001502037048,0.1154441501885497,7690,1,1,-31.4396915435791,-32.47646713256836,0.0,29.13652960652833,30.116403774611808,0.979837559581602,0.0,0.0,AMBIGUOUS,,,,1.0460424276448563,6.678532176687499e-05,355.0,0.0848349402101741,False,False,False,AMBIGUOUS
BH050,77,78,0.7800001502037048,0.1154441501885497,8803,2,1,-33.28263854980469,-35.42515182495117,0.0,34.94562707292155,34.892933793492645,-0.2826564041805492,0.0,0.0,AMBIGUOUS,,,,4.991097813577818,1.3715400628742973e-05,355.0,0.0982899543478666,False,False,False,AMBIGUOUS
BH050,78,79,0.790000319480896,0.1194731095074155,5809,3,5,-31.69409370422364,-30.797096252441406,0.8969974517822266,27.8225052848275,28.48729920187445,0.1261126567242986,0.0,0.0,AMBIGUOUS,,,,5.790568825883919,5.007877943460606e-05,355.0,0.0802459132447167,False,False,False,AMBIGUOUS
BH050,78,79,0.790000319480896,0.1194731095074155,8857,1,1,-30.65360450744629,-30.26256561279297,0.3910388946533203,29.704879842925905,32.243064820707694,2.134370858538457,0.0,0.0,AMBIGUOUS,,,,5.697354936782443,1.4874891260766722e-05,355.0,0.0908255347062188,False,False,False,AMBIGUOUS
BH050,78,79,0.790000319480896,0.1194731095074155,7318,1,1,-26.355932235717773,-27.322315216064453,0.0,29.23880339966973,30.310346276288683,1.0714851447957654,0.0,0.0,AMBIGUOUS,,,,0.985018583488033,8.158954052256648e-05,355.0,0.0853812571163061,False,False,False,AMBIGUOUS
BH050,78,79,0.790000319480896,0.1194731095074155,7687,4,5,-32.690452575683594,-33.85390090942383,0.0,30.714500528218057,31.79202010251621,1.0774561682412511,0.0,0.0,AMBIGUOUS,,,,1.1828474220165752,7.887815614643378e-05,355.0,0.089554986204271,False,False,False,AMBIGUOUS
BH050,78,79,0.790000319480896,0.1194731095074155,6592,3,5,-31.810924530029297,-32.96701431274414,0.0,29.945570744151983,31.02266920179789,1.0769750503732942,0.0,0.0,AMBIGUOUS,,,,1.1763476340812953,4.987043624494e-05,355.0,0.0873878005684447,False,False,False,AMBIGUOUS
BH050,78,79,0.790000319480896,0.1194731095074155,7690,1,1,-32.47646713256836,-33.72282791137695,0.0,30.116403774611808,31.26631687603059,1.1499686266284217,0.0,0.0,AMBIGUOUS,,,,1.2682300937863098,7.986657619842597e-05,355.0,0.0880741320451565,False,False,False,AMBIGUOUS
BH050,78,79,0.790000319480896,0.1194731095074155,8803,2,1,-35.42515182495117,-36.08127212524414,0.0,34.892933793492645,36.55206318002715,1.6144763510885327,0.0,0.0,AMBIGUOUS,,,,2.0521283837564077,0.0001181609881446,355.0,0.1029635582535976,False,False,False,AMBIGUOUS
BH050,79,80,0.8000004887580872,0.1237098619188037,5809,3,5,-30.797096252441406,-34.91029357910156,0.0,28.48729920187445,30.95941159150425,1.95647919003469,0.0,0.0,AMBIGUOUS,,,,7.839953567550879,2.4011567394513337e-06,355.0,0.0872096101169133,False,False,False,AMBIGUOUS
BH050,79,80,0.8000004887580872,0.1237098619188037,8857,1,1,-30.26256561279297,-32.26002883911133,0.0,32.243064820707694,32.317915619931924,-0.0713344547783604,0.0,0.0,AMBIGUOUS,,,,4.025023072189749,3.239467409685834e-05,355.0,0.0910363820279772,False,False,False,AMBIGUOUS
BH050,79,80,0.8000004887580872,0.1237098619188037,7318,1,1,-27.322315216064453,-28.236507415771484,0.0,30.310346276288683,31.309525941297068,0.9990741793477924,0.0,0.0,AMBIGUOUS,,,,0.9288707393163445,7.69616030145255e-05,355.0,0.0881958477219635,False,False,False,AMBIGUOUS
BH050,79,80,0.8000004887580872,0.1237098619188037,7687,4,5,-33.85390090942383,-34.897544860839844,0.0,31.79202010251621,32.79465959833465,1.0023894437854302,0.0,0.0,AMBIGUOUS,,,,1.0472959693324229,0.0001014657669235,355.0,0.0923793228122102,False,False,False,AMBIGUOUS
BH050,79,80,0.8000004887580872,0.1237098619188037,6592,3,5,-32.96701431274414,-34.071754455566406,0.0,31.02266920179789,32.07758164639726,1.0548076565947218,0.0,0.0,AMBIGUOUS,,,,1.109717555587816,7.487237149445282e-05,355.0,0.0903593849194289,False,False,False,AMBIGUOUS
BH050,79,80,0.8000004887580872,0.1237098619188037,7690,1,1,-33.72282791137695,-34.81093215942383,0.0,31.26631687603059,32.258283609630475,0.9917765359145676,0.0,0.0,AMBIGUOUS,,,,1.1139274236858792,0.0001375810067621,355.0,0.0908684045341703,False,False,False,AMBIGUOUS
BH050,79,80,0.8000004887580872,0.1237098619188037,8803,2,1,-36.08127212524414,-36.6381721496582,0.0,36.55206318002715,38.17763284766927,1.535985403376837,0.0,0.0,AMBIGUOUS,,,,2.5420784043063778,1.26476597608946e-05,355.0,0.1075426277399134,False,False,False,AMBIGUOUS
BH050,80,81,0.8100006580352783,0.1279983549684606,5809,3,5,-34.91029357910156,-34.518611907958984,0.3916816711425781,30.95941159150425,31.21358753425584,-0.172007711081509,0.0,0.0,AMBIGUOUS,,,,4.5718465563610815,3.516389926854824e-05,355.0,0.0879255986880446,False,False,False,AMBIGUOUS
BH050,80,81,0.8100006580352783,0.1279983549684606,8857,1,1,-32.26002883911133,-32.09269332885742,0.1673355102539062,32.317915619931924,35.000313918689706,2.385948811044549,0.0,0.0,AMBIGUOUS,,,,5.218219363416828,1.016358822632144e-05,355.0,0.0985924335737738,False,False,False,AMBIGUOUS
BH050,80,81,0.8100006580352783,0.1279983549684606,7318,1,1,-28.236507415771484,-29.277990341186523,0.0,31.309525941297068,32.46717740514801,1.1574656828362104,0.0,0.0,AMBIGUOUS,,,,1.0639489635266677,5.647642250766128e-05,355.0,0.0914568377609803,False,False,False,AMBIGUOUS
BH050,80,81,0.8100006580352783,0.1279983549684606,7687,4,5,-34.897544860839844,-36.23046112060547,0.0,32.79465959833465,34.01504400575391,1.220308176398478,0.0,0.0,AMBIGUOUS,,,,1.3586449900840754,2.5455498655802376e-05,355.0,0.0958170253683208,False,False,False,AMBIGUOUS
BH050,80,81,0.8100006580352783,0.1279983549684606,6592,3,5,-34.071754455566406,-35.2729606628418,0.0,32.07758164639726,33.22034098841919,1.142776706985011,0.0,0.0,AMBIGUOUS,,,,1.2108169746838373,3.365804066848467e-05,355.0,0.0935784253194906,False,False,False,AMBIGUOUS
BH050,80,81,0.8100006580352783,0.1279983549684606,7690,1,1,-34.81093215942383,-36.03891372680664,0.0,32.258283609630475,33.406752036123365,1.1480797437684218,0.0,0.0,AMBIGUOUS,,,,1.24127689743904,2.9968234777339505e-05,355.0,0.0941035268623193,False,False,False,AMBIGUOUS
BH050,80,81,0.8100006580352783,0.1279983549684606,8803,2,1,-36.6381721496582,-38.41219329833984,0.0,38.17763284766927,39.41321353019911,1.2174303189276512,0.0,0.0,AMBIGUOUS,,,,2.128696008236175,4.178118627697656e-05,355.0,0.1110231367047862,False,False,False,AMBIGUOUS
BH050,81,82,0.8200008273124695,0.1322914320367757,5809,3,5,-34.518611907958984,-35.7251091003418,0.0,31.21358753425584,32.5277736476565,1.2976522739650065,0.0,0.0,AMBIGUOUS,,,,1.3515811013592625,0.000142342956467,355.0,0.0916275314018493,False,False,False,AMBIGUOUS
BH050,81,82,0.8200008273124695,0.1322914320367757,8857,1,1,-32.09269332885742,-33.95972442626953,0.0,35.000313918689706,35.2182016082191,0.1241379467444328,0.0,0.0,AMBIGUOUS,,,,3.4614145272486083,6.593778450982973e-05,355.0,0.0992062017132932,False,False,False,AMBIGUOUS
BH050,81,82,0.8200008273124695,0.1322914320367757,7318,1,1,-29.277990341186523,-30.26847076416016,0.0,32.46717740514801,33.59455247681146,1.127209660990782,0.0,0.0,AMBIGUOUS,,,,1.0202995980962772,7.035941887583671e-05,355.0,0.0946325421882012,False,False,False,AMBIGUOUS
BH050,81,82,0.8200008273124695,0.1322914320367757,7687,4,5,-36.23046112060547,-37.47111511230469,0.0,34.01504400575391,35.17742158804972,1.1627155978986958,0.0,0.0,AMBIGUOUS,,,,1.2535234931215964,0.0002773841661522,355.0,0.0990913284170414,False,False,False,AMBIGUOUS
BH050,81,82,0.8200008273124695,0.1322914320367757,6592,3,5,-35.2729606628418,-36.43798828125,0.0,33.22034098841919,34.30726800655782,1.0869275498089974,0.0,0.0,AMBIGUOUS,,,,1.1799585211348904,4.0080480603467175e-05,355.0,0.0966401915677685,False,False,False,AMBIGUOUS
BH050,81,82,0.8200008273124695,0.1322914320367757,7690,1,1,-36.03891372680664,-37.214500427246094,0.0,33.406752036123365,34.493465862096635,1.0867971565102892,0.0,0.0,AMBIGUOUS,,,,1.1945968326401175,8.836167473774924e-05,355.0,0.0971646925692863,False,False,False,AMBIGUOUS
BH050,81,82,0.8200008273124695,0.1322914320367757,8803,2,1,-38.41219329833984,-39.397003173828125,0.0,39.41321353019911,40.64331874682054,1.228137815915925,0.0,0.0,AMBIGUOUS,,,,1.0863748127359063,0.0001552113559845,355.0,0.1144882218220297,False,False,False,AMBIGUOUS
BH050,82,83,0.8300009965896606,0.1367709637953226,5809,3,5,-35.7251091003418,-33.855186462402344,1.869922637939453,32.5277736476565,34.03233484389331,0.5729832255179179,0.0,0.0,AMBIGUOUS,,,,8.684698299897681,5.649111051958399e-06,355.0,0.095865731954629,False,False,False,AMBIGUOUS
BH050,82,83,0.8300009965896606,0.1367709637953226,8857,1,1,-33.95972442626953,-35.04100799560547,0.0,35.2182016082191,36.91303034068403,1.6799954428962804,0.0,0.0,AMBIGUOUS,,,,1.6064370822762375,0.0001035187233082,355.0,0.1039803671568564,False,False,False,AMBIGUOUS
BH050,82,83,0.8300009965896606,0.1367709637953226,7318,1,1,-30.26847076416016,-31.25693130493164,0.0,33.59455247681146,34.68917923862078,1.0945662099346245,0.0,0.0,AMBIGUOUS,,,,1.0065142036216308,2.54250617012868e-05,355.0,0.0977159978552698,False,False,False,AMBIGUOUS
BH050,82,83,0.8300009965896606,0.1367709637953226,7687,4,5,-37.47111511230469,-38.68195724487305,0.0,35.17742158804972,36.29991326212047,1.122258617705349,0.0,0.0,AMBIGUOUS,,,,1.2292872273415458,0.0001588704650646,355.0,0.1022532767947055,False,False,False,AMBIGUOUS
BH050,82,83,0.8300009965896606,0.1367709637953226,6592,3,5,-36.43798828125,-37.76675415039063,0.0,34.30726800655782,35.54424212886519,1.2368227186346108,0.0,0.0,AMBIGUOUS,,,,1.3470414116531009,0.0001035518149951,355.0,0.1001246257151132,False,False,False,AMBIGUOUS
BH050,82,83,0.8300009965896606,0.1367709637953226,7690,1,1,-37.214500427246094,-38.52682876586914,0.0,34.493465862096635,35.70402591627885,1.2106988696847072,0.0,0.0,AMBIGUOUS,,,,1.3345727090655248,0.0001047097594509,355.0,0.1005747208909263,False,False,False,AMBIGUOUS
BH050,82,83,0.8300009965896606,0.1367709637953226,8803,2,1,-39.397003173828125,-42.08088302612305,0.0,40.64331874682054,41.66269297433256,0.9208802083400734,0.0,0.0,AMBIGUOUS,,,,4.154867303623131,5.332637130128751e-05,355.0,0.1173596985192466,False,False,False,AMBIGUOUS
BH050,83,84,0.8400011658668518,0.1412669760880535,5809,3,5,-33.855186462402344,-37.389766693115234,0.0,34.03233484389331,33.945768391752175,-1.0806265159901722,0.0,0.0,AMBIGUOUS,,,,9.8243009506228,1.1810897785740063e-05,355.0,0.0956218827936681,False,False,False,AMBIGUOUS
BH050,83,84,0.8400011658668518,0.1412669760880535,8857,1,1,-35.04100799560547,-36.66268539428711,0.0,36.91303034068403,37.1438351773149,0.1630088242014686,0.0,0.0,AMBIGUOUS,,,,3.035714042511315,7.022010005346604e-06,355.0,0.1046305216262391,False,False,False,AMBIGUOUS
BH050,83,84,0.8400011658668518,0.1412669760880535,7318,1,1,-31.25693130493164,-32.25099563598633,0.0,34.68917923862078,35.82634298082695,1.1369682416012858,0.0,0.0,AMBIGUOUS,,,,1.0256101616731228,9.625468629845774e-05,355.0,0.1009192760023294,False,False,False,AMBIGUOUS
BH050,83,84,0.8400011658668518,0.1412669760880535,7687,4,5,-38.68195724487305,-40.06981658935547,0.0,36.29991326212047,37.624097630122456,1.3240177857299442,0.0,0.0,AMBIGUOUS,,,,1.3944451937489395,4.062066426278829e-05,355.0,0.1059833736059787,False,False,False,AMBIGUOUS
BH050,83,84,0.8400011658668518,0.1412669760880535,6592,3,5,-37.76675415039063,-38.98222351074219,0.0,35.54424212886519,36.68588469992253,1.1415466843482662,0.0,0.0,AMBIGUOUS,,,,1.226953625276521,0.000101481865015,355.0,0.1033405202814719,False,False,False,AMBIGUOUS
BH050,83,84,0.8400011658668518,0.1412669760880535,7690,1,1,-38.52682876586914,-39.82204055786133,0.0,35.70402591627885,36.90478871793472,1.2005136062371358,0.0,0.0,AMBIGUOUS,,,,1.3132041021127183,0.0001666291727725,355.0,0.1039571513181259,False,False,False,AMBIGUOUS
BH050,83,84,0.8400011658668518,0.1412669760880535,8803,2,1,-42.08088302612305,-42.8818244934082,0.0,41.66269297433256,42.91130254869031,1.2255058205909142,0.0,0.0,AMBIGUOUS,,,,1.2994448565134136,9.25867811024574e-05,355.0,0.12087690858786,False,False,False,AMBIGUOUS
BH050,84,85,0.850001335144043,0.1458786904926286,5809,3,5,-37.389766693115234,-37.43379211425781,0.0,33.945768391752175,34.68402293388172,0.6737289785940614,0.0,0.0,AMBIGUOUS,,,,2.190582255137927,5.6057878177668194e-05,355.0,0.0977014730531879,False,False,False,AMBIGUOUS
BH050,84,85,0.850001335144043,0.1458786904926286,8857,1,1,-36.66268539428711,-37.23775100708008,0.0,37.1438351773149,39.63989593109994,2.383428039786664,0.0,0.0,AMBIGUOUS,,,,3.539967621719405,2.1086788651382827e-05,355.0,0.1116616786791547,False,False,False,AMBIGUOUS
BH050,84,85,0.850001335144043,0.1458786904926286,7318,1,1,-32.25099563598633,-33.30286407470703,0.0,35.82634298082695,36.9870210936667,1.1606338514069807,0.0,0.0,AMBIGUOUS,,,,1.07167839998272,0.0001435578899538,355.0,0.1041887918131456,False,False,False,AMBIGUOUS
BH050,84,85,0.850001335144043,0.1458786904926286,7687,4,5,-40.06981658935547,-41.24662399291992,0.0,37.624097630122456,38.73272178556204,1.1085323382330776,0.0,0.0,AMBIGUOUS,,,,1.186650036241086,7.248796035853453e-05,355.0,0.1091062585508789,False,False,False,AMBIGUOUS
BH050,84,85,0.850001335144043,0.1458786904926286,6592,3,5,-38.98222351074219,-40.26861190795898,0.0,36.68588469992253,37.90601564431961,1.2204128596716075,0.0,0.0,AMBIGUOUS,,,,1.295254765851293,0.0002454597996371,355.0,0.1067775088572383,False,False,False,AMBIGUOUS
BH050,84,85,0.850001335144043,0.1458786904926286,7690,1,1,-39.82204055786133,-41.0761833190918,0.0,36.90478871793472,38.07911651479205,1.1744232505517247,0.0,0.0,AMBIGUOUS,,,,1.2681910854446594,0.0001084012428842,355.0,0.1072651169430762,False,False,False,AMBIGUOUS
BH050,84,85,0.850001335144043,0.1458786904926286,8803,2,1,-42.8818244934082,-43.833106994628906,0.0,42.91130254869031,44.75372954839022,1.8172370026909488,0.0,0.0,AMBIGUOUS,,,,1.965619159125955,0.000100029393449,355.0,0.1260668437982823,False,False,False,AMBIGUOUS
BH050,85,86,0.8600014448165894,0.1505929419269294,5809,3,5,-37.43379211425781,-38.7295150756836,0.0,34.68402293388172,36.37524711331042,1.6540057282886853,0.0,0.0,AMBIGUOUS,,,,1.747835433657567,8.515335861064398e-05,355.0,0.1024654848262265,False,False,False,AMBIGUOUS
BH050,85,86,0.8600014448165894,0.1505929419269294,8857,1,1,-37.23775100708008,-39.23424911499024,0.0,39.63989593109994,40.44826964452452,0.7459645419494763,0.0,0.0,AMBIGUOUS,,,,3.096007598610829,6.725939170338787e-05,355.0,0.113938787731055,False,False,False,AMBIGUOUS
BH050,85,86,0.8600014448165894,0.1505929419269294,7318,1,1,-33.30286407470703,-34.41801071166992,0.0,36.9870210936667,38.25638219139619,1.2692221342718153,0.0,0.0,AMBIGUOUS,,,,1.1468308888780496,8.647604903583085e-05,355.0,0.1077644568771723,False,False,False,AMBIGUOUS
BH050,85,86,0.8600014448165894,0.1505929419269294,7687,4,5,-41.24662399291992,-42.59098434448242,0.0,38.73272178556204,39.99694220812136,1.2641974602939767,0.0,0.0,AMBIGUOUS,,,,1.3561655684475198,2.7473231172809142e-05,355.0,0.1126674428397784,False,False,False,AMBIGUOUS
BH050,85,86,0.8600014448165894,0.1505929419269294,6592,3,5,-40.26861190795898,-41.55549240112305,0.0,37.90601564431961,39.097857021335145,1.191792397917919,0.0,0.0,AMBIGUOUS,,,,1.310607377679314,2.498193869669315e-05,355.0,0.1101348085108032,False,False,False,AMBIGUOUS
BH050,85,86,0.8600014448165894,0.1505929419269294,7690,1,1,-41.0761833190918,-42.34669494628906,0.0,38.07911651479205,39.27130051743056,1.1920955467106642,0.0,0.0,AMBIGUOUS,,,,1.2829461622267382,5.278608770601249e-05,355.0,0.110623381739241,False,False,False,AMBIGUOUS
BH050,85,86,0.8600014448165894,0.1505929419269294,8803,2,1,-43.833106994628906,-45.65488815307617,0.0,44.75372954839022,45.58100577735887,0.7951973715838794,0.0,0.0,AMBIGUOUS,,,,2.6229139090521696,3.85565234613359e-05,355.0,0.1283971993728418,False,False,False,AMBIGUOUS
BH050,86,87,0.8700014352798462,0.1553541124098743,5809,3,5,-38.7295150756836,-42.7077522277832,0.0,36.37524711331042,37.49070764323783,0.101100649016737,0.0,0.0,AMBIGUOUS,,,,10.53755391609029,8.470896895451324e-06,355.0,0.1056076271640502,False,False,False,AMBIGUOUS
BH050,86,87,0.8700014352798462,0.1553541124098743,8857,1,1,-39.23424911499024,-40.0613899230957,0.0,40.44826964452452,41.37505566559019,0.921943379301613,0.0,0.0,AMBIGUOUS,,,,0.9220765778497948,3.669475056345677e-05,355.0,0.1165494525791273,False,False,False,AMBIGUOUS
BH050,86,87,0.8700014352798462,0.1553541124098743,7318,1,1,-34.41801071166992,-35.4141845703125,0.0,38.25638219139619,39.36669915912285,1.110260001565378,0.0,0.0,AMBIGUOUS,,,,1.016655711291623,5.547333784665938e-05,355.0,0.1108921103073883,False,False,False,AMBIGUOUS
BH050,86,87,0.8700014352798462,0.1553541124098743,7687,4,5,-42.59098434448242,-43.92914581298828,0.0,39.99694220812136,41.25401199940361,1.2574210397767862,0.0,0.0,AMBIGUOUS,,,,1.3503999823570327,0.0002701379079786,355.0,0.1162084845053622,False,False,False,AMBIGUOUS
BH050,86,87,0.8700014352798462,0.1553541124098743,6592,3,5,-41.55549240112305,-42.910682678222656,0.0,39.097857021335145,40.37771795193662,1.2798552391218128,0.0,0.0,AMBIGUOUS,,,,1.365817774468847,3.378173129095292e-05,355.0,0.1137400505688355,False,False,False,AMBIGUOUS
BH050,86,87,0.8700014352798462,0.1553541124098743,7690,1,1,-42.34669494628906,-43.80145263671875,0.0,39.27130051743056,40.5977720176885,1.3263672846648151,0.0,0.0,AMBIGUOUS,,,,1.4865058475307238,1.577834372781727e-05,355.0,0.1143599211765873,False,False,False,AMBIGUOUS
BH050,86,87,0.8700014352798462,0.1553541124098743,8803,2,1,-45.65488815307617,-46.57901763916016,0.0,45.58100577735887,47.56926696299468,1.9542062025701867,0.0,0.0,AMBIGUOUS,,,,2.2286346008849707,2.6553500123268616e-05,355.0,0.1339979351070272,False,False,False,AMBIGUOUS
BH050,87,88,0.8800009489059448,0.1602029696671217,5809,3,5,-42.7077522277832,-42.93268203735352,0.0,37.49070764323783,38.62991937504152,0.892352626742281,0.0,0.0,AMBIGUOUS,,,,3.993021723408914,6.411785246096313e-05,355.0,0.1088166742958915,False,False,False,AMBIGUOUS
BH050,87,88,0.8800009489059448,0.1602029696671217,8857,1,1,-40.0613899230957,-41.13234329223633,0.0,41.37505566559019,43.24389922245106,1.8511454595467003,0.0,0.0,AMBIGUOUS,,,,1.761128327682245,3.973668200741975e-05,355.0,0.1218138006266227,False,False,False,AMBIGUOUS
BH050,87,88,0.8800009489059448,0.1602029696671217,7318,1,1,-35.4141845703125,-36.59447860717773,0.0,39.36669915912285,40.66635555563385,1.2994951738485028,0.0,0.0,AMBIGUOUS,,,,1.2001505299520796,5.811801890946583e-05,355.0,0.1145531142412221,False,False,False,AMBIGUOUS
BH050,87,88,0.8800009489059448,0.1602029696671217,7687,4,5,-43.92914581298828,-45.3343620300293,0.0,41.25401199940361,42.565012380717725,1.3106497316997583,0.0,0.0,AMBIGUOUS,,,,1.423254996233738,0.0001985186544779,355.0,0.1199014433259654,False,False,False,AMBIGUOUS
BH050,87,88,0.8800009489059448,0.1602029696671217,6592,3,5,-42.910682678222656,-44.17844009399414,0.0,40.37771795193662,41.574317543176,1.1967218424184924,0.0,0.0,AMBIGUOUS,,,,1.2807090380759476,0.0001031650311096,355.0,0.1171107536427493,False,False,False,AMBIGUOUS
BH050,87,88,0.8800009489059448,0.1602029696671217,7690,1,1,-43.80145263671875,-45.17595291137695,0.0,40.5977720176885,41.86224906800346,1.2643333794398686,0.0,0.0,AMBIGUOUS,,,,1.4013681695335611,8.893153384076327e-05,355.0,0.1179218283605731,False,False,False,AMBIGUOUS
BH050,87,88,0.8800009489059448,0.1602029696671217,8803,2,1,-46.57901763916016,-48.35752487182617,0.0,47.56926696299468,49.02803619051638,1.4387576761985297,0.0,0.0,AMBIGUOUS,,,,1.939788254416355,0.0001797662204273,355.0,0.1381071441986377,False,False,False,AMBIGUOUS
BH050,88,89,0.8900003433227539,0.1651501940380248,5809,3,5,-42.93268203735352,-45.242637634277344,0.0,38.62991937504152,40.206585211138346,1.529362261648067,0.0,0.0,AMBIGUOUS,,,,3.405309342645877,0.0001108336683058,355.0,0.1132579865102488,False,False,False,AMBIGUOUS
BH050,88,89,0.8900003433227539,0.1651501940380248,8857,1,1,-41.13234329223633,-43.48299789428711,0.0,43.24389922245106,43.21935092259368,-0.1990954740187946,0.0,0.0,AMBIGUOUS,,,,5.038891877767768,5.841495202367534e-05,355.0,0.1217446504861793,False,False,False,AMBIGUOUS
BH050,88,89,0.8900003433227539,0.1651501940380248,7318,1,1,-36.59447860717773,-37.60630035400391,0.0,40.66635555563385,41.86876474622167,1.2020032727023515,0.0,0.0,AMBIGUOUS,,,,1.062350817997479,0.0003141236533304,355.0,0.117940182383723,False,False,False,AMBIGUOUS
BH050,88,89,0.8900003433227539,0.1651501940380248,7687,4,5,-45.3343620300293,-46.77596664428711,0.0,42.565012380717725,43.91036316438736,1.3453257912513576,0.0,0.0,AMBIGUOUS,,,,1.4582257562568446,1.3525035277302067e-05,355.0,0.1236911638433446,False,False,False,AMBIGUOUS
BH050,88,89,0.8900003433227539,0.1651501940380248,6592,3,5,-44.17844009399414,-45.55282974243164,0.0,41.574317543176,42.84831943214608,1.2738838628127414,0.0,0.0,AMBIGUOUS,,,,1.393325904590827,6.229120423174373e-05,355.0,0.1206994913581579,False,False,False,AMBIGUOUS
BH050,88,89,0.8900003433227539,0.1651501940380248,7690,1,1,-45.17595291137695,-46.60121154785156,0.0,41.86224906800346,43.17517086873524,1.3126675136260777,0.0,0.0,AMBIGUOUS,,,,1.44973708064586,0.0001690673622514,355.0,0.1216201996302401,False,False,False,AMBIGUOUS
BH050,88,89,0.8900003433227539,0.1651501940380248,8803,2,1,-48.35752487182617,-50.01642227172852,0.0,49.02803619051638,49.99829420057904,0.9507157452892108,0.0,0.0,AMBIGUOUS,,,,2.2504403417012937,4.253404341085122e-05,355.0,0.1408402653537437,False,False,False,AMBIGUOUS
BH050,89,90,0.9000007510185242,0.1701847926445289,5809,3,5,-45.242637634277344,-44.07361602783203,1.1690216064453125,40.206585211138346,41.48948007774308,0.6383930487438748,0.0,0.0,AMBIGUOUS,,,,7.6709814365091775,4.122452240519061e-06,355.0,0.1168717748668819,False,False,False,AMBIGUOUS
BH050,89,90,0.9000007510185242,0.1701847926445289,8857,1,1,-43.48299789428711,-43.98284149169922,0.0,43.21935092259368,46.37806319383024,2.948186254851983,0.0,0.0,AMBIGUOUS,,,,5.057388195057768,1.5573911274522413e-05,355.0,0.1306424315319161,False,False,False,AMBIGUOUS
BH050,89,90,0.9000007510185242,0.1701847926445289,7318,1,1,-37.60630035400391,-38.8065185546875,0.0,41.86876474622167,43.165521494773365,1.2968034680160263,0.0,0.0,AMBIGUOUS,,,,1.2142051696328535,0.0001295268226096,355.0,0.1215930182951362,False,False,False,AMBIGUOUS
BH050,89,90,0.9000007510185242,0.1701847926445289,7687,4,5,-46.77596664428711,-48.18239212036133,0.0,43.91036316438736,45.2214528586827,1.3112413650550676,0.0,0.0,AMBIGUOUS,,,,1.4238776430677813,0.0001359993392356,355.0,0.1273843742498104,False,False,False,AMBIGUOUS
BH050,89,90,0.9000007510185242,0.1701847926445289,6592,3,5,-45.55282974243164,-47.035003662109375,0.0,42.84831943214608,44.22813990184939,1.3797946232198883,0.0,0.0,AMBIGUOUS,,,,1.502447075106069,9.150965790528393e-06,355.0,0.1245863095826743,False,False,False,AMBIGUOUS
BH050,89,90,0.9000007510185242,0.1701847926445289,7690,1,1,-46.60121154785156,-47.96697998046875,0.0,43.17517086873524,44.42220802340043,1.2471397199831318,0.0,0.0,AMBIGUOUS,,,,1.3959349550238886,9.01501553208844e-05,355.0,0.1251329803476068,False,False,False,AMBIGUOUS
BH050,89,90,0.9000007510185242,0.1701847926445289,8803,2,1,-50.01642227172852,-51.68583297729492,0.0,49.99829420057904,51.88771247981563,1.8825106975167207,0.0,0.0,AMBIGUOUS,,,,1.785590790854139,0.0001318128581593,355.0,0.1461625703656778,False,False,False,AMBIGUOUS
BH050,90,91,0.9100009202957152,0.1753070600720151,5809,3,5,-44.07361602783203,-46.873382568359375,0.0,41.48948007774308,42.241398277455325,0.4146560773118017,0.0,0.0,AMBIGUOUS,,,,6.299704653362395,2.1428431113927003e-05,355.0,0.118989854302691,False,False,False,AMBIGUOUS
BH050,90,91,0.9100009202957152,0.1753070600720151,8857,1,1,-43.98284149169922,-45.20508193969727,0.0,46.37806319383024,46.91383221418143,0.5134610991365771,0.0,0.0,AMBIGUOUS,,,,1.9083689543460147,3.334512656715967e-05,355.0,0.1321516400399477,False,False,False,AMBIGUOUS
BH050,90,91,0.9100009202957152,0.1753070600720151,7318,1,1,-38.8065185546875,-39.92085647583008,0.0,43.165521494773365,44.45181559597112,1.286363871806868,0.0,0.0,AMBIGUOUS,,,,1.152780070725724,9.445692947727355e-05,355.0,0.125216381960482,False,False,False,AMBIGUOUS
BH050,90,91,0.9100009202957152,0.1753070600720151,7687,4,5,-48.18239212036133,-49.59491729736328,0.0,45.2214528586827,46.54615910324722,1.3248663010535344,0.0,0.0,AMBIGUOUS,,,,1.4261746025280586,0.0001765053685801,355.0,0.1311159411359076,False,False,False,AMBIGUOUS
BH050,90,91,0.9100009202957152,0.1753070600720151,6592,3,5,-47.035003662109375,-48.40918350219727,0.0,44.22813990184939,45.53766391103013,1.309306291349472,0.0,0.0,AMBIGUOUS,,,,1.3827028406651762,0.0001542136016716,355.0,0.1282751096085355,False,False,False,AMBIGUOUS
BH050,90,91,0.9100009202957152,0.1753070600720151,7690,1,1,-47.96697998046875,-49.46958541870117,0.0,44.42220802340043,45.821714129662205,1.3994470574406783,0.0,0.0,AMBIGUOUS,,,,1.5204842560714864,4.066932677571613e-05,355.0,0.129075251069471,False,False,False,AMBIGUOUS
BH050,90,91,0.9100009202957152,0.1753070600720151,8803,2,1,-51.68583297729492,-52.913692474365234,0.0,51.88771247981563,54.33884813068916,2.404127389278022,0.0,0.0,AMBIGUOUS,,,,2.7845291496596745,2.888559137395196e-05,355.0,0.1530671778329272,False,False,False,AMBIGUOUS
BH050,91,92,0.9200000762939452,0.1806111174253504,5809,3,5,-46.873382568359375,-47.44166564941406,0.0,42.241398277455325,43.65296119165669,1.2864723460061842,0.0,0.0,AMBIGUOUS,,,,3.14194325638608,4.752990149483448e-05,355.0,0.1229660878638216,False,False,False,AMBIGUOUS
BH050,91,92,0.9200000762939452,0.1806111174253504,8857,1,1,-45.20508193969727,-46.68170928955078,0.0,46.91383221418143,47.72149772079628,0.793625613546691,0.0,0.0,AMBIGUOUS,,,,1.9612154856069155,8.51808827165873e-06,355.0,0.1344267541430881,False,False,False,AMBIGUOUS
BH050,91,92,0.9200000762939452,0.1806111174253504,7318,1,1,-39.92085647583008,-41.16035461425781,0.0,44.45181559597112,45.82742699938417,1.3756311171972444,0.0,0.0,AMBIGUOUS,,,,1.2626428529839144,5.696164966799006e-05,355.0,0.1290913436602371,False,False,False,AMBIGUOUS
BH050,91,92,0.9200000762939452,0.1806111174253504,7687,4,5,-49.59491729736328,-51.15323638916016,0.0,46.54615910324722,47.98588453587366,1.4395335379572232,0.0,0.0,AMBIGUOUS,,,,1.5844738457834175,6.884297144329999e-05,355.0,0.1351715057348553,False,False,False,AMBIGUOUS
BH050,91,92,0.9200000762939452,0.1806111174253504,6592,3,5,-48.40918350219727,-49.85338592529297,0.0,45.53766391103013,46.892079428478105,1.3541834351183188,0.0,0.0,AMBIGUOUS,,,,1.4608666422952228,0.0001626383858564,355.0,0.1320903645872622,False,False,False,AMBIGUOUS
BH050,91,92,0.9200000762939452,0.1806111174253504,7690,1,1,-49.46958541870117,-50.955936431884766,0.0,45.821714129662205,47.200476991936426,1.3789630547629683,0.0,0.0,AMBIGUOUS,,,,1.507661512973368,0.0001299047472569,355.0,0.1329590901181307,False,False,False,AMBIGUOUS
BH050,91,92,0.9200000762939452,0.1806111174253504,8803,2,1,-52.913692474365234,-54.9113655090332,0.0,54.33884813068916,54.61988620969234,0.2038036982543179,0.0,0.0,AMBIGUOUS,,,,3.841314281760427,3.120003827707799e-05,355.0,0.1538588343934995,False,False,False,AMBIGUOUS
BH050,92,93,0.9300010204315186,0.1859316192444366,5809,3,5,-47.44166564941406,-48.88205337524414,0.0,43.65296119165669,44.864914861824666,1.1705372511312957,0.0,0.0,AMBIGUOUS,,,,2.0147416992708966,4.651906693755411e-06,355.0,0.1263800418642948,False,False,False,AMBIGUOUS
BH050,92,93,0.9300010204315186,0.1859316192444366,8857,1,1,-46.68170928955078,-48.92100524902344,0.0,47.72149772079628,49.116722403772734,1.3716795838625109,0.0,0.0,AMBIGUOUS,,,,2.821535392328292,3.3245347074393345e-05,355.0,0.1383569645176696,False,False,False,AMBIGUOUS
BH050,92,93,0.9300010204315186,0.1859316192444366,7318,1,1,-41.16035461425781,-42.26743698120117,0.0,45.82742699938417,47.12635557441742,1.2989230416122,0.0,0.0,AMBIGUOUS,,,,1.1545707136593055,9.46275328382045e-05,355.0,0.1327502973927251,False,False,False,AMBIGUOUS
BH050,92,93,0.9300010204315186,0.1859316192444366,7687,4,5,-51.15323638916016,-52.659793853759766,0.0,47.98588453587366,49.42241876027973,1.436649264359962,0.0,0.0,AMBIGUOUS,,,,1.513849472321737,0.0001110245326231,355.0,0.1392180810148724,False,False,False,AMBIGUOUS
BH050,92,93,0.9300010204315186,0.1859316192444366,6592,3,5,-49.85338592529297,-51.35579681396485,0.0,46.892079428478105,48.29841755872727,1.406501037839822,0.0,0.0,AMBIGUOUS,,,,1.5212261090036523,0.0001110537862437,355.0,0.136051880447119,False,False,False,AMBIGUOUS
BH050,92,93,0.9300010204315186,0.1859316192444366,7690,1,1,-50.955936431884766,-52.441650390625,0.0,47.200476991936426,48.58126472713786,1.3809008640050873,0.0,0.0,AMBIGUOUS,,,,1.507361509009994,9.746633602787698e-05,355.0,0.1368486330341911,False,False,False,AMBIGUOUS
BH050,92,93,0.9300010204315186,0.1859316192444366,8803,2,1,-54.9113655090332,-55.36017227172852,0.0,54.61988620969234,57.24586769333737,2.509553658922583,0.0,0.0,AMBIGUOUS,,,,4.166561533687555,4.310205677808052e-05,355.0,0.1612559653333447,False,False,False,AMBIGUOUS
BH050,93,94,0.9400003552436828,0.1913258108473552,5809,3,5,-48.88205337524414,-51.875885009765625,0.0,44.864914861824666,46.49347534875429,1.4358836396721455,0.0,0.0,AMBIGUOUS,,,,5.7924717799197945,2.5884396777711515e-05,355.0,0.130967536193674,False,False,False,AMBIGUOUS
BH050,93,94,0.9400003552436828,0.1913258108473552,8857,1,1,-48.92100524902344,-50.303253173828125,0.0,49.116722403772734,50.18829739421225,1.0570338670599753,0.0,0.0,AMBIGUOUS,,,,1.551747966226494,6.418858306674009e-05,355.0,0.1413754856174993,False,False,False,AMBIGUOUS
BH050,93,94,0.9400003552436828,0.1913258108473552,7318,1,1,-42.26743698120117,-43.530460357666016,0.0,47.12635557441742,48.51066228362522,1.3844695196675845,0.0,0.0,AMBIGUOUS,,,,1.2816059216078952,0.0001229981395338,355.0,0.1366497529116203,False,False,False,AMBIGUOUS
BH050,93,94,0.9400003552436828,0.1913258108473552,7687,4,5,-52.659793853759766,-54.141868591308594,0.0,49.42241876027973,50.80046084580071,1.37818681908621,0.0,0.0,AMBIGUOUS,,,,1.501178445763231,0.0001381230204294,355.0,0.1430998897064808,False,False,False,AMBIGUOUS
BH050,93,94,0.9400003552436828,0.1913258108473552,6592,3,5,-51.35579681396485,-52.80838394165039,0.0,48.29841755872727,49.66561327916966,1.367097604265436,0.0,0.0,AMBIGUOUS,,,,1.46441463180897,2.6748681998574384e-05,355.0,0.139903135997661,False,False,False,AMBIGUOUS
BH050,93,94,0.9400003552436828,0.1913258108473552,7690,1,1,-52.441650390625,-53.98896026611328,0.0,48.58126472713786,49.992089103675134,1.4104182394221878,0.0,0.0,AMBIGUOUS,,,,1.5809415815147254,0.0001726937169324,355.0,0.1408227862075355,False,False,False,AMBIGUOUS
BH050,93,94,0.9400003552436828,0.1913258108473552,8803,2,1,-55.36017227172852,-57.359981536865234,0.0,57.24586769333737,58.92063008830089,1.6716823461316257,0.0,0.0,AMBIGUOUS,,,,2.084603236100788,4.738925838820379e-05,355.0,0.1659736058825377,False,False,False,AMBIGUOUS
BH050,94,95,0.950001299381256,0.1968081577374566,5809,3,5,-51.875885009765625,-52.39774703979492,0.0,46.49347534875429,47.79142644775391,1.1869124735817471,0.0,0.0,AMBIGUOUS,,,,3.185615760784259,1.0724478193572143e-05,355.0,0.1346237364725462,False,False,False,AMBIGUOUS
BH050,94,95,0.950001299381256,0.1968081577374566,8857,1,1,-50.303253173828125,-50.33971786499024,0.0,50.18829739421225,53.1429051526222,2.73216187834181,0.0,0.0,AMBIGUOUS,,,,5.553709956176018,1.780909762665454e-05,355.0,0.1496983243735836,False,False,False,AMBIGUOUS
BH050,94,95,0.950001299381256,0.1968081577374566,7318,1,1,-43.530460357666016,-44.80149459838867,0.0,48.51066228362522,49.92617827521463,1.4156205628368816,0.0,0.0,AMBIGUOUS,,,,1.2963302165996389,0.000119673328301,355.0,0.140637121902013,False,False,False,AMBIGUOUS
BH050,94,95,0.950001299381256,0.1968081577374566,7687,4,5,-54.141868591308594,-55.72917175292969,0.0,50.80046084580071,52.28748546975032,1.4866349534261731,0.0,0.0,AMBIGUOUS,,,,1.6032687741452114,0.0002136928613242,355.0,0.1472886914640854,False,False,False,AMBIGUOUS
BH050,94,95,0.950001299381256,0.1968081577374566,6592,3,5,-52.80838394165039,-54.31870269775391,0.0,49.66561327916966,51.08973995330643,1.4239371347721734,0.0,0.0,AMBIGUOUS,,,,1.5250971722675235,0.0001221753964722,355.0,0.1439147604318491,False,False,False,AMBIGUOUS
BH050,94,95,0.950001299381256,0.1968081577374566,7690,1,1,-53.98896026611328,-55.52750778198242,0.0,49.992089103675134,51.432302535966784,1.440173481598819,0.0,0.0,AMBIGUOUS,,,,1.5580533723322083,7.801068162314141e-05,355.0,0.1448797254534275,False,False,False,AMBIGUOUS
BH050,94,95,0.950001299381256,0.1968081577374566,8803,2,1,-57.359981536865234,-59.54809188842773,0.0,58.92063008830089,60.29889997828296,1.3615070882106577,0.0,0.0,AMBIGUOUS,,,,2.701167592723676,2.3824256140845365e-05,355.0,0.1698560562768534,False,False,False,AMBIGUOUS
BH050,95,96,0.9600005149841307,0.2023628434043757,5809,3,5,-52.39774703979492,-52.99580001831055,0.0,47.79142644775391,50.36834629693852,2.274438580892894,0.0,0.0,AMBIGUOUS,,,,5.107270960772524,9.31451646684761e-06,355.0,0.1418826656251789,False,False,False,AMBIGUOUS
BH050,95,96,0.9600005149841307,0.2023628434043757,8857,1,1,-50.33971786499024,-51.91757583618164,0.0,53.1429051526222,53.88373244284942,0.7159069657575676,0.0,0.0,AMBIGUOUS,,,,2.3196529468735543,6.056187589094575e-05,355.0,0.1517851618108434,False,False,False,AMBIGUOUS
BH050,95,96,0.9600005149841307,0.2023628434043757,7318,1,1,-44.80149459838867,-46.02597427368164,0.0,49.92617827521463,51.32221868131933,1.3961453340281458,0.0,0.0,AMBIGUOUS,,,,1.259896340853221,0.000108917476641,355.0,0.1445696300882234,False,False,False,AMBIGUOUS
BH050,95,96,0.9600005149841307,0.2023628434043757,7687,4,5,-55.72917175292969,-57.30699920654297,0.0,52.28748546975032,53.75552857027301,1.468130044942715,0.0,0.0,AMBIGUOUS,,,,1.598961349807487,9.834228797899814e-05,355.0,0.1514240241416141,False,False,False,AMBIGUOUS
BH050,95,96,0.9600005149841307,0.2023628434043757,6592,3,5,-54.31870269775391,-55.91739654541016,0.0,51.08973995330643,52.567623445494185,1.4779401250183417,0.0,0.0,AMBIGUOUS,,,,1.6252005261712024,8.335575256801907e-05,355.0,0.1480778125225188,False,False,False,AMBIGUOUS
BH050,95,96,0.9600005149841307,0.2023628434043757,7690,1,1,-55.52750778198242,-57.11719131469727,0.0,51.432302535966784,52.89486157001178,1.462643464760204,0.0,0.0,AMBIGUOUS,,,,1.6170835588894656,0.0001800689592998,355.0,0.1489996100563712,False,False,False,AMBIGUOUS
BH050,95,96,0.9600005149841307,0.2023628434043757,8803,2,1,-59.54809188842773,-60.66453170776367,0.0,60.29889997828296,62.60209817875271,2.27198062247818,0.0,0.0,AMBIGUOUS,,,,2.5476069937680528,7.2395528592709e-05,355.0,0.1763439385316977,False,False,False,AMBIGUOUS
BH050,96,97,0.970001459121704,0.2079876738150378,5809,3,5,-52.99580001831055,-54.69322967529297,0.0,50.36834629693852,50.03515814303118,-0.5715982409073257,0.0,0.0,AMBIGUOUS,,,,5.416528424256266,1.763340483844523e-05,355.0,0.1409441074451582,False,False,False,AMBIGUOUS
BH050,96,97,0.970001459121704,0.2079876738150378,8857,1,1,-51.91757583618164,-54.14047622680664,0.0,53.88373244284942,55.56722316603284,1.6694055597650843,0.0,0.0,AMBIGUOUS,,,,2.549608672796729,7.727997130533045e-05,355.0,0.1565273892000925,False,False,False,AMBIGUOUS
BH050,96,97,0.970001459121704,0.2079876738150378,7318,1,1,-46.02597427368164,-47.2849006652832,0.0,51.32221868131933,52.76776968608341,1.445583642306958,0.0,0.0,AMBIGUOUS,,,,1.2998708434433717,8.460430740163723e-05,355.0,0.1486416047495307,False,False,False,AMBIGUOUS
BH050,96,97,0.970001459121704,0.2079876738150378,7687,4,5,-57.30699920654297,-58.95439910888672,0.0,53.75552857027301,55.30951012656837,1.5541902489894168,0.0,0.0,AMBIGUOUS,,,,1.661145262909494,0.0001466327625684,355.0,0.1558014369762489,False,False,False,AMBIGUOUS
BH050,96,97,0.970001459121704,0.2079876738150378,6592,3,5,-55.91739654541016,-57.43896484375,0.0,52.567623445494185,54.01340870717208,1.445817820403866,0.0,0.0,AMBIGUOUS,,,,1.5314488360951182,3.387043927950366e-05,355.0,0.1521504470624565,False,False,False,AMBIGUOUS
BH050,96,97,0.970001459121704,0.2079876738150378,7690,1,1,-57.11719131469727,-58.71352767944336,0.0,52.89486157001178,54.36683926052442,1.472224079558094,0.0,0.0,AMBIGUOUS,,,,1.6251709408081858,0.0002049520034159,355.0,0.1531460260859843,False,False,False,AMBIGUOUS
BH050,96,97,0.970001459121704,0.2079876738150378,8803,2,1,-60.66453170776367,-62.51750564575195,0.0,62.60209817875271,63.784616699714064,1.1665865689421715,0.0,0.0,AMBIGUOUS,,,,2.3649789553697467,5.166251262220837e-05,355.0,0.1796749766189128,False,False,False,AMBIGUOUS
BH050,97,98,0.9800004959106444,0.2137681107701793,5809,3,5,-54.69322967529297,-55.13819885253906,0.0,50.03515814303118,51.90729636991107,1.6333416684512012,0.0,0.0,AMBIGUOUS,,,,4.7413569261753885,2.126310856419984e-05,355.0,0.1462177362532706,False,False,False,AMBIGUOUS
BH050,97,98,0.9800004959106444,0.2137681107701793,8857,1,1,-54.14047622680664,-54.793582916259766,0.0,55.56722316603284,57.40738533883115,1.8079320467262645,0.0,0.0,AMBIGUOUS,,,,2.3435262972797606,2.6209104228113915e-05,355.0,0.1617109446164257,False,False,False,AMBIGUOUS
BH050,97,98,0.9800004959106444,0.2137681107701793,7318,1,1,-47.2849006652832,-48.5874137878418,0.0,52.76776968608341,54.22052543612581,1.4523732021108935,0.0,0.0,AMBIGUOUS,,,,1.3291785260628972,0.0003303932017423,355.0,0.15273387446796,False,False,False,AMBIGUOUS
BH050,97,98,0.9800004959106444,0.2137681107701793,7687,4,5,-58.95439910888672,-60.57976150512695,0.0,55.30951012656837,56.822176005228734,1.5126545437268315,0.0,0.0,AMBIGUOUS,,,,1.645636577017047,1.2832357698642812e-05,355.0,0.1600624676203626,False,False,False,AMBIGUOUS
BH050,97,98,0.9800004959106444,0.2137681107701793,6592,3,5,-57.43896484375,-59.04199981689453,0.0,54.01340870717208,55.53295402377294,1.5196608858268852,0.0,0.0,AMBIGUOUS,,,,1.61507219789733,7.238527750312918e-05,355.0,0.1564308564049941,False,False,False,AMBIGUOUS
BH050,97,98,0.9800004959106444,0.2137681107701793,7690,1,1,-58.71352767944336,-60.41575622558594,0.0,54.36683926052442,55.93483063495973,1.5676617353582456,0.0,0.0,AMBIGUOUS,,,,1.730892469471689,0.0002062091210735,355.0,0.1575629031970696,False,False,False,AMBIGUOUS
BH050,97,98,0.9800004959106444,0.2137681107701793,8803,2,1,-62.51750564575195,-64.26933288574219,0.0,63.784616699714064,64.95787318913527,1.1648376307120312,0.0,0.0,AMBIGUOUS,,,,2.1181015608085816,0.0001342735461124,355.0,0.1829799244764373,False,False,False,AMBIGUOUS
BH050,98,99,0.9900010228157043,0.2195913778991636,5809,3,5,-55.13819885253906,-58.29498291015625,0.0,51.90729636991107,52.95631302031765,0.7284998868936986,0.0,0.0,AMBIGUOUS,,,,7.240751778212406,7.644826280493906e-06,355.0,0.1491727127332891,False,False,False,AMBIGUOUS
BH050,98,99,0.9900010228157043,0.2195913778991636,8857,1,1,-54.793582916259766,-56.9676399230957,0.0,57.40738533883115,58.27360269006269,0.8169913161087355,0.0,0.0,AMBIGUOUS,,,,3.411717389741356,7.255746125022861e-05,355.0,0.1641509934931343,False,False,False,AMBIGUOUS
BH050,98,99,0.9900010228157043,0.2195913778991636,7318,1,1,-48.5874137878418,-49.95076370239258,0.0,54.22052543612581,55.77193522772633,1.5515542964937947,0.0,0.0,AMBIGUOUS,,,,1.4017195705923708,0.0001094888754702,355.0,0.1571040428950037,False,False,False,AMBIGUOUS
BH050,98,99,0.9900010228157043,0.2195913778991636,7687,4,5,-60.57976150512695,-62.33790588378906,0.0,56.822176005228734,58.44068514649458,1.6183458511406656,0.0,0.0,AMBIGUOUS,,,,1.7882979058390016,7.185975325631154e-05,355.0,0.1646216482999847,False,False,False,AMBIGUOUS
BH050,98,99,0.9900010228157043,0.2195913778991636,6592,3,5,-59.04199981689453,-60.67809677124024,0.0,55.53295402377294,57.05801873624311,1.5250280161402805,0.0,0.0,AMBIGUOUS,,,,1.6553095497103485,2.1917446847201453e-05,355.0,0.1607268133415298,False,False,False,AMBIGUOUS
BH050,98,99,0.9900010228157043,0.2195913778991636,7690,1,1,-60.41575622558594,-62.00647735595703,0.0,55.93483063495973,57.39751146581643,1.4620097497085642,0.0,0.0,AMBIGUOUS,,,,1.620396109797827,0.0004533544422387,355.0,0.1616831308896237,False,False,False,AMBIGUOUS
BH050,98,99,0.9900010228157043,0.2195913778991636,8803,2,1,-64.26933288574219,-65.36878967285156,0.0,64.95787318913527,68.38809851572171,3.3263420601551115,0.0,0.0,AMBIGUOUS,,,,4.515188425564396,2.55702582304872e-05,355.0,0.1926425310302019,False,False,False,AMBIGUOUS
BH050,99,100,1.0000009536743164,0.2255048091555087,5809,3,5,-58.29498291015625,-59.35059356689453,0.0,52.95631302031765,54.06340583009017,0.9506745655656874,0.0,0.0,AMBIGUOUS,,,,2.6295173437407984,0.0001261974188142,355.0,0.152291284028423,False,False,False,AMBIGUOUS
BH050,99,100,1.0000009536743164,0.2255048091555087,8857,1,1,-56.9676399230957,-58.72626876831055,0.0,58.27360269006269,59.8226766110982,1.5270263089059088,0.0,0.0,AMBIGUOUS,,,,1.943853339079227,0.0001668822895106,355.0,0.1685145820030935,False,False,False,AMBIGUOUS
BH050,99,100,1.0000009536743164,0.2255048091555087,7318,1,1,-49.95076370239258,-51.23107147216797,0.0,55.77193522772633,57.23639948384023,1.4644587971788945,0.0,0.0,AMBIGUOUS,,,,1.319242707480226,0.0001337717068843,355.0,0.1612292943206767,False,False,False,AMBIGUOUS
BH050,99,100,1.0000009536743164,0.2255048091555087,7687,4,5,-62.33790588378906,-63.92276382446289,0.0,58.44068514649458,59.93323119488964,1.4923923189308692,0.0,0.0,AMBIGUOUS,,,,1.5981906482939168,5.280168600957257e-05,355.0,0.1688260033658863,False,False,False,AMBIGUOUS
BH050,99,100,1.0000009536743164,0.2255048091555087,6592,3,5,-60.67809677124024,-62.290164947509766,0.0,57.05801873624311,58.55407273909384,1.4959457192378158,0.0,0.0,AMBIGUOUS,,,,1.6373173653959436,7.414931730372091e-05,355.0,0.1649410499692784,False,False,False,AMBIGUOUS
BH050,99,100,1.0000009536743164,0.2255048091555087,7690,1,1,-62.00647735595703,-63.70486068725586,0.0,57.39751146581643,58.95526949833947,1.5578918735673124,0.0,0.0,AMBIGUOUS,,,,1.730568295442892,0.000100915158424,355.0,0.1660711816854632,False,False,False,AMBIGUOUS
BH050,99,100,1.0000009536743164,0.2255048091555087,8803,2,1,-65.36878967285156,-68.26929473876953,0.0,68.38809851572171,68.01140592350623,-0.5903383500279984,0.0,0.0,AMBIGUOUS,,,,6.881156951600724,3.465376134302208e-05,355.0,0.1915814251366372,False,False,False,AMBIGUOUS
BH050,100,101,1.010000228881836,0.2313520976015955,5809,3,5,-59.35059356689453,-59.2614860534668,0.0891075134277343,54.06340583009017,55.96030085661567,1.589879586968632,0.0,0.0,AMBIGUOUS,,,,5.567468801085864,8.031280387561196e-05,355.0,0.1576346503003258,False,False,False,AMBIGUOUS
BH050,100,101,1.010000228881836,0.2313520976015955,8857,1,1,-58.72626876831055,-59.34888458251953,0.0,59.8226766110982,62.40555974852519,2.5083342871735934,0.0,0.0,AMBIGUOUS,,,,3.5593597757076183,2.97890780954004e-05,355.0,0.1757903091507751,False,False,False,AMBIGUOUS
BH050,100,101,1.010000228881836,0.2313520976015955,7318,1,1,-51.23107147216797,-52.60230255126953,0.0,57.23639948384023,58.74489637253011,1.5083799348075742,0.0,0.0,AMBIGUOUS,,,,1.3930503129143292,6.766388256232696e-05,355.0,0.1654785813310707,False,False,False,AMBIGUOUS
BH050,100,101,1.010000228881836,0.2313520976015955,7687,4,5,-63.92276382446289,-65.57809448242188,0.0,59.93323119488964,61.47501714984205,1.5420421261943995,0.0,0.0,AMBIGUOUS,,,,1.6762931337050888,0.0002021306770641,355.0,0.1731690623939212,False,False,False,AMBIGUOUS
BH050,100,101,1.010000228881836,0.2313520976015955,6592,3,5,-62.290164947509766,-63.95464324951172,0.0,58.55407273909384,60.10623925098333,1.5524201759952392,0.0,0.0,AMBIGUOUS,,,,1.6843940183244506,0.0001920948867594,355.0,0.1693133500027699,False,False,False,AMBIGUOUS
BH050,100,101,1.010000228881836,0.2313520976015955,7690,1,1,-63.70486068725586,-65.3664779663086,0.0,58.95526949833947,60.48454771306743,1.5290222306555303,0.0,0.0,AMBIGUOUS,,,,1.6912135715617065,0.0001578752986308,355.0,0.1703790076424434,False,False,False,AMBIGUOUS
BH050,100,101,1.010000228881836,0.2313520976015955,8803,2,1,-68.26929473876953,-69.78264617919922,0.0,68.01140592350623,70.24840165232852,2.224821086824643,0.0,0.0,AMBIGUOUS,,,,2.093205817665868,0.0002232871059225,355.0,0.197882821555855,False,False,False,AMBIGUOUS
BH050,101,102,1.020000457763672,0.2373200126517032,5809,3,5,-59.2614860534668,-63.65249633789063,0.0,55.96030085661567,57.176519365745946,0.6351824044725691,0.0,0.0,AMBIGUOUS,,,,10.37916756471113,1.1148538482125948e-05,355.0,0.1610606179316787,False,False,False,AMBIGUOUS
BH050,101,102,1.020000457763672,0.2373200126517032,8857,1,1,-59.34888458251953,-61.270450592041016,0.0,62.40555974852519,63.50936219657991,1.0856357790055011,0.0,0.0,AMBIGUOUS,,,,2.509218773066454,7.550151267282004e-05,355.0,0.1788996118213518,False,False,False,AMBIGUOUS
BH050,101,102,1.020000457763672,0.2373200126517032,7318,1,1,-52.60230255126953,-53.901405334472656,0.0,58.74489637253011,60.226472483771936,1.4815590873449516,0.0,0.0,AMBIGUOUS,,,,1.3369507091397574,7.961474982537626e-05,355.0,0.1696520351655547,False,False,False,AMBIGUOUS
BH050,101,102,1.020000457763672,0.2373200126517032,7687,4,5,-65.57809448242188,-67.29486846923828,0.0,61.47501714984205,63.09939736309369,1.6243769197724427,0.0,0.0,AMBIGUOUS,,,,1.7295934490520557,1.2269847003288522e-05,355.0,0.1777447813044892,False,False,False,AMBIGUOUS
BH050,101,102,1.020000457763672,0.2373200126517032,6592,3,5,-63.95464324951172,-65.6081314086914,0.0,60.10623925098333,61.67322234079245,1.5670447475938225,0.0,0.0,AMBIGUOUS,,,,1.6634872033964814,8.944745972739507e-05,355.0,0.1737273868754716,False,False,False,AMBIGUOUS
BH050,101,102,1.020000457763672,0.2373200126517032,7690,1,1,-65.3664779663086,-67.02264404296875,0.0,60.48454771306743,62.030677452246174,1.54575181855389,0.0,0.0,AMBIGUOUS,,,,1.6766347641285384,0.0002027269590834,355.0,0.1747343026823835,False,False,False,AMBIGUOUS
BH050,101,102,1.020000457763672,0.2373200126517032,8803,2,1,-69.78264617919922,-71.69412231445312,0.0,70.24840165232852,72.06997006699625,1.8178764197997608,0.0,0.0,AMBIGUOUS,,,,1.9961316330568253,0.0002233375340596,355.0,0.2030140001887218,False,False,False,AMBIGUOUS
BH050,102,103,1.030000925064087,0.24336198198997,5809,3,5,-63.65249633789063,-64.12232971191406,0.0,57.176519365745946,59.79489855134377,2.229453166783555,0.0,0.0,AMBIGUOUS,,,,6.401123796430783,1.7195163153647833e-05,355.0,0.1684363339474472,False,False,False,AMBIGUOUS
BH050,102,103,1.030000925064087,0.24336198198997,8857,1,1,-61.270450592041016,-62.53123092651367,0.0,63.50936219657991,65.8633706125947,2.331293094975482,0.0,0.0,AMBIGUOUS,,,,2.410535676308617,2.305736075696708e-05,355.0,0.1855306214439287,False,False,False,AMBIGUOUS
BH050,102,103,1.030000925064087,0.24336198198997,7318,1,1,-53.901405334472656,-55.321266174316406,0.0,60.226472483771936,61.84876704768859,1.6225065128438925,0.0,0.0,AMBIGUOUS,,,,1.4634160610079705,0.0002186894843384,355.0,0.1742218790075735,False,False,False,AMBIGUOUS
BH050,102,103,1.030000925064087,0.24336198198997,7687,4,5,-67.29486846923828,-69.04102325439453,0.0,63.09939736309369,64.72176689695318,1.62231091360047,0.0,0.0,AMBIGUOUS,,,,1.7693432568134746,4.41106508951714e-05,355.0,0.1823148363294456,False,False,False,AMBIGUOUS
BH050,102,103,1.030000925064087,0.24336198198997,6592,3,5,-65.6081314086914,-67.30752563476562,0.0,61.67322234079245,63.26190479092139,1.5887813373437034,0.0,0.0,AMBIGUOUS,,,,1.725160191820484,0.0001019547832482,355.0,0.1782025487068208,False,False,False,AMBIGUOUS
BH050,102,103,1.030000925064087,0.24336198198997,7690,1,1,-67.02264404296875,-68.73223114013672,0.0,62.030677452246174,63.61322609092495,1.582491055120493,0.0,0.0,AMBIGUOUS,,,,1.7344702276302606,5.0760544451331054e-05,355.0,0.1791921861716195,False,False,False,AMBIGUOUS
BH050,102,103,1.030000925064087,0.24336198198997,8803,2,1,-71.69412231445312,-73.0376968383789,0.0,72.06997006699625,74.36148283816294,2.262967650323229,0.0,0.0,AMBIGUOUS,,,,2.4877957646732245,0.0001426987303081,355.0,0.209468965741304,False,False,False,AMBIGUOUS
BH050,103,104,1.0400009155273438,0.2494287726219556,5809,3,5,-64.12232971191406,-65.42723083496094,0.0,59.79489855134377,60.143395599032495,0.289767842743835,0.0,0.0,AMBIGUOUS,,,,2.776236759240691,6.366968292068206e-05,355.0,0.1694180157719225,False,False,False,AMBIGUOUS
BH050,103,104,1.0400009155273438,0.2494287726219556,8857,1,1,-62.53123092651367,-64.28437042236328,0.0,65.8633706125947,66.93805546654276,1.0649309601925134,0.0,0.0,AMBIGUOUS,,,,2.145109295947845,4.211827234379466e-05,355.0,0.1885579027226556,False,False,False,AMBIGUOUS
BH050,103,104,1.0400009155273438,0.2494287726219556,7318,1,1,-55.321266174316406,-56.68414688110352,0.0,61.84876704768859,63.35693524273047,1.5080743508515115,0.0,0.0,AMBIGUOUS,,,,1.3876078575493351,3.202330368400809e-05,355.0,0.1784702401203675,False,False,False,AMBIGUOUS
BH050,103,104,1.0400009155273438,0.2494287726219556,7687,4,5,-69.04102325439453,-70.7721176147461,0.0,64.72176689695318,66.3219731510499,1.600128912716425,0.0,0.0,AMBIGUOUS,,,,1.7583609633072588,3.990416119400034e-05,355.0,0.1868224595804222,False,False,False,AMBIGUOUS
BH050,103,104,1.0400009155273438,0.2494287726219556,6592,3,5,-67.30752563476562,-68.97981262207031,0.0,63.26190479092139,64.82753326737335,1.565727174483125,0.0,0.0,AMBIGUOUS,,,,1.6888648687707442,9.304781141344672e-05,355.0,0.1826127697672488,False,False,False,AMBIGUOUS
BH050,103,104,1.0400009155273438,0.2494287726219556,7690,1,1,-68.73223114013672,-70.51453399658203,0.0,63.61322609092495,65.24458213924865,1.6315659643731075,0.0,0.0,AMBIGUOUS,,,,1.822017052267627,0.0001895690972735,355.0,0.1837875553218272,False,False,False,AMBIGUOUS
BH050,103,104,1.0400009155273438,0.2494287726219556,8803,2,1,-73.0376968383789,-74.75234985351562,0.0,74.36148283816294,75.88056620910162,1.516881420065542,0.0,0.0,AMBIGUOUS,,,,1.794397044261005,0.0001879120150222,355.0,0.2137480738284552,False,False,False,AMBIGUOUS
BH050,104,105,1.0500011444091797,0.255781349965709,5809,3,5,-65.42723083496094,-66.023681640625,0.0,60.143395599032495,62.45282226513177,2.132063530096544,0.0,0.0,AMBIGUOUS,,,,4.872487894039578,7.206342482335313e-06,355.0,0.1759234430003712,False,False,False,AMBIGUOUS
BH050,104,105,1.0500011444091797,0.255781349965709,8857,1,1,-64.28437042236328,-65.68054962158203,0.0,66.93805546654276,68.47835323551458,1.5400920304415782,0.0,0.0,AMBIGUOUS,,,,1.42388662036838,8.639575185737242e-05,355.0,0.1928967696775058,False,False,False,AMBIGUOUS
BH050,104,105,1.0500011444091797,0.255781349965709,7318,1,1,-56.68414688110352,-58.1748275756836,0.0,63.35693524273047,64.99461134608573,1.6377595281275603,0.0,0.0,AMBIGUOUS,,,,1.5136970106982102,5.301348275129678e-05,355.0,0.183083412242495,False,False,False,AMBIGUOUS
BH050,104,105,1.0500011444091797,0.255781349965709,7687,4,5,-70.7721176147461,-72.49327850341797,0.0,66.3219731510499,67.934310782062,1.6125058005104371,0.0,0.0,AMBIGUOUS,,,,1.7388902052518,0.0001723779760432,355.0,0.1913642557241183,False,False,False,AMBIGUOUS
BH050,104,105,1.0500011444091797,0.255781349965709,6592,3,5,-68.97981262207031,-70.73527526855469,0.0,64.82753326737335,66.47989690657728,1.6527218999214288,0.0,0.0,AMBIGUOUS,,,,1.7738833281441118,0.0002417715540277,355.0,0.1872673152297951,False,False,False,AMBIGUOUS
BH050,104,105,1.0500011444091797,0.255781349965709,7690,1,1,-70.51453399658203,-72.31986236572266,0.0,65.24458213924865,66.90468914984969,1.6603701786078982,0.0,0.0,AMBIGUOUS,,,,1.8370567471255863,0.0001736766492324,355.0,0.1884639130981681,False,False,False,AMBIGUOUS
BH050,104,105,1.0500011444091797,0.255781349965709,8803,2,1,-74.75234985351562,-76.87836456298828,0.0,75.88056620910162,77.83009297447686,1.947519792669416,0.0,0.0,AMBIGUOUS,,,,2.1989768965986056,3.266825951772519e-05,355.0,0.2192396985196531,False,False,False,AMBIGUOUS
BH050,105,106,1.0600005388259888,0.2621285533809983,5809,3,5,-66.023681640625,-70.43101501464844,0.0,62.45282226513177,63.446367724551095,0.380487938926505,0.0,0.0,AMBIGUOUS,,,,11.056349152555972,3.3889413707295235e-05,355.0,0.1787221626043693,False,False,False,AMBIGUOUS
BH050,105,106,1.0600005388259888,0.2621285533809983,8857,1,1,-65.68054962158203,-67.15817260742188,0.0,68.47835323551458,70.2030114954527,1.7193813910739917,0.0,0.0,AMBIGUOUS,,,,1.616357968426779,0.0001940905421406,355.0,0.1977549619590216,False,False,False,AMBIGUOUS
BH050,105,106,1.0600005388259888,0.2621285533809983,7318,1,1,-58.1748275756836,-59.58239364624024,0.0,64.99461134608573,66.5854768224449,1.5909296730697335,0.0,0.0,AMBIGUOUS,,,,1.4432027566321248,8.565212590923647e-05,355.0,0.1875647234435067,False,False,False,AMBIGUOUS
BH050,105,106,1.0600005388259888,0.2621285533809983,7687,4,5,-72.49327850341797,-74.288330078125,0.0,67.934310782062,69.62663202330815,1.6919480138302594,0.0,0.0,AMBIGUOUS,,,,1.8096602310904384,0.0002237819000088,355.0,0.1961313578121356,False,False,False,AMBIGUOUS
BH050,105,106,1.0600005388259888,0.2621285533809983,6592,3,5,-70.73527526855469,-72.4991683959961,0.0,66.47989690657728,68.1373777928362,1.657037875741381,0.0,0.0,AMBIGUOUS,,,,1.78190532019569,0.0002553999893197,355.0,0.191936275472778,False,False,False,AMBIGUOUS
BH050,105,106,1.0600005388259888,0.2621285533809983,7690,1,1,-72.31986236572266,-74.09402465820312,0.0,66.90468914984969,68.56414773698526,1.659581081626401,0.0,0.0,AMBIGUOUS,,,,1.7928410510710555,7.756970110016894e-05,355.0,0.1931384443295359,False,False,False,AMBIGUOUS
BH050,105,106,1.0600005388259888,0.2621285533809983,8803,2,1,-76.87836456298828,-79.0227279663086,0.0,77.83009297447686,79.7119016991915,1.880170839818418,0.0,0.0,AMBIGUOUS,,,,2.194677803091802,0.0002489285209791,355.0,0.2245405681667366,False,False,False,AMBIGUOUS
BH050,106,107,1.070001244544983,0.2684531809413811,5809,3,5,-70.43101501464844,-68.86579895019531,1.565216064453125,63.446367724551095,65.05193284794395,1.023601878367555,0.0,0.0,AMBIGUOUS,,,,9.526725470347266,1.1907601423156045e-05,355.0,0.1832448812618139,False,False,False,AMBIGUOUS
BH050,106,107,1.070001244544983,0.2684531809413811,8857,1,1,-67.15817260742188,-69.01200103759766,0.0,70.2030114954527,71.8090905746227,1.603664568560702,0.0,0.0,AMBIGUOUS,,,,1.930997718809175,6.475695836846979e-05,355.0,0.2022791283792188,False,False,False,AMBIGUOUS
BH050,106,107,1.070001244544983,0.2684531809413811,7318,1,1,-59.58239364624024,-61.09234237670898,0.0,66.5854768224449,68.28105337248655,1.6954086305273992,0.0,0.0,AMBIGUOUS,,,,1.544695843004485,0.0001174296286571,355.0,0.192340995415455,False,False,False,AMBIGUOUS
BH050,106,107,1.070001244544983,0.2684531809413811,7687,4,5,-74.288330078125,-76.12265014648438,0.0,69.62663202330815,71.35015737984826,1.7233555436742565,0.0,0.0,AMBIGUOUS,,,,1.8526367989035168,6.540884839593007e-05,355.0,0.2009863588164739,False,False,False,AMBIGUOUS
BH050,106,107,1.070001244544983,0.2684531809413811,6592,3,5,-72.4991683959961,-74.26329803466797,0.0,68.1373777928362,69.77667302559784,1.639425567859667,0.0,0.0,AMBIGUOUS,,,,1.7886857058792185,0.000123866929351,355.0,0.1965540085228108,False,False,False,AMBIGUOUS
BH050,106,107,1.070001244544983,0.2684531809413811,7690,1,1,-74.09402465820312,-75.92364501953125,0.0,68.56414773698526,70.23005222394676,1.6656620322111113,0.0,0.0,AMBIGUOUS,,,,1.872819158652883,0.0001285154242774,355.0,0.1978311330252021,False,False,False,AMBIGUOUS
BH050,106,107,1.070001244544983,0.2684531809413811,8803,2,1,-79.0227279663086,-81.16800689697266,0.0,79.7119016991915,81.95958855458942,2.239741018078387,0.0,0.0,AMBIGUOUS,,,,2.2338883967001166,6.271715613994482e-05,355.0,0.2308720804354631,False,False,False,AMBIGUOUS
BH050,107,108,1.080000877380371,0.2750587419200704,5809,3,5,-68.86579895019531,-71.69105529785156,0.0,65.05193284794395,67.20303649329645,2.100322073748224,0.0,0.0,AMBIGUOUS,,,,3.819505652805032,3.996123265093406e-05,355.0,0.1893043281501308,False,False,False,AMBIGUOUS
BH050,107,108,1.080000877380371,0.2750587419200704,8857,1,1,-69.01200103759766,-71.54412841796875,0.0,71.8090905746227,72.80202238938065,0.9364062391480223,0.0,0.0,AMBIGUOUS,,,,4.036208963401795,0.0001133014519374,355.0,0.205076119406706,False,False,False,AMBIGUOUS
BH050,107,108,1.080000877380371,0.2750587419200704,7318,1,1,-61.09234237670898,-62.53582000732422,0.0,68.28105337248655,69.9015519245002,1.6207082047125156,0.0,0.0,AMBIGUOUS,,,,1.4763227210988596,0.0001256008435259,355.0,0.1969057800690146,False,False,False,AMBIGUOUS
BH050,107,108,1.080000877380371,0.2750587419200704,7687,4,5,-76.12265014648438,-78.09349060058594,0.0,71.35015737984826,73.17690235921322,1.826428649749491,0.0,0.0,AMBIGUOUS,,,,1.9984952242966407,0.0001604300002843,355.0,0.2061321193217273,False,False,False,AMBIGUOUS
BH050,107,108,1.080000877380371,0.2750587419200704,6592,3,5,-74.26329803466797,-76.10225677490234,0.0,69.77667302559784,71.51041227069824,1.7336225136581855,0.0,0.0,AMBIGUOUS,,,,1.853977586812922,7.771012762284111e-05,355.0,0.2014377810442204,False,False,False,AMBIGUOUS
BH050,107,108,1.080000877380371,0.2750587419200704,7690,1,1,-75.92364501953125,-77.78406524658203,0.0,70.23005222394676,71.96294115328242,1.7328096042893395,0.0,0.0,AMBIGUOUS,,,,1.8837007529243148,5.897286807459335e-05,355.0,0.2027125102909363,False,False,False,AMBIGUOUS
BH050,107,108,1.080000877380371,0.2750587419200704,8803,2,1,-81.16800689697266,-82.4788818359375,0.0,81.95958855458942,83.79912006100493,1.825627196276293,0.0,0.0,AMBIGUOUS,,,,1.7550821910756953,7.120175240862066e-05,355.0,0.2360538593267744,False,False,False,AMBIGUOUS
BH050,108,109,1.0900001525878906,0.2816519439810257,5809,3,5,-71.69105529785156,-74.33650207519531,0.0,67.20303649329645,69.03982349361817,1.8174651206896049,0.0,0.0,AMBIGUOUS,,,,3.418462936862312,3.9868158826743714e-05,355.0,0.194478376038361,False,False,False,AMBIGUOUS
BH050,108,109,1.0900001525878906,0.2816519439810257,8857,1,1,-71.54412841796875,-72.13946533203125,0.0,72.80202238938065,76.08707964646774,3.1668984468693027,0.0,0.0,AMBIGUOUS,,,,4.999825211885885,1.614009317753009e-05,355.0,0.2143298018210359,False,False,False,AMBIGUOUS
BH050,108,109,1.0900001525878906,0.2816519439810257,7318,1,1,-62.53582000732422,-64.08049011230469,0.0,69.9015519245002,71.57675084939706,1.675049015008624,0.0,0.0,AMBIGUOUS,,,,1.5629452077243466,0.0001112180836327,355.0,0.2016246502799917,False,False,False,AMBIGUOUS
BH050,108,109,1.0900001525878906,0.2816519439810257,7687,4,5,-78.09349060058594,-79.87320709228516,0.0,73.17690235921322,74.8350149071182,1.6579724387807178,0.0,0.0,AMBIGUOUS,,,,1.8016548999094648,7.131508085659093e-05,355.0,0.2108028588932906,False,False,False,AMBIGUOUS
BH050,108,109,1.0900001525878906,0.2816519439810257,6592,3,5,-76.10225677490234,-77.85340881347656,0.0,71.51041227069824,73.14793867852187,1.6372495340254734,0.0,0.0,AMBIGUOUS,,,,1.7708602386028345,0.0001635468612748,355.0,0.206050531488794,False,False,False,AMBIGUOUS
BH050,108,109,1.0900001525878906,0.2816519439810257,7690,1,1,-77.78406524658203,-79.69369506835938,0.0,71.96294115328242,73.69759648555072,1.734557175185964,0.0,0.0,AMBIGUOUS,,,,1.9556475728188167,2.3198355996218e-05,355.0,0.2075988633395795,False,False,False,AMBIGUOUS
BH050,108,109,1.0900001525878906,0.2816519439810257,8803,2,1,-82.4788818359375,-84.3221664428711,0.0,83.79912006100493,85.67245159418526,1.853885787145971,0.0,0.0,AMBIGUOUS,,,,2.094318349022469,1.969565905743701e-05,355.0,0.2413308495610852,False,False,False,AMBIGUOUS
BH050,109,110,1.1000001430511477,0.2883603637197378,5809,3,5,-74.33650207519531,-73.88334655761719,0.453155517578125,69.03982349361817,69.98804741627981,0.8423034557146676,0.0,0.0,AMBIGUOUS,,,,4.105192271061426,2.315618627333048e-05,355.0,0.1971494293416332,False,False,False,AMBIGUOUS
BH050,109,110,1.1000001430511477,0.2883603637197378,8857,1,1,-72.13946533203125,-74.5557632446289,0.0,76.08707964646774,76.58637264863272,0.4343582624630517,0.0,0.0,AMBIGUOUS,,,,4.319546661488976,3.086852946482486e-05,355.0,0.215736260982064,False,False,False,AMBIGUOUS
BH050,109,110,1.1000001430511477,0.2883603637197378,7318,1,1,-64.08049011230469,-65.59491729736328,0.0,71.57675084939706,73.30597183125991,1.7292981190943817,0.0,0.0,AMBIGUOUS,,,,1.5592687434269,8.621714824431826e-05,355.0,0.2064956952993236,False,False,False,AMBIGUOUS
BH050,109,110,1.1000001430511477,0.2883603637197378,7687,4,5,-79.87320709228516,-81.84500122070312,0.0,74.8350149071182,76.66397310338601,1.8286163517420808,0.0,0.0,AMBIGUOUS,,,,1.9991888295192657,0.0001642113405448,355.0,0.2159548538123549,False,False,False,AMBIGUOUS
BH050,109,110,1.1000001430511477,0.2883603637197378,6592,3,5,-77.85340881347656,-79.79855346679688,0.0,73.14793867852187,74.97627607852571,1.828478861768164,0.0,0.0,AMBIGUOUS,,,,1.965945245748532,6.969260890243246e-05,355.0,0.2112007776859879,False,False,False,AMBIGUOUS
BH050,109,110,1.1000001430511477,0.2883603637197378,7690,1,1,-79.69369506835938,-81.60105895996094,0.0,73.69759648555072,75.44710959693512,1.749697283276639,0.0,0.0,AMBIGUOUS,,,,1.9443451705985677,9.571205450080188e-05,355.0,0.2125270692871411,False,False,False,AMBIGUOUS
BH050,109,110,1.1000001430511477,0.2883603637197378,8803,2,1,-84.3221664428711,-86.80659484863281,0.0,85.67245159418526,87.32231223024779,1.6281523467283203,0.0,0.0,AMBIGUOUS,,,,3.162988372173131,0.0001543438591498,355.0,0.2459783443105571,False,False,False,AMBIGUOUS
BH050,110,111,1.1100003719329834,0.2951235931510096,5809,3,5,-73.88334655761719,-76.21340942382812,0.0,69.98804741627981,71.22561217184781,1.167394521660772,0.0,0.0,AMBIGUOUS,,,,3.54647594097668,0.000142521707086,355.0,0.2006355272446417,False,False,False,AMBIGUOUS
BH050,110,111,1.1100003719329834,0.2951235931510096,8857,1,1,-74.5557632446289,-76.3699722290039,0.0,76.58637264863272,78.23229754925487,1.6450412781582648,0.0,0.0,AMBIGUOUS,,,,1.8601423193760935,5.227220723777419e-05,355.0,0.2203726691528306,False,False,False,AMBIGUOUS
BH050,110,111,1.1100003719329834,0.2951235931510096,7318,1,1,-65.59491729736328,-67.15423583984375,0.0,73.30597183125991,74.96390789543487,1.6575559661616446,0.0,0.0,AMBIGUOUS,,,,1.570570360619847,0.0002265725581055,355.0,0.2111659377336193,False,False,False,AMBIGUOUS
BH050,110,111,1.1100003719329834,0.2951235931510096,7687,4,5,-81.84500122070312,-83.75782775878906,0.0,76.66397310338601,78.44408909546495,1.780268662049585,0.0,0.0,AMBIGUOUS,,,,1.9373452110945908,8.070748743762122e-05,355.0,0.2209692650576477,False,False,False,AMBIGUOUS
BH050,110,111,1.1100003719329834,0.2951235931510096,6592,3,5,-79.79855346679688,-81.63514709472656,0.0,74.97627607852571,76.69296258462218,1.7167126741476997,0.0,0.0,AMBIGUOUS,,,,1.856387634324673,8.91391077031576e-05,355.0,0.2160365143228793,False,False,False,AMBIGUOUS
BH050,110,111,1.1100003719329834,0.2951235931510096,7690,1,1,-81.60105895996094,-83.52914428710938,0.0,75.44710959693512,77.20913246995062,1.7620393564644392,0.0,0.0,AMBIGUOUS,,,,1.971390378533217,7.003418486585394e-05,355.0,0.2174905139998608,False,False,False,AMBIGUOUS
BH050,110,111,1.1100003719329834,0.2951235931510096,8803,2,1,-86.80659484863281,-88.94356536865234,0.0,87.32231223024779,89.86747971071455,2.540208812784986,0.0,0.0,AMBIGUOUS,,,,2.299844454649392,0.0001646224353576,355.0,0.2531478301710269,False,False,False,AMBIGUOUS
BH050,111,112,1.120000958442688,0.3020061127423251,5809,3,5,-76.21340942382812,-78.25462341308594,0.0,71.22561217184781,73.25628099114289,2.0244127865257777,0.0,0.0,AMBIGUOUS,,,,2.13428773153661,0.000191408357439,355.0,0.2063557211018109,False,False,False,AMBIGUOUS
BH050,111,112,1.120000958442688,0.3020061127423251,8857,1,1,-76.3699722290039,-78.19470977783203,0.0,78.23229754925487,80.60823253230174,2.370181609646861,0.0,0.0,AMBIGUOUS,,,,2.125706934046106,0.0001246031750023,355.0,0.2270654437529626,False,False,False,AMBIGUOUS
BH050,111,112,1.120000958442688,0.3020061127423251,7318,1,1,-67.15423583984375,-68.88737487792969,0.0,74.96390789543487,76.83489742148156,1.870530861313143,0.0,0.0,AMBIGUOUS,,,,1.752123068377125,0.0002206800776333,355.0,0.2164363307647367,False,False,False,AMBIGUOUS
BH050,111,112,1.120000958442688,0.3020061127423251,7687,4,5,-83.75782775878906,-85.72439575195312,0.0,78.44408909546495,80.29466613670226,1.8506708064389483,0.0,0.0,AMBIGUOUS,,,,1.9833609779696768,6.7338970174718e-05,355.0,0.2261821581315556,False,False,False,AMBIGUOUS
BH050,111,112,1.120000958442688,0.3020061127423251,6592,3,5,-81.63514709472656,-83.61638641357422,0.0,76.69296258462218,78.5353670458398,1.8425715747076208,0.0,0.0,AMBIGUOUS,,,,2.009817664052505,0.0001059036163242,355.0,0.2212263860446191,False,False,False,AMBIGUOUS
BH050,111,112,1.120000958442688,0.3020061127423251,7690,1,1,-83.52914428710938,-85.44636535644531,0.0,77.20913246995062,79.00626689472764,1.797054741335784,0.0,0.0,AMBIGUOUS,,,,1.93531051913736,6.849378658813359e-05,355.0,0.2225528644921905,False,False,False,AMBIGUOUS
BH050,111,112,1.120000958442688,0.3020061127423251,8803,2,1,-88.94356536865234,-90.79655456542967,0.0,89.86747971071455,91.59256403557764,1.7248015572780542,0.0,0.0,AMBIGUOUS,,,,1.873262301781632,3.098615014259968e-05,355.0,0.2580072226354299,False,False,False,AMBIGUOUS
BH050,112,113,1.130000352859497,0.3089192456721516,5809,3,5,-78.25462341308594,-79.73006439208984,0.0,73.25628099114289,74.90044435528385,1.637781685995029,0.0,0.0,AMBIGUOUS,,,,1.6131073394319442,0.0002881194834969,355.0,0.2109871671979827,False,False,False,AMBIGUOUS
BH050,112,113,1.130000352859497,0.3089192456721516,8857,1,1,-78.19470977783203,-80.46812438964844,0.0,80.60823253230174,81.61938658082715,0.9837716892525584,0.0,0.0,AMBIGUOUS,,,,3.2487697852016915,2.7347778512334294e-05,355.0,0.2299137650164145,False,False,False,AMBIGUOUS
BH050,112,113,1.130000352859497,0.3089192456721516,7318,1,1,-68.88737487792969,-70.5160140991211,0.0,76.83489742148156,78.56380507979664,1.7285454689106707,0.0,0.0,AMBIGUOUS,,,,1.6415403233222867,0.0001740448742903,355.0,0.2213064931825257,False,False,False,AMBIGUOUS
BH050,112,113,1.130000352859497,0.3089192456721516,7687,4,5,-85.72439575195312,-87.76065826416016,0.0,80.29466613670226,82.17680319819114,1.8819024228707035,0.0,0.0,AMBIGUOUS,,,,2.067621283219894,9.760552931573736e-05,355.0,0.2314839526709609,False,False,False,AMBIGUOUS
BH050,112,113,1.130000352859497,0.3089192456721516,6592,3,5,-83.61638641357422,-85.50022888183594,0.0,78.5353670458398,80.30294260943829,1.7676150125480292,0.0,0.0,AMBIGUOUS,,,,1.9023464284485068,4.714484521576984e-05,355.0,0.2262054721392628,False,False,False,AMBIGUOUS
BH050,112,113,1.130000352859497,0.3089192456721516,7690,1,1,-85.44636535644531,-87.51174926757812,0.0,79.00626689472764,80.87656041992456,1.8701852617879364,0.0,0.0,AMBIGUOUS,,,,2.1204231910187503,1.6994807405901493e-05,355.0,0.2278212969575339,False,False,False,AMBIGUOUS
BH050,112,113,1.130000352859497,0.3089192456721516,8803,2,1,-90.79655456542967,-92.38330841064452,0.0,91.59256403557764,93.91059654175584,2.309641555352405,0.0,0.0,AMBIGUOUS,,,,2.1436458005308943,6.072796838128497e-05,355.0,0.2645368916669178,False,False,False,AMBIGUOUS
BH050,113,114,1.140000581741333,0.3159039675947806,5809,3,5,-79.73006439208984,-81.91763305664062,0.0,74.90044435528385,77.34977027602635,2.439219510235927,0.0,0.0,AMBIGUOUS,,,,2.3388023199919994,0.0002652502520996,355.0,0.217886676833877,False,False,False,AMBIGUOUS
BH050,113,114,1.140000581741333,0.3159039675947806,8857,1,1,-80.46812438964844,-81.07231140136719,0.0,81.61938658082715,84.31542992073416,2.631090662847033,0.0,0.0,AMBIGUOUS,,,,3.871287753448709,7.565974940323858e-05,355.0,0.2375082532978427,False,False,False,AMBIGUOUS
BH050,113,114,1.140000581741333,0.3159039675947806,7318,1,1,-70.5160140991211,-72.1989974975586,0.0,78.56380507979664,80.33329357684113,1.7689326925733575,0.0,0.0,AMBIGUOUS,,,,1.6941860970380016,0.0002523031496744,355.0,0.2262909678220876,False,False,False,AMBIGUOUS
BH050,113,114,1.140000581741333,0.3159039675947806,7687,4,5,-87.76065826416016,-89.78173065185547,0.0,82.17680319819114,84.05848075312988,1.8817089278576573,0.0,0.0,AMBIGUOUS,,,,2.0463576306527296,1.659278160150429e-05,355.0,0.2367844528257179,False,False,False,AMBIGUOUS
BH050,113,114,1.140000581741333,0.3159039675947806,6592,3,5,-85.50022888183594,-87.51010131835938,0.0,80.30294260943829,82.1974089539919,1.8945875468494688,0.0,0.0,AMBIGUOUS,,,,2.0289626706566395,6.443509662891384e-05,355.0,0.2315419970534983,False,False,False,AMBIGUOUS
BH050,113,114,1.140000581741333,0.3159039675947806,7690,1,1,-87.51174926757812,-89.53929901123047,0.0,80.87656041992456,82.760769747447,1.8838179705653573,0.0,0.0,AMBIGUOUS,,,,2.054450914478541,0.0002332068252996,355.0,0.2331289288660478,False,False,False,AMBIGUOUS
BH050,113,114,1.140000581741333,0.3159039675947806,8803,2,1,-92.38330841064452,-94.61258697509766,0.0,93.91059654175584,96.10018857355176,2.1778962911820816,0.0,0.0,AMBIGUOUS,,,,2.344357658038579,0.0002881857845398,355.0,0.2707047565452162,False,False,False,AMBIGUOUS
BH050,114,115,1.1500004529953003,0.3230506002838127,5809,3,5,-81.91763305664062,-83.34307861328125,0.0,77.34977027602635,78.28753789130214,0.924650581648845,0.0,0.0,AMBIGUOUS,,,,1.8368889349628543,0.0001134547995867,355.0,0.2205282757501468,False,False,False,AMBIGUOUS
BH050,114,115,1.1500004529953003,0.3230506002838127,8857,1,1,-81.07231140136719,-83.17141723632812,0.0,84.31542992073416,86.53970133467246,2.223403338086269,0.0,0.0,AMBIGUOUS,,,,2.114942561616469,0.0002443260618682,355.0,0.2437738065765421,False,False,False,AMBIGUOUS
BH050,114,115,1.1500004529953003,0.3230506002838127,7318,1,1,-72.1989974975586,-74.02550506591797,0.0,80.33329357684113,82.19234452893926,1.858050525004329,0.0,0.0,AMBIGUOUS,,,,1.8346010773580093,0.0002392389911249,355.0,0.2315277310674345,False,False,False,AMBIGUOUS
BH050,114,115,1.1500004529953003,0.3230506002838127,7687,4,5,-89.78173065185547,-91.87606811523438,0.0,84.05848075312988,85.99887479213314,1.9394509962130912,0.0,0.0,AMBIGUOUS,,,,2.124150001336504,0.000463626019339,355.0,0.2422503515271356,False,False,False,AMBIGUOUS
BH050,114,115,1.1500004529953003,0.3230506002838127,6592,3,5,-87.51010131835938,-89.55228424072266,0.0,82.1974089539919,84.09532464063611,1.89794766059818,0.0,0.0,AMBIGUOUS,,,,2.068108140715325,4.185853471236689e-05,355.0,0.236888238424327,False,False,False,AMBIGUOUS
BH050,114,115,1.1500004529953003,0.3230506002838127,7690,1,1,-89.53929901123047,-91.63134002685548,0.0,82.760769747447,84.67421525044722,1.9133589337449564,0.0,0.0,AMBIGUOUS,,,,2.1347424643045043,8.141820794550844e-05,355.0,0.2385189161984428,False,False,False,AMBIGUOUS
BH050,114,115,1.1500004529953003,0.3230506002838127,8803,2,1,-94.61258697509766,-96.93244171142578,0.0,96.10018857355176,97.78290807029256,1.6627827722674058,0.0,0.0,AMBIGUOUS,,,,2.9207206469154743,7.602935150246616e-05,355.0,0.2754448114656128,False,False,False,AMBIGUOUS
BH050,115,116,1.160000205039978,0.3302204576597574,5809,3,5,-83.34307861328125,-85.84906768798828,0.0,78.28753789130214,80.12635336719927,1.824075850338037,0.0,0.0,AMBIGUOUS,,,,3.1732514508266285,6.643294189674524e-05,355.0,0.2257080376540824,False,False,False,AMBIGUOUS
BH050,115,116,1.160000205039978,0.3302204576597574,8857,1,1,-83.17141723632812,-84.95921325683594,0.0,86.53970133467246,88.10369031100058,1.562922822491996,0.0,0.0,AMBIGUOUS,,,,1.8305363268923596,0.0001106697310747,355.0,0.2481794093267622,False,False,False,AMBIGUOUS
BH050,115,116,1.160000205039978,0.3302204576597574,7318,1,1,-74.02550506591797,-75.8370590209961,0.0,82.19234452893926,83.95979592476642,1.765818928031796,0.0,0.0,AMBIGUOUS,,,,1.824094604258752,0.0001884170000165,355.0,0.2365064673937082,False,False,False,AMBIGUOUS
BH050,115,116,1.160000205039978,0.3302204576597574,7687,4,5,-91.87606811523438,-93.94818115234376,0.0,85.99887479213314,87.93027913556311,1.93156680678734,0.0,0.0,AMBIGUOUS,,,,2.097114304253497,9.05798723317618e-05,355.0,0.2476909271424313,False,False,False,AMBIGUOUS
BH050,115,116,1.160000205039978,0.3302204576597574,6592,3,5,-89.55228424072266,-91.54097747802734,0.0,84.09532464063611,85.9417341974179,1.8462414545038144,0.0,0.0,AMBIGUOUS,,,,2.014682746745976,7.006874047438033e-05,355.0,0.2420893921054025,False,False,False,AMBIGUOUS
BH050,115,116,1.160000205039978,0.3302204576597574,7690,1,1,-91.63134002685548,-93.7237319946289,0.0,84.67421525044722,86.59494932564547,1.920899581810093,0.0,0.0,AMBIGUOUS,,,,2.1318241390033044,0.0001164819103741,355.0,0.2439294347201281,False,False,False,AMBIGUOUS
BH050,115,116,1.160000205039978,0.3302204576597574,8803,2,1,-96.93244171142578,-99.35468292236328,0.0,97.78290807029256,100.20872013814667,2.414074460685609,0.0,0.0,AMBIGUOUS,,,,2.541384621351852,7.743145179368009e-05,355.0,0.2822780848961878,False,False,False,AMBIGUOUS
BH050,116,117,1.1700007915496826,0.3374957110069088,5809,3,5,-85.84906768798828,-86.99037170410156,0.0,80.12635336719927,82.08961659511779,1.9005203160343136,0.0,0.0,AMBIGUOUS,,,,2.999113558031015,1.3717902344659234e-05,355.0,0.2312383566059656,False,False,False,AMBIGUOUS
BH050,116,117,1.1700007915496826,0.3374957110069088,8857,1,1,-84.95921325683594,-86.96857452392578,0.0,88.10369031100058,90.009012403607,1.9046940637395924,0.0,0.0,AMBIGUOUS,,,,2.0342944059267403,4.278241244929555e-05,355.0,0.2535465138129775,False,False,False,AMBIGUOUS
BH050,116,117,1.1700007915496826,0.3374957110069088,7318,1,1,-75.8370590209961,-77.67406463623047,0.0,83.95979592476642,85.69772805131947,1.7341990937024545,0.0,0.0,AMBIGUOUS,,,,1.8969505257896304,0.0002743660249496,355.0,0.2414020508487872,False,False,False,AMBIGUOUS
BH050,116,117,1.1700007915496826,0.3374957110069088,7687,4,5,-93.94818115234376,-96.08039093017578,0.0,87.93027913556311,89.90537738092038,1.9753087911533265,0.0,0.0,AMBIGUOUS,,,,2.1631520940302944,0.0001042247458546,355.0,0.2532545841716067,False,False,False,AMBIGUOUS
BH050,116,117,1.1700007915496826,0.3374957110069088,6592,3,5,-91.54097747802734,-93.6186065673828,0.0,85.9417341974179,87.8862037264306,1.944054546210624,0.0,0.0,AMBIGUOUS,,,,2.1010133468264423,0.0001963837279697,355.0,0.2475667710603678,False,False,False,AMBIGUOUS
BH050,116,117,1.1700007915496826,0.3374957110069088,7690,1,1,-93.7237319946289,-95.83551788330078,0.0,86.59494932564547,88.52051707388972,1.9255634747801544,0.0,0.0,AMBIGUOUS,,,,2.1599305498840504,7.120509321672855e-05,355.0,0.2493535692222245,False,False,False,AMBIGUOUS
BH050,116,117,1.1700007915496826,0.3374957110069088,8803,2,1,-99.35468292236328,-101.43304443359376,0.0,100.20872013814667,102.23195154242228,2.022660656674782,0.0,0.0,AMBIGUOUS,,,,2.115641954732184,0.0002526434452691,355.0,0.2879773282885134,False,False,False,AMBIGUOUS
BH050,117,118,1.1800003051757812,0.3447824615545523,5809,3,5,-86.99037170410156,-88.96388244628906,0.0,82.08961659511779,83.1497656063902,1.0329889818315208,0.0,0.0,AMBIGUOUS,,,,3.1877801745699466,1.7772290141255255e-05,355.0,0.2342246918489864,False,False,False,AMBIGUOUS
BH050,117,118,1.1800003051757812,0.3447824615545523,8857,1,1,-86.96857452392578,-88.7199935913086,0.0,90.009012403607,91.68673841988831,1.677685967170571,0.0,0.0,AMBIGUOUS,,,,1.759152510688207,0.0001295081933576,355.0,0.2582725025912347,False,False,False,AMBIGUOUS
BH050,117,118,1.1800003051757812,0.3447824615545523,7318,1,1,-77.67406463623047,-79.65178680419922,0.0,85.69772805131947,87.36090010403309,1.649038458230185,0.0,0.0,AMBIGUOUS,,,,2.210546502043265,0.0001428601196583,355.0,0.2460870425465721,False,False,False,AMBIGUOUS
BH050,117,118,1.1800003051757812,0.3447824615545523,7687,4,5,-96.08039093017578,-98.16191864013672,0.0,89.90537738092038,91.84717813437985,1.9416027932791533,0.0,0.0,AMBIGUOUS,,,,2.105631733099637,0.000100065112721,355.0,0.2587244454489573,False,False,False,AMBIGUOUS
BH050,117,118,1.1800003051757812,0.3447824615545523,6592,3,5,-93.6186065673828,-95.67737579345705,0.0,87.8862037264306,89.8076191934903,1.9212253604694949,0.0,0.0,AMBIGUOUS,,,,2.081876451905343,8.17786544627707e-05,355.0,0.2529792089957473,False,False,False,AMBIGUOUS
BH050,117,118,1.1800003051757812,0.3447824615545523,7690,1,1,-95.83551788330078,-97.93406677246094,0.0,88.52051707388972,90.45621658764264,1.9358623565139264,0.0,0.0,AMBIGUOUS,,,,2.1326740776181823,0.0001170797075375,355.0,0.2548062439088525,False,False,False,AMBIGUOUS
BH050,117,118,1.1800003051757812,0.3447824615545523,8803,2,1,-101.43304443359376,-103.68342590332033,0.0,102.23195154242228,103.9903352767284,1.741372617107681,0.0,0.0,AMBIGUOUS,,,,2.7678148637213664,2.5940397522047573e-05,355.0,0.2929305219062771,False,False,False,AMBIGUOUS
BH050,118,119,1.1900006532669067,0.3521315420974882,5809,3,5,-88.96388244628906,-91.63358306884766,0.0,83.1497656063902,85.30811739049129,2.149354133476384,0.0,0.0,AMBIGUOUS,,,,2.9436693782830003,6.739654392330072e-05,355.0,0.2403045560295529,False,False,False,AMBIGUOUS
BH050,118,119,1.1900006532669067,0.3521315420974882,8857,1,1,-88.7199935913086,-91.01646423339844,0.0,91.68673841988831,94.00827898927768,2.318180668904172,0.0,0.0,AMBIGUOUS,,,,2.374738518856537,1.4888862192261454e-05,355.0,0.264812053490923,False,False,False,AMBIGUOUS
BH050,118,119,1.1900006532669067,0.3521315420974882,7318,1,1,-79.65178680419922,-81.96851348876953,0.0,87.36090010403309,89.23887063326966,1.83966636861635,0.0,0.0,AMBIGUOUS,,,,2.8670116290141734,8.367600934051731e-05,355.0,0.2513771003754075,False,False,False,AMBIGUOUS
BH050,118,119,1.1900006532669067,0.3521315420974882,7687,4,5,-98.16191864013672,-100.28132629394533,0.0,91.84717813437985,93.84618344013452,1.9987290473679984,0.0,0.0,AMBIGUOUS,,,,2.136163325100974,0.0001212654745249,355.0,0.2643554463102381,False,False,False,AMBIGUOUS
BH050,118,119,1.1900006532669067,0.3521315420974882,6592,3,5,-95.67737579345705,-97.76388549804688,0.0,89.8076191934903,91.7544207061722,1.9467189892511247,0.0,0.0,AMBIGUOUS,,,,2.114174323890353,3.42107747385896e-05,355.0,0.2584631569187949,False,False,False,AMBIGUOUS
BH050,118,119,1.1900006532669067,0.3521315420974882,7690,1,1,-97.93406677246094,-100.13906860351562,0.0,90.45621658764264,92.47450242040044,2.0182862546953624,0.0,0.0,AMBIGUOUS,,,,2.25229860681062,2.9645457962589005e-05,355.0,0.260491556113804,False,False,False,AMBIGUOUS
BH050,118,119,1.1900006532669067,0.3521315420974882,8803,2,1,-103.68342590332033,-105.60820770263672,0.0,103.9903352767284,106.57736416812418,2.5740654455035794,0.0,0.0,AMBIGUOUS,,,,2.4703740442999624,0.0001721745325637,355.0,0.3002179272341526,False,False,False,AMBIGUOUS
BH050,119,120,1.2000001668930054,0.3595605530260541,5809,3,5,-91.63358306884766,-93.72962951660156,0.0,85.30811739049129,87.69369811321656,2.237912857732328,0.0,0.0,AMBIGUOUS,,,,3.7015643611214095,6.266691119468654e-05,355.0,0.2470245017273706,False,False,False,AMBIGUOUS
BH050,119,120,1.2000001668930054,0.3595605530260541,8857,1,1,-91.01646423339844,-92.8692398071289,0.0,94.00827898927768,96.2525750704752,2.239925465955264,0.0,0.0,AMBIGUOUS,,,,2.0592448966709043,0.0002663530371471,355.0,0.2711340142830287,False,False,False,AMBIGUOUS
BH050,119,120,1.2000001668930054,0.3595605530260541,7318,1,1,-81.96851348876953,-84.74934387207031,0.0,89.23887063326966,92.89556524513677,3.648389862678002,0.0,0.0,AMBIGUOUS,,,,3.17491892189998,4.115507137719876e-05,355.0,0.26167764857785,False,False,False,AMBIGUOUS
BH050,119,120,1.2000001668930054,0.3595605530260541,7687,4,5,-100.28132629394533,-102.44407653808594,0.0,93.84618344013452,95.80621985925144,1.9603879461452736,0.0,0.0,AMBIGUOUS,,,,2.2168713540970497,0.0002444771120328,355.0,0.2698766756598632,False,False,False,AMBIGUOUS
BH050,119,120,1.2000001668930054,0.3595605530260541,6592,3,5,-97.76388549804688,-99.8853759765625,0.0,91.7544207061722,93.73229676172438,1.97766103993048,0.0,0.0,AMBIGUOUS,,,,2.1468170464264564,0.0001532908019952,355.0,0.2640346387654208,False,False,False,AMBIGUOUS
BH050,119,120,1.2000001668930054,0.3595605530260541,7690,1,1,-100.13906860351562,-102.32421112060548,0.0,92.47450242040044,94.46019048998556,1.9859776140190368,0.0,0.0,AMBIGUOUS,,,,2.238198578008508,0.0001530504482532,355.0,0.2660850436337622,False,False,False,AMBIGUOUS
BH050,119,120,1.2000001668930054,0.3595605530260541,8803,2,1,-105.60820770263672,-108.54161071777344,0.0,106.57736416812418,108.27738753704388,1.6450654883356768,0.0,0.0,AMBIGUOUS,,,,4.416761657464003,2.1581517434303743e-05,355.0,0.3050067254564616,False,False,False,AMBIGUOUS
BH050,120,121,1.2100001573562622,0.367047681470978,5809,3,5,-93.72962951660156,-94.69957733154295,0.0,87.69369811321656,89.81914159749093,2.0274738386632567,0.0,0.0,AMBIGUOUS,,,,3.958195810138081,7.990479120193948e-05,355.0,0.2530116664718054,False,False,False,AMBIGUOUS
BH050,120,121,1.2100001573562622,0.367047681470978,8857,1,1,-92.8692398071289,-94.80950164794922,0.0,96.2525750704752,98.80379731500302,2.5428978474748063,0.0,0.0,AMBIGUOUS,,,,2.269605631557925,1.724983433818611e-05,355.0,0.2783205558169099,False,False,False,AMBIGUOUS
BH050,120,121,1.2100001573562622,0.367047681470978,7318,1,1,-84.74934387207031,-85.98796844482422,0.0,92.89556524513677,95.18373377393944,2.274675922391086,0.0,0.0,AMBIGUOUS,,,,2.133727644028936,0.0003353863549207,355.0,0.2681231937294068,False,False,False,AMBIGUOUS
BH050,120,121,1.2100001573562622,0.367047681470978,7687,4,5,-102.44407653808594,-104.6378173828125,0.0,95.80621985925144,97.8385368455372,2.032076782533536,0.0,0.0,AMBIGUOUS,,,,2.225584845704148,0.0001027413920664,355.0,0.2756015122409498,False,False,False,AMBIGUOUS
BH050,120,121,1.2100001573562622,0.367047681470978,6592,3,5,-99.8853759765625,-101.9524154663086,0.0,93.73229676172438,95.67872680795588,1.9467519204591044,0.0,0.0,AMBIGUOUS,,,,2.084537706270384,0.0001711764117269,355.0,0.2695175403041011,False,False,False,AMBIGUOUS
BH050,120,121,1.2100001573562622,0.367047681470978,7690,1,1,-102.32421112060548,-104.4601593017578,0.0,94.46019048998556,96.42381469660762,1.963959716431294,0.0,0.0,AMBIGUOUS,,,,2.17469417627332,0.0001776017882757,355.0,0.2716163794270637,False,False,False,AMBIGUOUS
BH050,120,121,1.2100001573562622,0.367047681470978,8803,2,1,-108.54161071777344,-109.33865356445312,0.0,108.27738753704388,111.01716121272824,2.6395848375546995,0.0,0.0,AMBIGUOUS,,,,4.687671571923129,1.3779232907167852e-05,355.0,0.3127243977823331,False,False,False,AMBIGUOUS
BH050,121,122,1.2200002670288086,0.3745457186063266,5809,3,5,-94.69957733154295,-95.16886901855467,0.0,89.81914159749093,92.85118619979588,2.8461606465832,0.0,0.0,AMBIGUOUS,,,,5.551343767381179,4.04305865254222e-05,355.0,0.2615526371825236,False,False,False,AMBIGUOUS
BH050,121,122,1.2200002670288086,0.3745457186063266,8857,1,1,-94.80950164794922,-96.4689483642578,0.0,98.80379731500302,100.94333721740416,2.133841415337533,0.0,0.0,AMBIGUOUS,,,,1.9735033718296184,0.0001944619528418,355.0,0.2843474287814201,False,False,False,AMBIGUOUS
BH050,121,122,1.2200002670288086,0.3745457186063266,7318,1,1,-85.98796844482422,-86.5560531616211,0.0,95.18373377393944,96.11311370465836,0.926172054627592,0.0,0.0,AMBIGUOUS,,,,0.9307077811957029,0.0003042634548019,355.0,0.2707411653652348,False,False,False,AMBIGUOUS
BH050,121,122,1.2200002670288086,0.3745457186063266,7687,4,5,-104.6378173828125,-106.8619384765625,0.0,97.8385368455372,99.91539331702477,2.0766096975162576,0.0,0.0,AMBIGUOUS,,,,2.24948610043507,0.0001202108813729,355.0,0.2814518121606331,False,False,False,AMBIGUOUS
BH050,121,122,1.2200002670288086,0.3745457186063266,6592,3,5,-101.9524154663086,-104.13109588623048,0.0,95.67872680795588,97.70656334992792,2.027997870306556,0.0,0.0,AMBIGUOUS,,,,2.207902955864256,8.012556722432816e-05,355.0,0.2752297559152899,False,False,False,AMBIGUOUS
BH050,121,122,1.2200002670288086,0.3745457186063266,7690,1,1,-104.4601593017578,-106.6894760131836,0.0,96.42381469660762,98.48863187468784,2.0646013271169106,0.0,0.0,AMBIGUOUS,,,,2.26242161282818,9.495964104222062e-05,355.0,0.2774327658441911,False,False,False,AMBIGUOUS
BH050,121,122,1.2200002670288086,0.3745457186063266,8803,2,1,-109.33865356445312,-113.42059326171876,0.0,111.01716121272824,113.42998642163724,2.3754469321600067,0.0,0.0,AMBIGUOUS,,,,5.24401824828908,4.7570584556529104e-05,355.0,0.3195210885116541,False,False,False,AMBIGUOUS
BH050,122,123,1.2300008535385132,0.3822120631915566,5809,3,5,-95.16886901855467,-99.1871337890625,0.0,92.85118619979588,94.25631195165776,1.2620524821913377,0.0,0.0,AMBIGUOUS,,,,7.250370841113438,7.191669663084378e-05,355.0,0.2655107378919937,False,False,False,AMBIGUOUS
BH050,122,123,1.2300008535385132,0.3822120631915566,8857,1,1,-96.4689483642578,-98.73192596435548,0.0,100.94333721740416,102.4933750869551,1.5411736515886556,0.0,0.0,AMBIGUOUS,,,,2.5628805118983604,0.0001196419273073,355.0,0.2887137326393101,False,False,False,AMBIGUOUS
BH050,122,123,1.2300008535385132,0.3822120631915566,7318,1,1,-86.5560531616211,-90.86766815185548,0.0,96.11311370465836,99.408416842465,3.2766287466250703,0.0,0.0,AMBIGUOUS,,,,4.577473112236625,4.951331069778358e-05,355.0,0.2800237094153944,False,False,False,AMBIGUOUS
BH050,122,123,1.2300008535385132,0.3822120631915566,7687,4,5,-106.8619384765625,-109.03955841064452,0.0,99.91539331702477,101.95218096133652,2.037145015020577,0.0,0.0,AMBIGUOUS,,,,2.20135516377079,0.0001557831765084,355.0,0.2871892421446099,False,False,False,AMBIGUOUS
BH050,122,123,1.2300008535385132,0.3822120631915566,6592,3,5,-104.13109588623048,-106.37166595458984,0.0,97.70656334992792,99.76719370477768,2.06068625136142,0.0,0.0,AMBIGUOUS,,,,2.278227465264976,7.458771075443223e-05,355.0,0.2810343484641625,False,False,False,AMBIGUOUS
BH050,122,123,1.2300008535385132,0.3822120631915566,7690,1,1,-106.6894760131836,-108.9248504638672,0.0,98.48863187468784,100.53049243377018,2.041658532561557,0.0,0.0,AMBIGUOUS,,,,2.2835193933528983,0.0001044685453812,355.0,0.28318448572893,False,False,False,AMBIGUOUS
BH050,122,123,1.2300008535385132,0.3822120631915566,8803,2,1,-113.42059326171876,-114.8715591430664,0.0,113.42998642163724,115.6864659189246,2.2384411293446984,0.0,0.0,AMBIGUOUS,,,,2.401876043296252,6.47460343808056e-05,355.0,0.3258773687857031,False,False,False,AMBIGUOUS
BH050,123,124,1.2400009632110596,0.3899017835925443,5809,3,5,-99.1871337890625,-101.63843536376952,0.0,94.25631195165776,95.34759776993648,1.0405646774472626,0.0,0.0,AMBIGUOUS,,,,3.9447021009355727,0.0001275093216714,355.0,0.2685847824505253,False,False,False,AMBIGUOUS
BH050,123,124,1.2400009632110596,0.3899017835925443,8857,1,1,-98.73192596435548,-100.71234893798828,0.0,102.4933750869551,104.06146749454412,1.5536525166431256,0.0,0.0,AMBIGUOUS,,,,2.2010568558625305,0.0003206287022533,355.0,0.2931308943508285,False,False,False,AMBIGUOUS
BH050,123,124,1.2400009632110596,0.3899017835925443,7318,1,1,-90.86766815185548,-91.4469985961914,0.0,99.408416842465,101.14626920940012,1.7265417399813707,0.0,0.0,AMBIGUOUS,,,,1.9496089920412016,0.0002601329906794,355.0,0.2849190681954933,False,False,False,AMBIGUOUS
BH050,123,124,1.2400009632110596,0.3899017835925443,7687,4,5,-109.03955841064452,-111.29137420654295,0.0,101.95218096133652,103.99600415505712,2.043836259830033,0.0,0.0,AMBIGUOUS,,,,2.305524260416372,6.036617357709085e-05,355.0,0.2929464905776257,False,False,False,AMBIGUOUS
BH050,123,124,1.2400009632110596,0.3899017835925443,6592,3,5,-106.37166595458984,-108.53105926513672,0.0,99.76719370477768,101.78828664723152,2.021107941421569,0.0,0.0,AMBIGUOUS,,,,2.186155096848749,1.8642453476929017e-05,355.0,0.2867275680203704,False,False,False,AMBIGUOUS
BH050,123,124,1.2400009632110596,0.3899017835925443,7690,1,1,-108.9248504638672,-111.1192855834961,0.0,100.53049243377018,102.52534289789487,1.99507479692027,0.0,0.0,AMBIGUOUS,,,,2.2472299796680524,0.0001139159359563,355.0,0.2888037828109714,False,False,False,AMBIGUOUS
BH050,123,124,1.2400009632110596,0.3899017835925443,8803,2,1,-114.8715591430664,-116.60960388183594,0.0,115.6864659189246,118.61253642362858,2.90881069622915,0.0,0.0,AMBIGUOUS,,,,2.8416080551457914,5.0395363533346886e-05,355.0,0.3341198209116298,False,False,False,AMBIGUOUS
BH050,124,125,1.2500009536743164,0.3976151919329129,5809,3,5,-101.63843536376952,-105.52908325195312,0.0,95.34759776993648,99.58926229416484,3.961546258433175,0.0,0.0,AMBIGUOUS,,,,6.224585075373603,9.352625783831409e-06,355.0,0.2805331332229995,False,False,False,AMBIGUOUS
BH050,124,125,1.2500009536743164,0.3976151919329129,8857,1,1,-100.71234893798828,-102.85491943359376,0.0,104.06146749454412,106.92912985949354,2.7684902749361653,0.0,0.0,AMBIGUOUS,,,,3.5447933790907755,0.0002358718813924,355.0,0.3012088165056156,False,False,False,AMBIGUOUS
BH050,124,125,1.2500009536743164,0.3976151919329129,7318,1,1,-91.4469985961914,-94.4287567138672,0.0,101.14626920940012,104.77202995205964,3.6223547224890953,0.0,0.0,AMBIGUOUS,,,,3.1953567600959323,4.605666611541131e-05,355.0,0.2951324787381961,False,False,False,AMBIGUOUS
BH050,124,125,1.2500009536743164,0.3976151919329129,7687,4,5,-111.29137420654295,-113.69715881347656,0.0,103.99600415505712,106.2420371287783,2.2459274743127247,0.0,0.0,AMBIGUOUS,,,,2.432950105402127,5.168410495815752e-05,355.0,0.2992733440247276,False,False,False,AMBIGUOUS
BH050,124,125,1.2500009536743164,0.3976151919329129,6592,3,5,-108.53105926513672,-110.65586853027344,0.0,101.78828664723152,103.80414287283332,2.015842489770744,0.0,0.0,AMBIGUOUS,,,,2.141635380222348,8.311517130048816e-05,355.0,0.2924060362615023,False,False,False,AMBIGUOUS
BH050,124,125,1.2500009536743164,0.3976151919329129,7690,1,1,-111.1192855834961,-113.56309509277344,0.0,102.52534289789487,104.73395470828436,2.2083988367907086,0.0,0.0,AMBIGUOUS,,,,2.510981898924994,5.365729580427104e-05,355.0,0.2950252245303785,False,False,False,AMBIGUOUS
BH050,124,125,1.2500009536743164,0.3976151919329129,8803,2,1,-116.60960388183594,-120.0510025024414,0.0,118.61253642362858,120.6855578735606,2.0267893363570773,0.0,0.0,AMBIGUOUS,,,,4.78498145549182,0.0001573138007523,355.0,0.3399593179536918,False,False,False,AMBIGUOUS
BH050,125,126,1.260000705718994,0.4053680629774623,5809,3,5,-105.52908325195312,-110.70173645019533,0.0,99.58926229416484,103.38462301169756,2.719227526366587,0.0,0.0,AMBIGUOUS,,,,9.656600354458265,3.68658785396123e-05,355.0,0.2912242901737959,False,False,False,AMBIGUOUS
BH050,125,126,1.260000705718994,0.4053680629774623,8857,1,1,-102.85491943359376,-105.23397064208984,0.0,106.92912985949354,110.17254993855808,3.15681227231527,0.0,0.0,AMBIGUOUS,,,,3.641650720673399,7.722840280607512e-05,355.0,0.3103452110945298,False,False,False,AMBIGUOUS
BH050,125,126,1.260000705718994,0.4053680629774623,7318,1,1,-94.4287567138672,-93.12176513671876,1.3069915771484375,104.77202995205964,104.34558648495798,-0.4347014768124042,0.0,0.0,AMBIGUOUS,,,,1.9069043161843824,0.0002439559358182,355.0,0.2939312295350929,False,False,False,AMBIGUOUS
BH050,125,126,1.260000705718994,0.4053680629774623,7687,4,5,-113.69715881347656,-115.96151733398438,0.0,106.2420371287783,108.3285527540094,2.085437875740548,0.0,0.0,AMBIGUOUS,,,,2.3020038036262225,0.0004992645931668,355.0,0.3051508528281955,False,False,False,AMBIGUOUS
BH050,125,126,1.260000705718994,0.4053680629774623,6592,3,5,-110.65586853027344,-113.01353454589844,0.0,103.80414287283332,105.98910749663273,2.184449789531578,0.0,0.0,AMBIGUOUS,,,,2.3892972755313964,0.0001760449114682,355.0,0.2985608661876978,False,False,False,AMBIGUOUS
BH050,125,126,1.260000705718994,0.4053680629774623,7690,1,1,-113.56309509277344,-115.7620849609375,0.0,104.73395470828436,106.76774138801872,2.0339350810113195,0.0,0.0,AMBIGUOUS,,,,2.232640935643734,7.77751942556883e-05,355.0,0.3007542010930105,False,False,False,AMBIGUOUS
BH050,125,126,1.260000705718994,0.4053680629774623,8803,2,1,-120.0510025024414,-122.21533203125,0.0,120.6855578735606,123.29908195969132,2.5758962309074054,0.0,0.0,AMBIGUOUS,,,,2.957453073480328,0.0001746007015213,355.0,0.3473213576329333,False,False,False,AMBIGUOUS
BH050,126,127,1.2700005769729614,0.4132908491640269,5809,3,5,-110.70173645019533,-120.28456115722656,0.0,103.38462301169756,112.97637765508944,8.553609929438705,0.0,0.0,AMBIGUOUS,,,,12.928380435080484,1.0486424789938225e-05,355.0,0.3182433173382801,False,False,False,AMBIGUOUS
BH050,126,127,1.2700005769729614,0.4132908491640269,8857,1,1,-105.23397064208984,-108.79935455322266,0.0,110.17254993855808,111.57628329576838,-0.262899002860645,0.0,0.0,AMBIGUOUS,,,,11.538276798729743,1.80178184151765e-05,355.0,0.3142993895655447,False,False,False,AMBIGUOUS
BH050,126,127,1.2700005769729614,0.4132908491640269,7318,1,1,-93.12176513671876,-96.4874267578125,0.0,104.34558648495798,107.25351835748008,2.903087802644584,0.0,0.0,AMBIGUOUS,,,,3.4278954045200973,0.0001329081633481,355.0,0.302122586922479,False,False,False,AMBIGUOUS
BH050,126,127,1.2700005769729614,0.4132908491640269,7687,4,5,-115.96151733398438,-118.20179748535156,0.0,108.3285527540094,110.41961974668423,2.0902573100944544,0.0,0.0,AMBIGUOUS,,,,2.2669105715244062,0.0004054995182088,355.0,0.311041182385026,False,False,False,AMBIGUOUS
BH050,126,127,1.2700005769729614,0.4132908491640269,6592,3,5,-113.01353454589844,-115.2850112915039,0.0,105.98910749663273,108.08130732445866,2.091747772145016,0.0,0.0,AMBIGUOUS,,,,2.308562125643215,0.0001666124413774,355.0,0.304454386829461,False,False,False,AMBIGUOUS
BH050,126,127,1.2700005769729614,0.4132908491640269,7690,1,1,-115.7620849609375,-117.97868347167967,0.0,106.76774138801872,108.7977812511744,2.030210080367007,0.0,0.0,AMBIGUOUS,,,,2.260617443158012,0.0001104392150758,355.0,0.3064726232427447,False,False,False,AMBIGUOUS
BH050,126,127,1.2700005769729614,0.4132908491640269,8803,2,1,-122.21533203125,-124.33868408203124,0.0,123.29908195969132,125.64289403402718,2.278285489966473,0.0,0.0,AMBIGUOUS,,,,3.25510209291162,9.936701206856345e-05,355.0,0.3539236451662737,False,False,False,AMBIGUOUS
BH050,127,128,1.2800005674362185,0.4213033594324992,5809,3,5,-120.28456115722656,-138.36734008789062,0.0,112.97637765508944,131.43189676435128,18.38322051470272,0.0,0.0,AMBIGUOUS,,,,18.338088985485104,1.2352006558586717e-05,355.0,0.3702306951108486,False,False,False,AMBIGUOUS
BH050,127,128,1.2800005674362185,0.4213033594324992,8857,1,1,-108.79935455322266,-114.22454833984376,0.0,111.57628329576838,115.8669358194836,4.255102038553591,0.0,0.0,AMBIGUOUS,,,,5.965336115209984,0.0001299865050905,355.0,0.3263857347027707,False,False,False,AMBIGUOUS
BH050,127,128,1.2800005674362185,0.4213033594324992,7318,1,1,-96.4874267578125,-97.79988098144533,0.0,107.25351835748008,109.56900891696276,2.30803718238435,0.0,0.0,AMBIGUOUS,,,,2.080342017366276,0.0004116054288901,355.0,0.3086450955407401,False,False,False,AMBIGUOUS
BH050,127,128,1.2800005674362185,0.4213033594324992,7687,4,5,-118.20179748535156,-120.55599975585938,0.0,110.41961974668423,112.6052529557116,2.1854493088546936,0.0,0.0,AMBIGUOUS,,,,2.385875344134074,0.0001492054198571,355.0,0.3171978956498918,False,False,False,AMBIGUOUS
BH050,127,128,1.2800005674362185,0.4213033594324992,6592,3,5,-115.2850112915039,-117.51366424560548,0.0,108.08130732445866,110.19506848128536,2.1131679347341024,0.0,0.0,AMBIGUOUS,,,,2.2461875431016023,0.000301620989939,355.0,0.3104086436092545,False,False,False,AMBIGUOUS
BH050,127,128,1.2800005674362185,0.4213033594324992,7690,1,1,-117.97868347167967,-120.4420166015625,0.0,108.7977812511744,111.04884686035491,2.251441244010455,0.0,0.0,AMBIGUOUS,,,,2.515978547254575,0.0001674673118678,355.0,0.3128136531277603,False,False,False,AMBIGUOUS
BH050,127,128,1.2800005674362185,0.4213033594324992,8803,2,1,-124.33868408203124,-127.49274444580078,0.0,125.64289403402718,128.06495500899302,2.3232969404545427,0.0,0.0,AMBIGUOUS,,,,4.201872009342579,0.0001154551932533,355.0,0.3607463521380085,False,False,False,AMBIGUOUS
BH050,128,129,1.290000557899475,0.4294950278073652,5809,3,5,-138.36734008789062,-192.0741424560547,0.0,131.43189676435128,179.4968925151364,47.08115349577184,0.0,0.0,AMBIGUOUS,,,,58.736886261162816,3.811525604747207e-06,355.0,0.5056250493384125,False,False,False,AMBIGUOUS
BH050,128,129,1.290000557899475,0.4294950278073652,8857,1,1,-114.22454833984376,-121.5181121826172,0.0,115.8669358194836,139.04315706715172,9.119168021503809,0.0,0.0,AMBIGUOUS,,,,36.03191596666354,2.0749803855751024e-05,355.0,0.3916708649778921,False,False,False,AMBIGUOUS
BH050,128,129,1.290000557899475,0.4294950278073652,7318,1,1,-97.79988098144533,-98.42890167236328,0.0,109.56900891696276,111.77074604919066,2.18339386363795,0.0,0.0,AMBIGUOUS,,,,2.5013350541932637,5.533847705745197e-05,355.0,0.3148471719695511,False,False,False,AMBIGUOUS
BH050,128,129,1.290000557899475,0.4294950278073652,7687,4,5,-120.55599975585938,-122.80428314208984,0.0,112.6052529557116,114.67035285817232,2.0653568734148804,0.0,0.0,AMBIGUOUS,,,,2.2889237571639365,0.0001504498939235,355.0,0.3230150784737248,False,False,False,AMBIGUOUS
BH050,128,129,1.290000557899475,0.4294950278073652,6592,3,5,-117.51366424560548,-119.86949920654295,0.0,110.19506848128536,112.38991056102748,2.1948542214464646,0.0,0.0,AMBIGUOUS,,,,2.389181091922858,2.634254947124513e-05,355.0,0.3165912973550069,False,False,False,AMBIGUOUS
BH050,128,129,1.290000557899475,0.4294950278073652,7690,1,1,-120.4420166015625,-122.78374481201172,0.0,111.04884686035491,113.16515884258344,2.115908016197164,0.0,0.0,AMBIGUOUS,,,,2.4064966464504,0.0002017953084118,355.0,0.3187750953312209,False,False,False,AMBIGUOUS
BH050,128,129,1.290000557899475,0.4294950278073652,8803,2,1,-127.49274444580078,-130.83071899414062,0.0,128.06495500899302,131.93601237607626,3.861904148211346,0.0,0.0,AMBIGUOUS,,,,3.5523516106603945,0.0003914768583626,355.0,0.3716507390875387,False,False,False,AMBIGUOUS
BH050,129,130,1.300000786781311,0.4378320984411908,5809,3,5,-192.0741424560547,-256.9281311035156,0.0,179.4968925151364,250.86153556940224,33.95445863545078,0.0,0.0,AMBIGUOUS,,,,96.82766696129376,6.57314804125979e-06,355.0,0.7066522128715556,False,False,False,AMBIGUOUS
BH050,129,130,1.300000786781311,0.4378320984411908,8857,1,1,-121.5181121826172,-146.20001220703125,0.0,139.04315706715172,149.61270841279273,7.950157704870328,0.0,0.0,AMBIGUOUS,,,,29.25238087329705,3.180099450189605e-05,355.0,0.4214442490501203,False,False,False,AMBIGUOUS
BH050,129,130,1.300000786781311,0.4378320984411908,7318,1,1,-98.42890167236328,-101.58843231201172,0.0,111.77074604919066,114.77492192338062,3.002305229808327,0.0,0.0,AMBIGUOUS,,,,3.162731465595768,0.0002534079489254,355.0,0.3233096392207905,False,False,False,AMBIGUOUS
BH050,129,130,1.300000786781311,0.4378320984411908,7687,4,5,-122.80428314208984,-125.14644622802734,0.0,114.67035285817232,116.86826240157092,2.197653648089984,0.0,0.0,AMBIGUOUS,,,,2.364441437353811,0.0001060838429993,355.0,0.3292063729621716,False,False,False,AMBIGUOUS
BH050,129,130,1.300000786781311,0.4378320984411908,6592,3,5,-119.86949920654295,-122.12364959716795,0.0,112.38991056102748,114.50200435149452,2.1120995941732,0.0,0.0,AMBIGUOUS,,,,2.276400691807711,1.6015574935101377e-05,355.0,0.3225408573281536,False,False,False,AMBIGUOUS
BH050,129,130,1.300000786781311,0.4378320984411908,7690,1,1,-122.78374481201172,-125.11856079101562,0.0,113.16515884258344,115.32781393376,2.16265346769202,0.0,0.0,AMBIGUOUS,,,,2.3682520319686917,4.284815604162511e-05,355.0,0.3248670815035493,False,False,False,AMBIGUOUS
BH050,129,130,1.300000786781311,0.4378320984411908,8803,2,1,-130.83071899414062,-137.48025512695312,0.0,131.93601237607626,137.25645189663183,5.295307035255765,0.0,0.0,AMBIGUOUS,,,,7.257700480095139,7.585897750084691e-05,355.0,0.3866378926665685,False,False,False,AMBIGUOUS
BH050,130,131,1.309999942779541,0.446264748243787,5809,3,5,-256.9281311035156,-322.1468200683594,0.0,250.86153556940224,298.4415007297474,41.580276482738725,0.0,0.0,AMBIGUOUS,,,,70.77058682960902,2.139834696383801e-05,355.0,0.8406802837457674,False,False,False,AMBIGUOUS
BH050,130,131,1.309999942779541,0.446264748243787,8857,1,1,-146.20001220703125,-202.27305603027344,0.0,149.61270841279273,198.3448768900564,46.95838314576347,0.0,0.0,AMBIGUOUS,,,,56.94131049618953,7.87930352203553e-06,355.0,0.5587179630705813,False,False,False,AMBIGUOUS
BH050,130,131,1.309999942779541,0.446264748243787,7318,1,1,-101.58843231201172,-100.4580535888672,1.1303787231445312,114.77492192338062,114.30779322895164,-0.4733054450505827,0.0,0.0,AMBIGUOUS,,,,1.6228785600788116,0.0001507215242617,355.0,0.3219937837435257,False,False,False,AMBIGUOUS
BH050,130,131,1.309999942779541,0.446264748243787,7687,4,5,-125.14644622802734,-127.4658432006836,0.0,116.86826240157092,119.02682660226944,2.158247112627435,0.0,0.0,AMBIGUOUS,,,,2.3486656982938703,0.0001424139668174,355.0,0.3352868354993505,False,False,False,AMBIGUOUS
BH050,130,131,1.309999942779541,0.446264748243787,6592,3,5,-122.12364959716795,-124.45413208007812,0.0,114.50200435149452,116.67421068832296,2.1727486252468107,0.0,0.0,AMBIGUOUS,,,,2.359593012802822,0.0002524090611595,355.0,0.3286597484178111,False,False,False,AMBIGUOUS
BH050,130,131,1.309999942779541,0.446264748243787,7690,1,1,-125.11856079101562,-127.3347625732422,0.0,115.32781393376,117.41236158760871,2.084608846516951,0.0,0.0,AMBIGUOUS,,,,2.23449220276456,5.5982090512661806e-05,355.0,0.3307390467256583,False,False,False,AMBIGUOUS
BH050,130,131,1.309999942779541,0.446264748243787,8803,2,1,-137.48025512695312,-142.6982421875,0.0,137.25645189663183,142.58454467623764,4.645630946829304,0.0,0.0,AMBIGUOUS,,,,9.430992379169938,2.3835240462956284e-05,355.0,0.4016466047217962,False,False,False,AMBIGUOUS
BH050,131,132,1.320000410079956,0.4546734120639981,5809,3,5,-322.1468200683594,-309.2479858398437,12.898834228515623,298.4415007297474,284.9207871955025,89.21418506152187,0.0005509830662049,0.0006898470602078,CONTINUED_PLASTIC_LOADING,,,,18.219665538672448,5.606156311207778,355.0,0.8025937667478944,False,False,False,CONTINUED_PLASTIC_LOADING_WITH_COMPONENT_DROP
BH050,131,132,1.320000410079956,0.4546734120639981,8857,1,1,-202.27305603027344,-247.80587768554688,0.0,198.3448768900564,240.97084086685007,42.58260203326019,0.0,0.0,AMBIGUOUS,,,,46.48657298203786,8.85212123542959e-06,355.0,0.6787911010333805,False,False,False,AMBIGUOUS
BH050,131,132,1.320000410079956,0.4546734120639981,7318,1,1,-100.4580535888672,-107.16919708251952,0.0,114.30779322895164,120.0535784170631,5.7232206421430565,0.0,0.0,AMBIGUOUS,,,,6.882908987858368,5.223019319894765e-05,355.0,0.3381790941325721,False,False,False,AMBIGUOUS
BH050,131,132,1.320000410079956,0.4546734120639981,7687,4,5,-127.4658432006836,-129.9066925048828,0.0,119.02682660226944,121.26810371426244,2.2424088223385983,0.0,0.0,AMBIGUOUS,,,,2.4859449173594634,0.0004838368222925,355.0,0.3416002921528519,False,False,False,AMBIGUOUS
BH050,131,132,1.320000410079956,0.4546734120639981,6592,3,5,-124.45413208007812,-126.85977172851562,0.0,116.67421068832296,118.91366431162078,2.2399414597058054,0.0,0.0,AMBIGUOUS,,,,2.4377288157081805,0.0002103464229666,355.0,0.3349680684834388,False,False,False,AMBIGUOUS
BH050,131,132,1.320000410079956,0.4546734120639981,7690,1,1,-127.3347625732422,-129.8624267578125,0.0,117.41236158760871,119.66967925158556,2.257417629691898,0.0,0.0,AMBIGUOUS,,,,2.6164222505997614,0.0001124142560294,355.0,0.3370976880326354,False,False,False,AMBIGUOUS
BH050,131,132,1.320000410079956,0.4546734120639981,8803,2,1,-142.6982421875,-148.4047393798828,0.0,142.58454467623764,147.8925184021258,3.960180181365154,0.0,0.0,AMBIGUOUS,,,,13.120664650365748,1.893367908360909e-05,355.0,0.4165986433862698,False,False,False,AMBIGUOUS
BH050,132,133,1.3300002813339231,0.4630398094700846,5809,3,5,-309.2479858398437,-290.8021850585937,18.44580078125,284.9207871955025,353.88359026539496,136.5036074284071,0.0007377075380645,0.0009266779340567,CONTINUED_PLASTIC_LOADING_WITH_COMPONENT_DROP,,,,119.85722240805474,1.1321109092188668,355.0,0.996855183846183,True,False,False,CONTINUED_PLASTIC_LOADING_WITH_COMPONENT_DROP
BH050,132,133,1.3300002813339231,0.4630398094700846,8857,1,1,-247.80587768554688,-275.62371826171875,0.0,240.97084086685007,263.25177280440795,12.947829943907628,0.0,0.0,AMBIGUOUS,,,,47.85760556873154,1.718469791379768e-05,355.0,0.7415542895898816,False,False,False,AMBIGUOUS
BH050,132,133,1.3300002813339231,0.4630398094700846,7318,1,1,-107.16919708251952,-106.30884552001952,0.8603515625,120.0535784170631,121.46876764638,1.3746457660715323,0.0,0.0,AMBIGUOUS,,,,3.530063885933756,5.165833178286678e-05,355.0,0.3421655426658591,False,False,False,AMBIGUOUS
BH050,132,133,1.3300002813339231,0.4630398094700846,7687,4,5,-129.9066925048828,-132.3859405517578,0.0,121.26810371426244,123.5392469948814,2.271296939598149,0.0,0.0,AMBIGUOUS,,,,2.527587714093382,0.0001164313582676,355.0,0.3479978788588208,False,False,False,AMBIGUOUS
BH050,132,133,1.3300002813339231,0.4630398094700846,6592,3,5,-126.85977172851562,-128.82984924316406,0.0,118.91366431162078,120.72718479886278,1.8135046739954663,0.0,0.0,AMBIGUOUS,,,,2.004304560692435,0.0001034275412539,355.0,0.340076576898205,False,False,False,AMBIGUOUS
BH050,132,133,1.3300002813339231,0.4630398094700846,7690,1,1,-129.8624267578125,-132.1068878173828,0.0,119.66967925158556,121.7443022036124,2.0749349407125623,0.0,0.0,AMBIGUOUS,,,,2.279152578006894,0.0001838348786796,355.0,0.342941696348204,False,False,False,AMBIGUOUS
BH050,132,133,1.3300002813339231,0.4630398094700846,8803,2,1,-148.4047393798828,-151.9192657470703,0.0,147.8925184021258,151.9677336992242,3.929183892866257,0.0,0.0,AMBIGUOUS,,,,5.409348716037671,2.407231155516191e-05,355.0,0.4280781230964062,False,False,False,AMBIGUOUS
BH050,133,134,1.340001106262207,0.4714467417278568,5809,3,5,-290.8021850585937,-322.39892578125,0.0,353.88359026539496,301.4033730871652,46.82040964115104,0.0006932145915925,0.0008961860251438,CONTINUED_PLASTIC_LOADING,,,,111.3393770186977,1.0826379741444474,355.0,0.8490235861610288,True,False,False,CONTINUED_PLASTIC_LOADING
BH050,133,134,1.340001106262207,0.4714467417278568,8857,1,1,-275.62371826171875,-293.1572265625,0.0,263.25177280440795,279.5165892421086,16.23724161736371,0.0,0.0,AMBIGUOUS,,,,17.719546453028823,0.000129549579089,355.0,0.7873706739214327,False,False,False,AMBIGUOUS
BH050,133,134,1.340001106262207,0.4714467417278568,7318,1,1,-106.30884552001952,-109.26530456542967,0.0,121.46876764638,124.63081072485004,3.1610810751402125,0.0,0.0,AMBIGUOUS,,,,2.987951599972879,0.0002968309238822,355.0,0.3510727062671832,False,False,False,AMBIGUOUS
BH050,133,134,1.340001106262207,0.4714467417278568,7687,4,5,-132.3859405517578,-134.78953552246094,0.0,123.5392469948814,125.84596516843988,2.3064497314041588,0.0,0.0,AMBIGUOUS,,,,2.4114911951187072,6.504951644830835e-05,355.0,0.3544956765308165,False,False,False,AMBIGUOUS
BH050,133,134,1.340001106262207,0.4714467417278568,6592,3,5,-128.82984924316406,-131.4640655517578,0.0,120.72718479886278,123.17556184397456,2.447860506833731,0.0,0.0,AMBIGUOUS,,,,2.669615819408289,0.0001880430098501,355.0,0.3469734136449988,False,False,False,AMBIGUOUS
BH050,133,134,1.340001106262207,0.4714467417278568,7690,1,1,-132.1068878173828,-134.74530029296875,0.0,121.7443022036124,124.14939926446436,2.4056555430043827,0.0,0.0,AMBIGUOUS,,,,2.6984448131352035,0.0002139927540566,355.0,0.3497166176463785,False,False,False,AMBIGUOUS
BH050,133,134,1.340001106262207,0.4714467417278568,8803,2,1,-151.9192657470703,-156.5504608154297,0.0,151.9677336992242,155.9719371550946,3.903481965751857,0.0,0.0,AMBIGUOUS,,,,6.112174171509487,5.92506726968461e-06,355.0,0.4393575694509707,False,False,False,AMBIGUOUS
BH050,134,135,1.3500007390975952,0.4798425486830649,5809,3,5,-322.39892578125,-334.984375,0.0,301.4033730871652,322.2977468756704,139.5067900313916,0.0007625450380146,0.0009564731262803,CONTINUED_PLASTIC_LOADING,,,,71.79903583677378,1.945867610043842,355.0,0.9078809771145644,True,False,False,CONTINUED_PLASTIC_LOADING
BH050,134,135,1.3500007390975952,0.4798425486830649,8857,1,1,-293.1572265625,-305.7442932128906,0.0,279.5165892421086,290.13885480680847,10.60394638025737,0.0,0.0,AMBIGUOUS,,,,13.35885351706134,8.368824535447704e-05,355.0,0.8172925487515732,False,False,False,AMBIGUOUS
BH050,134,135,1.3500007390975952,0.4798425486830649,7318,1,1,-109.26530456542967,-106.09381103515624,3.171493530273437,124.63081072485004,122.82067802119388,-1.830328411837625,0.0,0.0,AMBIGUOUS,,,,3.842536924951664,0.0001392235813552,355.0,0.3459737409047715,False,False,False,AMBIGUOUS
BH050,134,135,1.3500007390975952,0.4798425486830649,7687,4,5,-134.78953552246094,-137.15335083007812,0.0,125.84596516843988,128.0282892225215,2.1814646160609645,0.0,0.0,AMBIGUOUS,,,,2.401489829895726,0.000355583962381,355.0,0.3606430682324549,False,False,False,AMBIGUOUS
BH050,134,135,1.3500007390975952,0.4798425486830649,6592,3,5,-131.4640655517578,-134.31150817871094,0.0,123.17556184397456,125.73166689543366,2.5553947186983885,0.0,0.0,AMBIGUOUS,,,,2.9330239571737247,0.0001345460173626,355.0,0.3541737095646018,False,False,False,AMBIGUOUS
BH050,134,135,1.3500007390975952,0.4798425486830649,7690,1,1,-134.74530029296875,-137.18431091308594,0.0,124.14939926446436,126.35759250898796,2.2076702072633543,0.0,0.0,AMBIGUOUS,,,,2.503314593964045,0.0002006963672274,355.0,0.3559368803070084,False,False,False,AMBIGUOUS
BH050,134,135,1.3500007390975952,0.4798425486830649,8803,2,1,-156.5504608154297,-161.50454711914062,0.0,155.9719371550946,159.95314992384368,3.664586979104236,0.0,0.0,AMBIGUOUS,,,,8.895844551741748,6.166075307946508e-05,355.0,0.4505722533066019,False,False,False,AMBIGUOUS
BH050,135,136,1.3600012063980105,0.4882214768195617,5809,3,5,-334.984375,-328.87506103515625,6.10931396484375,322.2977468756704,320.60903149129814,170.77158593144878,0.0011728992685675,0.0011927996368712,CONTINUED_PLASTIC_LOADING,,,,21.11213168646746,9.447038612515849,355.0,0.903124032369854,True,False,False,CONTINUED_PLASTIC_LOADING_WITH_COMPONENT_DROP
BH050,135,136,1.3600012063980105,0.4882214768195617,8857,1,1,-305.7442932128906,-315.411865234375,0.0,290.13885480680847,298.9655203349728,6.527832923306184,0.0,0.0,AMBIGUOUS,,,,23.120213673502416,4.518195345391829e-05,355.0,0.8421563953097825,False,False,False,AMBIGUOUS
BH050,135,136,1.3600012063980105,0.4882214768195617,7318,1,1,-106.09381103515624,-113.0328140258789,0.0,122.82067802119388,128.73096232650948,5.88787241071648,0.0,0.0,AMBIGUOUS,,,,7.081721760541474,5.485625859737709e-05,355.0,0.3626224290887591,False,False,False,AMBIGUOUS
BH050,135,136,1.3600012063980105,0.4882214768195617,7687,4,5,-137.15335083007812,-139.5781707763672,0.0,128.0282892225215,130.24134249648424,2.2119506989924136,0.0,0.0,AMBIGUOUS,,,,2.476304790771075,0.0004016232225285,355.0,0.366877021116857,False,False,False,AMBIGUOUS
BH050,135,136,1.3600012063980105,0.4882214768195617,6592,3,5,-134.31150817871094,-135.64205932617188,0.0,125.73166689543366,126.9649400097495,1.232313198271079,0.0,0.0,AMBIGUOUS,,,,1.354869903741169,0.0003251150218852,355.0,0.3576477183373225,False,False,False,AMBIGUOUS
BH050,135,136,1.3600012063980105,0.4882214768195617,7690,1,1,-137.18431091308594,-139.66329956054688,0.0,126.35759250898796,128.64970570102898,2.2924261815585028,0.0,0.0,AMBIGUOUS,,,,2.519157427174061,0.0001319814989124,355.0,0.3623935371859971,False,False,False,AMBIGUOUS
BH050,135,136,1.3600012063980105,0.4882214768195617,8803,2,1,-161.50454711914062,-165.41526794433594,0.0,159.95314992384368,166.02539651182553,5.533726843662373,0.0,0.0,AMBIGUOUS,,,,10.45571239295956,9.002443988133544e-05,355.0,0.467677173272748,False,False,False,AMBIGUOUS
BH050,136,137,1.3700004816055298,0.4969745898131789,5809,3,5,-328.87506103515625,-343.0364990234375,0.0,320.60903149129814,325.3670503311234,77.31898409198686,0.0004855245351791,0.0004767672161567,CONTINUED_PLASTIC_LOADING,,,,54.08520906908743,1.6093573305947229,355.0,0.9165269023411926,True,False,False,CONTINUED_PLASTIC_LOADING
BH050,136,137,1.3700004816055298,0.4969745898131789,8857,1,1,-315.411865234375,-343.78466796875,0.0,298.9655203349728,334.720919342104,29.073509384434573,0.0,0.0,AMBIGUOUS,,,,48.63197034961952,2.508421273889037e-05,355.0,0.9428758291326874,False,False,False,AMBIGUOUS
BH050,136,137,1.3700004816055298,0.4969745898131789,7318,1,1,-113.0328140258789,-112.6215591430664,0.4112548828125,128.73096232650948,130.6309344272111,1.865980349648796,0.0,0.0,AMBIGUOUS,,,,3.4316919304218976,0.0003520026957991,355.0,0.3679744631752425,False,False,False,AMBIGUOUS
BH050,136,137,1.3700004816055298,0.4969745898131789,7687,4,5,-139.5781707763672,-141.57220458984375,0.0,130.24134249648424,132.21952791222364,1.977835604252285,0.0,0.0,AMBIGUOUS,,,,1.9991233019993704,0.0001255622519815,355.0,0.37244937440063,False,False,False,AMBIGUOUS
BH050,136,137,1.3700004816055298,0.4969745898131789,6592,3,5,-135.64205932617188,-138.9131317138672,0.0,126.9649400097495,130.04492371885226,3.079050062030628,0.0,0.0,AMBIGUOUS,,,,3.329185796266565,1.4946045297078665e-05,355.0,0.3663237287854993,False,False,False,AMBIGUOUS
BH050,136,137,1.3700004816055298,0.4969745898131789,7690,1,1,-139.66329956054688,-142.22503662109375,0.0,128.64970570102898,131.05980867786184,2.410029235805784,0.0,0.0,AMBIGUOUS,,,,2.5847456706914924,5.105006194404264e-05,355.0,0.3691825596559488,False,False,False,AMBIGUOUS
BH050,136,137,1.3700004816055298,0.4969745898131789,8803,2,1,-165.41526794433594,-169.65187072753906,0.0,166.02539651182553,170.84697014676422,4.519921181894885,0.0,0.0,AMBIGUOUS,,,,7.561437613671947,3.081073428594977e-05,355.0,0.4812590708359555,False,False,False,AMBIGUOUS
BH050,137,138,1.380000352859497,0.5051913644197266,5809,3,5,-343.0364990234375,-332.4789123535156,10.557586669921877,325.3670503311234,310.3323305704189,101.4961278602062,0.0006453623063862,0.0006169065393167,CONTINUED_PLASTIC_LOADING,,,,22.436034620192483,5.097904382465896,355.0,0.8741755790716025,True,False,False,CONTINUED_PLASTIC_LOADING_WITH_COMPONENT_DROP
BH050,137,138,1.380000352859497,0.5051913644197266,8857,1,1,-343.78466796875,-365.8600463867188,0.0,334.720919342104,348.1045989122719,-1.2083982491474077,7.719559653196484e-05,8.645142891274801e-05,CONTINUED_PLASTIC_LOADING,,,,85.71844180710106,0.1764172374964863,355.0,0.9805763349641462,False,False,False,CONTINUED_PLASTIC_LOADING
BH050,137,138,1.380000352859497,0.5051913644197266,7318,1,1,-112.6215591430664,-116.1782455444336,0.0,130.6309344272111,134.6649378960879,4.0331702049295695,0.0,0.0,AMBIGUOUS,,,,3.667630951298414,7.320412975542453e-05,355.0,0.3793378532284166,False,False,False,AMBIGUOUS
BH050,137,138,1.380000352859497,0.5051913644197266,7687,4,5,-141.57220458984375,-144.59434509277344,0.0,132.21952791222364,135.29614429337346,3.067170809758273,0.0,0.0,AMBIGUOUS,,,,3.1356467783017075,0.0001802347368078,355.0,0.3811158994179534,False,False,False,AMBIGUOUS
BH050,137,138,1.380000352859497,0.5051913644197266,6592,3,5,-138.9131317138672,-140.85154724121094,0.0,130.04492371885226,131.9151048738636,1.8685590567311123,0.0,0.0,AMBIGUOUS,,,,1.9667622013215127,0.0001410093032637,355.0,0.3715918447151087,False,False,False,AMBIGUOUS
BH050,137,138,1.380000352859497,0.5051913644197266,7690,1,1,-142.22503662109375,-144.292724609375,0.0,131.05980867786184,133.30722956434272,2.2410827575000183,0.0,0.0,AMBIGUOUS,,,,2.207915326529619,0.0002537676327419,355.0,0.3755133227164584,False,False,False,AMBIGUOUS
BH050,137,138,1.380000352859497,0.5051913644197266,8803,2,1,-169.65187072753906,-174.2794189453125,0.0,170.84697014676422,174.34404092305508,3.4857815629034503,0.0,0.0,AMBIGUOUS,,,,5.152697763389433,3.578781102175383e-05,355.0,0.491109974431141,False,False,False,AMBIGUOUS
BH050,138,139,1.390000820159912,0.5133910970416963,5809,3,5,-332.4789123535156,-344.3607482910156,0.0,310.3323305704189,317.7060517203713,103.3194549529758,0.0005367584526538,0.0005005576719509,CONTINUED_PLASTIC_LOADING,,,,17.87251439819902,5.314232901269261,355.0,0.8949466245644262,True,False,False,CONTINUED_PLASTIC_LOADING
BH050,138,139,1.390000820159912,0.5133910970416963,8857,1,1,-365.8600463867188,-369.5549621582031,0.0,348.1045989122719,342.4841107126085,21.61359720259631,0.0001777691213646,0.000196490346506,CONTINUED_PLASTIC_LOADING,,,,37.46586373482638,0.9323031168967508,355.0,0.964743973838334,True,False,False,CONTINUED_PLASTIC_LOADING
BH050,138,139,1.390000820159912,0.5133910970416963,7318,1,1,-116.1782455444336,-113.97122192382812,2.2070236206054688,134.6649378960879,133.7951527714554,-0.8852594561865801,0.0,0.0,AMBIGUOUS,,,,3.057848336681666,0.000317593665218,355.0,0.3768877542857898,False,False,False,AMBIGUOUS
BH050,138,139,1.390000820159912,0.5133910970416963,7687,4,5,-144.59434509277344,-146.8756561279297,0.0,135.29614429337346,137.4396446007759,2.144218679574027,0.0,0.0,AMBIGUOUS,,,,2.303363703434959,0.0003592845574078,355.0,0.3871539284528898,False,False,False,AMBIGUOUS
BH050,138,139,1.390000820159912,0.5133910970416963,6592,3,5,-140.85154724121094,-143.5170135498047,0.0,131.9151048738636,134.43352155131248,2.5186034714228964,0.0,0.0,AMBIGUOUS,,,,2.6904301594354303,9.226933916627424e-05,355.0,0.3786859762008802,False,False,False,AMBIGUOUS
BH050,138,139,1.390000820159912,0.5133910970416963,7690,1,1,-144.292724609375,-148.53126525878906,0.0,133.30722956434272,137.08141368685511,3.770887451719019,0.0,0.0,AMBIGUOUS,,,,4.407299274826884,0.000215251237027,355.0,0.3861448272869158,False,False,False,AMBIGUOUS
BH050,138,139,1.390000820159912,0.5133910970416963,8803,2,1,-174.2794189453125,-179.5357666015625,0.0,174.34404092305508,177.55996183948375,3.17148520817258,0.0,0.0,AMBIGUOUS,,,,6.450571423243842,3.155036926769239e-05,355.0,0.500168906590095,False,False,False,AMBIGUOUS
BH050,139,140,1.4000012874603271,0.5219179670392209,5809,3,5,-344.3607482910156,-334.6649169921875,9.695831298828123,317.7060517203713,311.34002625444083,89.99862246951228,0.0006145127117633,0.0005889519199503,CONTINUED_PLASTIC_LOADING,,,,48.00591032964172,2.291124747908793,355.0,0.8770141584632136,True,False,False,CONTINUED_PLASTIC_LOADING_WITH_COMPONENT_DROP
BH050,139,140,1.4000012874603271,0.5219179670392209,8857,1,1,-369.5549621582031,-375.2628784179688,0.0,342.4841107126085,346.848293742858,36.53807915490373,0.0001644765143282,0.000180748827752,CONTINUED_PLASTIC_LOADING,,,,7.89034731422107,4.1011022539499,355.0,0.9770374471629802,True,False,False,CONTINUED_PLASTIC_LOADING
BH050,139,140,1.4000012874603271,0.5219179670392209,7318,1,1,-113.97122192382812,-112.9940948486328,0.9771270751953124,133.7951527714554,134.34225924418317,0.5343403205205797,0.0,0.0,AMBIGUOUS,,,,2.3950811542025194,8.995775875087033e-05,355.0,0.3784288992793892,False,False,False,AMBIGUOUS
BH050,139,140,1.4000012874603271,0.5219179670392209,7687,4,5,-146.8756561279297,-150.43524169921875,0.0,137.4396446007759,140.6511915829859,3.2114922435625592,0.0,0.0,AMBIGUOUS,,,,3.656067323464175,6.761588566282027e-05,355.0,0.3962005396703827,False,False,False,AMBIGUOUS
BH050,139,140,1.4000012874603271,0.5219179670392209,6592,3,5,-143.5170135498047,-145.14273071289062,0.0,134.43352155131248,135.97402655241711,1.5394241086799652,0.0,0.0,AMBIGUOUS,,,,1.6353157114652888,0.0006214451566238,355.0,0.3830254269082172,False,False,False,AMBIGUOUS
BH050,139,140,1.4000012874603271,0.5219179670392209,7690,1,1,-148.53126525878906,-154.59909057617188,0.0,137.08141368685511,142.56822318761667,5.480213809440992,0.0,0.0,AMBIGUOUS,,,,6.276058996960125,3.108401661476607e-05,355.0,0.4016006286975117,False,False,False,AMBIGUOUS
BH050,139,140,1.4000012874603271,0.5219179670392209,8803,2,1,-179.5357666015625,-181.9375915527344,0.0,177.55996183948375,181.91927272294905,4.290988240060379,0.0,0.0,AMBIGUOUS,,,,5.445250505957049,8.197270123639147e-05,355.0,0.512448655557603,False,False,False,AMBIGUOUS
BH050,140,141,1.4100008010864258,0.5307153048622562,5809,3,5,-334.6649169921875,-345.8311767578125,0.0,311.34002625444083,328.2569293245217,97.90220521539835,0.0005045970901846,0.0004401122636653,CONTINUED_PLASTIC_LOADING,,,,26.419141067843,3.326958112867444,355.0,0.9246674065479484,True,False,False,CONTINUED_PLASTIC_LOADING
BH050,140,141,1.4100008010864258,0.5307153048622562,8857,1,1,-375.2628784179688,-370.125732421875,5.13714599609375,346.848293742858,347.8818921287053,48.125178081803,0.0002732902939897,0.0003011196615759,CONTINUED_PLASTIC_LOADING,,,,36.20223734927246,1.4822303405320558,355.0,0.979948991911846,True,False,False,CONTINUED_PLASTIC_LOADING_WITH_COMPONENT_DROP
BH050,140,141,1.4100008010864258,0.5307153048622562,7318,1,1,-112.9940948486328,-113.1759796142578,0.0,134.34225924418317,137.23059116949094,2.854181290190822,0.0,0.0,AMBIGUOUS,,,,3.804019293748501,8.387463410335934e-05,355.0,0.3865650455478618,False,False,False,AMBIGUOUS
BH050,140,141,1.4100008010864258,0.5307153048622562,7687,4,5,-150.43524169921875,-153.454345703125,0.0,140.6511915829859,143.7808095447079,3.127912950856344,0.0,0.0,AMBIGUOUS,,,,3.043985869803443,0.0001401314075106,355.0,0.4050163649146701,False,False,False,AMBIGUOUS
BH050,140,141,1.4100008010864258,0.5307153048622562,6592,3,5,-145.14273071289062,-148.6687469482422,0.0,135.97402655241711,139.16450281184066,3.1908922502398847,0.0,0.0,AMBIGUOUS,,,,3.6207918142662594,0.0001984951977214,355.0,0.3920126839770159,False,False,False,AMBIGUOUS
BH050,140,141,1.4100008010864258,0.5307153048622562,7690,1,1,-154.59909057617188,-154.54580688476562,0.05328369140625,142.56822318761667,144.21819569612046,1.571442778024839,0.0,0.0,AMBIGUOUS,,,,4.829290354288855,0.0001136112568935,355.0,0.406248438580621,False,False,False,AMBIGUOUS
BH050,140,141,1.4100008010864258,0.5307153048622562,8803,2,1,-181.9375915527344,-189.4215087890625,0.0,181.91927272294905,186.4729382339709,4.462859763290378,0.0,0.0,AMBIGUOUS,,,,10.056906596271093,3.259440768971337e-05,355.0,0.5252758823492139,False,False,False,AMBIGUOUS
BH050,141,142,1.4199999570846558,0.5397349956606519,5809,3,5,-345.8311767578125,-363.5628662109375,0.0,328.2569293245217,344.274087609276,33.15099535773242,0.0004816739819943,0.0004297822664512,CONTINUED_PLASTIC_LOADING,,,,118.2712303151336,0.7242394079475533,355.0,0.9697861622796508,True,False,False,CONTINUED_PLASTIC_LOADING
BH050,141,142,1.4199999570846558,0.5397349956606519,8857,1,1,-370.125732421875,-380.2298583984375,0.0,347.8818921287053,345.8550693071854,43.43640483139709,0.0002683801576495,0.0002941599949747,CONTINUED_PLASTIC_LOADING,,,,30.729146055637155,1.715154139980522,355.0,0.9742396318512264,True,False,False,CONTINUED_PLASTIC_LOADING
BH050,141,142,1.4199999570846558,0.5397349956606519,7318,1,1,-113.1759796142578,-117.94638061523438,0.0,137.23059116949094,142.26170180687657,5.023432949092854,0.0,0.0,AMBIGUOUS,,,,4.888478432552554,1.6165181756766212e-05,355.0,0.4007371881883847,False,False,False,AMBIGUOUS
BH050,141,142,1.4199999570846558,0.5397349956606519,7687,4,5,-153.454345703125,-157.03236389160156,0.0,143.7808095447079,147.11225658804386,3.3251553327355934,0.0,0.0,AMBIGUOUS,,,,3.6995473342331993,0.0001405406162581,355.0,0.4144007227832221,False,False,False,AMBIGUOUS
BH050,141,142,1.4199999570846558,0.5397349956606519,6592,3,5,-148.6687469482422,-150.9501190185547,0.0,139.16450281184066,141.4296590544698,2.264290964160909,0.0,0.0,AMBIGUOUS,,,,2.288828327698905,0.0001701010747654,355.0,0.3983934057872388,False,False,False,AMBIGUOUS
BH050,141,142,1.4199999570846558,0.5397349956606519,7690,1,1,-154.54580688476562,-158.26513671875,0.0,144.21819569612046,147.51808965439238,3.298700353851236,0.0,0.0,AMBIGUOUS,,,,3.865739561149344,8.535739669955479e-05,355.0,0.4155439145194152,False,False,False,AMBIGUOUS
BH050,141,142,1.4199999570846558,0.5397349956606519,8803,2,1,-189.4215087890625,-193.5730133056641,0.0,186.4729382339709,189.99957034964987,3.4108608840991352,0.0,0.0,AMBIGUOUS,,,,5.439721921864026,6.436254132388756e-05,355.0,0.5352100573229573,False,False,False,AMBIGUOUS
BH050,142,143,1.430000901222229,0.5486384486538957,5809,3,5,-363.5628662109375,-303.3723449707031,60.190521240234375,344.274087609276,285.3184115367418,119.0992169330581,0.0014337636530399,0.0012023047862096,CONTINUED_PLASTIC_LOADING_WITH_COMPONENT_DROP,,,,112.75314682136371,2.0545659024201006,355.0,0.8037138353147656,True,False,False,CONTINUED_PLASTIC_LOADING_WITH_COMPONENT_DROP
BH050,142,143,1.430000901222229,0.5486384486538957,8857,1,1,-380.2298583984375,-385.7711181640625,0.0,345.8550693071854,353.1827911942074,37.33632535148391,0.0002680604229681,0.0002914731972876,CONTINUED_PLASTIC_LOADING,,,,64.7741042774143,0.8130944005175076,355.0,0.9948811019555138,True,False,False,CONTINUED_PLASTIC_LOADING
BH050,142,143,1.430000901222229,0.5486384486538957,7318,1,1,-117.94638061523438,-126.35385131835938,0.0,142.26170180687657,147.86876448712906,5.528436623296657,0.0,0.0,AMBIGUOUS,,,,9.165541433172686,1.1380044922775258e-05,355.0,0.4165317309496593,False,False,False,AMBIGUOUS
BH050,142,143,1.430000901222229,0.5486384486538957,7687,4,5,-157.03236389160156,-161.6807861328125,0.0,147.11225658804386,151.1901301375974,4.0753310586696365,0.0,0.0,AMBIGUOUS,,,,4.853703797641963,0.0001705910727194,355.0,0.4258876905284434,False,False,False,AMBIGUOUS
BH050,142,143,1.430000901222229,0.5486384486538957,6592,3,5,-150.9501190185547,-153.02545166015625,0.0,141.4296590544698,143.3160164671028,1.8864923185930724,0.0,0.0,AMBIGUOUS,,,,2.13316313282986,0.0001638187988345,355.0,0.4037070886397262,False,False,False,AMBIGUOUS
BH050,142,143,1.430000901222229,0.5486384486538957,7690,1,1,-158.26513671875,-158.80223083496094,0.0,147.51808965439238,147.4009042040681,-0.1345126524568598,0.0,0.0,AMBIGUOUS,,,,2.0380239366235933,0.0002906290778406,355.0,0.4152138146593467,False,False,False,AMBIGUOUS
